species,observation_id,observation_url,photo_id,photo_url_original,licence,attribution,observer_login,observer_name,observed_on,place_guess,quality_grade,obscured,latitude,longitude,width,height,downloaded,file,size_obtained
Cyrtosperma merkusii,216994,https://www.inaturalist.org/observations/216994,273699,https://inaturalist-open-data.s3.amazonaws.com/photos/273699/original.jpg,cc-by-nc,"(c) John Tasirin, some rights reserved (CC BY-NC)",johntasirin,John Tasirin,2012-07-14,"Kepulauan Sangihe Talaud, ID-SW, ID",casual,False,3.4407706139,125.5644607544,600,600,yes,merkusii/inat-216994-273699-johntasirin.jpg,original
Cyrtosperma merkusii,216994,https://www.inaturalist.org/observations/216994,273700,https://inaturalist-open-data.s3.amazonaws.com/photos/273700/original.jpg,cc-by-nc,"(c) John Tasirin, some rights reserved (CC BY-NC)",johntasirin,John Tasirin,2012-07-14,"Kepulauan Sangihe Talaud, ID-SW, ID",casual,False,3.4407706139,125.5644607544,600,600,yes,merkusii/inat-216994-273700-johntasirin.jpg,original
Cyrtosperma,550062,https://www.inaturalist.org/observations/550062,702084,https://inaturalist-open-data.s3.amazonaws.com/photos/702084/original.JPG,cc-by-nc-sa,"(c) 106611639464075912591, some rights reserved (CC BY-NC-SA)",techieoldfox,Jonathan Hiew,2014-01-03,"botanic garden, singapore",casual,False,1.315916,103.815275,384,512,yes,sp/inat-550062-702084-techieoldfox.jpg,original
Cyrtosperma johnstonii,551907,https://www.inaturalist.org/observations/551907,704018,https://inaturalist-open-data.s3.amazonaws.com/photos/704018/original.jpg,cc-by-nc-sa,"(c) 106611639464075912591, some rights reserved (CC BY-NC-SA)",techieoldfox,Jonathan Hiew,2013-12-24,Singapore,casual,False,1.316047,103.8174,386,512,yes,johnstonii/inat-551907-704018-techieoldfox.jpg,original
Cyrtosperma johnstonii,565656,https://www.inaturalist.org/observations/565656,719197,https://inaturalist-open-data.s3.amazonaws.com/photos/719197/original.jpg,cc-by-nc-sa,"(c) 106611639464075912591, some rights reserved (CC BY-NC-SA)",techieoldfox,Jonathan Hiew,2013-09-06,Singapore,research,False,1.279517,103.797933,386,512,yes,johnstonii/inat-565656-719197-techieoldfox.jpg,original
Cyrtosperma johnstonii,2369912,https://www.inaturalist.org/observations/2369912,2638902,https://inaturalist-open-data.s3.amazonaws.com/photos/2638902/original.jpg,cc-by-nc-sa,"(c) Jonathan Hiew, some rights reserved (CC BY-NC-SA)",techieoldfox,Jonathan Hiew,2015-11-03,Singapore,casual,False,1.316108,103.8173599,384,512,yes,johnstonii/inat-2369912-2638902-techieoldfox.jpg,original
Cyrtosperma merkusii,5783253,https://www.inaturalist.org/observations/5783253,7184437,https://inaturalist-open-data.s3.amazonaws.com/photos/7184437/original.jpeg,cc-by-nc,"(c) Adeline Hii, some rights reserved (CC BY-NC)",adelinehii,Adeline Hii,2017-04-16,"Jalan Setia Raja, 93350 Kuching, Sarawak, Malaysia",research,False,1.5196399,110.3889459,2048,1371,yes,merkusii/inat-5783253-7184437-adelinehii.jpg,original
Cyrtosperma merkusii,8395215,https://www.inaturalist.org/observations/8395215,11168344,https://inaturalist-open-data.s3.amazonaws.com/photos/11168344/original.jpg,cc0,no rights reserved,pjd1,Peter de Lange,2017-09-29,"Cook Islands, Rarotonga, Avana Stream Walk, Avana Stream",research,False,-21.24899,-159.760891,1536,2048,yes,merkusii/inat-8395215-11168344-pjd1.jpg,original
Cyrtosperma merkusii,8395215,https://www.inaturalist.org/observations/8395215,11169219,https://inaturalist-open-data.s3.amazonaws.com/photos/11169219/original.jpg,cc0,no rights reserved,pjd1,Peter de Lange,2017-09-29,"Cook Islands, Rarotonga, Avana Stream Walk, Avana Stream",research,False,-21.24899,-159.760891,2048,1536,yes,merkusii/inat-8395215-11169219-pjd1.jpg,original
Cyrtosperma merkusii,8395215,https://www.inaturalist.org/observations/8395215,11169220,https://inaturalist-open-data.s3.amazonaws.com/photos/11169220/original.jpg,cc0,no rights reserved,pjd1,Peter de Lange,2017-09-29,"Cook Islands, Rarotonga, Avana Stream Walk, Avana Stream",research,False,-21.24899,-159.760891,1536,2048,yes,merkusii/inat-8395215-11169220-pjd1.jpg,original
Cyrtosperma merkusii,14827766,https://www.inaturalist.org/observations/14827766,22133378,https://static.inaturalist.org/photos/22133378/original.jpeg,all rights reserved,"(c) Sz-yi Tsai, all rights reserved",enfantterri,Sz-yi Tsai,2017-07-14,Kiribati,casual,False,1.8104660147,173.0290527861,1536,2048,yes,merkusii/inat-14827766-22133378-enfantterri.jpg,original
Cyrtosperma merkusii,15288793,https://www.inaturalist.org/observations/15288793,22885366,https://static.inaturalist.org/photos/22885366/original.jpg,all rights reserved,"(c) chriscacciapaglia, all rights reserved",chriscacciapaglia,,2018-06-30,"Kusaie, , Micronesia, FM",research,False,5.3338083333,162.9745633333,1536,2048,yes,merkusii/inat-15288793-22885366-chriscacciapaglia.jpg,original
Cyrtosperma merkusii,15881946,https://www.inaturalist.org/observations/15881946,23750843,https://inaturalist-open-data.s3.amazonaws.com/photos/23750843/original.jpg,cc-by,"(c) Greg III Espera, some rights reserved (CC BY)",greg3ph,Greg III Espera,2018-08-25,"Montevista, PH-CL, PH",research,False,7.6838119235,125.9898195417,1536,2048,yes,merkusii/inat-15881946-23750843-greg3ph.jpg,original
Cyrtosperma merkusii,17931634,https://www.inaturalist.org/observations/17931634,27396635,https://static.inaturalist.org/photos/27396635/original.jpg,all rights reserved,"(c) Hannah Tzeng, all rights reserved",holaa,Hannah Tzeng,2018-05-26,"As Teo Drive, , MP, MP",research,False,15.1930966667,145.7622533333,1536,2048,yes,merkusii/inat-17931634-27396635-holaa.jpg,original
Cyrtosperma merkusii,18588975,https://www.inaturalist.org/observations/18588975,28446261,https://inaturalist-open-data.s3.amazonaws.com/photos/28446261/original.jpg,cc-by,"(c) Ryan McMinds, some rights reserved (CC BY)",rmcminds,Ryan McMinds,2018-01-11,"Oikuul, Ngatpang, Palau",research,False,7.50464,134.546066,2048,1365,yes,merkusii/inat-18588975-28446261-rmcminds.jpg,original
Cyrtosperma cuspidispathum,30462449,https://www.inaturalist.org/observations/30462449,47594372,https://inaturalist-open-data.s3.amazonaws.com/photos/47594372/original.jpeg,cc-by-nc-sa,"(c) Yanuar Ishaq Dc, some rights reserved (CC BY-NC-SA)",yanuar_idc,Yanuar Ishaq Dc,2019-07-25,"Raja Ampat Regency, West Papua, Indonesia",needs_id,False,-0.453205254,130.6579849433,2048,1536,yes,cuspidispathum/inat-30462449-47594372-yanuar-idc.jpg,original
Cyrtosperma merkusii,43413327,https://www.inaturalist.org/observations/43413327,68884776,https://inaturalist-open-data.s3.amazonaws.com/photos/68884776/original.jpg,cc-by-nc,"(c) Troos van der Merwe, some rights reserved (CC BY-NC)",troos,Troos van der Merwe,2020-02-10,"Bukit Timah Road, Holland Village, Singapore, SG",casual,False,1.320005,103.816055,1536,2048,yes,merkusii/inat-43413327-68884776-troos.jpg,original
Cyrtosperma merkusii,57549176,https://www.inaturalist.org/observations/57549176,91804185,https://inaturalist-open-data.s3.amazonaws.com/photos/91804185/original.jpeg,cc-by-nc,"(c) Igor Azevedo, some rights reserved (CC BY-NC)",igorazevedo,Igor Azevedo,2008-11-03,"Sítio Roberto Burle Marx, Barra de Guaratiba, Rio de Janeiro - RJ, Brasil",casual,False,-23.0237664353,-43.546532306,1536,2048,yes,merkusii/inat-57549176-91804185-igorazevedo.jpg,original
Cyrtosperma merkusii,57549176,https://www.inaturalist.org/observations/57549176,91804169,https://inaturalist-open-data.s3.amazonaws.com/photos/91804169/original.jpeg,cc-by-nc,"(c) Igor Azevedo, some rights reserved (CC BY-NC)",igorazevedo,Igor Azevedo,2008-11-03,"Sítio Roberto Burle Marx, Barra de Guaratiba, Rio de Janeiro - RJ, Brasil",casual,False,-23.0237664353,-43.546532306,1536,2048,yes,merkusii/inat-57549176-91804169-igorazevedo.jpg,original
Cyrtosperma merkusii,57549176,https://www.inaturalist.org/observations/57549176,91804173,https://inaturalist-open-data.s3.amazonaws.com/photos/91804173/original.jpeg,cc-by-nc,"(c) Igor Azevedo, some rights reserved (CC BY-NC)",igorazevedo,Igor Azevedo,2008-11-03,"Sítio Roberto Burle Marx, Barra de Guaratiba, Rio de Janeiro - RJ, Brasil",casual,False,-23.0237664353,-43.546532306,1536,2048,yes,merkusii/inat-57549176-91804173-igorazevedo.jpg,original
Cyrtosperma merkusii,61833610,https://www.inaturalist.org/observations/61833610,98994033,https://static.inaturalist.org/photos/98994033/original.jpeg,all rights reserved,"(c) Donaly Ohry, all rights reserved",donalyohry,Donaly Ohry,2020-10-06,"Kolonia, Pohnpei, Federated States of Micronesia",casual,False,6.9565131997,158.2038547997,1536,2048,yes,merkusii/inat-61833610-98994033-donalyohry.jpg,original
Cyrtosperma merkusii,61833610,https://www.inaturalist.org/observations/61833610,98994100,https://static.inaturalist.org/photos/98994100/original.jpeg,all rights reserved,"(c) Donaly Ohry, all rights reserved",donalyohry,Donaly Ohry,2020-10-06,"Kolonia, Pohnpei, Federated States of Micronesia",casual,False,6.9565131997,158.2038547997,1536,2048,yes,merkusii/inat-61833610-98994100-donalyohry.jpg,original
Cyrtosperma merkusii,66268279,https://www.inaturalist.org/observations/66268279,106789041,https://inaturalist-open-data.s3.amazonaws.com/photos/106789041/original.jpeg,cc-by-nc,"(c) Jan Boaz, some rights reserved (CC BY-NC)",janiceboaz256,Jan Boaz,2020-12-08,"Mwalok, Pohnpei, Federated States of Micronesia",casual,False,6.9684958,158.1967395,1536,2048,yes,merkusii/inat-66268279-106789041-janiceboaz256.jpg,original
Cyrtosperma merkusii,66268279,https://www.inaturalist.org/observations/66268279,106789060,https://inaturalist-open-data.s3.amazonaws.com/photos/106789060/original.jpeg,cc-by-nc,"(c) Jan Boaz, some rights reserved (CC BY-NC)",janiceboaz256,Jan Boaz,2020-12-08,"Mwalok, Pohnpei, Federated States of Micronesia",casual,False,6.9684958,158.1967395,2048,1536,yes,merkusii/inat-66268279-106789060-janiceboaz256.jpg,original
Cyrtosperma merkusii,66268279,https://www.inaturalist.org/observations/66268279,106789089,https://inaturalist-open-data.s3.amazonaws.com/photos/106789089/original.jpeg,cc-by-nc,"(c) Jan Boaz, some rights reserved (CC BY-NC)",janiceboaz256,Jan Boaz,2020-12-08,"Mwalok, Pohnpei, Federated States of Micronesia",casual,False,6.9684958,158.1967395,1536,2048,yes,merkusii/inat-66268279-106789089-janiceboaz256.jpg,original
Cyrtosperma merkusii,66268279,https://www.inaturalist.org/observations/66268279,106789113,https://inaturalist-open-data.s3.amazonaws.com/photos/106789113/original.jpeg,cc-by-nc,"(c) Jan Boaz, some rights reserved (CC BY-NC)",janiceboaz256,Jan Boaz,2020-12-08,"Mwalok, Pohnpei, Federated States of Micronesia",casual,False,6.9684958,158.1967395,2048,1536,yes,merkusii/inat-66268279-106789113-janiceboaz256.jpg,original
Cyrtosperma merkusii,67780085,https://www.inaturalist.org/observations/67780085,109599531,https://inaturalist-open-data.s3.amazonaws.com/photos/109599531/original.jpeg,cc-by-sa,"(c) Ong Jyh Seng, some rights reserved (CC BY-SA)",ongzi,Ong Jyh Seng,2021-01-09,"Rizab Melayu Sungai Kuyoh, 43300 Seri Kembangan, Selangor, Malaysia",research,False,3.0160028889,101.6835250833,2048,1536,yes,merkusii/inat-67780085-109599531-ongzi.jpg,original
Cyrtosperma merkusii,67780085,https://www.inaturalist.org/observations/67780085,109599544,https://inaturalist-open-data.s3.amazonaws.com/photos/109599544/original.jpeg,cc-by-sa,"(c) Ong Jyh Seng, some rights reserved (CC BY-SA)",ongzi,Ong Jyh Seng,2021-01-09,"Rizab Melayu Sungai Kuyoh, 43300 Seri Kembangan, Selangor, Malaysia",research,False,3.0160028889,101.6835250833,2048,1536,yes,merkusii/inat-67780085-109599544-ongzi.jpg,original
Cyrtosperma merkusii,67780173,https://www.inaturalist.org/observations/67780173,109599666,https://inaturalist-open-data.s3.amazonaws.com/photos/109599666/original.jpeg,cc-by-sa,"(c) Ong Jyh Seng, some rights reserved (CC BY-SA)",ongzi,Ong Jyh Seng,2021-01-09,"Rizab Melayu Sungai Kuyoh, 43300 Seri Kembangan, Selangor, Malaysia",casual,False,3.0160028889,101.6835250833,2048,1536,yes,merkusii/inat-67780173-109599666-ongzi.jpg,original
Cyrtosperma johnstonii,69489256,https://www.inaturalist.org/observations/69489256,112761361,https://inaturalist-open-data.s3.amazonaws.com/photos/112761361/original.jpeg,cc-by-nc,"(c) SunGW, some rights reserved (CC BY-NC)",sunnyscience_sungw,SunGW,2021-02-13,Jacob Ballas Children's Garden,casual,False,1.3207603129,103.8179241121,1536,2048,yes,johnstonii/inat-69489256-112761361-sunnyscience-sungw.jpg,original
Cyrtosperma johnstonii,69489256,https://www.inaturalist.org/observations/69489256,112761368,https://inaturalist-open-data.s3.amazonaws.com/photos/112761368/original.jpeg,cc-by-nc,"(c) SunGW, some rights reserved (CC BY-NC)",sunnyscience_sungw,SunGW,2021-02-13,Jacob Ballas Children's Garden,casual,False,1.3207603129,103.8179241121,1536,2048,yes,johnstonii/inat-69489256-112761368-sunnyscience-sungw.jpg,original
Cyrtosperma cuspidispathum,70808404,https://www.inaturalist.org/observations/70808404,115180572,https://inaturalist-open-data.s3.amazonaws.com/photos/115180572/original.jpg,cc-by-nc,"(c) Mehd Halaouate, some rights reserved (CC BY-NC)",mehdh,Mehd Halaouate,2018-08-02,"Nimbotong, Beneik, Kec. Unurum Guay, Jayapura, Papua, Indonesien",research,False,-2.605065,140.0635069,649,900,yes,cuspidispathum/inat-70808404-115180572-mehdh.jpg,original
Cyrtosperma cuspidispathum,70808405,https://www.inaturalist.org/observations/70808405,115180579,https://inaturalist-open-data.s3.amazonaws.com/photos/115180579/original.jpg,cc-by-nc,"(c) Mehd Halaouate, some rights reserved (CC BY-NC)",mehdh,Mehd Halaouate,2018-08-02,"Nimbotong, Beneik, Kec. Unurum Guay, Jayapura, Papua, Indonesien",research,False,-2.605065,140.0635069,600,854,yes,cuspidispathum/inat-70808405-115180579-mehdh.jpg,original
Cyrtosperma merkusii,72125413,https://www.inaturalist.org/observations/72125413,117540590,https://inaturalist-open-data.s3.amazonaws.com/photos/117540590/original.jpg,cc-by-nc,"(c) James Park, some rights reserved (CC BY-NC)",jamesalexpark,James Park,2019-05-28,"Upper Thomson Road, Thomson, Singapore, SG",research,False,1.35127,103.8355333333,1536,2048,yes,merkusii/inat-72125413-117540590-jamesalexpark.jpg,original
Cyrtosperma merkusii,72142286,https://www.inaturalist.org/observations/72142286,117573746,https://inaturalist-open-data.s3.amazonaws.com/photos/117573746/original.jpeg,cc-by-nc,"(c) Ku Yan Ting 148647, some rights reserved (CC BY-NC)",ku_yan_ting148647,Ku Yan Ting 148647,2021-03-27,"Taman Pekaka, 11700 Gelugor, Pulau Pinang, Malaysia",casual,False,5.3515103017,100.297165242,1536,2048,yes,merkusii/inat-72142286-117573746-ku-yan-ting148647.jpg,original
Cyrtosperma,72142469,https://www.inaturalist.org/observations/72142469,117574042,https://inaturalist-open-data.s3.amazonaws.com/photos/117574042/original.jpeg,cc-by-nc,"(c) Khong Shi Mun 147524, some rights reserved (CC BY-NC)",khong_shi_mun147524,Khong Shi Mun 147524,2021-03-27,"Taman Pekaka, 11700 Gelugor, Pulau Pinang, Malaysia",casual,False,5.351646655,100.2972116321,1536,2048,yes,sp/inat-72142469-117574042-khong-shi-mun147524.jpg,original
Cyrtosperma merkusii,74157543,https://www.inaturalist.org/observations/74157543,121167390,https://inaturalist-open-data.s3.amazonaws.com/photos/121167390/original.jpg,cc-by-nc,"(c) James Park, some rights reserved (CC BY-NC)",jamesalexpark,James Park,2018-01-09,"Luzon Island, Morong, Bataan, PH",research,False,14.6331383333,120.34703,1536,2048,yes,merkusii/inat-74157543-121167390-jamesalexpark.jpg,original
Cyrtosperma merkusii,74157543,https://www.inaturalist.org/observations/74157543,121167408,https://inaturalist-open-data.s3.amazonaws.com/photos/121167408/original.jpg,cc-by-nc,"(c) James Park, some rights reserved (CC BY-NC)",jamesalexpark,James Park,2018-01-09,"Luzon Island, Morong, Bataan, PH",research,False,14.6331383333,120.34703,1536,2048,yes,merkusii/inat-74157543-121167408-jamesalexpark.jpg,original
Cyrtosperma merkusii,83927882,https://www.inaturalist.org/observations/83927882,137885374,https://inaturalist-open-data.s3.amazonaws.com/photos/137885374/original.jpg,cc-by,"(c) Bernard DUPONT, some rights reserved (CC BY)",berniedup,Bernard DUPONT,2014-09-24,"Niah Caves NP, Batu Niah, Sarawak, Malaysia",research,False,3.824861,113.765916,2048,1536,yes,merkusii/inat-83927882-137885374-berniedup.jpg,original
Cyrtosperma johnstonii,91846864,https://www.inaturalist.org/observations/91846864,151986786,https://inaturalist-open-data.s3.amazonaws.com/photos/151986786/original.jpeg,cc-by-nc-sa,"(c) Nuno Veríssimo P., some rights reserved (CC BY-NC-SA)",arkantor,Nuno Veríssimo P.,2014-06-18,"Meise (🇧🇪 België, Brabant)",casual,False,50.9359353,4.3294598,1536,2048,yes,johnstonii/inat-91846864-151986786-arkantor.jpg,original
Cyrtosperma johnstonii,91846864,https://www.inaturalist.org/observations/91846864,151986801,https://inaturalist-open-data.s3.amazonaws.com/photos/151986801/original.jpeg,cc-by-nc-sa,"(c) Nuno Veríssimo P., some rights reserved (CC BY-NC-SA)",arkantor,Nuno Veríssimo P.,2014-06-18,"Meise (🇧🇪 België, Brabant)",casual,False,50.9359353,4.3294598,1536,2048,yes,johnstonii/inat-91846864-151986801-arkantor.jpg,original
Cyrtosperma merkusii,95014826,https://www.inaturalist.org/observations/95014826,157686355,https://inaturalist-open-data.s3.amazonaws.com/photos/157686355/original.jpeg,cc-by-sa,"(c) Ong Jyh Seng, some rights reserved (CC BY-SA)",ongzi,Ong Jyh Seng,2021-09-16,"Rizab Melayu Sungai Kuyoh, 43300 Seri Kembangan, Selangor, Malaysia",research,False,3.0160027778,101.683525,2048,1536,yes,merkusii/inat-95014826-157686355-ongzi.jpg,original
Cyrtosperma,95553833,https://www.inaturalist.org/observations/95553833,158641881,https://static.inaturalist.org/photos/158641881/original.jpeg,all rights reserved,"(c) Hugo Bracero, all rights reserved",hugo422,Hugo Bracero,2021-09-18,,casual,False,,,1536,2048,yes,sp/inat-95553833-158641881-hugo422.jpg,original
Cyrtosperma johnstonii,96870072,https://www.inaturalist.org/observations/96870072,160995387,https://inaturalist-open-data.s3.amazonaws.com/photos/160995387/original.jpeg,cc-by-nc,"(c) SunGW, some rights reserved (CC BY-NC)",sunnyscience_sungw,SunGW,2021-10-02,"Queenstown, Singapore",research,False,1.279524,103.7979509722,1536,2048,yes,johnstonii/inat-96870072-160995387-sunnyscience-sungw.jpg,original
Cyrtosperma johnstonii,96870072,https://www.inaturalist.org/observations/96870072,160995393,https://inaturalist-open-data.s3.amazonaws.com/photos/160995393/original.jpeg,cc-by-nc,"(c) SunGW, some rights reserved (CC BY-NC)",sunnyscience_sungw,SunGW,2021-10-02,"Queenstown, Singapore",research,False,1.279524,103.7979509722,1536,2048,yes,johnstonii/inat-96870072-160995393-sunnyscience-sungw.jpg,original
Cyrtosperma johnstonii,96870072,https://www.inaturalist.org/observations/96870072,160995398,https://inaturalist-open-data.s3.amazonaws.com/photos/160995398/original.jpeg,cc-by-nc,"(c) SunGW, some rights reserved (CC BY-NC)",sunnyscience_sungw,SunGW,2021-10-02,"Queenstown, Singapore",research,False,1.279524,103.7979509722,1536,2048,yes,johnstonii/inat-96870072-160995398-sunnyscience-sungw.jpg,original
Cyrtosperma johnstonii,96870072,https://www.inaturalist.org/observations/96870072,160995407,https://inaturalist-open-data.s3.amazonaws.com/photos/160995407/original.jpeg,cc-by-nc,"(c) SunGW, some rights reserved (CC BY-NC)",sunnyscience_sungw,SunGW,2021-10-02,"Queenstown, Singapore",research,False,1.279524,103.7979509722,1536,2048,yes,johnstonii/inat-96870072-160995407-sunnyscience-sungw.jpg,original
Cyrtosperma merkusii,102597706,https://www.inaturalist.org/observations/102597706,171542401,https://inaturalist-open-data.s3.amazonaws.com/photos/171542401/original.jpg,cc-by-nc-sa,"(c) Aiman Azmi, some rights reserved (CC BY-NC-SA)",aiman_azmi,Aiman Azmi,2021-12-05,"Puchong, Petaling, Selangor, MY",research,False,2.9966828968,101.6331784019,1536,2048,yes,merkusii/inat-102597706-171542401-aiman-azmi.jpg,original
Cyrtosperma merkusii,102597706,https://www.inaturalist.org/observations/102597706,171542408,https://inaturalist-open-data.s3.amazonaws.com/photos/171542408/original.jpg,cc-by-nc-sa,"(c) Aiman Azmi, some rights reserved (CC BY-NC-SA)",aiman_azmi,Aiman Azmi,2021-12-05,"Puchong, Petaling, Selangor, MY",research,False,2.9966828968,101.6331784019,1536,2048,yes,merkusii/inat-102597706-171542408-aiman-azmi.jpg,original
Cyrtosperma merkusii,103445429,https://www.inaturalist.org/observations/103445429,173132692,https://inaturalist-open-data.s3.amazonaws.com/photos/173132692/original.jpg,cc-by-nc,"(c) Akmal Idham, some rights reserved (CC BY-NC)",akmal_idham,Akmal Idham,2021-12-21,"Bukit Raja, Bukit Raja, Selangor, MY",research,False,3.1125471667,101.4845116667,1536,2048,yes,merkusii/inat-103445429-173132692-akmal-idham.jpg,original
Cyrtosperma merkusii,103445429,https://www.inaturalist.org/observations/103445429,173132704,https://inaturalist-open-data.s3.amazonaws.com/photos/173132704/original.jpg,cc-by-nc,"(c) Akmal Idham, some rights reserved (CC BY-NC)",akmal_idham,Akmal Idham,2021-12-21,"Bukit Raja, Bukit Raja, Selangor, MY",research,False,3.1125471667,101.4845116667,1536,2048,yes,merkusii/inat-103445429-173132704-akmal-idham.jpg,original
Cyrtosperma merkusii,103445429,https://www.inaturalist.org/observations/103445429,173132725,https://inaturalist-open-data.s3.amazonaws.com/photos/173132725/original.jpg,cc-by-nc,"(c) Akmal Idham, some rights reserved (CC BY-NC)",akmal_idham,Akmal Idham,2021-12-21,"Bukit Raja, Bukit Raja, Selangor, MY",research,False,3.1125471667,101.4845116667,1536,2048,yes,merkusii/inat-103445429-173132725-akmal-idham.jpg,original
Cyrtosperma cuspidispathum,108690832,https://www.inaturalist.org/observations/108690832,183047839,https://inaturalist-open-data.s3.amazonaws.com/photos/183047839/original.jpg,cc-by-nc,"(c) Russell Cumming, some rights reserved (CC BY-NC)",russellcumming,Russell Cumming,2018-10-31,"Cairns QLD, Australia",casual,False,-16.8989666835,145.7475578785,999,1412,yes,cuspidispathum/inat-108690832-183047839-russellcumming.jpg,original
Cyrtosperma cuspidispathum,108690832,https://www.inaturalist.org/observations/108690832,183048492,https://inaturalist-open-data.s3.amazonaws.com/photos/183048492/original.jpg,cc-by-nc,"(c) Russell Cumming, some rights reserved (CC BY-NC)",russellcumming,Russell Cumming,2018-10-31,"Cairns QLD, Australia",casual,False,-16.8989666835,145.7475578785,1200,1067,yes,cuspidispathum/inat-108690832-183048492-russellcumming.jpg,original
Cyrtosperma cuspidispathum,108690832,https://www.inaturalist.org/observations/108690832,183048498,https://inaturalist-open-data.s3.amazonaws.com/photos/183048498/original.jpg,cc-by-nc,"(c) Russell Cumming, some rights reserved (CC BY-NC)",russellcumming,Russell Cumming,2018-10-31,"Cairns QLD, Australia",casual,False,-16.8989666835,145.7475578785,999,1433,yes,cuspidispathum/inat-108690832-183048498-russellcumming.jpg,original
Cyrtosperma cuspidispathum,108690832,https://www.inaturalist.org/observations/108690832,183048501,https://inaturalist-open-data.s3.amazonaws.com/photos/183048501/original.jpg,cc-by-nc,"(c) Russell Cumming, some rights reserved (CC BY-NC)",russellcumming,Russell Cumming,2018-10-31,"Cairns QLD, Australia",casual,False,-16.8989666835,145.7475578785,999,1319,yes,cuspidispathum/inat-108690832-183048501-russellcumming.jpg,original
Cyrtosperma cuspidispathum,108690832,https://www.inaturalist.org/observations/108690832,183048505,https://inaturalist-open-data.s3.amazonaws.com/photos/183048505/original.jpg,cc-by-nc,"(c) Russell Cumming, some rights reserved (CC BY-NC)",russellcumming,Russell Cumming,2018-10-31,"Cairns QLD, Australia",casual,False,-16.8989666835,145.7475578785,999,1342,yes,cuspidispathum/inat-108690832-183048505-russellcumming.jpg,original
Cyrtosperma cuspidispathum,108690832,https://www.inaturalist.org/observations/108690832,183048510,https://inaturalist-open-data.s3.amazonaws.com/photos/183048510/original.jpg,cc-by-nc,"(c) Russell Cumming, some rights reserved (CC BY-NC)",russellcumming,Russell Cumming,2018-10-31,"Cairns QLD, Australia",casual,False,-16.8989666835,145.7475578785,999,1358,yes,cuspidispathum/inat-108690832-183048510-russellcumming.jpg,original
Cyrtosperma cuspidispathum,108690832,https://www.inaturalist.org/observations/108690832,183048511,https://inaturalist-open-data.s3.amazonaws.com/photos/183048511/original.jpg,cc-by-nc,"(c) Russell Cumming, some rights reserved (CC BY-NC)",russellcumming,Russell Cumming,2018-10-31,"Cairns QLD, Australia",casual,False,-16.8989666835,145.7475578785,1111,1092,yes,cuspidispathum/inat-108690832-183048511-russellcumming.jpg,original
Cyrtosperma merkusii,113371262,https://www.inaturalist.org/observations/113371262,191556232,https://static.inaturalist.org/photos/191556232/original.jpeg,all rights reserved,"(c) Kierr Jasper Sancover, all rights reserved",curiosity,Kierr Jasper Sancover,2022-04-18,"Catalunan Pequeno Elementary School, Talomo, Davao City, Davao del Sur, Philippines",casual,False,7.05851,125.539077,960,1705,yes,merkusii/inat-113371262-191556232-curiosity.jpg,original
Cyrtosperma johnstonii,114599746,https://www.inaturalist.org/observations/114599746,193508954,https://static.inaturalist.org/photos/193508954/original.jpeg,all rights reserved,"(c) Kierr Jasper Sancover, all rights reserved",curiosity,Kierr Jasper Sancover,2022-05-02,Butuan City,casual,False,8.9475084903,125.5406232923,1152,2048,yes,johnstonii/inat-114599746-193508954-curiosity.jpg,original
Cyrtosperma johnstonii,114599746,https://www.inaturalist.org/observations/114599746,193508979,https://static.inaturalist.org/photos/193508979/original.jpeg,all rights reserved,"(c) Kierr Jasper Sancover, all rights reserved",curiosity,Kierr Jasper Sancover,2022-05-02,Butuan City,casual,False,8.9475084903,125.5406232923,1153,2048,yes,johnstonii/inat-114599746-193508979-curiosity.jpg,original
Cyrtosperma johnstonii,114599746,https://www.inaturalist.org/observations/114599746,193509015,https://static.inaturalist.org/photos/193509015/original.jpeg,all rights reserved,"(c) Kierr Jasper Sancover, all rights reserved",curiosity,Kierr Jasper Sancover,2022-05-02,Butuan City,casual,False,8.9475084903,125.5406232923,1153,2048,yes,johnstonii/inat-114599746-193509015-curiosity.jpg,original
Cyrtosperma johnstonii,114599746,https://www.inaturalist.org/observations/114599746,193509064,https://static.inaturalist.org/photos/193509064/original.jpeg,all rights reserved,"(c) Kierr Jasper Sancover, all rights reserved",curiosity,Kierr Jasper Sancover,2022-05-02,Butuan City,casual,False,8.9475084903,125.5406232923,1153,2048,yes,johnstonii/inat-114599746-193509064-curiosity.jpg,original
Cyrtosperma johnstonii,114599746,https://www.inaturalist.org/observations/114599746,193509103,https://static.inaturalist.org/photos/193509103/original.jpeg,all rights reserved,"(c) Kierr Jasper Sancover, all rights reserved",curiosity,Kierr Jasper Sancover,2022-05-02,Butuan City,casual,False,8.9475084903,125.5406232923,1153,2048,yes,johnstonii/inat-114599746-193509103-curiosity.jpg,original
Cyrtosperma johnstonii,114599746,https://www.inaturalist.org/observations/114599746,193509141,https://static.inaturalist.org/photos/193509141/original.jpeg,all rights reserved,"(c) Kierr Jasper Sancover, all rights reserved",curiosity,Kierr Jasper Sancover,2022-05-02,Butuan City,casual,False,8.9475084903,125.5406232923,1153,2048,yes,johnstonii/inat-114599746-193509141-curiosity.jpg,original
Cyrtosperma johnstonii,114599746,https://www.inaturalist.org/observations/114599746,193509175,https://static.inaturalist.org/photos/193509175/original.jpeg,all rights reserved,"(c) Kierr Jasper Sancover, all rights reserved",curiosity,Kierr Jasper Sancover,2022-05-02,Butuan City,casual,False,8.9475084903,125.5406232923,1153,2048,yes,johnstonii/inat-114599746-193509175-curiosity.jpg,original
Cyrtosperma johnstonii,114599746,https://www.inaturalist.org/observations/114599746,193509204,https://static.inaturalist.org/photos/193509204/original.jpeg,all rights reserved,"(c) Kierr Jasper Sancover, all rights reserved",curiosity,Kierr Jasper Sancover,2022-05-02,Butuan City,casual,False,8.9475084903,125.5406232923,1153,2048,yes,johnstonii/inat-114599746-193509204-curiosity.jpg,original
Cyrtosperma johnstonii,114599746,https://www.inaturalist.org/observations/114599746,193509231,https://static.inaturalist.org/photos/193509231/original.jpeg,all rights reserved,"(c) Kierr Jasper Sancover, all rights reserved",curiosity,Kierr Jasper Sancover,2022-05-02,Butuan City,casual,False,8.9475084903,125.5406232923,1153,2048,yes,johnstonii/inat-114599746-193509231-curiosity.jpg,original
Cyrtosperma johnstonii,114599746,https://www.inaturalist.org/observations/114599746,193509259,https://static.inaturalist.org/photos/193509259/original.jpeg,all rights reserved,"(c) Kierr Jasper Sancover, all rights reserved",curiosity,Kierr Jasper Sancover,2022-05-02,Butuan City,casual,False,8.9475084903,125.5406232923,1153,2048,yes,johnstonii/inat-114599746-193509259-curiosity.jpg,original
Cyrtosperma johnstonii,114599746,https://www.inaturalist.org/observations/114599746,193509281,https://static.inaturalist.org/photos/193509281/original.jpeg,all rights reserved,"(c) Kierr Jasper Sancover, all rights reserved",curiosity,Kierr Jasper Sancover,2022-05-02,Butuan City,casual,False,8.9475084903,125.5406232923,1153,2048,yes,johnstonii/inat-114599746-193509281-curiosity.jpg,original
Cyrtosperma johnstonii,114599746,https://www.inaturalist.org/observations/114599746,193509304,https://static.inaturalist.org/photos/193509304/original.jpeg,all rights reserved,"(c) Kierr Jasper Sancover, all rights reserved",curiosity,Kierr Jasper Sancover,2022-05-02,Butuan City,casual,False,8.9475084903,125.5406232923,922,2048,yes,johnstonii/inat-114599746-193509304-curiosity.jpg,original
Cyrtosperma johnstonii,114599746,https://www.inaturalist.org/observations/114599746,193509329,https://static.inaturalist.org/photos/193509329/original.jpeg,all rights reserved,"(c) Kierr Jasper Sancover, all rights reserved",curiosity,Kierr Jasper Sancover,2022-05-02,Butuan City,casual,False,8.9475084903,125.5406232923,922,2048,yes,johnstonii/inat-114599746-193509329-curiosity.jpg,original
Cyrtosperma johnstonii,114599746,https://www.inaturalist.org/observations/114599746,193509353,https://static.inaturalist.org/photos/193509353/original.jpeg,all rights reserved,"(c) Kierr Jasper Sancover, all rights reserved",curiosity,Kierr Jasper Sancover,2022-05-02,Butuan City,casual,False,8.9475084903,125.5406232923,1153,2048,yes,johnstonii/inat-114599746-193509353-curiosity.jpg,original
Cyrtosperma johnstonii,114599746,https://www.inaturalist.org/observations/114599746,193509376,https://static.inaturalist.org/photos/193509376/original.jpeg,all rights reserved,"(c) Kierr Jasper Sancover, all rights reserved",curiosity,Kierr Jasper Sancover,2022-05-02,Butuan City,casual,False,8.9475084903,125.5406232923,1153,2048,yes,johnstonii/inat-114599746-193509376-curiosity.jpg,original
Cyrtosperma johnstonii,114599746,https://www.inaturalist.org/observations/114599746,193509394,https://static.inaturalist.org/photos/193509394/original.jpeg,all rights reserved,"(c) Kierr Jasper Sancover, all rights reserved",curiosity,Kierr Jasper Sancover,2022-05-02,Butuan City,casual,False,8.9475084903,125.5406232923,923,2048,yes,johnstonii/inat-114599746-193509394-curiosity.jpg,original
Cyrtosperma johnstonii,114599746,https://www.inaturalist.org/observations/114599746,193509424,https://static.inaturalist.org/photos/193509424/original.jpeg,all rights reserved,"(c) Kierr Jasper Sancover, all rights reserved",curiosity,Kierr Jasper Sancover,2022-05-02,Butuan City,casual,False,8.9475084903,125.5406232923,923,2048,yes,johnstonii/inat-114599746-193509424-curiosity.jpg,original
Cyrtosperma johnstonii,114599746,https://www.inaturalist.org/observations/114599746,193509454,https://static.inaturalist.org/photos/193509454/original.jpeg,all rights reserved,"(c) Kierr Jasper Sancover, all rights reserved",curiosity,Kierr Jasper Sancover,2022-05-02,Butuan City,casual,False,8.9475084903,125.5406232923,923,2048,yes,johnstonii/inat-114599746-193509454-curiosity.jpg,original
Cyrtosperma,118494583,https://www.inaturalist.org/observations/118494583,200212544,https://inaturalist-open-data.s3.amazonaws.com/photos/200212544/original.jpeg,cc-by-nc,"(c) Adeline Hii, some rights reserved (CC BY-NC)",adelinehii,Adeline Hii,2022-05-24,"No. 242-243, 2nd Floor, Jalan Tun Ahmad Zaidi, Sarawak, 97000 Bintulu, Sarawak, Malaysia",needs_id,False,3.1885416,113.0486679,1536,2048,yes,sp/inat-118494583-200212544-adelinehii.jpg,original
Cyrtosperma,118494583,https://www.inaturalist.org/observations/118494583,200212557,https://inaturalist-open-data.s3.amazonaws.com/photos/200212557/original.jpeg,cc-by-nc,"(c) Adeline Hii, some rights reserved (CC BY-NC)",adelinehii,Adeline Hii,2022-05-24,"No. 242-243, 2nd Floor, Jalan Tun Ahmad Zaidi, Sarawak, 97000 Bintulu, Sarawak, Malaysia",needs_id,False,3.1885416,113.0486679,1536,2048,yes,sp/inat-118494583-200212557-adelinehii.jpg,original
Cyrtosperma merkusii,118578901,https://www.inaturalist.org/observations/118578901,200362261,https://inaturalist-open-data.s3.amazonaws.com/photos/200362261/original.jpeg,cc0,no rights reserved,danaleeling,Dana Lee Ling,2022-05-25,"Kosrae, FM",casual,False,5.30153733,163.02998032,921,2048,yes,merkusii/inat-118578901-200362261-danaleeling.jpg,original
Cyrtosperma merkusii,118578901,https://www.inaturalist.org/observations/118578901,200362322,https://inaturalist-open-data.s3.amazonaws.com/photos/200362322/original.jpeg,cc0,no rights reserved,danaleeling,Dana Lee Ling,2022-05-25,"Kosrae, FM",casual,False,5.30153733,163.02998032,921,2048,yes,merkusii/inat-118578901-200362322-danaleeling.jpg,original
Cyrtosperma merkusii,118578901,https://www.inaturalist.org/observations/118578901,200362376,https://inaturalist-open-data.s3.amazonaws.com/photos/200362376/original.jpeg,cc0,no rights reserved,danaleeling,Dana Lee Ling,2022-05-25,"Kosrae, FM",casual,False,5.30153733,163.02998032,2048,921,yes,merkusii/inat-118578901-200362376-danaleeling.jpg,original
Cyrtosperma merkusii,123178665,https://www.inaturalist.org/observations/123178665,208645674,https://static.inaturalist.org/photos/208645674/original.jpg,all rights reserved,"(c) Annette Chew, all rights reserved",annette409,Annette Chew,2022-06-24,"Macritchie Reservoir Park, SG",research,False,1.3417033786,103.8294709835,1536,2048,yes,merkusii/inat-123178665-208645674-annette409.jpg,original
Cyrtosperma merkusii,125416302,https://www.inaturalist.org/observations/125416302,212685609,https://inaturalist-open-data.s3.amazonaws.com/photos/212685609/original.jpg,cc-by-nc,"(c) ruddy2410, some rights reserved (CC BY-NC)",ruddy2410,ruddy2410,2022-07-09,"Macritchie Reservoir Park, SG",research,False,1.3417216667,103.8294916667,1536,2048,yes,merkusii/inat-125416302-212685609-ruddy2410.jpg,original
Cyrtosperma merkusii,125416302,https://www.inaturalist.org/observations/125416302,212685629,https://inaturalist-open-data.s3.amazonaws.com/photos/212685629/original.jpg,cc-by-nc,"(c) ruddy2410, some rights reserved (CC BY-NC)",ruddy2410,ruddy2410,2022-07-09,"Macritchie Reservoir Park, SG",research,False,1.3417216667,103.8294916667,1536,2048,yes,merkusii/inat-125416302-212685629-ruddy2410.jpg,original
Cyrtosperma merkusii,125416302,https://www.inaturalist.org/observations/125416302,212685650,https://inaturalist-open-data.s3.amazonaws.com/photos/212685650/original.jpg,cc-by-nc,"(c) ruddy2410, some rights reserved (CC BY-NC)",ruddy2410,ruddy2410,2022-07-09,"Macritchie Reservoir Park, SG",research,False,1.3417216667,103.8294916667,1536,2048,yes,merkusii/inat-125416302-212685650-ruddy2410.jpg,original
Cyrtosperma merkusii,128399714,https://www.inaturalist.org/observations/128399714,218094505,https://static.inaturalist.org/photos/218094505/original.jpeg,all rights reserved,"(c) SYAMSUL IDRIS BIN SALEH (MAFI-HQ), all rights reserved",syamsul_idris_bin_saleh,SYAMSUL IDRIS BIN SALEH (MAFI-HQ),2022-07-29,"Taman Pertanian Malaysia, 40170 Shah Alam, Selangor, Malaysia",research,False,3.1070051655,101.5185863525,1536,2048,yes,merkusii/inat-128399714-218094505-syamsul-idris-bin-saleh.jpg,original
Cyrtosperma merkusii,128399714,https://www.inaturalist.org/observations/128399714,218094524,https://static.inaturalist.org/photos/218094524/original.jpeg,all rights reserved,"(c) SYAMSUL IDRIS BIN SALEH (MAFI-HQ), all rights reserved",syamsul_idris_bin_saleh,SYAMSUL IDRIS BIN SALEH (MAFI-HQ),2022-07-29,"Taman Pertanian Malaysia, 40170 Shah Alam, Selangor, Malaysia",research,False,3.1070051655,101.5185863525,2048,1536,yes,merkusii/inat-128399714-218094524-syamsul-idris-bin-saleh.jpg,original
Cyrtosperma merkusii,128399714,https://www.inaturalist.org/observations/128399714,218094549,https://static.inaturalist.org/photos/218094549/original.jpeg,all rights reserved,"(c) SYAMSUL IDRIS BIN SALEH (MAFI-HQ), all rights reserved",syamsul_idris_bin_saleh,SYAMSUL IDRIS BIN SALEH (MAFI-HQ),2022-07-29,"Taman Pertanian Malaysia, 40170 Shah Alam, Selangor, Malaysia",research,False,3.1070051655,101.5185863525,2048,1536,yes,merkusii/inat-128399714-218094549-syamsul-idris-bin-saleh.jpg,original
Cyrtosperma merkusii,128399714,https://www.inaturalist.org/observations/128399714,218094574,https://static.inaturalist.org/photos/218094574/original.jpeg,all rights reserved,"(c) SYAMSUL IDRIS BIN SALEH (MAFI-HQ), all rights reserved",syamsul_idris_bin_saleh,SYAMSUL IDRIS BIN SALEH (MAFI-HQ),2022-07-29,"Taman Pertanian Malaysia, 40170 Shah Alam, Selangor, Malaysia",research,False,3.1070051655,101.5185863525,1536,2048,yes,merkusii/inat-128399714-218094574-syamsul-idris-bin-saleh.jpg,original
Cyrtosperma merkusii,128399714,https://www.inaturalist.org/observations/128399714,218094598,https://static.inaturalist.org/photos/218094598/original.jpeg,all rights reserved,"(c) SYAMSUL IDRIS BIN SALEH (MAFI-HQ), all rights reserved",syamsul_idris_bin_saleh,SYAMSUL IDRIS BIN SALEH (MAFI-HQ),2022-07-29,"Taman Pertanian Malaysia, 40170 Shah Alam, Selangor, Malaysia",research,False,3.1070051655,101.5185863525,2048,1536,yes,merkusii/inat-128399714-218094598-syamsul-idris-bin-saleh.jpg,original
Cyrtosperma merkusii,128754903,https://www.inaturalist.org/observations/128754903,218729103,https://inaturalist-open-data.s3.amazonaws.com/photos/218729103/original.jpg,cc-by-nc,"(c) ruddy2410, some rights reserved (CC BY-NC)",ruddy2410,ruddy2410,2022-07-31,"Singapore Island, SG",research,False,1.41342,103.7911383333,1536,2048,yes,merkusii/inat-128754903-218729103-ruddy2410.jpg,original
Cyrtosperma johnstonii,130468368,https://www.inaturalist.org/observations/130468368,221886449,https://inaturalist-open-data.s3.amazonaws.com/photos/221886449/original.jpg,cc-by-nc,"(c) Nate Venarske, some rights reserved (CC BY-NC)",natev,Nate Venarske,2022-08-11,"Hawaii County, US-HI, US",casual,False,19.8084155077,-155.0933734459,1536,2048,yes,johnstonii/inat-130468368-221886449-natev.jpg,original
Cyrtosperma johnstonii,130724747,https://www.inaturalist.org/observations/130724747,222358053,https://static.inaturalist.org/photos/222358053/original.jpeg,all rights reserved,"(c) Kittipan Pae Panthanont, all rights reserved",kittipan,Kittipan Pae Panthanont,2022-08-14,35/1 แขวง บางค้อ เขตจอมทอง กรุงเทพมหานคร 10150 ประเทศไทย,casual,False,13.710945,100.467325,1536,2048,yes,johnstonii/inat-130724747-222358053-kittipan.jpg,original
Cyrtosperma johnstonii,130724747,https://www.inaturalist.org/observations/130724747,222358098,https://static.inaturalist.org/photos/222358098/original.jpeg,all rights reserved,"(c) Kittipan Pae Panthanont, all rights reserved",kittipan,Kittipan Pae Panthanont,2022-08-14,35/1 แขวง บางค้อ เขตจอมทอง กรุงเทพมหานคร 10150 ประเทศไทย,casual,False,13.710945,100.467325,1536,2048,yes,johnstonii/inat-130724747-222358098-kittipan.jpg,original
Cyrtosperma merkusii,135480957,https://www.inaturalist.org/observations/135480957,231077315,https://inaturalist-open-data.s3.amazonaws.com/photos/231077315/original.jpg,cc-by-nc,"(c) Naufal Urfi Dhiya'ulhaq, some rights reserved (CC BY-NC)",naufalurfi,Naufal Urfi Dhiya'ulhaq,2022-09-17,"Muaro Jambi Regency, Jambi, Indonesia",research,False,-1.6173163,103.5162058499,1536,2048,yes,merkusii/inat-135480957-231077315-naufalurfi.jpg,original
Cyrtosperma merkusii,140883923,https://www.inaturalist.org/observations/140883923,241227359,https://inaturalist-open-data.s3.amazonaws.com/photos/241227359/original.jpg,cc-by-nc,"(c) Naufal Urfi Dhiya'ulhaq, some rights reserved (CC BY-NC)",naufalurfi,Naufal Urfi Dhiya'ulhaq,2022-10-22,"Muaro Jambi Regency, Jambi, Indonesia",research,False,-1.617011853,103.5158805503,1536,2048,yes,merkusii/inat-140883923-241227359-naufalurfi.jpg,original
Cyrtosperma merkusii,140883923,https://www.inaturalist.org/observations/140883923,241227365,https://inaturalist-open-data.s3.amazonaws.com/photos/241227365/original.jpg,cc-by-nc,"(c) Naufal Urfi Dhiya'ulhaq, some rights reserved (CC BY-NC)",naufalurfi,Naufal Urfi Dhiya'ulhaq,2022-10-22,"Muaro Jambi Regency, Jambi, Indonesia",research,False,-1.617011853,103.5158805503,1536,2048,yes,merkusii/inat-140883923-241227365-naufalurfi.jpg,original
Cyrtosperma merkusii,140883923,https://www.inaturalist.org/observations/140883923,241227376,https://inaturalist-open-data.s3.amazonaws.com/photos/241227376/original.jpg,cc-by-nc,"(c) Naufal Urfi Dhiya'ulhaq, some rights reserved (CC BY-NC)",naufalurfi,Naufal Urfi Dhiya'ulhaq,2022-10-22,"Muaro Jambi Regency, Jambi, Indonesia",research,False,-1.617011853,103.5158805503,1536,2048,yes,merkusii/inat-140883923-241227376-naufalurfi.jpg,original
Cyrtosperma merkusii,142513086,https://www.inaturalist.org/observations/142513086,244340778,https://static.inaturalist.org/photos/244340778/original.jpeg,all rights reserved,"(c) Riki Subargia Emtaka, all rights reserved",r_s_e,Riki Subargia Emtaka,2022-11-21,"Empunak Tapang Keladan, Ketungau Hulu, Sintang Regency, West Kalimantan, Indonesia",research,False,0.8391027778,110.9826888889,2048,1152,yes,merkusii/inat-142513086-244340778-r-s-e.jpg,original
Cyrtosperma merkusii,143017406,https://www.inaturalist.org/observations/143017406,245257886,https://inaturalist-open-data.s3.amazonaws.com/photos/245257886/original.jpg,cc-by-nc,"(c) Naufal Urfi Dhiya'ulhaq, some rights reserved (CC BY-NC)",naufalurfi,Naufal Urfi Dhiya'ulhaq,2022-11-26,"Muaro Jambi Regency, Jambi, Indonesia",research,False,-1.61725914,103.51602287,1536,2048,yes,merkusii/inat-143017406-245257886-naufalurfi.jpg,original
Cyrtosperma merkusii,143017406,https://www.inaturalist.org/observations/143017406,245257887,https://inaturalist-open-data.s3.amazonaws.com/photos/245257887/original.jpg,cc-by-nc,"(c) Naufal Urfi Dhiya'ulhaq, some rights reserved (CC BY-NC)",naufalurfi,Naufal Urfi Dhiya'ulhaq,2022-11-26,"Muaro Jambi Regency, Jambi, Indonesia",research,False,-1.61725914,103.51602287,1536,2048,yes,merkusii/inat-143017406-245257887-naufalurfi.jpg,original
Cyrtosperma merkusii,143017406,https://www.inaturalist.org/observations/143017406,245257891,https://inaturalist-open-data.s3.amazonaws.com/photos/245257891/original.jpg,cc-by-nc,"(c) Naufal Urfi Dhiya'ulhaq, some rights reserved (CC BY-NC)",naufalurfi,Naufal Urfi Dhiya'ulhaq,2022-11-26,"Muaro Jambi Regency, Jambi, Indonesia",research,False,-1.61725914,103.51602287,1536,2048,yes,merkusii/inat-143017406-245257891-naufalurfi.jpg,original
Cyrtosperma,147252328,https://www.inaturalist.org/observations/147252328,253349999,https://inaturalist-open-data.s3.amazonaws.com/photos/253349999/original.jpeg,cc-by-sa,"(c) Ong Jyh Seng, some rights reserved (CC BY-SA)",ongzi,Ong Jyh Seng,2023-01-24,"Sarikei, Sarawak, Malaysia",needs_id,False,2.1148833333,111.5228277778,2048,1155,yes,sp/inat-147252328-253349999-ongzi.jpg,original
Cyrtosperma merkusii,149130687,https://www.inaturalist.org/observations/149130687,256930019,https://inaturalist-open-data.s3.amazonaws.com/photos/256930019/original.jpg,cc-by-nc,"(c) mykalacree23, some rights reserved (CC BY-NC)",mykalacree23,,2023-01-29,"United States Botanic Garden, Washington, DC, US",casual,False,38.8880166667,-77.0128333333,1536,2048,yes,merkusii/inat-149130687-256930019-mykalacree23.jpg,original
Cyrtosperma merkusii,150032138,https://www.inaturalist.org/observations/150032138,258705987,https://static.inaturalist.org/photos/258705987/original.jpeg,all rights reserved,"(c) Gorinna Booth, all rights reserved",gorinna,Gorinna Booth,2023-03-02,"Pohnpei, Micronesia",casual,False,6.9440009008,158.1949707493,2048,2048,yes,merkusii/inat-150032138-258705987-gorinna.jpg,original
Cyrtosperma merkusii,150940976,https://www.inaturalist.org/observations/150940976,260356168,https://inaturalist-open-data.s3.amazonaws.com/photos/260356168/original.jpeg,cc-by-nc,"(c) Naufal Urfi Dhiya'ulhaq, some rights reserved (CC BY-NC)",naufalurfi,Naufal Urfi Dhiya'ulhaq,2023-03-12,"Muaro Jambi, Jambi, Indonesia",research,False,-1.68773454,103.65429106,1536,2048,yes,merkusii/inat-150940976-260356168-naufalurfi.jpg,original
Cyrtosperma merkusii,153076734,https://www.inaturalist.org/observations/153076734,264339524,https://inaturalist-open-data.s3.amazonaws.com/photos/264339524/original.jpeg,cc-by,"(c) pbsg, some rights reserved (CC BY)",plantbrosg,pbsg,2022-09-14,MacRitchie Reservoir,research,False,1.3447619355,103.8223504275,2048,2048,yes,merkusii/inat-153076734-264339524-plantbrosg.jpg,original
Cyrtosperma merkusii,153076734,https://www.inaturalist.org/observations/153076734,264339553,https://inaturalist-open-data.s3.amazonaws.com/photos/264339553/original.jpeg,cc-by,"(c) pbsg, some rights reserved (CC BY)",plantbrosg,pbsg,2022-09-14,MacRitchie Reservoir,research,False,1.3447619355,103.8223504275,2048,2048,yes,merkusii/inat-153076734-264339553-plantbrosg.jpg,original
Cyrtosperma merkusii,156567696,https://www.inaturalist.org/observations/156567696,270752704,https://inaturalist-open-data.s3.amazonaws.com/photos/270752704/original.jpeg,cc-by-nc,"(c) frx, some rights reserved (CC BY-NC)",frx,,2023-04-25,"Kuching, MY-SK, MY",research,False,1.5153646025,110.2911120281,1536,2048,yes,merkusii/inat-156567696-270752704-frx.jpg,original
Cyrtosperma merkusii,156567696,https://www.inaturalist.org/observations/156567696,270752726,https://inaturalist-open-data.s3.amazonaws.com/photos/270752726/original.jpeg,cc-by-nc,"(c) frx, some rights reserved (CC BY-NC)",frx,,2023-04-25,"Kuching, MY-SK, MY",research,False,1.5153646025,110.2911120281,1536,2048,yes,merkusii/inat-156567696-270752726-frx.jpg,original
Cyrtosperma merkusii,156567696,https://www.inaturalist.org/observations/156567696,270752742,https://inaturalist-open-data.s3.amazonaws.com/photos/270752742/original.jpeg,cc-by-nc,"(c) frx, some rights reserved (CC BY-NC)",frx,,2023-04-25,"Kuching, MY-SK, MY",research,False,1.5153646025,110.2911120281,1536,2048,yes,merkusii/inat-156567696-270752742-frx.jpg,original
Cyrtosperma merkusii,159342999,https://www.inaturalist.org/observations/159342999,275299482,https://inaturalist-open-data.s3.amazonaws.com/photos/275299482/original.jpeg,cc-by-nc,"(c) frx, some rights reserved (CC BY-NC)",frx,,2023-05-03,"Kuching, MY-SK, MY",research,False,1.5773764726,110.2607373521,2048,1536,yes,merkusii/inat-159342999-275299482-frx.jpg,original
Cyrtosperma merkusii,159342999,https://www.inaturalist.org/observations/159342999,275299517,https://inaturalist-open-data.s3.amazonaws.com/photos/275299517/original.jpeg,cc-by-nc,"(c) frx, some rights reserved (CC BY-NC)",frx,,2023-05-03,"Kuching, MY-SK, MY",research,False,1.5773764726,110.2607373521,1536,2048,yes,merkusii/inat-159342999-275299517-frx.jpg,original
Cyrtosperma merkusii,159342999,https://www.inaturalist.org/observations/159342999,275299561,https://inaturalist-open-data.s3.amazonaws.com/photos/275299561/original.jpeg,cc-by-nc,"(c) frx, some rights reserved (CC BY-NC)",frx,,2023-05-03,"Kuching, MY-SK, MY",research,False,1.5773764726,110.2607373521,1536,2048,yes,merkusii/inat-159342999-275299561-frx.jpg,original
Cyrtosperma merkusii,170259789,https://www.inaturalist.org/observations/170259789,295278973,https://inaturalist-open-data.s3.amazonaws.com/photos/295278973/original.jpg,cc-by-nc,"(c) lchalig, some rights reserved (CC BY-NC)",lchalig,,2023-06-15,"Bora Bora, French Polynesia, PF",needs_id,False,-16.5044359,-151.73865565,1536,2048,yes,merkusii/inat-170259789-295278973-lchalig.jpg,original
Cyrtosperma johnstonii,173123905,https://www.inaturalist.org/observations/173123905,300618022,https://inaturalist-open-data.s3.amazonaws.com/photos/300618022/original.jpeg,cc-by-nc,"(c) Marcos Mortara, some rights reserved (CC BY-NC)",marcosmortara,Marcos Mortara,2023-07-13,Jardim Botânico do Rio de Janeiro,casual,False,-22.9673717846,-43.2250381261,1365,2048,yes,johnstonii/inat-173123905-300618022-marcosmortara.jpg,original
Cyrtosperma johnstonii,173123905,https://www.inaturalist.org/observations/173123905,300618077,https://inaturalist-open-data.s3.amazonaws.com/photos/300618077/original.jpeg,cc-by-nc,"(c) Marcos Mortara, some rights reserved (CC BY-NC)",marcosmortara,Marcos Mortara,2023-07-13,Jardim Botânico do Rio de Janeiro,casual,False,-22.9673717846,-43.2250381261,1365,2048,yes,johnstonii/inat-173123905-300618077-marcosmortara.jpg,original
Cyrtosperma johnstonii,173123905,https://www.inaturalist.org/observations/173123905,300618137,https://inaturalist-open-data.s3.amazonaws.com/photos/300618137/original.jpeg,cc-by-nc,"(c) Marcos Mortara, some rights reserved (CC BY-NC)",marcosmortara,Marcos Mortara,2023-07-13,Jardim Botânico do Rio de Janeiro,casual,False,-22.9673717846,-43.2250381261,2048,1365,yes,johnstonii/inat-173123905-300618137-marcosmortara.jpg,original
Cyrtosperma johnstonii,173123905,https://www.inaturalist.org/observations/173123905,300618216,https://inaturalist-open-data.s3.amazonaws.com/photos/300618216/original.jpeg,cc-by-nc,"(c) Marcos Mortara, some rights reserved (CC BY-NC)",marcosmortara,Marcos Mortara,2023-07-13,Jardim Botânico do Rio de Janeiro,casual,False,-22.9673717846,-43.2250381261,1365,2048,yes,johnstonii/inat-173123905-300618216-marcosmortara.jpg,original
Cyrtosperma johnstonii,173123905,https://www.inaturalist.org/observations/173123905,300618239,https://inaturalist-open-data.s3.amazonaws.com/photos/300618239/original.jpeg,cc-by-nc,"(c) Marcos Mortara, some rights reserved (CC BY-NC)",marcosmortara,Marcos Mortara,2023-07-13,Jardim Botânico do Rio de Janeiro,casual,False,-22.9673717846,-43.2250381261,1365,2048,yes,johnstonii/inat-173123905-300618239-marcosmortara.jpg,original
Cyrtosperma,175319063,https://www.inaturalist.org/observations/175319063,304674975,https://inaturalist-open-data.s3.amazonaws.com/photos/304674975/original.jpeg,cc-by-nc,"(c) Akmal Idham, some rights reserved (CC BY-NC)",akmal_idham,Akmal Idham,2023-07-28,"Bukit Raja, Selangor, Malaysia",needs_id,False,3.16915,101.4977833333,893,2048,yes,sp/inat-175319063-304674975-akmal-idham.jpg,original
Cyrtosperma,175319063,https://www.inaturalist.org/observations/175319063,304675001,https://inaturalist-open-data.s3.amazonaws.com/photos/304675001/original.jpeg,cc-by-nc,"(c) Akmal Idham, some rights reserved (CC BY-NC)",akmal_idham,Akmal Idham,2023-07-28,"Bukit Raja, Selangor, Malaysia",needs_id,False,3.16915,101.4977833333,893,2048,yes,sp/inat-175319063-304675001-akmal-idham.jpg,original
Cyrtosperma,175319063,https://www.inaturalist.org/observations/175319063,304675018,https://inaturalist-open-data.s3.amazonaws.com/photos/304675018/original.jpeg,cc-by-nc,"(c) Akmal Idham, some rights reserved (CC BY-NC)",akmal_idham,Akmal Idham,2023-07-28,"Bukit Raja, Selangor, Malaysia",needs_id,False,3.16915,101.4977833333,893,2048,yes,sp/inat-175319063-304675018-akmal-idham.jpg,original
Cyrtosperma macrotum,178230144,https://www.inaturalist.org/observations/178230144,310097370,https://inaturalist-open-data.s3.amazonaws.com/photos/310097370/original.jpg,cc-by-nc,"(c) bernhardlettneraustria, some rights reserved (CC BY-NC)",bernhardlettneraustria,,2023-08-13,"Fakfak Tengah, Kabupaten Fakfak, West-Papua, ID",research,False,-2.9189798373,132.3162780818,1536,2048,yes,macrotum/inat-178230144-310097370-bernhardlettneraustria.jpg,original
Cyrtosperma macrotum,178345184,https://www.inaturalist.org/observations/178345184,310323699,https://inaturalist-open-data.s3.amazonaws.com/photos/310323699/original.jpg,cc-by-nc,"(c) bernhardlettneraustria, some rights reserved (CC BY-NC)",bernhardlettneraustria,,2023-08-14,"Jalan Hurimber - Baham - Bomberay, Kabupaten Fakfak, West-Papua, ID",research,False,-2.7423813393,132.3485925868,1536,2048,yes,macrotum/inat-178345184-310323699-bernhardlettneraustria.jpg,original
Cyrtosperma macrotum,178345184,https://www.inaturalist.org/observations/178345184,310323735,https://inaturalist-open-data.s3.amazonaws.com/photos/310323735/original.jpg,cc-by-nc,"(c) bernhardlettneraustria, some rights reserved (CC BY-NC)",bernhardlettneraustria,,2023-08-14,"Jalan Hurimber - Baham - Bomberay, Kabupaten Fakfak, West-Papua, ID",research,False,-2.7423813393,132.3485925868,1536,2048,yes,macrotum/inat-178345184-310323735-bernhardlettneraustria.jpg,original
Cyrtosperma macrotum,178345184,https://www.inaturalist.org/observations/178345184,310323788,https://inaturalist-open-data.s3.amazonaws.com/photos/310323788/original.jpg,cc-by-nc,"(c) bernhardlettneraustria, some rights reserved (CC BY-NC)",bernhardlettneraustria,,2023-08-14,"Jalan Hurimber - Baham - Bomberay, Kabupaten Fakfak, West-Papua, ID",research,False,-2.7423813393,132.3485925868,1536,2048,yes,macrotum/inat-178345184-310323788-bernhardlettneraustria.jpg,original
Cyrtosperma johnstonii,179546462,https://www.inaturalist.org/observations/179546462,312601339,https://inaturalist-open-data.s3.amazonaws.com/photos/312601339/original.jpeg,cc-by-sa,"(c) Manoj Karingamadathil, some rights reserved (CC BY-SA)",manojkmohan,Manoj Karingamadathil,2023-08-10,Singapore Botanic Gardens,casual,False,1.3208353084,103.8160655097,1365,2048,yes,johnstonii/inat-179546462-312601339-manojkmohan.jpg,original
Cyrtosperma macrotum,181756450,https://www.inaturalist.org/observations/181756450,316768069,https://inaturalist-open-data.s3.amazonaws.com/photos/316768069/original.jpeg,cc-by-nc,"(c) bernhardlettneraustria, some rights reserved (CC BY-NC)",bernhardlettneraustria,,2023-08-13,"Fakfak, Papua Barat, Indonesien",needs_id,False,-2.9202287181,132.317564155,2048,1365,yes,macrotum/inat-181756450-316768069-bernhardlettneraustria.jpg,original
Cyrtosperma,182013523,https://www.inaturalist.org/observations/182013523,317269560,https://inaturalist-open-data.s3.amazonaws.com/photos/317269560/original.jpeg,cc-by-nc,"(c) bernhardlettneraustria, some rights reserved (CC BY-NC)",bernhardlettneraustria,,2023-08-30,"Jayapura, Papua, Indonesien",needs_id,False,-2.5443871759,140.1430631493,2048,1365,yes,sp/inat-182013523-317269560-bernhardlettneraustria.jpg,original
Cyrtosperma johnstonii,183311032,https://www.inaturalist.org/observations/183311032,320960345,https://inaturalist-open-data.s3.amazonaws.com/photos/320960345/original.jpg,cc-by-nc,"(c) anapom, some rights reserved (CC BY-NC)",anapom,,2023-09-14,"Singapore Island, SG",research,False,1.2883556727,103.7887923557,1536,2048,yes,johnstonii/inat-183311032-320960345-anapom.jpg,original
Cyrtosperma johnstonii,183311032,https://www.inaturalist.org/observations/183311032,319787470,https://inaturalist-open-data.s3.amazonaws.com/photos/319787470/original.jpg,cc-by-nc,"(c) anapom, some rights reserved (CC BY-NC)",anapom,,2023-09-14,"Singapore Island, SG",research,False,1.2883556727,103.7887923557,1536,2048,yes,johnstonii/inat-183311032-319787470-anapom.jpg,original
Cyrtosperma johnstonii,183311032,https://www.inaturalist.org/observations/183311032,320960249,https://inaturalist-open-data.s3.amazonaws.com/photos/320960249/original.jpg,cc-by-nc,"(c) anapom, some rights reserved (CC BY-NC)",anapom,,2023-09-14,"Singapore Island, SG",research,False,1.2883556727,103.7887923557,1536,2048,yes,johnstonii/inat-183311032-320960249-anapom.jpg,original
Cyrtosperma johnstonii,183311032,https://www.inaturalist.org/observations/183311032,320960291,https://inaturalist-open-data.s3.amazonaws.com/photos/320960291/original.jpg,cc-by-nc,"(c) anapom, some rights reserved (CC BY-NC)",anapom,,2023-09-14,"Singapore Island, SG",research,False,1.2883556727,103.7887923557,1536,2048,yes,johnstonii/inat-183311032-320960291-anapom.jpg,original
Cyrtosperma johnstonii,183313867,https://www.inaturalist.org/observations/183313867,319793244,https://inaturalist-open-data.s3.amazonaws.com/photos/319793244/original.jpeg,cc-by-nc,"(c) pratyeka, some rights reserved (CC BY-NC)",pratyeka,,2023-09-14,"Lincoln Park, Chicago, IL, USA",casual,False,41.9242438482,-87.6353303343,946,2048,yes,johnstonii/inat-183313867-319793244-pratyeka.jpg,original
Cyrtosperma johnstonii,183313867,https://www.inaturalist.org/observations/183313867,319793261,https://inaturalist-open-data.s3.amazonaws.com/photos/319793261/original.jpeg,cc-by-nc,"(c) pratyeka, some rights reserved (CC BY-NC)",pratyeka,,2023-09-14,"Lincoln Park, Chicago, IL, USA",casual,False,41.9242438482,-87.6353303343,2048,946,yes,johnstonii/inat-183313867-319793261-pratyeka.jpg,original
Cyrtosperma johnstonii,184132168,https://www.inaturalist.org/observations/184132168,321342743,https://inaturalist-open-data.s3.amazonaws.com/photos/321342743/original.jpeg,cc-by-nc,"(c) hakkahamushi, some rights reserved (CC BY-NC)",hakkahamushi,,2023-09-17,日本、〒305-0005 茨城県つくば市天久保,casual,False,36.1013332711,140.1112886057,2048,1536,yes,johnstonii/inat-184132168-321342743-hakkahamushi.jpg,original
Cyrtosperma merkusii,185249056,https://www.inaturalist.org/observations/185249056,323506737,https://inaturalist-open-data.s3.amazonaws.com/photos/323506737/original.jpeg,cc-by-nc,"(c) joanalynnjohnny, some rights reserved (CC BY-NC)",joanalynnjohnny,,2023-09-28,"W5MM+XRG, Pohnpei 96941, Micronesia",casual,False,6.934909922,158.1863514706,1536,2048,yes,merkusii/inat-185249056-323506737-joanalynnjohnny.jpg,original
Cyrtosperma merkusii,185249056,https://www.inaturalist.org/observations/185249056,323506785,https://inaturalist-open-data.s3.amazonaws.com/photos/323506785/original.jpeg,cc-by-nc,"(c) joanalynnjohnny, some rights reserved (CC BY-NC)",joanalynnjohnny,,2023-09-28,"W5MM+XRG, Pohnpei 96941, Micronesia",casual,False,6.934909922,158.1863514706,1536,2048,yes,merkusii/inat-185249056-323506785-joanalynnjohnny.jpg,original
Cyrtosperma merkusii,185249056,https://www.inaturalist.org/observations/185249056,323506791,https://www.inaturalist.org/assets/copyright-infringement-original.png,cc-by-nc,"(c) joanalynnjohnny, some rights reserved (CC BY-NC)",joanalynnjohnny,,2023-09-28,"W5MM+XRG, Pohnpei 96941, Micronesia",casual,False,6.934909922,158.1863514706,144,125,listed but not served,merkusii/inat-185249056-323506791-joanalynnjohnny.jpg,
Cyrtosperma merkusii,185250084,https://www.inaturalist.org/observations/185250084,323508771,https://static.inaturalist.org/photos/323508771/original.jpeg,all rights reserved,"(c) Joana Amyda, all rights reserved",joana17264,Joana Amyda,2023-09-28,"Pohnrakied, Pohnpei, Micronesia",casual,False,6.9613583333,158.206205,1536,2048,yes,merkusii/inat-185250084-323508771-joana17264.jpg,original
Cyrtosperma merkusii,185250084,https://www.inaturalist.org/observations/185250084,323508805,https://static.inaturalist.org/photos/323508805/original.jpeg,all rights reserved,"(c) Joana Amyda, all rights reserved",joana17264,Joana Amyda,2023-09-28,"Pohnrakied, Pohnpei, Micronesia",casual,False,6.9613583333,158.206205,1536,2048,yes,merkusii/inat-185250084-323508805-joana17264.jpg,original
Cyrtosperma merkusii,185251017,https://www.inaturalist.org/observations/185251017,323510518,https://static.inaturalist.org/photos/323510518/original.jpeg,all rights reserved,"(c) Mesenda phillip, all rights reserved",mesenda1,Mesenda phillip,2023-09-28,"Kolonia, Pohnpei, Micronesia",casual,False,6.9606417794,158.213621825,1488,1984,yes,merkusii/inat-185251017-323510518-mesenda1.jpg,original
Cyrtosperma merkusii,185251017,https://www.inaturalist.org/observations/185251017,323510548,https://static.inaturalist.org/photos/323510548/original.jpeg,all rights reserved,"(c) Mesenda phillip, all rights reserved",mesenda1,Mesenda phillip,2023-09-28,"Kolonia, Pohnpei, Micronesia",casual,False,6.9606417794,158.213621825,1488,1984,yes,merkusii/inat-185251017-323510548-mesenda1.jpg,original
Cyrtosperma,185508310,https://www.inaturalist.org/observations/185508310,323980354,https://inaturalist-open-data.s3.amazonaws.com/photos/323980354/original.jpeg,cc-by-nc,"(c) Anne Heyerly, some rights reserved (CC BY-NC)",tanager912,Anne Heyerly,2023-07-07,"North Fly District, Papua New Guinea",needs_id,False,-6.002294445,141.3309333333,1536,2048,yes,sp/inat-185508310-323980354-tanager912.jpg,original
Cyrtosperma,186279401,https://www.inaturalist.org/observations/186279401,325506396,https://static.inaturalist.org/photos/325506396/original.jpeg,all rights reserved,"(c) anaxliyana, all rights reserved",anaxliyana,anaxliyana,,"50603 Kuala Lumpur, Federal Territory of Kuala Lumpur, Malaysia",casual,False,3.1307075555,101.6581591219,1542,2048,yes,sp/inat-186279401-325506396-anaxliyana.jpg,original
Cyrtosperma merkusii,187337610,https://www.inaturalist.org/observations/187337610,327592839,https://static.inaturalist.org/photos/327592839/original.jpg,all rights reserved,"(c) Ryan Chia, all rights reserved",rchiacc,Ryan Chia,2023-10-12,"Tanglin, Singapore",needs_id,False,1.3210040577,103.8167781882,960,1280,yes,merkusii/inat-187337610-327592839-rchiacc.jpg,original
Cyrtosperma cuspidispathum,188122673,https://www.inaturalist.org/observations/188122673,329162767,https://inaturalist-open-data.s3.amazonaws.com/photos/329162767/original.jpeg,cc-by,"(c) Cheongweei Gan, some rights reserved (CC BY)",gancw1,Cheongweei Gan,2023-10-19,"Rhepang Muaib, Nimbokrang, Jayapura Regency, Papua, Indonesia",research,False,-2.5635697372,140.0990285352,1153,2048,yes,cuspidispathum/inat-188122673-329162767-gancw1.jpg,original
Cyrtosperma cuspidispathum,188122673,https://www.inaturalist.org/observations/188122673,329162782,https://inaturalist-open-data.s3.amazonaws.com/photos/329162782/original.jpeg,cc-by,"(c) Cheongweei Gan, some rights reserved (CC BY)",gancw1,Cheongweei Gan,2023-10-19,"Rhepang Muaib, Nimbokrang, Jayapura Regency, Papua, Indonesia",research,False,-2.5635697372,140.0990285352,1153,2048,yes,cuspidispathum/inat-188122673-329162782-gancw1.jpg,original
Cyrtosperma cuspidispathum,188122673,https://www.inaturalist.org/observations/188122673,329162812,https://inaturalist-open-data.s3.amazonaws.com/photos/329162812/original.jpeg,cc-by,"(c) Cheongweei Gan, some rights reserved (CC BY)",gancw1,Cheongweei Gan,2023-10-19,"Rhepang Muaib, Nimbokrang, Jayapura Regency, Papua, Indonesia",research,False,-2.5635697372,140.0990285352,1153,2048,yes,cuspidispathum/inat-188122673-329162812-gancw1.jpg,original
Cyrtosperma cuspidispathum,188882213,https://www.inaturalist.org/observations/188882213,330725236,https://inaturalist-open-data.s3.amazonaws.com/photos/330725236/original.jpeg,cc-by,"(c) Cheongweei Gan, some rights reserved (CC BY)",gancw1,Cheongweei Gan,2023-10-25,"Rangkendak, Kramongmongga, Fakfak Regency, West Papua, Indonesia",needs_id,False,-2.7090597083,132.3089639278,1153,2048,yes,cuspidispathum/inat-188882213-330725236-gancw1.jpg,original
Cyrtosperma johnstonii,189968441,https://www.inaturalist.org/observations/189968441,332914331,https://inaturalist-open-data.s3.amazonaws.com/photos/332914331/original.jpg,cc-by-nc,"(c) sdurak, some rights reserved (CC BY-NC)",sdurak,,2023-11-04,"Brooklyn Botanic Garden, New York, NY, US",casual,False,40.6658416062,-73.9619099324,1536,2048,yes,johnstonii/inat-189968441-332914331-sdurak.jpg,original
Cyrtosperma merkusii,191431128,https://www.inaturalist.org/observations/191431128,335822369,https://static.inaturalist.org/photos/335822369/original.jpg,all rights reserved,"(c) Chien Lee, all rights reserved",cclborneo,Chien Lee,2023-08-18,"Bahagian Betong, Sarawak, Malaysia",research,False,1.62838,111.055125,1080,720,yes,merkusii/inat-191431128-335822369-cclborneo.jpg,original
Cyrtosperma hambalii,191639045,https://www.inaturalist.org/observations/191639045,336241964,https://inaturalist-open-data.s3.amazonaws.com/photos/336241964/original.jpg,cc-by-nc-sa,"(c) Yanuar Ishaq Dc, some rights reserved (CC BY-NC-SA)",yanuar_idc,Yanuar Ishaq Dc,2023-11-21,"Sorong Timur, Sorong, West Papua, ID",research,False,-0.91902,131.33902,1152,2048,yes,hambalii/inat-191639045-336241964-yanuar-idc.jpg,original
Cyrtosperma hambalii,191639045,https://www.inaturalist.org/observations/191639045,336242049,https://inaturalist-open-data.s3.amazonaws.com/photos/336242049/original.jpg,cc-by-nc-sa,"(c) Yanuar Ishaq Dc, some rights reserved (CC BY-NC-SA)",yanuar_idc,Yanuar Ishaq Dc,2023-11-21,"Sorong Timur, Sorong, West Papua, ID",research,False,-0.91902,131.33902,1152,2048,yes,hambalii/inat-191639045-336242049-yanuar-idc.jpg,original
Cyrtosperma hambalii,191639045,https://www.inaturalist.org/observations/191639045,336242410,https://inaturalist-open-data.s3.amazonaws.com/photos/336242410/original.jpg,cc-by-nc-sa,"(c) Yanuar Ishaq Dc, some rights reserved (CC BY-NC-SA)",yanuar_idc,Yanuar Ishaq Dc,2023-11-21,"Sorong Timur, Sorong, West Papua, ID",research,False,-0.91902,131.33902,1152,2048,yes,hambalii/inat-191639045-336242410-yanuar-idc.jpg,original
Cyrtosperma hambalii,191639045,https://www.inaturalist.org/observations/191639045,336242512,https://inaturalist-open-data.s3.amazonaws.com/photos/336242512/original.jpg,cc-by-nc-sa,"(c) Yanuar Ishaq Dc, some rights reserved (CC BY-NC-SA)",yanuar_idc,Yanuar Ishaq Dc,2023-11-21,"Sorong Timur, Sorong, West Papua, ID",research,False,-0.91902,131.33902,1152,2048,yes,hambalii/inat-191639045-336242512-yanuar-idc.jpg,original
Cyrtosperma johnstonii,192807867,https://www.inaturalist.org/observations/192807867,338558245,https://inaturalist-open-data.s3.amazonaws.com/photos/338558245/original.jpg,cc-by-nc,"(c) Сергей, some rights reserved (CC BY-NC)",skorotkov,Сергей,2023-12-02,"Ботанический сад МГУ имени М. В. Ломоносова «АПТЕКАРСКИЙ ОГОРОД», Москва, Москва, RU",casual,False,55.7774666667,37.6345366667,1536,2048,yes,johnstonii/inat-192807867-338558245-skorotkov.jpg,original
Cyrtosperma merkusii,197766727,https://www.inaturalist.org/observations/197766727,348402680,https://static.inaturalist.org/photos/348402680/original.jpeg,all rights reserved,"(c) ชาฮิดะฮ ยุทธิอาท, all rights reserved",naturalist83670,ชาฮิดะฮ ยุทธิอาท,2024-01-28,,casual,False,,,1536,2048,yes,merkusii/inat-197766727-348402680-naturalist83670.jpg,original
Cyrtosperma merkusii,197766727,https://www.inaturalist.org/observations/197766727,348402765,https://static.inaturalist.org/photos/348402765/original.jpeg,all rights reserved,"(c) ชาฮิดะฮ ยุทธิอาท, all rights reserved",naturalist83670,ชาฮิดะฮ ยุทธิอาท,2024-01-28,,casual,False,,,1536,2048,yes,merkusii/inat-197766727-348402765-naturalist83670.jpg,original
Cyrtosperma merkusii,197766727,https://www.inaturalist.org/observations/197766727,348402825,https://static.inaturalist.org/photos/348402825/original.jpeg,all rights reserved,"(c) ชาฮิดะฮ ยุทธิอาท, all rights reserved",naturalist83670,ชาฮิดะฮ ยุทธิอาท,2024-01-28,,casual,False,,,2048,1536,yes,merkusii/inat-197766727-348402825-naturalist83670.jpg,original
Cyrtosperma merkusii,197766727,https://www.inaturalist.org/observations/197766727,348402881,https://static.inaturalist.org/photos/348402881/original.jpeg,all rights reserved,"(c) ชาฮิดะฮ ยุทธิอาท, all rights reserved",naturalist83670,ชาฮิดะฮ ยุทธิอาท,2024-01-28,,casual,False,,,2048,1536,yes,merkusii/inat-197766727-348402881-naturalist83670.jpg,original
Cyrtosperma merkusii,198042507,https://www.inaturalist.org/observations/198042507,348963932,https://inaturalist-open-data.s3.amazonaws.com/photos/348963932/original.jpg,cc-by-nc,"(c) Michal Hroneš, some rights reserved (CC BY-NC)",michal_hrones,Michal Hroneš,2024-01-29,,research,True,1.2351549396,103.7482456291,1536,2048,yes,merkusii/inat-198042507-348963932-michal-hrones.jpg,original
Cyrtosperma merkusii,198042507,https://www.inaturalist.org/observations/198042507,348963936,https://inaturalist-open-data.s3.amazonaws.com/photos/348963936/original.jpg,cc-by-nc,"(c) Michal Hroneš, some rights reserved (CC BY-NC)",michal_hrones,Michal Hroneš,2024-01-29,,research,True,1.2351549396,103.7482456291,1536,2048,yes,merkusii/inat-198042507-348963936-michal-hrones.jpg,original
Cyrtosperma merkusii,199325365,https://www.inaturalist.org/observations/199325365,351497775,https://inaturalist-open-data.s3.amazonaws.com/photos/351497775/original.jpg,cc-by-nc,"(c) nascimento1234, some rights reserved (CC BY-NC)",nascimento1234,,2024-02-13,Carauari/AM,casual,False,,,2048,2048,yes,merkusii/inat-199325365-351497775-nascimento1234.jpg,original
Cyrtosperma merkusii,199967042,https://www.inaturalist.org/observations/199967042,352718299,https://inaturalist-open-data.s3.amazonaws.com/photos/352718299/original.jpg,cc-by-nc,"(c) shanelliajibemai, some rights reserved (CC BY-NC)",shanelliajibemai,,2024-02-21,FM,casual,False,6.9120568414,158.1595761515,999,1320,yes,merkusii/inat-199967042-352718299-shanelliajibemai.jpg,original
Cyrtosperma merkusii,200060506,https://www.inaturalist.org/observations/200060506,352898058,https://inaturalist-open-data.s3.amazonaws.com/photos/352898058/original.jpg,cc-by-nc,"(c) jaseryleyangerbe, some rights reserved (CC BY-NC)",jaseryleyangerbe,,2024-02-22,"College of Micronesia - FSM, FM",casual,False,6.9093787816,158.1573161028,485,584,yes,merkusii/inat-200060506-352898058-jaseryleyangerbe.jpg,original
Cyrtosperma merkusii,200061257,https://www.inaturalist.org/observations/200061257,352899341,https://inaturalist-open-data.s3.amazonaws.com/photos/352899341/original.jpeg,cc-by-nc,"(c) leeilem, some rights reserved (CC BY-NC)",leeilem,,2024-02-22,"W555+V5V, Palikir, Pohnpei, Micronesia",casual,False,6.9094692264,158.1573973596,1536,2048,yes,merkusii/inat-200061257-352899341-leeilem.jpg,original
Cyrtosperma merkusii,200062071,https://www.inaturalist.org/observations/200062071,352901021,https://inaturalist-open-data.s3.amazonaws.com/photos/352901021/original.jpeg,cc-by-nc,"(c) jarrettailigtog, some rights reserved (CC BY-NC)",jarrettailigtog,,2024-02-22,"W555+V5V, Palikir, Pohnpei, Micronesia",casual,False,6.9093943371,158.1572558731,752,1003,yes,merkusii/inat-200062071-352901021-jarrettailigtog.jpg,original
Cyrtosperma merkusii,200067326,https://www.inaturalist.org/observations/200067326,352913234,https://inaturalist-open-data.s3.amazonaws.com/photos/352913234/original.jpeg,cc-by-nc,"(c) marslaiy, some rights reserved (CC BY-NC)",marslaiy,,2024-02-22,"Pohnpei, FM",casual,False,6.909677,158.1575064,1152,2048,yes,merkusii/inat-200067326-352913234-marslaiy.jpg,original
Cyrtosperma merkusii,200067344,https://www.inaturalist.org/observations/200067344,352912599,https://static.inaturalist.org/photos/352912599/original.jpg,all rights reserved,"(c) Ritarsky Torres, all rights reserved",ritarsky,Ritarsky Torres,2024-02-22,FM,casual,False,6.8747866061,158.1597920695,1536,2048,yes,merkusii/inat-200067344-352912599-ritarsky.jpg,original
Cyrtosperma merkusii,200067344,https://www.inaturalist.org/observations/200067344,352913987,https://static.inaturalist.org/photos/352913987/original.jpg,all rights reserved,"(c) Ritarsky Torres, all rights reserved",ritarsky,Ritarsky Torres,2024-02-22,FM,casual,False,6.8747866061,158.1597920695,1536,2048,yes,merkusii/inat-200067344-352913987-ritarsky.jpg,original
Cyrtosperma merkusii,200078882,https://www.inaturalist.org/observations/200078882,359660561,https://inaturalist-open-data.s3.amazonaws.com/photos/359660561/original.jpeg,cc-by-nc,"(c) jasireeleon, some rights reserved (CC BY-NC)",jasireeleon,,2024-02-22,"Sokehs, Pohnpei, Micronesia",casual,False,6.9688676489,158.1878561899,1536,2048,yes,merkusii/inat-200078882-359660561-jasireeleon.jpg,original
Cyrtosperma johnstonii,206748940,https://www.inaturalist.org/observations/206748940,365629700,https://static.inaturalist.org/photos/365629700/original.jpeg,all rights reserved,"(c) Dr Spood dude, all rights reserved",themoojuice,Dr Spood dude,2024-04-12,"Collins Ave at Cairns Botanic Gardens, Edge Hill QLD 4870, Australia",research,False,-16.9000155997,145.7482361,1536,2048,yes,johnstonii/inat-206748940-365629700-themoojuice.jpg,original
Cyrtosperma johnstonii,207864290,https://www.inaturalist.org/observations/207864290,367721175,https://inaturalist-open-data.s3.amazonaws.com/photos/367721175/original.jpeg,cc-by-nc,"(c) bicyclherbe, some rights reserved (CC BY-NC)",bicyclherbe,,2024-04-18,"Nong Bon, Prawet, Bangkok 10250, Thaïlande",casual,False,13.6912345,100.6638298,1536,2048,yes,johnstonii/inat-207864290-367721175-bicyclherbe.jpg,original
Cyrtosperma johnstonii,207864290,https://www.inaturalist.org/observations/207864290,367721217,https://inaturalist-open-data.s3.amazonaws.com/photos/367721217/original.jpeg,cc-by-nc,"(c) bicyclherbe, some rights reserved (CC BY-NC)",bicyclherbe,,2024-04-18,"Nong Bon, Prawet, Bangkok 10250, Thaïlande",casual,False,13.6912345,100.6638298,1536,2048,yes,johnstonii/inat-207864290-367721217-bicyclherbe.jpg,original
Cyrtosperma johnstonii,207864290,https://www.inaturalist.org/observations/207864290,367721258,https://inaturalist-open-data.s3.amazonaws.com/photos/367721258/original.jpeg,cc-by-nc,"(c) bicyclherbe, some rights reserved (CC BY-NC)",bicyclherbe,,2024-04-18,"Nong Bon, Prawet, Bangkok 10250, Thaïlande",casual,False,13.6912345,100.6638298,1536,2048,yes,johnstonii/inat-207864290-367721258-bicyclherbe.jpg,original
Cyrtosperma johnstonii,207864290,https://www.inaturalist.org/observations/207864290,367721302,https://inaturalist-open-data.s3.amazonaws.com/photos/367721302/original.jpeg,cc-by-nc,"(c) bicyclherbe, some rights reserved (CC BY-NC)",bicyclherbe,,2024-04-18,"Nong Bon, Prawet, Bangkok 10250, Thaïlande",casual,False,13.6912345,100.6638298,1536,2048,yes,johnstonii/inat-207864290-367721302-bicyclherbe.jpg,original
Cyrtosperma johnstonii,215632761,https://www.inaturalist.org/observations/215632761,381262076,https://inaturalist-open-data.s3.amazonaws.com/photos/381262076/original.jpeg,cc-by-nc,"(c) linshengisaac, some rights reserved (CC BY-NC)",linshengisaac,,2024-05-14,"Tanglin, Singapore",casual,False,1.3194583333,103.8154166667,1536,2048,yes,johnstonii/inat-215632761-381262076-linshengisaac.jpg,original
Cyrtosperma,216149092,https://www.inaturalist.org/observations/216149092,382235455,https://inaturalist-open-data.s3.amazonaws.com/photos/382235455/original.jpeg,cc-by-nc,"(c) lunarjade, some rights reserved (CC BY-NC)",lunarjade,,2024-04-27,"VWCC+J3 Panti Forest, Gunung Panti Recreational Forest, 81900 Kota Tinggi, Johor, Malaysia",needs_id,False,1.8715526,103.9201874,1554,2048,yes,sp/inat-216149092-382235455-lunarjade.jpg,original
Cyrtosperma,220196613,https://www.inaturalist.org/observations/220196613,389832845,https://static.inaturalist.org/photos/389832845/original.jpeg,all rights reserved,"(c) anaxliyana, all rights reserved",anaxliyana,anaxliyana,,"Kemensah Heights, 68000 Ampang, Selangor, Malaysia",casual,False,3.2091920938,101.7575413361,1542,2048,yes,sp/inat-220196613-389832845-anaxliyana.jpg,original
Cyrtosperma,220196613,https://www.inaturalist.org/observations/220196613,389832888,https://static.inaturalist.org/photos/389832888/original.jpeg,all rights reserved,"(c) anaxliyana, all rights reserved",anaxliyana,anaxliyana,,"Kemensah Heights, 68000 Ampang, Selangor, Malaysia",casual,False,3.2091920938,101.7575413361,1542,2048,yes,sp/inat-220196613-389832888-anaxliyana.jpg,original
Cyrtosperma merkusii,229813565,https://www.inaturalist.org/observations/229813565,407979094,https://inaturalist-open-data.s3.amazonaws.com/photos/407979094/original.jpg,cc-by-nc,"(c) Kenneth R. Wood (NTBG), some rights reserved (CC BY-NC)",kenneth_r_wood,Kenneth R. Wood (NTBG),2009-03-24,"Kosrae, Micronesia",research,False,5.2991829,162.9696779,1371,2048,yes,merkusii/inat-229813565-407979094-kenneth-r-wood.jpg,original
Cyrtosperma merkusii,229813565,https://www.inaturalist.org/observations/229813565,407979110,https://inaturalist-open-data.s3.amazonaws.com/photos/407979110/original.jpg,cc-by-nc,"(c) Kenneth R. Wood (NTBG), some rights reserved (CC BY-NC)",kenneth_r_wood,Kenneth R. Wood (NTBG),2009-03-24,"Kosrae, Micronesia",research,False,5.2991829,162.9696779,1371,2048,yes,merkusii/inat-229813565-407979110-kenneth-r-wood.jpg,original
Cyrtosperma merkusii,229813565,https://www.inaturalist.org/observations/229813565,407979120,https://inaturalist-open-data.s3.amazonaws.com/photos/407979120/original.jpg,cc-by-nc,"(c) Kenneth R. Wood (NTBG), some rights reserved (CC BY-NC)",kenneth_r_wood,Kenneth R. Wood (NTBG),2009-03-24,"Kosrae, Micronesia",research,False,5.2991829,162.9696779,1371,2048,yes,merkusii/inat-229813565-407979120-kenneth-r-wood.jpg,original
Cyrtosperma merkusii,231022045,https://www.inaturalist.org/observations/231022045,410258601,https://static.inaturalist.org/photos/410258601/original.jpg,all rights reserved,"(c) Ferdian Wira Pratama, all rights reserved",ferdianwirapratama,Ferdian Wira Pratama,2024-07-18,"Kubu Raya Regency, West Kalimantan, Indonesia",research,False,-0.5883615423,109.6300777216,1536,2048,yes,merkusii/inat-231022045-410258601-ferdianwirapratama.jpg,original
Cyrtosperma merkusii,232653819,https://www.inaturalist.org/observations/232653819,413363847,https://static.inaturalist.org/photos/413363847/original.jpeg,all rights reserved,"(c) hsde66, all rights reserved",hsde66,,2024-07-28,"Borneo, Kabupaten Kotawaringin Barat, Central Kalimantan, ID",research,False,-2.819018326,111.8058240447,1536,2048,yes,merkusii/inat-232653819-413363847-hsde66.jpg,original
Cyrtosperma merkusii,245218911,https://www.inaturalist.org/observations/245218911,437545864,https://static.inaturalist.org/photos/437545864/original.jpeg,all rights reserved,"(c) Gray Watch, all rights reserved",hailingdu,Gray Watch,2024-10-02,"Water Lily Pond, 新加坡, SG, SG",research,False,1.2826062832,103.8667509613,1536,2048,yes,merkusii/inat-245218911-437545864-hailingdu.jpg,original
Cyrtosperma merkusii,245354495,https://www.inaturalist.org/observations/245354495,437811064,https://static.inaturalist.org/photos/437811064/original.jpeg,all rights reserved,"(c) Pelma Gallen, all rights reserved",pelma,Pelma Gallen,2024-10-03,FM,casual,False,6.9112107111,158.1599064825,1536,2048,yes,merkusii/inat-245354495-437811064-pelma.jpg,original
Cyrtosperma merkusii,245354495,https://www.inaturalist.org/observations/245354495,437811258,https://static.inaturalist.org/photos/437811258/original.jpeg,all rights reserved,"(c) Pelma Gallen, all rights reserved",pelma,Pelma Gallen,2024-10-03,FM,casual,False,6.9112107111,158.1599064825,1536,2048,yes,merkusii/inat-245354495-437811258-pelma.jpg,original
Cyrtosperma merkusii,245354495,https://www.inaturalist.org/observations/245354495,437811340,https://static.inaturalist.org/photos/437811340/original.jpeg,all rights reserved,"(c) Pelma Gallen, all rights reserved",pelma,Pelma Gallen,2024-10-03,FM,casual,False,6.9112107111,158.1599064825,1536,2048,yes,merkusii/inat-245354495-437811340-pelma.jpg,original
Cyrtosperma merkusii,245490195,https://www.inaturalist.org/observations/245490195,440240475,https://static.inaturalist.org/photos/440240475/original.jpeg,all rights reserved,"(c) Kerry Hawley, all rights reserved",kayzee-hawley2004,Kerry Hawley,2024-10-04,"Kitti, Pohnpei, Micronesia",casual,False,6.9057916499,158.1640810892,1153,2048,yes,merkusii/inat-245490195-440240475-kayzee-hawley2004.jpg,original
Cyrtosperma merkusii,245875549,https://www.inaturalist.org/observations/245875549,438833273,https://inaturalist-open-data.s3.amazonaws.com/photos/438833273/original.jpeg,cc-by-nc,"(c) racharley, some rights reserved (CC BY-NC)",racharley,,2024-10-06,FM,casual,False,6.8361966667,158.1742866667,1536,2048,yes,merkusii/inat-245875549-438833273-racharley.jpg,original
Cyrtosperma merkusii,245875549,https://www.inaturalist.org/observations/245875549,438833460,https://inaturalist-open-data.s3.amazonaws.com/photos/438833460/original.jpeg,cc-by-nc,"(c) racharley, some rights reserved (CC BY-NC)",racharley,,2024-10-06,FM,casual,False,6.8361966667,158.1742866667,1536,2048,yes,merkusii/inat-245875549-438833460-racharley.jpg,original
Cyrtosperma johnstonii,246644763,https://www.inaturalist.org/observations/246644763,440334719,https://static.inaturalist.org/photos/440334719/original.jpeg,all rights reserved,"(c) Stephanie Geborde, all rights reserved",stephanie64624,Stephanie Geborde,2024-10-03,"Brooklyn, NY, USA",casual,False,40.6658361111,-73.9619,805,1934,yes,johnstonii/inat-246644763-440334719-stephanie64624.jpg,original
Cyrtosperma johnstonii,247506296,https://www.inaturalist.org/observations/247506296,442055282,https://inaturalist-open-data.s3.amazonaws.com/photos/442055282/original.jpeg,cc-by-nc,"(c) legolas1, some rights reserved (CC BY-NC)",legolas1,,2024-10-06,"Queenstown, Singapur",casual,False,1.2793587742,103.7981188546,1536,2048,yes,johnstonii/inat-247506296-442055282-legolas1.jpg,original
Cyrtosperma johnstonii,247506296,https://www.inaturalist.org/observations/247506296,442055445,https://inaturalist-open-data.s3.amazonaws.com/photos/442055445/original.jpeg,cc-by-nc,"(c) legolas1, some rights reserved (CC BY-NC)",legolas1,,2024-10-06,"Queenstown, Singapur",casual,False,1.2793587742,103.7981188546,1536,2048,yes,johnstonii/inat-247506296-442055445-legolas1.jpg,original
Cyrtosperma merkusii,252462960,https://www.inaturalist.org/observations/252462960,451946993,https://inaturalist-open-data.s3.amazonaws.com/photos/451946993/original.jpeg,cc-by-nc,"(c) Bayan Izzani, some rights reserved (CC BY-NC)",bayanizzani,Bayan Izzani,2024-11-20,"Cimenyan, Bandung Regency, West Java, Indonesia",casual,False,-6.8682751451,107.6394548171,2048,1536,yes,merkusii/inat-252462960-451946993-bayanizzani.jpg,original
Cyrtosperma merkusii,252883649,https://www.inaturalist.org/observations/252883649,452739915,https://inaturalist-open-data.s3.amazonaws.com/photos/452739915/original.jpeg,cc-by-nc,"(c) Peri Lee Pipkin, some rights reserved (CC BY-NC)",wildgifts,Peri Lee Pipkin,2024-11-23,"Central Catchment, North, SG",research,False,1.3556722222,103.8075722222,1542,2048,yes,merkusii/inat-252883649-452739915-wildgifts.jpg,original
Cyrtosperma merkusii,252883649,https://www.inaturalist.org/observations/252883649,452739952,https://inaturalist-open-data.s3.amazonaws.com/photos/452739952/original.jpeg,cc-by-nc,"(c) Peri Lee Pipkin, some rights reserved (CC BY-NC)",wildgifts,Peri Lee Pipkin,2024-11-23,"Central Catchment, North, SG",research,False,1.3556722222,103.8075722222,1542,2048,yes,merkusii/inat-252883649-452739952-wildgifts.jpg,original
Cyrtosperma merkusii,252883649,https://www.inaturalist.org/observations/252883649,452739985,https://inaturalist-open-data.s3.amazonaws.com/photos/452739985/original.jpeg,cc-by-nc,"(c) Peri Lee Pipkin, some rights reserved (CC BY-NC)",wildgifts,Peri Lee Pipkin,2024-11-23,"Central Catchment, North, SG",research,False,1.3556722222,103.8075722222,2048,1542,yes,merkusii/inat-252883649-452739985-wildgifts.jpg,original
Cyrtosperma johnstonii,253165689,https://www.inaturalist.org/observations/253165689,453258827,https://inaturalist-open-data.s3.amazonaws.com/photos/453258827/original.jpeg,cc-by-nc,"(c) Bayan Izzani, some rights reserved (CC BY-NC)",bayanizzani,Bayan Izzani,2024-11-26,"Bogor, Kp. Parung Jambu, Bogor City, West Java, Indonesia",casual,False,-6.601420882,106.8007380941,1536,2048,yes,johnstonii/inat-253165689-453258827-bayanizzani.jpg,original
Cyrtosperma cuspidispathum,253166137,https://www.inaturalist.org/observations/253166137,453259574,https://inaturalist-open-data.s3.amazonaws.com/photos/453259574/original.jpeg,cc-by-nc,"(c) Bayan Izzani, some rights reserved (CC BY-NC)",bayanizzani,Bayan Izzani,2024-11-26,"Bogor, Kp. Parung Jambu, Bogor City, West Java, Indonesia",casual,False,-6.6018980556,106.7978313889,1536,2048,yes,cuspidispathum/inat-253166137-453259574-bayanizzani.jpg,original
Cyrtosperma cuspidispathum,253166137,https://www.inaturalist.org/observations/253166137,453259581,https://inaturalist-open-data.s3.amazonaws.com/photos/453259581/original.jpeg,cc-by-nc,"(c) Bayan Izzani, some rights reserved (CC BY-NC)",bayanizzani,Bayan Izzani,2024-11-26,"Bogor, Kp. Parung Jambu, Bogor City, West Java, Indonesia",casual,False,-6.6018980556,106.7978313889,1536,2048,yes,cuspidispathum/inat-253166137-453259581-bayanizzani.jpg,original
Cyrtosperma cuspidispathum,253166137,https://www.inaturalist.org/observations/253166137,453259583,https://inaturalist-open-data.s3.amazonaws.com/photos/453259583/original.jpeg,cc-by-nc,"(c) Bayan Izzani, some rights reserved (CC BY-NC)",bayanizzani,Bayan Izzani,2024-11-26,"Bogor, Kp. Parung Jambu, Bogor City, West Java, Indonesia",casual,False,-6.6018980556,106.7978313889,1536,2048,yes,cuspidispathum/inat-253166137-453259583-bayanizzani.jpg,original
Cyrtosperma johnstonii,253905166,https://www.inaturalist.org/observations/253905166,454692074,https://static.inaturalist.org/photos/454692074/original.jpeg,all rights reserved,"(c) Pritish Appadoo, all rights reserved",pritapp,Pritish Appadoo,2024-11-22,"Tropical Spice Garden | Events Venue | Cooking Classes | Spice Store, Lot 595 Mukim, 2, Jalan Teluk Bahang, Teluk Bahang, 11050 George Town, Pulau Pinang, Malaysia",research,False,5.4634881,100.2293398,1633,2048,yes,johnstonii/inat-253905166-454692074-pritapp.jpg,original
Cyrtosperma merkusii,254653003,https://www.inaturalist.org/observations/254653003,456175720,https://static.inaturalist.org/photos/456175720/original.jpeg,all rights reserved,"(c) Kerry Hawley, all rights reserved",kayzee-hawley2004,Kerry Hawley,,"Kitti, Pohnpei, Micronesia",casual,False,6.905473784,158.1637645885,1153,2048,yes,merkusii/inat-254653003-456175720-kayzee-hawley2004.jpg,original
Cyrtosperma merkusii,256255147,https://www.inaturalist.org/observations/256255147,459408927,https://inaturalist-open-data.s3.amazonaws.com/photos/459408927/original.jpg,cc-by-nc,"(c) tkp123, some rights reserved (CC BY-NC)",tkp123,,2024-06-09,,research,True,1.2030280187,103.9496682274,2048,1365,yes,merkusii/inat-256255147-459408927-tkp123.jpg,original
Cyrtosperma merkusii,256255147,https://www.inaturalist.org/observations/256255147,459408920,https://inaturalist-open-data.s3.amazonaws.com/photos/459408920/original.jpg,cc-by-nc,"(c) tkp123, some rights reserved (CC BY-NC)",tkp123,,2024-06-09,,research,True,1.2030280187,103.9496682274,2048,1365,yes,merkusii/inat-256255147-459408920-tkp123.jpg,original
Cyrtosperma merkusii,257475144,https://www.inaturalist.org/observations/257475144,461889197,https://static.inaturalist.org/photos/461889197/original.jpeg,all rights reserved,"(c) anaxliyana, all rights reserved",anaxliyana,anaxliyana,2025-01-05,"D3-05-12, Block D Tamarind Square, Cyberjaya, 63000 Cyberjaya, Selangor, Malaysia",needs_id,False,2.9203127,101.6362087,921,2048,yes,merkusii/inat-257475144-461889197-anaxliyana.jpg,original
Cyrtosperma merkusii,257475144,https://www.inaturalist.org/observations/257475144,461889218,https://static.inaturalist.org/photos/461889218/original.jpeg,all rights reserved,"(c) anaxliyana, all rights reserved",anaxliyana,anaxliyana,2025-01-05,"D3-05-12, Block D Tamarind Square, Cyberjaya, 63000 Cyberjaya, Selangor, Malaysia",needs_id,False,2.9203127,101.6362087,921,2048,yes,merkusii/inat-257475144-461889218-anaxliyana.jpg,original
Cyrtosperma,258647656,https://www.inaturalist.org/observations/258647656,464111678,https://inaturalist-open-data.s3.amazonaws.com/photos/464111678/original.jpeg,cc-by,"(c) Fabricio Carvalho da Silva, some rights reserved (CC BY)",fabriciocs,Fabricio Carvalho da Silva,2025-01-15,Jardim Botânico do Rio de Janeiro,needs_id,False,-22.9705195399,-43.2234207541,1536,2048,yes,sp/inat-258647656-464111678-fabriciocs.jpg,original
Cyrtosperma,258647656,https://www.inaturalist.org/observations/258647656,464111710,https://inaturalist-open-data.s3.amazonaws.com/photos/464111710/original.jpeg,cc-by,"(c) Fabricio Carvalho da Silva, some rights reserved (CC BY)",fabriciocs,Fabricio Carvalho da Silva,2025-01-15,Jardim Botânico do Rio de Janeiro,needs_id,False,-22.9705195399,-43.2234207541,1536,2048,yes,sp/inat-258647656-464111710-fabriciocs.jpg,original
Cyrtosperma,258647656,https://www.inaturalist.org/observations/258647656,464111690,https://inaturalist-open-data.s3.amazonaws.com/photos/464111690/original.jpeg,cc-by,"(c) Fabricio Carvalho da Silva, some rights reserved (CC BY)",fabriciocs,Fabricio Carvalho da Silva,2025-01-15,Jardim Botânico do Rio de Janeiro,needs_id,False,-22.9705195399,-43.2234207541,1536,2048,yes,sp/inat-258647656-464111690-fabriciocs.jpg,original
Cyrtosperma,258647656,https://www.inaturalist.org/observations/258647656,464111718,https://inaturalist-open-data.s3.amazonaws.com/photos/464111718/original.jpeg,cc-by,"(c) Fabricio Carvalho da Silva, some rights reserved (CC BY)",fabriciocs,Fabricio Carvalho da Silva,2025-01-15,Jardim Botânico do Rio de Janeiro,needs_id,False,-22.9705195399,-43.2234207541,1536,2048,yes,sp/inat-258647656-464111718-fabriciocs.jpg,original
Cyrtosperma merkusii,258796067,https://www.inaturalist.org/observations/258796067,464409807,https://static.inaturalist.org/photos/464409807/original.jpg,all rights reserved,"(c) David Tng, all rights reserved",davidtng,David Tng,2020-05-15,"Cairns QLD, Australia",needs_id,False,-16.9058333333,145.7455555556,1536,2048,yes,merkusii/inat-258796067-464409807-davidtng.jpg,original
Cyrtosperma merkusii,258796067,https://www.inaturalist.org/observations/258796067,464409829,https://static.inaturalist.org/photos/464409829/original.jpg,all rights reserved,"(c) David Tng, all rights reserved",davidtng,David Tng,2020-05-15,"Cairns QLD, Australia",needs_id,False,-16.9058333333,145.7455555556,1536,2048,yes,merkusii/inat-258796067-464409829-davidtng.jpg,original
Cyrtosperma merkusii,258796067,https://www.inaturalist.org/observations/258796067,464409839,https://static.inaturalist.org/photos/464409839/original.jpg,all rights reserved,"(c) David Tng, all rights reserved",davidtng,David Tng,2020-05-15,"Cairns QLD, Australia",needs_id,False,-16.9058333333,145.7455555556,1536,2048,yes,merkusii/inat-258796067-464409839-davidtng.jpg,original
Cyrtosperma merkusii,258796067,https://www.inaturalist.org/observations/258796067,464409614,https://static.inaturalist.org/photos/464409614/original.jpg,all rights reserved,"(c) David Tng, all rights reserved",davidtng,David Tng,2020-05-15,"Cairns QLD, Australia",needs_id,False,-16.9058333333,145.7455555556,1536,2048,yes,merkusii/inat-258796067-464409614-davidtng.jpg,original
Cyrtosperma,259624679,https://www.inaturalist.org/observations/259624679,466090533,https://inaturalist-open-data.s3.amazonaws.com/photos/466090533/original.jpg,cc-by-nc,"(c) Christine McCormack, some rights reserved (CC BY-NC)",chrismac,Christine McCormack,2025-01-06,"Sorong Timur, Sorong, West Papua, ID",needs_id,False,-0.9176998595,131.3441997994,1536,2048,yes,sp/inat-259624679-466090533-chrismac.jpg,original
Cyrtosperma merkusii,260696470,https://www.inaturalist.org/observations/260696470,468217215,https://inaturalist-open-data.s3.amazonaws.com/photos/468217215/original.jpeg,cc-by-nc,"(c) Danny Siwek, some rights reserved (CC BY-NC)",siwek,Danny Siwek,2025-02-05,"Central Catchment, North, SG",needs_id,False,1.3550760923,103.8078094181,2048,1536,yes,merkusii/inat-260696470-468217215-siwek.jpg,original
Cyrtosperma merkusii,260696470,https://www.inaturalist.org/observations/260696470,468217221,https://inaturalist-open-data.s3.amazonaws.com/photos/468217221/original.jpeg,cc-by-nc,"(c) Danny Siwek, some rights reserved (CC BY-NC)",siwek,Danny Siwek,2025-02-05,"Central Catchment, North, SG",needs_id,False,1.3550760923,103.8078094181,1536,2048,yes,merkusii/inat-260696470-468217221-siwek.jpg,original
Cyrtosperma,260884389,https://www.inaturalist.org/observations/260884389,468588148,https://inaturalist-open-data.s3.amazonaws.com/photos/468588148/original.jpg,cc-by-nc,"(c) Rachel Darlington, some rights reserved (CC BY-NC)",douentza,Rachel Darlington,2024-02-10,"Kinabatangan River, Sabah, Malaysia",needs_id,False,5.5983488985,118.1706052199,2048,1365,yes,sp/inat-260884389-468588148-douentza.jpg,original
Cyrtosperma merkusii,261321274,https://www.inaturalist.org/observations/261321274,469454701,https://inaturalist-open-data.s3.amazonaws.com/photos/469454701/original.jpeg,cc-by,"(c) insect ID, some rights reserved (CC BY)",bykovskii,insect ID,2025-02-11,"Кабаюган, Пуэрто-Принцеса, Палаван, Филиппины",research,False,10.125825,118.8587083333,921,2048,yes,merkusii/inat-261321274-469454701-bykovskii.jpg,original
Cyrtosperma merkusii,261321274,https://www.inaturalist.org/observations/261321274,469454720,https://inaturalist-open-data.s3.amazonaws.com/photos/469454720/original.jpeg,cc-by,"(c) insect ID, some rights reserved (CC BY)",bykovskii,insect ID,2025-02-11,"Кабаюган, Пуэрто-Принцеса, Палаван, Филиппины",research,False,10.125825,118.8587083333,921,2048,yes,merkusii/inat-261321274-469454720-bykovskii.jpg,original
Cyrtosperma merkusii,262277636,https://www.inaturalist.org/observations/262277636,471195639,https://inaturalist-open-data.s3.amazonaws.com/photos/471195639/original.jpeg,cc-by-nc-sa,"(c) Véronique, some rights reserved (CC BY-NC-SA)",veronique-t,Véronique,2017-10-13,"Paea, Polynésie française",research,False,-17.7447363262,-149.5672672614,1536,1536,yes,merkusii/inat-262277636-471195639-veronique-t.jpg,original
Cyrtosperma merkusii,263035609,https://www.inaturalist.org/observations/263035609,472864909,https://static.inaturalist.org/photos/472864909/original.jpeg,all rights reserved,"(c) Emars Astete, all rights reserved",emars1,Emars Astete,2025-02-25,Wone,casual,False,6.8104017035,158.2415147871,1280,1280,yes,merkusii/inat-263035609-472864909-emars1.jpg,original
Cyrtosperma merkusii,263240492,https://www.inaturalist.org/observations/263240492,472875083,https://static.inaturalist.org/photos/472875083/original.jpg,all rights reserved,"(c) Hercly Laiuyepiy, all rights reserved",hercly,Hercly Laiuyepiy,2025-02-27,FM,casual,False,6.9094966714,158.1567083333,1536,2048,yes,merkusii/inat-263240492-472875083-hercly.jpg,original
Cyrtosperma merkusii,263268307,https://www.inaturalist.org/observations/263268307,472945136,https://inaturalist-open-data.s3.amazonaws.com/photos/472945136/original.jpeg,cc-by-nc,"(c) Cassandra Lace Jones, some rights reserved (CC BY-NC)",cassandraljones,Cassandra Lace Jones,2025-02-27,"W564+6VM, Palikir, Pohnpei, Micronesia",casual,False,6.9096429694,158.1567006558,1536,2048,yes,merkusii/inat-263268307-472945136-cassandraljones.jpg,original
Cyrtosperma merkusii,263278926,https://www.inaturalist.org/observations/263278926,472950319,https://static.inaturalist.org/photos/472950319/original.jpg,all rights reserved,"(c) Fiona Ilesiuyalo, all rights reserved",fionailesiuyalo21,Fiona Ilesiuyalo,2025-02-27,FM,casual,False,6.9095083333,158.1566778333,1536,2048,yes,merkusii/inat-263278926-472950319-fionailesiuyalo21.jpg,original
Cyrtosperma,263714841,https://www.inaturalist.org/observations/263714841,473806181,https://inaturalist-open-data.s3.amazonaws.com/photos/473806181/original.jpg,cc-by-nc,"(c) Dilyanged, some rights reserved (CC BY-NC)",dilyanged,Dilyanged,2025-02-27,"Palau, PW",needs_id,False,7.2582883333,134.442245,1536,2048,yes,sp/inat-263714841-473806181-dilyanged.jpg,original
Cyrtosperma,263714841,https://www.inaturalist.org/observations/263714841,473806208,https://inaturalist-open-data.s3.amazonaws.com/photos/473806208/original.jpg,cc-by-nc,"(c) Dilyanged, some rights reserved (CC BY-NC)",dilyanged,Dilyanged,2025-02-27,"Palau, PW",needs_id,False,7.2582883333,134.442245,1536,2048,yes,sp/inat-263714841-473806208-dilyanged.jpg,original
Cyrtosperma,263714841,https://www.inaturalist.org/observations/263714841,473806219,https://inaturalist-open-data.s3.amazonaws.com/photos/473806219/original.jpg,cc-by-nc,"(c) Dilyanged, some rights reserved (CC BY-NC)",dilyanged,Dilyanged,2025-02-27,"Palau, PW",needs_id,False,7.2582883333,134.442245,1536,2048,yes,sp/inat-263714841-473806219-dilyanged.jpg,original
Cyrtosperma,263714841,https://www.inaturalist.org/observations/263714841,473806239,https://inaturalist-open-data.s3.amazonaws.com/photos/473806239/original.jpg,cc-by-nc,"(c) Dilyanged, some rights reserved (CC BY-NC)",dilyanged,Dilyanged,2025-02-27,"Palau, PW",needs_id,False,7.2582883333,134.442245,1536,2048,yes,sp/inat-263714841-473806239-dilyanged.jpg,original
Cyrtosperma merkusii,267149885,https://www.inaturalist.org/observations/267149885,480058427,https://inaturalist-open-data.s3.amazonaws.com/photos/480058427/original.jpg,cc-by-nc,"(c) yukipani03, some rights reserved (CC BY-NC)",yukipani03,,2025-03-19,"Sarawak, MY",research,True,1.5288417014,110.3648433643,2048,1536,yes,merkusii/inat-267149885-480058427-yukipani03.jpg,original
Cyrtosperma merkusii,267149885,https://www.inaturalist.org/observations/267149885,480058453,https://inaturalist-open-data.s3.amazonaws.com/photos/480058453/original.jpg,cc-by-nc,"(c) yukipani03, some rights reserved (CC BY-NC)",yukipani03,,2025-03-19,"Sarawak, MY",research,True,1.5288417014,110.3648433643,2048,1536,yes,merkusii/inat-267149885-480058453-yukipani03.jpg,original
Cyrtosperma giganteum,267486281,https://www.inaturalist.org/observations/267486281,480704549,https://inaturalist-open-data.s3.amazonaws.com/photos/480704549/original.jpeg,cc-by-nc,"(c) flora and fauna of papua indonesia, some rights reserved (CC BY-NC)",mico9597,flora and fauna of papua indonesia,,"Kadun Jaya, Kec. Mimika Tim., Kabupaten Mimika, Papua, Indonesia",casual,False,-4.6629272036,136.7349148169,904,1586,yes,giganteum/inat-267486281-480704549-mico9597.jpg,original
Cyrtosperma giganteum,267486281,https://www.inaturalist.org/observations/267486281,480704565,https://inaturalist-open-data.s3.amazonaws.com/photos/480704565/original.jpeg,cc-by-nc,"(c) flora and fauna of papua indonesia, some rights reserved (CC BY-NC)",mico9597,flora and fauna of papua indonesia,,"Kadun Jaya, Kec. Mimika Tim., Kabupaten Mimika, Papua, Indonesia",casual,False,-4.6629272036,136.7349148169,1536,2048,yes,giganteum/inat-267486281-480704565-mico9597.jpg,original
Cyrtosperma johnstonii,271451974,https://www.inaturalist.org/observations/271451974,488283870,https://inaturalist-open-data.s3.amazonaws.com/photos/488283870/original.jpeg,cc-by-nc,"(c) Alexander M Duggie, some rights reserved (CC BY-NC)",amduggie,Alexander M Duggie,2025-04-19,"Tanglin, Singapore",casual,False,1.3108724,103.8152601997,2048,1153,yes,johnstonii/inat-271451974-488283870-amduggie.jpg,original
Cyrtosperma johnstonii,271451974,https://www.inaturalist.org/observations/271451974,488283922,https://inaturalist-open-data.s3.amazonaws.com/photos/488283922/original.jpeg,cc-by-nc,"(c) Alexander M Duggie, some rights reserved (CC BY-NC)",amduggie,Alexander M Duggie,2025-04-19,"Tanglin, Singapore",casual,False,1.3108724,103.8152601997,2048,1153,yes,johnstonii/inat-271451974-488283922-amduggie.jpg,original
Cyrtosperma johnstonii,271451974,https://www.inaturalist.org/observations/271451974,488283970,https://inaturalist-open-data.s3.amazonaws.com/photos/488283970/original.jpeg,cc-by-nc,"(c) Alexander M Duggie, some rights reserved (CC BY-NC)",amduggie,Alexander M Duggie,2025-04-19,"Tanglin, Singapore",casual,False,1.3108724,103.8152601997,2048,1153,yes,johnstonii/inat-271451974-488283970-amduggie.jpg,original
Cyrtosperma,272852163,https://www.inaturalist.org/observations/272852163,490888753,https://static.inaturalist.org/photos/490888753/original.jpeg,all rights reserved,"(c) Elijah Montecillo, all rights reserved",elijah17053,Elijah Montecillo,2025-04-25,"HW6H+5RQ, Nabunturan, Davao de Oro, Philippines",casual,False,7.56019945,125.92886753,1536,2048,yes,sp/inat-272852163-490888753-elijah17053.jpg,original
Cyrtosperma johnstonii,273690463,https://www.inaturalist.org/observations/273690463,492195488,https://inaturalist-open-data.s3.amazonaws.com/photos/492195488/original.jpeg,cc-by-nc,"(c) lguchrmo_rustomamante, some rights reserved (CC BY-NC)",lguchrmo_rustomamante,lguchrmo_rustomamante,2025-04-25,Busaon,needs_id,False,7.3642431405,125.7788969949,924,2048,yes,johnstonii/inat-273690463-492195488-lguchrmo-rustomamante.jpg,original
Cyrtosperma,274513629,https://www.inaturalist.org/observations/274513629,493457879,https://inaturalist-open-data.s3.amazonaws.com/photos/493457879/original.jpg,cc-by,"(c) Vreni Gem O. Caasi, some rights reserved (CC BY)",caseyfication,Vreni Gem O. Caasi,2025-04-27,"Tagum, Davao del Norte, Philippines",needs_id,False,7.4722503868,125.8312744922,1536,2048,yes,sp/inat-274513629-493457879-caseyfication.jpg,original
Cyrtosperma hambalii,279464995,https://www.inaturalist.org/observations/279464995,501844145,https://static.inaturalist.org/photos/501844145/original.jpeg,all rights reserved,"(c) Dwi Suratman, all rights reserved",dwisuratman,Dwi Suratman,2025-05-08,"38HM+6HR, Klablim, Distrik Sorong Timur, Kota Sorong, Papua Bar. 98414, Indonesia",research,False,-0.9211527778,131.3343194444,1536,2048,yes,hambalii/inat-279464995-501844145-dwisuratman.jpg,original
Cyrtosperma hambalii,279464995,https://www.inaturalist.org/observations/279464995,501844223,https://static.inaturalist.org/photos/501844223/original.jpeg,all rights reserved,"(c) Dwi Suratman, all rights reserved",dwisuratman,Dwi Suratman,2025-05-08,"38HM+6HR, Klablim, Distrik Sorong Timur, Kota Sorong, Papua Bar. 98414, Indonesia",research,False,-0.9211527778,131.3343194444,1536,2048,yes,hambalii/inat-279464995-501844223-dwisuratman.jpg,original
Cyrtosperma hambalii,279468358,https://www.inaturalist.org/observations/279468358,501849940,https://inaturalist-open-data.s3.amazonaws.com/photos/501849940/original.jpg,cc-by-nc-sa,"(c) Yanuar Ishaq Dc, some rights reserved (CC BY-NC-SA)",yanuar_idc,Yanuar Ishaq Dc,2025-05-08,"Sorong Timur, Sorong, West Papua, ID",research,False,-0.918895,131.3394783333,1152,2048,yes,hambalii/inat-279468358-501849940-yanuar-idc.jpg,original
Cyrtosperma hambalii,279468358,https://www.inaturalist.org/observations/279468358,501850069,https://inaturalist-open-data.s3.amazonaws.com/photos/501850069/original.jpg,cc-by-nc-sa,"(c) Yanuar Ishaq Dc, some rights reserved (CC BY-NC-SA)",yanuar_idc,Yanuar Ishaq Dc,2025-05-08,"Sorong Timur, Sorong, West Papua, ID",research,False,-0.918895,131.3394783333,1152,2048,yes,hambalii/inat-279468358-501850069-yanuar-idc.jpg,original
Cyrtosperma hambalii,279468358,https://www.inaturalist.org/observations/279468358,501850118,https://inaturalist-open-data.s3.amazonaws.com/photos/501850118/original.jpg,cc-by-nc-sa,"(c) Yanuar Ishaq Dc, some rights reserved (CC BY-NC-SA)",yanuar_idc,Yanuar Ishaq Dc,2025-05-08,"Sorong Timur, Sorong, West Papua, ID",research,False,-0.918895,131.3394783333,1152,2048,yes,hambalii/inat-279468358-501850118-yanuar-idc.jpg,original
Cyrtosperma hambalii,279468358,https://www.inaturalist.org/observations/279468358,501850182,https://inaturalist-open-data.s3.amazonaws.com/photos/501850182/original.jpg,cc-by-nc-sa,"(c) Yanuar Ishaq Dc, some rights reserved (CC BY-NC-SA)",yanuar_idc,Yanuar Ishaq Dc,2025-05-08,"Sorong Timur, Sorong, West Papua, ID",research,False,-0.918895,131.3394783333,1152,2048,yes,hambalii/inat-279468358-501850182-yanuar-idc.jpg,original
Cyrtosperma hambalii,279468358,https://www.inaturalist.org/observations/279468358,501850238,https://inaturalist-open-data.s3.amazonaws.com/photos/501850238/original.jpg,cc-by-nc-sa,"(c) Yanuar Ishaq Dc, some rights reserved (CC BY-NC-SA)",yanuar_idc,Yanuar Ishaq Dc,2025-05-08,"Sorong Timur, Sorong, West Papua, ID",research,False,-0.918895,131.3394783333,1152,2048,yes,hambalii/inat-279468358-501850238-yanuar-idc.jpg,original
Cyrtosperma hambalii,279468358,https://www.inaturalist.org/observations/279468358,501850283,https://inaturalist-open-data.s3.amazonaws.com/photos/501850283/original.jpg,cc-by-nc-sa,"(c) Yanuar Ishaq Dc, some rights reserved (CC BY-NC-SA)",yanuar_idc,Yanuar Ishaq Dc,2025-05-08,"Sorong Timur, Sorong, West Papua, ID",research,False,-0.918895,131.3394783333,1152,2048,yes,hambalii/inat-279468358-501850283-yanuar-idc.jpg,original
Cyrtosperma merkusii,289484846,https://www.inaturalist.org/observations/289484846,520681116,https://inaturalist-open-data.s3.amazonaws.com/photos/520681116/original.jpg,cc-by,"(c) Ong Jyh Seng, some rights reserved (CC BY)",ongzi,Ong Jyh Seng,2025-06-14,"WJQV+36, Cyberjaya, 63000 Cyberjaya, Selangor, Malaysia",research,False,2.9382638889,101.6421027778,2048,1536,yes,merkusii/inat-289484846-520681116-ongzi.jpg,original
Cyrtosperma carrii,290257769,https://www.inaturalist.org/observations/290257769,522136316,https://inaturalist-open-data.s3.amazonaws.com/photos/522136316/original.jpg,cc-by-nc,"(c) johnpaulhouston, some rights reserved (CC BY-NC)",johnpaulhouston,,2025-06-07,"Koiari Rural LLG, Central Province, Papua New Guinea",research,False,-9.4658276278,147.5044815615,432,960,yes,carrii/inat-290257769-522136316-johnpaulhouston.jpg,original
Cyrtosperma carrii,290257769,https://www.inaturalist.org/observations/290257769,522136345,https://inaturalist-open-data.s3.amazonaws.com/photos/522136345/original.jpg,cc-by-nc,"(c) johnpaulhouston, some rights reserved (CC BY-NC)",johnpaulhouston,,2025-06-07,"Koiari Rural LLG, Central Province, Papua New Guinea",research,False,-9.4658276278,147.5044815615,809,1080,yes,carrii/inat-290257769-522136345-johnpaulhouston.jpg,original
Cyrtosperma,292398807,https://www.inaturalist.org/observations/292398807,526182504,https://inaturalist-open-data.s3.amazonaws.com/photos/526182504/original.jpg,cc-by-nc,"(c) Ibnu Zaki, some rights reserved (CC BY-NC)",ibnu_fatieh_nurzakki,Ibnu Zaki,2025-06-19,"9RX2+M7Q Akuatik Park, RT.04/RW.02, Paledang, Bogor Tengah, Bogor City, West Java 16122, Indonesia",casual,False,-6.6006184286,106.8007192388,1532,2048,yes,sp/inat-292398807-526182504-ibnu-fatieh-nurzakki.jpg,original
Cyrtosperma,292398807,https://www.inaturalist.org/observations/292398807,526182645,https://inaturalist-open-data.s3.amazonaws.com/photos/526182645/original.jpg,cc-by-nc,"(c) Ibnu Zaki, some rights reserved (CC BY-NC)",ibnu_fatieh_nurzakki,Ibnu Zaki,2025-06-19,"9RX2+M7Q Akuatik Park, RT.04/RW.02, Paledang, Bogor Tengah, Bogor City, West Java 16122, Indonesia",casual,False,-6.6006184286,106.8007192388,1532,2048,yes,sp/inat-292398807-526182645-ibnu-fatieh-nurzakki.jpg,original
Cyrtosperma,292398807,https://www.inaturalist.org/observations/292398807,526182797,https://inaturalist-open-data.s3.amazonaws.com/photos/526182797/original.jpg,cc-by-nc,"(c) Ibnu Zaki, some rights reserved (CC BY-NC)",ibnu_fatieh_nurzakki,Ibnu Zaki,2025-06-19,"9RX2+M7Q Akuatik Park, RT.04/RW.02, Paledang, Bogor Tengah, Bogor City, West Java 16122, Indonesia",casual,False,-6.6006184286,106.8007192388,1532,2048,yes,sp/inat-292398807-526182797-ibnu-fatieh-nurzakki.jpg,original
Cyrtosperma giganteum,293022569,https://www.inaturalist.org/observations/293022569,527379827,https://inaturalist-open-data.s3.amazonaws.com/photos/527379827/original.jpg,cc-by-nc,"(c) avamliu, some rights reserved (CC BY-NC)",avamliu,,2025-06-27,"Singapore Botanic Gardens, Singapore, SG, SG",casual,False,1.3149615191,103.8142602147,1536,2048,yes,giganteum/inat-293022569-527379827-avamliu.jpg,original
Cyrtosperma,295030641,https://www.inaturalist.org/observations/295030641,531090429,https://inaturalist-open-data.s3.amazonaws.com/photos/531090429/original.jpg,cc-by-nc,"(c) Alip Alawi, some rights reserved (CC BY-NC)",alipalawi,Alip Alawi,2025-07-05,"5GJR+4GG, Jatipancur, Kec. Greged, Kabupaten Cirebon, Jawa Barat 45172, Indonesia",casual,False,-6.8196924774,108.5413257033,1200,1600,yes,sp/inat-295030641-531090429-alipalawi.jpg,original
Cyrtosperma,295030641,https://www.inaturalist.org/observations/295030641,531090444,https://inaturalist-open-data.s3.amazonaws.com/photos/531090444/original.jpg,cc-by-nc,"(c) Alip Alawi, some rights reserved (CC BY-NC)",alipalawi,Alip Alawi,2025-07-05,"5GJR+4GG, Jatipancur, Kec. Greged, Kabupaten Cirebon, Jawa Barat 45172, Indonesia",casual,False,-6.8196924774,108.5413257033,1200,1600,yes,sp/inat-295030641-531090444-alipalawi.jpg,original
Cyrtosperma,295030641,https://www.inaturalist.org/observations/295030641,531090463,https://inaturalist-open-data.s3.amazonaws.com/photos/531090463/original.jpg,cc-by-nc,"(c) Alip Alawi, some rights reserved (CC BY-NC)",alipalawi,Alip Alawi,2025-07-05,"5GJR+4GG, Jatipancur, Kec. Greged, Kabupaten Cirebon, Jawa Barat 45172, Indonesia",casual,False,-6.8196924774,108.5413257033,966,1288,yes,sp/inat-295030641-531090463-alipalawi.jpg,original
Cyrtosperma,295045879,https://www.inaturalist.org/observations/295045879,531119923,https://inaturalist-open-data.s3.amazonaws.com/photos/531119923/original.jpg,cc-by-nc,"(c) desiplutfiah_1512, some rights reserved (CC BY-NC)",desiplutfiah_1512,,,"Istana Bogor, Paledang, Kecamatan Bogor Tengah, Kota Bogor, Jawa Barat, Indonesia",casual,False,-6.597628929,106.799569577,1536,2048,yes,sp/inat-295045879-531119923-desiplutfiah-1512.jpg,original
Cyrtosperma macrotum,300005892,https://www.inaturalist.org/observations/300005892,541587877,https://static.inaturalist.org/photos/541587877/original.jpg,all rights reserved,"(c) dougnaturalist, all rights reserved",dougnaturalist,,2025-07-22,"Western Province, PG",needs_id,False,-6.0020497781,141.3308666635,1536,2048,yes,macrotum/inat-300005892-541587877-dougnaturalist.jpg,original
Cyrtosperma merkusii,303448880,https://www.inaturalist.org/observations/303448880,546936758,https://inaturalist-open-data.s3.amazonaws.com/photos/546936758/original.jpg,cc-by-nc-sa,"(c) Aiman Azmi, some rights reserved (CC BY-NC-SA)",aiman_azmi,Aiman Azmi,2025-08-03,"Selangor, MY",research,True,2.8050199383,101.6536388269,1536,2048,yes,merkusii/inat-303448880-546936758-aiman-azmi.jpg,original
Cyrtosperma merkusii,303448880,https://www.inaturalist.org/observations/303448880,546936843,https://inaturalist-open-data.s3.amazonaws.com/photos/546936843/original.jpg,cc-by-nc-sa,"(c) Aiman Azmi, some rights reserved (CC BY-NC-SA)",aiman_azmi,Aiman Azmi,2025-08-03,"Selangor, MY",research,True,2.8050199383,101.6536388269,1536,2048,yes,merkusii/inat-303448880-546936843-aiman-azmi.jpg,original
Cyrtosperma merkusii,303448880,https://www.inaturalist.org/observations/303448880,546936768,https://inaturalist-open-data.s3.amazonaws.com/photos/546936768/original.jpg,cc-by-nc-sa,"(c) Aiman Azmi, some rights reserved (CC BY-NC-SA)",aiman_azmi,Aiman Azmi,2025-08-03,"Selangor, MY",research,True,2.8050199383,101.6536388269,1536,2048,yes,merkusii/inat-303448880-546936768-aiman-azmi.jpg,original
Cyrtosperma merkusii,303448880,https://www.inaturalist.org/observations/303448880,546936763,https://inaturalist-open-data.s3.amazonaws.com/photos/546936763/original.jpg,cc-by-nc-sa,"(c) Aiman Azmi, some rights reserved (CC BY-NC-SA)",aiman_azmi,Aiman Azmi,2025-08-03,"Selangor, MY",research,True,2.8050199383,101.6536388269,1536,2048,yes,merkusii/inat-303448880-546936763-aiman-azmi.jpg,original
Cyrtosperma merkusii,303448880,https://www.inaturalist.org/observations/303448880,546936827,https://inaturalist-open-data.s3.amazonaws.com/photos/546936827/original.jpg,cc-by-nc-sa,"(c) Aiman Azmi, some rights reserved (CC BY-NC-SA)",aiman_azmi,Aiman Azmi,2025-08-03,"Selangor, MY",research,True,2.8050199383,101.6536388269,1536,2048,yes,merkusii/inat-303448880-546936827-aiman-azmi.jpg,original
Cyrtosperma johnstonii,307352557,https://www.inaturalist.org/observations/307352557,554368324,https://static.inaturalist.org/photos/554368324/original.jpg,all rights reserved,"(c) David Morales-Zambrano, all rights reserved",davidmor46,David Morales-Zambrano,2025-08-18,"Falcón, Maracaibo, Zulia, VE",needs_id,False,10.656425,-71.60927,1152,2048,yes,johnstonii/inat-307352557-554368324-davidmor46.jpg,original
Cyrtosperma,308838089,https://www.inaturalist.org/observations/308838089,557230127,https://inaturalist-open-data.s3.amazonaws.com/photos/557230127/original.jpg,cc-by-nc,"(c) yerbasanta, some rights reserved (CC BY-NC)",yerbasanta,yerbasanta,2025-08-13,"San Marino, CA 91108, USA",casual,False,34.1287791538,-118.11439991,1152,2048,yes,sp/inat-308838089-557230127-yerbasanta.jpg,original
Cyrtosperma,308838089,https://www.inaturalist.org/observations/308838089,557230180,https://inaturalist-open-data.s3.amazonaws.com/photos/557230180/original.jpg,cc-by-nc,"(c) yerbasanta, some rights reserved (CC BY-NC)",yerbasanta,yerbasanta,2025-08-13,"San Marino, CA 91108, USA",casual,False,34.1287791538,-118.11439991,1152,2048,yes,sp/inat-308838089-557230180-yerbasanta.jpg,original
Cyrtosperma,308838089,https://www.inaturalist.org/observations/308838089,557230217,https://inaturalist-open-data.s3.amazonaws.com/photos/557230217/original.jpg,cc-by-nc,"(c) yerbasanta, some rights reserved (CC BY-NC)",yerbasanta,yerbasanta,2025-08-13,"San Marino, CA 91108, USA",casual,False,34.1287791538,-118.11439991,1152,2048,yes,sp/inat-308838089-557230217-yerbasanta.jpg,original
Cyrtosperma,308838089,https://www.inaturalist.org/observations/308838089,557230256,https://inaturalist-open-data.s3.amazonaws.com/photos/557230256/original.jpg,cc-by-nc,"(c) yerbasanta, some rights reserved (CC BY-NC)",yerbasanta,yerbasanta,2025-08-13,"San Marino, CA 91108, USA",casual,False,34.1287791538,-118.11439991,1152,2048,yes,sp/inat-308838089-557230256-yerbasanta.jpg,original
Cyrtosperma,308838089,https://www.inaturalist.org/observations/308838089,557253722,https://inaturalist-open-data.s3.amazonaws.com/photos/557253722/original.jpg,cc-by-nc,"(c) yerbasanta, some rights reserved (CC BY-NC)",yerbasanta,yerbasanta,2025-08-13,"San Marino, CA 91108, USA",casual,False,34.1287791538,-118.11439991,1152,2048,yes,sp/inat-308838089-557253722-yerbasanta.jpg,original
Cyrtosperma,311394059,https://www.inaturalist.org/observations/311394059,562125174,https://inaturalist-open-data.s3.amazonaws.com/photos/562125174/original.jpg,cc-by-nc,"(c) GEETHA KUMARI Boga, some rights reserved (CC BY-NC)",geetha_kumari,GEETHA KUMARI Boga,,,casual,False,,,1080,1920,yes,sp/inat-311394059-562125174-geetha-kumari.jpg,original
Cyrtosperma,311484194,https://www.inaturalist.org/observations/311484194,562291586,https://inaturalist-open-data.s3.amazonaws.com/photos/562291586/original.jpg,cc-by-nc,"(c) Hani Ristiawan, some rights reserved (CC BY-NC)",haniristiawan,Hani Ristiawan,2025-07-25,"Kota Sorong, ID-IB, ID",needs_id,False,-0.9181454857,131.3440057681,1536,2048,yes,sp/inat-311484194-562291586-haniristiawan.jpg,original
Cyrtosperma,311484194,https://www.inaturalist.org/observations/311484194,562291654,https://inaturalist-open-data.s3.amazonaws.com/photos/562291654/original.jpg,cc-by-nc,"(c) Hani Ristiawan, some rights reserved (CC BY-NC)",haniristiawan,Hani Ristiawan,2025-07-25,"Kota Sorong, ID-IB, ID",needs_id,False,-0.9181454857,131.3440057681,1536,2048,yes,sp/inat-311484194-562291654-haniristiawan.jpg,original
Cyrtosperma macrotum,311936998,https://www.inaturalist.org/observations/311936998,563147848,https://inaturalist-open-data.s3.amazonaws.com/photos/563147848/original.jpg,cc-by-nc,"(c) Hakim, some rights reserved (CC BY-NC)",abduelhakim,Hakim,2024-01-17,"3G46+FGR, Malalilis, Distrik Klayili, Kabupaten Sorong, Papua Bar., Indonesia",needs_id,False,-0.9437529132,131.5112775564,1080,1620,yes,macrotum/inat-311936998-563147848-abduelhakim.jpg,original
Cyrtosperma merkusii,312385105,https://www.inaturalist.org/observations/312385105,564000669,https://inaturalist-open-data.s3.amazonaws.com/photos/564000669/original.jpg,cc-by-nc,"(c) mercury9nine, some rights reserved (CC BY-NC)",mercury9nine,,2025-09-08,"Singapore, SG, SG",research,False,1.3417386835,103.829465523,1536,2048,yes,merkusii/inat-312385105-564000669-mercury9nine.jpg,original
Cyrtosperma merkusii,312385105,https://www.inaturalist.org/observations/312385105,564000668,https://inaturalist-open-data.s3.amazonaws.com/photos/564000668/original.jpg,cc-by-nc,"(c) mercury9nine, some rights reserved (CC BY-NC)",mercury9nine,,2025-09-08,"Singapore, SG, SG",research,False,1.3417386835,103.829465523,1536,2048,yes,merkusii/inat-312385105-564000668-mercury9nine.jpg,original
Cyrtosperma merkusii,312385105,https://www.inaturalist.org/observations/312385105,564000670,https://inaturalist-open-data.s3.amazonaws.com/photos/564000670/original.jpg,cc-by-nc,"(c) mercury9nine, some rights reserved (CC BY-NC)",mercury9nine,,2025-09-08,"Singapore, SG, SG",research,False,1.3417386835,103.829465523,1536,2048,yes,merkusii/inat-312385105-564000670-mercury9nine.jpg,original
Cyrtosperma merkusii,312385105,https://www.inaturalist.org/observations/312385105,564000667,https://inaturalist-open-data.s3.amazonaws.com/photos/564000667/original.jpg,cc-by-nc,"(c) mercury9nine, some rights reserved (CC BY-NC)",mercury9nine,,2025-09-08,"Singapore, SG, SG",research,False,1.3417386835,103.829465523,1536,2048,yes,merkusii/inat-312385105-564000667-mercury9nine.jpg,original
Cyrtosperma,313746158,https://www.inaturalist.org/observations/313746158,566612595,https://inaturalist-open-data.s3.amazonaws.com/photos/566612595/original.jpg,cc-by-nc,"(c) Ben Ackerley, some rights reserved (CC BY-NC)",benackerley,Ben Ackerley,2025-01-06,"Sorong Timur, Sorong, West Papua, ID",needs_id,False,-0.9184033333,131.3432616667,1667,2048,yes,sp/inat-313746158-566612595-benackerley.jpg,original
Cyrtosperma merkusii,315462630,https://www.inaturalist.org/observations/315462630,569879276,https://static.inaturalist.org/photos/569879276/original.jpg,all rights reserved,"(c) ., all rights reserved",user157,.,2025-09-21,,needs_id,True,,,1152,2048,yes,merkusii/inat-315462630-569879276-user157.jpg,original
Cyrtosperma merkusii,315462630,https://www.inaturalist.org/observations/315462630,569879318,https://static.inaturalist.org/photos/569879318/original.jpg,all rights reserved,"(c) ., all rights reserved",user157,.,2025-09-21,,needs_id,True,,,1152,2048,yes,merkusii/inat-315462630-569879318-user157.jpg,original
Cyrtosperma merkusii,315462630,https://www.inaturalist.org/observations/315462630,569879348,https://static.inaturalist.org/photos/569879348/original.jpg,all rights reserved,"(c) ., all rights reserved",user157,.,2025-09-21,,needs_id,True,,,1536,2048,yes,merkusii/inat-315462630-569879348-user157.jpg,original
Cyrtosperma,315989798,https://www.inaturalist.org/observations/315989798,570883972,https://inaturalist-open-data.s3.amazonaws.com/photos/570883972/original.jpg,cc-by-nc,"(c) Hani Ristiawan, some rights reserved (CC BY-NC)",haniristiawan,Hani Ristiawan,2025-08-28,"Kota Sorong, Papua Bar., Indonesia",needs_id,False,-0.9334460604,131.4144442461,1536,2048,yes,sp/inat-315989798-570883972-haniristiawan.jpg,original
Cyrtosperma,315989798,https://www.inaturalist.org/observations/315989798,570883976,https://inaturalist-open-data.s3.amazonaws.com/photos/570883976/original.jpg,cc-by-nc,"(c) Hani Ristiawan, some rights reserved (CC BY-NC)",haniristiawan,Hani Ristiawan,2025-08-28,"Kota Sorong, Papua Bar., Indonesia",needs_id,False,-0.9334460604,131.4144442461,1536,2048,yes,sp/inat-315989798-570883976-haniristiawan.jpg,original
Cyrtosperma,315989798,https://www.inaturalist.org/observations/315989798,570883999,https://inaturalist-open-data.s3.amazonaws.com/photos/570883999/original.jpg,cc-by-nc,"(c) Hani Ristiawan, some rights reserved (CC BY-NC)",haniristiawan,Hani Ristiawan,2025-08-28,"Kota Sorong, Papua Bar., Indonesia",needs_id,False,-0.9334460604,131.4144442461,1536,2048,yes,sp/inat-315989798-570883999-haniristiawan.jpg,original
Cyrtosperma,316054375,https://www.inaturalist.org/observations/316054375,570983728,https://inaturalist-open-data.s3.amazonaws.com/photos/570983728/original.jpg,cc-by-nc,"(c) Hakim, some rights reserved (CC BY-NC)",abduelhakim,Hakim,2024-01-27,"Malalilis, Distrik Klayili, Kabupaten Sorong, Papua Bar., Indonesia",needs_id,False,-0.9437535,131.5112776,1365,2048,yes,sp/inat-316054375-570983728-abduelhakim.jpg,original
Cyrtosperma,316054375,https://www.inaturalist.org/observations/316054375,570983638,https://inaturalist-open-data.s3.amazonaws.com/photos/570983638/original.jpg,cc-by-nc,"(c) Hakim, some rights reserved (CC BY-NC)",abduelhakim,Hakim,2024-01-27,"Malalilis, Distrik Klayili, Kabupaten Sorong, Papua Bar., Indonesia",needs_id,False,-0.9437535,131.5112776,2048,1365,yes,sp/inat-316054375-570983638-abduelhakim.jpg,original
Cyrtosperma merkusii,320358322,https://www.inaturalist.org/observations/320358322,579207712,https://inaturalist-open-data.s3.amazonaws.com/photos/579207712/original.jpg,cc-by-nc,"(c) susanna_lim, some rights reserved (CC BY-NC)",susanna_lim,,2025-10-12,"Singapore, SG, SG",needs_id,False,1.3416716667,103.8294666667,1536,2048,yes,merkusii/inat-320358322-579207712-susanna-lim.jpg,original
Cyrtosperma merkusii,320358322,https://www.inaturalist.org/observations/320358322,579207715,https://inaturalist-open-data.s3.amazonaws.com/photos/579207715/original.jpg,cc-by-nc,"(c) susanna_lim, some rights reserved (CC BY-NC)",susanna_lim,,2025-10-12,"Singapore, SG, SG",needs_id,False,1.3416716667,103.8294666667,1536,2048,yes,merkusii/inat-320358322-579207715-susanna-lim.jpg,original
Cyrtosperma merkusii,320358322,https://www.inaturalist.org/observations/320358322,579207714,https://inaturalist-open-data.s3.amazonaws.com/photos/579207714/original.jpg,cc-by-nc,"(c) susanna_lim, some rights reserved (CC BY-NC)",susanna_lim,,2025-10-12,"Singapore, SG, SG",needs_id,False,1.3416716667,103.8294666667,1536,2048,yes,merkusii/inat-320358322-579207714-susanna-lim.jpg,original
Cyrtosperma,321600428,https://www.inaturalist.org/observations/321600428,581641185,https://static.inaturalist.org/photos/581641185/original.jpg,all rights reserved,"(c) iqbal ridhany, all rights reserved",kaylaaquatic15,iqbal ridhany,2025-10-18,"WV47+FH9, Kuala Kurun, Kec. Kurun, Kabupaten Gunung MAS, Kalimantan Tengah 74571, Indonesia",needs_id,False,-1.0935630859,113.8638647273,907,2048,yes,sp/inat-321600428-581641185-kaylaaquatic15.jpg,original
Cyrtosperma,321600428,https://www.inaturalist.org/observations/321600428,581641211,https://static.inaturalist.org/photos/581641211/original.jpg,all rights reserved,"(c) iqbal ridhany, all rights reserved",kaylaaquatic15,iqbal ridhany,2025-10-18,"WV47+FH9, Kuala Kurun, Kec. Kurun, Kabupaten Gunung MAS, Kalimantan Tengah 74571, Indonesia",needs_id,False,-1.0935630859,113.8638647273,907,2048,yes,sp/inat-321600428-581641211-kaylaaquatic15.jpg,original
Cyrtosperma macrotum,322008157,https://www.inaturalist.org/observations/322008157,582441663,https://inaturalist-open-data.s3.amazonaws.com/photos/582441663/original.jpg,cc-by,"(c) Shawn O'Donnell, some rights reserved (CC BY)",shawnodonnell,Shawn O'Donnell,2025-10-08,"Manokwari Timur, Manokwari Barat, Manokwari Regency, West Papua, Indonesia",needs_id,False,-0.8632358997,134.0747842,2048,1536,yes,macrotum/inat-322008157-582441663-shawnodonnell.jpg,original
Cyrtosperma macrotum,322008157,https://www.inaturalist.org/observations/322008157,582441726,https://inaturalist-open-data.s3.amazonaws.com/photos/582441726/original.jpg,cc-by,"(c) Shawn O'Donnell, some rights reserved (CC BY)",shawnodonnell,Shawn O'Donnell,2025-10-08,"Manokwari Timur, Manokwari Barat, Manokwari Regency, West Papua, Indonesia",needs_id,False,-0.8632358997,134.0747842,1536,2048,yes,macrotum/inat-322008157-582441726-shawnodonnell.jpg,original
Cyrtosperma macrotum,322008157,https://www.inaturalist.org/observations/322008157,582441785,https://inaturalist-open-data.s3.amazonaws.com/photos/582441785/original.jpg,cc-by,"(c) Shawn O'Donnell, some rights reserved (CC BY)",shawnodonnell,Shawn O'Donnell,2025-10-08,"Manokwari Timur, Manokwari Barat, Manokwari Regency, West Papua, Indonesia",needs_id,False,-0.8632358997,134.0747842,1536,2048,yes,macrotum/inat-322008157-582441785-shawnodonnell.jpg,original
Cyrtosperma macrotum,322008157,https://www.inaturalist.org/observations/322008157,582441837,https://inaturalist-open-data.s3.amazonaws.com/photos/582441837/original.jpg,cc-by,"(c) Shawn O'Donnell, some rights reserved (CC BY)",shawnodonnell,Shawn O'Donnell,2025-10-08,"Manokwari Timur, Manokwari Barat, Manokwari Regency, West Papua, Indonesia",needs_id,False,-0.8632358997,134.0747842,1536,2048,yes,macrotum/inat-322008157-582441837-shawnodonnell.jpg,original
Cyrtosperma,322893549,https://www.inaturalist.org/observations/322893549,584202415,https://inaturalist-open-data.s3.amazonaws.com/photos/584202415/original.jpg,cc-by-nc,"(c) Tuti Hartati, some rights reserved (CC BY-NC)",tuti6,Tuti Hartati,2025-10-25,"7G7J+4JJ, Karyamulya, Kec. Kesambi, Kota Cirebon, Jawa Barat, Indonesia",casual,False,-6.7372601,108.5316048,921,2048,yes,sp/inat-322893549-584202415-tuti6.jpg,original
Cyrtosperma hambalii,323942550,https://www.inaturalist.org/observations/323942550,586234801,https://inaturalist-open-data.s3.amazonaws.com/photos/586234801/original.jpg,cc-by-nc,"(c) Hakim, some rights reserved (CC BY-NC)",abduelhakim,Hakim,2025-08-08,"Klablim, Distrik Sorong Timur, Kota Sorong, Papua Barat Daya, Indonesia",research,False,-0.9207348959,131.3432331383,1536,2048,yes,hambalii/inat-323942550-586234801-abduelhakim.jpg,original
Cyrtosperma hambalii,323942550,https://www.inaturalist.org/observations/323942550,586234824,https://inaturalist-open-data.s3.amazonaws.com/photos/586234824/original.jpg,cc-by-nc,"(c) Hakim, some rights reserved (CC BY-NC)",abduelhakim,Hakim,2025-08-08,"Klablim, Distrik Sorong Timur, Kota Sorong, Papua Barat Daya, Indonesia",research,False,-0.9207348959,131.3432331383,1536,2048,yes,hambalii/inat-323942550-586234824-abduelhakim.jpg,original
Cyrtosperma macrotum,325493170,https://www.inaturalist.org/observations/325493170,589327255,https://inaturalist-open-data.s3.amazonaws.com/photos/589327255/original.jpg,cc-by-nc,"(c) Ezra Tetelepta, some rights reserved (CC BY-NC)",ezra_teta,Ezra Tetelepta,2025-11-08,"Sorong Regency, Southwest Papua, Indonesia",research,False,-0.9773972222,131.3599222222,1153,2048,yes,macrotum/inat-325493170-589327255-ezra-teta.jpg,original
Cyrtosperma macrotum,325493170,https://www.inaturalist.org/observations/325493170,589327272,https://inaturalist-open-data.s3.amazonaws.com/photos/589327272/original.jpg,cc-by-nc,"(c) Ezra Tetelepta, some rights reserved (CC BY-NC)",ezra_teta,Ezra Tetelepta,2025-11-08,"Sorong Regency, Southwest Papua, Indonesia",research,False,-0.9773972222,131.3599222222,1153,2048,yes,macrotum/inat-325493170-589327272-ezra-teta.jpg,original
Cyrtosperma,325615720,https://www.inaturalist.org/observations/325615720,589578759,https://inaturalist-open-data.s3.amazonaws.com/photos/589578759/original.jpg,cc-by-sa,"(c) James K. Douch, some rights reserved (CC BY-SA)",douch,James K. Douch,2025-11-08,"Madang, PG",needs_id,False,-5.2258,145.6858666667,2048,2048,yes,sp/inat-325615720-589578759-douch.jpg,original
Cyrtosperma macrotum,327241223,https://www.inaturalist.org/observations/327241223,592816635,https://inaturalist-open-data.s3.amazonaws.com/photos/592816635/original.jpg,cc-by-nc,"(c) bewambay, some rights reserved (CC BY-NC)",bewambay,,2025-10-18,"Sorong, Sorong City, Southwest Papua, Indonesia",research,False,-0.9157388889,131.3343194444,2048,1536,yes,macrotum/inat-327241223-592816635-bewambay.jpg,original
Cyrtosperma cuspidispathum,330839675,https://www.inaturalist.org/observations/330839675,600023486,https://inaturalist-open-data.s3.amazonaws.com/photos/600023486/original.jpg,cc-by-nc,"(c) johnpaulhouston, some rights reserved (CC BY-NC)",johnpaulhouston,,2025-12-08,"Koiari Rural LLG, Central Province, Papua New Guinea",needs_id,False,-9.5253590316,147.5212403387,1536,2048,yes,cuspidispathum/inat-330839675-600023486-johnpaulhouston.jpg,original
Cyrtosperma cuspidispathum,330839675,https://www.inaturalist.org/observations/330839675,600023511,https://inaturalist-open-data.s3.amazonaws.com/photos/600023511/original.jpg,cc-by-nc,"(c) johnpaulhouston, some rights reserved (CC BY-NC)",johnpaulhouston,,2025-12-08,"Koiari Rural LLG, Central Province, Papua New Guinea",needs_id,False,-9.5253590316,147.5212403387,1536,2048,yes,cuspidispathum/inat-330839675-600023511-johnpaulhouston.jpg,original
Cyrtosperma cuspidispathum,330839675,https://www.inaturalist.org/observations/330839675,600023532,https://inaturalist-open-data.s3.amazonaws.com/photos/600023532/original.jpg,cc-by-nc,"(c) johnpaulhouston, some rights reserved (CC BY-NC)",johnpaulhouston,,2025-12-08,"Koiari Rural LLG, Central Province, Papua New Guinea",needs_id,False,-9.5253590316,147.5212403387,1536,2048,yes,cuspidispathum/inat-330839675-600023532-johnpaulhouston.jpg,original
Cyrtosperma merkusii,331541691,https://www.inaturalist.org/observations/331541691,601472911,https://inaturalist-open-data.s3.amazonaws.com/photos/601472911/original.jpg,cc-by-nc,"(c) sofeaazlani, some rights reserved (CC BY-NC)",sofeaazlani,,2025-12-10,"Rimba Ilmu Botanic Garden, Universiti Malaya",needs_id,False,3.1307075555,101.6581591219,1536,2048,yes,merkusii/inat-331541691-601472911-sofeaazlani.jpg,original
Cyrtosperma merkusii,331797752,https://www.inaturalist.org/observations/331797752,601992887,https://inaturalist-open-data.s3.amazonaws.com/photos/601992887/original.jpg,cc-by-nc,"(c) FAQIH AZIZ, some rights reserved (CC BY-NC)",faqih_aziz,FAQIH AZIZ,2025-12-10,"Valley Road, Kuala Lumpur, Kuala Lumpur, MY",needs_id,False,3.1289445,101.656875,1536,2048,yes,merkusii/inat-331797752-601992887-faqih-aziz.jpg,original
Cyrtosperma johnstonii,331841928,https://www.inaturalist.org/observations/331841928,602077993,https://inaturalist-open-data.s3.amazonaws.com/photos/602077993/original.jpg,cc-by,"(c) Samuel Brown, some rights reserved (CC BY)",sdjbrown,Samuel Brown,2025-10-15,"Birao, Solomon Islands",research,False,-9.833475,160.83725,1536,2048,yes,johnstonii/inat-331841928-602077993-sdjbrown.jpg,original
Cyrtosperma johnstonii,331841928,https://www.inaturalist.org/observations/331841928,602078002,https://inaturalist-open-data.s3.amazonaws.com/photos/602078002/original.jpg,cc-by,"(c) Samuel Brown, some rights reserved (CC BY)",sdjbrown,Samuel Brown,2025-10-15,"Birao, Solomon Islands",research,False,-9.833475,160.83725,1536,2048,yes,johnstonii/inat-331841928-602078002-sdjbrown.jpg,original
Cyrtosperma johnstonii,331841928,https://www.inaturalist.org/observations/331841928,602078007,https://inaturalist-open-data.s3.amazonaws.com/photos/602078007/original.jpg,cc-by,"(c) Samuel Brown, some rights reserved (CC BY)",sdjbrown,Samuel Brown,2025-10-15,"Birao, Solomon Islands",research,False,-9.833475,160.83725,1536,2048,yes,johnstonii/inat-331841928-602078007-sdjbrown.jpg,original
Cyrtosperma johnstonii,331841943,https://www.inaturalist.org/observations/331841943,602078661,https://inaturalist-open-data.s3.amazonaws.com/photos/602078661/original.jpg,cc-by,"(c) Samuel Brown, some rights reserved (CC BY)",sdjbrown,Samuel Brown,2025-10-15,"Birao, Solomon Islands",research,False,-9.8322277778,160.8343805556,1536,2048,yes,johnstonii/inat-331841943-602078661-sdjbrown.jpg,original
Cyrtosperma johnstonii,331841943,https://www.inaturalist.org/observations/331841943,602078662,https://inaturalist-open-data.s3.amazonaws.com/photos/602078662/original.jpg,cc-by,"(c) Samuel Brown, some rights reserved (CC BY)",sdjbrown,Samuel Brown,2025-10-15,"Birao, Solomon Islands",research,False,-9.8322277778,160.8343805556,1536,2048,yes,johnstonii/inat-331841943-602078662-sdjbrown.jpg,original
Cyrtosperma johnstonii,331841943,https://www.inaturalist.org/observations/331841943,602078782,https://inaturalist-open-data.s3.amazonaws.com/photos/602078782/original.jpg,cc-by,"(c) Samuel Brown, some rights reserved (CC BY)",sdjbrown,Samuel Brown,2025-10-15,"Birao, Solomon Islands",research,False,-9.8322277778,160.8343805556,1536,2048,yes,johnstonii/inat-331841943-602078782-sdjbrown.jpg,original
Cyrtosperma johnstonii,331849376,https://www.inaturalist.org/observations/331849376,602095321,https://inaturalist-open-data.s3.amazonaws.com/photos/602095321/original.jpg,cc-by,"(c) Samuel Brown, some rights reserved (CC BY)",sdjbrown,Samuel Brown,2025-10-16,"Birao, Solomon Islands",research,False,-9.8176138889,160.8168638889,1536,2048,yes,johnstonii/inat-331849376-602095321-sdjbrown.jpg,original
Cyrtosperma johnstonii,331849376,https://www.inaturalist.org/observations/331849376,602095319,https://inaturalist-open-data.s3.amazonaws.com/photos/602095319/original.jpg,cc-by,"(c) Samuel Brown, some rights reserved (CC BY)",sdjbrown,Samuel Brown,2025-10-16,"Birao, Solomon Islands",research,False,-9.8176138889,160.8168638889,1536,2048,yes,johnstonii/inat-331849376-602095319-sdjbrown.jpg,original
Cyrtosperma johnstonii,331849376,https://www.inaturalist.org/observations/331849376,602095324,https://inaturalist-open-data.s3.amazonaws.com/photos/602095324/original.jpg,cc-by,"(c) Samuel Brown, some rights reserved (CC BY)",sdjbrown,Samuel Brown,2025-10-16,"Birao, Solomon Islands",research,False,-9.8176138889,160.8168638889,1536,2048,yes,johnstonii/inat-331849376-602095324-sdjbrown.jpg,original
Cyrtosperma johnstonii,331849376,https://www.inaturalist.org/observations/331849376,602095379,https://inaturalist-open-data.s3.amazonaws.com/photos/602095379/original.jpg,cc-by,"(c) Samuel Brown, some rights reserved (CC BY)",sdjbrown,Samuel Brown,2025-10-16,"Birao, Solomon Islands",research,False,-9.8176138889,160.8168638889,1536,2048,yes,johnstonii/inat-331849376-602095379-sdjbrown.jpg,original
Cyrtosperma johnstonii,331849376,https://www.inaturalist.org/observations/331849376,602095374,https://inaturalist-open-data.s3.amazonaws.com/photos/602095374/original.jpg,cc-by,"(c) Samuel Brown, some rights reserved (CC BY)",sdjbrown,Samuel Brown,2025-10-16,"Birao, Solomon Islands",research,False,-9.8176138889,160.8168638889,1536,2048,yes,johnstonii/inat-331849376-602095374-sdjbrown.jpg,original
Cyrtosperma merkusii,334187001,https://www.inaturalist.org/observations/334187001,606825980,https://inaturalist-open-data.s3.amazonaws.com/photos/606825980/original.jpg,cc-by-nc,"(c) chinotto_chena, some rights reserved (CC BY-NC)",chinotto_chena,,2026-01-10,"Bukit Kiara, 60000 Kuala Lumpur, Federal Territory of Kuala Lumpur, Malaysia",research,False,3.142163,101.644358,2048,1152,yes,merkusii/inat-334187001-606825980-chinotto-chena.jpg,original
Cyrtosperma merkusii,334298352,https://www.inaturalist.org/observations/334298352,607055500,https://inaturalist-open-data.s3.amazonaws.com/photos/607055500/original.jpg,cc-by,"(c) Ong Jyh Seng, some rights reserved (CC BY)",ongzi,Ong Jyh Seng,2026-01-11,"Perumahan PUJ 2, Puj 2, 43300 Seri Kembangan, Selangor, Malaysia",research,False,3.0163833333,101.6767638889,2048,1536,yes,merkusii/inat-334298352-607055500-ongzi.jpg,original
Cyrtosperma merkusii,334342957,https://www.inaturalist.org/observations/334342957,607145719,https://static.inaturalist.org/photos/607145719/original.jpg,all rights reserved,"(c) Lars Mannzen, all rights reserved",larsmannzen,Lars Mannzen,2026-01-11,"Roxas, Bilar, Bohol, Philippinen",research,False,9.7119887,124.0949376,2048,1536,yes,merkusii/inat-334342957-607145719-larsmannzen.jpg,original
Cyrtosperma merkusii,334342957,https://www.inaturalist.org/observations/334342957,607145758,https://static.inaturalist.org/photos/607145758/original.jpg,all rights reserved,"(c) Lars Mannzen, all rights reserved",larsmannzen,Lars Mannzen,2026-01-11,"Roxas, Bilar, Bohol, Philippinen",research,False,9.7119887,124.0949376,1536,2048,yes,merkusii/inat-334342957-607145758-larsmannzen.jpg,original
Cyrtosperma merkusii,334342957,https://www.inaturalist.org/observations/334342957,607145788,https://static.inaturalist.org/photos/607145788/original.jpg,all rights reserved,"(c) Lars Mannzen, all rights reserved",larsmannzen,Lars Mannzen,2026-01-11,"Roxas, Bilar, Bohol, Philippinen",research,False,9.7119887,124.0949376,2048,1536,yes,merkusii/inat-334342957-607145788-larsmannzen.jpg,original
Cyrtosperma merkusii,334342957,https://www.inaturalist.org/observations/334342957,607145829,https://static.inaturalist.org/photos/607145829/original.jpg,all rights reserved,"(c) Lars Mannzen, all rights reserved",larsmannzen,Lars Mannzen,2026-01-11,"Roxas, Bilar, Bohol, Philippinen",research,False,9.7119887,124.0949376,2048,1536,yes,merkusii/inat-334342957-607145829-larsmannzen.jpg,original
Cyrtosperma johnstonii,334770766,https://www.inaturalist.org/observations/334770766,608011860,https://inaturalist-open-data.s3.amazonaws.com/photos/608011860/original.jpg,cc-by-nc,"(c) Thomas Bauer, some rights reserved (CC BY-NC)",thomas39811,Thomas Bauer,2026-01-15,"South Maria Creek Cl, Maria Creeks, QLD, AU",needs_id,False,-17.8272191578,146.0518316007,1152,2048,yes,johnstonii/inat-334770766-608011860-thomas39811.jpg,original
Cyrtosperma johnstonii,334770790,https://www.inaturalist.org/observations/334770790,608011921,https://inaturalist-open-data.s3.amazonaws.com/photos/608011921/original.jpg,cc-by-nc,"(c) Thomas Bauer, some rights reserved (CC BY-NC)",thomas39811,Thomas Bauer,2026-01-15,"Johnstone, AU-QL, AU",research,False,-17.8271631689,146.0517566567,1152,2048,yes,johnstonii/inat-334770790-608011921-thomas39811.jpg,original
Cyrtosperma,335481480,https://www.inaturalist.org/observations/335481480,609458122,https://static.inaturalist.org/photos/609458122/original.jpg,all rights reserved,"(c) Luis Sibira, all rights reserved",pasttier,Luis Sibira,2026-01-19,Vivero Falcón,casual,False,10.6566975491,-71.6092625633,2048,1542,yes,sp/inat-335481480-609458122-pasttier.jpg,original
Cyrtosperma,335481480,https://www.inaturalist.org/observations/335481480,609458139,https://static.inaturalist.org/photos/609458139/original.jpg,all rights reserved,"(c) Luis Sibira, all rights reserved",pasttier,Luis Sibira,2026-01-19,Vivero Falcón,casual,False,10.6566975491,-71.6092625633,2048,1542,yes,sp/inat-335481480-609458139-pasttier.jpg,original
Cyrtosperma,336338442,https://www.inaturalist.org/observations/336338442,611178675,https://static.inaturalist.org/photos/611178675/original.jpg,all rights reserved,"(c) Lena Chow, all rights reserved",lenachow,Lena Chow,2026-01-27,"MacRitchie Reservoir, Singapore",needs_id,False,1.3447621,103.8223506,2048,1536,yes,sp/inat-336338442-611178675-lenachow.jpg,original
Cyrtosperma hayii,338003433,https://www.inaturalist.org/observations/338003433,614578356,https://inaturalist-open-data.s3.amazonaws.com/photos/614578356/original.jpg,cc-by-nc,"(c) Hakim, some rights reserved (CC BY-NC)",abduelhakim,Hakim,2026-02-08,"43PM+WQ4, Ayambori, Manokwari Timur, Manokwari Regency, West Papua 98312, Indonesia",needs_id,False,-0.8639055556,134.0852944444,1537,2048,yes,hayii/inat-338003433-614578356-abduelhakim.jpg,original
Cyrtosperma hayii,338003433,https://www.inaturalist.org/observations/338003433,614578385,https://inaturalist-open-data.s3.amazonaws.com/photos/614578385/original.jpg,cc-by-nc,"(c) Hakim, some rights reserved (CC BY-NC)",abduelhakim,Hakim,2026-02-08,"43PM+WQ4, Ayambori, Manokwari Timur, Manokwari Regency, West Papua 98312, Indonesia",needs_id,False,-0.8639055556,134.0852944444,1537,2048,yes,hayii/inat-338003433-614578385-abduelhakim.jpg,original
Cyrtosperma hayii,338003433,https://www.inaturalist.org/observations/338003433,614578427,https://inaturalist-open-data.s3.amazonaws.com/photos/614578427/original.jpg,cc-by-nc,"(c) Hakim, some rights reserved (CC BY-NC)",abduelhakim,Hakim,2026-02-08,"43PM+WQ4, Ayambori, Manokwari Timur, Manokwari Regency, West Papua 98312, Indonesia",needs_id,False,-0.8639055556,134.0852944444,1537,2048,yes,hayii/inat-338003433-614578427-abduelhakim.jpg,original
Cyrtosperma hayii,338003433,https://www.inaturalist.org/observations/338003433,614578453,https://inaturalist-open-data.s3.amazonaws.com/photos/614578453/original.jpg,cc-by-nc,"(c) Hakim, some rights reserved (CC BY-NC)",abduelhakim,Hakim,2026-02-08,"43PM+WQ4, Ayambori, Manokwari Timur, Manokwari Regency, West Papua 98312, Indonesia",needs_id,False,-0.8639055556,134.0852944444,1537,2048,yes,hayii/inat-338003433-614578453-abduelhakim.jpg,original
Cyrtosperma,338523943,https://www.inaturalist.org/observations/338523943,615655078,https://inaturalist-open-data.s3.amazonaws.com/photos/615655078/original.jpg,cc-by-nc-sa,"(c) Yanuar Ishaq Dc, some rights reserved (CC BY-NC-SA)",yanuar_idc,Yanuar Ishaq Dc,2026-02-11,"Manokwari Barat, Manokwari, West Papua, ID",needs_id,False,-0.8561333333,134.0801555,2048,1152,yes,sp/inat-338523943-615655078-yanuar-idc.jpg,original
Cyrtosperma,338523943,https://www.inaturalist.org/observations/338523943,615655138,https://inaturalist-open-data.s3.amazonaws.com/photos/615655138/original.jpg,cc-by-nc-sa,"(c) Yanuar Ishaq Dc, some rights reserved (CC BY-NC-SA)",yanuar_idc,Yanuar Ishaq Dc,2026-02-11,"Manokwari Barat, Manokwari, West Papua, ID",needs_id,False,-0.8561333333,134.0801555,2048,1152,yes,sp/inat-338523943-615655138-yanuar-idc.jpg,original
Cyrtosperma merkusii,340261947,https://www.inaturalist.org/observations/340261947,619172475,https://inaturalist-open-data.s3.amazonaws.com/photos/619172475/original.jpg,cc-by-nc,"(c) Burt Kilmete, some rights reserved (CC BY-NC)",burt_kilmete,Burt Kilmete,2026-02-26,FM,casual,False,6.90775,158.1469278333,1152,2048,yes,merkusii/inat-340261947-619172475-burt-kilmete.jpg,original
Cyrtosperma merkusii,340268399,https://www.inaturalist.org/observations/340268399,619183924,https://inaturalist-open-data.s3.amazonaws.com/photos/619183924/original.jpg,cc-by-nc,"(c) Trisden Sercy, some rights reserved (CC BY-NC)",trisden,Trisden Sercy,2026-02-26,"College Road, FM",casual,False,6.9109293306,158.1575371699,1152,2048,yes,merkusii/inat-340268399-619183924-trisden.jpg,original
Cyrtosperma merkusii,340274566,https://www.inaturalist.org/observations/340274566,619197283,https://inaturalist-open-data.s3.amazonaws.com/photos/619197283/original.jpg,cc-by-nc,"(c) Joseph Haleyalmang, some rights reserved (CC BY-NC)",joseph43729,Joseph Haleyalmang,2026-02-26,"Kitti Circle Island Road, FM",casual,False,6.9111,158.161775,1536,2048,yes,merkusii/inat-340274566-619197283-joseph43729.jpg,original
Cyrtosperma merkusii,340275013,https://www.inaturalist.org/observations/340275013,619197987,https://inaturalist-open-data.s3.amazonaws.com/photos/619197987/original.jpg,cc-by-nc,"(c) Baldezzar Yangirsemaliu, some rights reserved (CC BY-NC)",baldezzar,Baldezzar Yangirsemaliu,2026-02-26,"College Road, FM",casual,False,6.9098666667,158.1613471667,1536,2048,yes,merkusii/inat-340275013-619197987-baldezzar.jpg,original
Cyrtosperma carrii,341826038,https://www.inaturalist.org/observations/341826038,622360760,https://inaturalist-open-data.s3.amazonaws.com/photos/622360760/original.jpg,cc-by-nc,"(c) isjo, some rights reserved (CC BY-NC)",isjo,,2012-08-18,"80 Munich-Neuhausen-Nymphenburg, Alemania",casual,False,48.163805336,11.5023816892,500,741,yes,carrii/inat-341826038-622360760-isjo.jpg,original
Cyrtosperma carrii,341826038,https://www.inaturalist.org/observations/341826038,622360757,https://inaturalist-open-data.s3.amazonaws.com/photos/622360757/original.jpg,cc-by-nc,"(c) isjo, some rights reserved (CC BY-NC)",isjo,,2012-08-18,"80 Munich-Neuhausen-Nymphenburg, Alemania",casual,False,48.163805336,11.5023816892,683,500,yes,carrii/inat-341826038-622360757-isjo.jpg,original
Cyrtosperma johnstonii,341826138,https://www.inaturalist.org/observations/341826138,622361124,https://inaturalist-open-data.s3.amazonaws.com/photos/622361124/original.jpg,cc-by-nc,"(c) isjo, some rights reserved (CC BY-NC)",isjo,,2011-08-19,"Berlín-Steglitz-Zehlendorf, Alemania",casual,False,52.4561280543,13.307944368,500,755,yes,johnstonii/inat-341826138-622361124-isjo.jpg,original
Cyrtosperma merkusii,342828314,https://www.inaturalist.org/observations/342828314,624361821,https://inaturalist-open-data.s3.amazonaws.com/photos/624361821/original.jpg,cc-by-nc,"(c) surinkumar, some rights reserved (CC BY-NC)",surinkumar,,2026-03-13,"Central Water Catchment, Singapore",needs_id,False,1.3487197679,103.8094738139,2048,1366,yes,merkusii/inat-342828314-624361821-surinkumar.jpg,original
Cyrtosperma merkusii,342828314,https://www.inaturalist.org/observations/342828314,624367731,https://inaturalist-open-data.s3.amazonaws.com/photos/624367731/original.jpg,cc-by-nc,"(c) surinkumar, some rights reserved (CC BY-NC)",surinkumar,,2026-03-13,"Central Water Catchment, Singapore",needs_id,False,1.3487197679,103.8094738139,1365,2048,yes,merkusii/inat-342828314-624367731-surinkumar.jpg,original
Cyrtosperma merkusii,342828314,https://www.inaturalist.org/observations/342828314,624367758,https://inaturalist-open-data.s3.amazonaws.com/photos/624367758/original.jpg,cc-by-nc,"(c) surinkumar, some rights reserved (CC BY-NC)",surinkumar,,2026-03-13,"Central Water Catchment, Singapore",needs_id,False,1.3487197679,103.8094738139,1365,2048,yes,merkusii/inat-342828314-624367758-surinkumar.jpg,original
Cyrtosperma merkusii,343928781,https://www.inaturalist.org/observations/343928781,626592557,https://static.inaturalist.org/photos/626592557/original.jpg,all rights reserved,"(c) Mike Hooper, all rights reserved",mike_hooper,Mike Hooper,2026-02-08,"Central Water Catchment, Singapore",needs_id,False,1.3990416667,103.8076633333,2048,1365,yes,merkusii/inat-343928781-626592557-mike-hooper.jpg,original
Cyrtosperma merkusii,343928781,https://www.inaturalist.org/observations/343928781,626592778,https://static.inaturalist.org/photos/626592778/original.jpg,all rights reserved,"(c) Mike Hooper, all rights reserved",mike_hooper,Mike Hooper,2026-02-08,"Central Water Catchment, Singapore",needs_id,False,1.3990416667,103.8076633333,2048,1365,yes,merkusii/inat-343928781-626592778-mike-hooper.jpg,original
Cyrtosperma merkusii,343928781,https://www.inaturalist.org/observations/343928781,626592801,https://static.inaturalist.org/photos/626592801/original.jpg,all rights reserved,"(c) Mike Hooper, all rights reserved",mike_hooper,Mike Hooper,2026-02-08,"Central Water Catchment, Singapore",needs_id,False,1.3990416667,103.8076633333,2048,1536,yes,merkusii/inat-343928781-626592801-mike-hooper.jpg,original
Cyrtosperma merkusii,343928781,https://www.inaturalist.org/observations/343928781,626592809,https://static.inaturalist.org/photos/626592809/original.jpg,all rights reserved,"(c) Mike Hooper, all rights reserved",mike_hooper,Mike Hooper,2026-02-08,"Central Water Catchment, Singapore",needs_id,False,1.3990416667,103.8076633333,1536,2048,yes,merkusii/inat-343928781-626592809-mike-hooper.jpg,original
Cyrtosperma merkusii,345863076,https://www.inaturalist.org/observations/345863076,630373919,https://inaturalist-open-data.s3.amazonaws.com/photos/630373919/original.jpg,cc-by-nc,"(c) Refer Iqbal, some rights reserved (CC BY-NC)",referiqbal,Refer Iqbal,2026-03-26,"Kabupaten Keerom, Papua, Indonesia",needs_id,False,-2.9922305556,140.9275055556,1536,2048,yes,merkusii/inat-345863076-630373919-referiqbal.jpg,original
Cyrtosperma merkusii,346876365,https://www.inaturalist.org/observations/346876365,632368618,https://inaturalist-open-data.s3.amazonaws.com/photos/632368618/original.jpg,cc-by-nc,"(c) KOFANG, some rights reserved (CC BY-NC)",cocoweb,KOFANG,2026-04-02,"Singapore, SG, SG",needs_id,False,1.3203409714,103.8159583677,1152,2048,yes,merkusii/inat-346876365-632368618-cocoweb.jpg,original
Cyrtosperma merkusii,348439274,https://www.inaturalist.org/observations/348439274,635475964,https://static.inaturalist.org/photos/635475964/original.jpg,all rights reserved,"(c) Lena Chow, all rights reserved",lenachow,Lena Chow,2026-04-08,"MacRitchie Reservoir, Singapore",needs_id,False,1.3447621,103.8223506,1536,2048,yes,merkusii/inat-348439274-635475964-lenachow.jpg,original
Cyrtosperma merkusii,348439274,https://www.inaturalist.org/observations/348439274,635476082,https://static.inaturalist.org/photos/635476082/original.jpg,all rights reserved,"(c) Lena Chow, all rights reserved",lenachow,Lena Chow,2026-04-08,"MacRitchie Reservoir, Singapore",needs_id,False,1.3447621,103.8223506,1536,2048,yes,merkusii/inat-348439274-635476082-lenachow.jpg,original
Cyrtosperma,349193443,https://www.inaturalist.org/observations/349193443,637016916,https://static.inaturalist.org/photos/637016916/original.jpg,all rights reserved,"(c) ., all rights reserved",user157,.,2026-04-12,,needs_id,True,,,2048,1364,yes,sp/inat-349193443-637016916-user157.jpg,original
Cyrtosperma,349193443,https://www.inaturalist.org/observations/349193443,637018491,https://static.inaturalist.org/photos/637018491/original.jpg,all rights reserved,"(c) ., all rights reserved",user157,.,2026-04-12,,needs_id,True,,,2048,1364,yes,sp/inat-349193443-637018491-user157.jpg,original
Cyrtosperma,349210198,https://www.inaturalist.org/observations/349210198,637015700,https://static.inaturalist.org/photos/637015700/original.jpg,all rights reserved,"(c) ., all rights reserved",user157,.,2026-04-12,,needs_id,True,,,1365,2048,yes,sp/inat-349210198-637015700-user157.jpg,original
Cyrtosperma,349210198,https://www.inaturalist.org/observations/349210198,637015760,https://static.inaturalist.org/photos/637015760/original.jpg,all rights reserved,"(c) ., all rights reserved",user157,.,2026-04-12,,needs_id,True,,,1364,2048,yes,sp/inat-349210198-637015760-user157.jpg,original
Cyrtosperma merkusii,349931334,https://www.inaturalist.org/observations/349931334,638408514,https://inaturalist-open-data.s3.amazonaws.com/photos/638408514/original.jpg,cc-by-nc,"(c) Hurreiyatun Nisa, some rights reserved (CC BY-NC)",hurreiyatun,Hurreiyatun Nisa,2026-04-15,"Simpang Sepayang, 26800 Kuala Rompin, Pahang, Malaysia",needs_id,False,2.76418,103.4997749722,934,2048,yes,merkusii/inat-349931334-638408514-hurreiyatun.jpg,original
Cyrtosperma merkusii,349931334,https://www.inaturalist.org/observations/349931334,638408557,https://inaturalist-open-data.s3.amazonaws.com/photos/638408557/original.jpg,cc-by-nc,"(c) Hurreiyatun Nisa, some rights reserved (CC BY-NC)",hurreiyatun,Hurreiyatun Nisa,2026-04-15,"Simpang Sepayang, 26800 Kuala Rompin, Pahang, Malaysia",needs_id,False,2.76418,103.4997749722,934,2048,yes,merkusii/inat-349931334-638408557-hurreiyatun.jpg,original
Cyrtosperma merkusii,349931334,https://www.inaturalist.org/observations/349931334,638408603,https://inaturalist-open-data.s3.amazonaws.com/photos/638408603/original.jpg,cc-by-nc,"(c) Hurreiyatun Nisa, some rights reserved (CC BY-NC)",hurreiyatun,Hurreiyatun Nisa,2026-04-15,"Simpang Sepayang, 26800 Kuala Rompin, Pahang, Malaysia",needs_id,False,2.76418,103.4997749722,934,2048,yes,merkusii/inat-349931334-638408603-hurreiyatun.jpg,original
Cyrtosperma merkusii,351043322,https://www.inaturalist.org/observations/351043322,640562083,https://inaturalist-open-data.s3.amazonaws.com/photos/640562083/original.jpg,cc-by-nc,"(c) Simon Lomas, some rights reserved (CC BY-NC)",distributary,Simon Lomas,2025-12-09,"Lower C, Kuala Lumpur, Kuala Lumpur, MY",needs_id,False,3.1560083333,101.6438366667,1536,2048,yes,merkusii/inat-351043322-640562083-distributary.jpg,original
Cyrtosperma merkusii,351043322,https://www.inaturalist.org/observations/351043322,640562094,https://inaturalist-open-data.s3.amazonaws.com/photos/640562094/original.jpg,cc-by-nc,"(c) Simon Lomas, some rights reserved (CC BY-NC)",distributary,Simon Lomas,2025-12-09,"Lower C, Kuala Lumpur, Kuala Lumpur, MY",needs_id,False,3.1560083333,101.6438366667,1536,2048,yes,merkusii/inat-351043322-640562094-distributary.jpg,original
Cyrtosperma merkusii,351043322,https://www.inaturalist.org/observations/351043322,640562098,https://inaturalist-open-data.s3.amazonaws.com/photos/640562098/original.jpg,cc-by-nc,"(c) Simon Lomas, some rights reserved (CC BY-NC)",distributary,Simon Lomas,2025-12-09,"Lower C, Kuala Lumpur, Kuala Lumpur, MY",needs_id,False,3.1560083333,101.6438366667,2048,1536,yes,merkusii/inat-351043322-640562098-distributary.jpg,original
Cyrtosperma merkusii,351043322,https://www.inaturalist.org/observations/351043322,640562084,https://inaturalist-open-data.s3.amazonaws.com/photos/640562084/original.jpg,cc-by-nc,"(c) Simon Lomas, some rights reserved (CC BY-NC)",distributary,Simon Lomas,2025-12-09,"Lower C, Kuala Lumpur, Kuala Lumpur, MY",needs_id,False,3.1560083333,101.6438366667,2048,1536,yes,merkusii/inat-351043322-640562084-distributary.jpg,original
Cyrtosperma merkusii,351043322,https://www.inaturalist.org/observations/351043322,640562093,https://inaturalist-open-data.s3.amazonaws.com/photos/640562093/original.jpg,cc-by-nc,"(c) Simon Lomas, some rights reserved (CC BY-NC)",distributary,Simon Lomas,2025-12-09,"Lower C, Kuala Lumpur, Kuala Lumpur, MY",needs_id,False,3.1560083333,101.6438366667,1536,2048,yes,merkusii/inat-351043322-640562093-distributary.jpg,original
Cyrtosperma merkusii,351043322,https://www.inaturalist.org/observations/351043322,640562097,https://inaturalist-open-data.s3.amazonaws.com/photos/640562097/original.jpg,cc-by-nc,"(c) Simon Lomas, some rights reserved (CC BY-NC)",distributary,Simon Lomas,2025-12-09,"Lower C, Kuala Lumpur, Kuala Lumpur, MY",needs_id,False,3.1560083333,101.6438366667,1536,2048,yes,merkusii/inat-351043322-640562097-distributary.jpg,original
Cyrtosperma merkusii,351043322,https://www.inaturalist.org/observations/351043322,640562105,https://inaturalist-open-data.s3.amazonaws.com/photos/640562105/original.jpg,cc-by-nc,"(c) Simon Lomas, some rights reserved (CC BY-NC)",distributary,Simon Lomas,2025-12-09,"Lower C, Kuala Lumpur, Kuala Lumpur, MY",needs_id,False,3.1560083333,101.6438366667,1536,2048,yes,merkusii/inat-351043322-640562105-distributary.jpg,original
Cyrtosperma merkusii,351472584,https://www.inaturalist.org/observations/351472584,641402730,https://inaturalist-open-data.s3.amazonaws.com/photos/641402730/original.jpg,cc-by-nc,"(c) Refer Iqbal, some rights reserved (CC BY-NC)",referiqbal,Refer Iqbal,2026-04-14,"Kabupaten Keerom, Papua, Indonesia",needs_id,False,-2.9906916667,140.8559277778,1536,2048,yes,merkusii/inat-351472584-641402730-referiqbal.jpg,original
Cyrtosperma merkusii,352788753,https://www.inaturalist.org/observations/352788753,643662347,https://static.inaturalist.org/photos/643662347/original.jpg,all rights reserved,"(c) jay apostol, all rights reserved",lgutourism_jayapostol,jay apostol,2026-04-24,"Apokon, Tagum, Davao del Norte, Philippines",needs_id,False,7.4319333333,125.8166416667,1536,2048,yes,merkusii/inat-352788753-643662347-lgutourism-jayapostol.jpg,original
Cyrtosperma merkusii,354863864,https://www.inaturalist.org/observations/354863864,647307964,https://static.inaturalist.org/photos/647307964/original.jpg,all rights reserved,"(c) ANNE MARIE BALADHAY, all rights reserved",hexat_anne,ANNE MARIE BALADHAY,2026-04-26,"FRH2+X7H La Filipina, Tagum, Davao del Norte, Philippines",casual,False,7.4799366468,125.8007224649,1080,1596,yes,merkusii/inat-354863864-647307964-hexat-anne.jpg,original
Cyrtosperma merkusii,355982939,https://www.inaturalist.org/observations/355982939,649173981,https://inaturalist-open-data.s3.amazonaws.com/photos/649173981/original.jpg,cc-by-nc,"(c) Jonathan Newman, some rights reserved (CC BY-NC)",antshrike69,Jonathan Newman,2026-04-12,"Kanif, Yap, Micronesia",research,False,9.5273138889,138.0898583333,1536,2048,yes,merkusii/inat-355982939-649173981-antshrike69.jpg,original
Cyrtosperma,360895951,https://www.inaturalist.org/observations/360895951,658584133,https://inaturalist-open-data.s3.amazonaws.com/photos/658584133/original.jpg,cc-by-nc,"(c) Salam Firdaus, some rights reserved (CC BY-NC)",salam_firdaus,Salam Firdaus,2026-05-12,"Tlk. Meranti, Kec. Tlk. Meranti, Kabupaten Pelalawan, Riau, Indonesia",needs_id,False,0.3311118307,102.7241645381,1536,2048,yes,sp/inat-360895951-658584133-salam-firdaus.jpg,original
Cyrtosperma,360895951,https://www.inaturalist.org/observations/360895951,658584197,https://inaturalist-open-data.s3.amazonaws.com/photos/658584197/original.jpg,cc-by-nc,"(c) Salam Firdaus, some rights reserved (CC BY-NC)",salam_firdaus,Salam Firdaus,2026-05-12,"Tlk. Meranti, Kec. Tlk. Meranti, Kabupaten Pelalawan, Riau, Indonesia",needs_id,False,0.3311118307,102.7241645381,1536,2048,yes,sp/inat-360895951-658584197-salam-firdaus.jpg,original
Cyrtosperma,360895951,https://www.inaturalist.org/observations/360895951,658584259,https://inaturalist-open-data.s3.amazonaws.com/photos/658584259/original.jpg,cc-by-nc,"(c) Salam Firdaus, some rights reserved (CC BY-NC)",salam_firdaus,Salam Firdaus,2026-05-12,"Tlk. Meranti, Kec. Tlk. Meranti, Kabupaten Pelalawan, Riau, Indonesia",needs_id,False,0.3311118307,102.7241645381,1536,2048,yes,sp/inat-360895951-658584259-salam-firdaus.jpg,original
Cyrtosperma,360895951,https://www.inaturalist.org/observations/360895951,658584321,https://inaturalist-open-data.s3.amazonaws.com/photos/658584321/original.jpg,cc-by-nc,"(c) Salam Firdaus, some rights reserved (CC BY-NC)",salam_firdaus,Salam Firdaus,2026-05-12,"Tlk. Meranti, Kec. Tlk. Meranti, Kabupaten Pelalawan, Riau, Indonesia",needs_id,False,0.3311118307,102.7241645381,1536,2048,yes,sp/inat-360895951-658584321-salam-firdaus.jpg,original
Cyrtosperma,360895951,https://www.inaturalist.org/observations/360895951,658584390,https://inaturalist-open-data.s3.amazonaws.com/photos/658584390/original.jpg,cc-by-nc,"(c) Salam Firdaus, some rights reserved (CC BY-NC)",salam_firdaus,Salam Firdaus,2026-05-12,"Tlk. Meranti, Kec. Tlk. Meranti, Kabupaten Pelalawan, Riau, Indonesia",needs_id,False,0.3311118307,102.7241645381,2048,1536,yes,sp/inat-360895951-658584390-salam-firdaus.jpg,original
Cyrtosperma,360895951,https://www.inaturalist.org/observations/360895951,658584449,https://inaturalist-open-data.s3.amazonaws.com/photos/658584449/original.jpg,cc-by-nc,"(c) Salam Firdaus, some rights reserved (CC BY-NC)",salam_firdaus,Salam Firdaus,2026-05-12,"Tlk. Meranti, Kec. Tlk. Meranti, Kabupaten Pelalawan, Riau, Indonesia",needs_id,False,0.3311118307,102.7241645381,1536,2048,yes,sp/inat-360895951-658584449-salam-firdaus.jpg,original
Cyrtosperma,360895951,https://www.inaturalist.org/observations/360895951,658584509,https://inaturalist-open-data.s3.amazonaws.com/photos/658584509/original.jpg,cc-by-nc,"(c) Salam Firdaus, some rights reserved (CC BY-NC)",salam_firdaus,Salam Firdaus,2026-05-12,"Tlk. Meranti, Kec. Tlk. Meranti, Kabupaten Pelalawan, Riau, Indonesia",needs_id,False,0.3311118307,102.7241645381,1536,2048,yes,sp/inat-360895951-658584509-salam-firdaus.jpg,original
Cyrtosperma merkusii,361313290,https://www.inaturalist.org/observations/361313290,659387588,https://inaturalist-open-data.s3.amazonaws.com/photos/659387588/original.jpg,cc-by-nc,"(c) Muhammad Iqbal, some rights reserved (CC BY-NC)",iqbal_muhammad,Muhammad Iqbal,2026-05-02,"Pelalawan Regency, Riau, Indonesia",needs_id,False,0.3688610508,102.8278069084,1163,2048,yes,merkusii/inat-361313290-659387588-iqbal-muhammad.jpg,original
Cyrtosperma merkusii,361313290,https://www.inaturalist.org/observations/361313290,659387577,https://inaturalist-open-data.s3.amazonaws.com/photos/659387577/original.jpg,cc-by-nc,"(c) Muhammad Iqbal, some rights reserved (CC BY-NC)",iqbal_muhammad,Muhammad Iqbal,2026-05-02,"Pelalawan Regency, Riau, Indonesia",needs_id,False,0.3688610508,102.8278069084,1189,2048,yes,merkusii/inat-361313290-659387577-iqbal-muhammad.jpg,original
Cyrtosperma merkusii,361313290,https://www.inaturalist.org/observations/361313290,659387595,https://inaturalist-open-data.s3.amazonaws.com/photos/659387595/original.jpg,cc-by-nc,"(c) Muhammad Iqbal, some rights reserved (CC BY-NC)",iqbal_muhammad,Muhammad Iqbal,2026-05-02,"Pelalawan Regency, Riau, Indonesia",needs_id,False,0.3688610508,102.8278069084,1536,2048,yes,merkusii/inat-361313290-659387595-iqbal-muhammad.jpg,original
Cyrtosperma merkusii,361313290,https://www.inaturalist.org/observations/361313290,659386852,https://inaturalist-open-data.s3.amazonaws.com/photos/659386852/original.jpg,cc-by-nc,"(c) Muhammad Iqbal, some rights reserved (CC BY-NC)",iqbal_muhammad,Muhammad Iqbal,2026-05-02,"Pelalawan Regency, Riau, Indonesia",needs_id,False,0.3688610508,102.8278069084,1536,2048,yes,merkusii/inat-361313290-659386852-iqbal-muhammad.jpg,original
Cyrtosperma merkusii,361313290,https://www.inaturalist.org/observations/361313290,659388939,https://inaturalist-open-data.s3.amazonaws.com/photos/659388939/original.jpg,cc-by-nc,"(c) Muhammad Iqbal, some rights reserved (CC BY-NC)",iqbal_muhammad,Muhammad Iqbal,2026-05-02,"Pelalawan Regency, Riau, Indonesia",needs_id,False,0.3688610508,102.8278069084,1377,2048,yes,merkusii/inat-361313290-659388939-iqbal-muhammad.jpg,original
Cyrtosperma,362678033,https://www.inaturalist.org/observations/362678033,661971491,https://inaturalist-open-data.s3.amazonaws.com/photos/661971491/original.jpg,cc-by-nc,"(c) mdoliveira, some rights reserved (CC BY-NC)",mdoliveira,,2026-05-08,"Tanglin, Singapore",casual,False,1.3150638889,103.8145361111,1536,2048,yes,sp/inat-362678033-661971491-mdoliveira.jpg,original
Cyrtosperma,365669943,https://www.inaturalist.org/observations/365669943,667648999,https://inaturalist-open-data.s3.amazonaws.com/photos/667648999/original.jpg,cc-by-nc,"(c) Anisa Ika Sari, some rights reserved (CC BY-NC)",anisa_ika,Anisa Ika Sari,2026-05-23,"43WG+28, Padarni, Kec. Manokwari Bar., Kabupaten Manokwari, Papua Bar. 98312, Indonesia",needs_id,False,-0.8558133333,134.07562,1536,2048,yes,sp/inat-365669943-667648999-anisa-ika.jpg,original
Cyrtosperma,366483212,https://www.inaturalist.org/observations/366483212,669486453,https://inaturalist-open-data.s3.amazonaws.com/photos/669486453/original.jpg,cc-by,"(c) Samuel Lee, some rights reserved (CC BY)",samuel_lee,Samuel Lee,2026-05-29,"Johor, MY",needs_id,True,1.8090053137,103.8965110126,1536,2048,yes,sp/inat-366483212-669486453-samuel-lee.jpg,original
Cyrtosperma,366483212,https://www.inaturalist.org/observations/366483212,669486519,https://inaturalist-open-data.s3.amazonaws.com/photos/669486519/original.jpg,cc-by,"(c) Samuel Lee, some rights reserved (CC BY)",samuel_lee,Samuel Lee,2026-05-29,"Johor, MY",needs_id,True,1.8090053137,103.8965110126,1536,2048,yes,sp/inat-366483212-669486519-samuel-lee.jpg,original
Cyrtosperma,366483212,https://www.inaturalist.org/observations/366483212,669486574,https://inaturalist-open-data.s3.amazonaws.com/photos/669486574/original.jpg,cc-by,"(c) Samuel Lee, some rights reserved (CC BY)",samuel_lee,Samuel Lee,2026-05-29,"Johor, MY",needs_id,True,1.8090053137,103.8965110126,1536,2048,yes,sp/inat-366483212-669486574-samuel-lee.jpg,original
Cyrtosperma merkusii,366660611,https://www.inaturalist.org/observations/366660611,669530108,https://inaturalist-open-data.s3.amazonaws.com/photos/669530108/original.jpg,cc-by-nc,"(c) wako-san, some rights reserved (CC BY-NC)",wako-san,,2026-05-30,"Tyersall Rd, Singapore, SG, SG",needs_id,False,1.3141916667,103.814195,1536,2048,yes,merkusii/inat-366660611-669530108-wako-san.jpg,original
Cyrtosperma merkusii,367640039,https://www.inaturalist.org/observations/367640039,671413552,https://inaturalist-open-data.s3.amazonaws.com/photos/671413552/original.jpg,cc-by-nc,"(c) Mardi, some rights reserved (CC BY-NC)",mardi_,Mardi,2026-06-01,"Sumatra, Kabupaten Pelalawan, Riau, ID",needs_id,False,0.37313,102.8296583333,1536,2048,yes,merkusii/inat-367640039-671413552-mardi.jpg,original
Cyrtosperma merkusii,367640039,https://www.inaturalist.org/observations/367640039,671413589,https://inaturalist-open-data.s3.amazonaws.com/photos/671413589/original.jpg,cc-by-nc,"(c) Mardi, some rights reserved (CC BY-NC)",mardi_,Mardi,2026-06-01,"Sumatra, Kabupaten Pelalawan, Riau, ID",needs_id,False,0.37313,102.8296583333,1536,2048,yes,merkusii/inat-367640039-671413589-mardi.jpg,original
Cyrtosperma merkusii,371578471,https://www.inaturalist.org/observations/371578471,678917115,https://inaturalist-open-data.s3.amazonaws.com/photos/678917115/original.jpg,cc-by,"(c) 呂一起(Lyu yi-chi), some rights reserved (CC BY)",pchi45,呂一起(Lyu yi-chi),2026-06-14,"Bilar, Central Visayas, PH",needs_id,False,9.70597,124.1101138333,2048,1536,yes,merkusii/inat-371578471-678917115-pchi45.jpg,original
Cyrtosperma merkusii,371578471,https://www.inaturalist.org/observations/371578471,678917061,https://inaturalist-open-data.s3.amazonaws.com/photos/678917061/original.jpg,cc-by,"(c) 呂一起(Lyu yi-chi), some rights reserved (CC BY)",pchi45,呂一起(Lyu yi-chi),2026-06-14,"Bilar, Central Visayas, PH",needs_id,False,9.70597,124.1101138333,2048,1536,yes,merkusii/inat-371578471-678917061-pchi45.jpg,original
Cyrtosperma merkusii,371578471,https://www.inaturalist.org/observations/371578471,678917054,https://inaturalist-open-data.s3.amazonaws.com/photos/678917054/original.jpg,cc-by,"(c) 呂一起(Lyu yi-chi), some rights reserved (CC BY)",pchi45,呂一起(Lyu yi-chi),2026-06-14,"Bilar, Central Visayas, PH",needs_id,False,9.70597,124.1101138333,1536,2048,yes,merkusii/inat-371578471-678917054-pchi45.jpg,original
Cyrtosperma merkusii,371578471,https://www.inaturalist.org/observations/371578471,678917058,https://inaturalist-open-data.s3.amazonaws.com/photos/678917058/original.jpg,cc-by,"(c) 呂一起(Lyu yi-chi), some rights reserved (CC BY)",pchi45,呂一起(Lyu yi-chi),2026-06-14,"Bilar, Central Visayas, PH",needs_id,False,9.70597,124.1101138333,2048,1536,yes,merkusii/inat-371578471-678917058-pchi45.jpg,original
Cyrtosperma merkusii,371593722,https://www.inaturalist.org/observations/371593722,678943501,https://inaturalist-open-data.s3.amazonaws.com/photos/678943501/original.jpg,cc-by,"(c) 呂一起(Lyu yi-chi), some rights reserved (CC BY)",pchi45,呂一起(Lyu yi-chi),2026-06-14,"Bilar, PH-BO, PH",research,False,9.7054833333,124.1102138333,2048,1536,yes,merkusii/inat-371593722-678943501-pchi45.jpg,original
Cyrtosperma merkusii,371593722,https://www.inaturalist.org/observations/371593722,678943443,https://inaturalist-open-data.s3.amazonaws.com/photos/678943443/original.jpg,cc-by,"(c) 呂一起(Lyu yi-chi), some rights reserved (CC BY)",pchi45,呂一起(Lyu yi-chi),2026-06-14,"Bilar, PH-BO, PH",research,False,9.7054833333,124.1102138333,1536,2048,yes,merkusii/inat-371593722-678943443-pchi45.jpg,original
Cyrtosperma merkusii,371593722,https://www.inaturalist.org/observations/371593722,678943440,https://inaturalist-open-data.s3.amazonaws.com/photos/678943440/original.jpg,cc-by,"(c) 呂一起(Lyu yi-chi), some rights reserved (CC BY)",pchi45,呂一起(Lyu yi-chi),2026-06-14,"Bilar, PH-BO, PH",research,False,9.7054833333,124.1102138333,1536,2048,yes,merkusii/inat-371593722-678943440-pchi45.jpg,original
Cyrtosperma merkusii,371593722,https://www.inaturalist.org/observations/371593722,678943439,https://inaturalist-open-data.s3.amazonaws.com/photos/678943439/original.jpg,cc-by,"(c) 呂一起(Lyu yi-chi), some rights reserved (CC BY)",pchi45,呂一起(Lyu yi-chi),2026-06-14,"Bilar, PH-BO, PH",research,False,9.7054833333,124.1102138333,1536,2048,yes,merkusii/inat-371593722-678943439-pchi45.jpg,original
Cyrtosperma merkusii,371593722,https://www.inaturalist.org/observations/371593722,678943504,https://inaturalist-open-data.s3.amazonaws.com/photos/678943504/original.jpg,cc-by,"(c) 呂一起(Lyu yi-chi), some rights reserved (CC BY)",pchi45,呂一起(Lyu yi-chi),2026-06-14,"Bilar, PH-BO, PH",research,False,9.7054833333,124.1102138333,1536,2048,yes,merkusii/inat-371593722-678943504-pchi45.jpg,original
Cyrtosperma macrotum,373447122,https://www.inaturalist.org/observations/373447122,682492141,https://inaturalist-open-data.s3.amazonaws.com/photos/682492141/original.jpg,cc-by-nc,"(c) Refer Iqbal, some rights reserved (CC BY-NC)",referiqbal,Refer Iqbal,2026-06-01,"Kabupaten Mimika, Papua Tengah, Indonesia",research,False,-4.5563638889,136.7743472222,1152,2048,yes,macrotum/inat-373447122-682492141-referiqbal.jpg,original
Cyrtosperma hambalii,374252653,https://www.inaturalist.org/observations/374252653,684040819,https://inaturalist-open-data.s3.amazonaws.com/photos/684040819/original.jpg,cc-by-nc,"(c) Refer Iqbal, some rights reserved (CC BY-NC)",referiqbal,Refer Iqbal,2026-06-05,"Kabupaten Mimika, Papua Tengah, Indonesia",needs_id,False,-4.5230722222,136.7642361111,1536,2048,yes,hambalii/inat-374252653-684040819-referiqbal.jpg,original
Cyrtosperma hambalii,375745874,https://www.inaturalist.org/observations/375745874,686950778,https://inaturalist-open-data.s3.amazonaws.com/photos/686950778/original.jpg,cc-by-nc,"(c) Refer Iqbal, some rights reserved (CC BY-NC)",referiqbal,Refer Iqbal,2026-06-09,"Kabupaten Mimika, Papua Tengah, Indonesia",needs_id,False,-4.5304666667,136.8064277778,1536,2048,yes,hambalii/inat-375745874-686950778-referiqbal.jpg,original
Cyrtosperma merkusii,378956709,https://www.inaturalist.org/observations/378956709,693138337,https://inaturalist-open-data.s3.amazonaws.com/photos/693138337/original.jpg,cc-by-nc,"(c) Vegeloving_General-use_Pesticide_60ml, some rights reserved (CC BY-NC)",vegeloving_general-use_pesticide_60ml,Vegeloving_General-use_Pesticide_60ml,2026-07-07,"Tanglin, Singapore",needs_id,False,1.3141908634,103.8142805298,1365,2048,yes,merkusii/inat-378956709-693138337-vegeloving-general-use-pesticide-60ml.jpg,original
Cyrtosperma merkusii,378956709,https://www.inaturalist.org/observations/378956709,693138347,https://inaturalist-open-data.s3.amazonaws.com/photos/693138347/original.jpg,cc-by-nc,"(c) Vegeloving_General-use_Pesticide_60ml, some rights reserved (CC BY-NC)",vegeloving_general-use_pesticide_60ml,Vegeloving_General-use_Pesticide_60ml,2026-07-07,"Tanglin, Singapore",needs_id,False,1.3141908634,103.8142805298,1365,2048,yes,merkusii/inat-378956709-693138347-vegeloving-general-use-pesticide-60ml.jpg,original
Cyrtosperma macrotum,379033533,https://www.inaturalist.org/observations/379033533,693296772,https://static.inaturalist.org/photos/693296772/original.jpg,all rights reserved,"(c) Dwi Suratman, all rights reserved",dwisuratman,Dwi Suratman,2026-07-07,"Waibo, Salawati Tengah, Kabupaten Raja Ampat, Papua Barat Daya, Indonesia",needs_id,False,-1.0316049941,131.0251020268,1536,2048,yes,macrotum/inat-379033533-693296772-dwisuratman.jpg,original
Cyrtosperma macrotum,379033533,https://www.inaturalist.org/observations/379033533,693653606,https://static.inaturalist.org/photos/693653606/original.jpg,all rights reserved,"(c) Dwi Suratman, all rights reserved",dwisuratman,Dwi Suratman,2026-07-07,"Waibo, Salawati Tengah, Kabupaten Raja Ampat, Papua Barat Daya, Indonesia",needs_id,False,-1.0316049941,131.0251020268,1536,2048,yes,macrotum/inat-379033533-693653606-dwisuratman.jpg,original
Cyrtosperma johnstonii,379290544,https://www.inaturalist.org/observations/379290544,693787854,https://inaturalist-open-data.s3.amazonaws.com/photos/693787854/original.jpg,cc-by-nc,"(c) Alexander M Duggie, some rights reserved (CC BY-NC)",amduggie,Alexander M Duggie,2026-07-05,"บ้านครัวเหนือ Saen Saep, Khet Ratchathewi, Krung Thep Maha Nakhon 10400, Thailand",casual,False,13.7491866997,100.5280771997,2048,1153,yes,johnstonii/inat-379290544-693787854-amduggie.jpg,original
Cyrtosperma johnstonii,379290544,https://www.inaturalist.org/observations/379290544,693787888,https://inaturalist-open-data.s3.amazonaws.com/photos/693787888/original.jpg,cc-by-nc,"(c) Alexander M Duggie, some rights reserved (CC BY-NC)",amduggie,Alexander M Duggie,2026-07-05,"บ้านครัวเหนือ Saen Saep, Khet Ratchathewi, Krung Thep Maha Nakhon 10400, Thailand",casual,False,13.7491866997,100.5280771997,2048,1153,yes,johnstonii/inat-379290544-693787888-amduggie.jpg,original
Cyrtosperma johnstonii,379290544,https://www.inaturalist.org/observations/379290544,693787918,https://inaturalist-open-data.s3.amazonaws.com/photos/693787918/original.jpg,cc-by-nc,"(c) Alexander M Duggie, some rights reserved (CC BY-NC)",amduggie,Alexander M Duggie,2026-07-05,"บ้านครัวเหนือ Saen Saep, Khet Ratchathewi, Krung Thep Maha Nakhon 10400, Thailand",casual,False,13.7491866997,100.5280771997,2048,1153,yes,johnstonii/inat-379290544-693787918-amduggie.jpg,original
Cyrtosperma johnstonii,380244744,https://www.inaturalist.org/observations/380244744,695639607,https://inaturalist-open-data.s3.amazonaws.com/photos/695639607/original.jpg,cc-by-nc,"(c) Slug, some rights reserved (CC BY-NC)",harithkz,Slug,2026-07-10,,casual,True,,,1542,2048,yes,johnstonii/inat-380244744-695639607-harithkz.jpg,original
Cyrtosperma johnstonii,380244744,https://www.inaturalist.org/observations/380244744,695639634,https://inaturalist-open-data.s3.amazonaws.com/photos/695639634/original.jpg,cc-by-nc,"(c) Slug, some rights reserved (CC BY-NC)",harithkz,Slug,2026-07-10,,casual,True,,,1542,2048,yes,johnstonii/inat-380244744-695639634-harithkz.jpg,original
Cyrtosperma johnstonii,380244744,https://www.inaturalist.org/observations/380244744,695639673,https://inaturalist-open-data.s3.amazonaws.com/photos/695639673/original.jpg,cc-by-nc,"(c) Slug, some rights reserved (CC BY-NC)",harithkz,Slug,2026-07-10,,casual,True,,,1542,2048,yes,johnstonii/inat-380244744-695639673-harithkz.jpg,original
Cyrtosperma merkusii,380572312,https://www.inaturalist.org/observations/380572312,696266306,https://inaturalist-open-data.s3.amazonaws.com/photos/696266306/original.jpg,cc-by-nc,"(c) Arthur Teo, some rights reserved (CC BY-NC)",arthur53684,Arthur Teo,2026-07-11,"Tyersall Ave, Singapore, SG, SG",research,False,1.3102416667,103.81495,2048,1536,yes,merkusii/inat-380572312-696266306-arthur53684.jpg,original
Cyrtosperma giganteum,382801610,https://www.inaturalist.org/observations/382801610,700571844,https://inaturalist-open-data.s3.amazonaws.com/photos/700571844/original.jpg,cc-by-nc,"(c) Nusantara Wilderness, some rights reserved (CC BY-NC)",nusantara_wilderness,Nusantara Wilderness,2026-07-19,"Sleman, Yogyakarta, ID",casual,False,-7.6915934309,110.4256084419,1536,2048,yes,giganteum/inat-382801610-700571844-nusantara-wilderness.jpg,original
Cyrtosperma giganteum,382801610,https://www.inaturalist.org/observations/382801610,700572047,https://inaturalist-open-data.s3.amazonaws.com/photos/700572047/original.jpg,cc-by-nc,"(c) Nusantara Wilderness, some rights reserved (CC BY-NC)",nusantara_wilderness,Nusantara Wilderness,2026-07-19,"Sleman, Yogyakarta, ID",casual,False,-7.6915934309,110.4256084419,1536,2048,yes,giganteum/inat-382801610-700572047-nusantara-wilderness.jpg,original
Cyrtosperma giganteum,382801610,https://www.inaturalist.org/observations/382801610,700572049,https://inaturalist-open-data.s3.amazonaws.com/photos/700572049/original.jpg,cc-by-nc,"(c) Nusantara Wilderness, some rights reserved (CC BY-NC)",nusantara_wilderness,Nusantara Wilderness,2026-07-19,"Sleman, Yogyakarta, ID",casual,False,-7.6915934309,110.4256084419,1536,2048,yes,giganteum/inat-382801610-700572049-nusantara-wilderness.jpg,original
Cyrtosperma cuspidispathum,382801843,https://www.inaturalist.org/observations/382801843,700572309,https://inaturalist-open-data.s3.amazonaws.com/photos/700572309/original.jpg,cc-by-nc,"(c) Nusantara Wilderness, some rights reserved (CC BY-NC)",nusantara_wilderness,Nusantara Wilderness,2026-07-19,"Sleman, Yogyakarta, ID",casual,False,-7.6916566169,110.4254265849,1536,2048,yes,cuspidispathum/inat-382801843-700572309-nusantara-wilderness.jpg,original
Cyrtosperma cuspidispathum,382801843,https://www.inaturalist.org/observations/382801843,700572310,https://inaturalist-open-data.s3.amazonaws.com/photos/700572310/original.jpg,cc-by-nc,"(c) Nusantara Wilderness, some rights reserved (CC BY-NC)",nusantara_wilderness,Nusantara Wilderness,2026-07-19,"Sleman, Yogyakarta, ID",casual,False,-7.6916566169,110.4254265849,1536,2048,yes,cuspidispathum/inat-382801843-700572310-nusantara-wilderness.jpg,original
Cyrtosperma cuspidispathum,382801843,https://www.inaturalist.org/observations/382801843,700572300,https://inaturalist-open-data.s3.amazonaws.com/photos/700572300/original.jpg,cc-by-nc,"(c) Nusantara Wilderness, some rights reserved (CC BY-NC)",nusantara_wilderness,Nusantara Wilderness,2026-07-19,"Sleman, Yogyakarta, ID",casual,False,-7.6916566169,110.4254265849,1536,2048,yes,cuspidispathum/inat-382801843-700572300-nusantara-wilderness.jpg,original
Cyrtosperma johnstonii,382802063,https://www.inaturalist.org/observations/382802063,700572699,https://inaturalist-open-data.s3.amazonaws.com/photos/700572699/original.jpg,cc-by-nc,"(c) Nusantara Wilderness, some rights reserved (CC BY-NC)",nusantara_wilderness,Nusantara Wilderness,2026-07-19,"Sleman, Yogyakarta, ID",casual,False,-7.6916754273,110.4255376221,1536,2048,yes,johnstonii/inat-382802063-700572699-nusantara-wilderness.jpg,original
Cyrtosperma johnstonii,382802063,https://www.inaturalist.org/observations/382802063,700572703,https://inaturalist-open-data.s3.amazonaws.com/photos/700572703/original.jpg,cc-by-nc,"(c) Nusantara Wilderness, some rights reserved (CC BY-NC)",nusantara_wilderness,Nusantara Wilderness,2026-07-19,"Sleman, Yogyakarta, ID",casual,False,-7.6916754273,110.4255376221,1536,2048,yes,johnstonii/inat-382802063-700572703-nusantara-wilderness.jpg,original
Cyrtosperma merkusii,382802160,https://www.inaturalist.org/observations/382802160,700572830,https://inaturalist-open-data.s3.amazonaws.com/photos/700572830/original.jpg,cc-by-nc,"(c) Nusantara Wilderness, some rights reserved (CC BY-NC)",nusantara_wilderness,Nusantara Wilderness,2026-07-19,"Jalan Nglengkong Besi, Sleman, Yogyakarta, ID",casual,False,-7.6915054322,110.4252718568,1536,2048,yes,merkusii/inat-382802160-700572830-nusantara-wilderness.jpg,original
Cyrtosperma merkusii,382802160,https://www.inaturalist.org/observations/382802160,700572829,https://inaturalist-open-data.s3.amazonaws.com/photos/700572829/original.jpg,cc-by-nc,"(c) Nusantara Wilderness, some rights reserved (CC BY-NC)",nusantara_wilderness,Nusantara Wilderness,2026-07-19,"Jalan Nglengkong Besi, Sleman, Yogyakarta, ID",casual,False,-7.6915054322,110.4252718568,1536,2048,yes,merkusii/inat-382802160-700572829-nusantara-wilderness.jpg,original
Cyrtosperma merkusii,383264173,https://www.inaturalist.org/observations/383264173,701463249,https://inaturalist-open-data.s3.amazonaws.com/photos/701463249/original.jpg,cc-by-nc,"(c) Bayan Izzani, some rights reserved (CC BY-NC)",bayanizzani,Bayan Izzani,2026-07-18,"9RX2+M7Q Akuatik Park, RT.04/RW.02, Paledang, Bogor Tengah, Bogor City, West Java 16122, Indonesia",casual,False,-6.6006135997,106.8009282997,1536,2048,yes,merkusii/inat-383264173-701463249-bayanizzani.jpg,original
Cyrtosperma merkusii,383264173,https://www.inaturalist.org/observations/383264173,701463312,https://inaturalist-open-data.s3.amazonaws.com/photos/701463312/original.jpg,cc-by-nc,"(c) Bayan Izzani, some rights reserved (CC BY-NC)",bayanizzani,Bayan Izzani,2026-07-18,"9RX2+M7Q Akuatik Park, RT.04/RW.02, Paledang, Bogor Tengah, Bogor City, West Java 16122, Indonesia",casual,False,-6.6006135997,106.8009282997,1536,2048,yes,merkusii/inat-383264173-701463312-bayanizzani.jpg,original
Cyrtosperma merkusii,383264173,https://www.inaturalist.org/observations/383264173,701463345,https://inaturalist-open-data.s3.amazonaws.com/photos/701463345/original.jpg,cc-by-nc,"(c) Bayan Izzani, some rights reserved (CC BY-NC)",bayanizzani,Bayan Izzani,2026-07-18,"9RX2+M7Q Akuatik Park, RT.04/RW.02, Paledang, Bogor Tengah, Bogor City, West Java 16122, Indonesia",casual,False,-6.6006135997,106.8009282997,1536,2048,yes,merkusii/inat-383264173-701463345-bayanizzani.jpg,original
Cyrtosperma johnstonii,383264527,https://www.inaturalist.org/observations/383264527,701463839,https://inaturalist-open-data.s3.amazonaws.com/photos/701463839/original.jpg,cc-by-nc,"(c) Bayan Izzani, some rights reserved (CC BY-NC)",bayanizzani,Bayan Izzani,2026-07-18,"9RX2+M7Q Akuatik Park, RT.04/RW.02, Paledang, Bogor Tengah, Bogor City, West Java 16122, Indonesia",casual,False,-6.6006324997,106.8006531,1536,2048,yes,johnstonii/inat-383264527-701463839-bayanizzani.jpg,original
Cyrtosperma johnstonii,383264527,https://www.inaturalist.org/observations/383264527,701463908,https://inaturalist-open-data.s3.amazonaws.com/photos/701463908/original.jpg,cc-by-nc,"(c) Bayan Izzani, some rights reserved (CC BY-NC)",bayanizzani,Bayan Izzani,2026-07-18,"9RX2+M7Q Akuatik Park, RT.04/RW.02, Paledang, Bogor Tengah, Bogor City, West Java 16122, Indonesia",casual,False,-6.6006324997,106.8006531,1536,2048,yes,johnstonii/inat-383264527-701463908-bayanizzani.jpg,original
Cyrtosperma johnstonii,383264527,https://www.inaturalist.org/observations/383264527,701463951,https://inaturalist-open-data.s3.amazonaws.com/photos/701463951/original.jpg,cc-by-nc,"(c) Bayan Izzani, some rights reserved (CC BY-NC)",bayanizzani,Bayan Izzani,2026-07-18,"9RX2+M7Q Akuatik Park, RT.04/RW.02, Paledang, Bogor Tengah, Bogor City, West Java 16122, Indonesia",casual,False,-6.6006324997,106.8006531,1536,2048,yes,johnstonii/inat-383264527-701463951-bayanizzani.jpg,original
Cyrtosperma cuspidispathum,385906799,https://www.inaturalist.org/observations/385906799,706531890,https://inaturalist-open-data.s3.amazonaws.com/photos/706531890/original.jpg,cc-by-nc,"(c) Refer Iqbal, some rights reserved (CC BY-NC)",referiqbal,Refer Iqbal,2026-07-07,"Nengke, Distrik Pantai Timur Bagian Barat, Kabupaten Sarmi, Papua, Indonesia",needs_id,False,-2.0369968,139.1170862,1152,2048,yes,cuspidispathum/inat-385906799-706531890-referiqbal.jpg,original
Cyrtosperma merkusii,386212580,https://www.inaturalist.org/observations/386212580,707118641,https://inaturalist-open-data.s3.amazonaws.com/photos/707118641/original.jpg,cc-by-nc,"(c) Tongtai Zhou, some rights reserved (CC BY-NC)",z_cuti,Tongtai Zhou,2026-07-29,"Singapore, SG, SG",research,False,1.3150833333,103.814445,1536,2048,yes,merkusii/inat-386212580-707118641-z-cuti.jpg,original
Cyrtosperma merkusii,394273818,https://www.inaturalist.org/observations/394273818,722789583,https://inaturalist-open-data.s3.amazonaws.com/photos/722789583/original.jpg,cc-by-nc,"(c) jfeig, some rights reserved (CC BY-NC)",jfeig,,2026-08-17,"Papeari, Teva I Uta, Polynésie française",needs_id,False,-17.7585683672,-149.3686359722,1542,2048,yes,merkusii/inat-394273818-722789583-jfeig.jpg,original
