key,species,scientificName,acceptedScientificName,taxonomicStatus,basisOfRecord,eventDate,year,countryCode,stateProvince,locality,decimalLatitude,decimalLongitude,coordinateUncertaintyInMeters,elevation,recordedBy,recordNumber,institutionCode,collectionCode,catalogNumber,typeStatus,identifiedBy,datasetName,datasetKey,occurrenceID,references,issues,media
438173152,,Cyrtosperma Griff.,Cyrtosperma Griff.,ACCEPTED,PRESERVED_SPECIMEN,,,,,,,,,,,,MNHN,P,P02136326,,Bogner,,b5cdf794-8fa4-4a85-8b26-755d087bf531,http://coldb.mnhn.fr/catalognumber/mnhn/p/p02136326,,TAXON_MATCH_HIGHERRANK,http://mediaphoto.mnhn.fr/media/1441304126715MWJbvuFOcCId5y1k
439358960,,Cyrtosperma Griff.,Cyrtosperma Griff.,ACCEPTED,PRESERVED_SPECIMEN,,,,,,,,,,,,MNHN,P,P02136287,,,,b5cdf794-8fa4-4a85-8b26-755d087bf531,http://coldb.mnhn.fr/catalognumber/mnhn/p/p02136287,,TAXON_MATCH_HIGHERRANK,http://mediaphoto.mnhn.fr/media/14413041259435Mbgof52bCeUo91k
464631045,,Cyrtosperma Griff.,Cyrtosperma Griff.,ACCEPTED,PRESERVED_SPECIMEN,,,,,,,,,,,,MNHN,P,P01685582,,,,b5cdf794-8fa4-4a85-8b26-755d087bf531,http://coldb.mnhn.fr/catalognumber/mnhn/p/p01685582,,TAXON_MATCH_HIGHERRANK,http://mediaphoto.mnhn.fr/media/1441311896283PiCdLhXzLjovWKGq
912059131,,Cyrtosperma Griff.,Cyrtosperma Griff.,ACCEPTED,PRESERVED_SPECIMEN,,,,,,,,,,,,K,Spirit,58093.000,,,,cd6e21c8-9e8a-493a-8a76-fbf7862069e5,http://specimens.kew.org/herbarium/58093.000,,COLLECTION_MATCH_NONE;INSTITUTION_MATCH_FUZZY,
3467319778,,Cyrtosperma Griff.,Cyrtosperma Griff.,ACCEPTED,MACHINE_OBSERVATION,,,,,,,,,,,,US,US,,,,NMNH Extant Biology,821cc27a-e3bb-4bc5-ac34-89ada245069d,http://n2t.net/ark:/65665/3327219c5-648a-4c7d-9d1b-ec147b7bf3cf,,TAXON_MATCH_HIGHERRANK;OCCURRENCE_STATUS_INFERRED_FROM_INDIVIDUAL_COUNT,https://collections.nmnh.si.edu/media/?i=15230412&h=1044
5068784935,,Cyrtosperma Griff.,Cyrtosperma Griff.,ACCEPTED,PRESERVED_SPECIMEN,,,PG,,,,,,,,,BRIT,BRIT,BRIT1140361,,,,defb9a47-c1a7-4fb2-9a0b-2da7c5260cad,9b6277f6-1dab-4008-b00a-4b0806ba895c,https://portal.torcherbaria.org/portal/collections/individual/index.php?occid=33553799,CONTINENT_DERIVED_FROM_COUNTRY;TAXON_ID_NOT_FOUND;INSTITUTION_MATCH_FUZZY,
6248789325,,Cyrtosperma Griff.,Cyrtosperma Griff.,ACCEPTED,HUMAN_OBSERVATION,,,,,,,,,,,,MeiseBG,BR,BR0000022776204,,,Meise Botanic Garden Herbarium (BR),b740eaa0-0679-41dc-acb7-990d562dfa37,http://www.botanicalcollections.be/specimen/BR0000022776204,,COUNTRY_INVALID;TAXON_MATCH_HIGHERRANK,
1056536602,,Cyrtosperma Griff.,Cyrtosperma Griff.,ACCEPTED,PRESERVED_SPECIMEN,1882-02-02,1882,TL,,,-8.822978,125.853671,250.0,,Anon.,s.n.,NHMUK,BOT,BM000957444,,Josef Bogner,,7e380070-f762-11e1-a439-00145eb45e9a,7967e20e-84bb-475c-a2cd-0625626341d7,,GEODETIC_DATUM_ASSUMED_WGS84;INSTITUTION_MATCH_FUZZY;COLLECTION_MATCH_FUZZY,
1096731764,,Cyrtosperma Griff.,Cyrtosperma Griff.,ACCEPTED,PRESERVED_SPECIMEN,1894-01-13,1894,BR,Mato Grosso,"Exped. Imæ [primæ] Regnellian. Phanerogamæ. Brasiliae civit. Matto Grosso: Serra da Chapada, vicinitatis Rio Manso.",-15.646347,-55.436742,,,C. A. M. Lindman,,S,VascularPlants,S10-30602,,,,0943f690-fde5-11dd-83f4-b8a03c50a862,S:VascularPlants:S10-30602,,GEODETIC_DATUM_ASSUMED_WGS84;CONTINENT_DERIVED_FROM_COORDINATES;TAXON_MATCH_HIGHERRANK;AMBIGUOUS_COLLECTION,
1981027523,,Cyrtosperma Griff.,Cyrtosperma Griff.,ACCEPTED,PRESERVED_SPECIMEN,1915-11,1915,PH,Luzon,Irosin (Mt. Bulusan),,,,,"Elmer, A. D. E.",1523,CAS,BOT-BC,602380,,,,f934f8e2-32ca-46a7-b2f8-b032a4740454,urn:catalog:CAS:BOT-BC:602380,,RECORDED_DATE_MISMATCH,https://ibss-images.calacademy.org/static/botany/originals/5d/c4/5dc49899-0251-4951-a034-108c0f942b63.jpg;https://ibss-images.calacademy.org/static/botany/originals/de/b1/deb1f0c2-30b1-47dd-8884-7aa7e118d291.jpg
94225403,,Cyrtosperma Griff.,Cyrtosperma Griff.,ACCEPTED,OCCURRENCE,1918,1918,PG,Central,Mekeo District,-8.666667,146.5,,,White C.T.,,BRI,PNGplants,68298,,,,85312280-f762-11e1-a439-00145eb45e9a,,,COORDINATE_ROUNDED;GEODETIC_DATUM_ASSUMED_WGS84;CONTINENT_DERIVED_FROM_COORDINATES;RECORDED_DATE_INVALID;BASIS_OF_RECORD_INVALID,
1055493089,,Cyrtosperma Griff.,Cyrtosperma Griff.,ACCEPTED,PRESERVED_SPECIMEN,1922-05-20,1922,,,Tropical Africa,,,,2.0,Georges Marie Patrice Charles Le Testu,3886,NHMUK,BOT,BM001050407,,,,7e380070-f762-11e1-a439-00145eb45e9a,27b3e67f-7e45-45d6-a175-892103e16ecf,,INSTITUTION_MATCH_FUZZY;COLLECTION_MATCH_FUZZY,
1055804462,,Cyrtosperma Griff.,Cyrtosperma Griff.,ACCEPTED,PRESERVED_SPECIMEN,1922-05-20,1922,CD,,,-0.840232,15.224294,,2.0,Georges Marie Patrice Charles Le Testu,3886,NHMUK,BOT,BM001050406,,,,7e380070-f762-11e1-a439-00145eb45e9a,8a2e302b-6cfe-450b-8956-e6381a770615,,GEODETIC_DATUM_ASSUMED_WGS84;COUNTRY_COORDINATE_MISMATCH;INSTITUTION_MATCH_FUZZY;COLLECTION_MATCH_FUZZY,
1055870528,,Cyrtosperma Griff.,Cyrtosperma Griff.,ACCEPTED,PRESERVED_SPECIMEN,1922-05-20,1922,SB,,,-8.072,159.278,,2.0,Georges Marie Patrice Charles Le Testu,3886,NHMUK,BOT,BM001050409,,Dan H. Nicolson,,7e380070-f762-11e1-a439-00145eb45e9a,624b72d9-246e-4cdb-a838-d2f701550312,,GEODETIC_DATUM_ASSUMED_WGS84;INSTITUTION_MATCH_FUZZY;COLLECTION_MATCH_FUZZY,
1055894604,,Cyrtosperma Griff.,Cyrtosperma Griff.,ACCEPTED,PRESERVED_SPECIMEN,1922-05-20,1922,CF,,,,,,2.0,Georges Marie Patrice Charles Le Testu,3886,NHMUK,BOT,BM001050405,,Dan H. Nicolson,,7e380070-f762-11e1-a439-00145eb45e9a,b4c53b79-f3b1-42bd-aa98-63c8f11e166b,,INSTITUTION_MATCH_FUZZY;COLLECTION_MATCH_FUZZY,
1056157200,,Cyrtosperma Griff.,Cyrtosperma Griff.,ACCEPTED,PRESERVED_SPECIMEN,1922-05-20,1922,,,Tropical Africa,,,,2.0,Georges Marie Patrice Charles Le Testu,3886,NHMUK,BOT,BM001050408,,Anon.,,7e380070-f762-11e1-a439-00145eb45e9a,bec61eff-1589-4764-98e9-eed321f785b4,,INSTITUTION_MATCH_FUZZY;COLLECTION_MATCH_FUZZY,
1056605117,,Cyrtosperma Griff.,Cyrtosperma Griff.,ACCEPTED,PRESERVED_SPECIMEN,1922-05-20,1922,GA,,,-0.590945,11.797237,,2.0,Georges Marie Patrice Charles Le Testu,3886,NHMUK,BOT,BM001050402,,Dan H. Nicolson,,7e380070-f762-11e1-a439-00145eb45e9a,69055d8e-0965-4a22-a432-6575166652eb,,GEODETIC_DATUM_ASSUMED_WGS84;INSTITUTION_MATCH_FUZZY;COLLECTION_MATCH_FUZZY,
1056772016,,Cyrtosperma Griff.,Cyrtosperma Griff.,ACCEPTED,PRESERVED_SPECIMEN,1922-05-20,1922,SB,,,-8.072,159.278,,2.0,Georges Marie Patrice Charles Le Testu,3886,NHMUK,BOT,BM001050410,,Dan H. Nicolson,,7e380070-f762-11e1-a439-00145eb45e9a,749f2fb1-f5ba-41e8-bc55-4e79fd03cde0,,GEODETIC_DATUM_ASSUMED_WGS84;INSTITUTION_MATCH_FUZZY;COLLECTION_MATCH_FUZZY,
1057033717,,Cyrtosperma Griff.,Cyrtosperma Griff.,ACCEPTED,PRESERVED_SPECIMEN,1922-05-20,1922,CF,,,,,,2.0,Georges Marie Patrice Charles Le Testu,3886,NHMUK,BOT,BM001050404,,Dan H. Nicolson,,7e380070-f762-11e1-a439-00145eb45e9a,dc4b8f3c-8563-4e44-9896-8975d85bd826,,INSTITUTION_MATCH_FUZZY;COLLECTION_MATCH_FUZZY,
1057096612,,Cyrtosperma Griff.,Cyrtosperma Griff.,ACCEPTED,PRESERVED_SPECIMEN,1922-05-20,1922,GA,,,-0.590945,11.797237,,2.0,Georges Marie Patrice Charles Le Testu,3886,NHMUK,BOT,BM001050403,,Dan H. Nicolson,,7e380070-f762-11e1-a439-00145eb45e9a,394cf8a9-b6c7-4112-b587-6fd5f46a7318,,GEODETIC_DATUM_ASSUMED_WGS84;INSTITUTION_MATCH_FUZZY;COLLECTION_MATCH_FUZZY,
2517623821,,Cyrtosperma Griff.,Cyrtosperma Griff.,ACCEPTED,PRESERVED_SPECIMEN,1925-09-15,1925,ID,,"Ned. Indie. S.O.K., Namoe Oekoer.",,,,,Jeswiet J,"Jeswiet, J 1462",,Botany,WAG.1665994,,,,15f819bd-6612-4447-854b-14d12ee1022d,https://data.biodiversitydata.nl/naturalis/specimen/WAG.1665994,,,https://medialib.naturalis.nl/file/id/WAG.1665994/format/large
2515945903,,Cyrtosperma Griff.,Cyrtosperma Griff.,ACCEPTED,PRESERVED_SPECIMEN,1928-07-23,1928,ZZ,,Australië-Nieuw Guinee. Bank boven Everill Junction (at Fly).,,,,,Jeswiet J,"Jeswiet, J 142",,Botany,WAG.1665992,,,,15f819bd-6612-4447-854b-14d12ee1022d,https://data.biodiversitydata.nl/naturalis/specimen/WAG.1665992,,,https://medialib.naturalis.nl/file/id/WAG.1665992/format/large
2515958585,,Cyrtosperma Griff.,Cyrtosperma Griff.,ACCEPTED,PRESERVED_SPECIMEN,1928-07-23,1928,ZZ,,Australië-Nieuw Guinee. Bank boven Everill Junction (at Fly).,,,,,Jeswiet J,"Jeswiet, J 142",,Botany,WAG.1665993,,,,15f819bd-6612-4447-854b-14d12ee1022d,https://data.biodiversitydata.nl/naturalis/specimen/WAG.1665993,,,https://medialib.naturalis.nl/file/id/WAG.1665993/format/large
1039003983,,Cyrtosperma Griff.,Cyrtosperma Griff.,ACCEPTED,PRESERVED_SPECIMEN,1947-10-02,1947,FM,Caroline Islands,Truk,,,,1.0,Clarence C. Wong,158,YPM,YU,YU.027009,,,,963f12d0-f762-11e1-a439-00145eb45e9a,urn:uuid:ccc23607-aa5b-4582-9b18-3eb2aeb00b76,http://collections.peabody.yale.edu/search/Record/YU.027009,OCCURRENCE_STATUS_INFERRED_FROM_INDIVIDUAL_COUNT;INSTITUTION_MATCH_FUZZY;COLLECTION_MATCH_FUZZY,"https://images.collections.yale.edu/iiif/2/ypm:ac1d901b-086d-4a2b-9a7a-54e61f63c1c9/full/!1920,1920/0/default.jpg"
1038939495,,Cyrtosperma Griff.,Cyrtosperma Griff.,ACCEPTED,PRESERVED_SPECIMEN,1948-01-29,1948,FM,Caroline Islands,Yap,,,,,Clarence C. Wong,367,YPM,YU,YU.027008,,,,963f12d0-f762-11e1-a439-00145eb45e9a,urn:uuid:33fc4cdd-8e32-4e0f-8002-313d7a3051af,http://collections.peabody.yale.edu/search/Record/YU.027008,OCCURRENCE_STATUS_INFERRED_FROM_INDIVIDUAL_COUNT;INSTITUTION_MATCH_FUZZY;COLLECTION_MATCH_FUZZY,"https://images.collections.yale.edu/iiif/2/ypm:78c6cd27-eedd-45eb-95c9-8b2b40c0b182/full/!1920,1920/0/default.jpg"
1096731762,,Cyrtosperma Griff.,Cyrtosperma Griff.,ACCEPTED,PRESERVED_SPECIMEN,1948-09-26,1948,BR,Minas Gerais,Flora do Brasil. Localidad: Ca [illegible] Municipio: Itauiutaba. Estado MG.,,,,,A. Macedo,,S,VascularPlants,S10-30601,,,,0943f690-fde5-11dd-83f4-b8a03c50a862,S:VascularPlants:S10-30601,,CONTINENT_DERIVED_FROM_COUNTRY;TAXON_MATCH_HIGHERRANK;AMBIGUOUS_COLLECTION,
3947895592,,Cyrtosperma Griff.,Cyrtosperma Griff.,ACCEPTED,PRESERVED_SPECIMEN,1949-12-03,1949,IN,Assam,"marsh, 4 ft. Bamanigaon, near sea level",,,,,Walter N. Koelz,24274,MICH,Angiosperms,1002644,,,,c8d12f8a-7e39-4e2c-92d7-825d590ad15b,21190dff-ee9a-4d8d-bf0e-27df65e2458b,,TAXON_MATCH_HIGHERRANK,https://quod.lib.umich.edu/cgi/i/image/api/image/herb00ic:1002644:MICH-V-1002644A/full/res:0/0/native.jpg;https://quod.lib.umich.edu/cgi/i/image/api/image/herb00ic:1002644:MICH-V-1002644B/full/res:0/0/native.jpg
3947899440,,Cyrtosperma Griff.,Cyrtosperma Griff.,ACCEPTED,PRESERVED_SPECIMEN,1949-12-03,1949,IN,Assam,Bamanigaon,,,,,Walter N. Koelz,24274,MICH,Angiosperms,1489648,,,,c8d12f8a-7e39-4e2c-92d7-825d590ad15b,8df19289-1b1c-4594-ae15-7258cc3d778e,,TAXON_MATCH_HIGHERRANK,https://quod.lib.umich.edu/cgi/i/image/api/image/herb00ic:1489648:MICH-V-1489648/full/res:0/0/native.jpg
1090320969,,Cyrtosperma Griff.,Cyrtosperma Griff.,ACCEPTED,PRESERVED_SPECIMEN,1952-09-22,1952,FJ,Naitasiri Province,"Naitasiri, Adi Cakobau School, Sawani",,,,,"Parham, J.W.",Collector Number: 3413,BPBM,BISH,34103,,D.H.Nicolson,Herbarium Pacificum World Specimens,b929f23d-290f-4e85-8f17-764c55b3b284,d7ab7bb0-87d5-4d08-aa6a-b821dffb9c6b,,CONTINENT_DERIVED_FROM_COUNTRY;INSTITUTION_MATCH_FUZZY;COLLECTION_MATCH_FUZZY,
5956175828,,Cyrtosperma Griff.,Cyrtosperma Griff.,ACCEPTED,PRESERVED_SPECIMEN,1952-09-22,1952,FJ,Naitasiri Province,"Naitasiri, Adi Cakobau School, Sawani",,,,,"Parham, J.W.",3413,BISH,,34103,NotAType,"Nicolson, D.H.",,cfb43618-1423-4031-b3ff-fbd2c264f48b,34103,https://pacific.symbiota.org/portal/collections/individual/index.php?occid=1319989,CONTINENT_DERIVED_FROM_COUNTRY;TAXON_ID_NOT_FOUND;INSTITUTION_MATCH_NONE,https://bishsheet.s3.us-east-1.amazonaws.com/34103.webp
2883330531,,Cyrtosperma Griff.,Cyrtosperma Griff.,ACCEPTED,PRESERVED_SPECIMEN,1958-08-20,1958,ID,,,-2.650111,140.658222,5000.0,,J Barran,,AK,AK,AK52414,,,,83ae84cf-88e4-4b5c-80b2-271a15a3e0fc,urn:catalog:AK:AK:AK52414,http://www.aucklandmuseum.com/discover/collections/record/593455,COORDINATE_ROUNDED;COUNTRY_INVALID;CONTINENT_DERIVED_FROM_COORDINATES;MULTIMEDIA_URI_INVALID;AMBIGUOUS_COLLECTION;INSTITUTION_MATCH_FUZZY,
3461060405,,Cyrtosperma Griff.,Cyrtosperma Griff.,ACCEPTED,PRESERVED_SPECIMEN,1960-05-23,1960,PG,Morobe Province,"Near suspension bridge over Busu River, NE of Lae, T.N.G.",-6.64002,147.012963,2000.0,,R. F. Thorne; Ted Henty,27450,RSA,VascularPlants,RSA0321098,,R. F. Thorne,,9781ce05-2379-4a10-ab3b-c91346510df8,dc316295-7c80-4522-a5a2-26f8d16e91aa,https://cch2.org/portal/collections/individual/index.php?occid=5228522,TAXON_ID_NOT_FOUND;IDENTIFIED_DATE_INVALID;INSTITUTION_MATCH_FUZZY;COLLECTION_MATCH_FUZZY,https://media01.symbiota.org/media/cch2/RSA_VascularPlants/RSA0321/RSA0321098_lg.jpg
3461078403,,Cyrtosperma Griff.,Cyrtosperma Griff.,ACCEPTED,PRESERVED_SPECIMEN,1960-05-23,1960,PG,Morobe Province,"Near suspension brudge over Busu River, NE of Lae, T.N.G.",,,,,R. F. Thorne; Ted Henty,27451,RSA,VascularPlants,RSA0321099,,R. F. Thorne,,9781ce05-2379-4a10-ab3b-c91346510df8,6e4f0be4-9234-429b-978f-11a20d112522,https://cch2.org/portal/collections/individual/index.php?occid=5228521,TAXON_ID_NOT_FOUND;IDENTIFIED_DATE_INVALID;INSTITUTION_MATCH_FUZZY;COLLECTION_MATCH_FUZZY,https://media01.symbiota.org/media/cch2/RSA_VascularPlants/RSA0321/RSA0321099_lg.jpg
94225399,,Cyrtosperma Griff.,Cyrtosperma Griff.,ACCEPTED,OCCURRENCE,1966-07-12,1966,PG,Madang,Road to Utu,-5.091667,145.591667,,90.0,Millar A.N.,,BRI,PNGplants,68297,,,,85312280-f762-11e1-a439-00145eb45e9a,,,COORDINATE_ROUNDED;GEODETIC_DATUM_ASSUMED_WGS84;CONTINENT_DERIVED_FROM_COORDINATES;BASIS_OF_RECORD_INVALID,
94225406,,Cyrtosperma Griff.,Cyrtosperma Griff.,ACCEPTED,OCCURRENCE,1967-02-13,1967,PG,Bougainville,Kapikavi,-6.458333,155.675,,870.0,Ridsdale C.,,BRI,PNGplants,68300,,,,85312280-f762-11e1-a439-00145eb45e9a,,,COORDINATE_ROUNDED;GEODETIC_DATUM_ASSUMED_WGS84;CONTINENT_DERIVED_FROM_COORDINATES;BASIS_OF_RECORD_INVALID,
1090224850,,Cyrtosperma Griff.,Cyrtosperma Griff.,ACCEPTED,PRESERVED_SPECIMEN,1971-03-28,1971,SB,,Navano,,,,,"Yen, D.E.",Collector Number: BSIP 18132,BPBM,BISH,79366,,,Herbarium Pacificum World Specimens,b929f23d-290f-4e85-8f17-764c55b3b284,55a3932c-0d99-4c39-b29b-461d6396a9fb,,CONTINENT_DERIVED_FROM_COUNTRY;INSTITUTION_MATCH_FUZZY;COLLECTION_MATCH_FUZZY,
5956242655,,Cyrtosperma Griff.,Cyrtosperma Griff.,ACCEPTED,PRESERVED_SPECIMEN,1971-03-28,1971,SB,,Navano,,,,15.0,"Yen, D.E.",BSIP 18132,BISH,,79366,NotAType,,,cfb43618-1423-4031-b3ff-fbd2c264f48b,79366,https://pacific.symbiota.org/portal/collections/individual/index.php?occid=482088,CONTINENT_DERIVED_FROM_COUNTRY;TAXON_ID_NOT_FOUND;INSTITUTION_MATCH_NONE,
94225405,,Cyrtosperma Griff.,Cyrtosperma Griff.,ACCEPTED,OCCURRENCE,1971-08-09,1971,PG,Western,Kiunga,-6.175,141.341667,,24.0,Streimann H.,,BRI,PNGplants,68299,,,,85312280-f762-11e1-a439-00145eb45e9a,,,COORDINATE_ROUNDED;GEODETIC_DATUM_ASSUMED_WGS84;CONTINENT_DERIVED_FROM_COORDINATES;BASIS_OF_RECORD_INVALID,
1090259253,,Cyrtosperma Griff.,Cyrtosperma Griff.,ACCEPTED,PRESERVED_SPECIMEN,1971-11-16,1971,SB,,Anuta,,,,,"Yen, D.E.",Collector Number: BSIP 18375,BPBM,BISH,80077,,,Herbarium Pacificum World Specimens,b929f23d-290f-4e85-8f17-764c55b3b284,4d888ea7-afa1-447d-887c-6eb7bfb836f4,,CONTINENT_DERIVED_FROM_COUNTRY;INSTITUTION_MATCH_FUZZY;COLLECTION_MATCH_FUZZY,
5956607885,,Cyrtosperma Griff.,Cyrtosperma Griff.,ACCEPTED,PRESERVED_SPECIMEN,1971-11-16,1971,SB,,Anuta,,,,6.0,"Yen, D.E.",BSIP 18375,BISH,,80077,NotAType,,,cfb43618-1423-4031-b3ff-fbd2c264f48b,80077,https://pacific.symbiota.org/portal/collections/individual/index.php?occid=482799,CONTINENT_DERIVED_FROM_COUNTRY;TAXON_ID_NOT_FOUND;INSTITUTION_MATCH_NONE,
1090219253,,Cyrtosperma Griff.,Cyrtosperma Griff.,ACCEPTED,PRESERVED_SPECIMEN,1979-03-20,1979,PG,Milne Bay Province,Mt. Rossel,,,,,"Gagné, B.H.",Collector Number: BHG 2041,BPBM,BISH,494317,,,Herbarium Pacificum World Specimens,b929f23d-290f-4e85-8f17-764c55b3b284,ed925e48-06e5-47e0-aa6a-3f6ad2d8ea27,,CONTINENT_DERIVED_FROM_COUNTRY;INSTITUTION_MATCH_FUZZY;COLLECTION_MATCH_FUZZY,
5956382467,,Cyrtosperma Griff.,Cyrtosperma Griff.,ACCEPTED,PRESERVED_SPECIMEN,1979-03-20,1979,PG,Milne Bay Province,Mt. Rossel,,,,300.0,"Gagné, B.H.",BHG 2041,BISH,,494317,NotAType,,,cfb43618-1423-4031-b3ff-fbd2c264f48b,494317,https://pacific.symbiota.org/portal/collections/individual/index.php?occid=1408012,CONTINENT_DERIVED_FROM_COUNTRY;TAXON_ID_NOT_FOUND;INSTITUTION_MATCH_NONE,
1056478698,,Cyrtosperma Griff.,Cyrtosperma Griff.,ACCEPTED,PRESERVED_SPECIMEN,1979-08-02,1979,PG,Madang,District de Bogia,-4.2,144.844444,,,Robert Iserentant,9198,NHMUK,BOT,BM000957443,,,,7e380070-f762-11e1-a439-00145eb45e9a,bf46b7a0-6458-4da2-badd-0870c2849d04,,COORDINATE_ROUNDED;GEODETIC_DATUM_ASSUMED_WGS84;CONTINENT_COORDINATE_MISMATCH;CONTINENT_COUNTRY_MISMATCH;INSTITUTION_MATCH_FUZZY;COLLECTION_MATCH_FUZZY,
4072869170,,Cyrtosperma Griff.,Cyrtosperma Griff.,ACCEPTED,PRESERVED_SPECIMEN,1979-08-02,1979,PG,,"Nubia (Prov. de Madang, District de Bogia) Piste de Nubia à Mekera",-4.2,144.844444,,,Iserentant R.,9198,MeiseBG,BR,BR0000035039990,,,Meise Botanic Garden Herbarium (BR),b740eaa0-0679-41dc-acb7-990d562dfa37,http://www.botanicalcollections.be/specimen/BR0000035039990,,GEODETIC_DATUM_ASSUMED_WGS84;CONTINENT_DERIVED_FROM_COORDINATES;TAXON_MATCH_HIGHERRANK,https://iiif-manifest.oxalis.br.fgov.be/specimen/BR0000035039990/manifest;https://oxalis.br.fgov.be/images/BR0/000/035/039/990/BR0000035039990.jpg
1259677818,,Cyrtosperma Griff.,Cyrtosperma Griff.,ACCEPTED,PRESERVED_SPECIMEN,1981-09-10,1981,PG,Morobe,End of logging road 6.1 km E of Igam Road and the military base.,-6.75,147.0,,100.0,Thomas B. Croat,52798,MO,Tropicos,2370877,,,Tropicos,7bd65a7a-f762-11e1-a439-00145eb45e9a,urn:catalog:MO:Tropicos:2370877,,GEODETIC_DATUM_ASSUMED_WGS84;CONTINENT_COORDINATE_MISMATCH;CONTINENT_COUNTRY_MISMATCH;TAXON_ID_NOT_FOUND;OCCURRENCE_STATUS_INFERRED_FROM_INDIVIDUAL_COUNT;COLLECTION_MATCH_NONE;INSTITUTION_MATCH_FUZZY,https://images.mobot.org/tropicosimages4/detailimages/TropicosImagesVol4/101237000/295A714E-A188-4D0F-A399-5C49E538C079.jpg;https://images.mobot.org/tropicosimages4/detailimages/TropicosImagesVol4/101237000/F0D7590C-4D26-4958-80DA-0A872EA065DF.jpg
1563593434,,Cyrtosperma Griff.,Cyrtosperma Griff.,ACCEPTED,LIVING_SPECIMEN,1986-06,1986,SB,Western Province,,-8.135367,157.423096,11443.0,,ITAl001|SLB0001,,ITAl001|SLB0001,,1397,,,"Collection, Evaluation and Preservation of Solomon Island Root Crops",33795d9d-3f94-4b0e-a2f6-d3a03cfce7aa,urn:uuid:b58c2149-7876-421e-9e7d-084412ae850e,http://bioversity.github.io/geosite/index.html?NEW_ID_SAMPLE=1397,COORDINATE_ROUNDED;GEODETIC_DATUM_ASSUMED_WGS84;CONTINENT_DERIVED_FROM_COORDINATES;RECORDED_DATE_INVALID;TAXON_MATCH_HIGHERRANK;INSTITUTION_MATCH_NONE,
2513715948,,Cyrtosperma Griff.,Cyrtosperma Griff.,ACCEPTED,PRESERVED_SPECIMEN,1988-05-02,1988,PG,New Guinea,"Ridge above Laruma River, NW of Torokina, Torokina North Solomons",-6.23333,155.05,,,Gideon OG,"Gideon, OG LAE 78483",,Botany,L.1416049,,,,15f819bd-6612-4447-854b-14d12ee1022d,https://data.biodiversitydata.nl/naturalis/specimen/L.1416049,,,https://medialib.naturalis.nl/file/id/L.1416049/format/large
4602022325,,Cyrtosperma Griff.,Cyrtosperma Griff.,ACCEPTED,PRESERVED_SPECIMEN,1988-05-02T00:00,1988,PG,,"Ridge above Laruma River, NW of torokina, Torokina, North Solomons.",,,,450.0,"Gideon, O.G.",LAE 78483,K,Herbarium,K002555950,,,,cd6e21c8-9e8a-493a-8a76-fbf7862069e5,http://specimens.kew.org/herbarium/K002555950,,CONTINENT_DERIVED_FROM_COUNTRY;INSTITUTION_MATCH_FUZZY;INSTITUTION_COLLECTION_MISMATCH,https://d2jcv3kl45hlgi.cloudfront.net/dfe5db2cbe4fd498658d5b70e1b90d9c.jpg
2513716075,,Cyrtosperma Griff.,Cyrtosperma Griff.,ACCEPTED,PRESERVED_SPECIMEN,1993-04-22,1993,MY,,"Johor, Kota Tinggi, Gunong Panti F.R.",1.83333,103.9,,,Saw LG,"Saw, LG FRI/ 37738",,Botany,L.1416048,,,,15f819bd-6612-4447-854b-14d12ee1022d,https://data.biodiversitydata.nl/naturalis/specimen/L.1416048,,,https://medialib.naturalis.nl/file/id/L.1416048/format/large
2513718375,,Cyrtosperma Griff.,Cyrtosperma Griff.,ACCEPTED,PRESERVED_SPECIMEN,1993-04-22,1993,MY,,"Johor, Kota Tinggi, Gunong Panti F.R.",1.83333,103.9,,,Saw LG,"Saw, LG FRI/ 37738",,Botany,L.1416047,,,,15f819bd-6612-4447-854b-14d12ee1022d,https://data.biodiversitydata.nl/naturalis/specimen/L.1416047,,,https://medialib.naturalis.nl/file/id/L.1416047/format/large
2513715427,,Cyrtosperma Griff.,Cyrtosperma Griff.,ACCEPTED,PRESERVED_SPECIMEN,1993-06-07,1993,ID,New Guinea,"Coastal plain, 1-3 km N of Sewan on the Waske River.",-2.66667,138.76667,,,McDonald; Ismail,McDonald; Ismail 3817,,Botany,L.1416050,,McDonald,,15f819bd-6612-4447-854b-14d12ee1022d,https://data.biodiversitydata.nl/naturalis/specimen/L.1416050,,CONTINENT_COORDINATE_MISMATCH,https://medialib.naturalis.nl/file/id/L.1416050/format/large
2513716847,,Cyrtosperma Griff.,Cyrtosperma Griff.,ACCEPTED,PRESERVED_SPECIMEN,1993-06-07,1993,ID,New Guinea,"Coastal plain, 1-3 km N of Sewan on the Waske River.",-2.66667,138.76667,,,McDonald; Ismail,McDonald; Ismail 3817,,Botany,L.1416051,,,,15f819bd-6612-4447-854b-14d12ee1022d,https://data.biodiversitydata.nl/naturalis/specimen/L.1416051,,CONTINENT_COORDINATE_MISMATCH,https://medialib.naturalis.nl/file/id/L.1416051/format/large
1455436390,,Cyrtosperma Griff.,Cyrtosperma Griff.,ACCEPTED,PRESERVED_SPECIMEN,1996-07-31,1996,CD,,,,,,,Pohl Henri,,UNamur,NAM,41831,,,,8f1960d0-6d5f-11df-8b7f-b8a03c50a862,FUNDP:NAM:041831,,COUNTRY_MISMATCH;CONTINENT_DERIVED_FROM_COUNTRY;TAXON_MATCH_HIGHERRANK;OCCURRENCE_STATUS_INFERRED_FROM_INDIVIDUAL_COUNT;INSTITUTION_MATCH_FUZZY;COLLECTION_MATCH_FUZZY,
1438036260,,Cyrtosperma Griff.,Cyrtosperma Griff.,ACCEPTED,HUMAN_OBSERVATION,1998-05-15,1998,BJ,Ouémé,Adjohoun,6.681667,2.498333,,,"van der Maesen, L.J.G.",,FAST/UAC,Flore,FF-V-12333,,,,672303ae-0589-4308-9e34-5f386167e60e,FF-2017-10_571,,GEODETIC_DATUM_ASSUMED_WGS84;CONTINENT_DERIVED_FROM_COORDINATES,
1897819008,,Cyrtosperma Griff.,Cyrtosperma Griff.,ACCEPTED,PRESERVED_SPECIMEN,1999-02-18,1999,PG,,,-5.205,145.775,,,R O Gardner,,AK,AK,AK344603,,,,83ae84cf-88e4-4b5c-80b2-271a15a3e0fc,urn:catalog:AK:AK:AK344603,http://www.aucklandmuseum.com/discover/collections/record/745017,COUNTRY_INVALID;CONTINENT_DERIVED_FROM_COORDINATES;MULTIMEDIA_URI_INVALID;AMBIGUOUS_COLLECTION;INSTITUTION_MATCH_FUZZY,
1897819127,,Cyrtosperma Griff.,Cyrtosperma Griff.,ACCEPTED,PRESERVED_SPECIMEN,1999-02-24,1999,PG,,,-5.11,145.78,5000.0,,R O Gardner,,AK,AK,AK344791,,,,83ae84cf-88e4-4b5c-80b2-271a15a3e0fc,urn:catalog:AK:AK:AK344791,http://www.aucklandmuseum.com/discover/collections/record/745273,COUNTRY_INVALID;CONTINENT_DERIVED_FROM_COORDINATES;MULTIMEDIA_URI_INVALID;AMBIGUOUS_COLLECTION;INSTITUTION_MATCH_FUZZY,
1438036334,,Cyrtosperma Griff.,Cyrtosperma Griff.,ACCEPTED,HUMAN_OBSERVATION,1999-11-12,1999,BJ,Plateau,Ifangni,6.646648,2.73339,,,"van der Maesen, L.J.G.",,FAST/UAC,Flore,FF-V-13039,,,,672303ae-0589-4308-9e34-5f386167e60e,FF-2017-10_646,,GEODETIC_DATUM_ASSUMED_WGS84;CONTINENT_DERIVED_FROM_COORDINATES;RECORDED_DATE_INVALID,
1438036377,,Cyrtosperma Griff.,Cyrtosperma Griff.,ACCEPTED,HUMAN_OBSERVATION,1999-11-12,1999,BJ,Plateau,Ifangni,6.641648,2.73139,,,"van der Maesen, L.J.G.",,FAST/UAC,Flore,FF-V-13046,,,,672303ae-0589-4308-9e34-5f386167e60e,FF-2017-10_649,,GEODETIC_DATUM_ASSUMED_WGS84;CONTINENT_DERIVED_FROM_COORDINATES;RECORDED_DATE_INVALID,
912066638,,Cyrtosperma Griff.,Cyrtosperma Griff.,ACCEPTED,PRESERVED_SPECIMEN,2000-10-24T00:00,2000,ID,,"Mount Jaya, Papua. Mimika Regency, PT-Freeport Indonesia Concession Area: Main Road Mile 50.",-4.283333,137.0,,600.0,"Utteridge, T.M.A.",415,K,Spirit,64569.000,,,,cd6e21c8-9e8a-493a-8a76-fbf7862069e5,http://specimens.kew.org/herbarium/64569.000,,COORDINATE_ROUNDED;GEODETIC_DATUM_ASSUMED_WGS84;CONTINENT_DERIVED_FROM_COORDINATES;PRESUMED_NEGATED_LATITUDE;COLLECTION_MATCH_NONE;INSTITUTION_MATCH_FUZZY,
1259229804,,Cyrtosperma Griff.,Cyrtosperma Griff.,ACCEPTED,PRESERVED_SPECIMEN,2002,2002,TH,,"Thailand origin. Purchased at IAS Show, Miami, 2002.",,,,,"Home, William Titus",s.n.,MO,Tropicos,1963400,,,Tropicos,7bd65a7a-f762-11e1-a439-00145eb45e9a,urn:catalog:MO:Tropicos:1963400,,TAXON_ID_NOT_FOUND;COLLECTION_MATCH_NONE;INSTITUTION_MATCH_FUZZY,
1438036477,,Cyrtosperma Griff.,Cyrtosperma Griff.,ACCEPTED,HUMAN_OBSERVATION,2003-01-05,2003,BJ,Zou,Zogbodomey,7.056833,2.259333,,,"van der Maesen, L.J.G.",,FAST/UAC,Flore,FF-V-14527,,,,672303ae-0589-4308-9e34-5f386167e60e,FF-2017-10_765,,GEODETIC_DATUM_ASSUMED_WGS84;CONTINENT_DERIVED_FROM_COORDINATES;RECORDED_DATE_INVALID,
4602019348,,Cyrtosperma Griff.,Cyrtosperma Griff.,ACCEPTED,PRESERVED_SPECIMEN,2004-10-12T00:00,2004,ID,,"Irian Jaya Barat, Gunung Meja, Amban, Manokwari.",-0.85,134.083333,,,"Sutarno, S.; Hicks, D.; Bau, B.B.; Heru; Paskalina",3,K,Herbarium,K002555949,,,,cd6e21c8-9e8a-493a-8a76-fbf7862069e5,http://specimens.kew.org/herbarium/K002555949,,COORDINATE_ROUNDED;GEODETIC_DATUM_ASSUMED_WGS84;CONTINENT_DERIVED_FROM_COORDINATES;INSTITUTION_MATCH_FUZZY;INSTITUTION_COLLECTION_MISMATCH,https://d2jcv3kl45hlgi.cloudfront.net/0718353c28c8dee25761bece58b90b86.jpg
4602020323,,Cyrtosperma Griff.,Cyrtosperma Griff.,ACCEPTED,PRESERVED_SPECIMEN,2004-10-12T00:00,2004,ID,,"Irian Jaya Barat, Gunung Meja, Amban, Manokwari.",-0.85,134.083333,,,"Sutarno, S.; Hicks, D.; Bau, B.B.; Heru; Paskaina",3,K,Herbarium,K002555948,,,,cd6e21c8-9e8a-493a-8a76-fbf7862069e5,http://specimens.kew.org/herbarium/K002555948,,COORDINATE_ROUNDED;GEODETIC_DATUM_ASSUMED_WGS84;CONTINENT_DERIVED_FROM_COORDINATES;INSTITUTION_MATCH_FUZZY;INSTITUTION_COLLECTION_MISMATCH,https://d2jcv3kl45hlgi.cloudfront.net/a5250fb16cb743bba9270476ae6d97fc.jpg
1259859314,,Cyrtosperma Griff.,Cyrtosperma Griff.,ACCEPTED,PRESERVED_SPECIMEN,2004-11-30,2004,MY,Sarawak,"Vicinity of Kuching, along road to Bau, 2 km E of Bau-Kuching road, junction of swampy area near highway.",1.53333,110.7,,40.0,Thomas B. Croat|Lynn P. Hannon,94231,MO,Tropicos,2535255,,,Tropicos,7bd65a7a-f762-11e1-a439-00145eb45e9a,urn:catalog:MO:Tropicos:2535255,,GEODETIC_DATUM_ASSUMED_WGS84;TAXON_ID_NOT_FOUND;OCCURRENCE_STATUS_INFERRED_FROM_INDIVIDUAL_COUNT;COLLECTION_MATCH_NONE;INSTITUTION_MATCH_FUZZY,https://images.mobot.org/tropicosimages4/detailimages/TropicosImagesVol4/101237000/101364E4-3194-43F7-B4FD-EA2ECB2D1052.jpg;https://images.mobot.org/tropicosimages4/detailimages/TropicosImagesVol4/101237000/357E18E5-E833-4308-A440-EB2AA56E5C31.jpg
3969584541,,Cyrtosperma Griff.,Cyrtosperma Griff.,ACCEPTED,PRESERVED_SPECIMEN,2008-02-19,2008,PG,Milne Bay,"Milne Bay Province, Normanby Is., Sewa Bay",,,,,"Simaga, J. M.; R. Johns, T. Kuria and J. Gagul.",09660 (9509),BRIT,BRIT,BRIT619163,,,,defb9a47-c1a7-4fb2-9a0b-2da7c5260cad,57fc4721-43d8-4cb2-b7e6-7007a5bf4185,https://portal.torcherbaria.org/portal/collections/individual/index.php?occid=30201406,CONTINENT_DERIVED_FROM_COUNTRY;TAXON_ID_NOT_FOUND;INSTITUTION_MATCH_FUZZY,https://web.corral.tacc.utexas.edu/brit/BRIT/BRIT0619000/BRIT619163.jpg
3969768403,,Cyrtosperma Griff.,Cyrtosperma Griff.,ACCEPTED,PRESERVED_SPECIMEN,2008-02,2008,PG,Milne Bay,"Milne Bay Province, Normanby Is., Ubuya",,,,,"Johns, R.J.; R. Maru",11167,BRIT,BRIT,BRIT619162,,,,defb9a47-c1a7-4fb2-9a0b-2da7c5260cad,4b98fd2d-efc1-47b2-b812-3ac7bc810314,https://portal.torcherbaria.org/portal/collections/individual/index.php?occid=30201405,CONTINENT_DERIVED_FROM_COUNTRY;TAXON_ID_NOT_FOUND;INSTITUTION_MATCH_FUZZY,https://web.corral.tacc.utexas.edu/brit/BRIT/BRIT0619000/BRIT619162.jpg
3969771433,,Cyrtosperma Griff.,Cyrtosperma Griff.,ACCEPTED,PRESERVED_SPECIMEN,2008-02-19,2008,PG,Milne Bay,"Milne Bay Province, Normanby Is., Sewa Bay",,,,,"Simaga, J.M.; R. Johns, T. Kuria and J. Gagul.",09660 (9509),BRIT,BRIT,BRIT619164,,,,defb9a47-c1a7-4fb2-9a0b-2da7c5260cad,1dbcd822-ce74-4564-94b6-fbf83c18162d,https://portal.torcherbaria.org/portal/collections/individual/index.php?occid=30201407,CONTINENT_DERIVED_FROM_COUNTRY;TAXON_ID_NOT_FOUND;INSTITUTION_MATCH_FUZZY,https://web.corral.tacc.utexas.edu/brit/BRIT/BRIT0619000/BRIT619164.jpg
4602016377,,Cyrtosperma Griff.,Cyrtosperma Griff.,ACCEPTED,PRESERVED_SPECIMEN,2008-02-19T00:00,2008,PG,,Normanby Is; Sewa Bay,,,,,"Simaga, J.M.; Johns, R.; Kuria, T.; Gagul, J.",9509,K,Herbarium,K002555946,,,,cd6e21c8-9e8a-493a-8a76-fbf7862069e5,http://specimens.kew.org/herbarium/K002555946,,CONTINENT_DERIVED_FROM_COUNTRY;INSTITUTION_MATCH_FUZZY;INSTITUTION_COLLECTION_MISMATCH,https://d2jcv3kl45hlgi.cloudfront.net/b119d8dc56af21a681fb51da27147000.jpg
4602018329,,Cyrtosperma Griff.,Cyrtosperma Griff.,ACCEPTED,PRESERVED_SPECIMEN,2008-02-19T00:00,2008,PG,,"Normanby Is., Sewa Bay",,,,,"Simaga, J.M.; Johns, R.; Kuria, T.; Gagul, J.",09660 (9509),K,Herbarium,K002555945,,,,cd6e21c8-9e8a-493a-8a76-fbf7862069e5,http://specimens.kew.org/herbarium/K002555945,,CONTINENT_DERIVED_FROM_COUNTRY;INSTITUTION_MATCH_FUZZY;INSTITUTION_COLLECTION_MISMATCH,https://d2jcv3kl45hlgi.cloudfront.net/4a3c578bf1d714e9e8a93d6fbb4b08bd.jpg
4602022324,,Cyrtosperma Griff.,Cyrtosperma Griff.,ACCEPTED,PRESERVED_SPECIMEN,2008-02-01T00:00,2008,PG,,"Normanby Is., Ubuya",,,,,"Johns, R.J.; Maru, R.",11167,K,Herbarium,K002555947,,,,cd6e21c8-9e8a-493a-8a76-fbf7862069e5,http://specimens.kew.org/herbarium/K002555947,,CONTINENT_DERIVED_FROM_COUNTRY;INSTITUTION_MATCH_FUZZY;INSTITUTION_COLLECTION_MISMATCH,https://d2jcv3kl45hlgi.cloudfront.net/fc7c6d59626b2e071660dcf235b1f596.jpg
3969784546,,Cyrtosperma Griff.,Cyrtosperma Griff.,ACCEPTED,PRESERVED_SPECIMEN,2008,2008,PG,Milne Bay,"Normanby Island, Milne Bay Province",,,,,J. Gagul; et al.,JG 186,BRIT,BRIT,BRIT619165,,,,defb9a47-c1a7-4fb2-9a0b-2da7c5260cad,7d851a77-9574-465c-b311-62dbeabe2384,https://portal.torcherbaria.org/portal/collections/individual/index.php?occid=30201408,CONTINENT_DERIVED_FROM_COUNTRY;TAXON_ID_NOT_FOUND;INSTITUTION_MATCH_FUZZY,https://web.corral.tacc.utexas.edu/brit/BRIT/BRIT0619000/BRIT619165.jpg
3867847340,,Cyrtosperma Griff.,Cyrtosperma Griff.,ACCEPTED,HUMAN_OBSERVATION,2010-08-27,2010,,,,,,,,John A|Rufus Egbegba,,UNILAG,,,,,,94149ad2-3e2a-45c5-8c8b-fe4e733236ae,NG:NCB:UL_RedlistingofNigerianCoastalFlora&Fauna:0000069,,TAXON_ID_NOT_FOUND;OCCURRENCE_STATUS_UNPARSABLE,
1090278798,,Cyrtosperma Griff.,Cyrtosperma Griff.,ACCEPTED,PRESERVED_SPECIMEN,2012-02-16,2012,PG,Morobe Province,"Bubuu Valley, wet forest N of Bedei (Camp 1), towards top of the ridge.",-7.9182,147.08,,,"James, S.A. Damas, D., Bau, E., David, O., Goea, E.",Collector Number: SAJ0387,BPBM,BISH,756539,,,Herbarium Pacificum World Specimens,b929f23d-290f-4e85-8f17-764c55b3b284,6fd397d9-c955-46bb-bc6e-85c870f57d84,,CONTINENT_DERIVED_FROM_COORDINATES;PRESUMED_NEGATED_LONGITUDE;INSTITUTION_MATCH_FUZZY;COLLECTION_MATCH_FUZZY,
5956450117,,Cyrtosperma Griff.,Cyrtosperma Griff.,ACCEPTED,PRESERVED_SPECIMEN,2012-02-16,2012,PG,Morobe Province,"Bubuu Valley, wet forest N of Bedei (Camp 1), towards top of the ridge.",,,,1949.0,"James, S.A.; Damas, D.; Bau, E.; David, O.; Goea, E.",SAJ0387,BISH,,756539,NotAType,,,cfb43618-1423-4031-b3ff-fbd2c264f48b,756539,https://pacific.symbiota.org/portal/collections/individual/index.php?occid=1635034,CONTINENT_DERIVED_FROM_COUNTRY;TAXON_ID_NOT_FOUND;INSTITUTION_MATCH_NONE,https://editedimages.s3-accelerate.amazonaws.com/BISH1019069.webp
1257910369,,Cyrtosperma Griff.,Cyrtosperma Griff.,ACCEPTED,PRESERVED_SPECIMEN,2012-04-30,2012,TH,,"Cultivated at Nong Nooch Tropical Garden, Patlaya.",12.9275,100.875278,,8.0,Thomas B. Croat,103669,MO,Tropicos,100565497,,,Tropicos,7bd65a7a-f762-11e1-a439-00145eb45e9a,urn:catalog:MO:Tropicos:100565497,,COORDINATE_ROUNDED;GEODETIC_DATUM_ASSUMED_WGS84;TAXON_ID_NOT_FOUND;OCCURRENCE_STATUS_INFERRED_FROM_INDIVIDUAL_COUNT;COLLECTION_MATCH_NONE;INSTITUTION_MATCH_FUZZY,https://images.mobot.org/tropicosimages4/detailimages/TropicosImagesVol4/101237000/1B5047E5-83F9-4BA4-9321-B7F050659D58.jpg
6182185313,,Cyrtosperma Griff.,Cyrtosperma Griff.,ACCEPTED,PRESERVED_SPECIMEN,2014-08-04,2014,SB,,"Sirebe Nature Trail, Sirebe Nature Reserve, Sasamungga Village, Choiseul Province",-6.014389,156.013472,,,Chien-Wen CHEN|Wei-Shui WU|Moffat FANERII,,TNM,,,,,,154947b6-0e29-40da-962f-a0d6e3f12a07,SITW05876-TNM-001,,COORDINATE_ROUNDED;GEODETIC_DATUM_ASSUMED_WGS84;COUNTRY_COORDINATE_MISMATCH;CONTINENT_COORDINATE_MISMATCH;COLLECTION_MATCH_NONE,https://objects.oab.tw/nmns/siflora/specimens/SITW05876-TNM-001-01.JPG
2825633607,,Cyrtosperma Griff.,Cyrtosperma Griff.,ACCEPTED,PRESERVED_SPECIMEN,2016-06-13T00:00,2016,SB,Temotu Province (泰莫圖省),Matu,-10.664139,165.882583,,60.0,Tian-Chuan Hsu,SITW10709,TAIF,PLANT,522543,,,,eb7681c5-5c9c-4e28-954f-f328991c7004,TAIF:PLANT:406683:1:1:522543,,COORDINATE_ROUNDED;GEODETIC_DATUM_INVALID;GEODETIC_DATUM_ASSUMED_WGS84;COUNTRY_INVALID;CONTINENT_DERIVED_FROM_COORDINATES;PRESUMED_NEGATED_LATITUDE;TAXON_MATCH_HIGHERRANK;SCIENTIFIC_NAME_ID_NOT_FOUND;INSTITUTION_MATCH_FUZZY;INSTITUTION_COLLECTION_MISMATCH,
2825636589,,Cyrtosperma Griff.,Cyrtosperma Griff.,ACCEPTED,PRESERVED_SPECIMEN,2016-06-13T00:00,2016,SB,Temotu Province (泰莫圖省),Matu,-10.664139,165.882583,,60.0,Tian-Chuan Hsu,SITW10709,TAIF,PLANT,522557,,,,eb7681c5-5c9c-4e28-954f-f328991c7004,TAIF:PLANT:406683:3:1:522557,,COORDINATE_ROUNDED;GEODETIC_DATUM_INVALID;GEODETIC_DATUM_ASSUMED_WGS84;COUNTRY_INVALID;CONTINENT_DERIVED_FROM_COORDINATES;PRESUMED_NEGATED_LATITUDE;TAXON_MATCH_HIGHERRANK;SCIENTIFIC_NAME_ID_NOT_FOUND;INSTITUTION_MATCH_FUZZY;INSTITUTION_COLLECTION_MISMATCH,
2825665597,,Cyrtosperma Griff.,Cyrtosperma Griff.,ACCEPTED,PRESERVED_SPECIMEN,2016-06-13T00:00,2016,SB,Temotu Province (泰莫圖省),Matu,-10.664139,165.882583,,60.0,Tian-Chuan Hsu,SITW10709,TAIF,PLANT,522544,,,,eb7681c5-5c9c-4e28-954f-f328991c7004,TAIF:PLANT:406683:2:1:522544,,COORDINATE_ROUNDED;GEODETIC_DATUM_INVALID;GEODETIC_DATUM_ASSUMED_WGS84;COUNTRY_INVALID;CONTINENT_DERIVED_FROM_COORDINATES;PRESUMED_NEGATED_LATITUDE;TAXON_MATCH_HIGHERRANK;SCIENTIFIC_NAME_ID_NOT_FOUND;INSTITUTION_MATCH_FUZZY;INSTITUTION_COLLECTION_MISMATCH,
2825631610,,Cyrtosperma Griff.,Cyrtosperma Griff.,ACCEPTED,PRESERVED_SPECIMEN,2016-10-02T00:00,2016,SB,Makira-Ulawa Province,San Cristobal Island,-10.417306,161.765639,,3.0,Wei-Yu Wang,SITW12820,TAIF,PLANT,524080,,,,eb7681c5-5c9c-4e28-954f-f328991c7004,TAIF:PLANT:409080:1:1:524080,,COORDINATE_ROUNDED;GEODETIC_DATUM_INVALID;GEODETIC_DATUM_ASSUMED_WGS84;COUNTRY_INVALID;CONTINENT_DERIVED_FROM_COORDINATES;TAXON_MATCH_HIGHERRANK;SCIENTIFIC_NAME_ID_NOT_FOUND;INSTITUTION_MATCH_FUZZY;INSTITUTION_COLLECTION_MISMATCH,
2825664480,,Cyrtosperma Griff.,Cyrtosperma Griff.,ACCEPTED,PRESERVED_SPECIMEN,2016-10-02T00:00,2016,SB,Makira-Ulawa Province,San Cristobal Island,-10.417306,161.765639,,3.0,Wei-Yu Wang,SITW12820,TAIF,PLANT,524192,,,,eb7681c5-5c9c-4e28-954f-f328991c7004,TAIF:PLANT:409080:2:1:524192,,COORDINATE_ROUNDED;GEODETIC_DATUM_INVALID;GEODETIC_DATUM_ASSUMED_WGS84;COUNTRY_INVALID;CONTINENT_DERIVED_FROM_COORDINATES;TAXON_MATCH_HIGHERRANK;SCIENTIFIC_NAME_ID_NOT_FOUND;INSTITUTION_MATCH_FUZZY;INSTITUTION_COLLECTION_MISMATCH,
2268984032,Cyrtosperma beccarianum,Cyrtosperma beccarianum A.Hay,Cyrtosperma beccarianum A.Hay,ACCEPTED,PRESERVED_SPECIMEN,,,ZZ,,,,,,,O. Beccari,s.n.,FI,Tropicos,101089656,,,Tropicos,e053ff53-c156-4e2e-b9b5-4462e9625424,urn:catalog:MO:Tropicos:101089656,,CONTINENT_COUNTRY_MISMATCH;TAXON_ID_NOT_FOUND;COLLECTION_MATCH_NONE;INSTITUTION_MATCH_FUZZY,https://images.mobot.org/tropicosimages3/detailimages/TropicosImageVol3/100586000/043117AC-0A4F-4647-9044-37538E3EFA10.jpg;https://images.mobot.org/tropicosimages3/detailimages/TropicosImageVol3/100586000/622C674A-3207-49FB-9DFB-55847EB6FC96.jpg;https://images.mobot.org/tropicosimages3/detailimages/TropicosImageVol3/100586000/CF15D308-2EE9-40BB-BC15-90265BFC61BF.jpg
2592220249,Cyrtosperma beccarianum,Cyrtosperma beccarianum A.Hay,Cyrtosperma beccarianum A.Hay,ACCEPTED,PRESERVED_SPECIMEN,,,PG,Manus,"New Guinea. Kiunga. Kiunga Sub-district, Western District.",,,,25.0,H. Streimann & Y. Lelean,NGF 34114,US,US,US 2801255,,,NMNH Extant Biology,821cc27a-e3bb-4bc5-ac34-89ada245069d,http://n2t.net/ark:/65665/3331d2e2e-2b3d-421b-b848-debae89ffca2,,CONTINENT_COUNTRY_MISMATCH;OCCURRENCE_STATUS_INFERRED_FROM_INDIVIDUAL_COUNT,https://collections.nmnh.si.edu/media/?i=14395556&h=2000
2592225851,Cyrtosperma beccarianum,Cyrtosperma beccarianum A.Hay,Cyrtosperma beccarianum A.Hay,ACCEPTED,PRESERVED_SPECIMEN,,,PG,Manus,"Papua. Kiunga, Kiunga subdist., Western District.",,,,46.0,H. Streimann & P. Katik,LAE 51780,US,US,US 2650816,,,NMNH Extant Biology,821cc27a-e3bb-4bc5-ac34-89ada245069d,http://n2t.net/ark:/65665/3493c87a0-646e-4506-aa0d-9096f8a6db1d,,CONTINENT_COUNTRY_MISMATCH;OCCURRENCE_STATUS_INFERRED_FROM_INDIVIDUAL_COUNT,https://collections.nmnh.si.edu/media/?i=14405627&h=2000
2592232393,Cyrtosperma beccarianum,Cyrtosperma beccarianum A.Hay,Cyrtosperma beccarianum A.Hay,ACCEPTED,PRESERVED_SPECIMEN,,,PG,Manus,"New Guinea. Near Ingambit village, Western District.",,,,146.0,"-. Henty, -. Ridsdale & -. Galore",NGF 31826,US,US,US 2593762A,,,NMNH Extant Biology,821cc27a-e3bb-4bc5-ac34-89ada245069d,http://n2t.net/ark:/65665/3632c8db0-79c1-44d0-a444-96c18e2b03de,,CONTINENT_COUNTRY_MISMATCH;OCCURRENCE_STATUS_INFERRED_FROM_INDIVIDUAL_COUNT,https://collections.nmnh.si.edu/media/?i=14414417&h=2000
2592265225,Cyrtosperma beccarianum,Cyrtosperma beccarianum A.Hay,Cyrtosperma beccarianum A.Hay,ACCEPTED,PRESERVED_SPECIMEN,,,PG,Manus,"Papua. Kiunga, Kiunga subdist., Western District.",,,,24.0,H. Streimann & P. Katik,LAE 51782,US,US,US 2650809,,,NMNH Extant Biology,821cc27a-e3bb-4bc5-ac34-89ada245069d,http://n2t.net/ark:/65665/39c4d9a0d-7c7d-4f81-aed2-4c1e273a9251,,CONTINENT_COUNTRY_MISMATCH;OCCURRENCE_STATUS_INFERRED_FROM_INDIVIDUAL_COUNT,https://collections.nmnh.si.edu/media/?i=14411116&h=2000
2592269427,Cyrtosperma beccarianum,Cyrtosperma beccarianum A.Hay,Cyrtosperma beccarianum A.Hay,ACCEPTED,PRESERVED_SPECIMEN,,,PG,Manus,"New Guinea. Near Ingembit village, Kiunga sub-dist., Western Dist., Papua.",,,,146.0,"C. E. Ridsdale, -. Henty & -. Galore",NGF 33245,US,US,US 2593763A,,,NMNH Extant Biology,821cc27a-e3bb-4bc5-ac34-89ada245069d,http://n2t.net/ark:/65665/3d6e37def-0939-4250-b8e0-97d613296912,,CONTINENT_COUNTRY_MISMATCH;OCCURRENCE_STATUS_INFERRED_FROM_INDIVIDUAL_COUNT,https://collections.nmnh.si.edu/media/?i=14392298&h=2000
2592288039,Cyrtosperma beccarianum,Cyrtosperma beccarianum A.Hay,Cyrtosperma beccarianum A.Hay,ACCEPTED,PRESERVED_SPECIMEN,,,PG,Manus,"New Guinea. Rumgirae, Kiunga Sub-district, Western District.",,,,183.0,A. Millar,NGF 35470,US,US,US 2593768A,,,NMNH Extant Biology,821cc27a-e3bb-4bc5-ac34-89ada245069d,http://n2t.net/ark:/65665/38c3a99ae-8fb3-48c9-b504-7554f5cb21b2,,CONTINENT_COUNTRY_MISMATCH;OCCURRENCE_STATUS_INFERRED_FROM_INDIVIDUAL_COUNT,https://collections.nmnh.si.edu/media/?i=14392840&h=2000
2513717043,Cyrtosperma beccarianum,Cyrtosperma beccarianum A.Hay,Cyrtosperma beccarianum A.Hay,ACCEPTED,PRESERVED_SPECIMEN,1907-06-21,1907,ID,New Guinea,Nova Guinea neerlandica meridionalis.,,,,,Versteeg,Versteeg 1287,,Botany,L.1415539,,,,15f819bd-6612-4447-854b-14d12ee1022d,https://data.biodiversitydata.nl/naturalis/specimen/L.1415539,,,https://medialib.naturalis.nl/file/id/L.1415539/format/large
4602017384,Cyrtosperma beccarianum,Cyrtosperma beccarianum A.Hay,Cyrtosperma beccarianum A.Hay,ACCEPTED,PRESERVED_SPECIMEN,1907-06-21T00:00,1907,ID,,Nova Guinea neerlandica meridionalis,,,,,[Versteeg],12[8]7,K,Herbarium,K002555938,,,,cd6e21c8-9e8a-493a-8a76-fbf7862069e5,http://specimens.kew.org/herbarium/K002555938,,INSTITUTION_MATCH_FUZZY;INSTITUTION_COLLECTION_MISMATCH,https://d2jcv3kl45hlgi.cloudfront.net/8156bd41eef16a0f9eeaf0608aac25c1.jpg
2513715222,Cyrtosperma beccarianum,Cyrtosperma beccarianum A.Hay,Cyrtosperma beccarianum A.Hay,ACCEPTED,PRESERVED_SPECIMEN,1908-04-02,1908,ID,New Guinea,Nova Guinea neerlandica meridionalis.,,,,,Branderhorst B,"Branderhorst, B s.n.",,Botany,L.1415538,,,,15f819bd-6612-4447-854b-14d12ee1022d,https://data.biodiversitydata.nl/naturalis/specimen/L.1415538,,,https://medialib.naturalis.nl/file/id/L.1415538/format/large
94225353,Cyrtosperma beccarianum,Cyrtosperma beccarianum A.Hay,Cyrtosperma beccarianum A.Hay,ACCEPTED,OCCURRENCE,1936-06,1936,PG,Western,Palmer River 2 miles below junction with Black River,-5.75,141.666667,,100.0,Brass L.J.,,BRI,PNGplants,68286,,,,85312280-f762-11e1-a439-00145eb45e9a,,,COORDINATE_ROUNDED;GEODETIC_DATUM_ASSUMED_WGS84;CONTINENT_DERIVED_FROM_COORDINATES;BASIS_OF_RECORD_INVALID,
2513715370,Cyrtosperma beccarianum,Cyrtosperma beccarianum A.Hay,Cyrtosperma beccarianum A.Hay,ACCEPTED,PRESERVED_SPECIMEN,1936-06-01/1936-06-30,1936,PG,New Guinea,"(British New Guinea ). Palmer River, 2 miles below junction Black River.",,,,,Brass LJ,"Brass, LJ 7054",,Botany,L.1415540,,,,15f819bd-6612-4447-854b-14d12ee1022d,https://data.biodiversitydata.nl/naturalis/specimen/L.1415540,,,https://medialib.naturalis.nl/file/id/L.1415540/format/large
2513715927,Cyrtosperma beccarianum,Cyrtosperma beccarianum A.Hay,Cyrtosperma beccarianum A.Hay,ACCEPTED,PRESERVED_SPECIMEN,1954-08-22,1954,ID,New Guinea,"Distr. Merauke, path from Boepoel to Lake Wam, near Boepoel village.",,,,,Royen P van; Expeditie Nieuw Guinea,"Royen, P van; Expeditie Nieuw Guinea 4792",,Botany,L.1415534,,,,15f819bd-6612-4447-854b-14d12ee1022d,https://data.biodiversitydata.nl/naturalis/specimen/L.1415534,,,https://medialib.naturalis.nl/file/id/L.1415534/format/large
4602021334,Cyrtosperma beccarianum,Cyrtosperma beccarianum A.Hay,Cyrtosperma beccarianum A.Hay,ACCEPTED,PRESERVED_SPECIMEN,1954-08-22T00:00,1954,ID,,"distr. Merauke, path from Boepoel to Lake Wam, near Boepoel village.",,,,30.0,"van Royen, P.",4792,K,Herbarium,K002555943,,,,cd6e21c8-9e8a-493a-8a76-fbf7862069e5,http://specimens.kew.org/herbarium/K002555943,,INSTITUTION_MATCH_FUZZY;INSTITUTION_COLLECTION_MISMATCH,https://d2jcv3kl45hlgi.cloudfront.net/542cdf98b21cbcae982afa17d92292a4.jpg
2513715145,Cyrtosperma beccarianum,Cyrtosperma beccarianum A.Hay,Cyrtosperma beccarianum A.Hay,ACCEPTED,PRESERVED_SPECIMEN,1957-11-20,1957,ID,New Guinea,"along river Digoel, near Omba Div. South N.Guinea.",,,,,Versteegh C,"Versteegh, C BW(Ind.) 4879",,Botany,L.1415541,,,,15f819bd-6612-4447-854b-14d12ee1022d,https://data.biodiversitydata.nl/naturalis/specimen/L.1415541,,,https://medialib.naturalis.nl/file/id/L.1415541/format/large
2513717871,Cyrtosperma beccarianum,Cyrtosperma beccarianum A.Hay,Cyrtosperma beccarianum A.Hay,ACCEPTED,PRESERVED_SPECIMEN,1967-06-08,1967,ID,New Guinea,"S. E. West Irian. Ingembit, road to Opka.",,,,,Reksodihardjo S,"Reksodihardjo, S 412",,Botany,L.1415533,,,,15f819bd-6612-4447-854b-14d12ee1022d,https://data.biodiversitydata.nl/naturalis/specimen/L.1415533,,,https://medialib.naturalis.nl/file/id/L.1415533/format/large
4602017385,Cyrtosperma beccarianum,Cyrtosperma beccarianum A.Hay,Cyrtosperma beccarianum A.Hay,ACCEPTED,PRESERVED_SPECIMEN,1967-06-08T00:00,1967,ID,,,,,,,"Reksodihardjo, S.",412,K,Herbarium,K002555941,,,,cd6e21c8-9e8a-493a-8a76-fbf7862069e5,http://specimens.kew.org/herbarium/K002555941,,INSTITUTION_MATCH_FUZZY;INSTITUTION_COLLECTION_MISMATCH,https://d2jcv3kl45hlgi.cloudfront.net/278913b39851ee9059eb5c0d349ce059.jpg
4602166341,Cyrtosperma beccarianum,Cyrtosperma beccarianum A.Hay,Cyrtosperma beccarianum A.Hay,ACCEPTED,PRESERVED_SPECIMEN,1967-06-08T00:00,1967,ID,,"Bogor; Island S. E. West Irian; Ingembit, road to Opka",,,,,"Reksodihardjo, S.",412,K,Herbarium,K002555940,,,,cd6e21c8-9e8a-493a-8a76-fbf7862069e5,http://specimens.kew.org/herbarium/K002555940,,INSTITUTION_MATCH_FUZZY;INSTITUTION_COLLECTION_MISMATCH,https://d2jcv3kl45hlgi.cloudfront.net/198e89ef5ebee0d848f6dd835d75bc84.jpg;https://d2jcv3kl45hlgi.cloudfront.net/6b31032e1dce55475aad09caf7c6a23f.jpg
2513715090,Cyrtosperma beccarianum,Cyrtosperma beccarianum A.Hay,Cyrtosperma beccarianum A.Hay,ACCEPTED,PRESERVED_SPECIMEN,1967-10-14,1967,PG,New Guinea,"near Upobia village, Boi River, N. Lake Murray area. Western District.",-6.66667,141.43333,,,Pullen R,"Pullen, R 7489",,Botany,L.1415537,,,,15f819bd-6612-4447-854b-14d12ee1022d,https://data.biodiversitydata.nl/naturalis/specimen/L.1415537,,,https://medialib.naturalis.nl/file/id/L.1415537/format/large
2513714081,Cyrtosperma beccarianum,Cyrtosperma beccarianum A.Hay,Cyrtosperma beccarianum A.Hay,ACCEPTED,PRESERVED_SPECIMEN,1968-03-31,1968,PG,New Guinea,"Rumgirae, Kiunga Sub-district, Western District.",-6.08333,141.25,,,Millar AN,"Millar, AN NGF 35470",,Botany,L.1415531,,,,15f819bd-6612-4447-854b-14d12ee1022d,https://data.biodiversitydata.nl/naturalis/specimen/L.1415531,,,https://medialib.naturalis.nl/file/id/L.1415531/format/large
94225362,Cyrtosperma beccarianum,Cyrtosperma beccarianum A.Hay,Cyrtosperma beccarianum A.Hay,ACCEPTED,OCCURRENCE,1971-08-09,1971,PG,Western,Kiunga,-6.175,141.341667,,24.0,Anonymous,,BRI,PNGplants,68287,,,,85312280-f762-11e1-a439-00145eb45e9a,,,COORDINATE_ROUNDED;GEODETIC_DATUM_ASSUMED_WGS84;CONTINENT_DERIVED_FROM_COORDINATES;BASIS_OF_RECORD_INVALID,
2513715876,Cyrtosperma beccarianum,Cyrtosperma beccarianum A.Hay,Cyrtosperma beccarianum A.Hay,ACCEPTED,PRESERVED_SPECIMEN,1971-08-09,1971,PG,New Guinea,"Kiunga, Kiunga subdist., Western District.",-6.16667,141.33333,,,Streimann H; Katik P,"Streimann, H; Katik, P LAE 51780",,Botany,L.1415543,,,,15f819bd-6612-4447-854b-14d12ee1022d,https://data.biodiversitydata.nl/naturalis/specimen/L.1415543,,,https://medialib.naturalis.nl/file/id/L.1415543/format/large
2513716407,Cyrtosperma beccarianum,Cyrtosperma beccarianum A.Hay,Cyrtosperma beccarianum A.Hay,ACCEPTED,PRESERVED_SPECIMEN,1971-08-09,1971,PG,New Guinea,"Kiunga, Kiunga subdist., Western District.",-6.16667,141.33333,,,Streimann H; Katik P,"Streimann, H; Katik, P LAE 51782",,Botany,L.1415542,,,,15f819bd-6612-4447-854b-14d12ee1022d,https://data.biodiversitydata.nl/naturalis/specimen/L.1415542,,,https://medialib.naturalis.nl/file/id/L.1415542/format/large
4602015339,Cyrtosperma beccarianum,Cyrtosperma beccarianum A.Hay,Cyrtosperma beccarianum A.Hay,ACCEPTED,PRESERVED_SPECIMEN,1971-08-08T00:00,1971,PG,,"Kiunga, Kiunga subdist.. Western District",-6.166667,141.333333,,,"Streimann, H.; Katik, P.",LAE 51780,K,Herbarium,K002555939,,,,cd6e21c8-9e8a-493a-8a76-fbf7862069e5,http://specimens.kew.org/herbarium/K002555939,,COORDINATE_ROUNDED;GEODETIC_DATUM_ASSUMED_WGS84;CONTINENT_DERIVED_FROM_COORDINATES;INSTITUTION_MATCH_FUZZY;INSTITUTION_COLLECTION_MISMATCH,https://d2jcv3kl45hlgi.cloudfront.net/828d6f08c40d86ec66c869c929ee2031.jpg;https://d2jcv3kl45hlgi.cloudfront.net/c62d3e3f5b840ea180ce62260ca5daae.jpg
4602015340,Cyrtosperma beccarianum,Cyrtosperma beccarianum A.Hay,Cyrtosperma beccarianum A.Hay,ACCEPTED,PRESERVED_SPECIMEN,1977-06-08T00:00,1977,ID,,,,,,,"Reksodihardjo, S.",412,K,Herbarium,K002555942,,,,cd6e21c8-9e8a-493a-8a76-fbf7862069e5,http://specimens.kew.org/herbarium/K002555942,,INSTITUTION_MATCH_FUZZY;INSTITUTION_COLLECTION_MISMATCH,https://d2jcv3kl45hlgi.cloudfront.net/351477e56ff61b4a97f48ba86c5e8c2d.jpg
94226497,Cyrtosperma beccarianum,Cyrtosperma beccarianum A.Hay,Cyrtosperma beccarianum A.Hay,ACCEPTED,OCCURRENCE,1990-10-04,1990,PG,Western,"About 24 km north of Kiunga, Tabulul Road, Western Province.",-5.983333,141.383333,,,Jacobs S.W.L.,,NSW,PNGplants,NSW284483,,,,85312280-f762-11e1-a439-00145eb45e9a,,,COORDINATE_ROUNDED;GEODETIC_DATUM_ASSUMED_WGS84;CONTINENT_DERIVED_FROM_COORDINATES;BASIS_OF_RECORD_INVALID,
94226509,Cyrtosperma beccarianum,Cyrtosperma beccarianum A.Hay,Cyrtosperma beccarianum A.Hay,ACCEPTED,OCCURRENCE,1990-10-04,1990,PG,Western,"Tabubil road, 24 km N of Kiunga, Western Province.",-5.983333,141.383333,,,Jacobs S.W.L.,,NSW,PNGplants,NSW430970,,,,85312280-f762-11e1-a439-00145eb45e9a,,,COORDINATE_ROUNDED;GEODETIC_DATUM_ASSUMED_WGS84;CONTINENT_DERIVED_FROM_COORDINATES;BASIS_OF_RECORD_INVALID,
4602024365,Cyrtosperma beccarianum,Cyrtosperma beccarianum A.Hay,Cyrtosperma beccarianum A.Hay,ACCEPTED,PRESERVED_SPECIMEN,1990-10-04T00:00,1990,PG,,"Tabubil road, 24 km N of Kiunga",-5.983334,141.383333,,,"Jacobs, S.W.L.; Conn, B.J.",5986,K,Herbarium,K002555944,,,,cd6e21c8-9e8a-493a-8a76-fbf7862069e5,http://specimens.kew.org/herbarium/K002555944,,COORDINATE_ROUNDED;GEODETIC_DATUM_ASSUMED_WGS84;CONTINENT_DERIVED_FROM_COORDINATES;INSTITUTION_MATCH_FUZZY;INSTITUTION_COLLECTION_MISMATCH,https://d2jcv3kl45hlgi.cloudfront.net/675fb70ff364e6c90d05e2793e564cdf.jpg
5937845976,Cyrtosperma beccarianum,Cyrtosperma beccarianum A.Hay,Cyrtosperma beccarianum A.Hay,ACCEPTED,PRESERVED_SPECIMEN,1995-12,1995,ID,Western New Guinea,,,,,,J. Bogner,s.n.,MO,Tropicos,105012056,,,Tropicos,7bd65a7a-f762-11e1-a439-00145eb45e9a,urn:catalog:MO:Tropicos:105012056,,TAXON_ID_NOT_FOUND;OCCURRENCE_STATUS_INFERRED_FROM_INDIVIDUAL_COUNT;COLLECTION_MATCH_NONE;INSTITUTION_MATCH_FUZZY,
912069741,Cyrtosperma beccarianum,Cyrtosperma beccarianum A.Hay,Cyrtosperma beccarianum A.Hay,ACCEPTED,PRESERVED_SPECIMEN,1999-03-09T00:00,1999,ID,,"Mount Jaya, Papua. Mimika Regency, PT-Freeport Indonesia Concession Area: Between Kali Kopi levee (new E levee) and the Kopi River.",-4.516667,136.966667,,210.0,"Utteridge, T.M.A.",82,K,Spirit,71456.000,,"Boyce, P.",,cd6e21c8-9e8a-493a-8a76-fbf7862069e5,http://specimens.kew.org/herbarium/71456.000,,COORDINATE_ROUNDED;GEODETIC_DATUM_ASSUMED_WGS84;CONTINENT_DERIVED_FROM_COORDINATES;PRESUMED_NEGATED_LATITUDE;COLLECTION_MATCH_NONE;INSTITUTION_MATCH_FUZZY,
2513713668,Cyrtosperma beccarianum,Cyrtosperma beccarianum A.Hay,Cyrtosperma beccarianum A.Hay,ACCEPTED,PRESERVED_SPECIMEN,1999-03-09,1999,ID,New Guinea,"Mimika Regency, PT-Freeport Indonesia Concession Area: Kali Kopi area, in rain forest between Kali Kopi levee and the Kopi River.",-4.51667,136.96667,,,Utteridge TMA; Willis FR; et al.,"Utteridge, TMA; Willis, FR; et al. 82",,Botany,L.1415530,,Boyce PC,,15f819bd-6612-4447-854b-14d12ee1022d,https://data.biodiversitydata.nl/naturalis/specimen/L.1415530,,CONTINENT_COORDINATE_MISMATCH,https://medialib.naturalis.nl/file/id/L.1415530/format/large
2592274584,Cyrtosperma bougainvillense,Cyrtosperma bougainvillense A.Hay,Cyrtosperma bougainvillense A.Hay,ACCEPTED,PRESERVED_SPECIMEN,,,PG,Bougainville,"New Guinea. Kapikavi, Bougainville District.",,,,884.0,C. E. Ridsdale & P. Lavarack,NGF 31597,US,US,US 2593813A,,,NMNH Extant Biology,821cc27a-e3bb-4bc5-ac34-89ada245069d,http://n2t.net/ark:/65665/3f7cdc33d-7e33-490f-8d46-e7310a221c25,,CONTINENT_COUNTRY_MISMATCH;OCCURRENCE_STATUS_INFERRED_FROM_INDIVIDUAL_COUNT,https://collections.nmnh.si.edu/media/?i=14413428&h=2000
2592289151,Cyrtosperma bougainvillense,Cyrtosperma bougainvillense A.Hay,Cyrtosperma bougainvillense A.Hay,ACCEPTED,PRESERVED_SPECIMEN,,,PG,Bougainville,"New Guinea. Kapikavi, Bougainville District.",,,,884.0,C. E. Ridsdale & P. Lavarack,NGF 31597,US,US,US 2593814A,,,NMNH Extant Biology,821cc27a-e3bb-4bc5-ac34-89ada245069d,http://n2t.net/ark:/65665/3afe82162-b4ad-4698-95d5-cfc0e042cdc2,,CONTINENT_COUNTRY_MISMATCH;OCCURRENCE_STATUS_INFERRED_FROM_INDIVIDUAL_COUNT,https://collections.nmnh.si.edu/media/?i=14416499&h=2000
4602023370,Cyrtosperma bougainvillense,Cyrtosperma bougainvillense A.Hay,Cyrtosperma bougainvillense A.Hay,ACCEPTED,PRESERVED_SPECIMEN,1931-09-01T00:00,1931,SB,,[Siwain],,,,,"Waterhouse, J.H.L.",571-B,K,Herbarium,K002555972,,,,cd6e21c8-9e8a-493a-8a76-fbf7862069e5,http://specimens.kew.org/herbarium/K002555972,,CONTINENT_DERIVED_FROM_COUNTRY;INSTITUTION_MATCH_FUZZY;INSTITUTION_COLLECTION_MISMATCH,https://d2jcv3kl45hlgi.cloudfront.net/0ec3984709b5a4003f9872ddaaacf1c4.jpg
4602165333,Cyrtosperma bougainvillense,Cyrtosperma bougainvillense A.Hay,Cyrtosperma bougainvillense A.Hay,ACCEPTED,PRESERVED_SPECIMEN,1931-09-01T00:00,1931,SB,,Siwair,,,,,"Waterhouse, J.H.L.",571-B,K,Herbarium,K002555971,,,,cd6e21c8-9e8a-493a-8a76-fbf7862069e5,http://specimens.kew.org/herbarium/K002555971,,CONTINENT_DERIVED_FROM_COUNTRY;INSTITUTION_MATCH_FUZZY;INSTITUTION_COLLECTION_MISMATCH,https://d2jcv3kl45hlgi.cloudfront.net/27bddd8819d5b61fe576a4c0ff68249c.jpg
4602166343,Cyrtosperma bougainvillense,Cyrtosperma bougainvillense A.Hay,Cyrtosperma bougainvillense A.Hay,ACCEPTED,PRESERVED_SPECIMEN,1931-09-01T00:00,1931,SB,,Siwai,,,,,"Waterhouse, J.H.L.",571-B,K,Herbarium,K002555973,,,,cd6e21c8-9e8a-493a-8a76-fbf7862069e5,http://specimens.kew.org/herbarium/K002555973,,CONTINENT_DERIVED_FROM_COUNTRY;INSTITUTION_MATCH_FUZZY;INSTITUTION_COLLECTION_MISMATCH,https://d2jcv3kl45hlgi.cloudfront.net/7f759ec16ea95f2295f61e08aa55faa5.jpg
1320304374,Cyrtosperma bougainvillense,Cyrtosperma bougainvillense A.Hay,Cyrtosperma bougainvillense A.Hay,ACCEPTED,PRESERVED_SPECIMEN,1961-10-30,1961,PG,Bougainville,"McKillup's Arawa Plantation, 6 miles W of Kieta",,,,,D. H. Nicolson,1510,US,US,US 2425433,,,NMNH Extant Biology,821cc27a-e3bb-4bc5-ac34-89ada245069d,http://n2t.net/ark:/65665/38937e14f-9043-423a-9f9f-a4c32794acb8,,CONTINENT_COUNTRY_MISMATCH;OCCURRENCE_STATUS_INFERRED_FROM_INDIVIDUAL_COUNT,https://collections.nmnh.si.edu/media/?i=14411049&h=2000;https://collections.nmnh.si.edu/media/?i=10300995&h=2000
2513715480,Cyrtosperma bougainvillense,Cyrtosperma bougainvillense A.Hay,Cyrtosperma bougainvillense A.Hay,ACCEPTED,PRESERVED_SPECIMEN,1961-10-30,1961,PG,,"BOUGAINVILLE ISLAND. McKillup's Arawa Plantation, 6 miles west of Kieta.",,,,,Nicolson DH,"Nicolson, DH 1510",,Botany,L.1415544,,,,15f819bd-6612-4447-854b-14d12ee1022d,https://data.biodiversitydata.nl/naturalis/specimen/L.1415544,,,https://medialib.naturalis.nl/file/id/L.1415544/format/large
4602019351,Cyrtosperma bougainvillense,Cyrtosperma bougainvillense A.Hay,Cyrtosperma bougainvillense A.Hay,ACCEPTED,PRESERVED_SPECIMEN,1961-10-30T00:00,1961,SB,,"Bougainville Island, 6 miles west of Kieta.",,,,,"Nicolson, D.H.",1510,K,Herbarium,K002555970,,,,cd6e21c8-9e8a-493a-8a76-fbf7862069e5,http://specimens.kew.org/herbarium/K002555970,,CONTINENT_DERIVED_FROM_COUNTRY;INSTITUTION_MATCH_FUZZY;INSTITUTION_COLLECTION_MISMATCH,https://d2jcv3kl45hlgi.cloudfront.net/c094ec7f5ec469bc18a6bf6bb22043aa.jpg
94222506,Cyrtosperma bougainvillense,Cyrtosperma bougainvillense A.Hay,Cyrtosperma bougainvillense A.Hay,ACCEPTED,OCCURRENCE,1964-08-15,1964,PG,Bougainville,"Maide River gorge, lower South slopes of Lake Loloru Crater, ca 15miles North of Buin.",-6.6,155.683333,,620.0,Schodde R.,,CANB,PNGplants,121199,,,,85312280-f762-11e1-a439-00145eb45e9a,,,COORDINATE_ROUNDED;GEODETIC_DATUM_ASSUMED_WGS84;CONTINENT_DERIVED_FROM_COORDINATES;BASIS_OF_RECORD_INVALID,
94222513,Cyrtosperma bougainvillense,Cyrtosperma bougainvillense A.Hay,Cyrtosperma bougainvillense A.Hay,ACCEPTED,OCCURRENCE,1964-08-15,1964,PG,Bougainville,"Maide River gorge, lower South slopes of Lake Loloru Crater, ca 15miles North of Buin.",-6.6,155.683333,,620.0,Schodde R.,,CANB,PNGplants,121200,,,,85312280-f762-11e1-a439-00145eb45e9a,,,COORDINATE_ROUNDED;GEODETIC_DATUM_ASSUMED_WGS84;CONTINENT_DERIVED_FROM_COORDINATES;BASIS_OF_RECORD_INVALID,
94222518,Cyrtosperma bougainvillense,Cyrtosperma bougainvillense A.Hay,Cyrtosperma bougainvillense A.Hay,ACCEPTED,OCCURRENCE,1964-08-15,1964,PG,Bougainville,"Maide River gorge, lower South slopes of Lake Loloru Crater, ca 15miles North of Buin.",-6.6,155.683333,,620.0,Schodde R.,,CANB,PNGplants,121201,,,,85312280-f762-11e1-a439-00145eb45e9a,,,COORDINATE_ROUNDED;GEODETIC_DATUM_ASSUMED_WGS84;CONTINENT_DERIVED_FROM_COORDINATES;BASIS_OF_RECORD_INVALID,
912415874,Cyrtosperma bougainvillense,Cyrtosperma bougainvillense A.Hay,Cyrtosperma bougainvillense A.Hay,ACCEPTED,PRESERVED_SPECIMEN,1964-08-15T00:00,1964,PG,,"Maide river gorge, lower south slopes of Lake Loloru crater, c. 15 miles north of Buin.",,,,609.6,"Schodde, R.; Craven, L.",3837,K,Herbarium,K000499251,Isotype,"Hay, A.",,cd6e21c8-9e8a-493a-8a76-fbf7862069e5,http://specimens.kew.org/herbarium/K000499251,,CONTINENT_DERIVED_FROM_COUNTRY;INSTITUTION_MATCH_FUZZY;INSTITUTION_COLLECTION_MISMATCH,https://d2jcv3kl45hlgi.cloudfront.net/ca05eaddae4cd49c88481c0658fe31c2.jpg
912415900,Cyrtosperma bougainvillense,Cyrtosperma bougainvillense A.Hay,Cyrtosperma bougainvillense A.Hay,ACCEPTED,PRESERVED_SPECIMEN,1964-08-15T00:00,1964,PG,,"Maide river gorge, lower south slopes of Lake Loloru crater, c. 15 miles north of Buin.",,,,609.6,"Schodde, R.; Craven, L.",3837,K,Herbarium,K000499252,Type,"Hay, A.",,cd6e21c8-9e8a-493a-8a76-fbf7862069e5,http://specimens.kew.org/herbarium/K000499252,,CONTINENT_DERIVED_FROM_COUNTRY;INSTITUTION_MATCH_FUZZY;INSTITUTION_COLLECTION_MISMATCH,https://d2jcv3kl45hlgi.cloudfront.net/daf4ae6b153ad4b3b8d954629fe1edbd.jpg
1261077057,Cyrtosperma bougainvillense,Cyrtosperma bougainvillense A.Hay,Cyrtosperma bougainvillense A.Hay,ACCEPTED,PRESERVED_SPECIMEN,1964-08-15,1964,SB,,"Maide River gorge, lower S slopes of lak Lolosu crater, ca. 15 mi. N of Buin",,,,609.6,"Schodde, Richard|Lyn A. Craven",3837,GH,Tropicos,378224,,,Tropicos,e053ff53-c156-4e2e-b9b5-4462e9625424,urn:catalog:MO:Tropicos:378224,,TAXON_ID_NOT_FOUND;COLLECTION_MATCH_NONE;INSTITUTION_MATCH_FUZZY,
1999136499,Cyrtosperma bougainvillense,Cyrtosperma bougainvillense A.Hay,Cyrtosperma bougainvillense A.Hay,ACCEPTED,PRESERVED_SPECIMEN,1964-08-15,1964,PG,Bougainville,"Bougainville, Maide River gorge, lower south slopes of Lake Lolosu crater, ca. 15 miles north of Buin, riverine montane rainforest, 2000 feet",,,,,R. Schodde & L. A. Craven,3837,A,A,barcode-00025749,Isotype,,Harvard University Herbaria: All Records,861e6afe-f762-11e1-a439-00145eb45e9a,bc4f6c29-2d10-47ed-ba4c-ad351cf098bb,http://data.huh.harvard.edu/bc4f6c29-2d10-47ed-ba4c-ad351cf098bb/image,,https://s3.amazonaws.com/herbaria2/GPI-Types/HUHGPI00054/Araceae/full/full_A00025749.jpg;https://s3.amazonaws.com/huhwebimages/BDC537A025064D5/type/full/25749.jpg
2513103865,Cyrtosperma bougainvillense,Cyrtosperma bougainvillense A.Hay,Cyrtosperma bougainvillense A.Hay,ACCEPTED,PRESERVED_SPECIMEN,1964-08-15,1964,PG,New Guinea,"Bougainville Lake Lolosu crater, c 15 miles north of Buin",-6.83333,155.73333,,,Schodde R,"Schodde, R 3837",,Botany,L  0041890,Isotype,Hay A,,15f819bd-6612-4447-854b-14d12ee1022d,https://data.biodiversitydata.nl/naturalis/specimen/L%20%200041890,,,https://medialib.naturalis.nl/file/id/L0041890_MLN/format/large
2513715171,Cyrtosperma bougainvillense,Cyrtosperma bougainvillense A.Hay,Cyrtosperma bougainvillense A.Hay,ACCEPTED,PRESERVED_SPECIMEN,1967-02-13,1967,PG,,"Kapikavi, Bougainville District.",-6.45,155.66667,,,Ridsdale CE; Lavarack PS,"Ridsdale, CE; Lavarack, PS NGF 31597",,Botany,L.1415545,,,,15f819bd-6612-4447-854b-14d12ee1022d,https://data.biodiversitydata.nl/naturalis/specimen/L.1415545,,,https://medialib.naturalis.nl/file/id/L.1415545/format/large
4602023369,Cyrtosperma bougainvillense,Cyrtosperma bougainvillense A.Hay,Cyrtosperma bougainvillense A.Hay,ACCEPTED,PRESERVED_SPECIMEN,1967-02-13T00:00,1967,PG,,Kapikavi,,,,,"Ridsdale, C.; Lavarack, P.",NGF31597,K,Herbarium,K002555969,,,,cd6e21c8-9e8a-493a-8a76-fbf7862069e5,http://specimens.kew.org/herbarium/K002555969,,CONTINENT_DERIVED_FROM_COUNTRY;INSTITUTION_MATCH_FUZZY;INSTITUTION_COLLECTION_MISMATCH,https://d2jcv3kl45hlgi.cloudfront.net/a854fdf80e94e6cb1063b53ab87c3051.jpg
4602165332,Cyrtosperma bougainvillense,Cyrtosperma bougainvillense A.Hay,Cyrtosperma bougainvillense A.Hay,ACCEPTED,PRESERVED_SPECIMEN,1967-02-13T00:00,1967,PG,,Kapikavi,,,,,"Ridsdale, C.; Lavarack, P.",NGF31597,K,Herbarium,K002555968,,,,cd6e21c8-9e8a-493a-8a76-fbf7862069e5,http://specimens.kew.org/herbarium/K002555968,,CONTINENT_DERIVED_FROM_COUNTRY;INSTITUTION_MATCH_FUZZY;INSTITUTION_COLLECTION_MISMATCH,https://d2jcv3kl45hlgi.cloudfront.net/b67f82b748cca34641a7c6d6e45617d9.jpg
2513715329,Cyrtosperma brassii,Cyrtosperma brassii A.Hay,Cyrtosperma brassii A.Hay,ACCEPTED,PRESERVED_SPECIMEN,1956-09-29,1956,PG,New Guinea,Rossel Isl.; Abaleti.,,,,,Brass LJ; Fifth Archbold Expedition to New Guinea,"Brass, LJ; Fifth Archbold Expedition to New Guinea 28251",,Botany,L.1415547,,,,15f819bd-6612-4447-854b-14d12ee1022d,https://data.biodiversitydata.nl/naturalis/specimen/L.1415547,,,https://medialib.naturalis.nl/file/id/L.1415547/format/large
1261077100,Cyrtosperma brassii,Cyrtosperma brassii A.Hay,Cyrtosperma brassii A.Hay,ACCEPTED,PRESERVED_SPECIMEN,1956-10-01,1956,PG,,Abaleti,,,,50.0,Leonard J. Brass,28282,A,Tropicos,378247,,,Tropicos,e053ff53-c156-4e2e-b9b5-4462e9625424,urn:catalog:MO:Tropicos:378247,,CONTINENT_COUNTRY_MISMATCH;TAXON_ID_NOT_FOUND;COLLECTION_MATCH_NONE;INSTITUTION_MATCH_FUZZY,
1998769298,Cyrtosperma brassii,Cyrtosperma brassii A.Hay,Cyrtosperma brassii A.Hay,ACCEPTED,PRESERVED_SPECIMEN,1956-10-01,1956,PG,,"Rossel Island, Abaleti, 50 m",,,,,L. J. Brass,28282,A,A,barcode-00025750,Isotype,,Harvard University Herbaria: All Records,861e6afe-f762-11e1-a439-00145eb45e9a,69580c49-f905-4f5d-8aea-aa8df08e8b81,http://data.huh.harvard.edu/69580c49-f905-4f5d-8aea-aa8df08e8b81/image,,https://s3.amazonaws.com/herbaria2/GPI-Types/HUHGPI00054/Araceae/full/full_A00025750.jpg;https://s3.amazonaws.com/huhwebimages/946799536D5E4DE/type/full/25750.jpg
2513103860,Cyrtosperma brassii,Cyrtosperma brassii A.Hay,Cyrtosperma brassii A.Hay,ACCEPTED,PRESERVED_SPECIMEN,1956-10-01,1956,PG,New Guinea,Papau New Guinea Rossel Isl.; Abaleti,-11.35,154.15,,,Brass LJ,"Brass, LJ 28282",,Botany,L  0041891,Holotype,Hay A,,15f819bd-6612-4447-854b-14d12ee1022d,https://data.biodiversitydata.nl/naturalis/specimen/L%20%200041891,,,https://medialib.naturalis.nl/file/id/L0041891_MLN/format/large
2513714883,Cyrtosperma brassii,Cyrtosperma brassii A.Hay,Cyrtosperma brassii A.Hay,ACCEPTED,PRESERVED_SPECIMEN,1965-11-06,1965,PG,New Guinea,"Kwa mountain above Abilete, Rossel Is., Milne Bay Dist.",-11.33333,154.16667,,,Henty EE,"Henty, EE NGF 27090",,Botany,L.1415546,,,,15f819bd-6612-4447-854b-14d12ee1022d,https://data.biodiversitydata.nl/naturalis/specimen/L.1415546,,,https://medialib.naturalis.nl/file/id/L.1415546/format/large
94226523,Cyrtosperma brassii,Cyrtosperma brassii A.Hay,Cyrtosperma brassii A.Hay,ACCEPTED,OCCURRENCE,1982-09-12,1982,PG,,Lae Botanic Gardens.,0.0,0.0,,,Hay A.,,NSW,PNGplants,NSW606081,,,,85312280-f762-11e1-a439-00145eb45e9a,,,ZERO_COORDINATE;COORDINATE_ROUNDED;GEODETIC_DATUM_ASSUMED_WGS84;COUNTRY_COORDINATE_MISMATCH;BASIS_OF_RECORD_INVALID,
3350095387,Cyrtosperma carrii,Cyrtosperma carrii A.Hay,Cyrtosperma carrii A.Hay,ACCEPTED,PRESERVED_SPECIMEN,,,,,,,,,,,,,,J. Bogner 2451 (M),,,,d8cd16ba-bb74-4420-821e-083f2bac17c2,JF776587,https://www.ebi.ac.uk/ena/browser/view/JF776587,TAXON_CONCEPT_ID_NOT_FOUND;TAXON_ID_NOT_FOUND,
1929738853,Cyrtosperma carrii,Cyrtosperma carrii A.Hay,Cyrtosperma carrii A.Hay,ACCEPTED,PRESERVED_SPECIMEN,1933-10-13,1933,PG,Central,Mafulu,,,,1250.0,L. J. Brass,5256,NY,NY,03780531,,,Vascular plants,d415c253-4d61-4459-9d25-4015b9084fb0,8b7f504d-90be-42fd-b94e-6768ba3f5cc5,http://sweetgum.nybg.org/science/vh/specimen_details.php?irn=4070928,MODIFIED_DATE_INVALID,http://sweetgum.nybg.org/images3/3426/561/03780531.jpg
1056401212,Cyrtosperma carrii,Cyrtosperma carrii A.Hay,Cyrtosperma carrii A.Hay,ACCEPTED,PRESERVED_SPECIMEN,1935-05-15,1935,PG,Central,Koitaki; 1500',-9.4117,147.4689,,457.0,Cedric Errol Carr,12307,NHMUK,BOT,BM000958555,Holotype,Alistair Hay,,7e380070-f762-11e1-a439-00145eb45e9a,edf4fc27-92fc-415d-bbdb-2edecf43e3b9,,CONTINENT_COORDINATE_MISMATCH;CONTINENT_COUNTRY_MISMATCH;INSTITUTION_MATCH_FUZZY;COLLECTION_MATCH_FUZZY,https://data.nhm.ac.uk/media/8374880c-29fe-4915-97cd-8dc6a810a3b9
1057500843,Cyrtosperma carrii,Cyrtosperma carrii A.Hay,Cyrtosperma carrii A.Hay,ACCEPTED,PRESERVED_SPECIMEN,1935-05-15,1935,PG,Central,Koitaki; 1500',-9.4117,147.4689,,457.0,Cedric Errol Carr,12307,NHMUK,BOT,BM000958554,Holotype,Alistair Hay,,7e380070-f762-11e1-a439-00145eb45e9a,1b55d217-db7f-4ddd-96f4-8da6e5d7d637,,CONTINENT_COORDINATE_MISMATCH;CONTINENT_COUNTRY_MISMATCH;INSTITUTION_MATCH_FUZZY;COLLECTION_MATCH_FUZZY,https://data.nhm.ac.uk/media/c6297f10-cd9f-4057-8157-19a55bc7ba7b
2513105412,Cyrtosperma carrii,Cyrtosperma carrii A.Hay,Cyrtosperma carrii A.Hay,ACCEPTED,PRESERVED_SPECIMEN,1935-05-15,1935,PG,New Guinea,Papua Koitaki,-9.4,147.45,,,Carr CE,"Carr, CE 12307",,Botany,L  0041892,Isotype,Hay A,,15f819bd-6612-4447-854b-14d12ee1022d,https://data.biodiversitydata.nl/naturalis/specimen/L%20%200041892,,,https://medialib.naturalis.nl/file/id/L0041892_MLN/format/large
2513714710,Cyrtosperma carrii,Cyrtosperma carrii A.Hay,Cyrtosperma carrii A.Hay,ACCEPTED,PRESERVED_SPECIMEN,1961-10-14,1961,PG,,"CENTRAL DISTRICT. Sogeri Plateau, between Subitana and Javereri, headwaters of Kemp Welsh River.",,,,,Nicolson DH,"Nicolson, DH 1436",,Botany,L.1415548,,,,15f819bd-6612-4447-854b-14d12ee1022d,https://data.biodiversitydata.nl/naturalis/specimen/L.1415548,,,https://medialib.naturalis.nl/file/id/L.1415548/format/large
2592270303,Cyrtosperma carrii,Cyrtosperma carrii A.Hay,Cyrtosperma carrii A.Hay,ACCEPTED,PRESERVED_SPECIMEN,1961-10-14,1961,PG,Central,"Papua, Central District. Planted at Lae. Sogeri Plateau, between Subitana and Javereri, headwaters of Kemp Welsh River.",,,,,D. H. Nicolson,1436,US,US,US 2426702,,,NMNH Extant Biology,821cc27a-e3bb-4bc5-ac34-89ada245069d,http://n2t.net/ark:/65665/3bfd2c4bf-ffb1-40c1-b202-0bc6d87b4e62,,CONTINENT_COUNTRY_MISMATCH;OCCURRENCE_STATUS_INFERRED_FROM_INDIVIDUAL_COUNT,https://collections.nmnh.si.edu/media/?i=14413739&h=2000
4602022321,Cyrtosperma carrii,Cyrtosperma carrii A.Hay,Cyrtosperma carrii A.Hay,ACCEPTED,PRESERVED_SPECIMEN,1961-10-14T00:00,1961,PG,,"Near or in stream-bed, Sogeri Plateau, between Subitana and Javereri, headwaters of Kemp Welsh River.",,,,240.0,"Nicolson, D.H.",1436,K,Herbarium,K002555914,,,,cd6e21c8-9e8a-493a-8a76-fbf7862069e5,http://specimens.kew.org/herbarium/K002555914,,CONTINENT_DERIVED_FROM_COUNTRY;INSTITUTION_MATCH_FUZZY;INSTITUTION_COLLECTION_MISMATCH,https://d2jcv3kl45hlgi.cloudfront.net/6c0a9f2c2d6edd7e4fad4d6bddf2b098.jpg
912014881,Cyrtosperma cuspidispathum,Cyrtosperma cuspidispathum Alderw.,Cyrtosperma cuspidispathum Alderw.,ACCEPTED,PRESERVED_SPECIMEN,,,,,"Dept. of Forestry, Lae",,,,,,,K,Spirit,18946.000,,,,cd6e21c8-9e8a-493a-8a76-fbf7862069e5,http://specimens.kew.org/herbarium/18946.000,,COLLECTION_MATCH_NONE;INSTITUTION_MATCH_FUZZY,
1257750019,Cyrtosperma cuspidispathum,Cyrtosperma cuspidispathum Alderw.,Cyrtosperma cuspidispathum Alderw.,ACCEPTED,PRESERVED_SPECIMEN,,,,,,,,,,Thomas B. Croat,81515A,MO,Tropicos,100402287,,,Tropicos,7bd65a7a-f762-11e1-a439-00145eb45e9a,urn:catalog:MO:Tropicos:100402287,,TAXON_ID_NOT_FOUND;OCCURRENCE_STATUS_INFERRED_FROM_INDIVIDUAL_COUNT;COLLECTION_MATCH_NONE;INSTITUTION_MATCH_FUZZY,
1998744162,Cyrtosperma cuspidispathum,Cyrtosperma cuspidispathum Alderw.,Cyrtosperma cuspidispathum Alderw.,ACCEPTED,PRESERVED_SPECIMEN,,,PG,,"Dagua, Sepik District",,,,,M. Pulsford & A. G. Floyd,5410,A,A,barcode-01655771,,,Harvard University Herbaria: All Records,861e6afe-f762-11e1-a439-00145eb45e9a,63c2f3e5-08c3-4b86-9880-5f77ce83ba60,http://data.huh.harvard.edu/63c2f3e5-08c3-4b86-9880-5f77ce83ba60/image,,https://s3.amazonaws.com/huhspecimenimages/JPG/01655771.jpg
2592209453,Cyrtosperma cuspidispathum,Cyrtosperma cuspidispathum Alderw.,Cyrtosperma cuspidispathum Alderw.,ACCEPTED,PRESERVED_SPECIMEN,,,PG,Sandaun,"New Guinea. Ossima, Vanimo Sub-district, West Sepik District.",,,,24.0,H. Streimann & A. Kairo,NGF 39192,US,US,US 2593776A,,,NMNH Extant Biology,821cc27a-e3bb-4bc5-ac34-89ada245069d,http://n2t.net/ark:/65665/308a3f32a-a34e-4878-91d9-f7fee4ac512f,,CONTINENT_COUNTRY_MISMATCH;OCCURRENCE_STATUS_INFERRED_FROM_INDIVIDUAL_COUNT,https://collections.nmnh.si.edu/media/?i=14391259&h=2000
2592290197,Cyrtosperma cuspidispathum,Cyrtosperma cuspidispathum Alderw.,Cyrtosperma cuspidispathum Alderw.,ACCEPTED,PRESERVED_SPECIMEN,,,ZZ,,,,,,,D. H. Nicolson,1485,US,US,US 2425455,,,NMNH Extant Biology,821cc27a-e3bb-4bc5-ac34-89ada245069d,http://n2t.net/ark:/65665/3bf3b67ee-cb88-46ac-8887-0134b79ea977,,OCCURRENCE_STATUS_INFERRED_FROM_INDIVIDUAL_COUNT,https://collections.nmnh.si.edu/media/?i=14407519&h=2000
4602018325,Cyrtosperma cuspidispathum,Cyrtosperma cuspidispathum Alderw.,Cyrtosperma cuspidispathum Alderw.,ACCEPTED,PRESERVED_SPECIMEN,,,PG,,[Dept. of Fov],,,,,s.coll.,NGF 10241,K,Herbarium,K002555909,,,,cd6e21c8-9e8a-493a-8a76-fbf7862069e5,http://specimens.kew.org/herbarium/K002555909,,CONTINENT_DERIVED_FROM_COUNTRY;INSTITUTION_MATCH_FUZZY;INSTITUTION_COLLECTION_MISMATCH,https://d2jcv3kl45hlgi.cloudfront.net/8e301d82e509a671385d93076c042583.jpg
4602021332,Cyrtosperma cuspidispathum,Cyrtosperma cuspidispathum Alderw.,Cyrtosperma cuspidispathum Alderw.,ACCEPTED,PRESERVED_SPECIMEN,,,PG,,[Dept. of Forests],,,,,s.coll.,NEF 10241,K,Herbarium,K002555910,,,,cd6e21c8-9e8a-493a-8a76-fbf7862069e5,http://specimens.kew.org/herbarium/K002555910,,CONTINENT_DERIVED_FROM_COUNTRY;INSTITUTION_MATCH_FUZZY;INSTITUTION_COLLECTION_MISMATCH,https://d2jcv3kl45hlgi.cloudfront.net/8257c1b2085e624dce12cc87a723e752.jpg
4602024363,Cyrtosperma cuspidispathum,Cyrtosperma cuspidispathum Alderw.,Cyrtosperma cuspidispathum Alderw.,ACCEPTED,PRESERVED_SPECIMEN,,,PG,,Dept. of For.,,,,,s.coll.,NGF 10241,K,Herbarium,K002555911,,,,cd6e21c8-9e8a-493a-8a76-fbf7862069e5,http://specimens.kew.org/herbarium/K002555911,,CONTINENT_DERIVED_FROM_COUNTRY;INSTITUTION_MATCH_FUZZY;INSTITUTION_COLLECTION_MISMATCH,https://d2jcv3kl45hlgi.cloudfront.net/cfb3ed956910377df10ace97db1286e8.jpg
6430123014,Cyrtosperma cuspidispathum,Cyrtosperma cuspidispathum Alderw.,Cyrtosperma cuspidispathum Alderw.,ACCEPTED,MATERIAL_CITATION,,,,,,,,,,,,UB-BSMA-BOT,,,,,ChromoDB: chromosome counts database for vascular plants,58dd7802-12e3-47c4-af69-90d440fc8305,chromodb-75357,https://database.chromodb.net/record.php?id=chromodb-75357,INSTITUTION_MATCH_NONE,
2513105242,Cyrtosperma cuspidispathum,Cyrtosperma cuspidispathum Alderw.,Cyrtosperma cuspidispathum Alderw.,ACCEPTED,PRESERVED_SPECIMEN,1910-04-02,1910,PG,New Guinea,Nova Guinea fluv. Eta Tani top,-6.13333,142.85,,,Gjellerup K,"Gjellerup, K 63",,Botany,L  0041893,Isotype,Hay A,,15f819bd-6612-4447-854b-14d12ee1022d,https://data.biodiversitydata.nl/naturalis/specimen/L%20%200041893,,,https://medialib.naturalis.nl/file/id/L0041893_MLN/format/large
2513715578,Cyrtosperma cuspidispathum,Cyrtosperma cuspidispathum Alderw.,Cyrtosperma cuspidispathum Alderw.,ACCEPTED,PRESERVED_SPECIMEN,1911-08-22,1911,ID,New Guinea,Nova Guinea neerlandica softembr Jawia.,,,,,Gjellerup K,"Gjellerup, K 618",,Botany,L.1415502,,,,15f819bd-6612-4447-854b-14d12ee1022d,https://data.biodiversitydata.nl/naturalis/specimen/L.1415502,,,https://medialib.naturalis.nl/file/id/L.1415502/format/large
94225371,Cyrtosperma cuspidispathum,Cyrtosperma cuspidispathum Alderw.,Cyrtosperma cuspidispathum Alderw.,ACCEPTED,OCCURRENCE,1926-02-10,1926,PG,,Locality not databased,0.0,0.0,,,Brass L.J.,,BRI,PNGplants,68289,,,,85312280-f762-11e1-a439-00145eb45e9a,,,ZERO_COORDINATE;COORDINATE_ROUNDED;GEODETIC_DATUM_ASSUMED_WGS84;COUNTRY_COORDINATE_MISMATCH;BASIS_OF_RECORD_INVALID,
1999318632,Cyrtosperma cuspidispathum,Cyrtosperma cuspidispathum Alderw.,Cyrtosperma cuspidispathum Alderw.,ACCEPTED,PRESERVED_SPECIMEN,1926-02-10,1926,PG,,[data not captured],,,,,L. J. Brass,931,GH,GH,barcode-01655782,,,Harvard University Herbaria: All Records,861e6afe-f762-11e1-a439-00145eb45e9a,e5987652-d266-48b0-b2f9-5b4736b85ea1,http://data.huh.harvard.edu/e5987652-d266-48b0-b2f9-5b4736b85ea1/image,,https://s3.amazonaws.com/huhspecimenimages/JPG/01655782.jpg
1998622985,Cyrtosperma cuspidispathum,Cyrtosperma cuspidispathum Alderw.,Cyrtosperma cuspidispathum Alderw.,ACCEPTED,PRESERVED_SPECIMEN,1936-06,1936,PG,,"Palmer River, 2 miles below junction Black R.",,,,,L. J. Brass,7029,A,A,barcode-01655768,,,Harvard University Herbaria: All Records,861e6afe-f762-11e1-a439-00145eb45e9a,486e25a0-e27c-4611-8978-5a3c9f0ac520,http://data.huh.harvard.edu/486e25a0-e27c-4611-8978-5a3c9f0ac520/image,,https://s3.amazonaws.com/huhspecimenimages/JPG/01655768.jpg
94225365,Cyrtosperma cuspidispathum,Cyrtosperma cuspidispathum Alderw.,Cyrtosperma cuspidispathum Alderw.,ACCEPTED,OCCURRENCE,1958-09-01,1958,PG,Madang,Josephstaal Patrol Post,-4.75,145.0,,,White K.J.,,BRI,PNGplants,68288,,,,85312280-f762-11e1-a439-00145eb45e9a,,,GEODETIC_DATUM_ASSUMED_WGS84;CONTINENT_DERIVED_FROM_COORDINATES;BASIS_OF_RECORD_INVALID,
1999288847,Cyrtosperma cuspidispathum,Cyrtosperma cuspidispathum Alderw.,Cyrtosperma cuspidispathum Alderw.,ACCEPTED,PRESERVED_SPECIMEN,1958-09,1958,PG,Madang,Josephstaal,,,,,K. J. White,10241,A,A,barcode-01655767,,,Harvard University Herbaria: All Records,861e6afe-f762-11e1-a439-00145eb45e9a,deba5c7c-36a2-4100-8867-d2d8a2ab40f5,http://data.huh.harvard.edu/deba5c7c-36a2-4100-8867-d2d8a2ab40f5/image,,https://s3.amazonaws.com/huhspecimenimages/JPG/01655767.jpg
1999351801,Cyrtosperma cuspidispathum,Cyrtosperma cuspidispathum Alderw.,Cyrtosperma cuspidispathum Alderw.,ACCEPTED,PRESERVED_SPECIMEN,1960-07,1960,PG,Madang,"Gogol Valley Rd., 30 miles from Madang",,,,,J. S. Womersley & W. Vink,NGF 12579,A,A,barcode-01655770,,,Harvard University Herbaria: All Records,861e6afe-f762-11e1-a439-00145eb45e9a,ecffdb3d-d22e-434f-a5c3-e9534e3f91d7,http://data.huh.harvard.edu/ecffdb3d-d22e-434f-a5c3-e9534e3f91d7/image,,https://s3.amazonaws.com/huhspecimenimages/JPG/01655769.jpg;https://s3.amazonaws.com/huhspecimenimages/JPG/01655770.jpg
1999425179,Cyrtosperma cuspidispathum,Cyrtosperma cuspidispathum Alderw.,Cyrtosperma cuspidispathum Alderw.,ACCEPTED,PRESERVED_SPECIMEN,1960-07,1960,PG,Madang,"Gogol Valley Rd., 30 miles from Madang",,,,,J. S. Womersley & W. Vink,NGF 12579,A,A,barcode-01655769,,,Harvard University Herbaria: All Records,861e6afe-f762-11e1-a439-00145eb45e9a,fdadc04f-843d-4bc8-aa7d-26f14bd3382d,http://data.huh.harvard.edu/fdadc04f-843d-4bc8-aa7d-26f14bd3382d/image,,https://s3.amazonaws.com/huhspecimenimages/JPG/01655769.jpg;https://s3.amazonaws.com/huhspecimenimages/JPG/01655770.jpg
2513715886,Cyrtosperma cuspidispathum,Cyrtosperma cuspidispathum Alderw.,Cyrtosperma cuspidispathum Alderw.,ACCEPTED,PRESERVED_SPECIMEN,1960-07-06,1960,PG,New Guinea,"Gogol* Valley Road, 30 miles from Madang. Madang District.",-5.25,145.58333,,,Womersley JS; Vink W,"Womersley, JS; Vink, W NGF 12579",,Botany,L.1415505,,,,15f819bd-6612-4447-854b-14d12ee1022d,https://data.biodiversitydata.nl/naturalis/specimen/L.1415505,,,https://medialib.naturalis.nl/file/id/L.1415505/format/large
2592214491,Cyrtosperma cuspidispathum,Cyrtosperma cuspidispathum Alderw.,Cyrtosperma cuspidispathum Alderw.,ACCEPTED,PRESERVED_SPECIMEN,1960-07-06,1960,PG,Madang,"Novoguineenses. Gogol Valley Rd., 30 miles from Madang. Madang District.",,,,61.0,J. S. Womersley & W. Vink,NGF 12579,US,US,US 2425466,,,NMNH Extant Biology,821cc27a-e3bb-4bc5-ac34-89ada245069d,http://n2t.net/ark:/65665/31c6fb821-4bea-486b-90f8-c777326e10c9,,CONTINENT_COUNTRY_MISMATCH;OCCURRENCE_STATUS_INFERRED_FROM_INDIVIDUAL_COUNT,https://collections.nmnh.si.edu/media/?i=14404833&h=2000
2592297496,Cyrtosperma cuspidispathum,Cyrtosperma cuspidispathum Alderw.,Cyrtosperma cuspidispathum Alderw.,ACCEPTED,PRESERVED_SPECIMEN,1960-07,1960,PG,Madang,"New Guinea. Gogol Valley Rd., 30 miles from Madang. Madang District.",,,,,J. S. Womersley & W. Vink,12579,US,US,US 2425467,,,NMNH Extant Biology,821cc27a-e3bb-4bc5-ac34-89ada245069d,http://n2t.net/ark:/65665/3f9d1b388-6dfc-4ad1-a216-5694e073ef0d,,CONTINENT_COUNTRY_MISMATCH;OCCURRENCE_STATUS_INFERRED_FROM_INDIVIDUAL_COUNT,https://collections.nmnh.si.edu/media/?i=14416587&h=2000
4602021331,Cyrtosperma cuspidispathum,Cyrtosperma cuspidispathum Alderw.,Cyrtosperma cuspidispathum Alderw.,ACCEPTED,PRESERVED_SPECIMEN,1960-07-06T00:00,1960,PG,,"Gogol Valley Road, 30 miles from Madang.",,,,,"Womersley, J.S.; Vink, W.",12579,K,Herbarium,K002555907,,,,cd6e21c8-9e8a-493a-8a76-fbf7862069e5,http://specimens.kew.org/herbarium/K002555907,,CONTINENT_DERIVED_FROM_COUNTRY;INSTITUTION_MATCH_FUZZY;INSTITUTION_COLLECTION_MISMATCH,https://d2jcv3kl45hlgi.cloudfront.net/7562c4ff1aaff27a8eda32cd7da1fc26.jpg
4602024362,Cyrtosperma cuspidispathum,Cyrtosperma cuspidispathum Alderw.,Cyrtosperma cuspidispathum Alderw.,ACCEPTED,PRESERVED_SPECIMEN,1960-07-06T00:00,1960,PG,,,,,,,Womersley; Vink,12579,K,Herbarium,K002555908,,,,cd6e21c8-9e8a-493a-8a76-fbf7862069e5,http://specimens.kew.org/herbarium/K002555908,,CONTINENT_DERIVED_FROM_COUNTRY;INSTITUTION_MATCH_FUZZY;INSTITUTION_COLLECTION_MISMATCH,https://d2jcv3kl45hlgi.cloudfront.net/f51e48c53f01f307545144ef21a3837e.jpg
2592302498,Cyrtosperma cuspidispathum,Cyrtosperma cuspidispathum Alderw.,Cyrtosperma cuspidispathum Alderw.,ACCEPTED,PRESERVED_SPECIMEN,1961-10-26,1961,PG,Morobe,"Territory of New Guinea. Morobe District, Lae Botanic Gardens.",,,,,D. H. Nicolson,1485,US,US,US 2425456,,,NMNH Extant Biology,821cc27a-e3bb-4bc5-ac34-89ada245069d,http://n2t.net/ark:/65665/3e3acc2b8-e433-49da-acc9-56d083c95ceb,,CONTINENT_COUNTRY_MISMATCH;OCCURRENCE_STATUS_INFERRED_FROM_INDIVIDUAL_COUNT,https://collections.nmnh.si.edu/media/?i=14415343&h=2000
2513714509,Cyrtosperma cuspidispathum,Cyrtosperma cuspidispathum Alderw.,Cyrtosperma cuspidispathum Alderw.,ACCEPTED,PRESERVED_SPECIMEN,1966-05-18,1966,PG,New Guinea,"near Ambunti, Sepik District.",,,,,Hoogland RD; Craven LA,"Hoogland, RD; Craven, LA 10066",,Botany,L.1415500,,,,15f819bd-6612-4447-854b-14d12ee1022d,https://data.biodiversitydata.nl/naturalis/specimen/L.1415500,,,https://medialib.naturalis.nl/file/id/L.1415500/format/large
2513715466,Cyrtosperma cuspidispathum,Cyrtosperma cuspidispathum Alderw.,Cyrtosperma cuspidispathum Alderw.,ACCEPTED,PRESERVED_SPECIMEN,1966-05-18,1966,PG,New Guinea,"near Ambunti, Sepik District.",,,,,Hoogland RD; Craven LA,"Hoogland, RD; Craven, LA 10066",,Botany,L.1415499,,,,15f819bd-6612-4447-854b-14d12ee1022d,https://data.biodiversitydata.nl/naturalis/specimen/L.1415499,,,https://medialib.naturalis.nl/file/id/L.1415499/format/large
2513716305,Cyrtosperma cuspidispathum,Cyrtosperma cuspidispathum Alderw.,Cyrtosperma cuspidispathum Alderw.,ACCEPTED,PRESERVED_SPECIMEN,1966-07-12,1966,PG,New Guinea,"road to Utu, Madang District, T.N.G.",-5.08333,145.58333,,,Millar AN,"Millar, AN NGF 22647",,Botany,L.1415503,,,,15f819bd-6612-4447-854b-14d12ee1022d,https://data.biodiversitydata.nl/naturalis/specimen/L.1415503,,,https://medialib.naturalis.nl/file/id/L.1415503/format/large
1261066651,Cyrtosperma cuspidispathum,Cyrtosperma cuspidispathum Alderw.,Cyrtosperma cuspidispathum Alderw.,ACCEPTED,PRESERVED_SPECIMEN,1968-09-04,1968,ZZ,,"Morobe, Sankwep River, Busu Creek area, 10 mi N of Lae",,,,330.0,Grady L. Webster|Richard Hildreth,15064,DAV,Tropicos,368325,,,Tropicos,e053ff53-c156-4e2e-b9b5-4462e9625424,urn:catalog:MO:Tropicos:368325,,CONTINENT_COUNTRY_MISMATCH;TAXON_ID_NOT_FOUND;COLLECTION_MATCH_NONE;INSTITUTION_MATCH_FUZZY,
2626923043,Cyrtosperma cuspidispathum,Cyrtosperma cuspidispathum Alderw.,Cyrtosperma cuspidispathum Alderw.,ACCEPTED,PRESERVED_SPECIMEN,1968-09-04,1968,ID,New Guinea,"Morbe Distr.: clearings at edge of disturbed rain forest, Busu Creek area, along Sankwep River, 10 m N of Lae.",,,,305.0,Grady L. Webster; Richard Hildreth,15064,DAV,Herbarium,,,,,c267909d-184f-4138-9e67-a074d478d52b,f36ca076-2a64-4736-b87f-4eded18e171d,https://cch2.org/portal/collections/individual/index.php?occid=3929278,TAXON_ID_NOT_FOUND;INSTITUTION_MATCH_FUZZY;COLLECTION_MATCH_FUZZY,
2513716170,Cyrtosperma cuspidispathum,Cyrtosperma cuspidispathum Alderw.,Cyrtosperma cuspidispathum Alderw.,ACCEPTED,PRESERVED_SPECIMEN,1969-01-27,1969,PG,New Guinea,"FLORA OF NEW GUINEA. Ossima, Vanimo Sub-district, West Sepik District.",-2.93333,141.28333,,,Streimann H; Kairo A,"Streimann, H; Kairo, A NGF 39192",,Botany,L.1415498,,,,15f819bd-6612-4447-854b-14d12ee1022d,https://data.biodiversitydata.nl/naturalis/specimen/L.1415498,,,https://medialib.naturalis.nl/file/id/L.1415498/format/large
2513714895,Cyrtosperma cuspidispathum,Cyrtosperma cuspidispathum Alderw.,Cyrtosperma cuspidispathum Alderw.,ACCEPTED,PRESERVED_SPECIMEN,1971-06-16,1971,PG,New Guinea,"Wewak, Wewak Sub-District, East Sepik District, T.N.G.",-3.58333,143.41667,,,Stone BC; Streimann H,"Stone, BC; Streimann, H 10281",,Botany,L.1415504,,,,15f819bd-6612-4447-854b-14d12ee1022d,https://data.biodiversitydata.nl/naturalis/specimen/L.1415504,,,https://medialib.naturalis.nl/file/id/L.1415504/format/large
2513309151,Cyrtosperma cuspidispathum,Cyrtosperma cuspidispathum Alderw.,Cyrtosperma cuspidispathum Alderw.,ACCEPTED,PRESERVED_SPECIMEN,1973-10-12,1973,PG,New Guinea,Near Waro airstrip,-6.51667,143.16667,,,Jacobs M,"Jacobs, M 9187",,Botany,L  0802476,,,,15f819bd-6612-4447-854b-14d12ee1022d,https://data.biodiversitydata.nl/naturalis/specimen/L%20%200802476,,,
2513714339,Cyrtosperma cuspidispathum,Cyrtosperma cuspidispathum Alderw.,Cyrtosperma cuspidispathum Alderw.,ACCEPTED,PRESERVED_SPECIMEN,1973-10-12,1973,PG,New Guinea,Near Waro airstrip,-6.51667,143.16667,,,Jacobs M,"Jacobs, M 9187",,Botany,L.1415501,,,,15f819bd-6612-4447-854b-14d12ee1022d,https://data.biodiversitydata.nl/naturalis/specimen/L.1415501,,,https://medialib.naturalis.nl/file/id/L.1415501/format/large
2513716340,Cyrtosperma cuspidispathum,Cyrtosperma cuspidispathum Alderw.,Cyrtosperma cuspidispathum Alderw.,ACCEPTED,PRESERVED_SPECIMEN,1980-09-06,1980,PG,New Guinea,"c. 1 km from Nynam bridge near Brikitti, Maprik Sub-province. East Sepik Province.",-3.63333,143.01667,,,Wiakabu J; A.M.C.,"Wiakabu, J; A.M.C. LAE 73591",,Botany,L.1415509,,,,15f819bd-6612-4447-854b-14d12ee1022d,https://data.biodiversitydata.nl/naturalis/specimen/L.1415509,,,https://medialib.naturalis.nl/file/id/L.1415509/format/large
2513716524,Cyrtosperma cuspidispathum,Cyrtosperma cuspidispathum Alderw.,Cyrtosperma cuspidispathum Alderw.,ACCEPTED,PRESERVED_SPECIMEN,1980-09-06,1980,PG,New Guinea,"c. 1 km from Nynam bridge near Brikitti, Maprik Sub-province. East Sepik Province.",-3.63333,143.01667,,,Wiakabu J; A.M.C.,"Wiakabu, J; A.M.C. LAE 73591",,Botany,L.1415508,,,,15f819bd-6612-4447-854b-14d12ee1022d,https://data.biodiversitydata.nl/naturalis/specimen/L.1415508,,,https://medialib.naturalis.nl/file/id/L.1415508/format/large
912045816,Cyrtosperma cuspidispathum,Cyrtosperma cuspidispathum Alderw.,Cyrtosperma cuspidispathum Alderw.,ACCEPTED,PRESERVED_SPECIMEN,1982-11-01T00:00,1982,PG,,,,,,,"Hay, A.",,K,Spirit,45934.000,,,,cd6e21c8-9e8a-493a-8a76-fbf7862069e5,http://specimens.kew.org/herbarium/45934.000,,CONTINENT_DERIVED_FROM_COUNTRY;COLLECTION_MATCH_NONE;INSTITUTION_MATCH_FUZZY,
1261078364,Cyrtosperma cuspidispathum,Cyrtosperma cuspidispathum Alderw.,Cyrtosperma cuspidispathum Alderw.,ACCEPTED,PRESERVED_SPECIMEN,1986-06-19,1986,,,"cultivated at Wageningen greenhouse botanical garden, received from Kew",,,,,Jan van Veldhuizen,1153,MO,Tropicos,379438,,,Tropicos,7bd65a7a-f762-11e1-a439-00145eb45e9a,urn:catalog:MO:Tropicos:379438,,TAXON_ID_NOT_FOUND;OCCURRENCE_STATUS_INFERRED_FROM_INDIVIDUAL_COUNT;COLLECTION_MATCH_NONE;INSTITUTION_MATCH_FUZZY,https://images.mobot.org/tropicosimages4/detailimages/TropicosImagesVol4/101237000/D8C68623-4953-4BC3-A674-C04390D4E4EB.jpg
2515939740,Cyrtosperma cuspidispathum,Cyrtosperma cuspidispathum Alderw.,Cyrtosperma cuspidispathum Alderw.,ACCEPTED,PRESERVED_SPECIMEN,1986-06-19,1986,ZZ,,,,,,,Veldhuizen J van,"Veldhuizen, J van 1153",,Botany,WAG.1665996,,,,15f819bd-6612-4447-854b-14d12ee1022d,https://data.biodiversitydata.nl/naturalis/specimen/WAG.1665996,,,https://medialib.naturalis.nl/file/id/WAG.1665996/format/large
2516117726,Cyrtosperma cuspidispathum,Cyrtosperma cuspidispathum Alderw.,Cyrtosperma cuspidispathum Alderw.,ACCEPTED,PRESERVED_SPECIMEN,1986-06-19,1986,ZZ,,,,,,,Veldhuizen J van,"Veldhuizen, J van 1153",,Botany,WAG.1665997,,,,15f819bd-6612-4447-854b-14d12ee1022d,https://data.biodiversitydata.nl/naturalis/specimen/WAG.1665997,,,https://medialib.naturalis.nl/file/id/WAG.1665997/format/large
2516125461,Cyrtosperma cuspidispathum,Cyrtosperma cuspidispathum Alderw.,Cyrtosperma cuspidispathum Alderw.,ACCEPTED,PRESERVED_SPECIMEN,1986-06-19,1986,ZZ,,,,,,,Veldhuizen J van,"Veldhuizen, J van 1153",,Botany,WAG.1665998,,,,15f819bd-6612-4447-854b-14d12ee1022d,https://data.biodiversitydata.nl/naturalis/specimen/WAG.1665998,,,https://medialib.naturalis.nl/file/id/WAG.1665998/format/large
2517479058,Cyrtosperma cuspidispathum,Cyrtosperma cuspidispathum Alderw.,Cyrtosperma cuspidispathum Alderw.,ACCEPTED,PRESERVED_SPECIMEN,1986-06-19,1986,ZZ,,,,,,,Veldhuizen J van,"Veldhuizen, J van 1153",,Botany,WAG.1665995,,,,15f819bd-6612-4447-854b-14d12ee1022d,https://data.biodiversitydata.nl/naturalis/specimen/WAG.1665995,,,https://medialib.naturalis.nl/file/id/WAG.1665995/format/large
1998382016,Cyrtosperma cuspidispathum,Cyrtosperma cuspidispathum Alderw.,Cyrtosperma cuspidispathum Alderw.,ACCEPTED,PRESERVED_SPECIMEN,1990-09-06,1990,PG,East Sepik,"Sitipa River, near Gahom village",,,,,W. N. Takeuchi,6735,A,A,barcode-01655779,,,Harvard University Herbaria: All Records,861e6afe-f762-11e1-a439-00145eb45e9a,123b92b9-e32d-4fb1-83d5-666b1c628840,http://data.huh.harvard.edu/123b92b9-e32d-4fb1-83d5-666b1c628840/image,,https://s3.amazonaws.com/huhspecimenimages/JPG/01655779.jpg
1998995715,Cyrtosperma cuspidispathum,Cyrtosperma cuspidispathum Alderw.,Cyrtosperma cuspidispathum Alderw.,ACCEPTED,PRESERVED_SPECIMEN,1991-07-26,1991,PG,Morobe,"Logging road near Markham Village, along the margin of Labu Swamp",-6.716667,146.883333,,,W. N. Takeuchi,7204,A,A,barcode-01655777,,,Harvard University Herbaria: All Records,861e6afe-f762-11e1-a439-00145eb45e9a,9c77ede4-4ad5-4e7c-be3c-d6a2c4863823,http://data.huh.harvard.edu/9c77ede4-4ad5-4e7c-be3c-d6a2c4863823/image,COORDINATE_ROUNDED;GEODETIC_DATUM_INVALID;GEODETIC_DATUM_ASSUMED_WGS84,https://s3.amazonaws.com/huhspecimenimages/JPG/01655777.jpg
1999101959,Cyrtosperma cuspidispathum,Cyrtosperma cuspidispathum Alderw.,Cyrtosperma cuspidispathum Alderw.,ACCEPTED,PRESERVED_SPECIMEN,1991-07-26,1991,PG,Morobe,"Logging road near Markham Village, along the margin of Labu Swamp",-6.716667,146.883333,,,W. N. Takeuchi,7204,A,A,barcode-01655766,,,Harvard University Herbaria: All Records,861e6afe-f762-11e1-a439-00145eb45e9a,b4818973-c420-4fdb-9915-c3be4b8e0ca9,http://data.huh.harvard.edu/b4818973-c420-4fdb-9915-c3be4b8e0ca9/image,COORDINATE_ROUNDED;GEODETIC_DATUM_INVALID;GEODETIC_DATUM_ASSUMED_WGS84,https://s3.amazonaws.com/huhspecimenimages/JPG/01655766.jpg
1998302861,Cyrtosperma cuspidispathum,Cyrtosperma cuspidispathum Alderw.,Cyrtosperma cuspidispathum Alderw.,ACCEPTED,PRESERVED_SPECIMEN,1994-08-16,1994,PG,East Sepik,near Langu village,-4.183333,142.733333,,,W. N. Takeuchi,10055,A,A,barcode-01655776,,,Harvard University Herbaria: All Records,861e6afe-f762-11e1-a439-00145eb45e9a,005b1564-f2eb-4c64-959f-3d54f58e8b93,http://data.huh.harvard.edu/005b1564-f2eb-4c64-959f-3d54f58e8b93/image,COORDINATE_ROUNDED;GEODETIC_DATUM_INVALID;GEODETIC_DATUM_ASSUMED_WGS84,https://s3.amazonaws.com/huhspecimenimages/JPG/01655774.jpg;https://s3.amazonaws.com/huhspecimenimages/JPG/01655775.jpg;https://s3.amazonaws.com/huhspecimenimages/JPG/01655776.jpg;https://s3.amazonaws.com/huhspecimenimages/JPG/01655778.jpg
1999147022,Cyrtosperma cuspidispathum,Cyrtosperma cuspidispathum Alderw.,Cyrtosperma cuspidispathum Alderw.,ACCEPTED,PRESERVED_SPECIMEN,1994-08-16,1994,PG,East Sepik,near Langu village,-4.183333,142.733333,,,W. N. Takeuchi,10055,A,A,barcode-01655775,,,Harvard University Herbaria: All Records,861e6afe-f762-11e1-a439-00145eb45e9a,bea22783-3aa6-4fa5-80e0-67a1484626a3,http://data.huh.harvard.edu/bea22783-3aa6-4fa5-80e0-67a1484626a3/image,COORDINATE_ROUNDED;GEODETIC_DATUM_INVALID;GEODETIC_DATUM_ASSUMED_WGS84,https://s3.amazonaws.com/huhspecimenimages/JPG/01655774.jpg;https://s3.amazonaws.com/huhspecimenimages/JPG/01655775.jpg;https://s3.amazonaws.com/huhspecimenimages/JPG/01655776.jpg;https://s3.amazonaws.com/huhspecimenimages/JPG/01655778.jpg
1999302866,Cyrtosperma cuspidispathum,Cyrtosperma cuspidispathum Alderw.,Cyrtosperma cuspidispathum Alderw.,ACCEPTED,PRESERVED_SPECIMEN,1994-08-16,1994,PG,East Sepik,near Langu village,-4.183333,142.733333,,,W. N. Takeuchi,10055,A,A,barcode-01655774,,,Harvard University Herbaria: All Records,861e6afe-f762-11e1-a439-00145eb45e9a,e214a838-3bce-4e84-b581-10a529ad1a63,http://data.huh.harvard.edu/e214a838-3bce-4e84-b581-10a529ad1a63/image,COORDINATE_ROUNDED;GEODETIC_DATUM_INVALID;GEODETIC_DATUM_ASSUMED_WGS84,https://s3.amazonaws.com/huhspecimenimages/JPG/01655774.jpg;https://s3.amazonaws.com/huhspecimenimages/JPG/01655775.jpg;https://s3.amazonaws.com/huhspecimenimages/JPG/01655776.jpg;https://s3.amazonaws.com/huhspecimenimages/JPG/01655778.jpg
1999414491,Cyrtosperma cuspidispathum,Cyrtosperma cuspidispathum Alderw.,Cyrtosperma cuspidispathum Alderw.,ACCEPTED,PRESERVED_SPECIMEN,1994-08-16,1994,PG,East Sepik,near Langu village,-4.183333,142.733333,,,W. N. Takeuchi,10055,A,A,barcode-01655778,,,Harvard University Herbaria: All Records,861e6afe-f762-11e1-a439-00145eb45e9a,fb2b0872-fdd5-4d5d-8d69-a7f9f71a8f7c,http://data.huh.harvard.edu/fb2b0872-fdd5-4d5d-8d69-a7f9f71a8f7c/image,COORDINATE_ROUNDED;GEODETIC_DATUM_INVALID;GEODETIC_DATUM_ASSUMED_WGS84,https://s3.amazonaws.com/huhspecimenimages/JPG/01655774.jpg;https://s3.amazonaws.com/huhspecimenimages/JPG/01655775.jpg;https://s3.amazonaws.com/huhspecimenimages/JPG/01655776.jpg;https://s3.amazonaws.com/huhspecimenimages/JPG/01655778.jpg
2513714050,Cyrtosperma cuspidispathum,Cyrtosperma cuspidispathum Alderw.,Cyrtosperma cuspidispathum Alderw.,ACCEPTED,PRESERVED_SPECIMEN,1994-08-16,1994,PG,New Guinea,"Near Langu village, through the adjacent swampland and ascending the buttress ridge to the mountain above.",-4.18333,142.73333,,,Takeuchi WN; Wiakabu J,"Takeuchi, WN; Wiakabu, J 10055",,Botany,L.1415506,,,,15f819bd-6612-4447-854b-14d12ee1022d,https://data.biodiversitydata.nl/naturalis/specimen/L.1415506,,,https://medialib.naturalis.nl/file/id/L.1415506/format/large
2513715474,Cyrtosperma cuspidispathum,Cyrtosperma cuspidispathum Alderw.,Cyrtosperma cuspidispathum Alderw.,ACCEPTED,PRESERVED_SPECIMEN,1994-08-16,1994,PG,New Guinea,"Near Langu village, through the adjacent swampland and ascending the buttress ridge to the mountain above.",-4.18333,142.73333,,,Takeuchi WN; Wiakabu J,"Takeuchi, WN; Wiakabu, J 10055",,Botany,L.1415507,,,,15f819bd-6612-4447-854b-14d12ee1022d,https://data.biodiversitydata.nl/naturalis/specimen/L.1415507,,,https://medialib.naturalis.nl/file/id/L.1415507/format/large
4148127347,Cyrtosperma cuspidispathum,Cyrtosperma cuspidispathum Alderw.,Cyrtosperma cuspidispathum Alderw.,ACCEPTED,PRESERVED_SPECIMEN,1994-08-16,1994,PG,,"East Sepik Province, near Langu village, throught the adjacent swampland and ascending the buttress ridge to the mountain above.",-4.183333,142.733333,,40.0,Wayne N. Takeuchi,10055,MO,Tropicos,103342818,,W. Takeuchi,Tropicos,7bd65a7a-f762-11e1-a439-00145eb45e9a,urn:catalog:MO:Tropicos:103342818,,COORDINATE_ROUNDED;GEODETIC_DATUM_ASSUMED_WGS84;CONTINENT_COORDINATE_MISMATCH;CONTINENT_COUNTRY_MISMATCH;TAXON_ID_NOT_FOUND;OCCURRENCE_STATUS_INFERRED_FROM_INDIVIDUAL_COUNT;COLLECTION_MATCH_NONE;INSTITUTION_MATCH_FUZZY,https://images.mobot.org/tropicosimages4/detailimages/TropicosImagesVol4/101237000/397425A6-574D-4F5A-8598-DBDF5E20AF57.jpg;https://images.mobot.org/tropicosimages4/detailimages/TropicosImagesVol4/101237000/BCE29E09-C418-4EBF-9696-59641CABF841.jpg
1998541686,Cyrtosperma cuspidispathum,Cyrtosperma cuspidispathum Alderw.,Cyrtosperma cuspidispathum Alderw.,ACCEPTED,PRESERVED_SPECIMEN,1996-09-16,1996,PG,Chimbu,"Crater Mt. Wildlife Management Area, vicinity of Haia, main ridge of Mt. Widau",-6.716667,145.0,,758.5,W. N. Takeuchi,"11,208",A,A,barcode-01655773,,,Harvard University Herbaria: All Records,861e6afe-f762-11e1-a439-00145eb45e9a,362e0369-d204-4025-a748-9d5f797ebb91,http://data.huh.harvard.edu/362e0369-d204-4025-a748-9d5f797ebb91/image,COORDINATE_ROUNDED;GEODETIC_DATUM_INVALID;GEODETIC_DATUM_ASSUMED_WGS84,https://s3.amazonaws.com/huhspecimenimages/JPG/01655772.jpg;https://s3.amazonaws.com/huhspecimenimages/JPG/01655773.jpg
1999122366,Cyrtosperma cuspidispathum,Cyrtosperma cuspidispathum Alderw.,Cyrtosperma cuspidispathum Alderw.,ACCEPTED,PRESERVED_SPECIMEN,1996-09-16,1996,PG,Chimbu,"Crater Mt. Wildlife Management Area, vicinity of Haia, main ridge of Mt. Widau",-6.716667,145.0,,758.5,W. N. Takeuchi,"11,208",A,A,barcode-01655772,,,Harvard University Herbaria: All Records,861e6afe-f762-11e1-a439-00145eb45e9a,b8fb325b-4413-4ab3-a25f-2e996061381b,http://data.huh.harvard.edu/b8fb325b-4413-4ab3-a25f-2e996061381b/image,COORDINATE_ROUNDED;GEODETIC_DATUM_INVALID;GEODETIC_DATUM_ASSUMED_WGS84,https://s3.amazonaws.com/huhspecimenimages/JPG/01655772.jpg;https://s3.amazonaws.com/huhspecimenimages/JPG/01655773.jpg
197076678,Cyrtosperma cuspidispathum,Cyrtosperma cuspidispathum Alderw.,Cyrtosperma cuspidispathum Alderw.,ACCEPTED,HUMAN_OBSERVATION,1996-10-14,1996,PG,,Lakekamu Basin,-7.735,146.496,,,Joel Kulang,,Conservation International,17,60430,,,,4d749d70-e2e1-11dd-8102-b8a03c50a862,,,GEODETIC_DATUM_ASSUMED_WGS84;CONTINENT_DERIVED_FROM_COORDINATES,
1998327832,Cyrtosperma cuspidispathum,Cyrtosperma cuspidispathum Alderw.,Cyrtosperma cuspidispathum Alderw.,ACCEPTED,PRESERVED_SPECIMEN,1999-08-12,1999,PG,Madang,"Josephstaal FMA area, coll.s around expedition Camp 2 at the Guam River",,,,,"W. N. Takeuchi, J. Wiakabu, M. Gorrez & A. Towati",13917,A,A,barcode-01655780,,,Harvard University Herbaria: All Records,861e6afe-f762-11e1-a439-00145eb45e9a,060de678-5dbb-4e8a-aef9-bbc792c813d9,http://data.huh.harvard.edu/060de678-5dbb-4e8a-aef9-bbc792c813d9/image,,https://s3.amazonaws.com/huhspecimenimages/JPG/01655780.jpg;https://s3.amazonaws.com/huhspecimenimages/JPG/01655781.jpg
1999414374,Cyrtosperma cuspidispathum,Cyrtosperma cuspidispathum Alderw.,Cyrtosperma cuspidispathum Alderw.,ACCEPTED,PRESERVED_SPECIMEN,1999-08-12,1999,PG,Madang,"Josephstaal FMA area, coll.s around expedition Camp 2 at the Guam River",,,,,"W. N. Takeuchi, J. Wiakabu, M. Gorrez & A. Towati",13917,A,A,barcode-01655781,,,Harvard University Herbaria: All Records,861e6afe-f762-11e1-a439-00145eb45e9a,fb2482a8-9ccb-4ac7-a45e-fdac39d52541,http://data.huh.harvard.edu/fb2482a8-9ccb-4ac7-a45e-fdac39d52541/image,,https://s3.amazonaws.com/huhspecimenimages/JPG/01655780.jpg;https://s3.amazonaws.com/huhspecimenimages/JPG/01655781.jpg
3327675390,Cyrtosperma cuspidispathum,Cyrtosperma cuspidispathum Alderw.,Cyrtosperma cuspidispathum Alderw.,ACCEPTED,HUMAN_OBSERVATION,2018-08-02T02:23,2018,ID,Papua,,-2.605065,140.063507,2167.0,,Mehd Halaouate,,iNaturalist,Observations,70808405,,Mehd Halaouate,iNaturalist research-grade observations,50c9509d-22c7-4a22-a47d-8c48425ef4a7,https://www.inaturalist.org/observations/70808405,https://www.inaturalist.org/observations/70808405,COORDINATE_ROUNDED;CONTINENT_DERIVED_FROM_COORDINATES;TAXON_ID_NOT_FOUND,https://inaturalist-open-data.s3.amazonaws.com/photos/115180579/original.jpg
4465653481,Cyrtosperma cuspidispathum,Cyrtosperma cuspidispathum Alderw.,Cyrtosperma cuspidispathum Alderw.,ACCEPTED,HUMAN_OBSERVATION,2018-08-02T02:23,2018,ID,Papua,,-2.605065,140.063507,2167.0,,Mehd Halaouate,,iNaturalist,Observations,70808404,,Mehd Halaouate,iNaturalist research-grade observations,50c9509d-22c7-4a22-a47d-8c48425ef4a7,https://www.inaturalist.org/observations/70808404,https://www.inaturalist.org/observations/70808404,COORDINATE_ROUNDED;CONTINENT_DERIVED_FROM_COORDINATES;TAXON_ID_NOT_FOUND,https://inaturalist-open-data.s3.amazonaws.com/photos/115180572/original.jpg
4465357225,Cyrtosperma cuspidispathum,Cyrtosperma cuspidispathum Alderw.,Cyrtosperma cuspidispathum Alderw.,ACCEPTED,HUMAN_OBSERVATION,2023-10-19T12:17:14,2023,ID,Papua,,-2.56357,140.099029,336.0,,Cheongweei Gan,,iNaturalist,Observations,188122673,,Jason Hernandez,iNaturalist research-grade observations,50c9509d-22c7-4a22-a47d-8c48425ef4a7,https://www.inaturalist.org/observations/188122673,https://www.inaturalist.org/observations/188122673,COORDINATE_ROUNDED;CONTINENT_DERIVED_FROM_COORDINATES;TAXON_ID_NOT_FOUND,https://inaturalist-open-data.s3.amazonaws.com/photos/329162767/original.jpeg;https://inaturalist-open-data.s3.amazonaws.com/photos/329162782/original.jpeg;https://inaturalist-open-data.s3.amazonaws.com/photos/329162812/original.jpeg
2513713867,Cyrtosperma giganteum,Cyrtosperma giganteum Engl.,Cyrtosperma giganteum Engl.,ACCEPTED,PRESERVED_SPECIMEN,1907-05-19,1907,ID,New Guinea,Nova Guinea neerlandica meridionalis.,,,,,Versteeg,Versteeg 1141,,Botany,L.1415511,,,,15f819bd-6612-4447-854b-14d12ee1022d,https://data.biodiversitydata.nl/naturalis/specimen/L.1415511,,,https://medialib.naturalis.nl/file/id/L.1415511/format/large
2513715275,Cyrtosperma giganteum,Cyrtosperma giganteum Engl.,Cyrtosperma giganteum Engl.,ACCEPTED,PRESERVED_SPECIMEN,1907-05-19,1907,ID,New Guinea,Nova Guinea neerlandica meridionalis.,,,,,Versteeg,Versteeg 1141,,Botany,L.1415510,,,,15f819bd-6612-4447-854b-14d12ee1022d,https://data.biodiversitydata.nl/naturalis/specimen/L.1415510,,,https://medialib.naturalis.nl/file/id/L.1415510/format/large
2513715365,Cyrtosperma giganteum,Cyrtosperma giganteum Engl.,Cyrtosperma giganteum Engl.,ACCEPTED,PRESERVED_SPECIMEN,1907-05-19,1907,ID,New Guinea,Nova Guinea neerlandica meridionalis.,,,,,Versteeg,Versteeg 1141,,Botany,L.1415512,,,,15f819bd-6612-4447-854b-14d12ee1022d,https://data.biodiversitydata.nl/naturalis/specimen/L.1415512,,,https://medialib.naturalis.nl/file/id/L.1415512/format/large
912066328,Cyrtosperma giganteum,Cyrtosperma giganteum Engl.,Cyrtosperma giganteum Engl.,ACCEPTED,PRESERVED_SPECIMEN,1999-03-11T00:00,1999,ID,,"Mount Jaya, Papua. Mimika Regency, PT-Freeport Indonesia Concession Area: Along Main Road, near Mile 18-19.",-4.65,136.883333,,10.0,"Johns, R.J.",9831,K,Spirit,64273.000,,"Hay, A.",,cd6e21c8-9e8a-493a-8a76-fbf7862069e5,http://specimens.kew.org/herbarium/64273.000,,COORDINATE_ROUNDED;GEODETIC_DATUM_ASSUMED_WGS84;CONTINENT_DERIVED_FROM_COORDINATES;PRESUMED_NEGATED_LATITUDE;COLLECTION_MATCH_NONE;INSTITUTION_MATCH_FUZZY,
912066344,Cyrtosperma giganteum,Cyrtosperma giganteum Engl.,Cyrtosperma giganteum Engl.,ACCEPTED,PRESERVED_SPECIMEN,1999-03-11T00:00,1999,ID,,"Mount Jaya, Papua. Mimika Regency, PT-Freeport Indonesia Concession Area: Along Main Road, near Mile 18-19.",-4.65,136.883333,,10.0,"Johns, R.J.",9831,K,Spirit,64272.000,,"Hay, A.",,cd6e21c8-9e8a-493a-8a76-fbf7862069e5,http://specimens.kew.org/herbarium/64272.000,,COORDINATE_ROUNDED;GEODETIC_DATUM_ASSUMED_WGS84;CONTINENT_DERIVED_FROM_COORDINATES;PRESUMED_NEGATED_LATITUDE;COLLECTION_MATCH_NONE;INSTITUTION_MATCH_FUZZY,
912067880,Cyrtosperma giganteum,Cyrtosperma giganteum Engl.,Cyrtosperma giganteum Engl.,ACCEPTED,PRESERVED_SPECIMEN,1999-03-11T00:00,1999,ID,,"Mount Jaya, Papua. Mimika Regency, PT-Freeport Indonesia Concession Area: Along Main Road, near Mile 18-19.",-4.65,136.883333,,10.0,"Johns, R.J.",9831,K,Spirit,70000.016,,"Hay, A.",,cd6e21c8-9e8a-493a-8a76-fbf7862069e5,http://specimens.kew.org/herbarium/70000.016,,COORDINATE_ROUNDED;GEODETIC_DATUM_ASSUMED_WGS84;CONTINENT_DERIVED_FROM_COORDINATES;PRESUMED_NEGATED_LATITUDE;COLLECTION_MATCH_NONE;INSTITUTION_MATCH_FUZZY,
912067893,Cyrtosperma giganteum,Cyrtosperma giganteum Engl.,Cyrtosperma giganteum Engl.,ACCEPTED,PRESERVED_SPECIMEN,1999-03-11T00:00,1999,ID,,"Mount Jaya, Papua. Mimika Regency, PT-Freeport Indonesia Concession Area: Along Main Road, near Mile 18-19.",-4.65,136.883333,,10.0,"Johns, R.J.",9831,K,Spirit,70000.015,,"Hay, A.",,cd6e21c8-9e8a-493a-8a76-fbf7862069e5,http://specimens.kew.org/herbarium/70000.015,,COORDINATE_ROUNDED;GEODETIC_DATUM_ASSUMED_WGS84;CONTINENT_DERIVED_FROM_COORDINATES;PRESUMED_NEGATED_LATITUDE;COLLECTION_MATCH_NONE;INSTITUTION_MATCH_FUZZY,
912067915,Cyrtosperma giganteum,Cyrtosperma giganteum Engl.,Cyrtosperma giganteum Engl.,ACCEPTED,PRESERVED_SPECIMEN,1999-03-11T00:00,1999,ID,,"Mount Jaya, Papua. Mimika Regency, PT-Freeport Indonesia Concession Area: Along Main Road, near Mile 18-19.",-4.65,136.883333,,10.0,"Johns, R.J.",9831,K,Spirit,70000.075,,"Hay, A.",,cd6e21c8-9e8a-493a-8a76-fbf7862069e5,http://specimens.kew.org/herbarium/70000.075,,COORDINATE_ROUNDED;GEODETIC_DATUM_ASSUMED_WGS84;CONTINENT_DERIVED_FROM_COORDINATES;PRESUMED_NEGATED_LATITUDE;COLLECTION_MATCH_NONE;INSTITUTION_MATCH_FUZZY,
912067946,Cyrtosperma giganteum,Cyrtosperma giganteum Engl.,Cyrtosperma giganteum Engl.,ACCEPTED,PRESERVED_SPECIMEN,1999-03-11T00:00,1999,ID,,"Mount Jaya, Papua. Mimika Regency, PT-Freeport Indonesia Concession Area: Along Main Road, near Mile 18-19.",-4.65,136.883333,,10.0,"Johns, R.J.",9831,K,Spirit,70000.065,,"Hay, A.",,cd6e21c8-9e8a-493a-8a76-fbf7862069e5,http://specimens.kew.org/herbarium/70000.065,,COORDINATE_ROUNDED;GEODETIC_DATUM_ASSUMED_WGS84;CONTINENT_DERIVED_FROM_COORDINATES;PRESUMED_NEGATED_LATITUDE;COLLECTION_MATCH_NONE;INSTITUTION_MATCH_FUZZY,
4519384340,Cyrtosperma giganteum,Cyrtosperma giganteum Engl.,Cyrtosperma giganteum Engl.,ACCEPTED,PRESERVED_SPECIMEN,1999-03-11T00:00,1999,PG,,"Along Main Road, near Mile 18-19",-4.65,136.883333,,10.0,"Johns, R.J.; Puradyatmika, P.; Edwards, P.; Willis, F.; Utteridge, R.; Wise, R.; Soetrisno; Hansa; Arie",9831,K,Herbarium,K000577083,,"Hay, A.",,cd6e21c8-9e8a-493a-8a76-fbf7862069e5,http://specimens.kew.org/herbarium/K000577083,,COORDINATE_ROUNDED;GEODETIC_DATUM_ASSUMED_WGS84;COUNTRY_COORDINATE_MISMATCH;CONTINENT_DERIVED_FROM_COORDINATES;INSTITUTION_MATCH_FUZZY;INSTITUTION_COLLECTION_MISMATCH,https://d2jcv3kl45hlgi.cloudfront.net/84e9e92abac9228a1382a2dbabd7ea83.jpg
4519442053,Cyrtosperma giganteum,Cyrtosperma giganteum Engl.,Cyrtosperma giganteum Engl.,ACCEPTED,PRESERVED_SPECIMEN,1999-03-11T00:00,1999,PG,,"Along Main Road, near Mile 18-19",-4.65,136.883333,,10.0,"Johns, R.J.; Puradyatmika, P.; Edwards, P.; Willis, F.; Utteridge, R.; Wise, R.; Soetrisno; Hansa; Arie",9831,K,Herbarium,K001611369,,"Hay, A.",,cd6e21c8-9e8a-493a-8a76-fbf7862069e5,http://specimens.kew.org/herbarium/K001611369,,COORDINATE_ROUNDED;GEODETIC_DATUM_ASSUMED_WGS84;COUNTRY_COORDINATE_MISMATCH;CONTINENT_DERIVED_FROM_COORDINATES;INSTITUTION_MATCH_FUZZY;INSTITUTION_COLLECTION_MISMATCH,https://d2jcv3kl45hlgi.cloudfront.net/ace1cba54be358ae18d19d8b0e0b5ef2.jpg
4519447092,Cyrtosperma giganteum,Cyrtosperma giganteum Engl.,Cyrtosperma giganteum Engl.,ACCEPTED,PRESERVED_SPECIMEN,1999-03-11T00:00,1999,PG,,"Along Main Road, near Mile 18-19",-4.65,136.883333,,10.0,"Johns, R.J.; Puradyatmika, P.; Edwards, P.; Willis, F.; Utteridge, R.; Wise, R.; Soetrisno; Hansa; Arie",9831,K,Herbarium,K001611370,,"Hay, A.",,cd6e21c8-9e8a-493a-8a76-fbf7862069e5,http://specimens.kew.org/herbarium/K001611370,,COORDINATE_ROUNDED;GEODETIC_DATUM_ASSUMED_WGS84;COUNTRY_COORDINATE_MISMATCH;CONTINENT_DERIVED_FROM_COORDINATES;INSTITUTION_MATCH_FUZZY;INSTITUTION_COLLECTION_MISMATCH,https://d2jcv3kl45hlgi.cloudfront.net/c6900ddbafdab44abc810cde3fabaeb0.jpg
4519457005,Cyrtosperma giganteum,Cyrtosperma giganteum Engl.,Cyrtosperma giganteum Engl.,ACCEPTED,PRESERVED_SPECIMEN,1999-03-11T00:00,1999,PG,,"Along Main Road, near Mile 18-19",-4.65,136.883333,,10.0,"Johns, R.J.; Puradyatmika, P.; Edwards, P.; Willis, F.; Utteridge, R.; Wise, R.; Soetrisno; Hansa; Arie",9831,K,Herbarium,K001666885,,"Hay, A.",,cd6e21c8-9e8a-493a-8a76-fbf7862069e5,http://specimens.kew.org/herbarium/K001666885,,COORDINATE_ROUNDED;GEODETIC_DATUM_ASSUMED_WGS84;COUNTRY_COORDINATE_MISMATCH;CONTINENT_DERIVED_FROM_COORDINATES;INSTITUTION_MATCH_FUZZY;INSTITUTION_COLLECTION_MISMATCH,https://d2jcv3kl45hlgi.cloudfront.net/5c9f23f6b230295d9e7ad7050dc7cf81.jpg;https://d2jcv3kl45hlgi.cloudfront.net/27721c2ad78d734903a64c1e3aa95285.jpg;https://d2jcv3kl45hlgi.cloudfront.net/d0b5f71f351807873bcda2f1e103d26b.jpg;https://d2jcv3kl45hlgi.cloudfront.net/a134b2a3d4cb6843fee78f285505098b.jpg
4519462093,Cyrtosperma giganteum,Cyrtosperma giganteum Engl.,Cyrtosperma giganteum Engl.,ACCEPTED,PRESERVED_SPECIMEN,1999-03-11T00:00,1999,PG,,"Along Main Road, near Mile 18-19",-4.65,136.883333,,10.0,"Johns, R.J.; Puradyatmika, P.; Edwards, P.; Willis, F.; Utteridge, R.; Wise, R.; Soetrisno; Hansa; Arie",9831,K,Herbarium,K001666886,,"Hay, A.",,cd6e21c8-9e8a-493a-8a76-fbf7862069e5,http://specimens.kew.org/herbarium/K001666886,,COORDINATE_ROUNDED;GEODETIC_DATUM_ASSUMED_WGS84;COUNTRY_COORDINATE_MISMATCH;CONTINENT_DERIVED_FROM_COORDINATES;INSTITUTION_MATCH_FUZZY;INSTITUTION_COLLECTION_MISMATCH,https://d2jcv3kl45hlgi.cloudfront.net/2b2bb104f93334d4a17101969f0e3f38.jpg;https://d2jcv3kl45hlgi.cloudfront.net/a8dec6a7ec09e2bfc4dba52415ddb4b8.jpg;https://d2jcv3kl45hlgi.cloudfront.net/a7f7db92b912e4225085c632e7b15f69.jpg;https://d2jcv3kl45hlgi.cloudfront.net/1ace9c423a9365a8353862d709c7be1d.jpg
912067888,Cyrtosperma giganteum,Cyrtosperma giganteum Engl.,Cyrtosperma giganteum Engl.,ACCEPTED,PRESERVED_SPECIMEN,2000-05-09T00:00,2000,ID,,"Mount Jaya, Papua. Mimika Regency, PT-Freeport Indonesia Concession Area: Road to Portsite.",,,,15.0,"Johns, R.J.",10638,K,Spirit,70000.049,,"Hay, A.",,cd6e21c8-9e8a-493a-8a76-fbf7862069e5,http://specimens.kew.org/herbarium/70000.049,,COLLECTION_MATCH_NONE;INSTITUTION_MATCH_FUZZY,
912067919,Cyrtosperma giganteum,Cyrtosperma giganteum Engl.,Cyrtosperma giganteum Engl.,ACCEPTED,PRESERVED_SPECIMEN,2000-05-09T00:00,2000,ID,,"Mount Jaya, Papua. Mimika Regency, PT-Freeport Indonesia Concession Area: Road to Portsite.",,,,15.0,"Johns, R.J.",10638,K,Spirit,70000.048,,"Hay, A.",,cd6e21c8-9e8a-493a-8a76-fbf7862069e5,http://specimens.kew.org/herbarium/70000.048,,COLLECTION_MATCH_NONE;INSTITUTION_MATCH_FUZZY,
912067959,Cyrtosperma giganteum,Cyrtosperma giganteum Engl.,Cyrtosperma giganteum Engl.,ACCEPTED,PRESERVED_SPECIMEN,2000-05-09T00:00,2000,ID,,"Mount Jaya, Papua. Mimika Regency, PT-Freeport Indonesia Concession Area: Road to Portsite.",,,,15.0,"Johns, R.J.",10638,K,Spirit,70000.067,,"Hay, A.",,cd6e21c8-9e8a-493a-8a76-fbf7862069e5,http://specimens.kew.org/herbarium/70000.067,,COLLECTION_MATCH_NONE;INSTITUTION_MATCH_FUZZY,
1261077070,Cyrtosperma gressittorum,"Cyrtosperma gressittorum A.Hay, 1988","Cyrtosperma gressittorum A.Hay, 1988",ACCEPTED,PRESERVED_SPECIMEN,1956-09-11,1956,PG,Milne Bay,Rambuso,,,,150.0,Leonard J. Brass,28049,A,Tropicos,378239,,,Tropicos,e053ff53-c156-4e2e-b9b5-4462e9625424,urn:catalog:MO:Tropicos:378239,,CONTINENT_COUNTRY_MISMATCH;TAXON_ID_NOT_FOUND;COLLECTION_MATCH_NONE;INSTITUTION_MATCH_FUZZY,
1998461222,Cyrtosperma gressittorum,"Cyrtosperma gressittorum A.Hay, 1988","Cyrtosperma gressittorum A.Hay, 1988",ACCEPTED,PRESERVED_SPECIMEN,1956-09-11,1956,PG,Milne Bay,"Sudest Island, Rambuso, 150 m",,,,,L. J. Brass,28049,A,A,barcode-00025751,Isotype,,Harvard University Herbaria: All Records,861e6afe-f762-11e1-a439-00145eb45e9a,241906af-c9ba-4753-a950-13cca6753512,http://data.huh.harvard.edu/241906af-c9ba-4753-a950-13cca6753512/image,,https://s3.amazonaws.com/herbaria2/GPI-Types/HUHGPI00054/Araceae/full/full_A00025751.jpg;https://s3.amazonaws.com/huhwebimages/71EA8521D3C24E4/type/full/25751.jpg
2513104612,Cyrtosperma gressittorum,"Cyrtosperma gressittorum A.Hay, 1988","Cyrtosperma gressittorum A.Hay, 1988",ACCEPTED,PRESERVED_SPECIMEN,1956-09-11,1956,PG,New Guinea,Papua New Guinea Sudest Isl.; Rambuso,-11.5,153.5,,,Brass LJ,"Brass, LJ 28049",,Botany,L  0041894,Holotype,Hay A,,15f819bd-6612-4447-854b-14d12ee1022d,https://data.biodiversitydata.nl/naturalis/specimen/L%20%200041894,,,https://medialib.naturalis.nl/file/id/L0041894_MLN/format/large
5889947741,Cyrtosperma hambalii,Cyrtosperma hambalii A.Dearden & A.Hay,Cyrtosperma hambalii A.Dearden & A.Hay,ACCEPTED,HUMAN_OBSERVATION,2025-08-08T11:28:47,2025,ID,Papua Barat,,-0.920735,131.343233,421.0,,Hakim,,iNaturalist,Observations,323942550,,Hakim,iNaturalist research-grade observations,50c9509d-22c7-4a22-a47d-8c48425ef4a7,https://www.inaturalist.org/observations/323942550,https://www.inaturalist.org/observations/323942550,COORDINATE_ROUNDED;CONTINENT_DERIVED_FROM_COORDINATES;TAXON_ID_NOT_FOUND,https://inaturalist-open-data.s3.amazonaws.com/photos/586234801/original.jpg;https://inaturalist-open-data.s3.amazonaws.com/photos/586234824/original.jpg
685305466,Cyrtosperma johnstonii,Cyrtosperma johnstonii (W.Bull ex T.Moore & Mast.) N.E.Br.,Cyrtosperma johnstonii (W.Bull ex T.Moore & Mast.) N.E.Br.,ACCEPTED,LIVING_SPECIMEN,,,,,,,,,,,,DATH,Botanischer Garten Darmstadt,577407,,,,dfcb0ee8-614f-11e2-897a-00145eb45e9a,,,INSTITUTION_MATCH_NONE,
685305479,Cyrtosperma johnstonii,Cyrtosperma johnstonii (W.Bull ex T.Moore & Mast.) N.E.Br.,Cyrtosperma johnstonii (W.Bull ex T.Moore & Mast.) N.E.Br.,ACCEPTED,LIVING_SPECIMEN,,,,,,,,,,,,FRT,Botanischer Garten Frankfurt,563834,,,,dfcb0ee8-614f-11e2-897a-00145eb45e9a,,,INSTITUTION_MATCH_NONE,
735523047,Cyrtosperma johnstonii,Cyrtosperma johnstonii (W.Bull ex T.Moore & Mast.) N.E.Br.,Cyrtosperma johnstonii (W.Bull ex T.Moore & Mast.) N.E.Br.,ACCEPTED,LIVING_SPECIMEN,,,,,,,,,,,,GIESS,Botanical Garden Giessen,234233,,,,dfcb0ee8-614f-11e2-897a-00145eb45e9a,,,INSTITUTION_MATCH_NONE,
735523048,Cyrtosperma johnstonii,Cyrtosperma johnstonii (W.Bull ex T.Moore & Mast.) N.E.Br.,Cyrtosperma johnstonii (W.Bull ex T.Moore & Mast.) N.E.Br.,ACCEPTED,LIVING_SPECIMEN,,,,,,,,,,,,GIESS,Botanical Garden Giessen,336360,,,,dfcb0ee8-614f-11e2-897a-00145eb45e9a,,,INSTITUTION_MATCH_NONE,
735523049,Cyrtosperma johnstonii,Cyrtosperma johnstonii (W.Bull ex T.Moore & Mast.) N.E.Br.,Cyrtosperma johnstonii (W.Bull ex T.Moore & Mast.) N.E.Br.,ACCEPTED,LIVING_SPECIMEN,,,,,,,,,,,,MB,Botanical Garden Marburg,340496,,,,dfcb0ee8-614f-11e2-897a-00145eb45e9a,,,AMBIGUOUS_INSTITUTION,
735523057,Cyrtosperma johnstonii,Cyrtosperma johnstonii (W.Bull ex T.Moore & Mast.) N.E.Br.,Cyrtosperma johnstonii (W.Bull ex T.Moore & Mast.) N.E.Br.,ACCEPTED,LIVING_SPECIMEN,,,,,,,,,,,,NGOET,New Botanical Garden Goettingen,376361,,,,dfcb0ee8-614f-11e2-897a-00145eb45e9a,,,INSTITUTION_MATCH_NONE,
735523058,Cyrtosperma johnstonii,Cyrtosperma johnstonii (W.Bull ex T.Moore & Mast.) N.E.Br.,Cyrtosperma johnstonii (W.Bull ex T.Moore & Mast.) N.E.Br.,ACCEPTED,LIVING_SPECIMEN,,,,,,,,,,,,BONN,Botanical Garden Bonn,780782,,,,dfcb0ee8-614f-11e2-897a-00145eb45e9a,,,COLLECTION_MATCH_NONE;INSTITUTION_MATCH_FUZZY,
912026442,Cyrtosperma johnstonii,Cyrtosperma johnstonii (W.Bull ex T.Moore & Mast.) N.E.Br.,Cyrtosperma johnstonii (W.Bull ex T.Moore & Mast.) N.E.Br.,ACCEPTED,PRESERVED_SPECIMEN,,,,,,,,,,,,K,Spirit,29047.177,,,,cd6e21c8-9e8a-493a-8a76-fbf7862069e5,http://specimens.kew.org/herbarium/29047.177,,COLLECTION_MATCH_NONE;INSTITUTION_MATCH_FUZZY,
912415743,Cyrtosperma johnstonii,Cyrtosperma johnstonii (W.Bull ex T.Moore & Mast.) N.E.Br.,Cyrtosperma johnstonii (W.Bull ex T.Moore & Mast.) N.E.Br.,ACCEPTED,PRESERVED_SPECIMEN,,,SB,,,,,,,s.coll.,n.s.,K,Herbarium,K000499264,Type,,,cd6e21c8-9e8a-493a-8a76-fbf7862069e5,http://specimens.kew.org/herbarium/K000499264,,CONTINENT_DERIVED_FROM_COUNTRY;INSTITUTION_MATCH_FUZZY;INSTITUTION_COLLECTION_MISMATCH,https://d2jcv3kl45hlgi.cloudfront.net/311779bb61305594d412ae1c0587286f.jpg
912416171,Cyrtosperma johnstonii,Cyrtosperma johnstonii (W.Bull ex T.Moore & Mast.) N.E.Br.,Cyrtosperma johnstonii (W.Bull ex T.Moore & Mast.) N.E.Br.,ACCEPTED,PRESERVED_SPECIMEN,,,SB,,,,,,,s.coll.,n.s.,K,Herbarium,K000499263,Lectotype,,,cd6e21c8-9e8a-493a-8a76-fbf7862069e5,http://specimens.kew.org/herbarium/K000499263,,CONTINENT_DERIVED_FROM_COUNTRY;INSTITUTION_MATCH_FUZZY;INSTITUTION_COLLECTION_MISMATCH,https://d2jcv3kl45hlgi.cloudfront.net/aa3e5cb64a19008034b696d7b1cfaed1.jpg;https://d2jcv3kl45hlgi.cloudfront.net/95d858889995b6ac7e37fc5facc23c75.jpg
1065296974,Cyrtosperma johnstonii,Cyrtosperma johnstonii (W.Bull ex T.Moore & Mast.) N.E.Br.,Cyrtosperma johnstonii (W.Bull ex T.Moore & Mast.) N.E.Br.,ACCEPTED,LIVING_SPECIMEN,,,SE,Stockholms län,Bergianska trädgården,59.37,18.0471,,,,,SBT,V,16512,,,,b7ef1d60-b0a0-11dd-aa14-b8a03c50a862,URN:catalog:SBT:V:16512,,GEODETIC_DATUM_ASSUMED_WGS84;MODIFIED_DATE_INVALID;INSTITUTION_MATCH_FUZZY;INSTITUTION_COLLECTION_MISMATCH,
3710042437,Cyrtosperma johnstonii,Cyrtosperma johnstonii (W.Bull ex T.Moore & Mast.) N.E.Br.,Cyrtosperma johnstonii (W.Bull ex T.Moore & Mast.) N.E.Br.,ACCEPTED,PRESERVED_SPECIMEN,,,,Cultivated,Cultivated,,,,,,,GA,,GA121702,,,,648e3756-5dff-462b-9323-41e3214d9c3c,e44a29e6-11e8-4c74-8e2c-1f3a7181a06f,https://sernecportal.org/portal/collections/individual/index.php?occid=21410693,COUNTRY_INVALID;TAXON_ID_NOT_FOUND;INSTITUTION_MATCH_FUZZY,https://media01.symbiota.org/media/seinet/sernec/GA/GA121/GA121702.jpg
4161610301,Cyrtosperma johnstonii,Cyrtosperma johnstonii (W.Bull ex T.Moore & Mast.) N.E.Br.,Cyrtosperma johnstonii (W.Bull ex T.Moore & Mast.) N.E.Br.,ACCEPTED,PRESERVED_SPECIMEN,,,,,"Plant from Harry Keller, Fla. Cultivated in greenhouse, Cub Hill, Baltimore Co., Maryland.",,,,,Clyde F. Reed,102325,MO,Tropicos,103343467,,,Tropicos,7bd65a7a-f762-11e1-a439-00145eb45e9a,urn:catalog:MO:Tropicos:103343467,,TAXON_ID_NOT_FOUND;OCCURRENCE_STATUS_INFERRED_FROM_INDIVIDUAL_COUNT;COLLECTION_MATCH_NONE;INSTITUTION_MATCH_FUZZY,https://images.mobot.org/tropicosimages4/detailimages/TropicosImagesVol4/101237000/1FA7AC69-B21C-443C-B7F9-1162D00A24F9.jpg
4602021337,Cyrtosperma johnstonii,Cyrtosperma johnstonii (W.Bull ex T.Moore & Mast.) N.E.Br.,Cyrtosperma johnstonii (W.Bull ex T.Moore & Mast.) N.E.Br.,ACCEPTED,PRESERVED_SPECIMEN,,,SB,,,,,,,s.coll.,6967,K,Herbarium,K002555976,,,,cd6e21c8-9e8a-493a-8a76-fbf7862069e5,http://specimens.kew.org/herbarium/K002555976,,CONTINENT_DERIVED_FROM_COUNTRY;INSTITUTION_MATCH_FUZZY;INSTITUTION_COLLECTION_MISMATCH,https://d2jcv3kl45hlgi.cloudfront.net/4ec51332cf2da908df5d7a84d4a5777e.jpg
4856925375,Cyrtosperma johnstonii,Cyrtosperma johnstonii (W.Bull ex T.Moore & Mast.) N.E.Br.,Cyrtosperma johnstonii (W.Bull ex T.Moore & Mast.) N.E.Br.,ACCEPTED,PRESERVED_SPECIMEN,,,PG,,,,,,,,,,UC,UC1530002,,,,83a49751-4282-481e-a847-1c5c224a0551,UCJEPS:UC:UC1530002,https://webapps.cspace.berkeley.edu/ucjeps/publicsearch/publicsearch/?accession=UC1530002&displayType=full&maxresults=5&start=1,CONTINENT_DERIVED_FROM_COUNTRY,
5132693337,Cyrtosperma johnstonii,Cyrtosperma johnstonii (W.Bull ex T.Moore & Mast.) N.E.Br.,Cyrtosperma johnstonii (W.Bull ex T.Moore & Mast.) N.E.Br.,ACCEPTED,PRESERVED_SPECIMEN,,,,,,,,,,s.coll.,s.n.,K,Herbarium,K002555975,,,,cd6e21c8-9e8a-493a-8a76-fbf7862069e5,http://specimens.kew.org/herbarium/K002555975,,INSTITUTION_MATCH_FUZZY;INSTITUTION_COLLECTION_MISMATCH,https://d2jcv3kl45hlgi.cloudfront.net/0828c8aec28be8cca96ab9278972b69b.jpg
5132701395,Cyrtosperma johnstonii,Cyrtosperma johnstonii (W.Bull ex T.Moore & Mast.) N.E.Br.,Cyrtosperma johnstonii (W.Bull ex T.Moore & Mast.) N.E.Br.,ACCEPTED,PRESERVED_SPECIMEN,,,,,,,,,,s.coll.,s.n.,K,Herbarium,K002555977,,,,cd6e21c8-9e8a-493a-8a76-fbf7862069e5,http://specimens.kew.org/herbarium/K002555977,,INSTITUTION_MATCH_FUZZY;INSTITUTION_COLLECTION_MISMATCH,https://d2jcv3kl45hlgi.cloudfront.net/04531b821e17c33db24400d5d7921cd0.jpg
6163537382,Cyrtosperma johnstonii,Cyrtosperma johnstonii (W.Bull ex T.Moore & Mast.) N.E.Br.,Cyrtosperma johnstonii (W.Bull ex T.Moore & Mast.) N.E.Br.,ACCEPTED,PRESERVED_SPECIMEN,,,US,Florida,Miami,,,,,Fairchild Tropical Gardens,80-123,MO,Tropicos,105072020,,,Tropicos,7bd65a7a-f762-11e1-a439-00145eb45e9a,urn:catalog:MO:Tropicos:105072020,,TAXON_ID_NOT_FOUND;OCCURRENCE_STATUS_INFERRED_FROM_INDIVIDUAL_COUNT;COLLECTION_MATCH_NONE;INSTITUTION_MATCH_FUZZY,
4602016379,Cyrtosperma johnstonii,Cyrtosperma johnstonii (W.Bull ex T.Moore & Mast.) N.E.Br.,Cyrtosperma johnstonii (W.Bull ex T.Moore & Mast.) N.E.Br.,ACCEPTED,PRESERVED_SPECIMEN,1878-01-01T00:00,1878,SB,,,,,,,"Bull, W.",s.n.,K,Herbarium,K002555979,,,,cd6e21c8-9e8a-493a-8a76-fbf7862069e5,http://specimens.kew.org/herbarium/K002555979,,CONTINENT_DERIVED_FROM_COUNTRY;INSTITUTION_MATCH_FUZZY;INSTITUTION_COLLECTION_MISMATCH,https://d2jcv3kl45hlgi.cloudfront.net/af550513ccb7643246c2fc309741095e.jpg;https://d2jcv3kl45hlgi.cloudfront.net/9c82e8aa409d2b915abb123781e7103a.jpg
4602018332,Cyrtosperma johnstonii,Cyrtosperma johnstonii (W.Bull ex T.Moore & Mast.) N.E.Br.,Cyrtosperma johnstonii (W.Bull ex T.Moore & Mast.) N.E.Br.,ACCEPTED,PRESERVED_SPECIMEN,1913-08-02T00:00,1913,SB,,,,,,,"Bull, W.",s.n.,K,Herbarium,K002555981,,,,cd6e21c8-9e8a-493a-8a76-fbf7862069e5,http://specimens.kew.org/herbarium/K002555981,,CONTINENT_DERIVED_FROM_COUNTRY;INSTITUTION_MATCH_FUZZY;INSTITUTION_COLLECTION_MISMATCH,https://d2jcv3kl45hlgi.cloudfront.net/a2c6b26751bba1ce9959b286b2414007.jpg
4602024368,Cyrtosperma johnstonii,Cyrtosperma johnstonii (W.Bull ex T.Moore & Mast.) N.E.Br.,Cyrtosperma johnstonii (W.Bull ex T.Moore & Mast.) N.E.Br.,ACCEPTED,PRESERVED_SPECIMEN,1913-08-02T00:00,1913,SB,,,,,,,"Bull, W.",s.n.,K,Herbarium,K002555980,,,,cd6e21c8-9e8a-493a-8a76-fbf7862069e5,http://specimens.kew.org/herbarium/K002555980,,CONTINENT_DERIVED_FROM_COUNTRY;INSTITUTION_MATCH_FUZZY;INSTITUTION_COLLECTION_MISMATCH,https://d2jcv3kl45hlgi.cloudfront.net/b55eb9422db25a995b6ceb3b40a97b77.jpg
1056765904,Cyrtosperma johnstonii,Cyrtosperma johnstonii (W.Bull ex T.Moore & Mast.) N.E.Br.,Cyrtosperma johnstonii (W.Bull ex T.Moore & Mast.) N.E.Br.,ACCEPTED,PRESERVED_SPECIMEN,1922-05-20,1922,GB,England,"Royal Botanic Gardens, Kew, London",51.484356,-0.291256,,2.0,Georges Marie Patrice Charles Le Testu,3886,NHMUK,BOT,BM001050411,,,,7e380070-f762-11e1-a439-00145eb45e9a,33543a4e-8dcc-45ba-a137-c7d4b8976a20,,INSTITUTION_MATCH_FUZZY;COLLECTION_MATCH_FUZZY,
4602018331,Cyrtosperma johnstonii,Cyrtosperma johnstonii (W.Bull ex T.Moore & Mast.) N.E.Br.,Cyrtosperma johnstonii (W.Bull ex T.Moore & Mast.) N.E.Br.,ACCEPTED,PRESERVED_SPECIMEN,1929-10-10T00:00,1929,,,Malay Peninsula; Plant House in Botanic Gardens Singapore.,,,,,[Nar],s.n.,K,Herbarium,K002555978,,,,cd6e21c8-9e8a-493a-8a76-fbf7862069e5,http://specimens.kew.org/herbarium/K002555978,,INSTITUTION_MATCH_FUZZY;INSTITUTION_COLLECTION_MISMATCH,https://d2jcv3kl45hlgi.cloudfront.net/92e7901b05ee1ed0a5f3e1fbc6bbb1f7.jpg
2513715506,Cyrtosperma johnstonii,Cyrtosperma johnstonii (W.Bull ex T.Moore & Mast.) N.E.Br.,Cyrtosperma johnstonii (W.Bull ex T.Moore & Mast.) N.E.Br.,ACCEPTED,PRESERVED_SPECIMEN,1930-04-01/1930-04-30,1930,SB,,"Hanan, Buka.",,,,,Waterhouse JHL,"Waterhouse, JHL 42 B",,Botany,L.1415513,,,,15f819bd-6612-4447-854b-14d12ee1022d,https://data.biodiversitydata.nl/naturalis/specimen/L.1415513,,,https://medialib.naturalis.nl/file/id/L.1415513/format/large
4602019350,Cyrtosperma johnstonii,Cyrtosperma johnstonii (W.Bull ex T.Moore & Mast.) N.E.Br.,Cyrtosperma johnstonii (W.Bull ex T.Moore & Mast.) N.E.Br.,ACCEPTED,PRESERVED_SPECIMEN,1930-04-01T00:00,1930,SB,,"Ha[n]an, Buka",,,,,"Waterhouse, J.H.L.",42-B,K,Herbarium,K002555967,,,,cd6e21c8-9e8a-493a-8a76-fbf7862069e5,http://specimens.kew.org/herbarium/K002555967,,CONTINENT_DERIVED_FROM_COUNTRY;INSTITUTION_MATCH_FUZZY;INSTITUTION_COLLECTION_MISMATCH,https://d2jcv3kl45hlgi.cloudfront.net/239a67090e857a5968316c73c716b93e.jpg
4602020325,Cyrtosperma johnstonii,Cyrtosperma johnstonii (W.Bull ex T.Moore & Mast.) N.E.Br.,Cyrtosperma johnstonii (W.Bull ex T.Moore & Mast.) N.E.Br.,ACCEPTED,PRESERVED_SPECIMEN,1930-04-01T00:00,1930,SB,,"Salomon Islands.; Hapan, Buka",,,,,"Waterhouse, J.H.L.",42,K,Herbarium,K002555966,,,,cd6e21c8-9e8a-493a-8a76-fbf7862069e5,http://specimens.kew.org/herbarium/K002555966,,CONTINENT_DERIVED_FROM_COUNTRY;INSTITUTION_MATCH_FUZZY;INSTITUTION_COLLECTION_MISMATCH,https://d2jcv3kl45hlgi.cloudfront.net/44c3484b3a9ab5b834305f5678e2b55e.jpg
2513714725,Cyrtosperma johnstonii,Cyrtosperma johnstonii (W.Bull ex T.Moore & Mast.) N.E.Br.,Cyrtosperma johnstonii (W.Bull ex T.Moore & Mast.) N.E.Br.,ACCEPTED,PRESERVED_SPECIMEN,1961-05-03,1961,ZZ,,,,,,,Nicolson DH,"Nicolson, DH 976",,Botany,L.1415514,,,,15f819bd-6612-4447-854b-14d12ee1022d,https://data.biodiversitydata.nl/naturalis/specimen/L.1415514,,,https://medialib.naturalis.nl/file/id/L.1415514/format/large
2513713893,Cyrtosperma johnstonii,Cyrtosperma johnstonii (W.Bull ex T.Moore & Mast.) N.E.Br.,Cyrtosperma johnstonii (W.Bull ex T.Moore & Mast.) N.E.Br.,ACCEPTED,PRESERVED_SPECIMEN,1962-01-11,1962,ZZ,,,,,,,Nicolson DH,"Nicolson, DH 1696",,Botany,L.1415515,,,,15f819bd-6612-4447-854b-14d12ee1022d,https://data.biodiversitydata.nl/naturalis/specimen/L.1415515,,,https://medialib.naturalis.nl/file/id/L.1415515/format/large
4602021328,Cyrtosperma johnstonii,Cyrtosperma johnstonii (W.Bull ex T.Moore & Mast.) N.E.Br.,Cyrtosperma johnstonii (W.Bull ex T.Moore & Mast.) N.E.Br.,ACCEPTED,PRESERVED_SPECIMEN,1962-01-11T00:00,1962,TH,,Bangkok,,,,,"Nicolson, D.H.",1696,K,Herbarium,K002555877,,,,cd6e21c8-9e8a-493a-8a76-fbf7862069e5,http://specimens.kew.org/herbarium/K002555877,,CONTINENT_DERIVED_FROM_COUNTRY;INSTITUTION_MATCH_FUZZY;INSTITUTION_COLLECTION_MISMATCH,https://d2jcv3kl45hlgi.cloudfront.net/c883af9446fbd7bfaa9842724520ff3d.jpg
3461079398,Cyrtosperma johnstonii,Cyrtosperma johnstonii (W.Bull ex T.Moore & Mast.) N.E.Br.,Cyrtosperma johnstonii (W.Bull ex T.Moore & Mast.) N.E.Br.,ACCEPTED,PRESERVED_SPECIMEN,1969-02-07,1969,PG,Morobe Province,"15 miles northwest of Lae, at Buse.",,,,,F. C. Vasek,690207-32,RSA,VascularPlants,RSA0321100,,F. C. Vasek,,9781ce05-2379-4a10-ab3b-c91346510df8,b58d79e2-60d2-4b82-beae-d4278504f9fa,https://cch2.org/portal/collections/individual/index.php?occid=5228519,TAXON_ID_NOT_FOUND;IDENTIFIED_DATE_INVALID;INSTITUTION_MATCH_FUZZY;COLLECTION_MATCH_FUZZY,https://media01.symbiota.org/media/cch2/RSA_VascularPlants/RSA0321/RSA0321100_lg.jpg
1261054731,Cyrtosperma johnstonii,Cyrtosperma johnstonii (W.Bull ex T.Moore & Mast.) N.E.Br.,Cyrtosperma johnstonii (W.Bull ex T.Moore & Mast.) N.E.Br.,ACCEPTED,PRESERVED_SPECIMEN,1979,1979,ZZ,,,,,,,Iserentant,9198,BM,Tropicos,362278,,,Tropicos,e053ff53-c156-4e2e-b9b5-4462e9625424,urn:catalog:MO:Tropicos:362278,,CONTINENT_COUNTRY_MISMATCH;TAXON_ID_NOT_FOUND;AMBIGUOUS_INSTITUTION,
4061202189,Cyrtosperma johnstonii,Cyrtosperma johnstonii (W.Bull ex T.Moore & Mast.) N.E.Br.,Cyrtosperma johnstonii (W.Bull ex T.Moore & Mast.) N.E.Br.,ACCEPTED,PRESERVED_SPECIMEN,1979,1979,ZZ,,,,,,,Iserentant,9198,MBM,Tropicos,101514391,,,Tropicos,e053ff53-c156-4e2e-b9b5-4462e9625424,urn:catalog:MO:Tropicos:101514391,,CONTINENT_COUNTRY_MISMATCH;TAXON_ID_NOT_FOUND;AMBIGUOUS_INSTITUTION,
3314098325,Cyrtosperma johnstonii,Cyrtosperma johnstonii (W.Bull ex T.Moore & Mast.) N.E.Br.,Cyrtosperma johnstonii (W.Bull ex T.Moore & Mast.) N.E.Br.,ACCEPTED,PRESERVED_SPECIMEN,1980-06-02,1980,US,Florida,"FAIRCHILD TROPICAL BOTANIC GARDEN  Miami, Florida",25.7743,-80.1937,11206.0,,J. C. French,34,FTG,Herbarium,94426,,,,832cb04e-f762-11e1-a439-00145eb45e9a,418B7FDF-E2DE-48B6-9EDF-428AD99DE377,,GEODETIC_DATUM_ASSUMED_WGS84;CONTINENT_DERIVED_FROM_COORDINATES;RECORDED_DATE_INVALID;INSTITUTION_COLLECTION_MISMATCH,
3314098040,Cyrtosperma johnstonii,Cyrtosperma johnstonii (W.Bull ex T.Moore & Mast.) N.E.Br.,Cyrtosperma johnstonii (W.Bull ex T.Moore & Mast.) N.E.Br.,ACCEPTED,PRESERVED_SPECIMEN,1980-09-16,1980,US,Florida,"FAIRCHILD TROPICAL BOTANIC GARDEN  Miami, Florida",25.7743,-80.1937,11206.0,,J. B. Watson,539,FTG,Herbarium,94427,,,,832cb04e-f762-11e1-a439-00145eb45e9a,14DA5A40-E431-43AB-B63D-BA7DAE939B35,,GEODETIC_DATUM_ASSUMED_WGS84;CONTINENT_DERIVED_FROM_COORDINATES;RECORDED_DATE_INVALID;INSTITUTION_COLLECTION_MISMATCH,
883367543,Cyrtosperma johnstonii,Cyrtosperma johnstonii (W.Bull ex T.Moore & Mast.) N.E.Br.,Cyrtosperma johnstonii (W.Bull ex T.Moore & Mast.) N.E.Br.,ACCEPTED,PRESERVED_SPECIMEN,1984-07-20,1984,DE,Bavaria,Munich,,,,,"Stockey, Ruth A.|Rothwell, Gar W.",00007,University of Alberta Museums,ALTA-VP,106078,,,University of Alberta Vascular Plant Herbarium (ALTA-VP),2429287b-ef65-4cfd-afcc-11cc3ba95cca,urn:catalog:ALTA-VP:106078,https://search.museums.ualberta.ca/12-12636,TAXON_MATCH_FUZZY;OCCURRENCE_STATUS_INFERRED_FROM_INDIVIDUAL_COUNT;COLLECTION_MATCH_NONE;INSTITUTION_MATCH_FUZZY,
1261070938,Cyrtosperma johnstonii,Cyrtosperma johnstonii (W.Bull ex T.Moore & Mast.) N.E.Br.,Cyrtosperma johnstonii (W.Bull ex T.Moore & Mast.) N.E.Br.,ACCEPTED,PRESERVED_SPECIMEN,1986-05-28,1986,,,,,,,,Christenson,1496,MO,Tropicos,372389,,,Tropicos,7bd65a7a-f762-11e1-a439-00145eb45e9a,urn:catalog:MO:Tropicos:372389,,TAXON_ID_NOT_FOUND;COLLECTION_MATCH_NONE;INSTITUTION_MATCH_FUZZY,
4148123339,Cyrtosperma johnstonii,Cyrtosperma johnstonii (W.Bull ex T.Moore & Mast.) N.E.Br.,Cyrtosperma johnstonii (W.Bull ex T.Moore & Mast.) N.E.Br.,ACCEPTED,PRESERVED_SPECIMEN,1986-05-28,1986,,,"Ex hort. J. Roadch, Selby Accession 77-2912.",,,,,Eric A. Christenson,1496,MO,Tropicos,103343042,,,Tropicos,7bd65a7a-f762-11e1-a439-00145eb45e9a,urn:catalog:MO:Tropicos:103343042,,TAXON_ID_NOT_FOUND;OCCURRENCE_STATUS_INFERRED_FROM_INDIVIDUAL_COUNT;COLLECTION_MATCH_NONE;INSTITUTION_MATCH_FUZZY,https://images.mobot.org/tropicosimages4/detailimages/TropicosImagesVol4/101237000/4A2ADE07-D98B-4FA4-B72C-375AEB86E61B.jpg;https://images.mobot.org/tropicosimages4/detailimages/TropicosImagesVol4/101237000/FC339AF4-DF04-4995-8D76-6986A272D1FE.jpg
1258698298,Cyrtosperma johnstonii,Cyrtosperma johnstonii (W.Bull ex T.Moore & Mast.) N.E.Br.,Cyrtosperma johnstonii (W.Bull ex T.Moore & Mast.) N.E.Br.,ACCEPTED,PRESERVED_SPECIMEN,1990-09-22,1990,,,"Cultivated, received during 1990 I.A.S Show, Miami.",,,,,Thomas B. Croat,71751,MO,Tropicos,1476347,,,Tropicos,7bd65a7a-f762-11e1-a439-00145eb45e9a,urn:catalog:MO:Tropicos:1476347,,TAXON_ID_NOT_FOUND;OCCURRENCE_STATUS_INFERRED_FROM_INDIVIDUAL_COUNT;COLLECTION_MATCH_NONE;INSTITUTION_MATCH_FUZZY,https://images.mobot.org/tropicosimages4/detailimages/TropicosImagesVol4/101237000/6475F764-A6AF-47FB-826C-E8F6F0F363A9.jpg;https://images.mobot.org/tropicosimages4/detailimages/TropicosImagesVol4/101237000/98CF95DE-6284-44FC-B334-2865F7633BFD.jpg
4164508364,Cyrtosperma johnstonii,Cyrtosperma johnstonii (W.Bull ex T.Moore & Mast.) N.E.Br.,Cyrtosperma johnstonii (W.Bull ex T.Moore & Mast.) N.E.Br.,ACCEPTED,PRESERVED_SPECIMEN,1990-09-22,1990,,,"Cultivated, received during 1990 I.A.S Show, Miami.",,,,,Thomas B. Croat,71751,MO,Tropicos,103346945,,,Tropicos,7bd65a7a-f762-11e1-a439-00145eb45e9a,urn:catalog:MO:Tropicos:103346945,,TAXON_ID_NOT_FOUND;OCCURRENCE_STATUS_INFERRED_FROM_INDIVIDUAL_COUNT;COLLECTION_MATCH_NONE;INSTITUTION_MATCH_FUZZY,https://images.mobot.org/tropicosimages4/detailimages/TropicosImagesVol4/101237000/4B91948D-62FD-4031-998E-34847C7BE174.jpg
1261065300,Cyrtosperma johnstonii,Cyrtosperma johnstonii (W.Bull ex T.Moore & Mast.) N.E.Br.,Cyrtosperma johnstonii (W.Bull ex T.Moore & Mast.) N.E.Br.,ACCEPTED,PRESERVED_SPECIMEN,1992-11-02,1992,TT,Trinidad & Tobago,cultivated at Emperor Valley Zoo,,,,,Boos,s.n.,MO,Tropicos,366950,,,Tropicos,7bd65a7a-f762-11e1-a439-00145eb45e9a,urn:catalog:MO:Tropicos:366950,,COUNTRY_MISMATCH;CONTINENT_COUNTRY_MISMATCH;TAXON_ID_NOT_FOUND;OCCURRENCE_STATUS_INFERRED_FROM_INDIVIDUAL_COUNT;COLLECTION_MATCH_NONE;INSTITUTION_MATCH_FUZZY,https://images.mobot.org/tropicosimages4/detailimages/TropicosImagesVol4/101237000/E1C1E3EA-468B-442B-BC12-1E1DB6501C0D.jpg
436712755,Cyrtosperma johnstonii,Cyrtosperma johnstonii (W.Bull ex T.Moore & Mast.) N.E.Br.,Cyrtosperma johnstonii (W.Bull ex T.Moore & Mast.) N.E.Br.,ACCEPTED,PRESERVED_SPECIMEN,2006-03-06,2006,FR,54 Meurthe-et-Moselle,Conservatoire et Jardins Botaniques de Nancy,,,,,"Ferry, G.",,CJBN,NCY,NCY008170,,,,e553568e-2317-4592-8638-92e5ac93b40c,http://coldb.mnhn.fr/catalognumber/cjbn/ncy/ncy008170,,INSTITUTION_MATCH_NONE,http://mediaphoto.mnhn.fr/media/1516717281171NYIse99d8Y0CBWWg
436718030,Cyrtosperma johnstonii,Cyrtosperma johnstonii (W.Bull ex T.Moore & Mast.) N.E.Br.,Cyrtosperma johnstonii (W.Bull ex T.Moore & Mast.) N.E.Br.,ACCEPTED,PRESERVED_SPECIMEN,2006-03-06,2006,FR,54 Meurthe-et-Moselle,Conservatoire et Jardins Botaniques de Nancy,,,,,"Ferry, G.",,CJBN,NCY,NCY008171,,,,e553568e-2317-4592-8638-92e5ac93b40c,http://coldb.mnhn.fr/catalognumber/cjbn/ncy/ncy008171,,INSTITUTION_MATCH_NONE,http://mediaphoto.mnhn.fr/media/15167172805574Zgu3HAVJo3B1S8H
1838162626,Cyrtosperma johnstonii,Cyrtosperma johnstonii (W.Bull ex T.Moore & Mast.) N.E.Br.,Cyrtosperma johnstonii (W.Bull ex T.Moore & Mast.) N.E.Br.,ACCEPTED,PRESERVED_SPECIMEN,2007-08-09,2007,FR,54 Meurthe-et-Moselle,Conservatoire et Jardins botaniques de Nancy,,,,,"Gibernau, M.",,CJBN,NCY,NCY012717,,,,e553568e-2317-4592-8638-92e5ac93b40c,http://coldb.mnhn.fr/catalognumber/cjbn/ncy/ncy012717,,INSTITUTION_MATCH_NONE,
2242399094,Cyrtosperma johnstonii,Cyrtosperma johnstonii (W.Bull ex T.Moore & Mast.) N.E.Br.,Cyrtosperma johnstonii (W.Bull ex T.Moore & Mast.) N.E.Br.,ACCEPTED,PRESERVED_SPECIMEN,2009-09-17,2009,US,Colorado,"Denver Botanic Gardens, York Street, Tropical Conservatory, Bed 39, Accession # 020178.",39.732215,-104.961479,284.0,,Eleanor Ann Von Bargen,TB 717,DBG,KHD,KHD00026074,,,,89c53edb-0fac-4118-bdc0-d70ca50953dc,f1a3c1f3-a0ed-45ce-94da-764a44b2a516,https://intermountainbiota.org/portal/collections/individual/index.php?occid=3381851,GEODETIC_DATUM_ASSUMED_WGS84;CONTINENT_DERIVED_FROM_COORDINATES;TAXON_ID_NOT_FOUND;INSTITUTION_MATCH_FUZZY,https://botanicgardens.netx.net/file/asset/260104/original/KHD00026074.JPG
2825652734,Cyrtosperma johnstonii,Cyrtosperma johnstonii (W.Bull ex T.Moore & Mast.) N.E.Br.,Cyrtosperma johnstonii (W.Bull ex T.Moore & Mast.) N.E.Br.,ACCEPTED,PRESERVED_SPECIMEN,2013-10-29T00:00,2013,SB,Western Province,Vella Lavella Island,-7.63725,156.617444,,206.0,Tian-Chuan Hsu,SITW04368,TAIF,PLANT,464432,,Tian-Chuan Hsu,,eb7681c5-5c9c-4e28-954f-f328991c7004,TAIF:PLANT:353952:1:1:464432,,COORDINATE_ROUNDED;GEODETIC_DATUM_INVALID;GEODETIC_DATUM_ASSUMED_WGS84;COUNTRY_INVALID;CONTINENT_DERIVED_FROM_COORDINATES;SCIENTIFIC_NAME_ID_NOT_FOUND;INSTITUTION_MATCH_FUZZY;INSTITUTION_COLLECTION_MISMATCH,
6182174047,Cyrtosperma johnstonii,Cyrtosperma johnstonii (W.Bull ex T.Moore & Mast.) N.E.Br.,Cyrtosperma johnstonii (W.Bull ex T.Moore & Mast.) N.E.Br.,ACCEPTED,PRESERVED_SPECIMEN,2013-10-29,2013,SB,,"Eel camp to Mboro Village, Vella Lavella Island, Western Province",-7.003917,156.000778,,,Tian-Chuan HSU|Cheng-Wei Chen|Moffat FANERII,,TNM,,,,T.C. Hsu,,154947b6-0e29-40da-962f-a0d6e3f12a07,SITW04368-TNM-001,,COORDINATE_ROUNDED;GEODETIC_DATUM_ASSUMED_WGS84;COLLECTION_MATCH_NONE,https://objects.oab.tw/nmns/siflora/specimens/SITW04368-TNM-001-01.JPG
2825620763,Cyrtosperma johnstonii,Cyrtosperma johnstonii (W.Bull ex T.Moore & Mast.) N.E.Br.,Cyrtosperma johnstonii (W.Bull ex T.Moore & Mast.) N.E.Br.,ACCEPTED,PRESERVED_SPECIMEN,2014-07-16T00:00,2014,SB,Isabel Province,Mt. Kubonitu,-8.2,159.564472,,700.0,Tian-Chuan Hsu,SITW05455,TAIF,PLANT,471910,,Tian-Chuan Hsu,,eb7681c5-5c9c-4e28-954f-f328991c7004,TAIF:PLANT:360720:1:1:471910,,COORDINATE_ROUNDED;GEODETIC_DATUM_INVALID;GEODETIC_DATUM_ASSUMED_WGS84;COUNTRY_INVALID;CONTINENT_DERIVED_FROM_COORDINATES;SCIENTIFIC_NAME_ID_NOT_FOUND;INSTITUTION_MATCH_FUZZY;INSTITUTION_COLLECTION_MISMATCH,
2825628732,Cyrtosperma johnstonii,Cyrtosperma johnstonii (W.Bull ex T.Moore & Mast.) N.E.Br.,Cyrtosperma johnstonii (W.Bull ex T.Moore & Mast.) N.E.Br.,ACCEPTED,PRESERVED_SPECIMEN,2014-07-16T00:00,2014,SB,Isabel Province,Mt. Kubonitu,-8.2,159.564472,,700.0,Tian-Chuan Hsu,SITW05455,TAIF,PLANT,471909,,Tian-Chuan Hsu,,eb7681c5-5c9c-4e28-954f-f328991c7004,TAIF:PLANT:360720:1:2:471909,,COORDINATE_ROUNDED;GEODETIC_DATUM_INVALID;GEODETIC_DATUM_ASSUMED_WGS84;COUNTRY_INVALID;CONTINENT_DERIVED_FROM_COORDINATES;SCIENTIFIC_NAME_ID_NOT_FOUND;INSTITUTION_MATCH_FUZZY;INSTITUTION_COLLECTION_MISMATCH,
6182181209,Cyrtosperma johnstonii,Cyrtosperma johnstonii (W.Bull ex T.Moore & Mast.) N.E.Br.,Cyrtosperma johnstonii (W.Bull ex T.Moore & Mast.) N.E.Br.,ACCEPTED,PRESERVED_SPECIMEN,2014-07-16,2014,SB,,"Mt. Kobinitu, Santa Isabel Island, Isabel Province",-8.0,159.014472,,,Tian-Chuan HSU|Cheng-Wei CHEN|Moffat FANARII|Ruvie PITAVOQA|Peter KOSUI,,TNM,,,,T.C. Hsu,,154947b6-0e29-40da-962f-a0d6e3f12a07,SITW05455-TNM-001,,COORDINATE_ROUNDED;GEODETIC_DATUM_ASSUMED_WGS84;COLLECTION_MATCH_NONE,https://objects.oab.tw/nmns/siflora/specimens/SITW05455-TNM-001-01.JPG
1851885931,Cyrtosperma johnstonii,Cyrtosperma johnstonii (W.Bull ex T.Moore & Mast.) N.E.Br.,Cyrtosperma johnstonii (W.Bull ex T.Moore & Mast.) N.E.Br.,ACCEPTED,LIVING_SPECIMEN,2018-06-18,2018,BE,,Meise Botanic Garden,,,,,,,MeiseBG,LC,,,Billiet F.,,68c91b9a-2322-4f60-8d58-2c696a73a11c,19550215,https://www.botanicalcollections.be/accession/19550215,CONTINENT_DERIVED_FROM_COUNTRY,
3705742422,Cyrtosperma johnstonii,Cyrtosperma johnstonii (W.Bull ex T.Moore & Mast.) N.E.Br.,Cyrtosperma johnstonii (W.Bull ex T.Moore & Mast.) N.E.Br.,ACCEPTED,HUMAN_OBSERVATION,2021-10-02T10:50:09,2021,SG,Central,,1.279524,103.797951,,,SunGW,,iNaturalist,Observations,96870072,,SunGW,iNaturalist research-grade observations,50c9509d-22c7-4a22-a47d-8c48425ef4a7,https://www.inaturalist.org/observations/96870072,https://www.inaturalist.org/observations/96870072,COORDINATE_ROUNDED;CONTINENT_DERIVED_FROM_COORDINATES;TAXON_ID_NOT_FOUND,https://inaturalist-open-data.s3.amazonaws.com/photos/160995387/original.jpeg;https://inaturalist-open-data.s3.amazonaws.com/photos/160995393/original.jpeg;https://inaturalist-open-data.s3.amazonaws.com/photos/160995398/original.jpeg;https://inaturalist-open-data.s3.amazonaws.com/photos/160995407/original.jpeg
5027495594,Cyrtosperma johnstonii,Cyrtosperma johnstonii (W.Bull ex T.Moore & Mast.) N.E.Br.,Cyrtosperma johnstonii (W.Bull ex T.Moore & Mast.) N.E.Br.,ACCEPTED,HUMAN_OBSERVATION,2022-05-15T00:00,2022,DE,,"Frankfurt, Palmengarten",50.123257,8.655639,250.0,,2121647772,,NABU|naturgucker,NABU|naturgucker,-198278484,,,,6ac3f774-d9fb-4796-b3e9-92bf6c81c084,,https://enjoynature.net/?gebiet=1632329130&datum=15.05.22&art=676467133,COORDINATE_ROUNDED;GEODETIC_DATUM_ASSUMED_WGS84;CONTINENT_DERIVED_FROM_COORDINATES,https://live.staticflickr.com/65535/52131837844_af05771362_b.jpg;https://live.staticflickr.com/65535/52132097600_ba1c5241cf_b.jpg;https://live.staticflickr.com/65535/52130579507_81ce1849d0_b.jpg;https://live.staticflickr.com/65535/52131841519_ea73c2fbaf_b.jpg;https://live.staticflickr.com/65535/52131841754_8862fe21f7_b.jpg;https://live.staticflickr.com/65535/52131841324_e37973a207_b.jpg;https://live.staticflickr.com/65535/52131837349_0213238cc5_b.jpg;https://live.staticflickr.com/65535/52131604281_f1802f6736_b.jpg;https://live.staticflickr.com/65535/52131837524_f7b8341014_b.jpg
5014213907,Cyrtosperma johnstonii,Cyrtosperma johnstonii (W.Bull ex T.Moore & Mast.) N.E.Br.,Cyrtosperma johnstonii (W.Bull ex T.Moore & Mast.) N.E.Br.,ACCEPTED,HUMAN_OBSERVATION,2023-05-03T00:00,2023,DE,,"Frankfurt, Palmengarten",50.123257,8.655639,250.0,,2121647772,,NABU|naturgucker,NABU|naturgucker,-674503292,,,,6ac3f774-d9fb-4796-b3e9-92bf6c81c084,,https://enjoynature.net/?gebiet=1632329130&datum=03.05.23&art=676467133,COORDINATE_ROUNDED;GEODETIC_DATUM_ASSUMED_WGS84;CONTINENT_DERIVED_FROM_COORDINATES,https://live.staticflickr.com/65535/52883675207_c9b5c363ed_b.jpg;https://live.staticflickr.com/65535/52883675677_87c721b614_b.jpg
4414181282,Cyrtosperma johnstonii,Cyrtosperma johnstonii (W.Bull ex T.Moore & Mast.) N.E.Br.,Cyrtosperma johnstonii (W.Bull ex T.Moore & Mast.) N.E.Br.,ACCEPTED,HUMAN_OBSERVATION,2023-09-14T10:08:23,2023,SG,Central,,1.288356,103.788792,9.0,,anapom,,iNaturalist,Observations,183311032,,chugbug111,iNaturalist research-grade observations,50c9509d-22c7-4a22-a47d-8c48425ef4a7,https://www.inaturalist.org/observations/183311032,https://www.inaturalist.org/observations/183311032,COORDINATE_ROUNDED;CONTINENT_DERIVED_FROM_COORDINATES;TAXON_ID_NOT_FOUND,https://inaturalist-open-data.s3.amazonaws.com/photos/320960345/original.jpg;https://inaturalist-open-data.s3.amazonaws.com/photos/319787470/original.jpg;https://inaturalist-open-data.s3.amazonaws.com/photos/320960249/original.jpg;https://inaturalist-open-data.s3.amazonaws.com/photos/320960291/original.jpg
5000748938,Cyrtosperma johnstonii,Cyrtosperma johnstonii (W.Bull ex T.Moore & Mast.) N.E.Br.,Cyrtosperma johnstonii (W.Bull ex T.Moore & Mast.) N.E.Br.,ACCEPTED,PRESERVED_SPECIMEN,2024-12-12,2024,BR,Espírito Santo,,,,,,"Magno, A.",383,UFES,VIES,64076,,,,4d0fa690-1551-46f0-9a22-acfec0e00dd0,https://specieslink.net/guid/84/64076,https://specieslink.net/guid/84/64076,CONTINENT_DERIVED_FROM_COUNTRY;INSTITUTION_MATCH_NONE,
5295078950,Cyrtosperma johnstonii,Cyrtosperma johnstonii (W.Bull ex T.Moore & Mast.) N.E.Br.,Cyrtosperma johnstonii (W.Bull ex T.Moore & Mast.) N.E.Br.,ACCEPTED,PRESERVED_SPECIMEN,2024-12-12,2024,BR,Espírito Santo,,,,,,"Magno, A.",383,VIES,VIES,VIES00064076,,,,e257fa65-598c-4f11-b03e-dfeba1191db8,6901160,,CONTINENT_DERIVED_FROM_COUNTRY;TAXON_MATCH_HIGHERRANK;IDENTIFIED_DATE_INVALID;INSTITUTION_MATCH_FUZZY;COLLECTION_MATCH_FUZZY,
6130331516,Cyrtosperma johnstonii,Cyrtosperma johnstonii (W.Bull ex T.Moore & Mast.) N.E.Br.,Cyrtosperma johnstonii (W.Bull ex T.Moore & Mast.) N.E.Br.,ACCEPTED,HUMAN_OBSERVATION,2025-10-15T13:45,2025,SB,Guadalcanal,,-9.832228,160.834381,19.0,,Samuel Brown,,iNaturalist,Observations,331841943,,Samuel Brown,iNaturalist research-grade observations,50c9509d-22c7-4a22-a47d-8c48425ef4a7,https://www.inaturalist.org/observations/331841943,https://www.inaturalist.org/observations/331841943,COORDINATE_ROUNDED;CONTINENT_DERIVED_FROM_COORDINATES;TAXON_ID_NOT_FOUND,https://inaturalist-open-data.s3.amazonaws.com/photos/602078661/original.jpg;https://inaturalist-open-data.s3.amazonaws.com/photos/602078662/original.jpg;https://inaturalist-open-data.s3.amazonaws.com/photos/602078782/original.jpg
6130563113,Cyrtosperma johnstonii,Cyrtosperma johnstonii (W.Bull ex T.Moore & Mast.) N.E.Br.,Cyrtosperma johnstonii (W.Bull ex T.Moore & Mast.) N.E.Br.,ACCEPTED,HUMAN_OBSERVATION,2025-10-15T12:23,2025,SB,Guadalcanal,,-9.833475,160.83725,13.0,,Samuel Brown,,iNaturalist,Observations,331841928,,Samuel Brown,iNaturalist research-grade observations,50c9509d-22c7-4a22-a47d-8c48425ef4a7,https://www.inaturalist.org/observations/331841928,https://www.inaturalist.org/observations/331841928,CONTINENT_DERIVED_FROM_COORDINATES;TAXON_ID_NOT_FOUND,https://inaturalist-open-data.s3.amazonaws.com/photos/602077993/original.jpg;https://inaturalist-open-data.s3.amazonaws.com/photos/602078002/original.jpg;https://inaturalist-open-data.s3.amazonaws.com/photos/602078007/original.jpg
6131607324,Cyrtosperma johnstonii,Cyrtosperma johnstonii (W.Bull ex T.Moore & Mast.) N.E.Br.,Cyrtosperma johnstonii (W.Bull ex T.Moore & Mast.) N.E.Br.,ACCEPTED,HUMAN_OBSERVATION,2025-10-16T11:02,2025,SB,Guadalcanal,,-9.817614,160.816864,4.0,,Samuel Brown,,iNaturalist,Observations,331849376,,Samuel Brown,iNaturalist research-grade observations,50c9509d-22c7-4a22-a47d-8c48425ef4a7,https://www.inaturalist.org/observations/331849376,https://www.inaturalist.org/observations/331849376,COORDINATE_ROUNDED;CONTINENT_DERIVED_FROM_COORDINATES;TAXON_ID_NOT_FOUND,https://inaturalist-open-data.s3.amazonaws.com/photos/602095321/original.jpg;https://inaturalist-open-data.s3.amazonaws.com/photos/602095319/original.jpg;https://inaturalist-open-data.s3.amazonaws.com/photos/602095324/original.jpg;https://inaturalist-open-data.s3.amazonaws.com/photos/602095379/original.jpg;https://inaturalist-open-data.s3.amazonaws.com/photos/602095374/original.jpg
6352309154,Cyrtosperma johnstonii,Cyrtosperma johnstonii (W.Bull ex T.Moore & Mast.) N.E.Br.,Cyrtosperma johnstonii (W.Bull ex T.Moore & Mast.) N.E.Br.,ACCEPTED,HUMAN_OBSERVATION,2026-01-15T08:53:49,2026,AU,Queensland,,-17.827163,146.051757,9.0,,Thomas Bauer,,iNaturalist,Observations,334770790,,Bayan Izzani,iNaturalist research-grade observations,50c9509d-22c7-4a22-a47d-8c48425ef4a7,https://www.inaturalist.org/observations/334770790,https://www.inaturalist.org/observations/334770790,COORDINATE_ROUNDED;CONTINENT_DERIVED_FROM_COORDINATES;TAXON_ID_NOT_FOUND,https://inaturalist-open-data.s3.amazonaws.com/photos/608011921/original.jpg
2592234973,Cyrtosperma kokodense,Cyrtosperma kokodense A.Hay,Cyrtosperma kokodense A.Hay,ACCEPTED,PRESERVED_SPECIMEN,,,PG,Northern,"New Guinea. Kokoda, Northern District, Papua.",,,,427.0,A. Millar,NGF 23585,US,US,US 2593760A,,,NMNH Extant Biology,821cc27a-e3bb-4bc5-ac34-89ada245069d,http://n2t.net/ark:/65665/36d934e64-7e87-4481-8142-d906e079a128,,CONTINENT_COUNTRY_MISMATCH;OCCURRENCE_STATUS_INFERRED_FROM_INDIVIDUAL_COUNT,https://collections.nmnh.si.edu/media/?i=14389088&h=2000
4602018326,Cyrtosperma kokodense,Cyrtosperma kokodense A.Hay,Cyrtosperma kokodense A.Hay,ACCEPTED,PRESERVED_SPECIMEN,,,PG,,[Kokoda],,,,,"Cheesman, L.",3,K,Herbarium,K002555912,,,,cd6e21c8-9e8a-493a-8a76-fbf7862069e5,http://specimens.kew.org/herbarium/K002555912,,CONTINENT_DERIVED_FROM_COUNTRY;INSTITUTION_MATCH_FUZZY;INSTITUTION_COLLECTION_MISMATCH,https://d2jcv3kl45hlgi.cloudfront.net/7a0a6dda04bd5cbe5d780f46a64c4312.jpg
2513715881,Cyrtosperma kokodense,Cyrtosperma kokodense A.Hay,Cyrtosperma kokodense A.Hay,ACCEPTED,PRESERVED_SPECIMEN,1933-05-02,1933,PG,New Guinea,Kokoda.,,,,,Cheesman LE,"Cheesman, LE 3",,Botany,L.1415516,,,,15f819bd-6612-4447-854b-14d12ee1022d,https://data.biodiversitydata.nl/naturalis/specimen/L.1415516,,,https://medialib.naturalis.nl/file/id/L.1415516/format/large
4602016374,Cyrtosperma kokodense,Cyrtosperma kokodense A.Hay,Cyrtosperma kokodense A.Hay,ACCEPTED,PRESERVED_SPECIMEN,1933-05-02T00:00,1933,PG,,Kokoda,,,,,"Cheesman, L.E.",3,K,Herbarium,K002555913,,,,cd6e21c8-9e8a-493a-8a76-fbf7862069e5,http://specimens.kew.org/herbarium/K002555913,,CONTINENT_DERIVED_FROM_COUNTRY;INSTITUTION_MATCH_FUZZY;INSTITUTION_COLLECTION_MISMATCH,https://d2jcv3kl45hlgi.cloudfront.net/d499ebe5dde0b31a109fde35037b2687.jpg
94225989,Cyrtosperma kokodense,Cyrtosperma kokodense A.Hay,Cyrtosperma kokodense A.Hay,ACCEPTED,OCCURRENCE,1936-03-22,1936,PG,Northern,Northern Province: Kokoda.,-8.883333,147.733333,,370.0,Carr C.E.,,CANB,PNGplants,94215,,,,85312280-f762-11e1-a439-00145eb45e9a,,,COORDINATE_ROUNDED;GEODETIC_DATUM_ASSUMED_WGS84;CONTINENT_DERIVED_FROM_COORDINATES;BASIS_OF_RECORD_INVALID,
1055353516,Cyrtosperma kokodense,Cyrtosperma kokodense A.Hay,Cyrtosperma kokodense A.Hay,ACCEPTED,PRESERVED_SPECIMEN,1936-03-22,1936,PG,Oro,Kokoda,-8.87644,147.73779,,366.0,Cedric Errol Carr,16194,NHMUK,BOT,BM000957456,,Alistair Hay,,7e380070-f762-11e1-a439-00145eb45e9a,91f092cb-136a-4a35-8667-8d75b7299940,,CONTINENT_COORDINATE_MISMATCH;CONTINENT_COUNTRY_MISMATCH;INSTITUTION_MATCH_FUZZY;COLLECTION_MATCH_FUZZY,
1144618498,Cyrtosperma kokodense,Cyrtosperma kokodense A.Hay,Cyrtosperma kokodense A.Hay,ACCEPTED,PRESERVED_SPECIMEN,1936-03-22,1936,PG,Oro,,,,,350.0,"Carr, C. E.",16194,CJBG,CJBG-G,G00191357,Isotype,,,f577c9f3-ae71-4278-b6bf-512ba1dfaa21,G00191357,https://collections.geneve.ch/cjbg/chg/adetail.php?id=159938,TAXON_ID_NOT_FOUND,
2513105064,Cyrtosperma kokodense,Cyrtosperma kokodense A.Hay,Cyrtosperma kokodense A.Hay,ACCEPTED,PRESERVED_SPECIMEN,1936-03-22,1936,PG,New Guinea,Papua Kokoda,-8.88333,147.73333,,,Carr CE,"Carr, CE 16194",,Botany,L  0041895,Holotype,Hay A,,15f819bd-6612-4447-854b-14d12ee1022d,https://data.biodiversitydata.nl/naturalis/specimen/L%20%200041895,,,https://medialib.naturalis.nl/file/id/L0041895_MLN/format/large
2513105135,Cyrtosperma kokodense,Cyrtosperma kokodense A.Hay,Cyrtosperma kokodense A.Hay,ACCEPTED,PRESERVED_SPECIMEN,1936-03-22,1936,PG,New Guinea,Papua Kokoda,-8.88333,147.73333,,,Carr CE,"Carr, CE 16194",,Botany,L  0041896,Holotype,,,15f819bd-6612-4447-854b-14d12ee1022d,https://data.biodiversitydata.nl/naturalis/specimen/L%20%200041896,,,https://medialib.naturalis.nl/file/id/L0041896_MLN/format/large
1055591430,Cyrtosperma kokodense,Cyrtosperma kokodense A.Hay,Cyrtosperma kokodense A.Hay,ACCEPTED,PRESERVED_SPECIMEN,1936-04-04,1936,PG,Oro,Kokoda,-8.87644,147.73779,,366.0,Cedric Errol Carr,,NHMUK,BOT,BM000957457,,Alistair Hay,,7e380070-f762-11e1-a439-00145eb45e9a,5deadc35-744a-46c1-b474-cb0d9e2ec0e1,,CONTINENT_COORDINATE_MISMATCH;CONTINENT_COUNTRY_MISMATCH;INSTITUTION_MATCH_FUZZY;COLLECTION_MATCH_FUZZY,
2592221197,Cyrtosperma kokodense,Cyrtosperma kokodense A.Hay,Cyrtosperma kokodense A.Hay,ACCEPTED,PRESERVED_SPECIMEN,1973-10-02,1973,PG,Central,"Papua. Near Boridi Village. District Central, Subdistrict Port Moresby.",,,,1190.0,D. Foreman & A. Vinas,LAE 60274,US,US,US 2801243,,,NMNH Extant Biology,821cc27a-e3bb-4bc5-ac34-89ada245069d,http://n2t.net/ark:/65665/337095580-b655-44ad-b626-b167eca8c8ab,,CONTINENT_COUNTRY_MISMATCH;OCCURRENCE_STATUS_INFERRED_FROM_INDIVIDUAL_COUNT,https://collections.nmnh.si.edu/media/?i=14388767&h=2000
437175102,Cyrtosperma macrotum,Cyrtosperma macrotum Becc. ex Engl.,Cyrtosperma macrotum Becc. ex Engl.,ACCEPTED,PRESERVED_SPECIMEN,,,,,,,,,,,,MNHN,P,P02074759,,,,b5cdf794-8fa4-4a85-8b26-755d087bf531,http://coldb.mnhn.fr/catalognumber/mnhn/p/p02074759,,,http://mediaphoto.mnhn.fr/media/1441304664431ThOxJp4XZnr5cdjf
437835885,Cyrtosperma macrotum,Cyrtosperma macrotum Becc. ex Engl.,Cyrtosperma macrotum Becc. ex Engl.,ACCEPTED,PRESERVED_SPECIMEN,,,,,,,,,,,,MNHN,P,P02074758,,,,b5cdf794-8fa4-4a85-8b26-755d087bf531,http://coldb.mnhn.fr/catalognumber/mnhn/p/p02074758,,,http://mediaphoto.mnhn.fr/media/14413046644115fgJUQnzX2idUX0h
439501596,Cyrtosperma macrotum,Cyrtosperma macrotum Becc. ex Engl.,Cyrtosperma macrotum Becc. ex Engl.,ACCEPTED,PRESERVED_SPECIMEN,,,,,,,,,,,,MNHN,P,P02074760,,,,b5cdf794-8fa4-4a85-8b26-755d087bf531,http://coldb.mnhn.fr/catalognumber/mnhn/p/p02074760,,,http://mediaphoto.mnhn.fr/media/1441304664456kuiW0m4bbUPm6LJm
912018802,Cyrtosperma macrotum,Cyrtosperma macrotum Becc. ex Engl.,Cyrtosperma macrotum Becc. ex Engl.,ACCEPTED,PRESERVED_SPECIMEN,,,,,,,,,,,,K,Spirit,22443.000,,,,cd6e21c8-9e8a-493a-8a76-fbf7862069e5,http://specimens.kew.org/herbarium/22443.000,,COLLECTION_MATCH_NONE;INSTITUTION_MATCH_FUZZY,
912046466,Cyrtosperma macrotum,Cyrtosperma macrotum Becc. ex Engl.,Cyrtosperma macrotum Becc. ex Engl.,ACCEPTED,PRESERVED_SPECIMEN,,,PG,,,,,,,"Hay, A.",,K,Spirit,46549.000,,,,cd6e21c8-9e8a-493a-8a76-fbf7862069e5,http://specimens.kew.org/herbarium/46549.000,,CONTINENT_DERIVED_FROM_COUNTRY;COLLECTION_MATCH_NONE;INSTITUTION_MATCH_FUZZY,
912047622,Cyrtosperma macrotum,Cyrtosperma macrotum Becc. ex Engl.,Cyrtosperma macrotum Becc. ex Engl.,ACCEPTED,PRESERVED_SPECIMEN,,,,,"Sarawak, Paul Chai, Kuching Bot. Gdn.",,,,,,,K,Spirit,47713.000,,,,cd6e21c8-9e8a-493a-8a76-fbf7862069e5,http://specimens.kew.org/herbarium/47713.000,,COLLECTION_MATCH_NONE;INSTITUTION_MATCH_FUZZY,
1090275561,Cyrtosperma macrotum,Cyrtosperma macrotum Becc. ex Engl.,Cyrtosperma macrotum Becc. ex Engl.,ACCEPTED,PRESERVED_SPECIMEN,,,PG,Northern Province,Northern Province; Sibium Mountains; N of Akupe Camp.,-9.28308,148.274,,,"James, S.A. Damas, D.; Domare, B.; Kunire, J.; Unimba, V.",Collector Number: SAJ0997,BPBM,BISH,761583,,"Sule, B.",Herbarium Pacificum World Specimens,b929f23d-290f-4e85-8f17-764c55b3b284,3865db11-ded7-43c8-a4a7-81e999f47c32,,CONTINENT_DERIVED_FROM_COORDINATES;PRESUMED_NEGATED_LONGITUDE;INSTITUTION_MATCH_FUZZY;COLLECTION_MATCH_FUZZY,
2250236648,Cyrtosperma macrotum,Cyrtosperma macrotum Becc. ex Engl.,Cyrtosperma macrotum Becc. ex Engl.,ACCEPTED,MATERIAL_SAMPLE,,,,,,,,,,,,"Mined from GenBank, NCBI",,Chase M.W. 11771 (K),,,,040c5662-da76-4782-a48e-cdea1892d14c,GBVA1739-11,https://portal.boldsystems.org/record/GBVA1739-11,INSTITUTION_MATCH_NONE;NUCLEOTIDE_SEQUENCE_GAPS_REMOVED,
2250237408,Cyrtosperma macrotum,Cyrtosperma macrotum Becc. ex Engl.,Cyrtosperma macrotum Becc. ex Engl.,ACCEPTED,MATERIAL_SAMPLE,,,,,,,,,,,,"Mined from GenBank, NCBI",,M. W. Chase 11771 (K),,,,040c5662-da76-4782-a48e-cdea1892d14c,GBVA1740-11,https://portal.boldsystems.org/record/GBVA1740-11,INSTITUTION_MATCH_NONE;NUCLEOTIDE_SEQUENCE_GAPS_REMOVED,
2268981160,Cyrtosperma macrotum,Cyrtosperma macrotum Becc. ex Engl.,Cyrtosperma macrotum Becc. ex Engl.,ACCEPTED,PRESERVED_SPECIMEN,,,PG,,,,,,,O. Beccari,619,FIAF,Tropicos,101085826,,,Tropicos,e053ff53-c156-4e2e-b9b5-4462e9625424,urn:catalog:MO:Tropicos:101085826,,CONTINENT_COUNTRY_MISMATCH;TAXON_ID_NOT_FOUND;COLLECTION_MATCH_NONE;INSTITUTION_MATCH_FUZZY,https://images.mobot.org/tropicosimages3/detailimages/TropicosImageVol3/100586000/15ECF691-3BAD-4568-97A6-EA9EAF06602F.jpg;https://images.mobot.org/tropicosimages3/detailimages/TropicosImageVol3/100586000/419FDAAE-991A-4A01-AF07-EF2403058931.jpg;https://images.mobot.org/tropicosimages3/detailimages/TropicosImageVol3/100586000/6D4EE38C-9D6E-4D1D-A341-710D05BA3BD2.jpg;https://images.mobot.org/tropicosimages3/detailimages/TropicosImageVol3/100586000/7EB3C342-7A19-432D-86B6-B1081B0379AE.jpg;https://images.mobot.org/tropicosimages3/detailimages/TropicosImageVol3/100586000/8A666620-F03F-4A18-A852-026F96BC5F29.jpg;https://images.mobot.org/tropicosimages3/detailimages/TropicosImageVol3/100586000/8DE99EE1-F00C-4139-A1EB-656B84F182A4.jpg
2268983175,Cyrtosperma macrotum,Cyrtosperma macrotum Becc. ex Engl.,Cyrtosperma macrotum Becc. ex Engl.,ACCEPTED,PRESERVED_SPECIMEN,,,PG,,,,,,,O. Beccari,s.n.,FI,Tropicos,101089659,,,Tropicos,e053ff53-c156-4e2e-b9b5-4462e9625424,urn:catalog:MO:Tropicos:101089659,,CONTINENT_COUNTRY_MISMATCH;TAXON_ID_NOT_FOUND;COLLECTION_MATCH_NONE;INSTITUTION_MATCH_FUZZY,https://images.mobot.org/tropicosimages3/detailimages/TropicosImageVol3/100586000/0E298DF9-033E-4985-951D-DE87F3E706EB.jpg;https://images.mobot.org/tropicosimages3/detailimages/TropicosImageVol3/100586000/582F5A86-DA3E-4375-AC25-4B6274270D17.jpg;https://images.mobot.org/tropicosimages3/detailimages/TropicosImageVol3/100586000/9DC10572-F25E-4D1E-90BC-738ACEBE2D26.jpg;https://images.mobot.org/tropicosimages3/detailimages/TropicosImageVol3/100586000/C719EFFE-4F89-483B-85C7-1B96237FD372.jpg;https://images.mobot.org/tropicosimages3/detailimages/TropicosImageVol3/100586000/F144D90E-6A76-416C-94C7-A982CBD07E94.jpg
2268984428,Cyrtosperma macrotum,Cyrtosperma macrotum Becc. ex Engl.,Cyrtosperma macrotum Becc. ex Engl.,ACCEPTED,PRESERVED_SPECIMEN,,,ZZ,,,,,,,Count L.M. d'Albertis,s.n.,FI,Tropicos,101089658,,,Tropicos,e053ff53-c156-4e2e-b9b5-4462e9625424,urn:catalog:MO:Tropicos:101089658,,CONTINENT_COUNTRY_MISMATCH;TAXON_ID_NOT_FOUND;COLLECTION_MATCH_NONE;INSTITUTION_MATCH_FUZZY,https://images.mobot.org/tropicosimages3/detailimages/TropicosImageVol3/100586000/15AC14C5-AF6F-4C5E-B209-D0CAE42AA040.jpg;https://images.mobot.org/tropicosimages3/detailimages/TropicosImageVol3/100586000/3C085E81-CFED-4B40-8413-5F53F91D2147.jpg;https://images.mobot.org/tropicosimages3/detailimages/TropicosImageVol3/100586000/D10DED87-405E-45D2-9FA0-7024726EE0BF.jpg
2513715437,Cyrtosperma macrotum,Cyrtosperma macrotum Becc. ex Engl.,Cyrtosperma macrotum Becc. ex Engl.,ACCEPTED,PRESERVED_SPECIMEN,,,ZZ,New Guinea,"Island S.E. West Irian. Ingembit, frontier.",-5.6425,141.0,,,Reksodihardjo S,"Reksodihardjo, S 311",,Botany,L.1416149,,,,15f819bd-6612-4447-854b-14d12ee1022d,https://data.biodiversitydata.nl/naturalis/specimen/L.1416149,,COUNTRY_COORDINATE_MISMATCH;CONTINENT_DERIVED_FROM_COORDINATES,https://medialib.naturalis.nl/file/id/L.1416149/format/large
2592216537,Cyrtosperma macrotum,Cyrtosperma macrotum Becc. ex Engl.,Cyrtosperma macrotum Becc. ex Engl.,ACCEPTED,PRESERVED_SPECIMEN,,,PG,Manus,"Papua. Kiunga, Kiunga subdist., Western District.",,,,24.0,H. Streimann & P. Katik,LAE 51788,US,US,US 2650815,,,NMNH Extant Biology,821cc27a-e3bb-4bc5-ac34-89ada245069d,http://n2t.net/ark:/65665/324bb75a2-cf8b-4bdb-af04-c6146ebc021b,,CONTINENT_COUNTRY_MISMATCH;OCCURRENCE_STATUS_INFERRED_FROM_INDIVIDUAL_COUNT,https://collections.nmnh.si.edu/media/?i=14407831&h=2000
2592225753,Cyrtosperma macrotum,Cyrtosperma macrotum Becc. ex Engl.,Cyrtosperma macrotum Becc. ex Engl.,ACCEPTED,PRESERVED_SPECIMEN,,,PG,Milne Bay,"Papua. Salamo, Fergusson Island. Esa'ala Sub-District, Milne Bay Dist.",,,,7.0,H. Streimann & Y. Lelean,LAE 52573,US,US,US 2650792,,,NMNH Extant Biology,821cc27a-e3bb-4bc5-ac34-89ada245069d,http://n2t.net/ark:/65665/348e3acdf-dcc8-45a1-b30a-737bdfe77ae7,,CONTINENT_COUNTRY_MISMATCH;OCCURRENCE_STATUS_INFERRED_FROM_INDIVIDUAL_COUNT,https://collections.nmnh.si.edu/media/?i=14396338&h=2000
2592254087,Cyrtosperma macrotum,Cyrtosperma macrotum Becc. ex Engl.,Cyrtosperma macrotum Becc. ex Engl.,ACCEPTED,PRESERVED_SPECIMEN,,,PG,Morobe,"New Guinea. Wampit, Lae subdist., Morobe District.",,,,244.0,H. Streimann,NGF 30683,US,US,US 2593754A,,,NMNH Extant Biology,821cc27a-e3bb-4bc5-ac34-89ada245069d,http://n2t.net/ark:/65665/39118e483-d39c-445a-bdab-5d6e6a3a2e2e,,CONTINENT_COUNTRY_MISMATCH;OCCURRENCE_STATUS_INFERRED_FROM_INDIVIDUAL_COUNT,https://collections.nmnh.si.edu/media/?i=14410730&h=2000
2592261384,Cyrtosperma macrotum,Cyrtosperma macrotum Becc. ex Engl.,Cyrtosperma macrotum Becc. ex Engl.,ACCEPTED,PRESERVED_SPECIMEN,,,PG,Manus,"New Guinea. Suki Creek, 200 miles Fly River, Daru- Sub-district, Western District.",,,,61.0,A. Millar,NGF 35345,US,US,US 2593761A,,,NMNH Extant Biology,821cc27a-e3bb-4bc5-ac34-89ada245069d,http://n2t.net/ark:/65665/3eefdef42-699c-4a72-bed4-cc81a07112ea,,CONTINENT_COUNTRY_MISMATCH;OCCURRENCE_STATUS_INFERRED_FROM_INDIVIDUAL_COUNT,https://collections.nmnh.si.edu/media/?i=14389630&h=2000
3346253219,Cyrtosperma macrotum,Cyrtosperma macrotum Becc. ex Engl.,Cyrtosperma macrotum Becc. ex Engl.,ACCEPTED,PRESERVED_SPECIMEN,,,,,,,,,,,,,,M. W. Chase 11771 (K),,,,d8cd16ba-bb74-4420-821e-083f2bac17c2,AM920572,https://www.ebi.ac.uk/ena/browser/view/AM920572,TAXON_CONCEPT_ID_NOT_FOUND;TAXON_ID_NOT_FOUND,
3349579247,Cyrtosperma macrotum,Cyrtosperma macrotum Becc. ex Engl.,Cyrtosperma macrotum Becc. ex Engl.,ACCEPTED,PRESERVED_SPECIMEN,,,,,,,,,,,,,,Chase M.W. 11771 (K),,,,d8cd16ba-bb74-4420-821e-083f2bac17c2,AM905750,https://www.ebi.ac.uk/ena/browser/view/AM905750,TAXON_CONCEPT_ID_NOT_FOUND;TAXON_ID_NOT_FOUND,
4061123498,Cyrtosperma macrotum,Cyrtosperma macrotum Becc. ex Engl.,Cyrtosperma macrotum Becc. ex Engl.,ACCEPTED,PRESERVED_SPECIMEN,,,PG,,,,,,,O. Beccari,619,,Tropicos,101088132,,,Tropicos,e053ff53-c156-4e2e-b9b5-4462e9625424,urn:catalog:MO:Tropicos:101088132,,CONTINENT_COUNTRY_MISMATCH;TAXON_ID_NOT_FOUND;INSTITUTION_MATCH_NONE,https://images.mobot.org/tropicosimages3/detailimages/TropicosImageVol3/100577000/80B46515-1D2D-4F72-891C-C2D050CF8367.jpg;https://images.mobot.org/tropicosimages3/detailimages/TropicosImageVol3/100577000/AA675570-4D15-4385-B58F-D7DC675DEAF6.jpg;https://images.mobot.org/tropicosimages3/detailimages/TropicosImageVol3/100577000/AB38D31A-24DA-4402-A6EF-74A5D415D4C1.jpg;https://images.mobot.org/tropicosimages3/detailimages/TropicosImageVol3/100577000/D3711222-4012-4C73-B295-63A44FFD8ED5.jpg;https://images.mobot.org/tropicosimages3/detailimages/TropicosImageVol3/100577000/E5F71C71-6E47-40C0-A2A1-3F2111A4EADF.jpg;https://images.mobot.org/tropicosimages3/detailimages/TropicosImageVol3/100578000/1495EFAF-683A-4F11-B348-99FD1CF75543.jpg;https://images.mobot.org/tropicosimages3/detailimages/TropicosImageVol3/100578000/14F3B48B-19FE-44D3-A110-55B8DD8075E5.jpg;https://images.mobot.org/tropicosimages3/detailimages/TropicosImageVol3/100578000/84796FFA-2E61-4481-93D6-740CDA45D399.jpg;https://images.mobot.org/tropicosimages3/detailimages/TropicosImageVol3/100578000/A0E6D3DE-5911-460F-8FDC-CD75B43DDA9B.jpg;https://images.mobot.org/tropicosimages3/detailimages/TropicosImageVol3/100578000/F6FD6222-5FD5-405E-86FF-E98A365ABE0D.jpg
4527472174,Cyrtosperma macrotum,Cyrtosperma macrotum Becc. ex Engl.,Cyrtosperma macrotum Becc. ex Engl.,ACCEPTED,MATERIAL_CITATION,,,PG,,,,,,,"Chase, M.W.",11771,K,,,,,,4195e042-b632-47ba-9545-32a5e3033ff7,s06709,,CONTINENT_DERIVED_FROM_COUNTRY;COLLECTION_MATCH_NONE;INSTITUTION_MATCH_FUZZY,
4602016380,Cyrtosperma macrotum,Cyrtosperma macrotum Becc. ex Engl.,Cyrtosperma macrotum Becc. ex Engl.,ACCEPTED,PRESERVED_SPECIMEN,,,,,,,,,,s.coll.,s.n.,K,Herbarium,K002555982,,,,cd6e21c8-9e8a-493a-8a76-fbf7862069e5,http://specimens.kew.org/herbarium/K002555982,,INSTITUTION_MATCH_FUZZY;INSTITUTION_COLLECTION_MISMATCH,https://d2jcv3kl45hlgi.cloudfront.net/8857c91f568adf78203132e2e7cf5a96.jpg
4602019346,Cyrtosperma macrotum,Cyrtosperma macrotum Becc. ex Engl.,Cyrtosperma macrotum Becc. ex Engl.,ACCEPTED,PRESERVED_SPECIMEN,,,ID,,Utakwa to Mt. Carstensz.; camp.,,,,,"Boden-Kloss, C.",s.n.,K,Herbarium,K002555916,,,,cd6e21c8-9e8a-493a-8a76-fbf7862069e5,http://specimens.kew.org/herbarium/K002555916,,INSTITUTION_MATCH_FUZZY;INSTITUTION_COLLECTION_MISMATCH,https://d2jcv3kl45hlgi.cloudfront.net/b1b1a2b89f534f88bdb534f2d8897946.jpg
4602020326,Cyrtosperma macrotum,Cyrtosperma macrotum Becc. ex Engl.,Cyrtosperma macrotum Becc. ex Engl.,ACCEPTED,PRESERVED_SPECIMEN,,,,,,,,,,s.coll.,s.n.,K,Herbarium,K002555984,,,,cd6e21c8-9e8a-493a-8a76-fbf7862069e5,http://specimens.kew.org/herbarium/K002555984,,INSTITUTION_MATCH_FUZZY;INSTITUTION_COLLECTION_MISMATCH,https://d2jcv3kl45hlgi.cloudfront.net/41b039f691f05a7b141ce85c5c315500.jpg
912257153,Cyrtosperma macrotum,Cyrtosperma macrotum Becc. ex Engl.,Cyrtosperma macrotum Becc. ex Engl.,ACCEPTED,PRESERVED_SPECIMEN,1907-05-16T00:00,1907,ID,,,,,,,"Versteeg, G.M.",1108,K,Herbarium,K000291749,Type,,,cd6e21c8-9e8a-493a-8a76-fbf7862069e5,http://specimens.kew.org/herbarium/K000291749,,INSTITUTION_MATCH_FUZZY;INSTITUTION_COLLECTION_MISMATCH,https://d2jcv3kl45hlgi.cloudfront.net/ce9036d48244ab46fa688c5631f2bd14.jpg
2513105531,Cyrtosperma macrotum,Cyrtosperma macrotum Becc. ex Engl.,Cyrtosperma macrotum Becc. ex Engl.,ACCEPTED,PRESERVED_SPECIMEN,1907-05-19,1907,ID,New Guinea,Nova Guinea neerlandica meridionalis.,,,,,Versteeg GM,"Versteeg, GM 408",,Botany,L  0041898,Type,Hay A,,15f819bd-6612-4447-854b-14d12ee1022d,https://data.biodiversitydata.nl/naturalis/specimen/L%20%200041898,,,https://medialib.naturalis.nl/file/id/L0041898_MLN/format/large
2517057090,Cyrtosperma macrotum,Cyrtosperma macrotum Becc. ex Engl.,Cyrtosperma macrotum Becc. ex Engl.,ACCEPTED,PRESERVED_SPECIMEN,1907-05-16,1907,ID,New Guinea,Nova Guinea neerlandica meridionalis.,,,,,Versteeg GM,"Versteeg, GM 1108",,Botany,U.1104567,,,,15f819bd-6612-4447-854b-14d12ee1022d,https://data.biodiversitydata.nl/naturalis/specimen/U.1104567,,,https://medialib.naturalis.nl/file/id/U.1104567/format/large
2517095141,Cyrtosperma macrotum,Cyrtosperma macrotum Becc. ex Engl.,Cyrtosperma macrotum Becc. ex Engl.,ACCEPTED,PRESERVED_SPECIMEN,1907-05-16,1907,ID,New Guinea,Nova Guinea neerlandica meridionalis.,,,,,Versteeg GM,"Versteeg, GM 1108",,Botany,U.1104566,,Hay A,,15f819bd-6612-4447-854b-14d12ee1022d,https://data.biodiversitydata.nl/naturalis/specimen/U.1104566,,,https://medialib.naturalis.nl/file/id/U.1104566/format/large
2515298745,Cyrtosperma macrotum,Cyrtosperma macrotum Becc. ex Engl.,Cyrtosperma macrotum Becc. ex Engl.,ACCEPTED,PRESERVED_SPECIMEN,1907-06-21,1907,ID,New Guinea,Nova Guinea neerlandica meridionalis.,,,,,Versteeg GM,"Versteeg, GM 1287",,Botany,U.1104565,,,,15f819bd-6612-4447-854b-14d12ee1022d,https://data.biodiversitydata.nl/naturalis/specimen/U.1104565,,,https://medialib.naturalis.nl/file/id/U.1104565/format/large
2513715374,Cyrtosperma macrotum,Cyrtosperma macrotum Becc. ex Engl.,Cyrtosperma macrotum Becc. ex Engl.,ACCEPTED,PRESERVED_SPECIMEN,1912-11-25,1912,ZZ,New Guinea,in mont Pexameles. *.,,,,,Pulle AA; Tertia Expeditione Neerlandica in Novam Guineam Meridionalem facta,"Pulle, AA; Tertia Expeditione Neerlandica in Novam Guineam Meridionalem facta 424",,Botany,L.1416154,,,,15f819bd-6612-4447-854b-14d12ee1022d,https://data.biodiversitydata.nl/naturalis/specimen/L.1416154,,,https://medialib.naturalis.nl/file/id/L.1416154/format/large
4602165328,Cyrtosperma macrotum,Cyrtosperma macrotum Becc. ex Engl.,Cyrtosperma macrotum Becc. ex Engl.,ACCEPTED,PRESERVED_SPECIMEN,1912-11-22T00:00,1912,ID,,Utakwa to Mt. Carstensz.; Camp. I-III.,,,,,"Boden-Kloss, C.",s.n.,K,Herbarium,K002555917,,,,cd6e21c8-9e8a-493a-8a76-fbf7862069e5,http://specimens.kew.org/herbarium/K002555917,,INSTITUTION_MATCH_FUZZY;INSTITUTION_COLLECTION_MISMATCH,https://d2jcv3kl45hlgi.cloudfront.net/45bdf955d8b8cb66dec6e744a011042e.jpg
2513105553,Cyrtosperma macrotum,Cyrtosperma macrotum Becc. ex Engl.,Cyrtosperma macrotum Becc. ex Engl.,ACCEPTED,PRESERVED_SPECIMEN,1913-10-01/1913-10-31,1913,ID,New Guinea,Eiland Koeroedoe (Noord N Guinea),-1.8463,137.0169,,,Janowski RF,"Janowski, RF 489",,Botany,L  0041897,Type,Hay A,,15f819bd-6612-4447-854b-14d12ee1022d,https://data.biodiversitydata.nl/naturalis/specimen/L%20%200041897,,CONTINENT_COORDINATE_MISMATCH,https://medialib.naturalis.nl/file/id/L0041897_MLN/format/large
1057044705,Cyrtosperma macrotum,Cyrtosperma macrotum Becc. ex Engl.,Cyrtosperma macrotum Becc. ex Engl.,ACCEPTED,PRESERVED_SPECIMEN,1914-01,1914,ID,,,,,,,Lilian Suzette Gibbs,6211,NHMUK,BOT,BM000957468,,,,7e380070-f762-11e1-a439-00145eb45e9a,f6899aa1-09bd-4764-9bf9-3a4822615d2e,,INSTITUTION_MATCH_FUZZY;COLLECTION_MATCH_FUZZY,
4602023365,Cyrtosperma macrotum,Cyrtosperma macrotum Becc. ex Engl.,Cyrtosperma macrotum Becc. ex Engl.,ACCEPTED,PRESERVED_SPECIMEN,1914-01-01T00:00,1914,PG,,"[Isaeh to ambani, under row tt]",,,,,"Gibbs, L.S.",6211,K,Herbarium,K002555918,,,,cd6e21c8-9e8a-493a-8a76-fbf7862069e5,http://specimens.kew.org/herbarium/K002555918,,CONTINENT_DERIVED_FROM_COUNTRY;INSTITUTION_MATCH_FUZZY;INSTITUTION_COLLECTION_MISMATCH,https://d2jcv3kl45hlgi.cloudfront.net/840feeada6070b18948c1a596737bd4e.jpg
2513716815,Cyrtosperma macrotum,Cyrtosperma macrotum Becc. ex Engl.,Cyrtosperma macrotum Becc. ex Engl.,ACCEPTED,PRESERVED_SPECIMEN,1914-08-12,1914,ID,New Guinea,in reg. flum. Mamberamo.,,,,,Thomsen ACT,"Thomsen, ACT 811",,Botany,L.1416145,,,,15f819bd-6612-4447-854b-14d12ee1022d,https://data.biodiversitydata.nl/naturalis/specimen/L.1416145,,,https://medialib.naturalis.nl/file/id/L.1416145/format/large
2513714640,Cyrtosperma macrotum,Cyrtosperma macrotum Becc. ex Engl.,Cyrtosperma macrotum Becc. ex Engl.,ACCEPTED,PRESERVED_SPECIMEN,1935-10-04,1935,PG,New Guinea,"New Guinea, Morobe Dist., Sattelberg. Forest hill nr. camp.",,,,,Clemens J; Clemens Expedition,"Clemens, J; Clemens Expedition 321",,Botany,L.1416137,,,,15f819bd-6612-4447-854b-14d12ee1022d,https://data.biodiversitydata.nl/naturalis/specimen/L.1416137,,,https://medialib.naturalis.nl/file/id/L.1416137/format/large
94225382,Cyrtosperma macrotum,Cyrtosperma macrotum Becc. ex Engl.,Cyrtosperma macrotum Becc. ex Engl.,ACCEPTED,OCCURRENCE,1936-05,1936,PG,Western,Fly River 528 miles Camp,-6.166667,141.333333,,80.0,Brass L.J.,,BRI,PNGplants,68292,,,,85312280-f762-11e1-a439-00145eb45e9a,,,COORDINATE_ROUNDED;GEODETIC_DATUM_ASSUMED_WGS84;CONTINENT_DERIVED_FROM_COORDINATES;BASIS_OF_RECORD_INVALID,
1998411435,Cyrtosperma macrotum,Cyrtosperma macrotum Becc. ex Engl.,Cyrtosperma macrotum Becc. ex Engl.,ACCEPTED,PRESERVED_SPECIMEN,1936-05,1936,PG,,"Fly River, 528 mile Camp",,,,,L. J. Brass,6626,A,A,barcode-01655805,,,Harvard University Herbaria: All Records,861e6afe-f762-11e1-a439-00145eb45e9a,18c07d2e-e1ff-43b0-8298-2a39258f11af,http://data.huh.harvard.edu/18c07d2e-e1ff-43b0-8298-2a39258f11af/image,,https://s3.amazonaws.com/huhspecimenimages/JPG/01655805.jpg
2513716838,Cyrtosperma macrotum,Cyrtosperma macrotum Becc. ex Engl.,Cyrtosperma macrotum Becc. ex Engl.,ACCEPTED,PRESERVED_SPECIMEN,1936-05-01/1936-05-31,1936,PG,New Guinea,"(British New Guinea). Fly River, 528 mile Camp.",,,,,Brass LJ; Fly River Expedition of the American Musem of Natural History,"Brass, LJ; Fly River Expedition of the American Musem of Natural History 6626",,Botany,L.1416150,,,,15f819bd-6612-4447-854b-14d12ee1022d,https://data.biodiversitydata.nl/naturalis/specimen/L.1416150,,,https://medialib.naturalis.nl/file/id/L.1416150/format/large
1999132265,Cyrtosperma macrotum,Cyrtosperma macrotum Becc. ex Engl.,Cyrtosperma macrotum Becc. ex Engl.,ACCEPTED,PRESERVED_SPECIMEN,1936-06,1936,PG,,"Palmer River, 2 mi. below junction Black R.",,,,,L. J. Brass,7054,A,A,barcode-01655804,,,Harvard University Herbaria: All Records,861e6afe-f762-11e1-a439-00145eb45e9a,bb40c787-bc67-432c-a986-57c9dd987d5a,http://data.huh.harvard.edu/bb40c787-bc67-432c-a986-57c9dd987d5a/image,,https://s3.amazonaws.com/huhspecimenimages/JPG/01655804.jpg
1999007082,Cyrtosperma macrotum,Cyrtosperma macrotum Becc. ex Engl.,Cyrtosperma macrotum Becc. ex Engl.,ACCEPTED,PRESERVED_SPECIMEN,1936-07,1936,PG,,"Palmer River, 2 miles below junction Black River",,,,,L. J. Brass,7320,A,A,barcode-01655807,,,Harvard University Herbaria: All Records,861e6afe-f762-11e1-a439-00145eb45e9a,9ef39693-ff3a-4a36-b323-98e75c445cbf,http://data.huh.harvard.edu/9ef39693-ff3a-4a36-b323-98e75c445cbf/image,,https://s3.amazonaws.com/huhspecimenimages/JPG/01655807.jpg
1999042658,Cyrtosperma macrotum,Cyrtosperma macrotum Becc. ex Engl.,Cyrtosperma macrotum Becc. ex Engl.,ACCEPTED,PRESERVED_SPECIMEN,1938-05-14,1938,,,[data not captured],,,,,[data not captured],4932,A,A,barcode-01655793,,,Harvard University Herbaria: All Records,861e6afe-f762-11e1-a439-00145eb45e9a,a6fa4038-ad88-469c-b316-dfe3f5337644,http://data.huh.harvard.edu/a6fa4038-ad88-469c-b316-dfe3f5337644/image,,https://s3.amazonaws.com/huhspecimenimages/JPG/01655793.jpg
2513716571,Cyrtosperma macrotum,Cyrtosperma macrotum Becc. ex Engl.,Cyrtosperma macrotum Becc. ex Engl.,ACCEPTED,PRESERVED_SPECIMEN,1938-05-14,1938,ID,New Guinea,"Archipel. Ind.: Arve Island (lloluzeeb) P wokam, Disinam alive. *.",,,,,Buwalda P,"Buwalda, P 4932",,Botany,L.1416146,,,,15f819bd-6612-4447-854b-14d12ee1022d,https://data.biodiversitydata.nl/naturalis/specimen/L.1416146,,,https://medialib.naturalis.nl/file/id/L.1416146/format/large
2513717078,Cyrtosperma macrotum,Cyrtosperma macrotum Becc. ex Engl.,Cyrtosperma macrotum Becc. ex Engl.,ACCEPTED,PRESERVED_SPECIMEN,1938-05-14,1938,ID,New Guinea,"Archipel. Ind.: Arve Island (lloluzeeb) P wokam, Disinam alive. *.",,,,,Buwalda P,"Buwalda, P 4932",,Botany,L.1416147,,,,15f819bd-6612-4447-854b-14d12ee1022d,https://data.biodiversitydata.nl/naturalis/specimen/L.1416147,,,https://medialib.naturalis.nl/file/id/L.1416147/format/large
94225396,Cyrtosperma macrotum,Cyrtosperma macrotum Becc. ex Engl.,Cyrtosperma macrotum Becc. ex Engl.,ACCEPTED,OCCURRENCE,1948-06-24,1948,PG,Morobe,Yalu near Lae,-6.666667,147.0,,,Womersley J.S.,,BRI,PNGplants,68295,,,,85312280-f762-11e1-a439-00145eb45e9a,,,COORDINATE_ROUNDED;GEODETIC_DATUM_ASSUMED_WGS84;CONTINENT_DERIVED_FROM_COORDINATES;BASIS_OF_RECORD_INVALID,
1999213447,Cyrtosperma macrotum,Cyrtosperma macrotum Becc. ex Engl.,Cyrtosperma macrotum Becc. ex Engl.,ACCEPTED,PRESERVED_SPECIMEN,1953-07-14/1953-07-24,1953,PG,Milne Bay,"North slopes of Mt. Dayman, Maneau Range",,,,,L. J. Brass,23508,A,A,barcode-01655803,,,Harvard University Herbaria: All Records,861e6afe-f762-11e1-a439-00145eb45e9a,cdb18e0d-90b5-4ba9-b0cf-6a6532e21ecb,http://data.huh.harvard.edu/cdb18e0d-90b5-4ba9-b0cf-6a6532e21ecb/image,,https://s3.amazonaws.com/huhspecimenimages/JPG/01655803.jpg
1999319250,Cyrtosperma macrotum,Cyrtosperma macrotum Becc. ex Engl.,Cyrtosperma macrotum Becc. ex Engl.,ACCEPTED,PRESERVED_SPECIMEN,1953-07-16/1953-07-23,1953,PG,Milne Bay,"North slopes of Mt. Dayman, Maneau Range",,,,,L. J. Brass,23582,A,A,barcode-01655794,,,Harvard University Herbaria: All Records,861e6afe-f762-11e1-a439-00145eb45e9a,e5c55afe-7337-42dc-a2cd-43bfc0c3d380,http://data.huh.harvard.edu/e5c55afe-7337-42dc-a2cd-43bfc0c3d380/image,,https://s3.amazonaws.com/huhspecimenimages/JPG/01655794.jpg
1998378477,Cyrtosperma macrotum,Cyrtosperma macrotum Becc. ex Engl.,Cyrtosperma macrotum Becc. ex Engl.,ACCEPTED,PRESERVED_SPECIMEN,1953-08-21,1953,PG,,"Peria Creek, Kwagira River",,,,,L. J. Brass,24092,A,A,barcode-01655808,,,Harvard University Herbaria: All Records,861e6afe-f762-11e1-a439-00145eb45e9a,11612a33-fcbe-4b7d-86b2-667a3b268a82,http://data.huh.harvard.edu/11612a33-fcbe-4b7d-86b2-667a3b268a82/image,,https://s3.amazonaws.com/huhspecimenimages/JPG/01655808.jpg
1998579552,Cyrtosperma macrotum,Cyrtosperma macrotum Becc. ex Engl.,Cyrtosperma macrotum Becc. ex Engl.,ACCEPTED,PRESERVED_SPECIMEN,1953-08-12,1953,PG,Milne Bay,"Biniguni Camp, Gwariu River",,,,,L. J. Brass,23966,A,A,barcode-01655809,,,Harvard University Herbaria: All Records,861e6afe-f762-11e1-a439-00145eb45e9a,3ea38f1b-2b77-4935-b5cf-eee7c5be67ea,http://data.huh.harvard.edu/3ea38f1b-2b77-4935-b5cf-eee7c5be67ea/image,,https://s3.amazonaws.com/huhspecimenimages/JPG/01655809.jpg
1998361234,Cyrtosperma macrotum,Cyrtosperma macrotum Becc. ex Engl.,Cyrtosperma macrotum Becc. ex Engl.,ACCEPTED,PRESERVED_SPECIMEN,1954-08-22,1954,ID,Papua Selatan,"path from Boepoel to Lake Wam, near Boepoel village",,,,,P. van Royen,4792,A,A,barcode-01655796,,,Harvard University Herbaria: All Records,861e6afe-f762-11e1-a439-00145eb45e9a,0d809d03-c603-4798-a827-5e5c3fbcf7d7,http://data.huh.harvard.edu/0d809d03-c603-4798-a827-5e5c3fbcf7d7/image,,https://s3.amazonaws.com/huhspecimenimages/JPG/01655796.jpg
1999145549,Cyrtosperma macrotum,Cyrtosperma macrotum Becc. ex Engl.,Cyrtosperma macrotum Becc. ex Engl.,ACCEPTED,PRESERVED_SPECIMEN,1956-04-13,1956,PG,,"Normanby Isl., Waikaiuna",,,,,L. J. Brass,25401,A,A,barcode-01655790,,,Harvard University Herbaria: All Records,861e6afe-f762-11e1-a439-00145eb45e9a,be5c3895-88e8-45b2-92cd-43dfca40f8c0,http://data.huh.harvard.edu/be5c3895-88e8-45b2-92cd-43dfca40f8c0/image,,https://s3.amazonaws.com/huhspecimenimages/JPG/01655790.jpg
2513716265,Cyrtosperma macrotum,Cyrtosperma macrotum Becc. ex Engl.,Cyrtosperma macrotum Becc. ex Engl.,ACCEPTED,PRESERVED_SPECIMEN,1956-04-13,1956,PG,New Guinea,"Normanby Isl., waikaiuna.",,,,,Brass LJ; Fifth Archbold Expedition to New Guinea,"Brass, LJ; Fifth Archbold Expedition to New Guinea 25401",,Botany,L.1416155,,,,15f819bd-6612-4447-854b-14d12ee1022d,https://data.biodiversitydata.nl/naturalis/specimen/L.1416155,,,https://medialib.naturalis.nl/file/id/L.1416155/format/large
2592213407,Cyrtosperma macrotum,Cyrtosperma macrotum Becc. ex Engl.,Cyrtosperma macrotum Becc. ex Engl.,ACCEPTED,PRESERVED_SPECIMEN,1956-04-13,1956,PG,Milne Bay,"Papua. New Guinea. Normanby Isl., Waikaiuna.",,,,20.0,L. J. Brass,25401,US,US,US 2408148,,,NMNH Extant Biology,821cc27a-e3bb-4bc5-ac34-89ada245069d,http://n2t.net/ark:/65665/318375262-b6f9-4cdc-b08f-4c1c19080a82,,CONTINENT_COUNTRY_MISMATCH;OCCURRENCE_STATUS_INFERRED_FROM_INDIVIDUAL_COUNT,https://collections.nmnh.si.edu/media/?i=14415924&h=2000
4602020322,Cyrtosperma macrotum,Cyrtosperma macrotum Becc. ex Engl.,Cyrtosperma macrotum Becc. ex Engl.,ACCEPTED,PRESERVED_SPECIMEN,1956-04-13T00:00,1956,PG,,"Normanby Isl., Waikaiuna",,,,20.0,"Brass, L.J.",25401,K,Herbarium,K002555915,,,,cd6e21c8-9e8a-493a-8a76-fbf7862069e5,http://specimens.kew.org/herbarium/K002555915,,CONTINENT_DERIVED_FROM_COUNTRY;INSTITUTION_MATCH_FUZZY;INSTITUTION_COLLECTION_MISMATCH,https://d2jcv3kl45hlgi.cloudfront.net/6552c08144e905c430ca50c32e0b2dc1.jpg;https://d2jcv3kl45hlgi.cloudfront.net/c49625c5b7218ef8557336159d9e0cdd.jpg
1998633935,Cyrtosperma macrotum,Cyrtosperma macrotum Becc. ex Engl.,Cyrtosperma macrotum Becc. ex Engl.,ACCEPTED,PRESERVED_SPECIMEN,1957-02-06,1957,PG,Morobe,Collected at Gabensis,,,,,A. N. Millar,N.G.F. 9285,A,A,barcode-01655806,,,Harvard University Herbaria: All Records,861e6afe-f762-11e1-a439-00145eb45e9a,4ad01b43-79e6-4e7e-9ec5-1d6b4360073d,http://data.huh.harvard.edu/4ad01b43-79e6-4e7e-9ec5-1d6b4360073d/image,,https://s3.amazonaws.com/huhspecimenimages/JPG/01655806.jpg
2513714836,Cyrtosperma macrotum,Cyrtosperma macrotum Becc. ex Engl.,Cyrtosperma macrotum Becc. ex Engl.,ACCEPTED,PRESERVED_SPECIMEN,1957-09-18,1957,ID,New Guinea,Sidai. ± 65 km west of Manokwari Div. West N.Guinea.,,,,,Koster C,"Koster, C BW(Ind.) 4400",,Botany,L.1416144,,,,15f819bd-6612-4447-854b-14d12ee1022d,https://data.biodiversitydata.nl/naturalis/specimen/L.1416144,,,https://medialib.naturalis.nl/file/id/L.1416144/format/large
94225388,Cyrtosperma macrotum,Cyrtosperma macrotum Becc. ex Engl.,Cyrtosperma macrotum Becc. ex Engl.,ACCEPTED,OCCURRENCE,1957-11-06,1957,PG,Morobe,Gabensis,-7.916667,147.083333,,,Millar A.N.,,BRI,PNGplants,68293,,,,85312280-f762-11e1-a439-00145eb45e9a,,,COORDINATE_ROUNDED;GEODETIC_DATUM_ASSUMED_WGS84;CONTINENT_DERIVED_FROM_COORDINATES;BASIS_OF_RECORD_INVALID,
2513716059,Cyrtosperma macrotum,Cyrtosperma macrotum Becc. ex Engl.,Cyrtosperma macrotum Becc. ex Engl.,ACCEPTED,PRESERVED_SPECIMEN,1957-11-06,1957,PG,New Guinea,"Gabensis, Morobe District. T.N.G.",,,,,Millar AN,"Millar, AN NGF 9285",,Botany,L.1416158,,,,15f819bd-6612-4447-854b-14d12ee1022d,https://data.biodiversitydata.nl/naturalis/specimen/L.1416158,,,https://medialib.naturalis.nl/file/id/L.1416158/format/large
4602017383,Cyrtosperma macrotum,Cyrtosperma macrotum Becc. ex Engl.,Cyrtosperma macrotum Becc. ex Engl.,ACCEPTED,PRESERVED_SPECIMEN,1957-11-06T00:00,1957,PG,,"Gabensis, T.N.G.",-6.666667,146.75,,,"Millar, A.N.",NGF 9285,K,Herbarium,K002555923,,,,cd6e21c8-9e8a-493a-8a76-fbf7862069e5,http://specimens.kew.org/herbarium/K002555923,,COORDINATE_ROUNDED;GEODETIC_DATUM_ASSUMED_WGS84;CONTINENT_DERIVED_FROM_COORDINATES;INSTITUTION_MATCH_FUZZY;INSTITUTION_COLLECTION_MISMATCH,https://d2jcv3kl45hlgi.cloudfront.net/5808f8b2516da24ed79b040f4297442a.jpg;https://d2jcv3kl45hlgi.cloudfront.net/95d2c0bda7492a11bc2dda59c38e9a00.jpg
1090257758,Cyrtosperma macrotum,Cyrtosperma macrotum Becc. ex Engl.,Cyrtosperma macrotum Becc. ex Engl.,ACCEPTED,PRESERVED_SPECIMEN,1958-02-28,1958,ID,West Papua Province,"Fakfak, Soengai River",,,,,"Barrau, J.",Collector Number: 598,BPBM,BISH,102144,,A. Kay,Herbarium Pacificum World Specimens,b929f23d-290f-4e85-8f17-764c55b3b284,53e164ce-6908-4218-89cc-6cee7bae37ef,,INSTITUTION_MATCH_FUZZY;COLLECTION_MATCH_FUZZY,
1090338315,Cyrtosperma macrotum,Cyrtosperma macrotum Becc. ex Engl.,Cyrtosperma macrotum Becc. ex Engl.,ACCEPTED,PRESERVED_SPECIMEN,1958-02-28,1958,ID,West Papua Province,"Fakfak, Soengai River",,,,,"Barrau, J.",Collector Number: 598,BPBM,BISH,102145,,A. Kay,Herbarium Pacificum World Specimens,b929f23d-290f-4e85-8f17-764c55b3b284,b825d523-9551-49a1-a654-cc75de41652b,,INSTITUTION_MATCH_FUZZY;COLLECTION_MATCH_FUZZY,
1090340410,Cyrtosperma macrotum,Cyrtosperma macrotum Becc. ex Engl.,Cyrtosperma macrotum Becc. ex Engl.,ACCEPTED,PRESERVED_SPECIMEN,1958-02-28,1958,ID,West Papua Province,"Fakfak, Soengai River",,,,,"Barrau, J.",Collector Number: 598,BPBM,BISH,102143,,A. Kay,Herbarium Pacificum World Specimens,b929f23d-290f-4e85-8f17-764c55b3b284,8ed2a986-353e-4657-b8a5-ced66bd704f7,,INSTITUTION_MATCH_FUZZY;COLLECTION_MATCH_FUZZY,
5956170651,Cyrtosperma macrotum,Cyrtosperma macrotum Becc. ex Engl.,Cyrtosperma macrotum Becc. ex Engl.,ACCEPTED,PRESERVED_SPECIMEN,1958-02-28,1958,ID,West Papua Province,"Fakfak, Soengai River",,,,,"Barrau, J.",598,BISH,,102144,NotAType,"Kay, A.",,cfb43618-1423-4031-b3ff-fbd2c264f48b,102144,https://pacific.symbiota.org/portal/collections/individual/index.php?occid=525396,TAXON_ID_NOT_FOUND;IDENTIFIED_DATE_INVALID;INSTITUTION_MATCH_NONE,https://bishsheet.s3.us-east-1.amazonaws.com/102144.webp
5956228017,Cyrtosperma macrotum,Cyrtosperma macrotum Becc. ex Engl.,Cyrtosperma macrotum Becc. ex Engl.,ACCEPTED,PRESERVED_SPECIMEN,1958-02-28,1958,ID,West Papua Province,"Fakfak, Soengai River",,,,,"Barrau, J.",598,BISH,,102145,NotAType,"Kay, A.",,cfb43618-1423-4031-b3ff-fbd2c264f48b,102145,https://pacific.symbiota.org/portal/collections/individual/index.php?occid=525397,TAXON_ID_NOT_FOUND;IDENTIFIED_DATE_INVALID;INSTITUTION_MATCH_NONE,
5956237591,Cyrtosperma macrotum,Cyrtosperma macrotum Becc. ex Engl.,Cyrtosperma macrotum Becc. ex Engl.,ACCEPTED,PRESERVED_SPECIMEN,1958-02-28,1958,ID,West Papua Province,"Fakfak, Soengai River",,,,,"Barrau, J.",598,BISH,,102143,NotAType,"Kay, A.",,cfb43618-1423-4031-b3ff-fbd2c264f48b,102143,https://pacific.symbiota.org/portal/collections/individual/index.php?occid=525395,TAXON_ID_NOT_FOUND;INSTITUTION_MATCH_NONE,
94225393,Cyrtosperma macrotum,Cyrtosperma macrotum Becc. ex Engl.,Cyrtosperma macrotum Becc. ex Engl.,ACCEPTED,OCCURRENCE,1959-02-05,1959,PG,Morobe,Lae Botanic Gardens,-6.666667,147.0,,,Millar A.N.,,BRI,PNGplants,68294,,,,85312280-f762-11e1-a439-00145eb45e9a,,,COORDINATE_ROUNDED;GEODETIC_DATUM_ASSUMED_WGS84;CONTINENT_DERIVED_FROM_COORDINATES;BASIS_OF_RECORD_INVALID,
94225398,Cyrtosperma macrotum,Cyrtosperma macrotum Becc. ex Engl.,Cyrtosperma macrotum Becc. ex Engl.,ACCEPTED,OCCURRENCE,1960-05-23,1960,PG,Morobe,Busa River NE of Lae At Suspension Bridge,-6.75,147.0,,,Thorne R.F.,,BRI,PNGplants,68296,,,,85312280-f762-11e1-a439-00145eb45e9a,,,GEODETIC_DATUM_ASSUMED_WGS84;CONTINENT_DERIVED_FROM_COORDINATES;BASIS_OF_RECORD_INVALID,
2513716785,Cyrtosperma macrotum,Cyrtosperma macrotum Becc. ex Engl.,Cyrtosperma macrotum Becc. ex Engl.,ACCEPTED,PRESERVED_SPECIMEN,1960-05-23,1960,ZZ,New Guinea,,,,,,Thorne RF; Henty T,"Thorne, RF; Henty, T 27451",,Botany,L.1416148,,,,15f819bd-6612-4447-854b-14d12ee1022d,https://data.biodiversitydata.nl/naturalis/specimen/L.1416148,,,https://medialib.naturalis.nl/file/id/L.1416148/format/large
2592276618,Cyrtosperma macrotum,Cyrtosperma macrotum Becc. ex Engl.,Cyrtosperma macrotum Becc. ex Engl.,ACCEPTED,PRESERVED_SPECIMEN,1960-05-23,1960,PG,,"New Guinea. Araceae County. Near suspension bridge over Busu River, NE of Lae, T.N.G.",,,,,R. Thorne & T. Henty,27451,US,US,US 2909152,,,NMNH Extant Biology,821cc27a-e3bb-4bc5-ac34-89ada245069d,http://n2t.net/ark:/65665/3f6de13ee-7f8b-4dcf-ba83-51e448231da3,,CONTINENT_COUNTRY_MISMATCH;OCCURRENCE_STATUS_INFERRED_FROM_INDIVIDUAL_COUNT,https://collections.nmnh.si.edu/media/?i=14409361&h=2000
2513714018,Cyrtosperma macrotum,Cyrtosperma macrotum Becc. ex Engl.,Cyrtosperma macrotum Becc. ex Engl.,ACCEPTED,PRESERVED_SPECIMEN,1961-02-28,1961,ID,New Guinea,"Masni, 40 km NNW from Manokwari, along river.",,,,,Momot A,"Momot, A BW(Ind.) 6647",,Botany,L.1416143,,,,15f819bd-6612-4447-854b-14d12ee1022d,https://data.biodiversitydata.nl/naturalis/specimen/L.1416143,,,https://medialib.naturalis.nl/file/id/L.1416143/format/large
2513715941,Cyrtosperma macrotum,Cyrtosperma macrotum Becc. ex Engl.,Cyrtosperma macrotum Becc. ex Engl.,ACCEPTED,PRESERVED_SPECIMEN,1961-02-28,1961,ID,New Guinea,"Masni, 40 km NNW from Manokwari, along river.",,,,,Momot A,"Momot, A BW(Ind.) 6647",,Botany,L.1416142,,,,15f819bd-6612-4447-854b-14d12ee1022d,https://data.biodiversitydata.nl/naturalis/specimen/L.1416142,,,https://medialib.naturalis.nl/file/id/L.1416142/format/large
2513715934,Cyrtosperma macrotum,Cyrtosperma macrotum Becc. ex Engl.,Cyrtosperma macrotum Becc. ex Engl.,ACCEPTED,PRESERVED_SPECIMEN,1961-05-03,1961,ZZ,,,,,,,Nicolson DH,"Nicolson, DH 971",,Botany,L.1416112,,,,15f819bd-6612-4447-854b-14d12ee1022d,https://data.biodiversitydata.nl/naturalis/specimen/L.1416112,,,https://medialib.naturalis.nl/file/id/L.1416112/format/large
2592285139,Cyrtosperma macrotum,Cyrtosperma macrotum Becc. ex Engl.,Cyrtosperma macrotum Becc. ex Engl.,ACCEPTED,PRESERVED_SPECIMEN,1961-05-03,1961,ID,Java,West Java. Bogor Botanic Garden. New Guinea.,,,,,D. H. Nicolson,971,US,US,US 2425518,,,NMNH Extant Biology,821cc27a-e3bb-4bc5-ac34-89ada245069d,http://n2t.net/ark:/65665/3af23f389-773c-4218-b685-b74c63033872,,OCCURRENCE_STATUS_INFERRED_FROM_INDIVIDUAL_COUNT,https://collections.nmnh.si.edu/media/?i=14414915&h=2000
2513714599,Cyrtosperma macrotum,Cyrtosperma macrotum Becc. ex Engl.,Cyrtosperma macrotum Becc. ex Engl.,ACCEPTED,PRESERVED_SPECIMEN,1961-09-30,1961,ZZ,,,,,,,Nicolson DH,"Nicolson, DH 1396",,Botany,L.1416113,,,,15f819bd-6612-4447-854b-14d12ee1022d,https://data.biodiversitydata.nl/naturalis/specimen/L.1416113,,,https://medialib.naturalis.nl/file/id/L.1416113/format/large
2592308522,Cyrtosperma macrotum,Cyrtosperma macrotum Becc. ex Engl.,Cyrtosperma macrotum Becc. ex Engl.,ACCEPTED,PRESERVED_SPECIMEN,1961-09-30,1961,PG,Morobe,"Territory of New Guinea. Morobe District, Lae Botanic Gardens.",,,,,D. H. Nicolson,1396,US,US,US 2425784,,,NMNH Extant Biology,821cc27a-e3bb-4bc5-ac34-89ada245069d,http://n2t.net/ark:/65665/3e46ef65c-29ae-4674-a88b-5ae2c44bea45,,CONTINENT_COUNTRY_MISMATCH;OCCURRENCE_STATUS_INFERRED_FROM_INDIVIDUAL_COUNT,https://collections.nmnh.si.edu/media/?i=14415994&h=2000
4602166339,Cyrtosperma macrotum,Cyrtosperma macrotum Becc. ex Engl.,Cyrtosperma macrotum Becc. ex Engl.,ACCEPTED,PRESERVED_SPECIMEN,1961-09-30T00:00,1961,PG,,Lae Botanic Gardens.,,,,15.0,"Nicolson, D.H.",1396,K,Herbarium,K002555922,,,,cd6e21c8-9e8a-493a-8a76-fbf7862069e5,http://specimens.kew.org/herbarium/K002555922,,CONTINENT_DERIVED_FROM_COUNTRY;INSTITUTION_MATCH_FUZZY;INSTITUTION_COLLECTION_MISMATCH,https://d2jcv3kl45hlgi.cloudfront.net/d36173ada7241a2716043ba96e676f67.jpg
2513714745,Cyrtosperma macrotum,Cyrtosperma macrotum Becc. ex Engl.,Cyrtosperma macrotum Becc. ex Engl.,ACCEPTED,PRESERVED_SPECIMEN,1961-10-17,1961,PG,New Guinea,"Territory of New Guinea, Morobe District, Malambe Track up Busu River (10 miles north or Lae).",,,,,Nicolson DH,"Nicolson, DH 1458",,Botany,L.1416109,,,,15f819bd-6612-4447-854b-14d12ee1022d,https://data.biodiversitydata.nl/naturalis/specimen/L.1416109,,,https://medialib.naturalis.nl/file/id/L.1416109/format/large
2513715958,Cyrtosperma macrotum,Cyrtosperma macrotum Becc. ex Engl.,Cyrtosperma macrotum Becc. ex Engl.,ACCEPTED,PRESERVED_SPECIMEN,1961-10-17,1961,PG,New Guinea,"Territory of New Guinea, Morobe District, Malambe Track up Busu River (10 miles north or Lae).",,,,,Nicolson DH,"Nicolson, DH 1457",,Botany,L.1416108,,,,15f819bd-6612-4447-854b-14d12ee1022d,https://data.biodiversitydata.nl/naturalis/specimen/L.1416108,,,https://medialib.naturalis.nl/file/id/L.1416108/format/large
2592293448,Cyrtosperma macrotum,Cyrtosperma macrotum Becc. ex Engl.,Cyrtosperma macrotum Becc. ex Engl.,ACCEPTED,PRESERVED_SPECIMEN,1961-10-17,1961,PG,Morobe,"Territory of New Guinea. Morobe District, Malambe Track up Busu River (10 miles north of Lae).",,,,,D. H. Nicolson,1457,US,US,US 2430633,,,NMNH Extant Biology,821cc27a-e3bb-4bc5-ac34-89ada245069d,http://n2t.net/ark:/65665/3ed269b83-404e-4132-89a6-b40e1ac76323,,CONTINENT_COUNTRY_MISMATCH;OCCURRENCE_STATUS_INFERRED_FROM_INDIVIDUAL_COUNT,https://collections.nmnh.si.edu/media/?i=14397472&h=2000
2592305469,Cyrtosperma macrotum,Cyrtosperma macrotum Becc. ex Engl.,Cyrtosperma macrotum Becc. ex Engl.,ACCEPTED,PRESERVED_SPECIMEN,1961-10-17,1961,PG,Morobe,"Territory of New Guinea. Morobe District, Malambe Track up Busu River (10 miles north of Lae).",,,,,D. H. Nicolson,1458,US,US,US 2430640,,,NMNH Extant Biology,821cc27a-e3bb-4bc5-ac34-89ada245069d,http://n2t.net/ark:/65665/3e0216f96-e0b3-484a-8e0e-4583768ffacc,,CONTINENT_COUNTRY_MISMATCH;OCCURRENCE_STATUS_INFERRED_FROM_INDIVIDUAL_COUNT,https://collections.nmnh.si.edu/media/?i=14409856&h=2000
4602022327,Cyrtosperma macrotum,Cyrtosperma macrotum Becc. ex Engl.,Cyrtosperma macrotum Becc. ex Engl.,ACCEPTED,PRESERVED_SPECIMEN,1961-10-03T00:00,1961,,,,,,,,s.coll.,[26-59],K,Herbarium,K002555983,,,,cd6e21c8-9e8a-493a-8a76-fbf7862069e5,http://specimens.kew.org/herbarium/K002555983,,INSTITUTION_MATCH_FUZZY;INSTITUTION_COLLECTION_MISMATCH,https://d2jcv3kl45hlgi.cloudfront.net/4fb1b16a97ea1bc1b3625ca5906af0ba.jpg
4602165329,Cyrtosperma macrotum,Cyrtosperma macrotum Becc. ex Engl.,Cyrtosperma macrotum Becc. ex Engl.,ACCEPTED,PRESERVED_SPECIMEN,1961-10-17T00:00,1961,PG,,Malambe Track up Busu River (10 miles north of Lae).,,,,100.0,"Nicolson, D.H.",1457,K,Herbarium,K002555920,,,,cd6e21c8-9e8a-493a-8a76-fbf7862069e5,http://specimens.kew.org/herbarium/K002555920,,CONTINENT_DERIVED_FROM_COUNTRY;INSTITUTION_MATCH_FUZZY;INSTITUTION_COLLECTION_MISMATCH,https://d2jcv3kl45hlgi.cloudfront.net/b1d921de24408c51395d0132f04f78ce.jpg
4602166338,Cyrtosperma macrotum,Cyrtosperma macrotum Becc. ex Engl.,Cyrtosperma macrotum Becc. ex Engl.,ACCEPTED,PRESERVED_SPECIMEN,1961-10-17T00:00,1961,PG,,Malambe Track up Busu River (10 miles north of Lae).,,,,100.0,"Nicolson, D.H.",1458,K,Herbarium,K002555919,,,,cd6e21c8-9e8a-493a-8a76-fbf7862069e5,http://specimens.kew.org/herbarium/K002555919,,CONTINENT_DERIVED_FROM_COUNTRY;INSTITUTION_MATCH_FUZZY;INSTITUTION_COLLECTION_MISMATCH,https://d2jcv3kl45hlgi.cloudfront.net/2f9050d3052e9f88f8a4e35cfede254e.jpg
1319288842,Cyrtosperma macrotum,Cyrtosperma macrotum Becc. ex Engl.,Cyrtosperma macrotum Becc. ex Engl.,ACCEPTED,PRESERVED_SPECIMEN,1961-11-20,1961,PG,Western,"Tafelberg Reserve, 2 km n of Manokwari",,,,,D. H. Nicolson,1583,US,US,US 2425961,,,NMNH Extant Biology,821cc27a-e3bb-4bc5-ac34-89ada245069d,http://n2t.net/ark:/65665/35c4eb3eb-0616-415c-b2eb-0205c17d5a8e,,CONTINENT_COUNTRY_MISMATCH;OCCURRENCE_STATUS_INFERRED_FROM_INDIVIDUAL_COUNT,https://collections.nmnh.si.edu/media/?i=10300768&h=2000;https://collections.nmnh.si.edu/media/?i=14391348&h=2000
2513716078,Cyrtosperma macrotum,Cyrtosperma macrotum Becc. ex Engl.,Cyrtosperma macrotum Becc. ex Engl.,ACCEPTED,PRESERVED_SPECIMEN,1961-11-20,1961,ZZ,New Guinea,"West New Guinea. Tafelberg Reserve, 2 km north of Manokwari.",,,,,Nicolson DH,"Nicolson, DH 1583",,Botany,L.1416107,,,,15f819bd-6612-4447-854b-14d12ee1022d,https://data.biodiversitydata.nl/naturalis/specimen/L.1416107,,,https://medialib.naturalis.nl/file/id/L.1416107/format/large
4602023366,Cyrtosperma macrotum,Cyrtosperma macrotum Becc. ex Engl.,Cyrtosperma macrotum Becc. ex Engl.,ACCEPTED,PRESERVED_SPECIMEN,1961-11-20T00:00,1961,ID,,"Tafelberg Reserve, 2 Km north of Manokwari. Damp gully of primary forest",,,,150.0,"Nicolson, D.H.",1583,K,Herbarium,K002555921,,,,cd6e21c8-9e8a-493a-8a76-fbf7862069e5,http://specimens.kew.org/herbarium/K002555921,,INSTITUTION_MATCH_FUZZY;INSTITUTION_COLLECTION_MISMATCH,https://d2jcv3kl45hlgi.cloudfront.net/58acccbbd97f4834a04d7e21196b6720.jpg
1999124431,Cyrtosperma macrotum,Cyrtosperma macrotum Becc. ex Engl.,Cyrtosperma macrotum Becc. ex Engl.,ACCEPTED,PRESERVED_SPECIMEN,1961-12-24,1961,PG,Morobe,near the Butibum River approx. 7 miles N of Lae,,,,,T. G. Hartley,TGH 9624b,A,A,barcode-01655792,,,Harvard University Herbaria: All Records,861e6afe-f762-11e1-a439-00145eb45e9a,b98c903f-c714-4137-b377-3a50d9ae019b,http://data.huh.harvard.edu/b98c903f-c714-4137-b377-3a50d9ae019b/image,,https://s3.amazonaws.com/huhspecimenimages/JPG/01655792.jpg
2513716201,Cyrtosperma macrotum,Cyrtosperma macrotum Becc. ex Engl.,Cyrtosperma macrotum Becc. ex Engl.,ACCEPTED,PRESERVED_SPECIMEN,1967-06-07,1967,PG,New Guinea,"New Guinea, Near Ingembit village, Kiunga sub-dist., Western Dist., Papua.",-5.63333,141.0,,,Ridsdale CE; Henty EE; Galore M,"Ridsdale, CE; Henty, EE; Galore, M NGF 33245",,Botany,L.1416106,,,,15f819bd-6612-4447-854b-14d12ee1022d,https://data.biodiversitydata.nl/naturalis/specimen/L.1416106,,,https://medialib.naturalis.nl/file/id/L.1416106/format/large
94225373,Cyrtosperma macrotum,Cyrtosperma macrotum Becc. ex Engl.,Cyrtosperma macrotum Becc. ex Engl.,ACCEPTED,OCCURRENCE,1967-07-15,1967,PG,Morobe,Wampit,-6.758333,146.675,,240.0,Streimann H.,,BRI,PNGplants,68290,,,,85312280-f762-11e1-a439-00145eb45e9a,,,COORDINATE_ROUNDED;GEODETIC_DATUM_ASSUMED_WGS84;CONTINENT_DERIVED_FROM_COORDINATES;BASIS_OF_RECORD_INVALID,
2513715131,Cyrtosperma macrotum,Cyrtosperma macrotum Becc. ex Engl.,Cyrtosperma macrotum Becc. ex Engl.,ACCEPTED,PRESERVED_SPECIMEN,1967-07-15,1967,PG,New Guinea,"New Guinea, Wampit, Lae subdist., Morobe District.",-6.75,146.66667,,,Streimann H,"Streimann, H NGF 30683",,Botany,L.1416135,,,,15f819bd-6612-4447-854b-14d12ee1022d,https://data.biodiversitydata.nl/naturalis/specimen/L.1416135,,,https://medialib.naturalis.nl/file/id/L.1416135/format/large
2513716857,Cyrtosperma macrotum,Cyrtosperma macrotum Becc. ex Engl.,Cyrtosperma macrotum Becc. ex Engl.,ACCEPTED,PRESERVED_SPECIMEN,1967-07-15,1967,PG,New Guinea,"New Guinea, Wampit, Lae subdist., Morobe District.",-6.75,146.66667,,,Streimann H,"Streimann, H NGF 30683",,Botany,L.1416136,,,,15f819bd-6612-4447-854b-14d12ee1022d,https://data.biodiversitydata.nl/naturalis/specimen/L.1416136,,,https://medialib.naturalis.nl/file/id/L.1416136/format/large
94225379,Cyrtosperma macrotum,Cyrtosperma macrotum Becc. ex Engl.,Cyrtosperma macrotum Becc. ex Engl.,ACCEPTED,OCCURRENCE,1968-03-22,1968,PG,Western,Suki Creek 200 miles Fly River,-8.091667,141.175,,60.0,Millar A.N.,,BRI,PNGplants,68291,,,,85312280-f762-11e1-a439-00145eb45e9a,,,COORDINATE_ROUNDED;GEODETIC_DATUM_ASSUMED_WGS84;CONTINENT_DERIVED_FROM_COORDINATES;BASIS_OF_RECORD_INVALID,
2513717759,Cyrtosperma macrotum,Cyrtosperma macrotum Becc. ex Engl.,Cyrtosperma macrotum Becc. ex Engl.,ACCEPTED,PRESERVED_SPECIMEN,1968-03-22,1968,PG,New Guinea,"Flora of New Guinea. Suki Creek, 200 miles Fly River, Daru Sub-district, Western District. Rain forest river bank.",-8.08333,141.16667,,,Millar AN,"Millar, AN NGF 35345",,Botany,L.1416156,,,,15f819bd-6612-4447-854b-14d12ee1022d,https://data.biodiversitydata.nl/naturalis/specimen/L.1416156,,,https://medialib.naturalis.nl/file/id/L.1416156/format/large
4602015338,Cyrtosperma macrotum,Cyrtosperma macrotum Becc. ex Engl.,Cyrtosperma macrotum Becc. ex Engl.,ACCEPTED,PRESERVED_SPECIMEN,1970-03-31T00:00,1970,PG,,Amanab Sub-district; Bewani mts.; near Kilifas on the river Yenabu; ridge to the south west of the village on the opposite side of the river.,,,,360.0,"Sands, M.J.S.",1255,K,Herbarium,K002555924,,,,cd6e21c8-9e8a-493a-8a76-fbf7862069e5,http://specimens.kew.org/herbarium/K002555924,,CONTINENT_DERIVED_FROM_COUNTRY;INSTITUTION_MATCH_FUZZY;INSTITUTION_COLLECTION_MISMATCH,https://d2jcv3kl45hlgi.cloudfront.net/4883e522f2fa3ffa6b827e6c21cf94ad.jpg
4602021333,Cyrtosperma macrotum,Cyrtosperma macrotum Becc. ex Engl.,Cyrtosperma macrotum Becc. ex Engl.,ACCEPTED,PRESERVED_SPECIMEN,1970-03-31T00:00,1970,PG,,Amanab Sub-district; Bewani mts; near Kilifas on the river Yenabu; ridge to the south west of the village on the opposite side of the river;,,,,360.0,"Sands, M.J.S.",1255,K,Herbarium,K002555925,,,,cd6e21c8-9e8a-493a-8a76-fbf7862069e5,http://specimens.kew.org/herbarium/K002555925,,CONTINENT_DERIVED_FROM_COUNTRY;INSTITUTION_MATCH_FUZZY;INSTITUTION_COLLECTION_MISMATCH,https://d2jcv3kl45hlgi.cloudfront.net/32923584ff40f359a94383cbb17122b1.jpg
2513715555,Cyrtosperma macrotum,Cyrtosperma macrotum Becc. ex Engl.,Cyrtosperma macrotum Becc. ex Engl.,ACCEPTED,PRESERVED_SPECIMEN,1971-08-09,1971,PG,New Guinea,"Flora of Papua. Kiunga, Kiunga subdist. Western District.",-6.16667,141.33333,,,Streimann H; Katik P,"Streimann, H; Katik, P LAE 51788",,Botany,L.1416157,,,,15f819bd-6612-4447-854b-14d12ee1022d,https://data.biodiversitydata.nl/naturalis/specimen/L.1416157,,,https://medialib.naturalis.nl/file/id/L.1416157/format/large
2513716124,Cyrtosperma macrotum,Cyrtosperma macrotum Becc. ex Engl.,Cyrtosperma macrotum Becc. ex Engl.,ACCEPTED,PRESERVED_SPECIMEN,1971-10-22,1971,PG,New Guinea,"Salamo, Fergusson Island. Esa'ala Sub-District, Milne Bay Dist.",-9.66667,150.78333,,,Streimann H; Lelean Y,"Streimann, H; Lelean, Y LAE 52573",,Botany,L.1416138,,,,15f819bd-6612-4447-854b-14d12ee1022d,https://data.biodiversitydata.nl/naturalis/specimen/L.1416138,,,https://medialib.naturalis.nl/file/id/L.1416138/format/large
1998782544,Cyrtosperma macrotum,Cyrtosperma macrotum Becc. ex Engl.,Cyrtosperma macrotum Becc. ex Engl.,ACCEPTED,PRESERVED_SPECIMEN,1971,1971,PG,Western,Kiunga,-6.166667,141.333333,,,H. Streimann & P. Katik,LAE 51780,A,A,barcode-01655795,,,Harvard University Herbaria: All Records,861e6afe-f762-11e1-a439-00145eb45e9a,6c632258-2ffc-4e2f-ac85-545de9fdde5c,http://data.huh.harvard.edu/6c632258-2ffc-4e2f-ac85-545de9fdde5c/image,COORDINATE_ROUNDED;GEODETIC_DATUM_INVALID;GEODETIC_DATUM_ASSUMED_WGS84,https://s3.amazonaws.com/huhspecimenimages/JPG/01655795.jpg
1999316661,Cyrtosperma macrotum,Cyrtosperma macrotum Becc. ex Engl.,Cyrtosperma macrotum Becc. ex Engl.,ACCEPTED,PRESERVED_SPECIMEN,1972-10-31,1972,PG,Milne Bay,Along track S. of Mwatawa village,,,,,D. G. Frodin,UPNG. 2105,A,A,barcode-01655797,,,Harvard University Herbaria: All Records,861e6afe-f762-11e1-a439-00145eb45e9a,e50df2db-7083-4b5c-bc41-105efb95db2d,http://data.huh.harvard.edu/e50df2db-7083-4b5c-bc41-105efb95db2d/image,,https://s3.amazonaws.com/huhspecimenimages/JPG/01655797.jpg
5132694340,Cyrtosperma macrotum,Cyrtosperma macrotum Becc. ex Engl.,Cyrtosperma macrotum Becc. ex Engl.,ACCEPTED,PRESERVED_SPECIMEN,1981-01-01T00:00,1981,PG,,"Gogol, Alistair Hay.",,,,,"Chase, M.W.",11771,K,Herbarium,K002555933,,,,cd6e21c8-9e8a-493a-8a76-fbf7862069e5,http://specimens.kew.org/herbarium/K002555933,,CONTINENT_DERIVED_FROM_COUNTRY;INSTITUTION_MATCH_FUZZY;INSTITUTION_COLLECTION_MISMATCH,https://d2jcv3kl45hlgi.cloudfront.net/23873bcb01317034dfa7e3ba988ca69e.jpg
5132696402,Cyrtosperma macrotum,Cyrtosperma macrotum Becc. ex Engl.,Cyrtosperma macrotum Becc. ex Engl.,ACCEPTED,PRESERVED_SPECIMEN,1981-01-01T00:00,1981,PG,,Papua (Tani-S. Highlands-mt. Ambua) ; Gogol ; Range: Trop. Asia,,,,,Hay,s.n.,K,Herbarium,K002555985,,,,cd6e21c8-9e8a-493a-8a76-fbf7862069e5,http://specimens.kew.org/herbarium/K002555985,,CONTINENT_DERIVED_FROM_COUNTRY;INSTITUTION_MATCH_FUZZY;INSTITUTION_COLLECTION_MISMATCH,https://d2jcv3kl45hlgi.cloudfront.net/0b985aa65293e729dccf27ac4b673602.jpg
5132701396,Cyrtosperma macrotum,Cyrtosperma macrotum Becc. ex Engl.,Cyrtosperma macrotum Becc. ex Engl.,ACCEPTED,PRESERVED_SPECIMEN,1981-01-01T00:00,1981,PG,,Papua (Tani-S. Highlands-Mt. Ambua) ; Gogol ; Range: Trop. Asia,,,,,Hay,s.n.,K,Herbarium,K002555986,,,,cd6e21c8-9e8a-493a-8a76-fbf7862069e5,http://specimens.kew.org/herbarium/K002555986,,CONTINENT_DERIVED_FROM_COUNTRY;INSTITUTION_MATCH_FUZZY;INSTITUTION_COLLECTION_MISMATCH,https://d2jcv3kl45hlgi.cloudfront.net/ba358f922755533c2389a746d4a875b8.jpg
1998788565,Cyrtosperma macrotum,Cyrtosperma macrotum Becc. ex Engl.,Cyrtosperma macrotum Becc. ex Engl.,ACCEPTED,PRESERVED_SPECIMEN,1982-01-15,1982,PG,Morobe,"Aluki Village area, 12 km east from Lae along the coast",-6.7,147.166667,,,S. H. Rogstad,783,A,A,barcode-01655783,,,Harvard University Herbaria: All Records,861e6afe-f762-11e1-a439-00145eb45e9a,6dd44b12-96eb-49a2-9d9c-d02ea3f93e47,http://data.huh.harvard.edu/6dd44b12-96eb-49a2-9d9c-d02ea3f93e47/image,COORDINATE_ROUNDED;GEODETIC_DATUM_INVALID;GEODETIC_DATUM_ASSUMED_WGS84,https://s3.amazonaws.com/huhspecimenimages/JPG/01655783.jpg
2513716206,Cyrtosperma macrotum,Cyrtosperma macrotum Becc. ex Engl.,Cyrtosperma macrotum Becc. ex Engl.,ACCEPTED,PRESERVED_SPECIMEN,1990-08-03,1990,PG,New Guinea,"Wild collection: 10 km inland from main Madang highway, near Biteta (or Baiteta), Madang Province.",-5.0,145.75,,,Fensom G,"Fensom, G 23",,Botany,L.1416110,,Herscovitch JC,,15f819bd-6612-4447-854b-14d12ee1022d,https://data.biodiversitydata.nl/naturalis/specimen/L.1416110,,,https://medialib.naturalis.nl/file/id/L.1416110/format/large
2513717330,Cyrtosperma macrotum,Cyrtosperma macrotum Becc. ex Engl.,Cyrtosperma macrotum Becc. ex Engl.,ACCEPTED,PRESERVED_SPECIMEN,1990-08-03,1990,PG,New Guinea,"Wild collection: 10 km inland from main Madang highway, near Biteta (or Baiteta), Madang Province.",-5.0,145.75,,,Fensom G,"Fensom, G 23",,Botany,L.1416111,,,,15f819bd-6612-4447-854b-14d12ee1022d,https://data.biodiversitydata.nl/naturalis/specimen/L.1416111,,,https://medialib.naturalis.nl/file/id/L.1416111/format/large
94226500,Cyrtosperma macrotum,Cyrtosperma macrotum Becc. ex Engl.,Cyrtosperma macrotum Becc. ex Engl.,ACCEPTED,OCCURRENCE,1990-10-04,1990,PG,,"About 26 km north of Kiunga, Tabulul Road.",-5.95,141.383333,,,Jacobs S.W.L.,,NSW,PNGplants,NSW284484,,,,85312280-f762-11e1-a439-00145eb45e9a,,,COORDINATE_ROUNDED;GEODETIC_DATUM_ASSUMED_WGS84;CONTINENT_DERIVED_FROM_COORDINATES;BASIS_OF_RECORD_INVALID,
94226510,Cyrtosperma macrotum,Cyrtosperma macrotum Becc. ex Engl.,Cyrtosperma macrotum Becc. ex Engl.,ACCEPTED,OCCURRENCE,1990-10-04,1990,PG,,"Tabubil road, 26 km N of Kiunga.",-5.95,141.383333,,,Jacobs S.W.L.,,NSW,PNGplants,NSW430973,,,,85312280-f762-11e1-a439-00145eb45e9a,,,COORDINATE_ROUNDED;GEODETIC_DATUM_ASSUMED_WGS84;CONTINENT_DERIVED_FROM_COORDINATES;BASIS_OF_RECORD_INVALID,
2513716263,Cyrtosperma macrotum,Cyrtosperma macrotum Becc. ex Engl.,Cyrtosperma macrotum Becc. ex Engl.,ACCEPTED,PRESERVED_SPECIMEN,1990-10-04,1990,PG,New Guinea,"Tabubil road, 26 km N of Kiunga.",-5.95,141.38333,,,Jacobs SWL; Conn BJ,"Jacobs, SWL; Conn, BJ 5988",,Botany,L.1416139,,,,15f819bd-6612-4447-854b-14d12ee1022d,https://data.biodiversitydata.nl/naturalis/specimen/L.1416139,,,https://medialib.naturalis.nl/file/id/L.1416139/format/large
36323528,Cyrtosperma macrotum,Cyrtosperma macrotum Becc. ex Engl.,Cyrtosperma macrotum Becc. ex Engl.,ACCEPTED,PRESERVED_SPECIMEN,1991-07-26,1991,PG,Morobe Province,Logging road near Markham village; along the margin of Labu Swamp,,,,,"Takeuchi, W.N.",Collector Number: 7207,BPBM,BISH,1002231,,,Herbarium Pacificum World Specimens,b929f23d-290f-4e85-8f17-764c55b3b284,f867daa9-a1cc-4cc5-82b8-9c829f5c9d95,,CONTINENT_DERIVED_FROM_COUNTRY;INSTITUTION_MATCH_FUZZY;COLLECTION_MATCH_FUZZY,
4060888028,Cyrtosperma macrotum,Cyrtosperma macrotum Becc. ex Engl.,Cyrtosperma macrotum Becc. ex Engl.,ACCEPTED,PRESERVED_SPECIMEN,1991-07-26,1991,PG,Morobe,Morobe province; logging road near Markham village; along the margin of Labu Swamp.,,,,50.0,Wayne N. Takeuchi,7207,,Tropicos,973337,,,Tropicos,e053ff53-c156-4e2e-b9b5-4462e9625424,urn:catalog:MO:Tropicos:973337,,CONTINENT_COUNTRY_MISMATCH;TAXON_ID_NOT_FOUND;INSTITUTION_MATCH_NONE,
5956688674,Cyrtosperma macrotum,Cyrtosperma macrotum Becc. ex Engl.,Cyrtosperma macrotum Becc. ex Engl.,ACCEPTED,PRESERVED_SPECIMEN,1991-07-26,1991,PG,Morobe Province,Logging road near Markham village; along the margin of Labu Swamp,,,,75.0,"Takeuchi, W.N.",7207,BISH,,1002231,NotAType,,,cfb43618-1423-4031-b3ff-fbd2c264f48b,1002231,https://pacific.symbiota.org/portal/collections/individual/index.php?occid=1681619,CONTINENT_DERIVED_FROM_COUNTRY;TAXON_ID_NOT_FOUND;INSTITUTION_MATCH_NONE,
1998392479,Cyrtosperma macrotum,Cyrtosperma macrotum Becc. ex Engl.,Cyrtosperma macrotum Becc. ex Engl.,ACCEPTED,PRESERVED_SPECIMEN,1991-08-05,1991,PG,Southern Highlands,"Kutubu patrol area, alluvial flats near Ubogo village",,,,,W. N. Takeuchi,7376A,A,A,barcode-01655789,,,Harvard University Herbaria: All Records,861e6afe-f762-11e1-a439-00145eb45e9a,148d7410-dd65-4dbd-8b7a-7e17655f6345,http://data.huh.harvard.edu/148d7410-dd65-4dbd-8b7a-7e17655f6345/image,,https://s3.amazonaws.com/huhspecimenimages/JPG/01655788.jpg;https://s3.amazonaws.com/huhspecimenimages/JPG/01655789.jpg
1998814902,Cyrtosperma macrotum,Cyrtosperma macrotum Becc. ex Engl.,Cyrtosperma macrotum Becc. ex Engl.,ACCEPTED,PRESERVED_SPECIMEN,1991-08-05,1991,PG,Southern Highlands,"Kutubu patrol area, alluvial flats near Ubogo village",,,,,W. N. Takeuchi,7376A,A,A,barcode-01655788,,,Harvard University Herbaria: All Records,861e6afe-f762-11e1-a439-00145eb45e9a,73ba66b9-b6e7-4e26-9af3-f8aa51624d3d,http://data.huh.harvard.edu/73ba66b9-b6e7-4e26-9af3-f8aa51624d3d/image,,https://s3.amazonaws.com/huhspecimenimages/JPG/01655788.jpg;https://s3.amazonaws.com/huhspecimenimages/JPG/01655789.jpg
1090223382,Cyrtosperma macrotum,Cyrtosperma macrotum Becc. ex Engl.,Cyrtosperma macrotum Becc. ex Engl.,ACCEPTED,PRESERVED_SPECIMEN,1993-01-26,1993,PG,Morobe Province,"N of the Busu River on Kumbok Mt., between Gwabadik and Gawam",-6.55,146.983,,,"Takeuchi, W.N.",Collector Number: 8716,BPBM,BISH,791695,,W.N.Takeuchi,Herbarium Pacificum World Specimens,b929f23d-290f-4e85-8f17-764c55b3b284,9ab9b01c-c244-49f9-9088-44634f4e38d8,,GEODETIC_DATUM_ASSUMED_WGS84;CONTINENT_DERIVED_FROM_COORDINATES;PRESUMED_NEGATED_LONGITUDE;INSTITUTION_MATCH_FUZZY;COLLECTION_MATCH_FUZZY,
1090227313,Cyrtosperma macrotum,Cyrtosperma macrotum Becc. ex Engl.,Cyrtosperma macrotum Becc. ex Engl.,ACCEPTED,PRESERVED_SPECIMEN,1993-01-26,1993,PG,Morobe Province,"N of the Busu River on Kumbok Mt., between Gwabadik and Gawam",-6.55,146.983,,,"Takeuchi, W.N.",Collector Number: 8717,BPBM,BISH,731694,,W.N.Takeuchi,Herbarium Pacificum World Specimens,b929f23d-290f-4e85-8f17-764c55b3b284,07d0b59c-bc17-4a2f-bf68-491b1b757f50,,GEODETIC_DATUM_ASSUMED_WGS84;CONTINENT_DERIVED_FROM_COORDINATES;PRESUMED_NEGATED_LONGITUDE;INSTITUTION_MATCH_FUZZY;COLLECTION_MATCH_FUZZY,
1998522409,Cyrtosperma macrotum,Cyrtosperma macrotum Becc. ex Engl.,Cyrtosperma macrotum Becc. ex Engl.,ACCEPTED,PRESERVED_SPECIMEN,1993-01-26,1993,PG,Morobe,"N of the Busu River on Kumbok Mt., between Gwabadik and Gawam",-6.55,146.983333,,,W. N. Takeuchi,8716,A,A,barcode-01655784,,,Harvard University Herbaria: All Records,861e6afe-f762-11e1-a439-00145eb45e9a,31d33503-859a-4483-b163-da7609906df4,http://data.huh.harvard.edu/31d33503-859a-4483-b163-da7609906df4/image,COORDINATE_ROUNDED;GEODETIC_DATUM_INVALID;GEODETIC_DATUM_ASSUMED_WGS84,https://s3.amazonaws.com/huhspecimenimages/JPG/01655784.jpg
1998999231,Cyrtosperma macrotum,Cyrtosperma macrotum Becc. ex Engl.,Cyrtosperma macrotum Becc. ex Engl.,ACCEPTED,PRESERVED_SPECIMEN,1993-01-26,1993,PG,Morobe,N of the Busu River on Kumbok Mt. between Gwabadik and Gawam,-6.55,146.983333,,,W. N. Takeuchi,8717,A,A,barcode-01655787,,,Harvard University Herbaria: All Records,861e6afe-f762-11e1-a439-00145eb45e9a,9d2d0378-75db-4f27-a74f-0a8f53918252,http://data.huh.harvard.edu/9d2d0378-75db-4f27-a74f-0a8f53918252/image,COORDINATE_ROUNDED;GEODETIC_DATUM_INVALID;GEODETIC_DATUM_ASSUMED_WGS84,https://s3.amazonaws.com/huhspecimenimages/JPG/01655787.jpg
2513715908,Cyrtosperma macrotum,Cyrtosperma macrotum Becc. ex Engl.,Cyrtosperma macrotum Becc. ex Engl.,ACCEPTED,PRESERVED_SPECIMEN,1993-01-26,1993,PG,New Guinea,"N. of the Busu River, at Kumbok.",-6.55,146.98333,,,Takeuchi WN,"Takeuchi, WN 8718",,Botany,L.1416125,,,,15f819bd-6612-4447-854b-14d12ee1022d,https://data.biodiversitydata.nl/naturalis/specimen/L.1416125,,,https://medialib.naturalis.nl/file/id/L.1416125/format/large
2513718767,Cyrtosperma macrotum,Cyrtosperma macrotum Becc. ex Engl.,Cyrtosperma macrotum Becc. ex Engl.,ACCEPTED,PRESERVED_SPECIMEN,1993-01-26,1993,PG,New Guinea,"N. of the Busu River, at Kumbok.",-6.55,146.98333,,,Takeuchi WN,"Takeuchi, WN 8718",,Botany,L.1416124,,Takeuchi WN,,15f819bd-6612-4447-854b-14d12ee1022d,https://data.biodiversitydata.nl/naturalis/specimen/L.1416124,,,https://medialib.naturalis.nl/file/id/L.1416124/format/large
5956272676,Cyrtosperma macrotum,Cyrtosperma macrotum Becc. ex Engl.,Cyrtosperma macrotum Becc. ex Engl.,ACCEPTED,PRESERVED_SPECIMEN,1993-01-26,1993,PG,Morobe Province,"N of the Busu River on Kumbok Mt., between Gwabadik and Gawam",,,,325.0,"Takeuchi, W.N.",8717,BISH,,731694,NotAType,"Takeuchi, W.N.",,cfb43618-1423-4031-b3ff-fbd2c264f48b,731694,https://pacific.symbiota.org/portal/collections/individual/index.php?occid=1613045,CONTINENT_DERIVED_FROM_COUNTRY;TAXON_ID_NOT_FOUND;IDENTIFIED_DATE_INVALID;INSTITUTION_MATCH_NONE,
5956335065,Cyrtosperma macrotum,Cyrtosperma macrotum Becc. ex Engl.,Cyrtosperma macrotum Becc. ex Engl.,ACCEPTED,PRESERVED_SPECIMEN,1993-01-26,1993,PG,Morobe Province,"N of the Busu River on Kumbok Mt., between Gwabadik and Gawam",,,,325.0,"Takeuchi, W.N.",8716,BISH,,731695,NotAType,"Takeuchi, W.N.",,cfb43618-1423-4031-b3ff-fbd2c264f48b,731695,https://pacific.symbiota.org/portal/collections/individual/index.php?occid=1613046,CONTINENT_DERIVED_FROM_COUNTRY;TAXON_ID_NOT_FOUND;IDENTIFIED_DATE_INVALID;INSTITUTION_MATCH_NONE,
1998885228,Cyrtosperma macrotum,Cyrtosperma macrotum Becc. ex Engl.,Cyrtosperma macrotum Becc. ex Engl.,ACCEPTED,PRESERVED_SPECIMEN,1993-09-05,1993,PG,Southern Highlands,"Kutubu patrol area; Ubogo, limestone ridge S of the village, toward the Hegigio River",-6.55,143.2,,,W. N. Takeuchi,9110,A,A,barcode-01655785,,,Harvard University Herbaria: All Records,861e6afe-f762-11e1-a439-00145eb45e9a,837f14d6-bcd9-43e9-b848-49548c003a82,http://data.huh.harvard.edu/837f14d6-bcd9-43e9-b848-49548c003a82/image,GEODETIC_DATUM_INVALID;GEODETIC_DATUM_ASSUMED_WGS84,https://s3.amazonaws.com/huhspecimenimages/JPG/01655785.jpg;https://s3.amazonaws.com/huhspecimenimages/JPG/01655786.jpg
1999082723,Cyrtosperma macrotum,Cyrtosperma macrotum Becc. ex Engl.,Cyrtosperma macrotum Becc. ex Engl.,ACCEPTED,PRESERVED_SPECIMEN,1993-09-05,1993,PG,Southern Highlands,"Kutubu patrol area; Ubogo, limestone ridge S of the village, toward the Hegigio River",-6.55,143.2,,,W. N. Takeuchi,9110,A,A,barcode-01655786,,,Harvard University Herbaria: All Records,861e6afe-f762-11e1-a439-00145eb45e9a,b029d690-809c-48db-b585-93e7993d9893,http://data.huh.harvard.edu/b029d690-809c-48db-b585-93e7993d9893/image,GEODETIC_DATUM_INVALID;GEODETIC_DATUM_ASSUMED_WGS84,https://s3.amazonaws.com/huhspecimenimages/JPG/01655785.jpg;https://s3.amazonaws.com/huhspecimenimages/JPG/01655786.jpg
1998547295,Cyrtosperma macrotum,Cyrtosperma macrotum Becc. ex Engl.,Cyrtosperma macrotum Becc. ex Engl.,ACCEPTED,PRESERVED_SPECIMEN,1994-04-14,1994,ID,Irian Jaya Barat,"Kabupaten Manokwari; Kecamatan Manokwari. Arfak Plains; Wariori flood plain, inland from Masni coastal logging camp",,,,,M. J. S. Sands J. P. Mogea,6178,A,A,barcode-01655802,,,Harvard University Herbaria: All Records,861e6afe-f762-11e1-a439-00145eb45e9a,3751fe1d-576e-4f66-be1a-3758e396a8c7,http://data.huh.harvard.edu/3751fe1d-576e-4f66-be1a-3758e396a8c7/image,,https://s3.amazonaws.com/huhspecimenimages/JPG/01655802.jpg
2513715153,Cyrtosperma macrotum,Cyrtosperma macrotum Becc. ex Engl.,Cyrtosperma macrotum Becc. ex Engl.,ACCEPTED,PRESERVED_SPECIMEN,1994-04-14,1994,ID,New Guinea,"Kabupaten Manokwari; Kecematan Manokwari. Arfak Plains; Wariori flood plain, inland from Masni coastal logging camp.",-0.75,133.66667,,,Sands MJS; Mogea JP,"Sands, MJS; Mogea, JP 6178",,Botany,L.1416126,,Boyce PC,,15f819bd-6612-4447-854b-14d12ee1022d,https://data.biodiversitydata.nl/naturalis/specimen/L.1416126,,CONTINENT_COORDINATE_MISMATCH,https://medialib.naturalis.nl/file/id/L.1416126/format/large
2513715742,Cyrtosperma macrotum,Cyrtosperma macrotum Becc. ex Engl.,Cyrtosperma macrotum Becc. ex Engl.,ACCEPTED,PRESERVED_SPECIMEN,1994-04-14,1994,ID,New Guinea,"Kabupaten Manokwari; Kecematan Manokwari. Arfak Plains; Wariori flood plain, inland from Masni coastal logging camp.",-0.75,133.66667,,,Sands MJS; Mogea JP,"Sands, MJS; Mogea, JP 6178",,Botany,L.1416128,,,,15f819bd-6612-4447-854b-14d12ee1022d,https://data.biodiversitydata.nl/naturalis/specimen/L.1416128,,CONTINENT_COORDINATE_MISMATCH,https://medialib.naturalis.nl/file/id/L.1416128/format/large
2513716461,Cyrtosperma macrotum,Cyrtosperma macrotum Becc. ex Engl.,Cyrtosperma macrotum Becc. ex Engl.,ACCEPTED,PRESERVED_SPECIMEN,1994-04-22,1994,ID,New Guinea,Kabupaten Manokwari; Kecamatan Manokwari. Arfak Plains; close to road from SP7 to the Sungai Wariori crossing.,-0.78333,133.06667,,,Sands MJS; Johns RJ; et al.,"Sands, MJS; Johns, RJ; et al. 6287",,Botany,L.1416151,,Boyce PC,,15f819bd-6612-4447-854b-14d12ee1022d,https://data.biodiversitydata.nl/naturalis/specimen/L.1416151,,CONTINENT_COORDINATE_MISMATCH,https://medialib.naturalis.nl/file/id/L.1416151/format/large
2513716614,Cyrtosperma macrotum,Cyrtosperma macrotum Becc. ex Engl.,Cyrtosperma macrotum Becc. ex Engl.,ACCEPTED,PRESERVED_SPECIMEN,1994-04-22,1994,ID,New Guinea,Kabupaten Manokwari; Kecamatan Manokwari. Arfak Plains; close to road from SP7 to the Sungai Wariori crossing.,-0.78333,133.06667,,,Sands MJS; Johns RJ; et al.,"Sands, MJS; Johns, RJ; et al. 6287",,Botany,L.1416152,,,,15f819bd-6612-4447-854b-14d12ee1022d,https://data.biodiversitydata.nl/naturalis/specimen/L.1416152,,CONTINENT_COORDINATE_MISMATCH,https://medialib.naturalis.nl/file/id/L.1416152/format/large
2513717038,Cyrtosperma macrotum,Cyrtosperma macrotum Becc. ex Engl.,Cyrtosperma macrotum Becc. ex Engl.,ACCEPTED,PRESERVED_SPECIMEN,1994-04-22,1994,ID,New Guinea,Kabupaten Manokwari; Kecamatan Manokwari. Arfak Plains; close to road from SP7 to the Sungai Wariori crossing.,-0.78333,133.06667,,,Sands MJS; Johns RJ; et al.,"Sands, MJS; Johns, RJ; et al. 6287",,Botany,L.1416153,,,,15f819bd-6612-4447-854b-14d12ee1022d,https://data.biodiversitydata.nl/naturalis/specimen/L.1416153,,CONTINENT_COORDINATE_MISMATCH,https://medialib.naturalis.nl/file/id/L.1416153/format/large
2513718364,Cyrtosperma macrotum,Cyrtosperma macrotum Becc. ex Engl.,Cyrtosperma macrotum Becc. ex Engl.,ACCEPTED,PRESERVED_SPECIMEN,1994-04-14,1994,ID,New Guinea,"Kabupaten Manokwari; Kecematan Manokwari. Arfak Plains; Wariori flood plain, inland from Masni coastal logging camp.",-0.75,133.66667,,,Sands MJS; Mogea JP,"Sands, MJS; Mogea, JP 6178",,Botany,L.1416127,,,,15f819bd-6612-4447-854b-14d12ee1022d,https://data.biodiversitydata.nl/naturalis/specimen/L.1416127,,CONTINENT_COORDINATE_MISMATCH,https://medialib.naturalis.nl/file/id/L.1416127/format/large
4602023367,Cyrtosperma macrotum,Cyrtosperma macrotum Becc. ex Engl.,Cyrtosperma macrotum Becc. ex Engl.,ACCEPTED,PRESERVED_SPECIMEN,1994-04-22T00:00,1994,ID,,"North East Kepala Burung,; Kabupaten Manokwari; Kecamatan Manokwari. Arfak Plains; close to road from Sp 7 to the Sungai Wariori crossing.",-0.783333,133.666667,,10.0,"Sands, M.J.S.; Johns, R.J.; Mogea, J.P.; Moeljono, S.; Warpur, M.",6287,K,Herbarium,K002555936,,,,cd6e21c8-9e8a-493a-8a76-fbf7862069e5,http://specimens.kew.org/herbarium/K002555936,,COORDINATE_ROUNDED;GEODETIC_DATUM_ASSUMED_WGS84;CONTINENT_DERIVED_FROM_COORDINATES;INSTITUTION_MATCH_FUZZY;INSTITUTION_COLLECTION_MISMATCH,https://d2jcv3kl45hlgi.cloudfront.net/abd7aae82e9e12f9d4730c2e80531a0a.jpg
4602166340,Cyrtosperma macrotum,Cyrtosperma macrotum Becc. ex Engl.,Cyrtosperma macrotum Becc. ex Engl.,ACCEPTED,PRESERVED_SPECIMEN,1994-04-22T00:00,1994,ID,,"North East Kepala Burung,; Kabupaten Manokwari; Kecamatan Manokwari. Arfak plains; close to road from SP 7 to the Sungai Wariori crossing.",-0.783333,133.666667,,10.0,"Sands, M.J.S.; Johns, R.J.; Mogea, J.P.; Moeljono, S.; Warpur, M.",6287,K,Herbarium,K002555937,,,,cd6e21c8-9e8a-493a-8a76-fbf7862069e5,http://specimens.kew.org/herbarium/K002555937,,COORDINATE_ROUNDED;GEODETIC_DATUM_ASSUMED_WGS84;CONTINENT_DERIVED_FROM_COORDINATES;INSTITUTION_MATCH_FUZZY;INSTITUTION_COLLECTION_MISMATCH,https://d2jcv3kl45hlgi.cloudfront.net/9b31792c47dd1d28a0cb75f7e9acd38b.jpg
4602165330,Cyrtosperma macrotum,Cyrtosperma macrotum Becc. ex Engl.,Cyrtosperma macrotum Becc. ex Engl.,ACCEPTED,PRESERVED_SPECIMEN,1994-05-13T00:00,1994,ID,,"North East Kepala Burung,; Kabupaten Manokwari; Kecamatan Kebar. Bukit Bamsam, between Sungai Apni and Kampong Anjai II.",-0.8,133.066667,,700.0,"Sands, M.J.S.; Johns, R.J.; Moeljono, S.; Jitmau, M.; Magablo, Y.",6592,K,Herbarium,K002555935,,,,cd6e21c8-9e8a-493a-8a76-fbf7862069e5,http://specimens.kew.org/herbarium/K002555935,,COORDINATE_ROUNDED;GEODETIC_DATUM_ASSUMED_WGS84;CONTINENT_DERIVED_FROM_COORDINATES;INSTITUTION_MATCH_FUZZY;INSTITUTION_COLLECTION_MISMATCH,https://d2jcv3kl45hlgi.cloudfront.net/89cb90fd5da46f695eb1ad0788a58c0e.jpg
2513717137,Cyrtosperma macrotum,Cyrtosperma macrotum Becc. ex Engl.,Cyrtosperma macrotum Becc. ex Engl.,ACCEPTED,PRESERVED_SPECIMEN,1995-04-15,1995,ID,New Guinea,"Arfak Mountains, Mupi Valley ssytem. On the trail from Mupi to Humeibou. Near Base Camp 1 (by Sungai Mupi at 550 m).",-0.08611,134.03333,,,Mahyar UW; Thomas A; Sands MJS; Davis AP,"Mahyar, UW; Thomas, A; Sands, MJS; Davis, AP 416",,Botany,L.1416140,,Boyce PC,,15f819bd-6612-4447-854b-14d12ee1022d,https://data.biodiversitydata.nl/naturalis/specimen/L.1416140,,CONTINENT_COORDINATE_MISMATCH,https://medialib.naturalis.nl/file/id/L.1416140/format/large
2513718415,Cyrtosperma macrotum,Cyrtosperma macrotum Becc. ex Engl.,Cyrtosperma macrotum Becc. ex Engl.,ACCEPTED,PRESERVED_SPECIMEN,1995-04-15,1995,ID,New Guinea,"Arfak Mountains, Mupi Valley ssytem. On the trail from Mupi to Humeibou. Near Base Camp 1 (by Sungai Mupi at 550 m).",-0.08611,134.03333,,,Mahyar UW; Thomas A; Sands MJS; Davis AP,"Mahyar, UW; Thomas, A; Sands, MJS; Davis, AP 416",,Botany,L.1416141,,,,15f819bd-6612-4447-854b-14d12ee1022d,https://data.biodiversitydata.nl/naturalis/specimen/L.1416141,,CONTINENT_COORDINATE_MISMATCH,https://medialib.naturalis.nl/file/id/L.1416141/format/large
4602016375,Cyrtosperma macrotum,Cyrtosperma macrotum Becc. ex Engl.,Cyrtosperma macrotum Becc. ex Engl.,ACCEPTED,PRESERVED_SPECIMEN,1995-04-14T00:00,1995,ID,,"North East Kepala Burung,; Kabupaten Manokwari; Kecamatan Manokwari. Arfak mountains, Mupi Dessa; trail from Mupi village to G. Humibou; near Sungai Mupi between Kali Upwor and confluence K. Ngwes S. Mupi.",-1.1,134.016667,,800.0,"Sands, M.J.S.; Maturbongs, R.",6777,K,Herbarium,K002555928,,,,cd6e21c8-9e8a-493a-8a76-fbf7862069e5,http://specimens.kew.org/herbarium/K002555928,,COORDINATE_ROUNDED;GEODETIC_DATUM_ASSUMED_WGS84;CONTINENT_DERIVED_FROM_COORDINATES;INSTITUTION_MATCH_FUZZY;INSTITUTION_COLLECTION_MISMATCH,https://d2jcv3kl45hlgi.cloudfront.net/0292fb0f2964d85871a947051db82e1b.jpg;https://d2jcv3kl45hlgi.cloudfront.net/acff3a36aab67bbf3c1fcd6170783aa5.jpg
4602018327,Cyrtosperma macrotum,Cyrtosperma macrotum Becc. ex Engl.,Cyrtosperma macrotum Becc. ex Engl.,ACCEPTED,PRESERVED_SPECIMEN,1995-04-14T00:00,1995,ID,,"North East Kepala Burung,; Kabupaten Manokwari; Kecamatan Manokwari. Arfak mountains, Mupi Dessa; trail from Mupi village to G. Humibou; near Sungai Mupi between Kali Upwor and confluence K. Ngwes S. Mupi.",-1.1,134.016667,,800.0,"Sands, M.J.S.; Maturbongs, R.",6777,K,Herbarium,K002555927,,,,cd6e21c8-9e8a-493a-8a76-fbf7862069e5,http://specimens.kew.org/herbarium/K002555927,,COORDINATE_ROUNDED;GEODETIC_DATUM_ASSUMED_WGS84;CONTINENT_DERIVED_FROM_COORDINATES;INSTITUTION_MATCH_FUZZY;INSTITUTION_COLLECTION_MISMATCH,https://d2jcv3kl45hlgi.cloudfront.net/9aeb32ba1589eca805e5eb78a432c656.jpg
4602019347,Cyrtosperma macrotum,Cyrtosperma macrotum Becc. ex Engl.,Cyrtosperma macrotum Becc. ex Engl.,ACCEPTED,PRESERVED_SPECIMEN,1995-04-14T00:00,1995,ID,,"North East Kepala Burung,; Kabupaten Manokwari; Kecamatan Manokwari. Arfak mountains, Mupi Dessa; trail from Mupi village to G. Humibou; near Sungai Mupi between Kali Upwor and confluence of K. Ngwes and S. Mupi.",-1.1,134.016667,,800.0,"Sands, M.J.S.; Maturbongs, R.",6777,K,Herbarium,K002555934,,,,cd6e21c8-9e8a-493a-8a76-fbf7862069e5,http://specimens.kew.org/herbarium/K002555934,,COORDINATE_ROUNDED;GEODETIC_DATUM_ASSUMED_WGS84;CONTINENT_DERIVED_FROM_COORDINATES;INSTITUTION_MATCH_FUZZY;INSTITUTION_COLLECTION_MISMATCH,https://d2jcv3kl45hlgi.cloudfront.net/96cfa4129eb1d580f567acd42ed47ee8.jpg
4602024364,Cyrtosperma macrotum,Cyrtosperma macrotum Becc. ex Engl.,Cyrtosperma macrotum Becc. ex Engl.,ACCEPTED,PRESERVED_SPECIMEN,1995-04-14T00:00,1995,ID,,"North East Kepala Burung,; Kabupaten Manokwari; Kecamatan Manokwari. Arfak mountains, Mupi Dessa; trail from Mupi villiage to G. Humibou; near Sungai Mupi between Kali Upwor and confluence of K. Ngwes and S. Mupi.",-1.1,134.016667,,800.0,"Sands, M.J.S.; Maturbongs, R.",6777,K,Herbarium,K002555926,,,,cd6e21c8-9e8a-493a-8a76-fbf7862069e5,http://specimens.kew.org/herbarium/K002555926,,COORDINATE_ROUNDED;GEODETIC_DATUM_ASSUMED_WGS84;CONTINENT_DERIVED_FROM_COORDINATES;INSTITUTION_MATCH_FUZZY;INSTITUTION_COLLECTION_MISMATCH,https://d2jcv3kl45hlgi.cloudfront.net/0d902e58445e555f3668736955537fbf.jpg;https://d2jcv3kl45hlgi.cloudfront.net/c9e3bf6f899bb6029014147871c6838b.jpg
4602016376,Cyrtosperma macrotum,Cyrtosperma macrotum Becc. ex Engl.,Cyrtosperma macrotum Becc. ex Engl.,ACCEPTED,PRESERVED_SPECIMEN,1995-05-02T00:00,1995,ID,,"Ne Kepala Burung; Manokwari district. Kebar subdsitrict. Kebar Valley. Trail fromAndjai to G. Nettoti, near Base Camp N' (on ridge at 1000m)",,,,1100.0,"Davis, A.P.; Mayar, U.W.; Jitmau, M.; Matumbongs, R.; Wally, E.",711,K,Herbarium,K002555931,,,,cd6e21c8-9e8a-493a-8a76-fbf7862069e5,http://specimens.kew.org/herbarium/K002555931,,INSTITUTION_MATCH_FUZZY;INSTITUTION_COLLECTION_MISMATCH,https://d2jcv3kl45hlgi.cloudfront.net/0914ac6e912d2bf8a896ebfa7eed2ed8.jpg;https://d2jcv3kl45hlgi.cloudfront.net/7d4ede066f691a360ebb3ecd878542e3.jpg
4602018328,Cyrtosperma macrotum,Cyrtosperma macrotum Becc. ex Engl.,Cyrtosperma macrotum Becc. ex Engl.,ACCEPTED,PRESERVED_SPECIMEN,1995-05-02T00:00,1995,ID,,"Ne Kepala Burung; Manokwari district. Kebar subdsitrict. Kebar Valley. Trail from Andjai to G. Nettoti, near Base Camp N (on ridge at 1000m).",,,,1100.0,"Davis, A.P.; Mayar, U.W.; Jitmau, M.; Matumbongs, R.; Wally, E.",711,K,Herbarium,K002555930,,,,cd6e21c8-9e8a-493a-8a76-fbf7862069e5,http://specimens.kew.org/herbarium/K002555930,,INSTITUTION_MATCH_FUZZY;INSTITUTION_COLLECTION_MISMATCH,https://d2jcv3kl45hlgi.cloudfront.net/4c1b3abd5b6e59ba95f113dc7273a534.jpg;https://d2jcv3kl45hlgi.cloudfront.net/adf7232e66c0a5465affae86dbb136a7.jpg
4602022322,Cyrtosperma macrotum,Cyrtosperma macrotum Becc. ex Engl.,Cyrtosperma macrotum Becc. ex Engl.,ACCEPTED,PRESERVED_SPECIMEN,1995-05-02T00:00,1995,ID,,"Ne Kepala Burung; Manokwari district. Kebar subdsitrict. Kebar Valley Trail from Andjai to G. Nettoi, near Base Camp N' (on ridge at 1000m)",,,,1100.0,"Davis, A.P.; Mayar, U.W.; Jitmau, M.; Matumbongs, R.; Wally, E.",711,K,Herbarium,K002555929,,,,cd6e21c8-9e8a-493a-8a76-fbf7862069e5,http://specimens.kew.org/herbarium/K002555929,,INSTITUTION_MATCH_FUZZY;INSTITUTION_COLLECTION_MISMATCH,https://d2jcv3kl45hlgi.cloudfront.net/7ede586005a06f301bd49a4b535ec10f.jpg;https://d2jcv3kl45hlgi.cloudfront.net/f54c516c1ad9439b9e111e0de2535d7d.jpg
4602022323,Cyrtosperma macrotum,Cyrtosperma macrotum Becc. ex Engl.,Cyrtosperma macrotum Becc. ex Engl.,ACCEPTED,PRESERVED_SPECIMEN,1995-05-02T00:00,1995,ID,,"Ne Kepala Burung; Manokwari district. Kebar subdsitrict. Kebar Valley. Trail from Andjai to G. Nettoti, near Base Camp 'N' (on ridge at 1000m).",,,,1100.0,"Davis, A.P.; Mayar, U.W.; Jitmau, M.; Matumbongs, R.; Wally, E.",711,K,Herbarium,K002555932,,,,cd6e21c8-9e8a-493a-8a76-fbf7862069e5,http://specimens.kew.org/herbarium/K002555932,,INSTITUTION_MATCH_FUZZY;INSTITUTION_COLLECTION_MISMATCH,https://d2jcv3kl45hlgi.cloudfront.net/b1bb934627e43941e91ba0768760da89.jpg
1998336261,Cyrtosperma macrotum,Cyrtosperma macrotum Becc. ex Engl.,Cyrtosperma macrotum Becc. ex Engl.,ACCEPTED,PRESERVED_SPECIMEN,1999-06-14,1999,PG,Morobe,"NW of Waria River; along teh streambed of Wara Pao, near Yai Village",,,,,W. N. Takeuchi et al.,13336,A,A,barcode-01655800,,,Harvard University Herbaria: All Records,861e6afe-f762-11e1-a439-00145eb45e9a,07faab83-6b5f-4f28-904d-b6cda7b55995,http://data.huh.harvard.edu/07faab83-6b5f-4f28-904d-b6cda7b55995/image,,https://s3.amazonaws.com/huhspecimenimages/JPG/01655800.jpg;https://s3.amazonaws.com/huhspecimenimages/JPG/01655801.jpg
1999130953,Cyrtosperma macrotum,Cyrtosperma macrotum Becc. ex Engl.,Cyrtosperma macrotum Becc. ex Engl.,ACCEPTED,PRESERVED_SPECIMEN,1999-06-14,1999,PG,Morobe,"NW of Waria River; along teh streambed of Wara Pao, near Yai Village",,,,,W. N. Takeuchi et al.,13336,A,A,barcode-01655801,,,Harvard University Herbaria: All Records,861e6afe-f762-11e1-a439-00145eb45e9a,baed27b1-f65b-483e-ad76-846b9b41c224,http://data.huh.harvard.edu/baed27b1-f65b-483e-ad76-846b9b41c224/image,,https://s3.amazonaws.com/huhspecimenimages/JPG/01655800.jpg;https://s3.amazonaws.com/huhspecimenimages/JPG/01655801.jpg
2513713934,Cyrtosperma macrotum,Cyrtosperma macrotum Becc. ex Engl.,Cyrtosperma macrotum Becc. ex Engl.,ACCEPTED,PRESERVED_SPECIMEN,1999-06-19,1999,PG,New Guinea,"Pao River, Yae Village, Waria Valley.",-7.95389,147.59861,,,Bau BB,"Bau, BB LAE 82833",,Botany,L.1416130,,,,15f819bd-6612-4447-854b-14d12ee1022d,https://data.biodiversitydata.nl/naturalis/specimen/L.1416130,,,https://medialib.naturalis.nl/file/id/L.1416130/format/large
2513713958,Cyrtosperma macrotum,Cyrtosperma macrotum Becc. ex Engl.,Cyrtosperma macrotum Becc. ex Engl.,ACCEPTED,PRESERVED_SPECIMEN,1999-06-19,1999,PG,New Guinea,"Pao River, Yae Village, Waria Valley.",-7.95389,147.59861,,,Bau BB,"Bau, BB LAE 82833",,Botany,L.1416131,,,,15f819bd-6612-4447-854b-14d12ee1022d,https://data.biodiversitydata.nl/naturalis/specimen/L.1416131,,,https://medialib.naturalis.nl/file/id/L.1416131/format/large
2513716148,Cyrtosperma macrotum,Cyrtosperma macrotum Becc. ex Engl.,Cyrtosperma macrotum Becc. ex Engl.,ACCEPTED,PRESERVED_SPECIMEN,1999-06-15,1999,PG,New Guinea,"Pao River, Yae Village, Waria Valley.",-7.95389,147.59861,,,Bau BB,"Bau, BB LAE 82723",,Botany,L.1416129,,,,15f819bd-6612-4447-854b-14d12ee1022d,https://data.biodiversitydata.nl/naturalis/specimen/L.1416129,,,https://medialib.naturalis.nl/file/id/L.1416129/format/large
1998789160,Cyrtosperma macrotum,Cyrtosperma macrotum Becc. ex Engl.,Cyrtosperma macrotum Becc. ex Engl.,ACCEPTED,PRESERVED_SPECIMEN,1999-08-01,1999,PG,Madang,"Josephstaal FMA area, along track to Morasapa from expedition Camp 1 and ending at the large landslip area",,,,,"W. N. Takeuchi, J. Wiakabu, M. Gorrez & A. Towati",13705,A,A,barcode-01655799,,,Harvard University Herbaria: All Records,861e6afe-f762-11e1-a439-00145eb45e9a,6dfa71f6-447e-4b64-944b-da803df16976,http://data.huh.harvard.edu/6dfa71f6-447e-4b64-944b-da803df16976/image,,https://s3.amazonaws.com/huhspecimenimages/JPG/01655799.jpg
1998415055,Cyrtosperma macrotum,Cyrtosperma macrotum Becc. ex Engl.,Cyrtosperma macrotum Becc. ex Engl.,ACCEPTED,PRESERVED_SPECIMEN,2004-08-24,2004,PG,Morobe,PNG National Botanic Garden,-6.75,147.0,,,Tory Kuria,LAE 86411,A,A,barcode-01655791,,,Harvard University Herbaria: All Records,861e6afe-f762-11e1-a439-00145eb45e9a,19ad5cbe-ebd8-4de0-8787-348cc42016af,http://data.huh.harvard.edu/19ad5cbe-ebd8-4de0-8787-348cc42016af/image,GEODETIC_DATUM_INVALID;GEODETIC_DATUM_ASSUMED_WGS84,https://s3.amazonaws.com/huhspecimenimages/JPG/01655791.jpg
1998840363,Cyrtosperma macrotum,Cyrtosperma macrotum Becc. ex Engl.,Cyrtosperma macrotum Becc. ex Engl.,ACCEPTED,PRESERVED_SPECIMEN,2004-08-18,2004,PG,Morobe,hills near Taraka,-6.65,146.933333,,,"W. N. Takeuchi, D. Ama & E. Morris bis",17033,A,A,barcode-01655798,,,Harvard University Herbaria: All Records,861e6afe-f762-11e1-a439-00145eb45e9a,795ef3fc-6336-4eee-8f35-d9fe954932b4,http://data.huh.harvard.edu/795ef3fc-6336-4eee-8f35-d9fe954932b4/image,COORDINATE_ROUNDED;GEODETIC_DATUM_INVALID;GEODETIC_DATUM_ASSUMED_WGS84,https://s3.amazonaws.com/huhspecimenimages/JPG/01655798.jpg
2513713720,Cyrtosperma macrotum,Cyrtosperma macrotum Becc. ex Engl.,Cyrtosperma macrotum Becc. ex Engl.,ACCEPTED,PRESERVED_SPECIMEN,2004-08-24,2004,ZZ,,,,,,,Kuria TK,"Kuria, TK LAE 86411",,Botany,L.1416133,,,,15f819bd-6612-4447-854b-14d12ee1022d,https://data.biodiversitydata.nl/naturalis/specimen/L.1416133,,,https://medialib.naturalis.nl/file/id/L.1416133/format/large
2513716036,Cyrtosperma macrotum,Cyrtosperma macrotum Becc. ex Engl.,Cyrtosperma macrotum Becc. ex Engl.,ACCEPTED,PRESERVED_SPECIMEN,2004-08-24,2004,ZZ,,,,,,,Kuria TK,"Kuria, TK LAE 86411",,Botany,L.1416134,,,,15f819bd-6612-4447-854b-14d12ee1022d,https://data.biodiversitydata.nl/naturalis/specimen/L.1416134,,,https://medialib.naturalis.nl/file/id/L.1416134/format/large
2513716556,Cyrtosperma macrotum,Cyrtosperma macrotum Becc. ex Engl.,Cyrtosperma macrotum Becc. ex Engl.,ACCEPTED,PRESERVED_SPECIMEN,2004-08-24,2004,ZZ,,,,,,,Kuria TK,"Kuria, TK LAE 86411",,Botany,L.1416132,,,,15f819bd-6612-4447-854b-14d12ee1022d,https://data.biodiversitydata.nl/naturalis/specimen/L.1416132,,,https://medialib.naturalis.nl/file/id/L.1416132/format/large
1999368783,Cyrtosperma macrotum,Cyrtosperma macrotum Becc. ex Engl.,Cyrtosperma macrotum Becc. ex Engl.,ACCEPTED,PRESERVED_SPECIMEN,2006-06,2006,PG,Madang,Josephstaal District,-4.5,145.033333,,160.0,W. N. Takeuchi & D. Ama,,A,A,barcode-00872215,,,Harvard University Herbaria: All Records,861e6afe-f762-11e1-a439-00145eb45e9a,f0dbb57f-a897-4142-aaa1-61df888cb002,http://data.huh.harvard.edu/f0dbb57f-a897-4142-aaa1-61df888cb002/image,COORDINATE_ROUNDED;GEODETIC_DATUM_INVALID;GEODETIC_DATUM_ASSUMED_WGS84,https://s3.amazonaws.com/huhspecimenimages/JPG/00872215.jpg
2517117956,Cyrtosperma macrotum,Cyrtosperma macrotum Becc. ex Engl.,Cyrtosperma macrotum Becc. ex Engl.,ACCEPTED,PRESERVED_SPECIMEN,2006-12-30,2006,PG,New Guinea,"Sibonai village, Sewa Bay, Normanby Island.",-10.03333,150.96667,,,Kuria TK; Johns RJ; Simaga J; Gidion G,"Kuria, TK; Johns, RJ; Simaga, J; Gidion, G LAE 88758",,Botany,L.3957540,,Kuria TK,,15f819bd-6612-4447-854b-14d12ee1022d,https://data.biodiversitydata.nl/naturalis/specimen/L.3957540,,,https://medialib.naturalis.nl/file/id/L.3957540/format/large
3969574289,Cyrtosperma macrotum,Cyrtosperma macrotum Becc. ex Engl.,Cyrtosperma macrotum Becc. ex Engl.,ACCEPTED,PRESERVED_SPECIMEN,2006-12-30,2006,PG,Milne Bay,"Milne Bay Province, Sibonai village, Sewa Bay, Normanby Island.",-10.033333,150.966667,,25.0,"Tory Kuria; R.J.Johns, J. Simaga, Gabam Gidion",LAE 88758,BRIT,BRIT,BRIT619161,,Tory Kuria,,defb9a47-c1a7-4fb2-9a0b-2da7c5260cad,db0417c7-27bf-4696-a01d-a57fdff7f279,https://portal.torcherbaria.org/portal/collections/individual/index.php?occid=30201404,COORDINATE_ROUNDED;GEODETIC_DATUM_ASSUMED_WGS84;CONTINENT_DERIVED_FROM_COORDINATES;PRESUMED_NEGATED_LATITUDE;TAXON_ID_NOT_FOUND;INSTITUTION_MATCH_FUZZY,https://web.corral.tacc.utexas.edu/brit/BRIT/BRIT0619000/BRIT619161.jpg
1090194611,Cyrtosperma macrotum,Cyrtosperma macrotum Becc. ex Engl.,Cyrtosperma macrotum Becc. ex Engl.,ACCEPTED,PRESERVED_SPECIMEN,2013-02-05,2013,PG,Northern Province,Northern Province; Sibium Mountains; N of Akupe Camp.,-9.28308,148.274,,,"James, S.A. Damas, D.; Domare, B.; Kunire, J.; Unimba, V.",Collector Number: SAJ0997,BPBM,BISH,760146,,"Sule, B.",Herbarium Pacificum World Specimens,b929f23d-290f-4e85-8f17-764c55b3b284,522852bb-15eb-4469-8aab-221c1e79df55,,CONTINENT_DERIVED_FROM_COORDINATES;PRESUMED_NEGATED_LONGITUDE;INSTITUTION_MATCH_FUZZY;COLLECTION_MATCH_FUZZY,
2813340318,Cyrtosperma macrotum,Cyrtosperma macrotum Becc. ex Engl.,Cyrtosperma macrotum Becc. ex Engl.,ACCEPTED,PRESERVED_SPECIMEN,2013-02-05,2013,PG,Northern,,-9.28308,148.27414,,,S.A. James,SAJ0997,UF,,261736,,"Sule, B.",,b89d52a2-861d-4388-adad-c0da3d55fc78,cd078936-4b26-4aa6-b138-9004ce7dc13f,http://specifyportal.flmnh.ufl.edu/herbarium/?filter=catalogNumber:261736,GEODETIC_DATUM_ASSUMED_WGS84;CONTINENT_DERIVED_FROM_COORDINATES;COLLECTION_MATCH_NONE;INSTITUTION_MATCH_FUZZY,https://cdn.floridamuseum.ufl.edu/Herbarium/4fabb279-6417-4f10-b850-ff22b31b37aa
2813356305,Cyrtosperma macrotum,Cyrtosperma macrotum Becc. ex Engl.,Cyrtosperma macrotum Becc. ex Engl.,ACCEPTED,PRESERVED_SPECIMEN,2013-02-05,2013,PG,Northern,,-9.28308,148.27414,,,S.A. James,SAJ0997,UF,,261735,,"Sule, B.",,b89d52a2-861d-4388-adad-c0da3d55fc78,283ed825-ce1a-4d0d-85f5-6ac028f1f8b9,http://specifyportal.flmnh.ufl.edu/herbarium/?filter=catalogNumber:261735,GEODETIC_DATUM_ASSUMED_WGS84;CONTINENT_DERIVED_FROM_COORDINATES;COLLECTION_MATCH_NONE;INSTITUTION_MATCH_FUZZY,https://cdn.floridamuseum.ufl.edu/Herbarium/5ce5e09d-8084-4a16-8c1f-b17af6985fbd
5956338761,Cyrtosperma macrotum,Cyrtosperma macrotum Becc. ex Engl.,Cyrtosperma macrotum Becc. ex Engl.,ACCEPTED,PRESERVED_SPECIMEN,2013-02-05,2013,PG,Northern Province,Northern Province; Sibium Mountains; N of Akupe Camp.,,,,721.0,"James, S.A.; Damas, D.; Domare, B.; Kunire, J.; Unimba, V.",SAJ0997,BISH,,760146,NotAType,"Sule, B.",,cfb43618-1423-4031-b3ff-fbd2c264f48b,760146,https://pacific.symbiota.org/portal/collections/individual/index.php?occid=1638667,CONTINENT_DERIVED_FROM_COUNTRY;TAXON_ID_NOT_FOUND;IDENTIFIED_DATE_INVALID;INSTITUTION_MATCH_NONE,https://editedimages.s3-accelerate.amazonaws.com/BISH1052715.webp
5956380387,Cyrtosperma macrotum,Cyrtosperma macrotum Becc. ex Engl.,Cyrtosperma macrotum Becc. ex Engl.,ACCEPTED,PRESERVED_SPECIMEN,2013-02-05,2013,PG,Northern Province,Northern Province; Sibium Mountains; N of Akupe Camp.,,,,721.0,"James, S.A.; Damas, D.; Domare, B.; Kunire, J.; Unimba, V.",SAJ0997,BISH,,761583,NotAType,"Sule, B.",,cfb43618-1423-4031-b3ff-fbd2c264f48b,761583,https://pacific.symbiota.org/portal/collections/individual/index.php?occid=1640104,CONTINENT_DERIVED_FROM_COUNTRY;TAXON_ID_NOT_FOUND;IDENTIFIED_DATE_INVALID;INSTITUTION_MATCH_NONE,https://editedimages.s3-accelerate.amazonaws.com/BISH1052972.webp
4952656985,Cyrtosperma macrotum,Cyrtosperma macrotum Becc. ex Engl.,Cyrtosperma macrotum Becc. ex Engl.,ACCEPTED,HUMAN_OBSERVATION,2023-08-14T14:37:02,2023,ID,Papua Barat,,-2.742381,132.348593,66.0,,bernhardlettneraustria,,iNaturalist,Observations,178345184,,bernhardlettneraustria,iNaturalist research-grade observations,50c9509d-22c7-4a22-a47d-8c48425ef4a7,https://www.inaturalist.org/observations/178345184,https://www.inaturalist.org/observations/178345184,COORDINATE_ROUNDED;CONTINENT_DERIVED_FROM_COORDINATES;TAXON_ID_NOT_FOUND,https://inaturalist-open-data.s3.amazonaws.com/photos/310323699/original.jpg;https://inaturalist-open-data.s3.amazonaws.com/photos/310323735/original.jpg;https://inaturalist-open-data.s3.amazonaws.com/photos/310323788/original.jpg
6130770519,Cyrtosperma macrotum,Cyrtosperma macrotum Becc. ex Engl.,Cyrtosperma macrotum Becc. ex Engl.,ACCEPTED,HUMAN_OBSERVATION,2023-08-13T09:06:27,2023,ID,Papua Barat,,-2.91898,132.316278,37.0,,bernhardlettneraustria,,iNaturalist,Observations,178230144,,bernhardlettneraustria,iNaturalist research-grade observations,50c9509d-22c7-4a22-a47d-8c48425ef4a7,https://www.inaturalist.org/observations/178230144,https://www.inaturalist.org/observations/178230144,COORDINATE_ROUNDED;CONTINENT_DERIVED_FROM_COORDINATES;TAXON_ID_NOT_FOUND,https://inaturalist-open-data.s3.amazonaws.com/photos/310097370/original.jpg
6130161199,Cyrtosperma macrotum,Cyrtosperma macrotum Becc. ex Engl.,Cyrtosperma macrotum Becc. ex Engl.,ACCEPTED,HUMAN_OBSERVATION,2025-10-18T09:55,2025,ID,Papua Barat,,-0.915739,131.334319,,,bewambay,,iNaturalist,Observations,327241223,,bernhardlettneraustria,iNaturalist research-grade observations,50c9509d-22c7-4a22-a47d-8c48425ef4a7,https://www.inaturalist.org/observations/327241223,https://www.inaturalist.org/observations/327241223,COORDINATE_ROUNDED;CONTINENT_DERIVED_FROM_COORDINATES;TAXON_ID_NOT_FOUND,https://inaturalist-open-data.s3.amazonaws.com/photos/592816635/original.jpg
6130016765,Cyrtosperma macrotum,Cyrtosperma macrotum Becc. ex Engl.,Cyrtosperma macrotum Becc. ex Engl.,ACCEPTED,HUMAN_OBSERVATION,2025-11-08T12:04,2025,ID,Papua Barat,,-0.977397,131.359922,,,Ezra Tetelepta,,iNaturalist,Observations,325493170,,Hani Ristiawan,iNaturalist research-grade observations,50c9509d-22c7-4a22-a47d-8c48425ef4a7,https://www.inaturalist.org/observations/325493170,https://www.inaturalist.org/observations/325493170,COORDINATE_ROUNDED;CONTINENT_DERIVED_FROM_COORDINATES;TAXON_ID_NOT_FOUND,https://inaturalist-open-data.s3.amazonaws.com/photos/589327255/original.jpg;https://inaturalist-open-data.s3.amazonaws.com/photos/589327272/original.jpg
6413291565,Cyrtosperma macrotum,Cyrtosperma macrotum Becc. ex Engl.,Cyrtosperma macrotum Becc. ex Engl.,ACCEPTED,HUMAN_OBSERVATION,2026-06-01T11:07,2026,ID,Papua,,-4.556364,136.774347,,,Refer Iqbal,,iNaturalist,Observations,373447122,,Refer Iqbal,iNaturalist research-grade observations,50c9509d-22c7-4a22-a47d-8c48425ef4a7,https://www.inaturalist.org/observations/373447122,https://www.inaturalist.org/observations/373447122,COORDINATE_ROUNDED;CONTINENT_DERIVED_FROM_COORDINATES;TAXON_ID_NOT_FOUND,https://inaturalist-open-data.s3.amazonaws.com/photos/682492141/original.jpg
437254243,Cyrtosperma merkusii,Cyrtosperma merkusii (Hassk.) Schott,Cyrtosperma merkusii (Hassk.) Schott,ACCEPTED,PRESERVED_SPECIMEN,,,,,,,,,,,,MNHN,P,P02136309,,,,b5cdf794-8fa4-4a85-8b26-755d087bf531,http://coldb.mnhn.fr/catalognumber/mnhn/p/p02136309,,,http://mediaphoto.mnhn.fr/media/1441304126371iyovFl1akOcHnJqS
437586800,Cyrtosperma merkusii,Cyrtosperma merkusii (Hassk.) Schott,Cyrtosperma merkusii (Hassk.) Schott,ACCEPTED,PRESERVED_SPECIMEN,,,,,,,,,,,,MNHN,P,P02136306,,,,b5cdf794-8fa4-4a85-8b26-755d087bf531,http://coldb.mnhn.fr/catalognumber/mnhn/p/p02136306,,,http://mediaphoto.mnhn.fr/media/1441304126314XZs8SmXpn2bcDLHB
437586801,Cyrtosperma merkusii,Cyrtosperma merkusii (Hassk.) Schott,Cyrtosperma merkusii (Hassk.) Schott,ACCEPTED,PRESERVED_SPECIMEN,,,,,,,,,,,,MNHN,P,P02136308,,,,b5cdf794-8fa4-4a85-8b26-755d087bf531,http://coldb.mnhn.fr/catalognumber/mnhn/p/p02136308,,,http://mediaphoto.mnhn.fr/media/1441304126351w9FuqKoKf18UWjWi
437586802,Cyrtosperma merkusii,Cyrtosperma merkusii (Hassk.) Schott,Cyrtosperma merkusii (Hassk.) Schott,ACCEPTED,PRESERVED_SPECIMEN,,,,,,,,,,,,MNHN,P,P02136320,,,,b5cdf794-8fa4-4a85-8b26-755d087bf531,http://coldb.mnhn.fr/catalognumber/mnhn/p/p02136320,,,http://mediaphoto.mnhn.fr/media/1441304126597WZyu02De2HW2UdjC
437592328,Cyrtosperma merkusii,Cyrtosperma chamissonis (Schott) Merr.,Cyrtosperma merkusii (Hassk.) Schott,SYNONYM,PRESERVED_SPECIMEN,,,,,,,,,,,,MNHN,P,P02135492,,,,b5cdf794-8fa4-4a85-8b26-755d087bf531,http://coldb.mnhn.fr/catalognumber/mnhn/p/p02135492,,,http://mediaphoto.mnhn.fr/media/1441303766880WAyaScdqpM7UFCKu
437919739,Cyrtosperma merkusii,Cyrtosperma merkusii (Hassk.) Schott,Cyrtosperma merkusii (Hassk.) Schott,ACCEPTED,PRESERVED_SPECIMEN,,,,,,,,,,,,MNHN,P,P02136312,,,,b5cdf794-8fa4-4a85-8b26-755d087bf531,http://coldb.mnhn.fr/catalognumber/mnhn/p/p02136312,,,http://mediaphoto.mnhn.fr/media/1441304126442aLgv4WwrMELbl2n4
437919740,Cyrtosperma merkusii,Cyrtosperma merkusii (Hassk.) Schott,Cyrtosperma merkusii (Hassk.) Schott,ACCEPTED,PRESERVED_SPECIMEN,,,,,,,,,,,,MNHN,P,P02136318,,,,b5cdf794-8fa4-4a85-8b26-755d087bf531,http://coldb.mnhn.fr/catalognumber/mnhn/p/p02136318,,,http://mediaphoto.mnhn.fr/media/1441304126560lILUSrR6gtBt0AJv
437925240,Cyrtosperma merkusii,Cyrtosperma chamissonis (Schott) Merr.,Cyrtosperma merkusii (Hassk.) Schott,SYNONYM,PRESERVED_SPECIMEN,,,,,,,,,,,,MNHN,P,P02135494,,,,b5cdf794-8fa4-4a85-8b26-755d087bf531,http://coldb.mnhn.fr/catalognumber/mnhn/p/p02135494,,,http://mediaphoto.mnhn.fr/media/144130376691798de0Z8e99HKLTL1
438252666,Cyrtosperma merkusii,Cyrtosperma merkusii (Hassk.) Schott,Cyrtosperma merkusii (Hassk.) Schott,ACCEPTED,PRESERVED_SPECIMEN,,,,,,,,,,,,MNHN,P,P02136310,,,,b5cdf794-8fa4-4a85-8b26-755d087bf531,http://coldb.mnhn.fr/catalognumber/mnhn/p/p02136310,,,http://mediaphoto.mnhn.fr/media/1441304126398FEMSyzLOmc617lkW
438252844,Cyrtosperma merkusii,Cyrtosperma merkusii (Hassk.) Schott,Cyrtosperma merkusii (Hassk.) Schott,ACCEPTED,PRESERVED_SPECIMEN,,,,,,,,,,,,MNHN,P,P02135490,,,,b5cdf794-8fa4-4a85-8b26-755d087bf531,http://coldb.mnhn.fr/catalognumber/mnhn/p/p02135490,,,http://mediaphoto.mnhn.fr/media/1441303766858JrcYjrLYhH4hnBeP
438258035,Cyrtosperma merkusii,Cyrtosperma merkusii (Hassk.) Schott,Cyrtosperma merkusii (Hassk.) Schott,ACCEPTED,PRESERVED_SPECIMEN,,,,,,,,,,,,MNHN,P,P02136319,,,,b5cdf794-8fa4-4a85-8b26-755d087bf531,http://coldb.mnhn.fr/catalognumber/mnhn/p/p02136319,,,http://mediaphoto.mnhn.fr/media/1441304126579krfj2d5qW8xwP5fh
438258036,Cyrtosperma merkusii,Cyrtosperma merkusii (Hassk.) Schott,Cyrtosperma merkusii (Hassk.) Schott,ACCEPTED,PRESERVED_SPECIMEN,,,,,,,,,,,,MNHN,P,P02136322,,,,b5cdf794-8fa4-4a85-8b26-755d087bf531,http://coldb.mnhn.fr/catalognumber/mnhn/p/p02136322,,,http://mediaphoto.mnhn.fr/media/1441304126637J2gD7aeQMe0SRyds
438590942,Cyrtosperma merkusii,Cyrtosperma merkusii (Hassk.) Schott,Cyrtosperma merkusii (Hassk.) Schott,ACCEPTED,PRESERVED_SPECIMEN,,,,,,,,,,,,MNHN,P,P02136321,,,,b5cdf794-8fa4-4a85-8b26-755d087bf531,http://coldb.mnhn.fr/catalognumber/mnhn/p/p02136321,,,http://mediaphoto.mnhn.fr/media/1441304126616iJmILoWQ7MZUqQ7e
438918948,Cyrtosperma merkusii,Cyrtosperma merkusii (Hassk.) Schott,Cyrtosperma merkusii (Hassk.) Schott,ACCEPTED,PRESERVED_SPECIMEN,,,,,,,,,,,,MNHN,P,P02136311,,,,b5cdf794-8fa4-4a85-8b26-755d087bf531,http://coldb.mnhn.fr/catalognumber/mnhn/p/p02136311,,,http://mediaphoto.mnhn.fr/media/1441304126419ODxXWbcGoBjMfJNi
438918949,Cyrtosperma merkusii,Cyrtosperma chamissonis (Schott) Merr.,Cyrtosperma merkusii (Hassk.) Schott,SYNONYM,PRESERVED_SPECIMEN,,,,,,,,,,,,MNHN,P,P02136314,,,,b5cdf794-8fa4-4a85-8b26-755d087bf531,http://coldb.mnhn.fr/catalognumber/mnhn/p/p02136314,,,http://mediaphoto.mnhn.fr/media/1441304126484je4MVRb9ML1ajytR
438948170,Cyrtosperma merkusii,Cyrtosperma merkusii (Hassk.) Schott,Cyrtosperma merkusii (Hassk.) Schott,ACCEPTED,PRESERVED_SPECIMEN,,,,,,,,,,,,MNHN,P,P02136315,,,,b5cdf794-8fa4-4a85-8b26-755d087bf531,http://coldb.mnhn.fr/catalognumber/mnhn/p/p02136315,,,http://mediaphoto.mnhn.fr/media/1441304126502JHiNSCF0o7Yujtbs
439252537,Cyrtosperma merkusii,Cyrtosperma merkusii (Hassk.) Schott,Cyrtosperma merkusii (Hassk.) Schott,ACCEPTED,PRESERVED_SPECIMEN,,,,,,,,,,,,MNHN,P,P02136307,,,,b5cdf794-8fa4-4a85-8b26-755d087bf531,http://coldb.mnhn.fr/catalognumber/mnhn/p/p02136307,,,http://mediaphoto.mnhn.fr/media/14413041263328pAgWRlp3MjSRFxf
439252694,Cyrtosperma merkusii,Cyrtosperma chamissonis (Schott) Merr.,Cyrtosperma merkusii (Hassk.) Schott,SYNONYM,PRESERVED_SPECIMEN,,,,,,,,,,,,MNHN,P,P02135493,,,,b5cdf794-8fa4-4a85-8b26-755d087bf531,http://coldb.mnhn.fr/catalognumber/mnhn/p/p02135493,,,http://mediaphoto.mnhn.fr/media/1441303766898Sqhg1oQK97bmGgFy
439257858,Cyrtosperma merkusii,Cyrtosperma merkusii (Hassk.) Schott,Cyrtosperma merkusii (Hassk.) Schott,ACCEPTED,PRESERVED_SPECIMEN,,,,,,,,,,,,MNHN,P,P02135491,,,,b5cdf794-8fa4-4a85-8b26-755d087bf531,http://coldb.mnhn.fr/catalognumber/mnhn/p/p02135491,,,http://mediaphoto.mnhn.fr/media/1441303826349WKwClKlKXPuEeEzj
439257972,Cyrtosperma merkusii,Cyrtosperma chamissonis (Schott) Merr.,Cyrtosperma merkusii (Hassk.) Schott,SYNONYM,PRESERVED_SPECIMEN,,,,,,,,,,,,MNHN,P,P02136313,,,,b5cdf794-8fa4-4a85-8b26-755d087bf531,http://coldb.mnhn.fr/catalognumber/mnhn/p/p02136313,,,http://mediaphoto.mnhn.fr/media/1441304126463mZPeeYNdj3vpqxZZ
439257973,Cyrtosperma merkusii,Cyrtosperma merkusii (Hassk.) Schott,Cyrtosperma merkusii (Hassk.) Schott,ACCEPTED,PRESERVED_SPECIMEN,,,,,,,,,,,,MNHN,P,P02136317,,,,b5cdf794-8fa4-4a85-8b26-755d087bf531,http://coldb.mnhn.fr/catalognumber/mnhn/p/p02136317,,,http://mediaphoto.mnhn.fr/media/1441304126540JQWY8GNDvRUwaKol
439614475,Cyrtosperma merkusii,Cyrtosperma merkusii (Hassk.) Schott,Cyrtosperma merkusii (Hassk.) Schott,ACCEPTED,PRESERVED_SPECIMEN,,,,,,,,,,,,MNHN,P,P02136316,,,,b5cdf794-8fa4-4a85-8b26-755d087bf531,http://coldb.mnhn.fr/catalognumber/mnhn/p/p02136316,,,http://mediaphoto.mnhn.fr/media/1441304126520l0OPNILRMLAt4Gmr
439614476,Cyrtosperma merkusii,Cyrtosperma merkusii (Hassk.) Schott,Cyrtosperma merkusii (Hassk.) Schott,ACCEPTED,PRESERVED_SPECIMEN,,,,,,,,,,,,MNHN,P,P02136305,,,,b5cdf794-8fa4-4a85-8b26-755d087bf531,http://coldb.mnhn.fr/catalognumber/mnhn/p/p02136305,,,http://mediaphoto.mnhn.fr/media/1441304126295m7qkF8cOPZmoXhJL
912046508,Cyrtosperma merkusii,Cyrtosperma merkusii (Hassk.) Schott,Cyrtosperma merkusii (Hassk.) Schott,ACCEPTED,PRESERVED_SPECIMEN,,,,,"Sarawak, P.Chai, Kuching B.G. no. 90",,,,,,,K,Spirit,46577.000,,,,cd6e21c8-9e8a-493a-8a76-fbf7862069e5,http://specimens.kew.org/herbarium/46577.000,,COLLECTION_MATCH_NONE;INSTITUTION_MATCH_FUZZY,
912257109,Cyrtosperma merkusii,Cyrtosperma merkusii (Hassk.) Schott,Cyrtosperma merkusii (Hassk.) Schott,ACCEPTED,PRESERVED_SPECIMEN,,,MY,,,,,,,Griffith,5950,K,Herbarium,K000291747,Type,,,cd6e21c8-9e8a-493a-8a76-fbf7862069e5,http://specimens.kew.org/herbarium/K000291747,,CONTINENT_DERIVED_FROM_COUNTRY;INSTITUTION_MATCH_FUZZY;INSTITUTION_COLLECTION_MISMATCH,https://d2jcv3kl45hlgi.cloudfront.net/9dc6c16286a7f8f8589926c6792e319f.jpg
912257176,Cyrtosperma merkusii,Cyrtosperma merkusii (Hassk.) Schott,Cyrtosperma merkusii (Hassk.) Schott,ACCEPTED,PRESERVED_SPECIMEN,,,,,,,,,,s.coll.,s.n.,K,Herbarium,K000291748,Type,"Boyce, P.C.",,cd6e21c8-9e8a-493a-8a76-fbf7862069e5,http://specimens.kew.org/herbarium/K000291748,,INSTITUTION_MATCH_FUZZY;INSTITUTION_COLLECTION_MISMATCH,https://d2jcv3kl45hlgi.cloudfront.net/830e176409c9b8ed7ffbb6004757d8cf.jpg
1055795144,Cyrtosperma merkusii,Cyrtosperma merkusii (Hassk.) Schott,Cyrtosperma merkusii (Hassk.) Schott,ACCEPTED,PRESERVED_SPECIMEN,,,MY,Perak,Bukit Larut (Hill),4.7783,100.7494,,,,5654,NHMUK,BOT,BM000957462,,,,7e380070-f762-11e1-a439-00145eb45e9a,ae6796c6-ad75-43c8-80c3-44b40a2f4dca,,GEODETIC_DATUM_ASSUMED_WGS84;INSTITUTION_MATCH_FUZZY;COLLECTION_MATCH_FUZZY,
1056368141,Cyrtosperma merkusii,Cyrtosperma merkusii (Hassk.) Schott,Cyrtosperma merkusii (Hassk.) Schott,ACCEPTED,PRESERVED_SPECIMEN,,,MY,,,,,323.79,,Thomas Horsfield,100,NHMUK,BOT,BM000957466,,,,7e380070-f762-11e1-a439-00145eb45e9a,461d62a0-4e69-4755-8274-d53b6eb7c690,,INSTITUTION_MATCH_FUZZY;COLLECTION_MATCH_FUZZY,
1056512281,Cyrtosperma merkusii,Cyrtosperma merkusii (Hassk.) Schott,Cyrtosperma merkusii (Hassk.) Schott,ACCEPTED,PRESERVED_SPECIMEN,,,MY,Perak,Bukit Larut (Hill),4.7783,100.7494,,,,5654,NHMUK,BOT,BM000957461,,,,7e380070-f762-11e1-a439-00145eb45e9a,21e2bcad-b6b4-40e4-a974-177853b20d11,,GEODETIC_DATUM_ASSUMED_WGS84;INSTITUTION_MATCH_FUZZY;COLLECTION_MATCH_FUZZY,
1057474154,Cyrtosperma merkusii,Cyrtosperma merkusii (Hassk.) Schott,Cyrtosperma merkusii (Hassk.) Schott,ACCEPTED,PRESERVED_SPECIMEN,,,SG,,,1.351617,103.80805,46.0,,Heinrich Gustav Adolf Engler,89,NHMUK,BOT,BM000957467,,,,7e380070-f762-11e1-a439-00145eb45e9a,e99a64a2-6278-46ba-b008-2173e9bf7727,,GEODETIC_DATUM_ASSUMED_WGS84;INSTITUTION_MATCH_FUZZY;COLLECTION_MATCH_FUZZY,
1090243424,Cyrtosperma merkusii,Cyrtosperma merkusii (Hassk.) Schott,Cyrtosperma merkusii (Hassk.) Schott,ACCEPTED,PRESERVED_SPECIMEN,,,ZZ,,,,,,,"Barrau, J.",,BPBM,BISH,102142,,,Herbarium Pacificum World Specimens,b929f23d-290f-4e85-8f17-764c55b3b284,69dd1d0b-bd32-400f-9376-5c112417ce09,,INSTITUTION_MATCH_FUZZY;COLLECTION_MATCH_FUZZY,
1090255597,Cyrtosperma merkusii,Cyrtosperma chamissonis (Schott) Merr.,Cyrtosperma merkusii (Hassk.) Schott,SYNONYM,PRESERVED_SPECIMEN,,,CK,,Rarotonga,,,,,"Parks, H.E. Parks, S.T.",Collector Number: 22509,BPBM,BISH,102130,,A.D. Hay,Herbarium Pacificum World Specimens,b929f23d-290f-4e85-8f17-764c55b3b284,5b6ba7bc-e36d-456e-8330-6a6ef80602ce,,CONTINENT_DERIVED_FROM_COUNTRY;INSTITUTION_MATCH_FUZZY;COLLECTION_MATCH_FUZZY,
1928112327,Cyrtosperma merkusii,Cyrtosperma chamissonis (Schott) Merr.,Cyrtosperma merkusii (Hassk.) Schott,SYNONYM,PRESERVED_SPECIMEN,,,,,,,,,,,,NY,NY,3780533,,,Vascular plants,d415c253-4d61-4459-9d25-4015b9084fb0,18750664-8800-4fc5-8dd6-015ec80b22f3,http://sweetgum.nybg.org/science/vh/specimen_details.php?irn=4070932,MODIFIED_DATE_INVALID,http://sweetgum.nybg.org/images3/3426/563/03780533.jpg
1928559290,Cyrtosperma merkusii,Cyrtosperma chamissonis (Schott) Merr.,Cyrtosperma merkusii (Hassk.) Schott,SYNONYM,PRESERVED_SPECIMEN,,,,,,,,,,E. Albert,211,NY,NY,00205152,,,Vascular plants,d415c253-4d61-4459-9d25-4015b9084fb0,37ec014b-d879-498d-823a-92ae24f1ff71,http://sweetgum.nybg.org/science/vh/specimen_details.php?irn=996846,MODIFIED_DATE_INVALID,http://sweetgum.nybg.org/images3/2171/779/00205152.jpg
1929715588,Cyrtosperma merkusii,Cyrtosperma chamissonis (Schott) Merr.,Cyrtosperma merkusii (Hassk.) Schott,SYNONYM,PRESERVED_SPECIMEN,,,,,,,,,,E. Albert,211,NY,NY,205153,,,Vascular plants,d415c253-4d61-4459-9d25-4015b9084fb0,89f0dc3f-cab0-4d41-b2b7-7c7289031de7,http://sweetgum.nybg.org/science/vh/specimen_details.php?irn=996851,MODIFIED_DATE_INVALID,http://sweetgum.nybg.org/images3/4400/263/00205153.jpg
1929742488,Cyrtosperma merkusii,Cyrtosperma chamissonis (Schott) Merr.,Cyrtosperma merkusii (Hassk.) Schott,SYNONYM,PRESERVED_SPECIMEN,,,,,,,,,,,,NY,NY,03780532,,,Vascular plants,d415c253-4d61-4459-9d25-4015b9084fb0,8bd35e4b-2817-4fda-9404-22cd450f03b4,http://sweetgum.nybg.org/science/vh/specimen_details.php?irn=4070930,MODIFIED_DATE_INVALID,http://sweetgum.nybg.org/images3/3426/562/03780532.jpg
1929887415,Cyrtosperma merkusii,Cyrtosperma chamissonis (Schott) Merr.,Cyrtosperma merkusii (Hassk.) Schott,SYNONYM,PRESERVED_SPECIMEN,,,,,,,,,,,,NY,NY,3780534,,,Vascular plants,d415c253-4d61-4459-9d25-4015b9084fb0,96142271-afc1-47f3-8fbb-7cf6169bc5af,http://sweetgum.nybg.org/science/vh/specimen_details.php?irn=4070933,MODIFIED_DATE_INVALID,http://sweetgum.nybg.org/images3/3426/564/03780534.jpg
1930467919,Cyrtosperma merkusii,Cyrtosperma chamissonis (Schott) Merr.,Cyrtosperma merkusii (Hassk.) Schott,SYNONYM,PRESERVED_SPECIMEN,,,,,,,,,,,,NY,NY,3780535,,,Vascular plants,d415c253-4d61-4459-9d25-4015b9084fb0,bf005d0a-55d7-4439-b49c-d0fb125c8d3a,http://sweetgum.nybg.org/science/vh/specimen_details.php?irn=4070934,MODIFIED_DATE_INVALID,http://sweetgum.nybg.org/images3/3426/565/03780535.jpg
2513103262,Cyrtosperma merkusii,Cyrtosperma merkusii (Hassk.) Schott,Cyrtosperma merkusii (Hassk.) Schott,ACCEPTED,PRESERVED_SPECIMEN,,,ID,Borneo,Borneo,,,,,Unknown,Unknown s.n.,,Botany,L  0041901,Type,,,15f819bd-6612-4447-854b-14d12ee1022d,https://data.biodiversitydata.nl/naturalis/specimen/L%20%200041901,,,https://medialib.naturalis.nl/file/id/L0041901_MLN/format/large
2513103302,Cyrtosperma merkusii,Cyrtosperma merkusii (Hassk.) Schott,Cyrtosperma merkusii (Hassk.) Schott,ACCEPTED,PRESERVED_SPECIMEN,,,ID,Sumatra,Sumatra,,,,,Unknown,Unknown s.n.,,Botany,L  0041899,Type,Hay A,,15f819bd-6612-4447-854b-14d12ee1022d,https://data.biodiversitydata.nl/naturalis/specimen/L%20%200041899,,,https://medialib.naturalis.nl/file/id/L0041899_MLN/format/large
2513104217,Cyrtosperma merkusii,Cyrtosperma merkusii (Hassk.) Schott,Cyrtosperma merkusii (Hassk.) Schott,ACCEPTED,PRESERVED_SPECIMEN,,,ID,Borneo,Borneo,,,,,Unknown,Unknown s.n.,,Botany,L  0041902,Type,,,15f819bd-6612-4447-854b-14d12ee1022d,https://data.biodiversitydata.nl/naturalis/specimen/L%20%200041902,,,https://medialib.naturalis.nl/file/id/L0041902_MLN/format/large
2513106347,Cyrtosperma merkusii,Cyrtosperma merkusii (Hassk.) Schott,Cyrtosperma merkusii (Hassk.) Schott,ACCEPTED,PRESERVED_SPECIMEN,,,ID,Borneo,Borneo,,,,,Unknown,Unknown s.n.,,Botany,L  0041900,Type,,,15f819bd-6612-4447-854b-14d12ee1022d,https://data.biodiversitydata.nl/naturalis/specimen/L%20%200041900,,,https://medialib.naturalis.nl/file/id/L0041900_MLN/format/large
2513478226,Cyrtosperma merkusii,Cyrtosperma lasioides Griff.,Cyrtosperma merkusii (Hassk.) Schott,SYNONYM,PRESERVED_SPECIMEN,,,BN,,,4.5,114.66667,,,Niel JP van,"Niel, JP van 4425",,Botany,L.1164493,,,,15f819bd-6612-4447-854b-14d12ee1022d,https://data.biodiversitydata.nl/naturalis/specimen/L.1164493,,,https://medialib.naturalis.nl/file/id/L.1164493/format/large
2513479313,Cyrtosperma merkusii,Cyrtosperma lasioides Griff.,Cyrtosperma merkusii (Hassk.) Schott,SYNONYM,PRESERVED_SPECIMEN,,,BN,,Meunok river (trib. of Belait river).,4.5,114.66667,,,Niel JP van,"Niel, JP van 4566",,Botany,L.1163957,,,,15f819bd-6612-4447-854b-14d12ee1022d,https://data.biodiversitydata.nl/naturalis/specimen/L.1163957,,,https://medialib.naturalis.nl/file/id/L.1163957/format/large
2513714305,Cyrtosperma merkusii,Cyrtosperma merkusii (Hassk.) Schott,Cyrtosperma merkusii (Hassk.) Schott,ACCEPTED,PRESERVED_SPECIMEN,,,ID,Java,,,,,,Unknown,Unknown s.n.,,Botany,L.1416082,,,,15f819bd-6612-4447-854b-14d12ee1022d,https://data.biodiversitydata.nl/naturalis/specimen/L.1416082,,,https://medialib.naturalis.nl/file/id/L.1416082/format/large
2513714750,Cyrtosperma merkusii,Cyrtosperma merkusii (Hassk.) Schott,Cyrtosperma merkusii (Hassk.) Schott,ACCEPTED,PRESERVED_SPECIMEN,,,ID,Java,,,,,,Zippelius A,"Zippelius, A 42",,Botany,L.1416080,,,,15f819bd-6612-4447-854b-14d12ee1022d,https://data.biodiversitydata.nl/naturalis/specimen/L.1416080,,,https://medialib.naturalis.nl/file/id/L.1416080/format/large
2513714887,Cyrtosperma merkusii,Cyrtosperma merkusii (Hassk.) Schott,Cyrtosperma merkusii (Hassk.) Schott,ACCEPTED,PRESERVED_SPECIMEN,,,ID,Java,,,,,,Blume CL,"Blume, CL s.n.",,Botany,L.1416081,,,,15f819bd-6612-4447-854b-14d12ee1022d,https://data.biodiversitydata.nl/naturalis/specimen/L.1416081,,,https://medialib.naturalis.nl/file/id/L.1416081/format/large
2513715012,Cyrtosperma merkusii,Cyrtosperma merkusii (Hassk.) Schott,Cyrtosperma merkusii (Hassk.) Schott,ACCEPTED,PRESERVED_SPECIMEN,,,ID,Java,,,,,,Boerlage JG,"Boerlage, JG s.n.",,Botany,L.1416077,,,,15f819bd-6612-4447-854b-14d12ee1022d,https://data.biodiversitydata.nl/naturalis/specimen/L.1416077,,,https://medialib.naturalis.nl/file/id/L.1416077/format/large
2513715073,Cyrtosperma merkusii,Cyrtosperma merkusii (Hassk.) Schott,Cyrtosperma merkusii (Hassk.) Schott,ACCEPTED,PRESERVED_SPECIMEN,,,ID,Java,,,,,,Zippelius A,"Zippelius, A 42",,Botany,L.1416085,,,,15f819bd-6612-4447-854b-14d12ee1022d,https://data.biodiversitydata.nl/naturalis/specimen/L.1416085,,,https://medialib.naturalis.nl/file/id/L.1416085/format/large
2513715920,Cyrtosperma merkusii,Cyrtosperma merkusii (Hassk.) Schott,Cyrtosperma merkusii (Hassk.) Schott,ACCEPTED,PRESERVED_SPECIMEN,,,ID,Java,,,,,,Unknown,Unknown s.n.,,Botany,L.1416078,,,,15f819bd-6612-4447-854b-14d12ee1022d,https://data.biodiversitydata.nl/naturalis/specimen/L.1416078,,,https://medialib.naturalis.nl/file/id/L.1416078/format/large
2513716020,Cyrtosperma merkusii,Cyrtosperma chamissonis (Schott) Merr.,Cyrtosperma merkusii (Hassk.) Schott,SYNONYM,PRESERVED_SPECIMEN,,,ZZ,,!,,,,,Herb Lugd Bat,Herb Lugd Bat s.n.,,Botany,L.1415550,,,,15f819bd-6612-4447-854b-14d12ee1022d,https://data.biodiversitydata.nl/naturalis/specimen/L.1415550,,,https://medialib.naturalis.nl/file/id/L.1415550/format/large
2513716174,Cyrtosperma merkusii,Cyrtosperma merkusii (Hassk.) Schott,Cyrtosperma merkusii (Hassk.) Schott,ACCEPTED,PRESERVED_SPECIMEN,,,ID,Java,,,,,,Boerlage JG,"Boerlage, JG s.n.",,Botany,L.1416076,,,,15f819bd-6612-4447-854b-14d12ee1022d,https://data.biodiversitydata.nl/naturalis/specimen/L.1416076,,,https://medialib.naturalis.nl/file/id/L.1416076/format/large
2513716374,Cyrtosperma merkusii,Cyrtosperma merkusii (Hassk.) Schott,Cyrtosperma merkusii (Hassk.) Schott,ACCEPTED,PRESERVED_SPECIMEN,,,ID,Java,,,,,,Zippelius A,"Zippelius, A 42",,Botany,L.1416083,,,,15f819bd-6612-4447-854b-14d12ee1022d,https://data.biodiversitydata.nl/naturalis/specimen/L.1416083,,,https://medialib.naturalis.nl/file/id/L.1416083/format/large
2513716766,Cyrtosperma merkusii,Cyrtosperma merkusii (Hassk.) Schott,Cyrtosperma merkusii (Hassk.) Schott,ACCEPTED,PRESERVED_SPECIMEN,,,ZZ,,,,,,,Unknown,Unknown s.n.,,Botany,L.1416104,,,,15f819bd-6612-4447-854b-14d12ee1022d,https://data.biodiversitydata.nl/naturalis/specimen/L.1416104,,,https://medialib.naturalis.nl/file/id/L.1416104/format/large
2513716852,Cyrtosperma merkusii,Cyrtosperma merkusii (Hassk.) Schott,Cyrtosperma merkusii (Hassk.) Schott,ACCEPTED,PRESERVED_SPECIMEN,,,ID,Java,,,,,,Zippelius A,"Zippelius, A 42",,Botany,L.1416084,,,,15f819bd-6612-4447-854b-14d12ee1022d,https://data.biodiversitydata.nl/naturalis/specimen/L.1416084,,,https://medialib.naturalis.nl/file/id/L.1416084/format/large
2513717458,Cyrtosperma merkusii,Cyrtosperma merkusii (Hassk.) Schott,Cyrtosperma merkusii (Hassk.) Schott,ACCEPTED,PRESERVED_SPECIMEN,,,ID,Java,,,,,,Blume CL,"Blume, CL s.n.",,Botany,L.1416079,,,,15f819bd-6612-4447-854b-14d12ee1022d,https://data.biodiversitydata.nl/naturalis/specimen/L.1416079,,,https://medialib.naturalis.nl/file/id/L.1416079/format/large
2513717758,Cyrtosperma merkusii,Cyrtosperma merkusii (Hassk.) Schott,Cyrtosperma merkusii (Hassk.) Schott,ACCEPTED,PRESERVED_SPECIMEN,,,ID,Java,Java.,,,,,Unknown,Unknown s.n.,,Botany,L.1416086,,,,15f819bd-6612-4447-854b-14d12ee1022d,https://data.biodiversitydata.nl/naturalis/specimen/L.1416086,,,https://medialib.naturalis.nl/file/id/L.1416086/format/large
2592212554,Cyrtosperma merkusii,Cyrtosperma merkusii (Hassk.) Schott,Cyrtosperma merkusii (Hassk.) Schott,ACCEPTED,PRESERVED_SPECIMEN,,,FM,Pohnpei,Werua Islet. Kapingamarangi.,,,,,W. Niering,582,US,US,US 2585227A,,,NMNH Extant Biology,821cc27a-e3bb-4bc5-ac34-89ada245069d,http://n2t.net/ark:/65665/314f04ea8-7377-4e61-9366-bfb29c261b0c,,CONTINENT_INVALID;CONTINENT_DERIVED_FROM_COUNTRY;OCCURRENCE_STATUS_INFERRED_FROM_INDIVIDUAL_COUNT,https://collections.nmnh.si.edu/media/?i=14393520&h=2000
2592219343,Cyrtosperma merkusii,Cyrtosperma merkusii (Hassk.) Schott,Cyrtosperma merkusii (Hassk.) Schott,ACCEPTED,PRESERVED_SPECIMEN,,,ZZ,,,,,,,D. H. Nicolson,977,US,US,US 2425509,,,NMNH Extant Biology,821cc27a-e3bb-4bc5-ac34-89ada245069d,http://n2t.net/ark:/65665/32f93f06e-94a5-4cff-98ce-548d3ec65fe5,,OCCURRENCE_STATUS_INFERRED_FROM_INDIVIDUAL_COUNT,https://collections.nmnh.si.edu/media/?i=14393401&h=2000
2592220223,Cyrtosperma merkusii,Cyrtosperma merkusii (Hassk.) Schott,Cyrtosperma merkusii (Hassk.) Schott,ACCEPTED,PRESERVED_SPECIMEN,,,FM,Yap,Werua Islet. Kapingamarangi.,,,,,W. Niering,582,US,US,US 2585224A,,,NMNH Extant Biology,821cc27a-e3bb-4bc5-ac34-89ada245069d,http://n2t.net/ark:/65665/333084f3d-16f8-4292-b5cc-c2bc286a0bcd,,CONTINENT_INVALID;CONTINENT_DERIVED_FROM_COUNTRY;OCCURRENCE_STATUS_INFERRED_FROM_INDIVIDUAL_COUNT,https://collections.nmnh.si.edu/media/?i=14390130&h=2000
2592234223,Cyrtosperma merkusii,Cyrtosperma merkusii (Hassk.) Schott,Cyrtosperma merkusii (Hassk.) Schott,ACCEPTED,PRESERVED_SPECIMEN,,,FM,Pohnpei,Werua Islet. Kapingamarangi.,,,,,W. Niering,582,US,US,US 2585226A,,,NMNH Extant Biology,821cc27a-e3bb-4bc5-ac34-89ada245069d,http://n2t.net/ark:/65665/36a876a5a-d896-4e8d-8267-1b5825c0bedb,,CONTINENT_INVALID;CONTINENT_DERIVED_FROM_COUNTRY;OCCURRENCE_STATUS_INFERRED_FROM_INDIVIDUAL_COUNT,https://collections.nmnh.si.edu/media/?i=14388293&h=2000
2592268133,Cyrtosperma merkusii,Cyrtosperma merkusii (Hassk.) Schott,Cyrtosperma merkusii (Hassk.) Schott,ACCEPTED,PRESERVED_SPECIMEN,,,FM,Pohnpei,Werua Islet. Kapingamarangi.,,,,,W. Niering,582,US,US,US 2585225A,,,NMNH Extant Biology,821cc27a-e3bb-4bc5-ac34-89ada245069d,http://n2t.net/ark:/65665/3831cac32-bd3b-49e3-9731-fb0f36781894,,CONTINENT_INVALID;CONTINENT_DERIVED_FROM_COUNTRY;OCCURRENCE_STATUS_INFERRED_FROM_INDIVIDUAL_COUNT,https://collections.nmnh.si.edu/media/?i=14414307&h=2000
2592305518,Cyrtosperma merkusii,Cyrtosperma merkusii (Hassk.) Schott,Cyrtosperma merkusii (Hassk.) Schott,ACCEPTED,PRESERVED_SPECIMEN,,,KI,,Gilbert Islands. Nonouti/Tekiba. In einer Pflanzungsgrube im Buschland zwischen Lagune und Ostufer; viel gepflanzt.,,,,0.0,G. Koch,46,US,US,US 3296858,,,NMNH Extant Biology,821cc27a-e3bb-4bc5-ac34-89ada245069d,http://n2t.net/ark:/65665/3f038ba8f-4078-4ce9-ad3f-576f1eff98e2,,CONTINENT_INVALID;CONTINENT_DERIVED_FROM_COUNTRY;OCCURRENCE_STATUS_INFERRED_FROM_INDIVIDUAL_COUNT,https://collections.nmnh.si.edu/media/?i=14389235&h=2000
2592313436,Cyrtosperma merkusii,Cyrtosperma merkusii (Hassk.) Schott,Cyrtosperma merkusii (Hassk.) Schott,ACCEPTED,PRESERVED_SPECIMEN,,,FM,Pohnpei,Werua Islet. Kapingamarangi.,,,,,W. Niering,688,US,US,US 2585254A,,,NMNH Extant Biology,821cc27a-e3bb-4bc5-ac34-89ada245069d,http://n2t.net/ark:/65665/3cbc9d331-b0bf-45ce-871b-78708a3eac56,,CONTINENT_INVALID;CONTINENT_DERIVED_FROM_COUNTRY;OCCURRENCE_STATUS_INFERRED_FROM_INDIVIDUAL_COUNT,https://collections.nmnh.si.edu/media/?i=14389636&h=2000
2636379495,Cyrtosperma merkusii,Cyrtosperma chamissonis (Schott) Merr.,Cyrtosperma merkusii (Hassk.) Schott,SYNONYM,PRESERVED_SPECIMEN,,,WF,Horn - Futuna - Sigave,,-14.216667,-178.183333,,10.0,Hoff M. - Relevé Phytosociologique,,Université de Strasbourg,WF Wallis-Futuna,WF2475_,,,,75e787b4-14c4-4040-9bd8-477d343e3a91,WF2475_,,COORDINATE_ROUNDED;GEODETIC_DATUM_ASSUMED_WGS84;CONTINENT_DERIVED_FROM_COORDINATES;PRESUMED_NEGATED_LONGITUDE;INSTITUTION_MATCH_NONE,
2636379601,Cyrtosperma merkusii,Cyrtosperma chamissonis (Schott) Merr.,Cyrtosperma merkusii (Hassk.) Schott,SYNONYM,PRESERVED_SPECIMEN,,,WF,Horn - Futuna - Sigave,,-14.216667,-178.183333,,20.0,Hoff M. - Relevé Phytosociologique,,Université de Strasbourg,WF Wallis-Futuna,WF2786_,,,,75e787b4-14c4-4040-9bd8-477d343e3a91,WF2786_,,COORDINATE_ROUNDED;GEODETIC_DATUM_ASSUMED_WGS84;CONTINENT_DERIVED_FROM_COORDINATES;PRESUMED_NEGATED_LONGITUDE;INSTITUTION_MATCH_NONE,
3350300985,Cyrtosperma merkusii,Cyrtosperma merkusii (Hassk.) Schott,Cyrtosperma merkusii (Hassk.) Schott,ACCEPTED,PRESERVED_SPECIMEN,,,,,,,,,,,,,,J. Bogner 1954 (M),,,,d8cd16ba-bb74-4420-821e-083f2bac17c2,KJ128250,https://www.ebi.ac.uk/ena/browser/view/KJ128250,TAXON_CONCEPT_ID_NOT_FOUND;TAXON_ID_NOT_FOUND,
3403646366,Cyrtosperma merkusii,Cyrtosperma lasioides Griff.,Cyrtosperma merkusii (Hassk.) Schott,SYNONYM,PRESERVED_SPECIMEN,,,,,,,,,,,,RBGE,E,E01048491,,,Edinburgh (E) Herbarium Specimens,bf2a4bf0-5f31-11de-b67e-b8a03c50a862,https://data.rbge.org.uk/herb/E01048491,,,"https://iiif.rbge.org.uk/herb/iiif/E01048491/manifest;https://iiif.rbge.org.uk/herb/iiif/E01048491/full/1600,/0/default.jpg;https://iiif.rbge.org.uk/herb/iiif/E01048491/full/300,/0/default.jpg"
3403650365,Cyrtosperma merkusii,Cyrtosperma lasioides Griff.,Cyrtosperma merkusii (Hassk.) Schott,SYNONYM,PRESERVED_SPECIMEN,,,,,,,,,,,,RBGE,E,E01048492,,,Edinburgh (E) Herbarium Specimens,bf2a4bf0-5f31-11de-b67e-b8a03c50a862,https://data.rbge.org.uk/herb/E01048492,,,"https://iiif.rbge.org.uk/herb/iiif/E01048492/manifest;https://iiif.rbge.org.uk/herb/iiif/E01048492/full/1600,/0/default.jpg;https://iiif.rbge.org.uk/herb/iiif/E01048492/full/300,/0/default.jpg"
3461060403,Cyrtosperma merkusii,Cyrtosperma chamissonis (Schott) Merr.,Cyrtosperma merkusii (Hassk.) Schott,SYNONYM,PRESERVED_SPECIMEN,,,KI,,,,,,,,,RSA,VascularPlants,RSA0321093,,,,9781ce05-2379-4a10-ab3b-c91346510df8,c1a4a1ff-51f2-4b52-813f-ed09cf8db3f5,https://cch2.org/portal/collections/individual/index.php?occid=5228496,TAXON_ID_NOT_FOUND;INSTITUTION_MATCH_FUZZY;COLLECTION_MATCH_FUZZY,https://media01.symbiota.org/media/cch2/RSA_VascularPlants/RSA0321/RSA0321093_lg.jpg
3461060404,Cyrtosperma merkusii,Cyrtosperma chamissonis (Schott) Merr.,Cyrtosperma merkusii (Hassk.) Schott,SYNONYM,PRESERVED_SPECIMEN,,,FM,,,,,,,,,RSA,VascularPlants,RSA0321091,,,,9781ce05-2379-4a10-ab3b-c91346510df8,1ce6e150-734b-43ce-9280-06ad426f7dbb,https://cch2.org/portal/collections/individual/index.php?occid=5228504,CONTINENT_DERIVED_FROM_COUNTRY;TAXON_ID_NOT_FOUND;INSTITUTION_MATCH_FUZZY;COLLECTION_MATCH_FUZZY,https://media01.symbiota.org/media/cch2/RSA_VascularPlants/RSA0321/RSA0321091_lg.jpg
3461062399,Cyrtosperma merkusii,Cyrtosperma chamissonis (Schott) Merr.,Cyrtosperma merkusii (Hassk.) Schott,SYNONYM,PRESERVED_SPECIMEN,,,GU,,,,,,,,,RSA,VascularPlants,RSA0321089,,,,9781ce05-2379-4a10-ab3b-c91346510df8,783fffee-1c81-49de-91f8-48c1a70b491c,https://cch2.org/portal/collections/individual/index.php?occid=5228508,TAXON_ID_NOT_FOUND;INSTITUTION_MATCH_FUZZY;COLLECTION_MATCH_FUZZY,https://media01.symbiota.org/media/cch2/RSA_VascularPlants/RSA0321/RSA0321089_lg.jpg
3461066398,Cyrtosperma merkusii,Cyrtosperma chamissonis (Schott) Merr.,Cyrtosperma merkusii (Hassk.) Schott,SYNONYM,PRESERVED_SPECIMEN,,,,,,,,,,,,RSA,VascularPlants,RSA0321090,,,,9781ce05-2379-4a10-ab3b-c91346510df8,1fc0c3b1-e9d4-409a-b188-584b867d6dd3,https://cch2.org/portal/collections/individual/index.php?occid=5228505,TAXON_ID_NOT_FOUND;INSTITUTION_MATCH_FUZZY;COLLECTION_MATCH_FUZZY,https://media01.symbiota.org/media/cch2/RSA_VascularPlants/RSA0321/RSA0321090_lg.jpg
3461069395,Cyrtosperma merkusii,Cyrtosperma chamissonis (Schott) Merr.,Cyrtosperma merkusii (Hassk.) Schott,SYNONYM,PRESERVED_SPECIMEN,,,PF,,,,,,,,,RSA,VascularPlants,RSA0321096,,,,9781ce05-2379-4a10-ab3b-c91346510df8,d84aed3a-2691-4ea8-9ebb-ca3dc591fafe,https://cch2.org/portal/collections/individual/index.php?occid=5228482,TAXON_ID_NOT_FOUND;INSTITUTION_MATCH_FUZZY;COLLECTION_MATCH_FUZZY,https://media01.symbiota.org/media/cch2/RSA_VascularPlants/RSA0321/RSA0321096_lg.jpg
3461070400,Cyrtosperma merkusii,Cyrtosperma merkusii (Hassk.) Schott,Cyrtosperma merkusii (Hassk.) Schott,ACCEPTED,PRESERVED_SPECIMEN,,,PF,,,,,,,,,RSA,VascularPlants,RSA0321101,,,,9781ce05-2379-4a10-ab3b-c91346510df8,6a950769-4788-4ab1-b33a-de036294ed2a,https://cch2.org/portal/collections/individual/index.php?occid=5228517,TAXON_ID_NOT_FOUND;INSTITUTION_MATCH_FUZZY;COLLECTION_MATCH_FUZZY,https://media01.symbiota.org/media/cch2/RSA_VascularPlants/RSA0321/RSA0321101_lg.jpg
3461072398,Cyrtosperma merkusii,Cyrtosperma chamissonis (Schott) Merr.,Cyrtosperma merkusii (Hassk.) Schott,SYNONYM,PRESERVED_SPECIMEN,,,,,,,,,,,,RSA,VascularPlants,RSA0321095,,,,9781ce05-2379-4a10-ab3b-c91346510df8,e00f26e0-6344-4cc6-848a-7510ba58f0b9,https://cch2.org/portal/collections/individual/index.php?occid=5228489,TAXON_ID_NOT_FOUND;INSTITUTION_MATCH_FUZZY;COLLECTION_MATCH_FUZZY,https://media01.symbiota.org/media/cch2/RSA_VascularPlants/RSA0321/RSA0321095_lg.jpg
3461075403,Cyrtosperma merkusii,Cyrtosperma chamissonis (Schott) Merr.,Cyrtosperma merkusii (Hassk.) Schott,SYNONYM,PRESERVED_SPECIMEN,,,PW,,,,,,,,,RSA,VascularPlants,RSA0321094,,,,9781ce05-2379-4a10-ab3b-c91346510df8,70a0e854-f904-4d47-9e4c-82b89e31c92d,https://cch2.org/portal/collections/individual/index.php?occid=5228491,TAXON_ID_NOT_FOUND;INSTITUTION_MATCH_FUZZY;COLLECTION_MATCH_FUZZY,https://media01.symbiota.org/media/cch2/RSA_VascularPlants/RSA0321/RSA0321094_lg.jpg
3461079397,Cyrtosperma merkusii,Cyrtosperma chamissonis (Schott) Merr.,Cyrtosperma merkusii (Hassk.) Schott,SYNONYM,PRESERVED_SPECIMEN,,,US,Marshall Islands,,,,,,,,RSA,VascularPlants,RSA0321092,,,,9781ce05-2379-4a10-ab3b-c91346510df8,7b17874b-3caa-41ae-8510-f85429f35cff,https://cch2.org/portal/collections/individual/index.php?occid=5228500,TAXON_ID_NOT_FOUND;INSTITUTION_MATCH_FUZZY;COLLECTION_MATCH_FUZZY,https://media01.symbiota.org/media/cch2/RSA_VascularPlants/RSA0321/RSA0321092_lg.jpg
3846970312,Cyrtosperma merkusii,Cyrtosperma chamissonis (Schott) Merr.,Cyrtosperma merkusii (Hassk.) Schott,SYNONYM,HUMAN_OBSERVATION,,,WF,,,-13.75548,-177.08021,111214.0,,,,,,,,,,6ed43f52-25d1-4d56-a821-63a8564b81f6,c3ea427a-7498-4296-b1f5-53088d65bc39,,COUNTRY_MISMATCH;TAXON_ID_NOT_FOUND,
3847033331,Cyrtosperma merkusii,Cyrtosperma chamissonis (Schott) Merr.,Cyrtosperma merkusii (Hassk.) Schott,SYNONYM,HUMAN_OBSERVATION,,,PF,,,,,,,,,,,,,,,6ed43f52-25d1-4d56-a821-63a8564b81f6,9e15542c-4973-4127-bb4c-95460276473a,,COUNTRY_MISMATCH;CONTINENT_DERIVED_FROM_COUNTRY;TAXON_ID_NOT_FOUND,
3935045955,Cyrtosperma merkusii,Cyrtosperma chamissonis (Schott) Merr.,Cyrtosperma merkusii (Hassk.) Schott,SYNONYM,HUMAN_OBSERVATION,,,WF,,,-13.75548,-177.08021,111214.0,,,,,,,,,,91aa3d5b-6f77-4135-a823-cef438a60dfa,bdf26ea7-55f4-4ee4-bab0-da27c3e89ae0,,COUNTRY_MISMATCH;TAXON_ID_NOT_FOUND,
3935118051,Cyrtosperma merkusii,Cyrtosperma chamissonis (Schott) Merr.,Cyrtosperma merkusii (Hassk.) Schott,SYNONYM,HUMAN_OBSERVATION,,,PF,,,,,,,,,,,,,,,91aa3d5b-6f77-4135-a823-cef438a60dfa,531f56e0-3e2f-4173-8ff1-513d301d802f,,COUNTRY_MISMATCH;CONTINENT_DERIVED_FROM_COUNTRY;TAXON_ID_NOT_FOUND,
4548121219,Cyrtosperma merkusii,Cyrtosperma chamissonis (Schott) Merr.,Cyrtosperma merkusii (Hassk.) Schott,SYNONYM,HUMAN_OBSERVATION,,,WF,,,-13.75548,-177.08021,111214.0,,,,,,,,,,f553f8f9-b147-4f09-86e5-0d1ce1a91ce0,d2e0c9f0-d9f9-4081-b73d-949d1b08ba8d,,COUNTRY_MISMATCH;TAXON_ID_NOT_FOUND,
4548462345,Cyrtosperma merkusii,Cyrtosperma chamissonis (Schott) Merr.,Cyrtosperma merkusii (Hassk.) Schott,SYNONYM,HUMAN_OBSERVATION,,,PF,,,,,,,,,,,,,,,f553f8f9-b147-4f09-86e5-0d1ce1a91ce0,4d998080-49a7-48f3-8560-f1450f087262,,COUNTRY_MISMATCH;CONTINENT_DERIVED_FROM_COUNTRY;TAXON_ID_NOT_FOUND,
4602016373,Cyrtosperma merkusii,Cyrtosperma merkusii (Hassk.) Schott,Cyrtosperma merkusii (Hassk.) Schott,ACCEPTED,PRESERVED_SPECIMEN,,,,,[Borneo; Clapton],,,,,"Low, A.",s.n.,K,Herbarium,K002555898,,,,cd6e21c8-9e8a-493a-8a76-fbf7862069e5,http://specimens.kew.org/herbarium/K002555898,,INSTITUTION_MATCH_FUZZY;INSTITUTION_COLLECTION_MISMATCH,https://d2jcv3kl45hlgi.cloudfront.net/bcfe0ccffdab83c62ce8bca5be6847bb.jpg
4602017379,Cyrtosperma merkusii,Cyrtosperma merkusii (Hassk.) Schott,Cyrtosperma merkusii (Hassk.) Schott,ACCEPTED,PRESERVED_SPECIMEN,,,,,,,,,,"Wray, L. Jr.",1406,K,Herbarium,K002555860,,,,cd6e21c8-9e8a-493a-8a76-fbf7862069e5,http://specimens.kew.org/herbarium/K002555860,,INSTITUTION_MATCH_FUZZY;INSTITUTION_COLLECTION_MISMATCH,https://d2jcv3kl45hlgi.cloudfront.net/d620fbe3e540166c8f78f0b7c930c7b1.jpg
4602018324,Cyrtosperma merkusii,Cyrtosperma merkusii (Hassk.) Schott,Cyrtosperma merkusii (Hassk.) Schott,ACCEPTED,PRESERVED_SPECIMEN,,,MY,,Borneo Low,,,,,s.coll.,1554,K,Herbarium,K002555897,,,,cd6e21c8-9e8a-493a-8a76-fbf7862069e5,http://specimens.kew.org/herbarium/K002555897,,CONTINENT_DERIVED_FROM_COUNTRY;INSTITUTION_MATCH_FUZZY;INSTITUTION_COLLECTION_MISMATCH,https://d2jcv3kl45hlgi.cloudfront.net/1e246cf8f45cf8d48f277e36451d771d.jpg
4602019345,Cyrtosperma merkusii,Cyrtosperma merkusii (Hassk.) Schott,Cyrtosperma merkusii (Hassk.) Schott,ACCEPTED,PRESERVED_SPECIMEN,,,ID,,"Deutsch-Neuguinea, Sepikgebiet.",,,,,Ledermann,s.n.,K,Herbarium,K002555901,,,,cd6e21c8-9e8a-493a-8a76-fbf7862069e5,http://specimens.kew.org/herbarium/K002555901,,INSTITUTION_MATCH_FUZZY;INSTITUTION_COLLECTION_MISMATCH,https://d2jcv3kl45hlgi.cloudfront.net/4537acb2a5358c7f729d4049338e3d23.jpg
4602019349,Cyrtosperma merkusii,Cyrtosperma merkusii (Hassk.) Schott,Cyrtosperma merkusii (Hassk.) Schott,ACCEPTED,PRESERVED_SPECIMEN,,,,,British Solomon Islands Protectorate; Santa Ysabel,,,,,s.coll.,s.n.,K,Herbarium,K002555952,,,,cd6e21c8-9e8a-493a-8a76-fbf7862069e5,http://specimens.kew.org/herbarium/K002555952,,INSTITUTION_MATCH_FUZZY;INSTITUTION_COLLECTION_MISMATCH,https://d2jcv3kl45hlgi.cloudfront.net/8786ef008e58af6c681651ebc1f9c967.jpg
4602021330,Cyrtosperma merkusii,Cyrtosperma merkusii (Hassk.) Schott,Cyrtosperma merkusii (Hassk.) Schott,ACCEPTED,PRESERVED_SPECIMEN,,,,,,,,,,s.coll.,s.n.,K,Herbarium,K002555895,,,,cd6e21c8-9e8a-493a-8a76-fbf7862069e5,http://specimens.kew.org/herbarium/K002555895,,INSTITUTION_MATCH_FUZZY;INSTITUTION_COLLECTION_MISMATCH,https://d2jcv3kl45hlgi.cloudfront.net/285b214e59ebbeb7350661562c2f4f86.jpg
4602022320,Cyrtosperma merkusii,Cyrtosperma merkusii (Hassk.) Schott,Cyrtosperma merkusii (Hassk.) Schott,ACCEPTED,PRESERVED_SPECIMEN,,,,,[Borneo; Clapton],,,,,"Low, A.",s.n.,K,Herbarium,K002555899,,,,cd6e21c8-9e8a-493a-8a76-fbf7862069e5,http://specimens.kew.org/herbarium/K002555899,,INSTITUTION_MATCH_FUZZY;INSTITUTION_COLLECTION_MISMATCH,https://d2jcv3kl45hlgi.cloudfront.net/58ffaee435c432a87e7eb8a80a841248.jpg
4602023361,Cyrtosperma merkusii,Cyrtosperma merkusii (Hassk.) Schott,Cyrtosperma merkusii (Hassk.) Schott,ACCEPTED,PRESERVED_SPECIMEN,,,SG,,Poshn,,,,,[Lobb],46,K,Herbarium,K002555873,,,,cd6e21c8-9e8a-493a-8a76-fbf7862069e5,http://specimens.kew.org/herbarium/K002555873,,CONTINENT_DERIVED_FROM_COUNTRY;INSTITUTION_MATCH_FUZZY;INSTITUTION_COLLECTION_MISMATCH,https://d2jcv3kl45hlgi.cloudfront.net/04192a7624f3aac537b8d2c203647b9d.jpg
4602024366,Cyrtosperma merkusii,Cyrtosperma merkusii (Hassk.) Schott,Cyrtosperma merkusii (Hassk.) Schott,ACCEPTED,PRESERVED_SPECIMEN,,,WS,,,,,,,"Pawek, J.",52,K,Herbarium,K002555959,,,,cd6e21c8-9e8a-493a-8a76-fbf7862069e5,http://specimens.kew.org/herbarium/K002555959,,CONTINENT_DERIVED_FROM_COUNTRY;INSTITUTION_MATCH_FUZZY;INSTITUTION_COLLECTION_MISMATCH,https://d2jcv3kl45hlgi.cloudfront.net/3ca96b5dc46c7db8f5afd6da0db96d0a.jpg;https://d2jcv3kl45hlgi.cloudfront.net/9ff286c103f39eb2f9e20afa87508691.jpg
4602165323,Cyrtosperma merkusii,Cyrtosperma merkusii (Hassk.) Schott,Cyrtosperma merkusii (Hassk.) Schott,ACCEPTED,PRESERVED_SPECIMEN,,,MY,,Rawang,,,,,"Ridley, H.N.; Kloss, C.B.",s.n.,K,Herbarium,K002555869,,,,cd6e21c8-9e8a-493a-8a76-fbf7862069e5,http://specimens.kew.org/herbarium/K002555869,,CONTINENT_DERIVED_FROM_COUNTRY;INSTITUTION_MATCH_FUZZY;INSTITUTION_COLLECTION_MISMATCH,https://d2jcv3kl45hlgi.cloudfront.net/b6563f8d90c4127f57b20f8d52b5b570.jpg;https://d2jcv3kl45hlgi.cloudfront.net/46900c77854f45df8214a0cecebc617a.jpg
4602165327,Cyrtosperma merkusii,Cyrtosperma merkusii (Hassk.) Schott,Cyrtosperma merkusii (Hassk.) Schott,ACCEPTED,PRESERVED_SPECIMEN,,,ID,,"Bogor, S.E. West Irian; Ingembit, frontier.",-5.633333,141.0,,125.0,"Reksodihardjo, S.",311,K,Herbarium,K002555902,,,,cd6e21c8-9e8a-493a-8a76-fbf7862069e5,http://specimens.kew.org/herbarium/K002555902,,COORDINATE_ROUNDED;GEODETIC_DATUM_ASSUMED_WGS84;CONTINENT_DERIVED_FROM_COORDINATES;INSTITUTION_MATCH_FUZZY;INSTITUTION_COLLECTION_MISMATCH,https://d2jcv3kl45hlgi.cloudfront.net/2a8767cf2d6f09ee2401f8ec044404ad.jpg;https://d2jcv3kl45hlgi.cloudfront.net/4a6a45429274b6e607bad9cb8a25f993.jpg
4602166334,Cyrtosperma merkusii,Cyrtosperma merkusii (Hassk.) Schott,Cyrtosperma merkusii (Hassk.) Schott,ACCEPTED,PRESERVED_SPECIMEN,,,SG,,Poshn,,,,,[Lobb],s.n.,K,Herbarium,K002555874,,,,cd6e21c8-9e8a-493a-8a76-fbf7862069e5,http://specimens.kew.org/herbarium/K002555874,,CONTINENT_DERIVED_FROM_COUNTRY;INSTITUTION_MATCH_FUZZY;INSTITUTION_COLLECTION_MISMATCH,https://d2jcv3kl45hlgi.cloudfront.net/f6b1ec1e9c2ab51d06813a5e1f86558f.jpg
4856564259,Cyrtosperma merkusii,Cyrtosperma merkusii (Hassk.) Schott,Cyrtosperma merkusii (Hassk.) Schott,ACCEPTED,PRESERVED_SPECIMEN,,,CK,,,,,,,,,,UC,UC393356,,,,83a49751-4282-481e-a847-1c5c224a0551,UCJEPS:UC:UC393356,https://webapps.cspace.berkeley.edu/ucjeps/publicsearch/publicsearch/?accession=UC393356&displayType=full&maxresults=5&start=1,CONTINENT_DERIVED_FROM_COUNTRY,
4856696332,Cyrtosperma merkusii,Cyrtosperma merkusii (Hassk.) Schott,Cyrtosperma merkusii (Hassk.) Schott,ACCEPTED,PRESERVED_SPECIMEN,,,,Onotoa,,,,,,,,,UC,UC1021380,,,,83a49751-4282-481e-a847-1c5c224a0551,UCJEPS:UC:UC1021380,https://webapps.cspace.berkeley.edu/ucjeps/publicsearch/publicsearch/?accession=UC1021380&displayType=full&maxresults=5&start=1,,
4856858276,Cyrtosperma merkusii,Cyrtosperma merkusii (Hassk.) Schott,Cyrtosperma merkusii (Hassk.) Schott,ACCEPTED,PRESERVED_SPECIMEN,,,PH,,,,,,,,,,UC,UC272588,,,,83a49751-4282-481e-a847-1c5c224a0551,UCJEPS:UC:UC272588,https://webapps.cspace.berkeley.edu/ucjeps/publicsearch/publicsearch/?accession=UC272588&displayType=full&maxresults=5&start=1,CONTINENT_DERIVED_FROM_COUNTRY,
4856858381,Cyrtosperma merkusii,Cyrtosperma merkusii (Hassk.) Schott,Cyrtosperma merkusii (Hassk.) Schott,ACCEPTED,PRESERVED_SPECIMEN,,,WS,,,,,,,,,,UC,UC215637,,,,83a49751-4282-481e-a847-1c5c224a0551,UCJEPS:UC:UC215637,https://webapps.cspace.berkeley.edu/ucjeps/publicsearch/publicsearch/?accession=UC215637&displayType=full&maxresults=5&start=1,CONTINENT_DERIVED_FROM_COUNTRY,
4856858382,Cyrtosperma merkusii,Cyrtosperma merkusii (Hassk.) Schott,Cyrtosperma merkusii (Hassk.) Schott,ACCEPTED,PRESERVED_SPECIMEN,,,WS,,,,,,,,,,UC,UC215640,,,,83a49751-4282-481e-a847-1c5c224a0551,UCJEPS:UC:UC215640,https://webapps.cspace.berkeley.edu/ucjeps/publicsearch/publicsearch/?accession=UC215640&displayType=full&maxresults=5&start=1,CONTINENT_DERIVED_FROM_COUNTRY,
4856858573,Cyrtosperma merkusii,Cyrtosperma merkusii (Hassk.) Schott,Cyrtosperma merkusii (Hassk.) Schott,ACCEPTED,PRESERVED_SPECIMEN,,,PF,,,,,,,,,,UC,UC219820,,,,83a49751-4282-481e-a847-1c5c224a0551,UCJEPS:UC:UC219820,https://webapps.cspace.berkeley.edu/ucjeps/publicsearch/publicsearch/?accession=UC219820&displayType=full&maxresults=5&start=1,CONTINENT_DERIVED_FROM_COUNTRY,
4856858957,Cyrtosperma merkusii,Cyrtosperma merkusii (Hassk.) Schott,Cyrtosperma merkusii (Hassk.) Schott,ACCEPTED,PRESERVED_SPECIMEN,,,PF,,,,,,,,,,UC,UC237736,,,,83a49751-4282-481e-a847-1c5c224a0551,UCJEPS:UC:UC237736,https://webapps.cspace.berkeley.edu/ucjeps/publicsearch/publicsearch/?accession=UC237736&displayType=full&maxresults=5&start=1,CONTINENT_DERIVED_FROM_COUNTRY,
4856868513,Cyrtosperma merkusii,Cyrtosperma merkusii (Hassk.) Schott,Cyrtosperma merkusii (Hassk.) Schott,ACCEPTED,PRESERVED_SPECIMEN,,,SG,,,,,,,,,,UC,UC266897,,,,83a49751-4282-481e-a847-1c5c224a0551,UCJEPS:UC:UC266897,https://webapps.cspace.berkeley.edu/ucjeps/publicsearch/publicsearch/?accession=UC266897&displayType=full&maxresults=5&start=1,CONTINENT_DERIVED_FROM_COUNTRY,
4857255208,Cyrtosperma merkusii,Cyrtosperma merkusii (Hassk.) Schott,Cyrtosperma merkusii (Hassk.) Schott,ACCEPTED,PRESERVED_SPECIMEN,,,CK,,,,,,,,,,UC,UC393351,,,,83a49751-4282-481e-a847-1c5c224a0551,UCJEPS:UC:UC393351,https://webapps.cspace.berkeley.edu/ucjeps/publicsearch/publicsearch/?accession=UC393351&displayType=full&maxresults=5&start=1,CONTINENT_DERIVED_FROM_COUNTRY,
5956297966,Cyrtosperma merkusii,Cyrtosperma merkusii (Hassk.) Schott,Cyrtosperma merkusii (Hassk.) Schott,ACCEPTED,PRESERVED_SPECIMEN,,,,,,,,,,"Barrau, J.",s.n.,BISH,,102142,NotAType,,,cfb43618-1423-4031-b3ff-fbd2c264f48b,102142,https://pacific.symbiota.org/portal/collections/individual/index.php?occid=525394,TAXON_ID_NOT_FOUND;INSTITUTION_MATCH_NONE,
6430187628,Cyrtosperma merkusii,Cyrtosperma merkusii (Hassk.) Schott,Cyrtosperma merkusii (Hassk.) Schott,ACCEPTED,MATERIAL_CITATION,,,,,,,,,,,,UB-BSMA-BOT,,,,,ChromoDB: chromosome counts database for vascular plants,58dd7802-12e3-47c4-af69-90d440fc8305,chromodb-75356,https://database.chromodb.net/record.php?id=chromodb-75356,INSTITUTION_MATCH_NONE,
1261088870,Cyrtosperma merkusii,Cyrtosperma merkusii (Hassk.) Schott,Cyrtosperma merkusii (Hassk.) Schott,ACCEPTED,PRESERVED_SPECIMEN,1837-02,1837,SG,,,,,,,C. Gaudichaud-Beaupré,108,P,Tropicos,389568,,T. Croat,Tropicos,e053ff53-c156-4e2e-b9b5-4462e9625424,urn:catalog:MO:Tropicos:389568,,TAXON_ID_NOT_FOUND;COLLECTION_MATCH_NONE;INSTITUTION_MATCH_FUZZY,
912415904,Cyrtosperma merkusii,Cyrtosperma merkusii (Hassk.) Schott,Cyrtosperma merkusii (Hassk.) Schott,ACCEPTED,PRESERVED_SPECIMEN,1860-01-01T00:00,1860,FJ,,Vulgo Via Kana,,,,,"Seemann, B.",653,K,Herbarium,K000499253,Type,"Boyce, P.C.",,cd6e21c8-9e8a-493a-8a76-fbf7862069e5,http://specimens.kew.org/herbarium/K000499253,,CONTINENT_DERIVED_FROM_COUNTRY;INSTITUTION_MATCH_FUZZY;INSTITUTION_COLLECTION_MISMATCH,https://d2jcv3kl45hlgi.cloudfront.net/01d77962fc15689ed1e637f6b6e29113.jpg
1999110048,Cyrtosperma merkusii,Cyrtosperma edule Schott,Cyrtosperma merkusii (Hassk.) Schott,SYNONYM,PRESERVED_SPECIMEN,1860,1860,FJ,,,,,,,B. C. Seemann,653,GH,GH,barcode-00028688,Isotype,W. Kittredge,Harvard University Herbaria: All Records,861e6afe-f762-11e1-a439-00145eb45e9a,b656f652-f2cb-414c-b9ee-b78dd8c4726b,http://data.huh.harvard.edu/b656f652-f2cb-414c-b9ee-b78dd8c4726b/image,TAXON_MATCH_FUZZY,https://s3.amazonaws.com/herbaria2/GPI-Types/HUHGPI00054/Araceae/full/full_GH00028688.jpg;https://s3.amazonaws.com/huhwebimages/9B923DFF191445D/type/full/28688.jpg
1056612561,Cyrtosperma merkusii,Cyrtosperma merkusii (Hassk.) Schott,Cyrtosperma merkusii (Hassk.) Schott,ACCEPTED,PRESERVED_SPECIMEN,1861,1861,FJ,,,,,77.71,,Berthold Carl Seemann,s.n.,NHMUK,BOT,BM000990193,Isotype,,,7e380070-f762-11e1-a439-00145eb45e9a,e4714c99-8c8a-4d90-b21c-3f61eb1bd3cd,,INSTITUTION_MATCH_FUZZY;COLLECTION_MATCH_FUZZY,https://data.nhm.ac.uk/media/34aa63b5-5205-432e-b033-413b9b67a439
4602024361,Cyrtosperma merkusii,Cyrtosperma merkusii (Hassk.) Schott,Cyrtosperma merkusii (Hassk.) Schott,ACCEPTED,PRESERVED_SPECIMEN,1865-01-01T00:00,1865,MY,,Borneo,,,,,"Beccari, O.",[681],K,Herbarium,K002555896,,,,cd6e21c8-9e8a-493a-8a76-fbf7862069e5,http://specimens.kew.org/herbarium/K002555896,,CONTINENT_DERIVED_FROM_COUNTRY;INSTITUTION_MATCH_FUZZY;INSTITUTION_COLLECTION_MISMATCH,https://d2jcv3kl45hlgi.cloudfront.net/5fe638fc7f9a60f140e648c84f75c673.jpg
4602024358,Cyrtosperma merkusii,Cyrtosperma merkusii (Hassk.) Schott,Cyrtosperma merkusii (Hassk.) Schott,ACCEPTED,PRESERVED_SPECIMEN,1866-06-03T00:00,1866,MY,,,,,,,s.coll.,3182,K,Herbarium,K002555863,,,,cd6e21c8-9e8a-493a-8a76-fbf7862069e5,http://specimens.kew.org/herbarium/K002555863,,CONTINENT_DERIVED_FROM_COUNTRY;INSTITUTION_MATCH_FUZZY;INSTITUTION_COLLECTION_MISMATCH,https://d2jcv3kl45hlgi.cloudfront.net/9f50faa1d3e7c08a330bb135efd07592.jpg
2513716381,Cyrtosperma merkusii,Cyrtosperma merkusii (Hassk.) Schott,Cyrtosperma merkusii (Hassk.) Schott,ACCEPTED,PRESERVED_SPECIMEN,1869-01-01/1869-12-31,1869,ZZ,,,,,,,Teijsmann JE,"Teijsmann, JE s.n.",,Botany,L.1416105,,,,15f819bd-6612-4447-854b-14d12ee1022d,https://data.biodiversitydata.nl/naturalis/specimen/L.1416105,,,https://medialib.naturalis.nl/file/id/L.1416105/format/large
2513716507,Cyrtosperma merkusii,Cyrtosperma merkusii (Hassk.) Schott,Cyrtosperma merkusii (Hassk.) Schott,ACCEPTED,PRESERVED_SPECIMEN,1881-08-01/1881-08-31,1881,MY,,! Parak.,,,,,King's collector G,"King's collector, G s.n.",,Botany,L.1416117,,,,15f819bd-6612-4447-854b-14d12ee1022d,https://data.biodiversitydata.nl/naturalis/specimen/L.1416117,,,https://medialib.naturalis.nl/file/id/L.1416117/format/large
4602022318,Cyrtosperma merkusii,Cyrtosperma merkusii (Hassk.) Schott,Cyrtosperma merkusii (Hassk.) Schott,ACCEPTED,PRESERVED_SPECIMEN,1881-08-01T00:00,1881,MY,,Malay Peninsula; Larut,,,,,Dr. King's Collector,2260,K,Herbarium,K002555866,,,,cd6e21c8-9e8a-493a-8a76-fbf7862069e5,http://specimens.kew.org/herbarium/K002555866,,CONTINENT_DERIVED_FROM_COUNTRY;INSTITUTION_MATCH_FUZZY;INSTITUTION_COLLECTION_MISMATCH,https://d2jcv3kl45hlgi.cloudfront.net/a1ec2ade7bffc94c34ef0fb1fe43bc4f.jpg
2592209586,Cyrtosperma merkusii,Cyrtosperma merkusii (Hassk.) Schott,Cyrtosperma merkusii (Hassk.) Schott,ACCEPTED,PRESERVED_SPECIMEN,1883-06,1883,MY,Perak,The [illegible text]. Larut. Gopeng Srinta C.P.,,,,152.0,Dr. King's collector,4357,US,US,US 261192,,,NMNH Extant Biology,821cc27a-e3bb-4bc5-ac34-89ada245069d,http://n2t.net/ark:/65665/3090d1909-1724-4543-8117-117aeccd8b93,,OCCURRENCE_STATUS_INFERRED_FROM_INDIVIDUAL_COUNT,https://collections.nmnh.si.edu/media/?i=14388701&h=2000
2592225665,Cyrtosperma merkusii,Cyrtosperma merkusii (Hassk.) Schott,Cyrtosperma merkusii (Hassk.) Schott,ACCEPTED,PRESERVED_SPECIMEN,1883-06,1883,MY,Perak,The Malay Peninsula. Laurt. Gopeng Srinta C.P.,,,,,Dr. King's collector,4357,US,US,US 261193,,,NMNH Extant Biology,821cc27a-e3bb-4bc5-ac34-89ada245069d,http://n2t.net/ark:/65665/348950cb0-a485-4af3-bad4-ef39d64a6eb3,,OCCURRENCE_STATUS_INFERRED_FROM_INDIVIDUAL_COUNT,https://collections.nmnh.si.edu/media/?i=14397578&h=2000
4602018321,Cyrtosperma merkusii,Cyrtosperma merkusii (Hassk.) Schott,Cyrtosperma merkusii (Hassk.) Schott,ACCEPTED,PRESERVED_SPECIMEN,1883-06-01T00:00,1883,MY,,"Malay Peninsula; Larut, Open pen wet or swampy places.",,,,,Dr. King's Collector,4357,K,Herbarium,K002555864,,,,cd6e21c8-9e8a-493a-8a76-fbf7862069e5,http://specimens.kew.org/herbarium/K002555864,,CONTINENT_DERIVED_FROM_COUNTRY;INSTITUTION_MATCH_FUZZY;INSTITUTION_COLLECTION_MISMATCH,https://d2jcv3kl45hlgi.cloudfront.net/d74cd9a8e718cac5f945b070276d5b4b.jpg
4602021327,Cyrtosperma merkusii,Cyrtosperma merkusii (Hassk.) Schott,Cyrtosperma merkusii (Hassk.) Schott,ACCEPTED,PRESERVED_SPECIMEN,1883-06-01T00:00,1883,MY,,"Malay Peninsula; Larut, Open Divi: wet or swampy places",,,,,Dr. King's Collector,4357,K,Herbarium,K002555862,,,,cd6e21c8-9e8a-493a-8a76-fbf7862069e5,http://specimens.kew.org/herbarium/K002555862,,CONTINENT_DERIVED_FROM_COUNTRY;INSTITUTION_MATCH_FUZZY;INSTITUTION_COLLECTION_MISMATCH,https://d2jcv3kl45hlgi.cloudfront.net/6ca44b94a06808e572f2b13de41df9c3.jpg
4602146753,Cyrtosperma merkusii,Cyrtosperma merkusii (Hassk.) Schott,Cyrtosperma merkusii (Hassk.) Schott,ACCEPTED,PRESERVED_SPECIMEN,1883-06-01T00:00,1883,MY,,Peninsula; Larut; Open pres wet swampry places.,,,,,Kings,4357,K,Herbarium,K001733725,,,,cd6e21c8-9e8a-493a-8a76-fbf7862069e5,http://specimens.kew.org/herbarium/K001733725,,CONTINENT_DERIVED_FROM_COUNTRY;INSTITUTION_MATCH_FUZZY;INSTITUTION_COLLECTION_MISMATCH,https://d2jcv3kl45hlgi.cloudfront.net/d642d3ba74c835fb5abcbbb49cde9d53.jpg
2513713503,Cyrtosperma merkusii,Cyrtosperma lasioides Griff.,Cyrtosperma merkusii (Hassk.) Schott,SYNONYM,PRESERVED_SPECIMEN,1884-03-01/1884-03-31,1884,MY,,"Flora of the Malay Peninsula. Larut, Perak.",,,,,King's collector G,"King's collector, G 5654",,Botany,L.1415517,,,,15f819bd-6612-4447-854b-14d12ee1022d,https://data.biodiversitydata.nl/naturalis/specimen/L.1415517,,,https://medialib.naturalis.nl/file/id/L.1415517/format/large
4602016371,Cyrtosperma merkusii,Cyrtosperma merkusii (Hassk.) Schott,Cyrtosperma merkusii (Hassk.) Schott,ACCEPTED,PRESERVED_SPECIMEN,1884-03-01T00:00,1884,MY,,Malay Peninsuia; Larut,,,,,Dr. King's Collector,5654,K,Herbarium,K002555865,,,,cd6e21c8-9e8a-493a-8a76-fbf7862069e5,http://specimens.kew.org/herbarium/K002555865,,CONTINENT_DERIVED_FROM_COUNTRY;INSTITUTION_MATCH_FUZZY;INSTITUTION_COLLECTION_MISMATCH,https://d2jcv3kl45hlgi.cloudfront.net/e665df014e6b5d7a79e35e1f01662228.jpg
4602015333,Cyrtosperma merkusii,Cyrtosperma merkusii (Hassk.) Schott,Cyrtosperma merkusii (Hassk.) Schott,ACCEPTED,PRESERVED_SPECIMEN,1885-07-01T00:00,1885,MY,,,,,,250.0,King,1813,K,Herbarium,K002555858,,,,cd6e21c8-9e8a-493a-8a76-fbf7862069e5,http://specimens.kew.org/herbarium/K002555858,,CONTINENT_DERIVED_FROM_COUNTRY;INSTITUTION_MATCH_FUZZY;INSTITUTION_COLLECTION_MISMATCH,https://d2jcv3kl45hlgi.cloudfront.net/006a6bcfbb36d2ba0c3c30316b7d42e8.jpg
1057522747,Cyrtosperma merkusii,Cyrtosperma merkusii (Hassk.) Schott,Cyrtosperma merkusii (Hassk.) Schott,ACCEPTED,PRESERVED_SPECIMEN,1889-02-06,1889,SG,,,1.351617,103.80805,46.0,,Henry Nicholas Ridley,s.n.,NHMUK,BOT,BM000957465,,,,7e380070-f762-11e1-a439-00145eb45e9a,95552c9a-8afc-48c4-be84-041ae656a1eb,,GEODETIC_DATUM_ASSUMED_WGS84;INSTITUTION_MATCH_FUZZY;COLLECTION_MATCH_FUZZY,
4602019342,Cyrtosperma merkusii,Cyrtosperma merkusii (Hassk.) Schott,Cyrtosperma merkusii (Hassk.) Schott,ACCEPTED,PRESERVED_SPECIMEN,1891-01-01T00:00,1891,MY,,[Kiuala Mahang],,,,,"Ridley, H.N.",2395,K,Herbarium,K002555868,,,,cd6e21c8-9e8a-493a-8a76-fbf7862069e5,http://specimens.kew.org/herbarium/K002555868,,CONTINENT_DERIVED_FROM_COUNTRY;INSTITUTION_MATCH_FUZZY;INSTITUTION_COLLECTION_MISMATCH,https://d2jcv3kl45hlgi.cloudfront.net/401680d63939245c2a4e4749afcfbb59.jpg
1056615585,Cyrtosperma merkusii,Cyrtosperma merkusii (Hassk.) Schott,Cyrtosperma merkusii (Hassk.) Schott,ACCEPTED,PRESERVED_SPECIMEN,1893,1893,SG,,,1.351617,103.80805,46.0,,Henry Nicholas Ridley,s.n.,NHMUK,BOT,BM000957464,,,,7e380070-f762-11e1-a439-00145eb45e9a,f4bb5f65-8551-464f-b307-8bfcc2d64d94,,GEODETIC_DATUM_ASSUMED_WGS84;INSTITUTION_MATCH_FUZZY;COLLECTION_MATCH_FUZZY,
4602017380,Cyrtosperma merkusii,Cyrtosperma merkusii (Hassk.) Schott,Cyrtosperma merkusii (Hassk.) Schott,ACCEPTED,PRESERVED_SPECIMEN,1905-10-28T00:00,1905,VN,,[illegible],,,,,s.coll.,s.n.,K,Herbarium,K002555875,,,,cd6e21c8-9e8a-493a-8a76-fbf7862069e5,http://specimens.kew.org/herbarium/K002555875,,CONTINENT_DERIVED_FROM_COUNTRY;INSTITUTION_MATCH_FUZZY;INSTITUTION_COLLECTION_MISMATCH,https://d2jcv3kl45hlgi.cloudfront.net/001d40e5d877304daf86a6093c04484e.jpg
2592228539,Cyrtosperma merkusii,Cyrtosperma merkusii (Hassk.) Schott,Cyrtosperma merkusii (Hassk.) Schott,ACCEPTED,PRESERVED_SPECIMEN,1906-10-02,1906,PH,Eastern Visayas,"Borongan, Samar.",,,,,E. D. Merrill,5218,US,US,US 710620,,,NMNH Extant Biology,821cc27a-e3bb-4bc5-ac34-89ada245069d,http://n2t.net/ark:/65665/3542f32bd-fcc6-43cc-8b7d-6da0b059f0dd,,OCCURRENCE_STATUS_INFERRED_FROM_INDIVIDUAL_COUNT,https://collections.nmnh.si.edu/media/?i=14408070&h=2000
2592221418,Cyrtosperma merkusii,Cyrtosperma merkusii (Hassk.) Schott,Cyrtosperma merkusii (Hassk.) Schott,ACCEPTED,PRESERVED_SPECIMEN,1906,1906,PH,Mimaropa,"Bulalacao, Mindoro.",,,,,J. Bermejos,Bureau of Science 1515,US,US,US 439454,,,NMNH Extant Biology,821cc27a-e3bb-4bc5-ac34-89ada245069d,http://n2t.net/ark:/65665/337e5a02e-5101-45bb-9bc6-9a3afae337bc,,RECORDED_DATE_MISMATCH;OCCURRENCE_STATUS_INFERRED_FROM_INDIVIDUAL_COUNT,https://collections.nmnh.si.edu/media/?i=14388682&h=2000
2592223945,Cyrtosperma merkusii,Cyrtosperma merkusii (Hassk.) Schott,Cyrtosperma merkusii (Hassk.) Schott,ACCEPTED,PRESERVED_SPECIMEN,1906,1906,PH,Mimaropa,"Bulalacao, Mindoro.",,,,,J. Bermejos,1515,US,US,US 439455,,,NMNH Extant Biology,821cc27a-e3bb-4bc5-ac34-89ada245069d,http://n2t.net/ark:/65665/341c1b5bf-5c15-4b14-b05c-e1545ae9b583,,RECORDED_DATE_MISMATCH;OCCURRENCE_STATUS_INFERRED_FROM_INDIVIDUAL_COUNT,https://collections.nmnh.si.edu/media/?i=14415213&h=2000
4602021326,Cyrtosperma merkusii,Cyrtosperma merkusii (Hassk.) Schott,Cyrtosperma merkusii (Hassk.) Schott,ACCEPTED,PRESERVED_SPECIMEN,1908-08-01T00:00,1908,MY,,Malay Peninsula; [Seduah],,,,,s.coll.,13470,K,Herbarium,K002555859,,,,cd6e21c8-9e8a-493a-8a76-fbf7862069e5,http://specimens.kew.org/herbarium/K002555859,,CONTINENT_DERIVED_FROM_COUNTRY;INSTITUTION_MATCH_FUZZY;INSTITUTION_COLLECTION_MISMATCH,https://d2jcv3kl45hlgi.cloudfront.net/bac7e9e890ffee275b1c8b123313e6e6.jpg
1055540138,Cyrtosperma merkusii,Cyrtosperma merkusii (Hassk.) Schott,Cyrtosperma merkusii (Hassk.) Schott,ACCEPTED,PRESERVED_SPECIMEN,1913-12-03,1913,ID,Papua,Carstensz (Mountain),-4.083611,137.184722,,,Cecil Boden Kloss,s.n.,NHMUK,BOT,BM000957460,,,,7e380070-f762-11e1-a439-00145eb45e9a,a455864e-7b35-4122-abbc-3263286b0200,,CONTINENT_COORDINATE_MISMATCH;INSTITUTION_MATCH_FUZZY;COLLECTION_MATCH_FUZZY,
1055668927,Cyrtosperma merkusii,Cyrtosperma merkusii (Hassk.) Schott,Cyrtosperma merkusii (Hassk.) Schott,ACCEPTED,PRESERVED_SPECIMEN,1913,1913,ID,Papua,"Utakwa River to Mt. Carstensz, Camp I-III",,,,,Cecil Boden Kloss,s.n.,NHMUK,BOT,BM000957459,,,,7e380070-f762-11e1-a439-00145eb45e9a,f8202d48-619b-42d0-8912-ad185a321880,,INSTITUTION_MATCH_FUZZY;COLLECTION_MATCH_FUZZY,
3865426467,Cyrtosperma merkusii,Cyrtosperma merkusii (Hassk.) Schott,Cyrtosperma merkusii (Hassk.) Schott,ACCEPTED,PRESERVED_SPECIMEN,1915-07,1915,PH,Sorsogon,"Mount Bulusan, Island of Luzon [Bulusan Volcano]",12.767996,124.053467,2065.0,,A. D. E. Elmer,15234,ANSP,PH,PH00195995,,,,f873ef66-231a-4ea3-bd4d-a16f182bf337,7f01b100-a04b-461e-9218-980caff521ed,https://midatlanticherbaria.org/portal/collections/individual/index.php?occid=21599756,CONTINENT_DERIVED_FROM_COORDINATES;TAXON_ID_NOT_FOUND;INSTITUTION_MATCH_FUZZY,https://ans-images.ansp.org/botany/PH2/Fullsize/00195/PH00195995.jpg
1998749210,Cyrtosperma merkusii,Cyrtosperma merkusii (Hassk.) Schott,Cyrtosperma merkusii (Hassk.) Schott,ACCEPTED,PRESERVED_SPECIMEN,1915-11,1915,PH,Sorsogon,Mt. Bulusan,,,,,A. D. E. Elmer,15234,GH,GH,barcode-01655819,,,Harvard University Herbaria: All Records,861e6afe-f762-11e1-a439-00145eb45e9a,64d01651-7a48-40fe-a4df-7f9c5aac8e4c,http://data.huh.harvard.edu/64d01651-7a48-40fe-a4df-7f9c5aac8e4c/image,,https://s3.amazonaws.com/huhspecimenimages/JPG/01655817.jpg;https://s3.amazonaws.com/huhspecimenimages/JPG/01655819.jpg
1998896484,Cyrtosperma merkusii,Cyrtosperma merkusii (Hassk.) Schott,Cyrtosperma merkusii (Hassk.) Schott,ACCEPTED,PRESERVED_SPECIMEN,1915-11,1915,PH,Sorsogon,Mt. Bulusan,,,,,A. D. E. Elmer,15234,GH,GH,barcode-01655817,,,Harvard University Herbaria: All Records,861e6afe-f762-11e1-a439-00145eb45e9a,8622cf08-3323-46b8-a480-1614d024eef5,http://data.huh.harvard.edu/8622cf08-3323-46b8-a480-1614d024eef5/image,,https://s3.amazonaws.com/huhspecimenimages/JPG/01655817.jpg;https://s3.amazonaws.com/huhspecimenimages/JPG/01655819.jpg
2513715165,Cyrtosperma merkusii,Cyrtosperma merkusii (Hassk.) Schott,Cyrtosperma merkusii (Hassk.) Schott,ACCEPTED,PRESERVED_SPECIMEN,1915-11-01/1915-11-30,1915,PH,Luzon,"Philippines, Irosin (Mt. Bulusan), Province of Sorsogon, Island of Luzon.",12.70139,124.03861,,,Elmer ADE,"Elmer, ADE 15234",,Botany,L.1416097,,,,15f819bd-6612-4447-854b-14d12ee1022d,https://data.biodiversitydata.nl/naturalis/specimen/L.1416097,,,https://medialib.naturalis.nl/file/id/L.1416097/format/large
2515217450,Cyrtosperma merkusii,Cyrtosperma merkusii (Hassk.) Schott,Cyrtosperma merkusii (Hassk.) Schott,ACCEPTED,PRESERVED_SPECIMEN,1915-11-01/1915-11-30,1915,PH,Luzon,"Philippines, Irosin (Mt. Bulusan), Province of Sorsogon, Island of Luzon.",12.70139,124.03861,,,Elmer ADE,"Elmer, ADE 15234",,Botany,U.1104569,,,,15f819bd-6612-4447-854b-14d12ee1022d,https://data.biodiversitydata.nl/naturalis/specimen/U.1104569,,,https://medialib.naturalis.nl/file/id/U.1104569/format/large
2515315057,Cyrtosperma merkusii,Cyrtosperma merkusii (Hassk.) Schott,Cyrtosperma merkusii (Hassk.) Schott,ACCEPTED,PRESERVED_SPECIMEN,1915-11-01/1915-11-30,1915,PH,Luzon,"Philippines, Irosin (Mt. Bulusan), Province of Sorsogon, Island of Luzon.",12.70139,124.03861,,,Elmer ADE,"Elmer, ADE 15234",,Botany,U.1104568,,,,15f819bd-6612-4447-854b-14d12ee1022d,https://data.biodiversitydata.nl/naturalis/specimen/U.1104568,,,https://medialib.naturalis.nl/file/id/U.1104568/format/large
2592241296,Cyrtosperma merkusii,Cyrtosperma merkusii (Hassk.) Schott,Cyrtosperma merkusii (Hassk.) Schott,ACCEPTED,PRESERVED_SPECIMEN,1915-11,1915,PH,,"Irosin (Mt. Bulusan), Province of Sorsogon. Island of Luzon.",,,,,A. D. E. Elmer,15234,US,US,US 1050469,,,NMNH Extant Biology,821cc27a-e3bb-4bc5-ac34-89ada245069d,http://n2t.net/ark:/65665/3f4eb9db9-80ef-436c-ba01-14dc0f0e3e9a,,OCCURRENCE_STATUS_INFERRED_FROM_INDIVIDUAL_COUNT,https://collections.nmnh.si.edu/media/?i=14414215&h=2000
4148119317,Cyrtosperma merkusii,Cyrtosperma merkusii (Hassk.) Schott,Cyrtosperma merkusii (Hassk.) Schott,ACCEPTED,PRESERVED_SPECIMEN,1915-11,1915,PH,,"Irosin (Mt. Bulusan), Province of Sorsogon. Island of Luzon.",,,,,Adolph D. E. Elmer,15234,MO,Tropicos,103341988,,,Tropicos,7bd65a7a-f762-11e1-a439-00145eb45e9a,urn:catalog:MO:Tropicos:103341988,,TAXON_ID_NOT_FOUND;OCCURRENCE_STATUS_INFERRED_FROM_INDIVIDUAL_COUNT;COLLECTION_MATCH_NONE;INSTITUTION_MATCH_FUZZY,https://images.mobot.org/tropicosimages4/detailimages/TropicosImagesVol4/101237000/034C29B7-18EF-4BE4-86BC-418BFA69F845.jpg;https://images.mobot.org/tropicosimages4/detailimages/TropicosImagesVol4/101237000/15E0DD05-547E-4E7D-86DB-6EAA4B86F9BC.jpg
4602020321,Cyrtosperma merkusii,Cyrtosperma merkusii (Hassk.) Schott,Cyrtosperma merkusii (Hassk.) Schott,ACCEPTED,PRESERVED_SPECIMEN,1915-11-01T00:00,1915,PH,,"(Mt. Rulusan), Island of Luzon",,,,,s.coll.,15234,K,Herbarium,K002555900,,,,cd6e21c8-9e8a-493a-8a76-fbf7862069e5,http://specimens.kew.org/herbarium/K002555900,,CONTINENT_DERIVED_FROM_COUNTRY;INSTITUTION_MATCH_FUZZY;INSTITUTION_COLLECTION_MISMATCH,https://d2jcv3kl45hlgi.cloudfront.net/1ef072a6e52e04d92ba02a213634201b.jpg
3408898946,Cyrtosperma merkusii,Cyrtosperma merkusii (Hassk.) Schott,Cyrtosperma merkusii (Hassk.) Schott,ACCEPTED,PRESERVED_SPECIMEN,1915-01-01/1915-12-31,1915,PH,,,,,,,,,KAG,KAG,KAG004586,,,,1cbed1d0-f9ac-4b9e-bf3f-a26272bca39e,218ceddd-7d7b-406a-9539-41929f561512,https://www.museum.kagoshima-u.ac.jp/hyouhonsitu.html,INSTITUTION_MATCH_FUZZY;COLLECTION_MATCH_FUZZY,https://dbs.kaum.kagoshima-u.ac.jp/musedb/s_plant/picture/KAG004586/KAG004586.jpg
5922569428,Cyrtosperma merkusii,Cyrtosperma merkusii (Hassk.) Schott,Cyrtosperma merkusii (Hassk.) Schott,ACCEPTED,PRESERVED_SPECIMEN,1915,1915,PH,,Philippines: Luzon,,,,,Elmer,,NRM,POLLENREFERENCE,S-PL-2752,,,,274f0bcf-676c-4312-9db7-8571c5aa0bf4,NRM:POLLENREFERENCE:S-PL-2752,,CONTINENT_DERIVED_FROM_COUNTRY;COLLECTION_MATCH_NONE;INSTITUTION_MATCH_FUZZY,
5077553928,Cyrtosperma merkusii,Cyrtosperma merkusii (Hassk.) Schott,Cyrtosperma merkusii (Hassk.) Schott,ACCEPTED,PRESERVED_SPECIMEN,1916-03,1916,PH,,..(Mt. Bulusan) Province of Sorsogon,,,,,"Elmer, A.D.E.",15234,WIS,,v0397646WIS,,,,13dacd48-5790-4b99-bf04-08b23922e8aa,4db5c210-d593-429c-a9f3-053d11045c7d,https://midwestherbaria.org/portal/collections/individual/index.php?occid=22048429,CONTINENT_DERIVED_FROM_COUNTRY;TAXON_ID_NOT_FOUND;INSTITUTION_MATCH_FUZZY,https://wis.botany.wisc.edu/WIS/v0397646WIS.JPG
2592211259,Cyrtosperma merkusii,Cyrtosperma merkusii (Hassk.) Schott,Cyrtosperma merkusii (Hassk.) Schott,ACCEPTED,PRESERVED_SPECIMEN,1916,1916,PH,Eastern Visayas,Catubig River. Samar.,,,,,M. Ramos,Bureau of Science 24267,US,US,US 898021,,,NMNH Extant Biology,821cc27a-e3bb-4bc5-ac34-89ada245069d,http://n2t.net/ark:/65665/30fa50cce-4f21-454b-bf4a-50dc413ff3cd,,RECORDED_DATE_MISMATCH;OCCURRENCE_STATUS_INFERRED_FROM_INDIVIDUAL_COUNT,https://collections.nmnh.si.edu/media/?i=14395811&h=2000
5905523308,Cyrtosperma merkusii,Cyrtosperma merkusii (Hassk.) Schott,Cyrtosperma merkusii (Hassk.) Schott,ACCEPTED,PRESERVED_SPECIMEN,1916-03-01/1916-08-31,1916,PH,Bicolandia,"Irosin (Mt. Bulusan), Province of Sorsogon, Luzon",,,,,"Elmer, Adolph D.E.",15234,UdeM,MT,MT00321207,,"Elmer, Adolph D.E.",Marie-Victorin Herbarium (MT),0348540a-e644-4496-89d3-c257da9ad776,UdeM:MT00321207,,,
4602015335,Cyrtosperma merkusii,Cyrtosperma merkusii (Hassk.) Schott,Cyrtosperma merkusii (Hassk.) Schott,ACCEPTED,PRESERVED_SPECIMEN,1918-10-28T00:00,1918,TH,,Bangkok,,,,,s.coll.,s.n.,K,Herbarium,K002555876,,,,cd6e21c8-9e8a-493a-8a76-fbf7862069e5,http://specimens.kew.org/herbarium/K002555876,,CONTINENT_DERIVED_FROM_COUNTRY;INSTITUTION_MATCH_FUZZY;INSTITUTION_COLLECTION_MISMATCH,https://d2jcv3kl45hlgi.cloudfront.net/92682f205206089c47722fb0ac0afc1b.jpg
1090246583,Cyrtosperma merkusii,Cyrtosperma chamissonis (Schott) Merr.,Cyrtosperma merkusii (Hassk.) Schott,SYNONYM,PRESERVED_SPECIMEN,1921-03-03,1921,PF,,"Tahiti - Papeete, at Louis Drollet's",,,,,"Brown, F.B.H. Brown, E.D.W.",Collector Number: 202,BPBM,BISH,102127,,"Hawkes, A.D.",Herbarium Pacificum World Specimens,b929f23d-290f-4e85-8f17-764c55b3b284,996dd966-2749-4c9b-8810-5fa0be82835e,,CONTINENT_DERIVED_FROM_COUNTRY;INSTITUTION_MATCH_FUZZY;COLLECTION_MATCH_FUZZY,
5956472121,Cyrtosperma merkusii,Cyrtosperma chamissonis (Schott) Merr.,Cyrtosperma merkusii (Hassk.) Schott,SYNONYM,PRESERVED_SPECIMEN,1921-03-03,1921,PF,,"Tahiti - Papeete, at Louis Drollet's",,,,,"Brown, F.B.H.; Brown, E.D.W.",202,BISH,,102127,NotAType,"Hawkes, A.D.",,cfb43618-1423-4031-b3ff-fbd2c264f48b,102127,https://pacific.symbiota.org/portal/collections/individual/index.php?occid=525379,CONTINENT_DERIVED_FROM_COUNTRY;TAXON_ID_NOT_FOUND;INSTITUTION_MATCH_NONE,
1090277428,Cyrtosperma merkusii,Cyrtosperma chamissonis (Schott) Merr.,Cyrtosperma merkusii (Hassk.) Schott,SYNONYM,PRESERVED_SPECIMEN,1922-06-21,1922,PF,,"Maara, between 50 & 52 kilo. stone",,,,,"Setchell, W.A. Parks, H.E.",Collector Number: 410,BPBM,BISH,102126,,,Herbarium Pacificum World Specimens,b929f23d-290f-4e85-8f17-764c55b3b284,135c0649-a1a0-4ad0-b7e9-8430f5c8c0b6,,CONTINENT_DERIVED_FROM_COUNTRY;INSTITUTION_MATCH_FUZZY;COLLECTION_MATCH_FUZZY,
1998836313,Cyrtosperma merkusii,Cyrtosperma merkusii (Hassk.) Schott,Cyrtosperma merkusii (Hassk.) Schott,ACCEPTED,PRESERVED_SPECIMEN,1922-06-21,1922,PF,Tahiti,Maara,,,,,W. A. Setchell & H. E. Parks,410,GH,GH,barcode-01655822,,,Harvard University Herbaria: All Records,861e6afe-f762-11e1-a439-00145eb45e9a,787b36ed-a593-4273-a140-51378c0eef4d,http://data.huh.harvard.edu/787b36ed-a593-4273-a140-51378c0eef4d/image,,https://s3.amazonaws.com/huhspecimenimages/JPG/01655822.jpg
2592208820,Cyrtosperma merkusii,Cyrtosperma merkusii (Hassk.) Schott,Cyrtosperma merkusii (Hassk.) Schott,ACCEPTED,PRESERVED_SPECIMEN,1922-06-21,1922,PF,,"Tahiti, Society Islands.",,,,,W. Setchell & H. E. Parks,410,US,US,US 1371116,,,NMNH Extant Biology,821cc27a-e3bb-4bc5-ac34-89ada245069d,http://n2t.net/ark:/65665/30620f1a7-b804-4704-8887-1f21da0d60eb,,CONTINENT_INVALID;CONTINENT_DERIVED_FROM_COUNTRY;OCCURRENCE_STATUS_INFERRED_FROM_INDIVIDUAL_COUNT,https://collections.nmnh.si.edu/media/?i=14410759&h=2000
5956397674,Cyrtosperma merkusii,Cyrtosperma chamissonis (Schott) Merr.,Cyrtosperma merkusii (Hassk.) Schott,SYNONYM,PRESERVED_SPECIMEN,1922-06-21,1922,PF,,"Maara, between 50 & 52 kilo. stone",,,,,"Setchell, W.A.; Parks, H.E.",410,BISH,,102126,NotAType,,,cfb43618-1423-4031-b3ff-fbd2c264f48b,102126,https://pacific.symbiota.org/portal/collections/individual/index.php?occid=525378,CONTINENT_DERIVED_FROM_COUNTRY;TAXON_ID_NOT_FOUND;INSTITUTION_MATCH_NONE,
4602020319,Cyrtosperma merkusii,Cyrtosperma merkusii (Hassk.) Schott,Cyrtosperma merkusii (Hassk.) Schott,ACCEPTED,PRESERVED_SPECIMEN,1922-11-18T00:00,1922,MY,,Malay Peninsula; Khrang,,,,,"Holttum, R.E.",9419,K,Herbarium,K002555870,,,,cd6e21c8-9e8a-493a-8a76-fbf7862069e5,http://specimens.kew.org/herbarium/K002555870,,CONTINENT_DERIVED_FROM_COUNTRY;INSTITUTION_MATCH_FUZZY;INSTITUTION_COLLECTION_MISMATCH,https://d2jcv3kl45hlgi.cloudfront.net/ff2772d93fc97d4e7aff00968534a3a3.jpg
1090173750,Cyrtosperma merkusii,Cyrtosperma chamissonis (Schott) Merr.,Cyrtosperma merkusii (Hassk.) Schott,SYNONYM,PRESERVED_SPECIMEN,1924-08-18,1924,KI,,Washington Island,,,,,"Bergman, H.F.",Collector Number: 118,BPBM,BISH,102122,,"Hawkes, A.D.",Herbarium Pacificum World Specimens,b929f23d-290f-4e85-8f17-764c55b3b284,9cad7eb5-f13a-4f4e-b21a-093f813aade5,,CONTINENT_DERIVED_FROM_COUNTRY;INSTITUTION_MATCH_FUZZY;COLLECTION_MATCH_FUZZY,
5956534039,Cyrtosperma merkusii,Cyrtosperma chamissonis (Schott) Merr.,Cyrtosperma merkusii (Hassk.) Schott,SYNONYM,PRESERVED_SPECIMEN,1924-08-18,1924,KI,,Washington Island,,,,,"Bergman, H.F.",118,BISH,,102122,NotAType,"Hawkes, A.D.",,cfb43618-1423-4031-b3ff-fbd2c264f48b,102122,https://pacific.symbiota.org/portal/collections/individual/index.php?occid=525374,CONTINENT_DERIVED_FROM_COUNTRY;TAXON_ID_NOT_FOUND;IDENTIFIED_DATE_INVALID;INSTITUTION_MATCH_NONE,
2592212112,Cyrtosperma merkusii,Cyrtosperma merkusii (Hassk.) Schott,Cyrtosperma merkusii (Hassk.) Schott,ACCEPTED,PRESERVED_SPECIMEN,1927-01-03/1927-01-17,1927,ID,Sumatra,"Sumatra (East Coast). Silo Maradja, Asahan.",,,,,H. H. Bartlett,6442,US,US,US 1429288,,,NMNH Extant Biology,821cc27a-e3bb-4bc5-ac34-89ada245069d,http://n2t.net/ark:/65665/3131a7175-b3c9-4bc2-9e40-409a814d79c6,,OCCURRENCE_STATUS_INFERRED_FROM_INDIVIDUAL_COUNT,https://collections.nmnh.si.edu/media/?i=14411488&h=2000
2592270360,Cyrtosperma merkusii,Cyrtosperma merkusii (Hassk.) Schott,Cyrtosperma merkusii (Hassk.) Schott,ACCEPTED,PRESERVED_SPECIMEN,1927-01-03/1927-01-17,1927,ID,Sumatra,"Sumatra (East Coast). Silo Maradja, Asahan.",,,,,H. H. Bartlett,6442,US,US,US 1429287,,,NMNH Extant Biology,821cc27a-e3bb-4bc5-ac34-89ada245069d,http://n2t.net/ark:/65665/3d57745ed-397a-4c1e-a526-b3c428987bbe,,OCCURRENCE_STATUS_INFERRED_FROM_INDIVIDUAL_COUNT,https://collections.nmnh.si.edu/media/?i=14414782&h=2000
1090300471,Cyrtosperma merkusii,Cyrtosperma chamissonis (Schott) Merr.,Cyrtosperma merkusii (Hassk.) Schott,SYNONYM,PRESERVED_SPECIMEN,1927-03-21,1927,PF,,Vaiaau Valley,,,,,"Moore, J.W.",Collector Number: 675,BPBM,BISH,728717,,"Hawkes, A.D.",Herbarium Pacificum World Specimens,b929f23d-290f-4e85-8f17-764c55b3b284,cf566279-5df2-4ce7-b5e8-9f75297f6bfd,,CONTINENT_DERIVED_FROM_COUNTRY;INSTITUTION_MATCH_FUZZY;COLLECTION_MATCH_FUZZY,
1090337782,Cyrtosperma merkusii,Cyrtosperma chamissonis (Schott) Merr.,Cyrtosperma merkusii (Hassk.) Schott,SYNONYM,PRESERVED_SPECIMEN,1927-03-21,1927,PF,,Vaiaau Valley,,,,,"Moore, J.W.",Collector Number: 675,BPBM,BISH,728716,,"Hawkes, A.D.",Herbarium Pacificum World Specimens,b929f23d-290f-4e85-8f17-764c55b3b284,e95ebfb5-d127-4cb4-b802-cbcdac6e18a5,,CONTINENT_DERIVED_FROM_COUNTRY;INSTITUTION_MATCH_FUZZY;COLLECTION_MATCH_FUZZY,
2513715214,Cyrtosperma merkusii,Cyrtosperma merkusii (Hassk.) Schott,Cyrtosperma merkusii (Hassk.) Schott,ACCEPTED,PRESERVED_SPECIMEN,1927-03-21,1927,PF,Society Islands,Vaiaaau valley.,,,,,Moore JW,"Moore, JW 675",,Botany,L.1416103,,,,15f819bd-6612-4447-854b-14d12ee1022d,https://data.biodiversitydata.nl/naturalis/specimen/L.1416103,,,https://medialib.naturalis.nl/file/id/L.1416103/format/large
2517377051,Cyrtosperma merkusii,Cyrtosperma merkusii (Hassk.) Schott,Cyrtosperma merkusii (Hassk.) Schott,ACCEPTED,PRESERVED_SPECIMEN,1927-03-21,1927,PF,Society Islands,Vaiaaau valley.,,,,,Moore JW,"Moore, JW 675",,Botany,U.1104570,,,,15f819bd-6612-4447-854b-14d12ee1022d,https://data.biodiversitydata.nl/naturalis/specimen/U.1104570,,,https://medialib.naturalis.nl/file/id/U.1104570/format/large
2651345213,Cyrtosperma merkusii,Cyrtosperma nadeaudianum J.W.Moore,Cyrtosperma merkusii (Hassk.) Schott,SYNONYM,PRESERVED_SPECIMEN,1927-03-21,1927,PF,Raiatea,Vaiaau Valley,-16.859642,-151.480178,3036.0,,"Moore, John W.",675,MIN,Plants,620158,,,,a36438d0-bec7-4b7b-9bfa-2c31e7610c39,bd2bf6b4-433b-4810-95f1-4d1fda4b8a34,https://bellatlas.umn.edu/collections/individual/index.php?occid=2749988,GEODETIC_DATUM_ASSUMED_WGS84;CONTINENT_DERIVED_FROM_COORDINATES;TAXON_ID_NOT_FOUND;AMBIGUOUS_COLLECTION,https://bellatlas-images.s3.msi.umn.edu/MIN_Plants/01335/1335746_lg.jpg
4161620311,Cyrtosperma merkusii,Cyrtosperma chamissonis (Schott) Merr.,Cyrtosperma merkusii (Hassk.) Schott,SYNONYM,PRESERVED_SPECIMEN,1927-03-21,1927,PF,,Vaioua Valley.,,,,50.0,John W. Moore,675,MO,Tropicos,103343715,,,Tropicos,7bd65a7a-f762-11e1-a439-00145eb45e9a,urn:catalog:MO:Tropicos:103343715,,TAXON_ID_NOT_FOUND;OCCURRENCE_STATUS_INFERRED_FROM_INDIVIDUAL_COUNT;COLLECTION_MATCH_NONE;INSTITUTION_MATCH_FUZZY,https://images.mobot.org/tropicosimages4/detailimages/TropicosImagesVol4/101237000/502569FD-E08B-4075-A474-F668C82D6961.jpg
5956155711,Cyrtosperma merkusii,Cyrtosperma chamissonis (Schott) Merr.,Cyrtosperma merkusii (Hassk.) Schott,SYNONYM,PRESERVED_SPECIMEN,1927-03-21,1927,PF,,Vaiaau Valley,,,,50.0,"Moore, J.W.",675,BISH,,728716,NotAType,"Hawkes, A.D.",,cfb43618-1423-4031-b3ff-fbd2c264f48b,728716,https://pacific.symbiota.org/portal/collections/individual/index.php?occid=1610176,CONTINENT_DERIVED_FROM_COUNTRY;TAXON_ID_NOT_FOUND;IDENTIFIED_DATE_INVALID;INSTITUTION_MATCH_NONE,
5956444743,Cyrtosperma merkusii,Cyrtosperma chamissonis (Schott) Merr.,Cyrtosperma merkusii (Hassk.) Schott,SYNONYM,PRESERVED_SPECIMEN,1927-03-21,1927,PF,,Vaiaau Valley,,,,50.0,"Moore, J.W.",675,BISH,,728717,NotAType,"Hawkes, A.D.",,cfb43618-1423-4031-b3ff-fbd2c264f48b,728717,https://pacific.symbiota.org/portal/collections/individual/index.php?occid=1610177,CONTINENT_DERIVED_FROM_COUNTRY;TAXON_ID_NOT_FOUND;INSTITUTION_MATCH_NONE,
1090320211,Cyrtosperma merkusii,Cyrtosperma chamissonis (Schott) Merr.,Cyrtosperma merkusii (Hassk.) Schott,SYNONYM,PRESERVED_SPECIMEN,1927-06-03,1927,PF,,"Tahiti - Papeete, Taone",,,,,"Wilder, G.P.",Collector Number: 608,BPBM,BISH,102128,,"Hawkes, A.D.",Herbarium Pacificum World Specimens,b929f23d-290f-4e85-8f17-764c55b3b284,9bd1f325-823b-4e61-bcc9-b73beb65b55d,,CONTINENT_DERIVED_FROM_COUNTRY;INSTITUTION_MATCH_FUZZY;COLLECTION_MATCH_FUZZY,
5956209719,Cyrtosperma merkusii,Cyrtosperma chamissonis (Schott) Merr.,Cyrtosperma merkusii (Hassk.) Schott,SYNONYM,PRESERVED_SPECIMEN,1927-06-03,1927,PF,,"Tahiti - Papeete, Taone",,,,2.0,"Wilder, G.P.",608,BISH,,102128,NotAType,"Hawkes, A.D.",,cfb43618-1423-4031-b3ff-fbd2c264f48b,102128,https://pacific.symbiota.org/portal/collections/individual/index.php?occid=525380,CONTINENT_DERIVED_FROM_COUNTRY;TAXON_ID_NOT_FOUND;INSTITUTION_MATCH_NONE,
2859280347,Cyrtosperma merkusii,Cyrtosperma merkusii (Hassk.) Schott,Cyrtosperma merkusii (Hassk.) Schott,ACCEPTED,PRESERVED_SPECIMEN,1927-08-22,1927,CN,Hainan,"Sha Po Shan and vicinity, (Taam-chau Dist.), Lak Oo",,,,,"Tsang, W.T.",553L.U. 16052,CM,botany,CM109323,,synonymy,,f3f03cbf-1a01-4739-ae15-c1355b8c2dbf,2568AA07-B04B-421A-B567-627332457AB0,https://midatlanticherbaria.org/portal/collections/individual/index.php?occid=11767946,COORDINATE_INVALID;CONTINENT_DERIVED_FROM_COUNTRY;TAXON_ID_NOT_FOUND;INSTITUTION_MATCH_FUZZY;COLLECTION_MATCH_FUZZY,
2513714373,Cyrtosperma merkusii,Cyrtosperma merkusii (Hassk.) Schott,Cyrtosperma merkusii (Hassk.) Schott,ACCEPTED,PRESERVED_SPECIMEN,1928-04-12,1928,ID,Sumatra,"Anambas and Natoena Islands, Island Boengoeran, W of Camp Ranai",3.95,108.35,,,Steenis CGGJ van,"Steenis, CGGJ van 1279",,Botany,L.1416094,,Steenis CGGJ van,,15f819bd-6612-4447-854b-14d12ee1022d,https://data.biodiversitydata.nl/naturalis/specimen/L.1416094,,,https://medialib.naturalis.nl/file/id/L.1416094/format/large
1090200133,Cyrtosperma merkusii,Cyrtosperma chamissonis (Schott) Merr.,Cyrtosperma merkusii (Hassk.) Schott,SYNONYM,PRESERVED_SPECIMEN,1929-05-10,1929,CK,,Avena,,,,,"Wilder, G.P.",Collector Number: 853,BPBM,BISH,102131,,A. Kay,Herbarium Pacificum World Specimens,b929f23d-290f-4e85-8f17-764c55b3b284,ed5802c1-09ae-4d57-ac30-28984ac79858,,CONTINENT_DERIVED_FROM_COUNTRY;INSTITUTION_MATCH_FUZZY;COLLECTION_MATCH_FUZZY,
1090320378,Cyrtosperma merkusii,Cyrtosperma chamissonis (Schott) Merr.,Cyrtosperma merkusii (Hassk.) Schott,SYNONYM,PRESERVED_SPECIMEN,1929-05-10,1929,CK,,Avena,,,,,"Wilder, G.P.",Collector Number: 853,BPBM,BISH,102132,,A. Kay,Herbarium Pacificum World Specimens,b929f23d-290f-4e85-8f17-764c55b3b284,dbf528bb-9d48-4b4f-9ebc-b767c1aca95a,,CONTINENT_DERIVED_FROM_COUNTRY;INSTITUTION_MATCH_FUZZY;COLLECTION_MATCH_FUZZY,
4602021336,Cyrtosperma merkusii,Cyrtosperma merkusii (Hassk.) Schott,Cyrtosperma merkusii (Hassk.) Schott,ACCEPTED,PRESERVED_SPECIMEN,1929-05-01T00:00,1929,CK,,Rarotonga,,,,,"Parks, H.E.; Parks, S.T.",22509,K,Herbarium,K002555961,,,,cd6e21c8-9e8a-493a-8a76-fbf7862069e5,http://specimens.kew.org/herbarium/K002555961,,CONTINENT_DERIVED_FROM_COUNTRY;INSTITUTION_MATCH_FUZZY;INSTITUTION_COLLECTION_MISMATCH,https://d2jcv3kl45hlgi.cloudfront.net/8fa57c1b69c5122e998200486bb5114a.jpg
5956178689,Cyrtosperma merkusii,Cyrtosperma chamissonis (Schott) Merr.,Cyrtosperma merkusii (Hassk.) Schott,SYNONYM,PRESERVED_SPECIMEN,1929-05-10,1929,CK,,Avena,,,,30.0,"Wilder, G.P.",853,BISH,,102131,NotAType,"Kay, A.",,cfb43618-1423-4031-b3ff-fbd2c264f48b,102131,https://pacific.symbiota.org/portal/collections/individual/index.php?occid=525383,CONTINENT_DERIVED_FROM_COUNTRY;TAXON_ID_NOT_FOUND;INSTITUTION_MATCH_NONE,
5956209369,Cyrtosperma merkusii,Cyrtosperma chamissonis (Schott) Merr.,Cyrtosperma merkusii (Hassk.) Schott,SYNONYM,PRESERVED_SPECIMEN,1929-05-10,1929,CK,,Avena,,,,30.0,"Wilder, G.P.",853,BISH,,102132,NotAType,"Kay, A.",,cfb43618-1423-4031-b3ff-fbd2c264f48b,102132,https://pacific.symbiota.org/portal/collections/individual/index.php?occid=525384,CONTINENT_DERIVED_FROM_COUNTRY;TAXON_ID_NOT_FOUND;INSTITUTION_MATCH_NONE,
5956440835,Cyrtosperma merkusii,Cyrtosperma chamissonis (Schott) Merr.,Cyrtosperma merkusii (Hassk.) Schott,SYNONYM,PRESERVED_SPECIMEN,1929-05-01,1929,CK,,Rarotonga,,,,,"Parks, H.E.; Parks, S.T.",22509,BISH,,102130,NotAType,"Hay, A.D.",,cfb43618-1423-4031-b3ff-fbd2c264f48b,102130,https://pacific.symbiota.org/portal/collections/individual/index.php?occid=525382,CONTINENT_DERIVED_FROM_COUNTRY;TAXON_ID_NOT_FOUND;INSTITUTION_MATCH_NONE,
1090181419,Cyrtosperma merkusii,Cyrtosperma chamissonis (Schott) Merr.,Cyrtosperma merkusii (Hassk.) Schott,SYNONYM,PRESERVED_SPECIMEN,1929-07-05,1929,CK,,"Avena stream, Titikavika",,,,,"Wilder, G.P.",Collector Number: 845,BPBM,BISH,102134,,A. Kay,Herbarium Pacificum World Specimens,b929f23d-290f-4e85-8f17-764c55b3b284,cdb7432b-2ccb-40cc-b86a-12536e12fea2,,CONTINENT_DERIVED_FROM_COUNTRY;INSTITUTION_MATCH_FUZZY;COLLECTION_MATCH_FUZZY,
1090285055,Cyrtosperma merkusii,Cyrtosperma chamissonis (Schott) Merr.,Cyrtosperma merkusii (Hassk.) Schott,SYNONYM,PRESERVED_SPECIMEN,1929-07-05,1929,CK,,"Avena stream, Titikavika",,,,,"Wilder, G.P.",Collector Number: 845 (in part),BPBM,BISH,102133,,A. Kay,Herbarium Pacificum World Specimens,b929f23d-290f-4e85-8f17-764c55b3b284,65b77955-9a05-421c-b3c7-8d3c1cb02a36,,CONTINENT_DERIVED_FROM_COUNTRY;INSTITUTION_MATCH_FUZZY;COLLECTION_MATCH_FUZZY,
2513714607,Cyrtosperma merkusii,Cyrtosperma merkusii (Hassk.) Schott,Cyrtosperma merkusii (Hassk.) Schott,ACCEPTED,PRESERVED_SPECIMEN,1929-07-16,1929,SB,,Solomon Islands. New Georgia found away from water.,,,,,Waterhouse JHL,"Waterhouse, JHL 189",,Botany,L.1416102,,,,15f819bd-6612-4447-854b-14d12ee1022d,https://data.biodiversitydata.nl/naturalis/specimen/L.1416102,,,https://medialib.naturalis.nl/file/id/L.1416102/format/large
4602023368,Cyrtosperma merkusii,Cyrtosperma merkusii (Hassk.) Schott,Cyrtosperma merkusii (Hassk.) Schott,ACCEPTED,PRESERVED_SPECIMEN,1929-07-16T00:00,1929,SB,,Solomon Islands.,,,,,"Waterhouse, J.H.L.",1890,K,Herbarium,K002555954,,,,cd6e21c8-9e8a-493a-8a76-fbf7862069e5,http://specimens.kew.org/herbarium/K002555954,,CONTINENT_DERIVED_FROM_COUNTRY;INSTITUTION_MATCH_FUZZY;INSTITUTION_COLLECTION_MISMATCH,https://d2jcv3kl45hlgi.cloudfront.net/9aa71dcee2fa569cd049e38aed31f6c8.jpg
4602165331,Cyrtosperma merkusii,Cyrtosperma merkusii (Hassk.) Schott,Cyrtosperma merkusii (Hassk.) Schott,ACCEPTED,PRESERVED_SPECIMEN,1929-07-16T00:00,1929,SB,,Solomon Islands.,,,,,"Waterhouse, J.H.L.",189,K,Herbarium,K002555953,,,,cd6e21c8-9e8a-493a-8a76-fbf7862069e5,http://specimens.kew.org/herbarium/K002555953,,CONTINENT_DERIVED_FROM_COUNTRY;INSTITUTION_MATCH_FUZZY;INSTITUTION_COLLECTION_MISMATCH,https://d2jcv3kl45hlgi.cloudfront.net/892e545fc97e29ce5fd918e6d10be36b.jpg
5956179397,Cyrtosperma merkusii,Cyrtosperma chamissonis (Schott) Merr.,Cyrtosperma merkusii (Hassk.) Schott,SYNONYM,PRESERVED_SPECIMEN,1929-07-05,1929,CK,,"Avena stream, Titikavika",,,,213.0,"Wilder, G.P.",845,BISH,,102134,NotAType,"Kay, A.",,cfb43618-1423-4031-b3ff-fbd2c264f48b,102134,https://pacific.symbiota.org/portal/collections/individual/index.php?occid=525386,CONTINENT_DERIVED_FROM_COUNTRY;TAXON_ID_NOT_FOUND;INSTITUTION_MATCH_NONE,
5956307405,Cyrtosperma merkusii,Cyrtosperma chamissonis (Schott) Merr.,Cyrtosperma merkusii (Hassk.) Schott,SYNONYM,PRESERVED_SPECIMEN,1929-07-05,1929,CK,,"Avena stream, Titikavika",,,,213.0,"Wilder, G.P.",845 (in part),BISH,,102133,NotAType,"Kay, A.",,cfb43618-1423-4031-b3ff-fbd2c264f48b,102133,https://pacific.symbiota.org/portal/collections/individual/index.php?occid=525385,CONTINENT_DERIVED_FROM_COUNTRY;TAXON_ID_NOT_FOUND;INSTITUTION_MATCH_NONE,
1930791637,Cyrtosperma merkusii,Cyrtosperma merkusii (Hassk.) Schott,Cyrtosperma merkusii (Hassk.) Schott,ACCEPTED,PRESERVED_SPECIMEN,1929-10-08,1929,MY,Sarawak,"Bet. Sabaku & Lundu, Mt. Gadin",,,,,M. S. Clemens,21925,NY,NY,03780530,,,Vascular plants,d415c253-4d61-4459-9d25-4015b9084fb0,d5ed3c32-7977-4af9-a0f2-d890d47f470c,http://sweetgum.nybg.org/science/vh/specimen_details.php?irn=4070927,MODIFIED_DATE_INVALID,http://sweetgum.nybg.org/images3/3426/560/03780530.jpg
2592304209,Cyrtosperma merkusii,Cyrtosperma merkusii (Hassk.) Schott,Cyrtosperma merkusii (Hassk.) Schott,ACCEPTED,PRESERVED_SPECIMEN,1929,1929,CK,,Rarotonga.,,,,,H. E. Parks & S. Parks,22509,US,US,US 1526206,,,NMNH Extant Biology,821cc27a-e3bb-4bc5-ac34-89ada245069d,http://n2t.net/ark:/65665/382e48fd8-0b3d-4cff-bedc-a67edfc5ae30,,CONTINENT_INVALID;CONTINENT_DERIVED_FROM_COUNTRY;RECORDED_DATE_MISMATCH;OCCURRENCE_STATUS_INFERRED_FROM_INDIVIDUAL_COUNT,https://collections.nmnh.si.edu/media/?i=14397047&h=2000
1090186888,Cyrtosperma merkusii,Cyrtosperma merkusii (Hassk.) Schott,Cyrtosperma merkusii (Hassk.) Schott,ACCEPTED,PRESERVED_SPECIMEN,1931-10-06,1931,WS,,Taga,,,,,"Christophersen, E.",Collector Number: 2830,BPBM,BISH,102141,,,Herbarium Pacificum World Specimens,b929f23d-290f-4e85-8f17-764c55b3b284,6a04d0a4-6883-4b80-b0df-18ab67bb11e5,,CONTINENT_DERIVED_FROM_COUNTRY;INSTITUTION_MATCH_FUZZY;COLLECTION_MATCH_FUZZY,
1090358118,Cyrtosperma merkusii,Cyrtosperma merkusii (Hassk.) Schott,Cyrtosperma merkusii (Hassk.) Schott,ACCEPTED,PRESERVED_SPECIMEN,1931-10-06,1931,WS,,Taga,,,,,"Christophersen, E.",Collector Number: 2830,BPBM,BISH,102140,,,Herbarium Pacificum World Specimens,b929f23d-290f-4e85-8f17-764c55b3b284,b423dc99-721e-4214-8bfe-e4039e8e57a1,,CONTINENT_DERIVED_FROM_COUNTRY;INSTITUTION_MATCH_FUZZY;COLLECTION_MATCH_FUZZY,
5956293404,Cyrtosperma merkusii,Cyrtosperma merkusii (Hassk.) Schott,Cyrtosperma merkusii (Hassk.) Schott,ACCEPTED,PRESERVED_SPECIMEN,1931-10-06,1931,WS,,Taga,,,,,"Christophersen, E.",2830,BISH,,102141,NotAType,,,cfb43618-1423-4031-b3ff-fbd2c264f48b,102141,https://pacific.symbiota.org/portal/collections/individual/index.php?occid=525393,CONTINENT_DERIVED_FROM_COUNTRY;TAXON_ID_NOT_FOUND;INSTITUTION_MATCH_NONE,
5956347197,Cyrtosperma merkusii,Cyrtosperma merkusii (Hassk.) Schott,Cyrtosperma merkusii (Hassk.) Schott,ACCEPTED,PRESERVED_SPECIMEN,1931-10-06,1931,WS,,Taga,,,,10.0,"Christophersen, E.",2830,BISH,,102140,NotAType,,,cfb43618-1423-4031-b3ff-fbd2c264f48b,102140,https://pacific.symbiota.org/portal/collections/individual/index.php?occid=525392,CONTINENT_DERIVED_FROM_COUNTRY;TAXON_ID_NOT_FOUND;INSTITUTION_MATCH_NONE,
6163693704,Cyrtosperma merkusii,Cyrtosperma merkusii (Hassk.) Schott,Cyrtosperma merkusii (Hassk.) Schott,ACCEPTED,PRESERVED_SPECIMEN,1931-10-06T00:00,1931,,,Island of Savaii.; Tanga,,,,10.0,"Christophersen, E.",2830,K,Herbarium,K006930684,,,,cd6e21c8-9e8a-493a-8a76-fbf7862069e5,http://specimens.kew.org/herbarium/K006930684,,INSTITUTION_MATCH_FUZZY;INSTITUTION_COLLECTION_MISMATCH,https://d2jcv3kl45hlgi.cloudfront.net/de918ad223b29a6475c1e07828384dd5.jpg
1318481110,Cyrtosperma merkusii,Cyrtosperma merkusii (Hassk.) Schott,Cyrtosperma merkusii (Hassk.) Schott,ACCEPTED,PRESERVED_SPECIMEN,1932-05-25/1932-05-26,1932,ID,,"Si Ringoringo near Rantau Parapat, Bila",,,,,Rahmat Si Boeea,2309,US,US,US 1860980,,,NMNH Extant Biology,821cc27a-e3bb-4bc5-ac34-89ada245069d,http://n2t.net/ark:/65665/3388f70fe-05a8-4ffb-84df-7377326436e8,,OCCURRENCE_STATUS_INFERRED_FROM_INDIVIDUAL_COUNT,https://collections.nmnh.si.edu/media/?i=10285129&h=2000;https://collections.nmnh.si.edu/media/?i=14408663&h=2000
3116687504,Cyrtosperma merkusii,Cyrtosperma merkusii (Hassk.) Schott,Cyrtosperma merkusii (Hassk.) Schott,ACCEPTED,PRESERVED_SPECIMEN,1932-05-25/1932-05-26,1932,ID,North Sumatra,"attalodoeng, Si Ringoringo near Rantau Parapat, Bila",,,,,Rahmat Si Toroes,2309,MICH,Angiosperms,1664426,,Dan H. Nicolson,,c8d12f8a-7e39-4e2c-92d7-825d590ad15b,d428d4a0-2dde-4da5-8ffe-90da2dc5903c,,,https://quod.lib.umich.edu/cgi/i/image/api/image/herb00ic:1664426:MICH-V-1664426/full/res:0/0/native.jpg
1090313101,Cyrtosperma merkusii,Cyrtosperma chamissonis (Schott) Merr.,Cyrtosperma merkusii (Hassk.) Schott,SYNONYM,PRESERVED_SPECIMEN,1932-10-21,1932,PF,,Moumu,,,,,"Wilder, G.P.",Collector Number: 1198,BPBM,BISH,102129,,"Wilder, G. P.",Herbarium Pacificum World Specimens,b929f23d-290f-4e85-8f17-764c55b3b284,261c6068-6863-4579-8cec-aea9e8dcc967,,CONTINENT_DERIVED_FROM_COUNTRY;INSTITUTION_MATCH_FUZZY;COLLECTION_MATCH_FUZZY,
5956179029,Cyrtosperma merkusii,Cyrtosperma chamissonis (Schott) Merr.,Cyrtosperma merkusii (Hassk.) Schott,SYNONYM,PRESERVED_SPECIMEN,1932-10-21,1932,PF,,Moumu,,,,3.0,"Wilder, G.P.",1198,BISH,,102129,NotAType,"Wilder, G.P.",,cfb43618-1423-4031-b3ff-fbd2c264f48b,102129,https://pacific.symbiota.org/portal/collections/individual/index.php?occid=525381,CONTINENT_DERIVED_FROM_COUNTRY;TAXON_ID_NOT_FOUND;INSTITUTION_MATCH_NONE,
1320078782,Cyrtosperma merkusii,Cyrtosperma merkusii (Hassk.) Schott,Cyrtosperma merkusii (Hassk.) Schott,ACCEPTED,PRESERVED_SPECIMEN,1932-03-28/1932-05-10,1932,ID,,"Vicinity of Rantau Parapat, Bila",,,,,Rahmat Si Boeea,1976,US,US,US 1860879,,,NMNH Extant Biology,821cc27a-e3bb-4bc5-ac34-89ada245069d,http://n2t.net/ark:/65665/37f36664e-14a5-4014-9da0-1d23eb589d0b,,OCCURRENCE_STATUS_INFERRED_FROM_INDIVIDUAL_COUNT,https://collections.nmnh.si.edu/media/?i=10285133&h=2000;https://collections.nmnh.si.edu/media/?i=14406923&h=2000
2859283644,Cyrtosperma merkusii,Cyrtosperma merkusii (Hassk.) Schott,Cyrtosperma merkusii (Hassk.) Schott,ACCEPTED,PRESERVED_SPECIMEN,1932,1932,ID,Sumatra,"East Coast, vicinity of Rantau Parapat, Bila",,,,,"Toroes, R.S.",1976,CM,botany,CM422322,,synonymy,,f3f03cbf-1a01-4739-ae15-c1355b8c2dbf,05AF89C6-B1E2-4920-AA2C-071AEB4B8C1A,https://midatlanticherbaria.org/portal/collections/individual/index.php?occid=11774031,COORDINATE_INVALID;TAXON_ID_NOT_FOUND;INSTITUTION_MATCH_FUZZY;COLLECTION_MATCH_FUZZY,
3116687405,Cyrtosperma merkusii,Cyrtosperma merkusii (Hassk.) Schott,Cyrtosperma merkusii (Hassk.) Schott,ACCEPTED,PRESERVED_SPECIMEN,1932-03-28/1932-05-10,1932,ID,North Sumatra,"attalodoeng, Vicinity of Rantau Parapat, Bila",,,,,Rahmat Si Toroes,1976,MICH,Angiosperms,1664425,,Dan H. Nicolson,,c8d12f8a-7e39-4e2c-92d7-825d590ad15b,770a4a08-1f50-4875-be2f-b414ea7bc897,,,https://quod.lib.umich.edu/cgi/i/image/api/image/herb00ic:1664425:MICH-V-1664425/full/res:0/0/native.jpg
2513185386,Cyrtosperma merkusii,Cyrtosperma merkusii (Hassk.) Schott,Cyrtosperma merkusii (Hassk.) Schott,ACCEPTED,PRESERVED_SPECIMEN,1933-06-18,1933,ID,Java,Archipel. Ind. Java. Batavia. Tjitjadas.,,,,,Steenis CGGJ van,"Steenis, CGGJ van 5424",,Botany,L  0235714,,,,15f819bd-6612-4447-854b-14d12ee1022d,https://data.biodiversitydata.nl/naturalis/specimen/L%20%200235714,,,
2513717424,Cyrtosperma merkusii,Cyrtosperma merkusii (Hassk.) Schott,Cyrtosperma merkusii (Hassk.) Schott,ACCEPTED,PRESERVED_SPECIMEN,1933-06-18,1933,ID,Java,Archipel. Ind. Java. Batavia. Tjitjadas.,,,,,Steenis CGGJ van,"Steenis, CGGJ van 5424",,Botany,L.1416074,,,,15f819bd-6612-4447-854b-14d12ee1022d,https://data.biodiversitydata.nl/naturalis/specimen/L.1416074,,,https://medialib.naturalis.nl/file/id/L.1416074/format/large
1090264318,Cyrtosperma merkusii,Cyrtosperma chamissonis (Schott) Merr.,Cyrtosperma merkusii (Hassk.) Schott,SYNONYM,PRESERVED_SPECIMEN,1935-04-01/1935-04-30,1935,CK,,Danger Islands: Pukapuka,,,,,"Beaglehole, E.",Collector Number: 35,BPBM,BISH,102121,,"Hawkes, A.D.",Herbarium Pacificum World Specimens,b929f23d-290f-4e85-8f17-764c55b3b284,5a72e6e5-f317-411a-a3cb-74a2f12b3afd,,CONTINENT_DERIVED_FROM_COUNTRY;INSTITUTION_MATCH_FUZZY;COLLECTION_MATCH_FUZZY,
5956398759,Cyrtosperma merkusii,Cyrtosperma chamissonis (Schott) Merr.,Cyrtosperma merkusii (Hassk.) Schott,SYNONYM,PRESERVED_SPECIMEN,1935-04-01,1935,CK,,Danger Islands: Pukapuka,,,,,"Beaglehole, E.",35,BISH,,102121,NotAType,"Hawkes, A.D.",,cfb43618-1423-4031-b3ff-fbd2c264f48b,102121,https://pacific.symbiota.org/portal/collections/individual/index.php?occid=525373,CONTINENT_DERIVED_FROM_COUNTRY;TAXON_ID_NOT_FOUND;IDENTIFIED_DATE_INVALID;INSTITUTION_MATCH_NONE,
2513714896,Cyrtosperma merkusii,Cyrtosperma merkusii (Hassk.) Schott,Cyrtosperma merkusii (Hassk.) Schott,ACCEPTED,PRESERVED_SPECIMEN,1936-07-10,1936,ID,Sumatra,"Sumatra, East Coast. Attalodoeng, Tor Matoetoeng, Asahan.",,,,,Rahmat Si Boeea,Rahmat Si Boeea 9518,,Botany,L.1416122,,,,15f819bd-6612-4447-854b-14d12ee1022d,https://data.biodiversitydata.nl/naturalis/specimen/L.1416122,,,https://medialib.naturalis.nl/file/id/L.1416122/format/large
2513715448,Cyrtosperma merkusii,Cyrtosperma merkusii (Hassk.) Schott,Cyrtosperma merkusii (Hassk.) Schott,ACCEPTED,PRESERVED_SPECIMEN,1936-07-10,1936,ID,Sumatra,"Sumatra, East Coast. Attalodoeng, Tor Matoetoeng, Asahan.",,,,,Rahmat Si Boeea,Rahmat Si Boeea 9518,,Botany,L.1416123,,,,15f819bd-6612-4447-854b-14d12ee1022d,https://data.biodiversitydata.nl/naturalis/specimen/L.1416123,,,https://medialib.naturalis.nl/file/id/L.1416123/format/large
3116686399,Cyrtosperma merkusii,Cyrtosperma merkusii (Hassk.) Schott,Cyrtosperma merkusii (Hassk.) Schott,ACCEPTED,PRESERVED_SPECIMEN,1936-07-10/1936-07-15,1936,ID,North Sumatra,"Tor Matoetoeng (The summit, is Secondary Triangulation Point 185: Topographic Sheet 29, northwest quarter)",,,,1792.0,Rahmat Si Boeea,9518,MICH,Angiosperms,1050566,,Dan H. Nicolson,,c8d12f8a-7e39-4e2c-92d7-825d590ad15b,59b19f8e-1f38-430f-880d-3d016f7191bc,,,https://quod.lib.umich.edu/cgi/i/image/api/image/herb00ic:1050566:MICH-V-1050566A/full/res:0/0/native.jpg;https://quod.lib.umich.edu/cgi/i/image/api/image/herb00ic:1050566:MICH-V-1050566B/full/res:0/0/native.jpg;https://quod.lib.umich.edu/cgi/i/image/api/image/herb00ic:1050566:MICH-V-1050566C/full/res:0/0/native.jpg
36321922,Cyrtosperma merkusii,Cyrtosperma chamissonis (Schott) Merr.,Cyrtosperma merkusii (Hassk.) Schott,SYNONYM,PRESERVED_SPECIMEN,1938-07-14,1938,FJ,,Itutiu District; Kongai 12°30'S 177°05'E,-12.5,177.083,,,"St.John, H.",Collector Number: 19156,BPBM,BISH,612094,,"St John, H.",Herbarium Pacificum World Specimens,b929f23d-290f-4e85-8f17-764c55b3b284,682cd4f8-79b0-4107-9b25-992d64b1a4bb,,GEODETIC_DATUM_ASSUMED_WGS84;CONTINENT_DERIVED_FROM_COORDINATES;PRESUMED_NEGATED_LONGITUDE;INSTITUTION_MATCH_FUZZY;COLLECTION_MATCH_FUZZY,
36321956,Cyrtosperma merkusii,Cyrtosperma chamissonis (Schott) Merr.,Cyrtosperma merkusii (Hassk.) Schott,SYNONYM,PRESERVED_SPECIMEN,1938-07-14,1938,FJ,,Itutiu District; Kongai 12°30'S 177°05'E,-12.5,177.083,,,"St.John, H.",Collector Number: 19156,BPBM,BISH,612096,,"St John, H.",Herbarium Pacificum World Specimens,b929f23d-290f-4e85-8f17-764c55b3b284,7dd0f85b-b274-4679-a58a-08c123b91869,,GEODETIC_DATUM_ASSUMED_WGS84;CONTINENT_DERIVED_FROM_COORDINATES;PRESUMED_NEGATED_LONGITUDE;INSTITUTION_MATCH_FUZZY;COLLECTION_MATCH_FUZZY,
36322017,Cyrtosperma merkusii,Cyrtosperma chamissonis (Schott) Merr.,Cyrtosperma merkusii (Hassk.) Schott,SYNONYM,PRESERVED_SPECIMEN,1938-07-30,1938,FJ,,Itutiu District; Hoi 12°30'S 177°05'E,-12.5,177.083,,,"St.John, H.",Collector Number: 19356,BPBM,BISH,621642,,"St John, H.",Herbarium Pacificum World Specimens,b929f23d-290f-4e85-8f17-764c55b3b284,cb046ac1-7f94-464e-83ad-bc611cc303ed,,GEODETIC_DATUM_ASSUMED_WGS84;CONTINENT_DERIVED_FROM_COORDINATES;PRESUMED_NEGATED_LONGITUDE;INSTITUTION_MATCH_FUZZY;COLLECTION_MATCH_FUZZY,
36322033,Cyrtosperma merkusii,Cyrtosperma chamissonis (Schott) Merr.,Cyrtosperma merkusii (Hassk.) Schott,SYNONYM,PRESERVED_SPECIMEN,1938-07-14,1938,FJ,,Itutiu District; Kongai 12°30'S 177°05'E,-12.5,177.083,,,"St.John, H.",Collector Number: 19156,BPBM,BISH,612102,,"St John, H.",Herbarium Pacificum World Specimens,b929f23d-290f-4e85-8f17-764c55b3b284,178060ff-270d-4c61-875f-9af3575c4a45,,GEODETIC_DATUM_ASSUMED_WGS84;CONTINENT_DERIVED_FROM_COORDINATES;PRESUMED_NEGATED_LONGITUDE;INSTITUTION_MATCH_FUZZY;COLLECTION_MATCH_FUZZY,
36322468,Cyrtosperma merkusii,Cyrtosperma chamissonis (Schott) Merr.,Cyrtosperma merkusii (Hassk.) Schott,SYNONYM,PRESERVED_SPECIMEN,1938-07-30,1938,FJ,,Itutiu District; Hoi 12°30'S 177°05'E,-12.5,177.083,,,"St.John, H.",Collector Number: 19356,BPBM,BISH,612641,,"St John, H.",Herbarium Pacificum World Specimens,b929f23d-290f-4e85-8f17-764c55b3b284,20d4bd8f-099e-417a-bd63-afdcfb0a117e,,GEODETIC_DATUM_ASSUMED_WGS84;CONTINENT_DERIVED_FROM_COORDINATES;PRESUMED_NEGATED_LONGITUDE;INSTITUTION_MATCH_FUZZY;COLLECTION_MATCH_FUZZY,
36322497,Cyrtosperma merkusii,Cyrtosperma chamissonis (Schott) Merr.,Cyrtosperma merkusii (Hassk.) Schott,SYNONYM,PRESERVED_SPECIMEN,1938-07-14,1938,FJ,,Itutiu District; Kongai 12°30'S 177°05'E,-12.5,177.083,,,"St.John, H.",Collector Number: 19156,BPBM,BISH,618099,,"St John, H.",Herbarium Pacificum World Specimens,b929f23d-290f-4e85-8f17-764c55b3b284,080dd225-d712-4630-b809-1b4ed2ca318c,,GEODETIC_DATUM_ASSUMED_WGS84;CONTINENT_DERIVED_FROM_COORDINATES;PRESUMED_NEGATED_LONGITUDE;INSTITUTION_MATCH_FUZZY;COLLECTION_MATCH_FUZZY,
36322846,Cyrtosperma merkusii,Cyrtosperma chamissonis (Schott) Merr.,Cyrtosperma merkusii (Hassk.) Schott,SYNONYM,PRESERVED_SPECIMEN,1938-07-14,1938,FJ,,Itutiu District; Kongai 12°30'S 177°05'E,-12.5,177.083,,,"St.John, H.",Collector Number: 19156,BPBM,BISH,612095,,"St John, H.",Herbarium Pacificum World Specimens,b929f23d-290f-4e85-8f17-764c55b3b284,33eb5310-d1d6-46da-bee9-50b0d81522d2,,GEODETIC_DATUM_ASSUMED_WGS84;CONTINENT_DERIVED_FROM_COORDINATES;PRESUMED_NEGATED_LONGITUDE;INSTITUTION_MATCH_FUZZY;COLLECTION_MATCH_FUZZY,
36323069,Cyrtosperma merkusii,Cyrtosperma chamissonis (Schott) Merr.,Cyrtosperma merkusii (Hassk.) Schott,SYNONYM,PRESERVED_SPECIMEN,1938-07-14,1938,FJ,,Itutiu District; Kongai 12°30'S 177°05'E,-12.5,177.083,,,"St.John, H.",Collector Number: 19156,BPBM,BISH,612101,,"St John, H.",Herbarium Pacificum World Specimens,b929f23d-290f-4e85-8f17-764c55b3b284,e96b66ab-7050-4ed1-af95-994b257018c6,,GEODETIC_DATUM_ASSUMED_WGS84;CONTINENT_DERIVED_FROM_COORDINATES;PRESUMED_NEGATED_LONGITUDE;INSTITUTION_MATCH_FUZZY;COLLECTION_MATCH_FUZZY,
36323091,Cyrtosperma merkusii,Cyrtosperma chamissonis (Schott) Merr.,Cyrtosperma merkusii (Hassk.) Schott,SYNONYM,PRESERVED_SPECIMEN,1938-07-14,1938,FJ,,Itutiu District; Kongai 12°30'S 177°05'E,-12.5,177.083,,,"St.John, H.",Collector Number: 19156,BPBM,BISH,612097,,"St John, H.",Herbarium Pacificum World Specimens,b929f23d-290f-4e85-8f17-764c55b3b284,14e3fffc-5eed-40d9-be87-9fb2d6eb4fa0,,GEODETIC_DATUM_ASSUMED_WGS84;CONTINENT_DERIVED_FROM_COORDINATES;PRESUMED_NEGATED_LONGITUDE;INSTITUTION_MATCH_FUZZY;COLLECTION_MATCH_FUZZY,
36323165,Cyrtosperma merkusii,Cyrtosperma chamissonis (Schott) Merr.,Cyrtosperma merkusii (Hassk.) Schott,SYNONYM,PRESERVED_SPECIMEN,1938-07-30,1938,FJ,,Itutiu District; Hoi 12°30'S 177°05'E,-12.5,177.083,,,"St.John, H.",Collector Number: 19356,BPBM,BISH,612643,,"St John, H.",Herbarium Pacificum World Specimens,b929f23d-290f-4e85-8f17-764c55b3b284,60ff1a1b-696a-4198-b35b-9a12ab40703e,,GEODETIC_DATUM_ASSUMED_WGS84;CONTINENT_DERIVED_FROM_COORDINATES;PRESUMED_NEGATED_LONGITUDE;INSTITUTION_MATCH_FUZZY;COLLECTION_MATCH_FUZZY,
36323331,Cyrtosperma merkusii,Cyrtosperma chamissonis (Schott) Merr.,Cyrtosperma merkusii (Hassk.) Schott,SYNONYM,PRESERVED_SPECIMEN,1938-07-14,1938,FJ,,Itutiu District; Kongai 12°30'S 177°05'E,-12.5,177.083,,,"St.John, H.",Collector Number: 19156,BPBM,BISH,612100,,"St John, H.",Herbarium Pacificum World Specimens,b929f23d-290f-4e85-8f17-764c55b3b284,ac7c9ae6-e4d6-42a3-8cbb-fe7da42074cf,,GEODETIC_DATUM_ASSUMED_WGS84;CONTINENT_DERIVED_FROM_COORDINATES;PRESUMED_NEGATED_LONGITUDE;INSTITUTION_MATCH_FUZZY;COLLECTION_MATCH_FUZZY,
36323559,Cyrtosperma merkusii,Cyrtosperma chamissonis (Schott) Merr.,Cyrtosperma merkusii (Hassk.) Schott,SYNONYM,PRESERVED_SPECIMEN,1938-07-14,1938,FJ,,Itutiu District; Kongai 12°30'S 177°05'E,-12.5,177.083,,,"St.John, H.",Collector Number: 19156,BPBM,BISH,612103,,"St John, H.",Herbarium Pacificum World Specimens,b929f23d-290f-4e85-8f17-764c55b3b284,2de9acae-d5d1-478b-bea5-789b40a022b3,,GEODETIC_DATUM_ASSUMED_WGS84;CONTINENT_DERIVED_FROM_COORDINATES;PRESUMED_NEGATED_LONGITUDE;INSTITUTION_MATCH_FUZZY;COLLECTION_MATCH_FUZZY,
36323596,Cyrtosperma merkusii,Cyrtosperma chamissonis (Schott) Merr.,Cyrtosperma merkusii (Hassk.) Schott,SYNONYM,PRESERVED_SPECIMEN,1938-07-14,1938,FJ,,Itutiu District; Kongai 12°30'S 177°05'E,-12.5,177.083,,,"St.John, H.",Collector Number: 19156,BPBM,BISH,612098,,"St John, H.",Herbarium Pacificum World Specimens,b929f23d-290f-4e85-8f17-764c55b3b284,f7686c96-5d28-4adb-81da-95a9e32fcaf9,,GEODETIC_DATUM_ASSUMED_WGS84;CONTINENT_DERIVED_FROM_COORDINATES;PRESUMED_NEGATED_LONGITUDE;INSTITUTION_MATCH_FUZZY;COLLECTION_MATCH_FUZZY,
1090327975,Cyrtosperma merkusii,Cyrtosperma chamissonis (Schott) Merr.,Cyrtosperma merkusii (Hassk.) Schott,SYNONYM,PRESERVED_SPECIMEN,1938-07-30,1938,FJ,,Itutiu District; Hoi 12°30'S 177°05'E,-12.5,177.083,,,"St.John, H.",Collector Number: 19356,BPBM,BISH,612099,,"St John, H.",Herbarium Pacificum World Specimens,b929f23d-290f-4e85-8f17-764c55b3b284,77a7023b-46d4-494e-b11c-c0559880f65f,,GEODETIC_DATUM_ASSUMED_WGS84;CONTINENT_DERIVED_FROM_COORDINATES;PRESUMED_NEGATED_LONGITUDE;INSTITUTION_MATCH_FUZZY;COLLECTION_MATCH_FUZZY,
1090374034,Cyrtosperma merkusii,Cyrtosperma chamissonis (Schott) Merr.,Cyrtosperma merkusii (Hassk.) Schott,SYNONYM,PRESERVED_SPECIMEN,1938-07-14,1938,FJ,,"Itutiu District, Kongai",,,,,"St.John, H.",Collector Number: 19156,BPBM,BISH,690251,,"St John, H.",Herbarium Pacificum World Specimens,b929f23d-290f-4e85-8f17-764c55b3b284,a84fe0f7-07f7-4b29-8f5b-f6f106470be7,,CONTINENT_DERIVED_FROM_COUNTRY;INSTITUTION_MATCH_FUZZY;COLLECTION_MATCH_FUZZY,
2592257074,Cyrtosperma merkusii,Cyrtosperma merkusii (Hassk.) Schott,Cyrtosperma merkusii (Hassk.) Schott,ACCEPTED,PRESERVED_SPECIMEN,1938-07-30,1938,FJ,,"Rotuma Island. Pacific Ocean. Hoi, Itutiu District.",-12.5,177.08,,5.0,H. St. John,19356,US,US,US 3304258,,,NMNH Extant Biology,821cc27a-e3bb-4bc5-ac34-89ada245069d,http://n2t.net/ark:/65665/38d94a47c-f51b-4191-b3d0-43863123c6d8,,GEODETIC_DATUM_ASSUMED_WGS84;CONTINENT_INVALID;CONTINENT_DERIVED_FROM_COORDINATES;OCCURRENCE_STATUS_INFERRED_FROM_INDIVIDUAL_COUNT,https://collections.nmnh.si.edu/media/?i=14404575&h=2000
5956161401,Cyrtosperma merkusii,Cyrtosperma chamissonis (Schott) Merr.,Cyrtosperma merkusii (Hassk.) Schott,SYNONYM,PRESERVED_SPECIMEN,1938-07-14,1938,FJ,,Itutiu District; Kongai 12°30'S 177°05'E,-12.5,177.083333,,122.0,"St.John, H.",19156,BISH,,612097,NotAType,"St.John, H.",,cfb43618-1423-4031-b3ff-fbd2c264f48b,612097,https://pacific.symbiota.org/portal/collections/individual/index.php?occid=1510203,GEODETIC_DATUM_ASSUMED_WGS84;CONTINENT_DERIVED_FROM_COORDINATES;TAXON_ID_NOT_FOUND;INSTITUTION_MATCH_NONE,
5956213003,Cyrtosperma merkusii,Cyrtosperma chamissonis (Schott) Merr.,Cyrtosperma merkusii (Hassk.) Schott,SYNONYM,PRESERVED_SPECIMEN,1938-07-14,1938,FJ,,Itutiu District; Kongai 12°30'S 177°05'E,-12.5,177.083333,,122.0,"St.John, H.",19156,BISH,,612094,NotAType,"St.John, H.",,cfb43618-1423-4031-b3ff-fbd2c264f48b,612094,https://pacific.symbiota.org/portal/collections/individual/index.php?occid=1510201,GEODETIC_DATUM_ASSUMED_WGS84;CONTINENT_DERIVED_FROM_COORDINATES;TAXON_ID_NOT_FOUND;INSTITUTION_MATCH_NONE,
5956222229,Cyrtosperma merkusii,Cyrtosperma chamissonis (Schott) Merr.,Cyrtosperma merkusii (Hassk.) Schott,SYNONYM,PRESERVED_SPECIMEN,1938-07-14,1938,FJ,,Itutiu District; Kongai 12°30'S 177°05'E,-12.5,177.083333,,122.0,"St.John, H.",19156,BISH,,612103,NotAType,"St.John, H.",,cfb43618-1423-4031-b3ff-fbd2c264f48b,612103,https://pacific.symbiota.org/portal/collections/individual/index.php?occid=1510206,GEODETIC_DATUM_ASSUMED_WGS84;CONTINENT_DERIVED_FROM_COORDINATES;TAXON_ID_NOT_FOUND;INSTITUTION_MATCH_NONE,
5956235491,Cyrtosperma merkusii,Cyrtosperma chamissonis (Schott) Merr.,Cyrtosperma merkusii (Hassk.) Schott,SYNONYM,PRESERVED_SPECIMEN,1938-07-14,1938,FJ,,Itutiu District; Kongai 12°30'S 177°05'E,-12.5,177.083333,,122.0,"St.John, H.",19156,BISH,,612095,NotAType,"St.John, H.",,cfb43618-1423-4031-b3ff-fbd2c264f48b,612095,https://pacific.symbiota.org/portal/collections/individual/index.php?occid=1510202,GEODETIC_DATUM_ASSUMED_WGS84;CONTINENT_DERIVED_FROM_COORDINATES;TAXON_ID_NOT_FOUND;INSTITUTION_MATCH_NONE,
5956235825,Cyrtosperma merkusii,Cyrtosperma chamissonis (Schott) Merr.,Cyrtosperma merkusii (Hassk.) Schott,SYNONYM,PRESERVED_SPECIMEN,1938-07-14,1938,FJ,,Itutiu District; Kongai 12°30'S 177°05'E,-12.5,177.083333,,122.0,"St.John, H.",19156,BISH,,612102,NotAType,"St.John, H.",,cfb43618-1423-4031-b3ff-fbd2c264f48b,612102,https://pacific.symbiota.org/portal/collections/individual/index.php?occid=1510205,GEODETIC_DATUM_ASSUMED_WGS84;CONTINENT_DERIVED_FROM_COORDINATES;TAXON_ID_NOT_FOUND;INSTITUTION_MATCH_NONE,
5956260685,Cyrtosperma merkusii,Cyrtosperma chamissonis (Schott) Merr.,Cyrtosperma merkusii (Hassk.) Schott,SYNONYM,PRESERVED_SPECIMEN,1938-07-30,1938,FJ,,Itutiu District; Hoi 12°30'S 177°05'E,,,,5.0,"St.John, H.",19356,BISH,,612099,NotAType,"St.John, H.",,cfb43618-1423-4031-b3ff-fbd2c264f48b,612099,https://pacific.symbiota.org/portal/collections/individual/index.php?occid=1510204,CONTINENT_DERIVED_FROM_COUNTRY;TAXON_ID_NOT_FOUND;INSTITUTION_MATCH_NONE,
5956265500,Cyrtosperma merkusii,Cyrtosperma chamissonis (Schott) Merr.,Cyrtosperma merkusii (Hassk.) Schott,SYNONYM,PRESERVED_SPECIMEN,1938-07-14,1938,FJ,,Itutiu District; Kongai 12°30'S 177°05'E,-12.5,177.083333,,122.0,"St.John, H.",19156,BISH,,612096,NotAType,"St.John, H.",,cfb43618-1423-4031-b3ff-fbd2c264f48b,612096,https://pacific.symbiota.org/portal/collections/individual/index.php?occid=9121,GEODETIC_DATUM_ASSUMED_WGS84;CONTINENT_DERIVED_FROM_COORDINATES;TAXON_ID_NOT_FOUND;INSTITUTION_MATCH_NONE,
5956276722,Cyrtosperma merkusii,Cyrtosperma chamissonis (Schott) Merr.,Cyrtosperma merkusii (Hassk.) Schott,SYNONYM,PRESERVED_SPECIMEN,1938-07-14,1938,FJ,,Itutiu District; Kongai 12°30'S 177°05'E,-12.5,177.083333,,122.0,"St.John, H.",19156,BISH,,612100,NotAType,"St.John, H.",,cfb43618-1423-4031-b3ff-fbd2c264f48b,612100,https://pacific.symbiota.org/portal/collections/individual/index.php?occid=9125,GEODETIC_DATUM_ASSUMED_WGS84;CONTINENT_DERIVED_FROM_COORDINATES;TAXON_ID_NOT_FOUND;INSTITUTION_MATCH_NONE,
5956315876,Cyrtosperma merkusii,Cyrtosperma chamissonis (Schott) Merr.,Cyrtosperma merkusii (Hassk.) Schott,SYNONYM,PRESERVED_SPECIMEN,1938-07-14,1938,FJ,,Itutiu District; Kongai 12°30'S 177°05'E,-12.5,177.083333,,122.0,"St.John, H.",19156,BISH,,612101,NotAType,"St.John, H.",,cfb43618-1423-4031-b3ff-fbd2c264f48b,612101,https://pacific.symbiota.org/portal/collections/individual/index.php?occid=9126,GEODETIC_DATUM_ASSUMED_WGS84;CONTINENT_DERIVED_FROM_COORDINATES;TAXON_ID_NOT_FOUND;INSTITUTION_MATCH_NONE,
5956316219,Cyrtosperma merkusii,Cyrtosperma chamissonis (Schott) Merr.,Cyrtosperma merkusii (Hassk.) Schott,SYNONYM,PRESERVED_SPECIMEN,1938-07-14,1938,FJ,,Itutiu District; Kongai 12°30'S 177°05'E,-12.5,177.083333,,122.0,"St.John, H.",19156,BISH,,612098,NotAType,"St.John, H.",,cfb43618-1423-4031-b3ff-fbd2c264f48b,612098,https://pacific.symbiota.org/portal/collections/individual/index.php?occid=9123,GEODETIC_DATUM_ASSUMED_WGS84;CONTINENT_DERIVED_FROM_COORDINATES;TAXON_ID_NOT_FOUND;INSTITUTION_MATCH_NONE,
5956444022,Cyrtosperma merkusii,Cyrtosperma chamissonis (Schott) Merr.,Cyrtosperma merkusii (Hassk.) Schott,SYNONYM,PRESERVED_SPECIMEN,1938-07-14,1938,FJ,,"Itutiu District, Kongai",,,,122.0,"St.John, H.",19156,BISH,,690251,NotAType,"St.John, H.",,cfb43618-1423-4031-b3ff-fbd2c264f48b,690251,https://pacific.symbiota.org/portal/collections/individual/index.php?occid=1572636,CONTINENT_DERIVED_FROM_COUNTRY;TAXON_ID_NOT_FOUND;IDENTIFIED_DATE_INVALID;INSTITUTION_MATCH_NONE,
5956515351,Cyrtosperma merkusii,Cyrtosperma chamissonis (Schott) Merr.,Cyrtosperma merkusii (Hassk.) Schott,SYNONYM,PRESERVED_SPECIMEN,1938-07-30,1938,FJ,,Itutiu District; Hoi 12°30'S 177°05'E,-12.5,177.083333,,5.0,"St.John, H.",19356,BISH,,612643,NotAType,"St.John, H.",,cfb43618-1423-4031-b3ff-fbd2c264f48b,612643,https://pacific.symbiota.org/portal/collections/individual/index.php?occid=1510555,GEODETIC_DATUM_ASSUMED_WGS84;CONTINENT_DERIVED_FROM_COORDINATES;TAXON_ID_NOT_FOUND;INSTITUTION_MATCH_NONE,
5956609933,Cyrtosperma merkusii,Cyrtosperma chamissonis (Schott) Merr.,Cyrtosperma merkusii (Hassk.) Schott,SYNONYM,PRESERVED_SPECIMEN,1938-07-30,1938,FJ,,Itutiu District; Hoi 12°30'S 177°05'E,-12.5,177.083333,,5.0,"St.John, H.",19356,BISH,,612641,NotAType,"St.John, H.",,cfb43618-1423-4031-b3ff-fbd2c264f48b,612641,https://pacific.symbiota.org/portal/collections/individual/index.php?occid=1510554,GEODETIC_DATUM_ASSUMED_WGS84;CONTINENT_DERIVED_FROM_COORDINATES;TAXON_ID_NOT_FOUND;INSTITUTION_MATCH_NONE,
5956652336,Cyrtosperma merkusii,Cyrtosperma chamissonis (Schott) Merr.,Cyrtosperma merkusii (Hassk.) Schott,SYNONYM,PRESERVED_SPECIMEN,1938-07-14,1938,FJ,,Itutiu District; Kongai 12°30'S 177°05'E,-12.5,177.083333,,122.0,"St.John, H.",19156,BISH,,618099,NotAType,"St.John, H.",,cfb43618-1423-4031-b3ff-fbd2c264f48b,618099,https://pacific.symbiota.org/portal/collections/individual/index.php?occid=1514210,GEODETIC_DATUM_ASSUMED_WGS84;CONTINENT_DERIVED_FROM_COORDINATES;TAXON_ID_NOT_FOUND;INSTITUTION_MATCH_NONE,
5956664785,Cyrtosperma merkusii,Cyrtosperma chamissonis (Schott) Merr.,Cyrtosperma merkusii (Hassk.) Schott,SYNONYM,PRESERVED_SPECIMEN,1938-07-30,1938,FJ,,Itutiu District; Hoi 12°30'S 177°05'E,-12.5,177.083333,,5.0,"St.John, H.",19356,BISH,,621642,NotAType,"St.John, H.",,cfb43618-1423-4031-b3ff-fbd2c264f48b,621642,https://pacific.symbiota.org/portal/collections/individual/index.php?occid=1770677,GEODETIC_DATUM_ASSUMED_WGS84;CONTINENT_DERIVED_FROM_COORDINATES;TAXON_ID_NOT_FOUND;INSTITUTION_MATCH_NONE,
1998577317,Cyrtosperma merkusii,Cyrtosperma merkusii (Hassk.) Schott,Cyrtosperma merkusii (Hassk.) Schott,ACCEPTED,PRESERVED_SPECIMEN,1940-10-06,1940,ID,,"Buitenzorg; Tfit-jadas, SE of Batavia",,,,,L. R. Lanjouw,12,A,A,barcode-01655764,,,Harvard University Herbaria: All Records,861e6afe-f762-11e1-a439-00145eb45e9a,3e3ae32a-8d52-4f25-b952-19fed054a125,http://data.huh.harvard.edu/3e3ae32a-8d52-4f25-b952-19fed054a125/image,,https://s3.amazonaws.com/huhspecimenimages/JPG/01655763.jpg;https://s3.amazonaws.com/huhspecimenimages/JPG/01655764.jpg
1999359703,Cyrtosperma merkusii,Cyrtosperma merkusii (Hassk.) Schott,Cyrtosperma merkusii (Hassk.) Schott,ACCEPTED,PRESERVED_SPECIMEN,1940-10-06,1940,ID,,"Buitenzorg; Tfit-jadas, SE of Batavia",,,,,L. R. Lanjouw,12,A,A,barcode-01655763,,,Harvard University Herbaria: All Records,861e6afe-f762-11e1-a439-00145eb45e9a,eed1989f-5b70-4db1-8d09-f354e30147c4,http://data.huh.harvard.edu/eed1989f-5b70-4db1-8d09-f354e30147c4/image,,https://s3.amazonaws.com/huhspecimenimages/JPG/01655763.jpg;https://s3.amazonaws.com/huhspecimenimages/JPG/01655764.jpg
2513716415,Cyrtosperma merkusii,Cyrtosperma merkusii (Hassk.) Schott,Cyrtosperma merkusii (Hassk.) Schott,ACCEPTED,PRESERVED_SPECIMEN,1940-10-06,1940,ID,Java,"Archipel. Ind.: Java; Buitenzorg; Tjitjadas, SE. of Batavia. Swamp forest.",,,,,Lanjouw LR,"Lanjouw, LR 12",,Botany,L.1416088,,,,15f819bd-6612-4447-854b-14d12ee1022d,https://data.biodiversitydata.nl/naturalis/specimen/L.1416088,,,https://medialib.naturalis.nl/file/id/L.1416088/format/large
2513716757,Cyrtosperma merkusii,Cyrtosperma merkusii (Hassk.) Schott,Cyrtosperma merkusii (Hassk.) Schott,ACCEPTED,PRESERVED_SPECIMEN,1940-10-06,1940,ID,Java,"Archipel. Ind.: Java; Buitenzorg; Tjitjadas, SE. of Batavia. Swamp forest.",,,,,Lanjouw LR,"Lanjouw, LR 12",,Botany,L.1416087,,,,15f819bd-6612-4447-854b-14d12ee1022d,https://data.biodiversitydata.nl/naturalis/specimen/L.1416087,,,https://medialib.naturalis.nl/file/id/L.1416087/format/large
4602024359,Cyrtosperma merkusii,Cyrtosperma merkusii (Hassk.) Schott,Cyrtosperma merkusii (Hassk.) Schott,ACCEPTED,PRESERVED_SPECIMEN,1940-10-06T00:00,1940,ID,,"Archipel. Ind. Buitenzorg; Tjitjadas, SE. of Batavia. Swamp forest.",,,,90.0,"Lanjouw, L.R.",12,K,Herbarium,K002555878,,,,cd6e21c8-9e8a-493a-8a76-fbf7862069e5,http://specimens.kew.org/herbarium/K002555878,,INSTITUTION_MATCH_FUZZY;INSTITUTION_COLLECTION_MISMATCH,https://d2jcv3kl45hlgi.cloudfront.net/36a7d9351e50067c4c06208f18521786.jpg
1090330346,Cyrtosperma merkusii,Cyrtosperma chamissonis (Schott) Merr.,Cyrtosperma merkusii (Hassk.) Schott,SYNONYM,PRESERVED_SPECIMEN,1944-10-01/1944-10-31,1944,KI,,Makin Island,,,,,"Cameron, C.E.R.",Collector Number: N A,BPBM,BISH,102123,,M.C.Neal,Herbarium Pacificum World Specimens,b929f23d-290f-4e85-8f17-764c55b3b284,60aeb628-9652-4129-ab8a-c32539bc17ba,,CONTINENT_DERIVED_FROM_COUNTRY;INSTITUTION_MATCH_FUZZY;COLLECTION_MATCH_FUZZY,
5956563775,Cyrtosperma merkusii,Cyrtosperma chamissonis (Schott) Merr.,Cyrtosperma merkusii (Hassk.) Schott,SYNONYM,PRESERVED_SPECIMEN,1944-10-01,1944,KI,,Makin Island,,,,,"Cameron, C.E.R.",N A,BISH,,102123,NotAType,"Neal, M.C.",,cfb43618-1423-4031-b3ff-fbd2c264f48b,102123,https://pacific.symbiota.org/portal/collections/individual/index.php?occid=525375,CONTINENT_DERIVED_FROM_COUNTRY;TAXON_ID_NOT_FOUND;INSTITUTION_MATCH_NONE,
1090200110,Cyrtosperma merkusii,Cyrtosperma chamissonis (Schott) Merr.,Cyrtosperma merkusii (Hassk.) Schott,SYNONYM,PRESERVED_SPECIMEN,1945-12-18,1945,MH,,Majuro islet,,,,,"St.John, H.",Collector Number: 21417,BPBM,BISH,582555,,,Herbarium Pacificum World Specimens,b929f23d-290f-4e85-8f17-764c55b3b284,49be049a-e696-47bb-8480-288956b225c9,,CONTINENT_DERIVED_FROM_COUNTRY;INSTITUTION_MATCH_FUZZY;COLLECTION_MATCH_FUZZY,
1090206009,Cyrtosperma merkusii,Cyrtosperma chamissonis (Schott) Merr.,Cyrtosperma merkusii (Hassk.) Schott,SYNONYM,PRESERVED_SPECIMEN,1945-12-18,1945,MH,,Majuro islet,,,,,"St.John, H.",Collector Number: 21418,BPBM,BISH,582561,,,Herbarium Pacificum World Specimens,b929f23d-290f-4e85-8f17-764c55b3b284,56b8d946-609f-44b2-ae12-2f79f8ea8b4d,,CONTINENT_DERIVED_FROM_COUNTRY;INSTITUTION_MATCH_FUZZY;COLLECTION_MATCH_FUZZY,
1090208220,Cyrtosperma merkusii,Cyrtosperma chamissonis (Schott) Merr.,Cyrtosperma merkusii (Hassk.) Schott,SYNONYM,PRESERVED_SPECIMEN,1945-12-18,1945,MH,,Majuro islet,,,,,"St.John, H.",Collector Number: 21417,BPBM,BISH,582554,,,Herbarium Pacificum World Specimens,b929f23d-290f-4e85-8f17-764c55b3b284,d6a0a4b1-1a2e-4682-a964-3242f21de566,,CONTINENT_DERIVED_FROM_COUNTRY;INSTITUTION_MATCH_FUZZY;COLLECTION_MATCH_FUZZY,
1090219419,Cyrtosperma merkusii,Cyrtosperma chamissonis (Schott) Merr.,Cyrtosperma merkusii (Hassk.) Schott,SYNONYM,PRESERVED_SPECIMEN,1945-12-18,1945,MH,,Majuro islet,,,,,"St.John, H.",Collector Number: 21418,BPBM,BISH,582559,,,Herbarium Pacificum World Specimens,b929f23d-290f-4e85-8f17-764c55b3b284,4d81fcc4-ac6a-4b3d-9b41-3fa651d39d2b,,CONTINENT_DERIVED_FROM_COUNTRY;INSTITUTION_MATCH_FUZZY;COLLECTION_MATCH_FUZZY,
1090244210,Cyrtosperma merkusii,Cyrtosperma chamissonis (Schott) Merr.,Cyrtosperma merkusii (Hassk.) Schott,SYNONYM,PRESERVED_SPECIMEN,1945-12-18,1945,MH,,Majuro islet,,,,,"St.John, H.",Collector Number: 21418,BPBM,BISH,582564,,,Herbarium Pacificum World Specimens,b929f23d-290f-4e85-8f17-764c55b3b284,7e7a274e-88bd-467d-a68e-5d0aa3fc40ba,,CONTINENT_DERIVED_FROM_COUNTRY;INSTITUTION_MATCH_FUZZY;COLLECTION_MATCH_FUZZY,
1090246449,Cyrtosperma merkusii,Cyrtosperma chamissonis (Schott) Merr.,Cyrtosperma merkusii (Hassk.) Schott,SYNONYM,PRESERVED_SPECIMEN,1945-12-18,1945,MH,,Majuro islet,,,,,"St.John, H.",Collector Number: 21417,BPBM,BISH,582556,,,Herbarium Pacificum World Specimens,b929f23d-290f-4e85-8f17-764c55b3b284,d3c462c5-0035-4874-8d4e-5f903ba70653,,CONTINENT_DERIVED_FROM_COUNTRY;INSTITUTION_MATCH_FUZZY;COLLECTION_MATCH_FUZZY,
1090282839,Cyrtosperma merkusii,Cyrtosperma chamissonis (Schott) Merr.,Cyrtosperma merkusii (Hassk.) Schott,SYNONYM,PRESERVED_SPECIMEN,1945-12-18,1945,MH,,Majuro islet,,,,,"St.John, H.",Collector Number: 21418,BPBM,BISH,582563,,,Herbarium Pacificum World Specimens,b929f23d-290f-4e85-8f17-764c55b3b284,ff901130-8cd3-4b4a-99cb-8a888aff3927,,CONTINENT_DERIVED_FROM_COUNTRY;INSTITUTION_MATCH_FUZZY;COLLECTION_MATCH_FUZZY,
1090289211,Cyrtosperma merkusii,Cyrtosperma chamissonis (Schott) Merr.,Cyrtosperma merkusii (Hassk.) Schott,SYNONYM,PRESERVED_SPECIMEN,1945-12-18,1945,MH,,Majuro islet,,,,,"St.John, H.",Collector Number: 21417,BPBM,BISH,582427,,,Herbarium Pacificum World Specimens,b929f23d-290f-4e85-8f17-764c55b3b284,41d4f653-a5a7-4087-8d87-9231928f1417,,CONTINENT_DERIVED_FROM_COUNTRY;INSTITUTION_MATCH_FUZZY;COLLECTION_MATCH_FUZZY,
1090298699,Cyrtosperma merkusii,Cyrtosperma chamissonis (Schott) Merr.,Cyrtosperma merkusii (Hassk.) Schott,SYNONYM,PRESERVED_SPECIMEN,1945-12-18,1945,MH,,Majuro islet,,,,,"St.John, H.",Collector Number: 21418,BPBM,BISH,582562,,,Herbarium Pacificum World Specimens,b929f23d-290f-4e85-8f17-764c55b3b284,f8481061-e847-4a17-ad78-9d532a4b4b71,,CONTINENT_DERIVED_FROM_COUNTRY;INSTITUTION_MATCH_FUZZY;COLLECTION_MATCH_FUZZY,
1090328880,Cyrtosperma merkusii,Cyrtosperma chamissonis (Schott) Merr.,Cyrtosperma merkusii (Hassk.) Schott,SYNONYM,PRESERVED_SPECIMEN,1945-12-18,1945,MH,,Majuro islet,,,,,"St.John, H.",Collector Number: 21417,BPBM,BISH,582557,,,Herbarium Pacificum World Specimens,b929f23d-290f-4e85-8f17-764c55b3b284,fac16461-a755-4ac7-9494-c15937c3c614,,CONTINENT_DERIVED_FROM_COUNTRY;INSTITUTION_MATCH_FUZZY;COLLECTION_MATCH_FUZZY,
1090330125,Cyrtosperma merkusii,Cyrtosperma chamissonis (Schott) Merr.,Cyrtosperma merkusii (Hassk.) Schott,SYNONYM,PRESERVED_SPECIMEN,1945-12-18,1945,MH,,Majuro islet,,,,,"St.John, H.",Collector Number: 21417,BPBM,BISH,582426,,,Herbarium Pacificum World Specimens,b929f23d-290f-4e85-8f17-764c55b3b284,961db6eb-fd46-4fa5-8e1e-c2e1c0eb40d0,,CONTINENT_DERIVED_FROM_COUNTRY;INSTITUTION_MATCH_FUZZY;COLLECTION_MATCH_FUZZY,
1090332807,Cyrtosperma merkusii,Cyrtosperma chamissonis (Schott) Merr.,Cyrtosperma merkusii (Hassk.) Schott,SYNONYM,PRESERVED_SPECIMEN,1945-12-18,1945,MH,,Majuro islet,,,,,"St.John, H.",Collector Number: 21418,BPBM,BISH,582558,,,Herbarium Pacificum World Specimens,b929f23d-290f-4e85-8f17-764c55b3b284,da3a164b-d59a-43c6-8014-c5fc3a0e9abd,,CONTINENT_DERIVED_FROM_COUNTRY;INSTITUTION_MATCH_FUZZY;COLLECTION_MATCH_FUZZY,
1090338184,Cyrtosperma merkusii,Cyrtosperma chamissonis (Schott) Merr.,Cyrtosperma merkusii (Hassk.) Schott,SYNONYM,PRESERVED_SPECIMEN,1945-12-18,1945,MH,,Majuro islet,,,,,"St.John, H.",Collector Number: 21418,BPBM,BISH,582560,,,Herbarium Pacificum World Specimens,b929f23d-290f-4e85-8f17-764c55b3b284,def7e52b-8292-49a8-a434-cc454c08fdaf,,CONTINENT_DERIVED_FROM_COUNTRY;INSTITUTION_MATCH_FUZZY;COLLECTION_MATCH_FUZZY,
1090361322,Cyrtosperma merkusii,Cyrtosperma chamissonis (Schott) Merr.,Cyrtosperma merkusii (Hassk.) Schott,SYNONYM,PRESERVED_SPECIMEN,1945-12-18,1945,MH,,Majuro islet,,,,,"St.John, H.",Collector Number: 21418,BPBM,BISH,582565,,,Herbarium Pacificum World Specimens,b929f23d-290f-4e85-8f17-764c55b3b284,64e2fa58-6530-4b4f-ba2f-e7dac4ceaf38,,CONTINENT_DERIVED_FROM_COUNTRY;INSTITUTION_MATCH_FUZZY;COLLECTION_MATCH_FUZZY,
5956138892,Cyrtosperma merkusii,Cyrtosperma chamissonis (Schott) Merr.,Cyrtosperma merkusii (Hassk.) Schott,SYNONYM,PRESERVED_SPECIMEN,1945-12-18,1945,MH,,Majuro islet,,,,,"St.John, H.",21417,BISH,,582426,NotAType,,,cfb43618-1423-4031-b3ff-fbd2c264f48b,582426,https://pacific.symbiota.org/portal/collections/individual/index.php?occid=1487028,CONTINENT_DERIVED_FROM_COUNTRY;TAXON_ID_NOT_FOUND;INSTITUTION_MATCH_NONE,
5956336228,Cyrtosperma merkusii,Cyrtosperma chamissonis (Schott) Merr.,Cyrtosperma merkusii (Hassk.) Schott,SYNONYM,PRESERVED_SPECIMEN,1945-12-18,1945,MH,,Majuro islet,,,,,"St.John, H.",21417,BISH,,582427,NotAType,,,cfb43618-1423-4031-b3ff-fbd2c264f48b,582427,https://pacific.symbiota.org/portal/collections/individual/index.php?occid=1487029,CONTINENT_DERIVED_FROM_COUNTRY;TAXON_ID_NOT_FOUND;INSTITUTION_MATCH_NONE,
5956406940,Cyrtosperma merkusii,Cyrtosperma chamissonis (Schott) Merr.,Cyrtosperma merkusii (Hassk.) Schott,SYNONYM,PRESERVED_SPECIMEN,1945-12-18,1945,MH,,Majuro islet,,,,,"St.John, H.",21418,BISH,,582559,NotAType,,,cfb43618-1423-4031-b3ff-fbd2c264f48b,582559,https://pacific.symbiota.org/portal/collections/individual/index.php?occid=1487171,CONTINENT_DERIVED_FROM_COUNTRY;TAXON_ID_NOT_FOUND;INSTITUTION_MATCH_NONE,
5956488000,Cyrtosperma merkusii,Cyrtosperma chamissonis (Schott) Merr.,Cyrtosperma merkusii (Hassk.) Schott,SYNONYM,PRESERVED_SPECIMEN,1945-12-18,1945,MH,,Majuro islet,,,,,"St.John, H.",21418,BISH,,582561,NotAType,,,cfb43618-1423-4031-b3ff-fbd2c264f48b,582561,https://pacific.symbiota.org/portal/collections/individual/index.php?occid=1487173,CONTINENT_DERIVED_FROM_COUNTRY;TAXON_ID_NOT_FOUND;INSTITUTION_MATCH_NONE,
5956489472,Cyrtosperma merkusii,Cyrtosperma chamissonis (Schott) Merr.,Cyrtosperma merkusii (Hassk.) Schott,SYNONYM,PRESERVED_SPECIMEN,1945-12-18,1945,MH,,Majuro islet,,,,,"St.John, H.",21418,BISH,,582564,NotAType,,,cfb43618-1423-4031-b3ff-fbd2c264f48b,582564,https://pacific.symbiota.org/portal/collections/individual/index.php?occid=1487176,CONTINENT_DERIVED_FROM_COUNTRY;TAXON_ID_NOT_FOUND;INSTITUTION_MATCH_NONE,
5956509081,Cyrtosperma merkusii,Cyrtosperma chamissonis (Schott) Merr.,Cyrtosperma merkusii (Hassk.) Schott,SYNONYM,PRESERVED_SPECIMEN,1945-12-18,1945,MH,,Majuro islet,,,,,"St.John, H.",21418,BISH,,582558,NotAType,,,cfb43618-1423-4031-b3ff-fbd2c264f48b,582558,https://pacific.symbiota.org/portal/collections/individual/index.php?occid=1487170,CONTINENT_DERIVED_FROM_COUNTRY;TAXON_ID_NOT_FOUND;INSTITUTION_MATCH_NONE,
5956559862,Cyrtosperma merkusii,Cyrtosperma chamissonis (Schott) Merr.,Cyrtosperma merkusii (Hassk.) Schott,SYNONYM,PRESERVED_SPECIMEN,1945-12-18,1945,MH,,Majuro islet,,,,,"St.John, H.",21418,BISH,,582565,NotAType,,,cfb43618-1423-4031-b3ff-fbd2c264f48b,582565,https://pacific.symbiota.org/portal/collections/individual/index.php?occid=1487177,CONTINENT_DERIVED_FROM_COUNTRY;TAXON_ID_NOT_FOUND;INSTITUTION_MATCH_NONE,
5956587786,Cyrtosperma merkusii,Cyrtosperma chamissonis (Schott) Merr.,Cyrtosperma merkusii (Hassk.) Schott,SYNONYM,PRESERVED_SPECIMEN,1945-12-18,1945,MH,,Majuro islet,,,,,"St.John, H.",21417,BISH,,582554,NotAType,,,cfb43618-1423-4031-b3ff-fbd2c264f48b,582554,https://pacific.symbiota.org/portal/collections/individual/index.php?occid=1487166,CONTINENT_DERIVED_FROM_COUNTRY;TAXON_ID_NOT_FOUND;INSTITUTION_MATCH_NONE,
5956611210,Cyrtosperma merkusii,Cyrtosperma chamissonis (Schott) Merr.,Cyrtosperma merkusii (Hassk.) Schott,SYNONYM,PRESERVED_SPECIMEN,1945-12-18,1945,MH,,Majuro islet,,,,,"St.John, H.",21417,BISH,,582555,NotAType,,,cfb43618-1423-4031-b3ff-fbd2c264f48b,582555,https://pacific.symbiota.org/portal/collections/individual/index.php?occid=1487167,CONTINENT_DERIVED_FROM_COUNTRY;TAXON_ID_NOT_FOUND;INSTITUTION_MATCH_NONE,
5956624274,Cyrtosperma merkusii,Cyrtosperma chamissonis (Schott) Merr.,Cyrtosperma merkusii (Hassk.) Schott,SYNONYM,PRESERVED_SPECIMEN,1945-12-18,1945,MH,,Majuro islet,,,,,"St.John, H.",21417,BISH,,582556,NotAType,,,cfb43618-1423-4031-b3ff-fbd2c264f48b,582556,https://pacific.symbiota.org/portal/collections/individual/index.php?occid=1487168,CONTINENT_DERIVED_FROM_COUNTRY;TAXON_ID_NOT_FOUND;INSTITUTION_MATCH_NONE,
5956624443,Cyrtosperma merkusii,Cyrtosperma chamissonis (Schott) Merr.,Cyrtosperma merkusii (Hassk.) Schott,SYNONYM,PRESERVED_SPECIMEN,1945-12-18,1945,MH,,Majuro islet,,,,,"St.John, H.",21418,BISH,,582562,NotAType,,,cfb43618-1423-4031-b3ff-fbd2c264f48b,582562,https://pacific.symbiota.org/portal/collections/individual/index.php?occid=1487174,CONTINENT_DERIVED_FROM_COUNTRY;TAXON_ID_NOT_FOUND;INSTITUTION_MATCH_NONE,
5956650177,Cyrtosperma merkusii,Cyrtosperma chamissonis (Schott) Merr.,Cyrtosperma merkusii (Hassk.) Schott,SYNONYM,PRESERVED_SPECIMEN,1945-12-18,1945,MH,,Majuro islet,,,,,"St.John, H.",21418,BISH,,582560,NotAType,,,cfb43618-1423-4031-b3ff-fbd2c264f48b,582560,https://pacific.symbiota.org/portal/collections/individual/index.php?occid=1487172,CONTINENT_DERIVED_FROM_COUNTRY;TAXON_ID_NOT_FOUND;INSTITUTION_MATCH_NONE,
5956669095,Cyrtosperma merkusii,Cyrtosperma chamissonis (Schott) Merr.,Cyrtosperma merkusii (Hassk.) Schott,SYNONYM,PRESERVED_SPECIMEN,1945-12-18,1945,MH,,Majuro islet,,,,,"St.John, H.",21418,BISH,,582563,NotAType,,,cfb43618-1423-4031-b3ff-fbd2c264f48b,582563,https://pacific.symbiota.org/portal/collections/individual/index.php?occid=1487175,CONTINENT_DERIVED_FROM_COUNTRY;TAXON_ID_NOT_FOUND;INSTITUTION_MATCH_NONE,
5956680659,Cyrtosperma merkusii,Cyrtosperma chamissonis (Schott) Merr.,Cyrtosperma merkusii (Hassk.) Schott,SYNONYM,PRESERVED_SPECIMEN,1945-12-18,1945,MH,,Majuro islet,,,,,"St.John, H.",21417,BISH,,582557,NotAType,,,cfb43618-1423-4031-b3ff-fbd2c264f48b,582557,https://pacific.symbiota.org/portal/collections/individual/index.php?occid=1487169,CONTINENT_DERIVED_FROM_COUNTRY;TAXON_ID_NOT_FOUND;INSTITUTION_MATCH_NONE,
1321348924,Cyrtosperma merkusii,Cyrtosperma merkusii (Hassk.) Schott,Cyrtosperma merkusii (Hassk.) Schott,ACCEPTED,PRESERVED_SPECIMEN,1946-05-25,1946,FM,Truk,,,,,,F. R. Fosberg,24481,US,US,US 3296849,,,NMNH Extant Biology,821cc27a-e3bb-4bc5-ac34-89ada245069d,http://n2t.net/ark:/65665/3b7656120-0d7d-4ecc-9129-837a45334676,,CONTINENT_INVALID;CONTINENT_DERIVED_FROM_COUNTRY;OCCURRENCE_STATUS_INFERRED_FROM_INDIVIDUAL_COUNT,https://collections.nmnh.si.edu/media/?i=14391794&h=2000
2592219556,Cyrtosperma merkusii,Cyrtosperma merkusii (Hassk.) Schott,Cyrtosperma merkusii (Hassk.) Schott,ACCEPTED,PRESERVED_SPECIMEN,1946-05-25,1946,FM,Truk,The Caroline Islands. Truk Island. Udot Island.,,,,,F. R. Fosberg,24481,US,US,US 3296850,,,NMNH Extant Biology,821cc27a-e3bb-4bc5-ac34-89ada245069d,http://n2t.net/ark:/65665/330603e28-2715-4342-a3fd-1a640dc4d02f,,CONTINENT_INVALID;CONTINENT_DERIVED_FROM_COUNTRY;OCCURRENCE_STATUS_INFERRED_FROM_INDIVIDUAL_COUNT,https://collections.nmnh.si.edu/media/?i=14416237&h=2000
2592237144,Cyrtosperma merkusii,Cyrtosperma merkusii (Hassk.) Schott,Cyrtosperma merkusii (Hassk.) Schott,ACCEPTED,PRESERVED_SPECIMEN,1946-05-29,1946,FM,Truk,"The Caroline Islands. Hall Islands. Nomwin Atoll, Nomwin Island.",,,,1.5,F. R. Fosberg,24600,US,US,US 3296840,,,NMNH Extant Biology,821cc27a-e3bb-4bc5-ac34-89ada245069d,http://n2t.net/ark:/65665/3dc798baf-e534-485d-acff-9f7d90c3eedb,,CONTINENT_INVALID;CONTINENT_DERIVED_FROM_COUNTRY;OCCURRENCE_STATUS_INFERRED_FROM_INDIVIDUAL_COUNT,https://collections.nmnh.si.edu/media/?i=14414407&h=2000
2592222650,Cyrtosperma merkusii,Cyrtosperma merkusii (Hassk.) Schott,Cyrtosperma merkusii (Hassk.) Schott,ACCEPTED,PRESERVED_SPECIMEN,1946-06-04,1946,FM,Truk,"The Caroline Islands. Truk Group. Moen I., East end.",,,,3.0,E. Y. Hosaka,2786,US,US,US 3296848,,,NMNH Extant Biology,821cc27a-e3bb-4bc5-ac34-89ada245069d,http://n2t.net/ark:/65665/33c7fa188-ef6e-487c-adaf-f971e8f49fd6,,CONTINENT_INVALID;CONTINENT_DERIVED_FROM_COUNTRY;OCCURRENCE_STATUS_INFERRED_FROM_INDIVIDUAL_COUNT,https://collections.nmnh.si.edu/media/?i=14408450&h=2000
2592293112,Cyrtosperma merkusii,Cyrtosperma merkusii (Hassk.) Schott,Cyrtosperma merkusii (Hassk.) Schott,ACCEPTED,PRESERVED_SPECIMEN,1946-07-11,1946,FM,Yap,The Caroline Islands. Ulithi Atoll. Mogmog Islet.,,,,3.0,F. R. Fosberg & C. Y. C. Wong,25507,US,US,US 3296853,,,NMNH Extant Biology,821cc27a-e3bb-4bc5-ac34-89ada245069d,http://n2t.net/ark:/65665/381944a71-60fd-42a9-a7a5-12ca11a93e34,,CONTINENT_INVALID;CONTINENT_DERIVED_FROM_COUNTRY;OCCURRENCE_STATUS_INFERRED_FROM_INDIVIDUAL_COUNT,https://collections.nmnh.si.edu/media/?i=14402519&h=2000
2592310489,Cyrtosperma merkusii,Cyrtosperma merkusii (Hassk.) Schott,Cyrtosperma merkusii (Hassk.) Schott,ACCEPTED,PRESERVED_SPECIMEN,1946-07-26,1946,PW,,The Caroline Islands. Palau Islands. East side of Angaur Island.,,,,4.0,F. R. Fosberg,25952,US,US,US 3296843,,,NMNH Extant Biology,821cc27a-e3bb-4bc5-ac34-89ada245069d,http://n2t.net/ark:/65665/3ddfd5238-e018-443d-b094-fa11e30d8d3c,,CONTINENT_INVALID;CONTINENT_DERIVED_FROM_COUNTRY;OCCURRENCE_STATUS_INFERRED_FROM_INDIVIDUAL_COUNT,https://collections.nmnh.si.edu/media/?i=14415742&h=2000
1090233597,Cyrtosperma merkusii,Cyrtosperma chamissonis (Schott) Merr.,Cyrtosperma merkusii (Hassk.) Schott,SYNONYM,PRESERVED_SPECIMEN,1946-08-30,1946,MH,,Ailuk islet,,,,,"St.John, H. Cowan, R.S.",Collector Number: 21842,BPBM,BISH,102157,,,Herbarium Pacificum World Specimens,b929f23d-290f-4e85-8f17-764c55b3b284,9f9460ec-c6dc-4acd-b2ce-506b6c2e133b,,CONTINENT_DERIVED_FROM_COUNTRY;INSTITUTION_MATCH_FUZZY;COLLECTION_MATCH_FUZZY,
1090283112,Cyrtosperma merkusii,Cyrtosperma chamissonis (Schott) Merr.,Cyrtosperma merkusii (Hassk.) Schott,SYNONYM,PRESERVED_SPECIMEN,1946-08-28,1946,MH,,Likiep Island,,,,,"St.John, H. Cowan, R.S.",Collector Number: 21796,BPBM,BISH,421832,,,Herbarium Pacificum World Specimens,b929f23d-290f-4e85-8f17-764c55b3b284,9d104ab5-ac9b-4676-9141-8ad392e0c77a,,CONTINENT_DERIVED_FROM_COUNTRY;INSTITUTION_MATCH_FUZZY;COLLECTION_MATCH_FUZZY,
1090362750,Cyrtosperma merkusii,Cyrtosperma chamissonis (Schott) Merr.,Cyrtosperma merkusii (Hassk.) Schott,SYNONYM,PRESERVED_SPECIMEN,1946-08-20,1946,MH,,Imrodj islet,,,,,"St.John, H. Cowan, R.S.",Collector Number: 21664,BPBM,BISH,102154,,,Herbarium Pacificum World Specimens,b929f23d-290f-4e85-8f17-764c55b3b284,1886163f-703c-4807-a099-e990af8dd7e7,,CONTINENT_DERIVED_FROM_COUNTRY;INSTITUTION_MATCH_FUZZY;COLLECTION_MATCH_FUZZY,
1090362961,Cyrtosperma merkusii,Cyrtosperma merkusii (Hassk.) Schott,Cyrtosperma merkusii (Hassk.) Schott,ACCEPTED,PRESERVED_SPECIMEN,1946-08-04,1946,FM,,Ueru Islet (Veilua Island),,,,,"Fosberg, F.R. Wong, C.Y.C.",Collector Number: 26117,BPBM,BISH,649897,,D.H. Lorence,Herbarium Pacificum World Specimens,b929f23d-290f-4e85-8f17-764c55b3b284,e451d414-0377-4615-8988-e9becb9f6790,,CONTINENT_DERIVED_FROM_COUNTRY;INSTITUTION_MATCH_FUZZY;COLLECTION_MATCH_FUZZY,
1319974269,Cyrtosperma merkusii,Cyrtosperma merkusii (Hassk.) Schott,Cyrtosperma merkusii (Hassk.) Schott,ACCEPTED,PRESERVED_SPECIMEN,1946-08-19,1946,FM,Kosrae,"South side of Mt. Matanta, north of head of Lela Harbor.",,,,25.5,F. R. Fosberg,26581,US,US,US 3296831,,,NMNH Extant Biology,821cc27a-e3bb-4bc5-ac34-89ada245069d,http://n2t.net/ark:/65665/37a9f23e4-a245-4eb2-b91e-c23bc19cdbda,,CONTINENT_INVALID;CONTINENT_DERIVED_FROM_COUNTRY;OCCURRENCE_STATUS_INFERRED_FROM_INDIVIDUAL_COUNT,https://collections.nmnh.si.edu/media/?i=14404824&h=2000
1321829704,Cyrtosperma merkusii,Cyrtosperma merkusii (Hassk.) Schott,Cyrtosperma merkusii (Hassk.) Schott,ACCEPTED,PRESERVED_SPECIMEN,1946-08-06,1946,FM,Pohnpei,,,,,1.5,F. R. Fosberg,26169,US,US,US 3296842,,,NMNH Extant Biology,821cc27a-e3bb-4bc5-ac34-89ada245069d,http://n2t.net/ark:/65665/3ccac3531-fa53-4e0b-b80e-7dadf90b7a70,,CONTINENT_INVALID;CONTINENT_DERIVED_FROM_COUNTRY;OCCURRENCE_STATUS_INFERRED_FROM_INDIVIDUAL_COUNT,https://collections.nmnh.si.edu/media/?i=14397755&h=2000
2592215254,Cyrtosperma merkusii,Cyrtosperma merkusii (Hassk.) Schott,Cyrtosperma merkusii (Hassk.) Schott,ACCEPTED,PRESERVED_SPECIMEN,1946-08-30,1946,MH,,"The Marshall Islands. Ailuk Atoll, Ailuk Islet.",,,,,H. St. John & R. S. Cowan,21842,US,US,US 2779917,,,NMNH Extant Biology,821cc27a-e3bb-4bc5-ac34-89ada245069d,http://n2t.net/ark:/65665/31f81db0e-1faf-4cd3-ba92-2907d0e7df80,,CONTINENT_INVALID;CONTINENT_DERIVED_FROM_COUNTRY;OCCURRENCE_STATUS_INFERRED_FROM_INDIVIDUAL_COUNT,https://collections.nmnh.si.edu/media/?i=14397789&h=2000
2592228422,Cyrtosperma merkusii,Cyrtosperma merkusii (Hassk.) Schott,Cyrtosperma merkusii (Hassk.) Schott,ACCEPTED,PRESERVED_SPECIMEN,1946-08-25,1946,MH,,"The Marshall Islands. Ailinglapalap Atoll, Bikajle Islet (Bigatyelang Island on chart).",,,,2.0,F. R. Fosberg,26841,US,US,US 3296854,,,NMNH Extant Biology,821cc27a-e3bb-4bc5-ac34-89ada245069d,http://n2t.net/ark:/65665/353b543a3-fec5-42f0-9046-1fbbd3b33286,,CONTINENT_INVALID;CONTINENT_DERIVED_FROM_COUNTRY;OCCURRENCE_STATUS_INFERRED_FROM_INDIVIDUAL_COUNT,https://collections.nmnh.si.edu/media/?i=14410752&h=2000
2592229410,Cyrtosperma merkusii,Cyrtosperma merkusii (Hassk.) Schott,Cyrtosperma merkusii (Hassk.) Schott,ACCEPTED,PRESERVED_SPECIMEN,1946-08-30,1946,MH,,"The Marshall Islands. Likiep Atoll, Likiep Islet.",,,,1.5,F. R. Fosberg,27040,US,US,US 3296855,,,NMNH Extant Biology,821cc27a-e3bb-4bc5-ac34-89ada245069d,http://n2t.net/ark:/65665/35795d099-ba29-40ae-919d-fe12042d16fd,,CONTINENT_INVALID;CONTINENT_DERIVED_FROM_COUNTRY;OCCURRENCE_STATUS_INFERRED_FROM_INDIVIDUAL_COUNT,https://collections.nmnh.si.edu/media/?i=14410831&h=2000
2592312223,Cyrtosperma merkusii,Cyrtosperma merkusii (Hassk.) Schott,Cyrtosperma merkusii (Hassk.) Schott,ACCEPTED,PRESERVED_SPECIMEN,1946-08-28,1946,MH,,"The Marshall Islands. Majuro Atoll, west end of Majuro Islet (""Laura"").",,,,4.0,F. R. Fosberg,26958,US,US,US 3296856,,,NMNH Extant Biology,821cc27a-e3bb-4bc5-ac34-89ada245069d,http://n2t.net/ark:/65665/3865b37f7-97e8-42d1-b48f-90d7e9525c74,,CONTINENT_INVALID;CONTINENT_DERIVED_FROM_COUNTRY;OCCURRENCE_STATUS_INFERRED_FROM_INDIVIDUAL_COUNT,https://collections.nmnh.si.edu/media/?i=14415473&h=2000
4164499330,Cyrtosperma merkusii,Cyrtosperma chamissonis (Schott) Merr.,Cyrtosperma merkusii (Hassk.) Schott,SYNONYM,PRESERVED_SPECIMEN,1946-08-04,1946,FM,,"Kapingamarangi, Hare Islet.",,,,1.52,"Hosaka, Edward Yataro",3443,MO,Tropicos,103345947,,,Tropicos,7bd65a7a-f762-11e1-a439-00145eb45e9a,urn:catalog:MO:Tropicos:103345947,,TAXON_ID_NOT_FOUND;OCCURRENCE_STATUS_INFERRED_FROM_INDIVIDUAL_COUNT;COLLECTION_MATCH_NONE;INSTITUTION_MATCH_FUZZY,https://images.mobot.org/tropicosimages4/detailimages/TropicosImagesVol4/101237000/A2CD2741-729B-4962-AF7D-2ABB4E80F319.jpg
4602016378,Cyrtosperma merkusii,Cyrtosperma merkusii (Hassk.) Schott,Cyrtosperma merkusii (Hassk.) Schott,ACCEPTED,PRESERVED_SPECIMEN,1946-08-04T00:00,1946,,,Caroline Islands Kapingamarangi Atoll;; Ueru Islet (Veilua I.),,,,,"Fosberg, F.R.; Wong, C.Y.C.",26117,K,Herbarium,K002555964,,,,cd6e21c8-9e8a-493a-8a76-fbf7862069e5,http://specimens.kew.org/herbarium/K002555964,,INSTITUTION_MATCH_FUZZY;INSTITUTION_COLLECTION_MISMATCH,https://d2jcv3kl45hlgi.cloudfront.net/5c94b59a5adbca2ac3e9553618bd53a2.jpg
5956208953,Cyrtosperma merkusii,Cyrtosperma chamissonis (Schott) Merr.,Cyrtosperma merkusii (Hassk.) Schott,SYNONYM,PRESERVED_SPECIMEN,1946-08-20,1946,MH,,Imrodj islet,,,,,"St.John, H.; Cowan, R.S.",21664,BISH,,102154,NotAType,,,cfb43618-1423-4031-b3ff-fbd2c264f48b,102154,https://pacific.symbiota.org/portal/collections/individual/index.php?occid=525406,CONTINENT_DERIVED_FROM_COUNTRY;TAXON_ID_NOT_FOUND;INSTITUTION_MATCH_NONE,
5956344359,Cyrtosperma merkusii,Cyrtosperma chamissonis (Schott) Merr.,Cyrtosperma merkusii (Hassk.) Schott,SYNONYM,PRESERVED_SPECIMEN,1946-08-30,1946,MH,,Ailuk islet,,,,,"St.John, H.; Cowan, R.S.",21842,BISH,,102157,NotAType,,,cfb43618-1423-4031-b3ff-fbd2c264f48b,102157,https://pacific.symbiota.org/portal/collections/individual/index.php?occid=525409,CONTINENT_DERIVED_FROM_COUNTRY;TAXON_ID_NOT_FOUND;INSTITUTION_MATCH_NONE,
5956527115,Cyrtosperma merkusii,Cyrtosperma chamissonis (Schott) Merr.,Cyrtosperma merkusii (Hassk.) Schott,SYNONYM,PRESERVED_SPECIMEN,1946-08-28,1946,MH,,Likiep Island,,,,,"St.John, H.; Cowan, R.S.",21796,BISH,,421832,NotAType,,,cfb43618-1423-4031-b3ff-fbd2c264f48b,421832,https://pacific.symbiota.org/portal/collections/individual/index.php?occid=1345773,CONTINENT_DERIVED_FROM_COUNTRY;TAXON_ID_NOT_FOUND;INSTITUTION_MATCH_NONE,
5956639938,Cyrtosperma merkusii,Cyrtosperma merkusii (Hassk.) Schott,Cyrtosperma merkusii (Hassk.) Schott,ACCEPTED,PRESERVED_SPECIMEN,1946-08-04,1946,FM,,Ueru Islet (Veilua Island),,,,2.5,"Fosberg, F.R.; Wong, C.Y.C.",26117,BISH,,649897,NotAType,"Lorence, D.H.",,cfb43618-1423-4031-b3ff-fbd2c264f48b,649897,https://pacific.symbiota.org/portal/collections/individual/index.php?occid=1543222,CONTINENT_DERIVED_FROM_COUNTRY;TAXON_ID_NOT_FOUND;INSTITUTION_MATCH_NONE,
36322592,Cyrtosperma merkusii,Cyrtosperma chamissonis (Schott) Merr.,Cyrtosperma merkusii (Hassk.) Schott,SYNONYM,PRESERVED_SPECIMEN,1946-09-09,1946,MH,,Ebon Islet; Chittoin,,,,,"St.John, H. Cowan, R.S.",Collector Number: 22151,BPBM,BISH,582424,,,Herbarium Pacificum World Specimens,b929f23d-290f-4e85-8f17-764c55b3b284,68512c8d-46cd-4640-bec5-4226ca743fa1,,CONTINENT_DERIVED_FROM_COUNTRY;INSTITUTION_MATCH_FUZZY;COLLECTION_MATCH_FUZZY,
36323571,Cyrtosperma merkusii,Cyrtosperma chamissonis (Schott) Merr.,Cyrtosperma merkusii (Hassk.) Schott,SYNONYM,PRESERVED_SPECIMEN,1946-09-09,1946,MH,,Ebon Islet; Chittoin,,,,,"St.John, H. Cowan, R.S.",Collector Number: 22151,BPBM,BISH,582425,,,Herbarium Pacificum World Specimens,b929f23d-290f-4e85-8f17-764c55b3b284,34c4df39-a6f2-4701-b4f7-4cd75f678f1d,,CONTINENT_DERIVED_FROM_COUNTRY;INSTITUTION_MATCH_FUZZY;COLLECTION_MATCH_FUZZY,
1090195663,Cyrtosperma merkusii,Cyrtosperma chamissonis (Schott) Merr.,Cyrtosperma merkusii (Hassk.) Schott,SYNONYM,PRESERVED_SPECIMEN,1946-09-03,1946,MH,,Mejit Island,,,,,"St.John, H. Cowan, R.S.",Collector Number: 21930,BPBM,BISH,102156,,,Herbarium Pacificum World Specimens,b929f23d-290f-4e85-8f17-764c55b3b284,89ed1761-700f-43f9-9721-234f3ac7ad40,,CONTINENT_DERIVED_FROM_COUNTRY;INSTITUTION_MATCH_FUZZY;COLLECTION_MATCH_FUZZY,
1090213616,Cyrtosperma merkusii,Cyrtosperma chamissonis (Schott) Merr.,Cyrtosperma merkusii (Hassk.) Schott,SYNONYM,PRESERVED_SPECIMEN,1946-09-09,1946,MH,,"Ebon Islet, Chittoin",,,,,"St.John, H. Cowan, R.S.",Collector Number: 22151,BPBM,BISH,582422,,,Herbarium Pacificum World Specimens,b929f23d-290f-4e85-8f17-764c55b3b284,85c099ce-0d41-42e6-bed8-38b898612c58,,CONTINENT_DERIVED_FROM_COUNTRY;INSTITUTION_MATCH_FUZZY;COLLECTION_MATCH_FUZZY,
1090227445,Cyrtosperma merkusii,Cyrtosperma chamissonis (Schott) Merr.,Cyrtosperma merkusii (Hassk.) Schott,SYNONYM,PRESERVED_SPECIMEN,1946-09-09,1946,MH,,"Ebon Islet, Chittoin",,,,,"St.John, H. Cowan, R.S.",Collector Number: 22151,BPBM,BISH,552788,,,Herbarium Pacificum World Specimens,b929f23d-290f-4e85-8f17-764c55b3b284,9257ce34-93cc-496f-95a5-49490135f501,,CONTINENT_DERIVED_FROM_COUNTRY;INSTITUTION_MATCH_FUZZY;COLLECTION_MATCH_FUZZY,
1090264479,Cyrtosperma merkusii,Cyrtosperma chamissonis (Schott) Merr.,Cyrtosperma merkusii (Hassk.) Schott,SYNONYM,PRESERVED_SPECIMEN,1946-09-09,1946,MH,,"Ebon Islet, Chittoin",,,,,"St.John, H. Cowan, R.S.",Collector Number: 22151,BPBM,BISH,552787,,,Herbarium Pacificum World Specimens,b929f23d-290f-4e85-8f17-764c55b3b284,3047103f-0978-4513-8dcd-74c9b6776134,,CONTINENT_DERIVED_FROM_COUNTRY;INSTITUTION_MATCH_FUZZY;COLLECTION_MATCH_FUZZY,
1090299309,Cyrtosperma merkusii,Cyrtosperma chamissonis (Schott) Merr.,Cyrtosperma merkusii (Hassk.) Schott,SYNONYM,PRESERVED_SPECIMEN,1946-09-03,1946,MH,,Mejit Island,,,,,"St.John, H. Cowan, R.S.",Collector Number: 21930,BPBM,BISH,102155,,,Herbarium Pacificum World Specimens,b929f23d-290f-4e85-8f17-764c55b3b284,7c3cee1d-d950-4ae0-8f05-9e33ed0d203f,,CONTINENT_DERIVED_FROM_COUNTRY;INSTITUTION_MATCH_FUZZY;COLLECTION_MATCH_FUZZY,
1090340118,Cyrtosperma merkusii,Cyrtosperma chamissonis (Schott) Merr.,Cyrtosperma merkusii (Hassk.) Schott,SYNONYM,PRESERVED_SPECIMEN,1946-09-09,1946,MH,,"Ebon Islet, Chittoin",,,,,"St.John, H. Cowan, R.S.",Collector Number: 22151,BPBM,BISH,582423,,,Herbarium Pacificum World Specimens,b929f23d-290f-4e85-8f17-764c55b3b284,fcfa4920-c67b-4f3f-b3ea-ce8db2e63ce7,,CONTINENT_DERIVED_FROM_COUNTRY;INSTITUTION_MATCH_FUZZY;COLLECTION_MATCH_FUZZY,
5956153277,Cyrtosperma merkusii,Cyrtosperma chamissonis (Schott) Merr.,Cyrtosperma merkusii (Hassk.) Schott,SYNONYM,PRESERVED_SPECIMEN,1946-09-09,1946,MH,,"Ebon Islet, Chittoin",,,,,"St.John, H.; Cowan, R.S.",22151,BISH,,582423,NotAType,,,cfb43618-1423-4031-b3ff-fbd2c264f48b,582423,https://pacific.symbiota.org/portal/collections/individual/index.php?occid=1487025,CONTINENT_DERIVED_FROM_COUNTRY;TAXON_ID_NOT_FOUND;INSTITUTION_MATCH_NONE,
5956212102,Cyrtosperma merkusii,Cyrtosperma chamissonis (Schott) Merr.,Cyrtosperma merkusii (Hassk.) Schott,SYNONYM,PRESERVED_SPECIMEN,1946-09-09,1946,MH,,Ebon Islet; Chittoin,,,,,"St.John, H.; Cowan, R.S.",22151,BISH,,582425,NotAType,,,cfb43618-1423-4031-b3ff-fbd2c264f48b,582425,https://pacific.symbiota.org/portal/collections/individual/index.php?occid=1765069,CONTINENT_DERIVED_FROM_COUNTRY;TAXON_ID_NOT_FOUND;INSTITUTION_MATCH_NONE,
5956243085,Cyrtosperma merkusii,Cyrtosperma chamissonis (Schott) Merr.,Cyrtosperma merkusii (Hassk.) Schott,SYNONYM,PRESERVED_SPECIMEN,1946-09-03,1946,MH,,Mejit Island,,,,,"St.John, H.; Cowan, R.S.",21930,BISH,,102156,NotAType,,,cfb43618-1423-4031-b3ff-fbd2c264f48b,102156,https://pacific.symbiota.org/portal/collections/individual/index.php?occid=525408,CONTINENT_DERIVED_FROM_COUNTRY;TAXON_ID_NOT_FOUND;INSTITUTION_MATCH_NONE,
5956283075,Cyrtosperma merkusii,Cyrtosperma chamissonis (Schott) Merr.,Cyrtosperma merkusii (Hassk.) Schott,SYNONYM,PRESERVED_SPECIMEN,1946-09-09,1946,MH,,Ebon Islet; Chittoin,,,,,"St.John, H.; Cowan, R.S.",22151,BISH,,582424,NotAType,,,cfb43618-1423-4031-b3ff-fbd2c264f48b,582424,https://pacific.symbiota.org/portal/collections/individual/index.php?occid=1765068,CONTINENT_DERIVED_FROM_COUNTRY;TAXON_ID_NOT_FOUND;INSTITUTION_MATCH_NONE,
5956298748,Cyrtosperma merkusii,Cyrtosperma chamissonis (Schott) Merr.,Cyrtosperma merkusii (Hassk.) Schott,SYNONYM,PRESERVED_SPECIMEN,1946-09-03,1946,MH,,Mejit Island,,,,,"St.John, H.; Cowan, R.S.",21930,BISH,,102155,NotAType,,,cfb43618-1423-4031-b3ff-fbd2c264f48b,102155,https://pacific.symbiota.org/portal/collections/individual/index.php?occid=525407,CONTINENT_DERIVED_FROM_COUNTRY;TAXON_ID_NOT_FOUND;INSTITUTION_MATCH_NONE,
5956378229,Cyrtosperma merkusii,Cyrtosperma chamissonis (Schott) Merr.,Cyrtosperma merkusii (Hassk.) Schott,SYNONYM,PRESERVED_SPECIMEN,1946-09-09,1946,MH,,"Ebon Islet, Chittoin",,,,,"St.John, H.; Cowan, R.S.",22151,BISH,,552787,NotAType,,,cfb43618-1423-4031-b3ff-fbd2c264f48b,552787,https://pacific.symbiota.org/portal/collections/individual/index.php?occid=1464361,CONTINENT_DERIVED_FROM_COUNTRY;TAXON_ID_NOT_FOUND;INSTITUTION_MATCH_NONE,
5956382618,Cyrtosperma merkusii,Cyrtosperma chamissonis (Schott) Merr.,Cyrtosperma merkusii (Hassk.) Schott,SYNONYM,PRESERVED_SPECIMEN,1946-09-09,1946,MH,,"Ebon Islet, Chittoin",,,,,"St.John, H.; Cowan, R.S.",22151,BISH,,552788,NotAType,,,cfb43618-1423-4031-b3ff-fbd2c264f48b,552788,https://pacific.symbiota.org/portal/collections/individual/index.php?occid=1464362,CONTINENT_DERIVED_FROM_COUNTRY;TAXON_ID_NOT_FOUND;INSTITUTION_MATCH_NONE,
5956446006,Cyrtosperma merkusii,Cyrtosperma chamissonis (Schott) Merr.,Cyrtosperma merkusii (Hassk.) Schott,SYNONYM,PRESERVED_SPECIMEN,1946-09-09,1946,MH,,"Ebon Islet, Chittoin",,,,,"St.John, H.; Cowan, R.S.",22151,BISH,,582422,NotAType,,,cfb43618-1423-4031-b3ff-fbd2c264f48b,582422,https://pacific.symbiota.org/portal/collections/individual/index.php?occid=1487024,CONTINENT_DERIVED_FROM_COUNTRY;TAXON_ID_NOT_FOUND;INSTITUTION_MATCH_NONE,
1090198576,Cyrtosperma merkusii,Cyrtosperma chamissonis (Schott) Merr.,Cyrtosperma merkusii (Hassk.) Schott,SYNONYM,PRESERVED_SPECIMEN,1947-09-05/1947-09-07,1947,FM,,Mogmog Islet,,,,,"Lessa, W.A.",Collector Number: 42,BPBM,BISH,102152,,M.C.Neal,Herbarium Pacificum World Specimens,b929f23d-290f-4e85-8f17-764c55b3b284,3e09bf42-8b44-481c-b8ae-26bbe4919283,,CONTINENT_DERIVED_FROM_COUNTRY;INSTITUTION_MATCH_FUZZY;COLLECTION_MATCH_FUZZY,
1090267965,Cyrtosperma merkusii,Cyrtosperma chamissonis (Schott) Merr.,Cyrtosperma merkusii (Hassk.) Schott,SYNONYM,PRESERVED_SPECIMEN,1947-09-05/1947-09-07,1947,FM,,Mogmog Islet,,,,,"Lessa, W.A.",Collector Number: 41,BPBM,BISH,102150,,M.C.Neal,Herbarium Pacificum World Specimens,b929f23d-290f-4e85-8f17-764c55b3b284,4bc96d05-ee60-4ca5-9bff-78fb5c8bd8c0,,CONTINENT_DERIVED_FROM_COUNTRY;INSTITUTION_MATCH_FUZZY;COLLECTION_MATCH_FUZZY,
1090293513,Cyrtosperma merkusii,Cyrtosperma chamissonis (Schott) Merr.,Cyrtosperma merkusii (Hassk.) Schott,SYNONYM,PRESERVED_SPECIMEN,1947-09-05/1947-09-07,1947,FM,,Mogmog Islet,,,,,"Lessa, W.A.",Collector Number: 40,BPBM,BISH,102153,,M.C.Neal,Herbarium Pacificum World Specimens,b929f23d-290f-4e85-8f17-764c55b3b284,54891968-59d9-4853-a2d5-97548170bad4,,CONTINENT_DERIVED_FROM_COUNTRY;INSTITUTION_MATCH_FUZZY;COLLECTION_MATCH_FUZZY,
5956171684,Cyrtosperma merkusii,Cyrtosperma chamissonis (Schott) Merr.,Cyrtosperma merkusii (Hassk.) Schott,SYNONYM,PRESERVED_SPECIMEN,1947-09-05,1947,FM,,Mogmog Islet,,,,,"Lessa, W.A.",41,BISH,,102150,NotAType,"Neal, M.C.",,cfb43618-1423-4031-b3ff-fbd2c264f48b,102150,https://pacific.symbiota.org/portal/collections/individual/index.php?occid=525402,CONTINENT_DERIVED_FROM_COUNTRY;TAXON_ID_NOT_FOUND;INSTITUTION_MATCH_NONE,
5956193200,Cyrtosperma merkusii,Cyrtosperma chamissonis (Schott) Merr.,Cyrtosperma merkusii (Hassk.) Schott,SYNONYM,PRESERVED_SPECIMEN,1947-09-05,1947,FM,,Mogmog Islet,,,,,"Lessa, W.A.",40,BISH,,102153,NotAType,"Neal, M.C.",,cfb43618-1423-4031-b3ff-fbd2c264f48b,102153,https://pacific.symbiota.org/portal/collections/individual/index.php?occid=525405,CONTINENT_DERIVED_FROM_COUNTRY;TAXON_ID_NOT_FOUND;INSTITUTION_MATCH_NONE,
5956328778,Cyrtosperma merkusii,Cyrtosperma chamissonis (Schott) Merr.,Cyrtosperma merkusii (Hassk.) Schott,SYNONYM,PRESERVED_SPECIMEN,1947-09-05,1947,FM,,Mogmog Islet,,,,,"Lessa, W.A.",42,BISH,,102152,NotAType,"Neal, M.C.",,cfb43618-1423-4031-b3ff-fbd2c264f48b,102152,https://pacific.symbiota.org/portal/collections/individual/index.php?occid=525404,CONTINENT_DERIVED_FROM_COUNTRY;TAXON_ID_NOT_FOUND;INSTITUTION_MATCH_NONE,
1090368104,Cyrtosperma merkusii,Cyrtosperma chamissonis (Schott) Merr.,Cyrtosperma merkusii (Hassk.) Schott,SYNONYM,PRESERVED_SPECIMEN,1947-10-02,1947,FM,,Truk,,,,,"Wong, C.C.Y.",Collector Number: 158,BPBM,BISH,102149,,,Herbarium Pacificum World Specimens,b929f23d-290f-4e85-8f17-764c55b3b284,6470ad4f-55bb-4003-864d-efd5a7f45ce0,,CONTINENT_DERIVED_FROM_COUNTRY;INSTITUTION_MATCH_FUZZY;COLLECTION_MATCH_FUZZY,
1999051946,Cyrtosperma merkusii,Cyrtosperma merkusii (Hassk.) Schott,Cyrtosperma merkusii (Hassk.) Schott,ACCEPTED,PRESERVED_SPECIMEN,1947-10-02,1947,FM,Chuuk,Ulalu (Romonum) Truk,,,,,C. Y. C. Wong,158,GH,GH,barcode-01655820,,,Harvard University Herbaria: All Records,861e6afe-f762-11e1-a439-00145eb45e9a,a9158537-a673-45eb-afe4-0fba279cc8dc,http://data.huh.harvard.edu/a9158537-a673-45eb-afe4-0fba279cc8dc/image,,https://s3.amazonaws.com/huhspecimenimages/JPG/01655820.jpg
2592214440,Cyrtosperma merkusii,Cyrtosperma merkusii (Hassk.) Schott,Cyrtosperma merkusii (Hassk.) Schott,ACCEPTED,PRESERVED_SPECIMEN,1947-10-02,1947,FM,Truk,The Caroline Islands.,,,,,C. Y. C. Wong,158,US,US,US 2608467,,,NMNH Extant Biology,821cc27a-e3bb-4bc5-ac34-89ada245069d,http://n2t.net/ark:/65665/31c446b70-f3b4-49c8-a6cc-0f7e79f1a139,,CONTINENT_INVALID;CONTINENT_DERIVED_FROM_COUNTRY;OCCURRENCE_STATUS_INFERRED_FROM_INDIVIDUAL_COUNT,https://collections.nmnh.si.edu/media/?i=14397211&h=2000
5956669424,Cyrtosperma merkusii,Cyrtosperma chamissonis (Schott) Merr.,Cyrtosperma merkusii (Hassk.) Schott,SYNONYM,PRESERVED_SPECIMEN,1947-10-02,1947,FM,,Truk,,,,1.0,"Wong, C.C.Y.",158,BISH,,102149,NotAType,,,cfb43618-1423-4031-b3ff-fbd2c264f48b,102149,https://pacific.symbiota.org/portal/collections/individual/index.php?occid=525401,CONTINENT_DERIVED_FROM_COUNTRY;TAXON_ID_NOT_FOUND;INSTITUTION_MATCH_NONE,
1090311336,Cyrtosperma merkusii,Cyrtosperma chamissonis (Schott) Merr.,Cyrtosperma merkusii (Hassk.) Schott,SYNONYM,PRESERVED_SPECIMEN,1948-01-29,1948,FM,,Yap,,,,,"Wong, C.C.Y.",Collector Number: 367,BPBM,BISH,102148,,,Herbarium Pacificum World Specimens,b929f23d-290f-4e85-8f17-764c55b3b284,27980131-62df-46cd-8601-ac992dc41131,,CONTINENT_DERIVED_FROM_COUNTRY;INSTITUTION_MATCH_FUZZY;COLLECTION_MATCH_FUZZY,
1998969276,Cyrtosperma merkusii,Cyrtosperma merkusii (Hassk.) Schott,Cyrtosperma merkusii (Hassk.) Schott,ACCEPTED,PRESERVED_SPECIMEN,1948-01-29,1948,FM,Yap,"Ngolok, Rul",,,,,C. Y. C. Wong,367,GH,GH,barcode-01655821,,,Harvard University Herbaria: All Records,861e6afe-f762-11e1-a439-00145eb45e9a,967ffd71-d780-42c4-9df0-4f831dd69555,http://data.huh.harvard.edu/967ffd71-d780-42c4-9df0-4f831dd69555/image,,https://s3.amazonaws.com/huhspecimenimages/JPG/01655821.jpg
2592260320,Cyrtosperma merkusii,Cyrtosperma merkusii (Hassk.) Schott,Cyrtosperma merkusii (Hassk.) Schott,ACCEPTED,PRESERVED_SPECIMEN,1948-01-29,1948,FM,Yap,The Caroline Islands.,,,,,C. Y. C. Wong,367,US,US,US 2608464,,,NMNH Extant Biology,821cc27a-e3bb-4bc5-ac34-89ada245069d,http://n2t.net/ark:/65665/3d983d054-6959-4528-8507-ebf668f4553b,,CONTINENT_INVALID;CONTINENT_DERIVED_FROM_COUNTRY;OCCURRENCE_STATUS_INFERRED_FROM_INDIVIDUAL_COUNT,https://collections.nmnh.si.edu/media/?i=14416144&h=2000
5956607036,Cyrtosperma merkusii,Cyrtosperma chamissonis (Schott) Merr.,Cyrtosperma merkusii (Hassk.) Schott,SYNONYM,PRESERVED_SPECIMEN,1948-01-29,1948,FM,,Yap,,,,,"Wong, C.C.Y.",367,BISH,,102148,NotAType,,,cfb43618-1423-4031-b3ff-fbd2c264f48b,102148,https://pacific.symbiota.org/portal/collections/individual/index.php?occid=525400,CONTINENT_DERIVED_FROM_COUNTRY;TAXON_ID_NOT_FOUND;INSTITUTION_MATCH_NONE,
1319605716,Cyrtosperma merkusii,Cyrtosperma merkusii (Hassk.) Schott,Cyrtosperma merkusii (Hassk.) Schott,ACCEPTED,PRESERVED_SPECIMEN,1949-12-17,1949,FM,Truk,Afaran Islet,,,,,D. Anderson,928,US,US,US 3296835,,,NMNH Extant Biology,821cc27a-e3bb-4bc5-ac34-89ada245069d,http://n2t.net/ark:/65665/36a4c0ea9-ecb4-4567-8c73-6caae037975c,,CONTINENT_INVALID;CONTINENT_DERIVED_FROM_COUNTRY;OCCURRENCE_STATUS_INFERRED_FROM_INDIVIDUAL_COUNT,https://collections.nmnh.si.edu/media/?i=14412789&h=2000
2592219931,Cyrtosperma merkusii,Cyrtosperma merkusii (Hassk.) Schott,Cyrtosperma merkusii (Hassk.) Schott,ACCEPTED,PRESERVED_SPECIMEN,1949-12-17,1949,FM,Truk,"The Caroline Islands. Mortlock Group. Satawan Atoll, Afáran Islet.",,,,,D. Anderson,928,US,US,US 3296834,,,NMNH Extant Biology,821cc27a-e3bb-4bc5-ac34-89ada245069d,http://n2t.net/ark:/65665/331e43f1f-1247-4cc4-a4fc-e8eed89b6505,,CONTINENT_INVALID;CONTINENT_DERIVED_FROM_COUNTRY;OCCURRENCE_STATUS_INFERRED_FROM_INDIVIDUAL_COUNT,https://collections.nmnh.si.edu/media/?i=14405036&h=2000
4164503360,Cyrtosperma merkusii,Cyrtosperma chamissonis (Schott) Merr.,Cyrtosperma merkusii (Hassk.) Schott,SYNONYM,PRESERVED_SPECIMEN,1949-12-17,1949,,,"Satawan Atoll, Afaran Islet.",,,,,D. Anderson,927,MO,Tropicos,103346854,,,Tropicos,7bd65a7a-f762-11e1-a439-00145eb45e9a,urn:catalog:MO:Tropicos:103346854,,TAXON_ID_NOT_FOUND;OCCURRENCE_STATUS_INFERRED_FROM_INDIVIDUAL_COUNT;COLLECTION_MATCH_NONE;INSTITUTION_MATCH_FUZZY,https://images.mobot.org/tropicosimages4/detailimages/TropicosImagesVol4/101237000/A8A488CD-3C22-470A-B0C4-EF483644147F.jpg
4602022326,Cyrtosperma merkusii,Cyrtosperma merkusii (Hassk.) Schott,Cyrtosperma merkusii (Hassk.) Schott,ACCEPTED,PRESERVED_SPECIMEN,1949-12-17T00:00,1949,,,"Caroline Islands; Satawan Atoll, Afrán Islet",,,,,"Anderson, D.",927,K,Herbarium,K002555965,,,,cd6e21c8-9e8a-493a-8a76-fbf7862069e5,http://specimens.kew.org/herbarium/K002555965,,INSTITUTION_MATCH_FUZZY;INSTITUTION_COLLECTION_MISMATCH,https://d2jcv3kl45hlgi.cloudfront.net/b880159cce7a9c072b6949da03708947.jpg
2592236604,Cyrtosperma merkusii,Cyrtosperma merkusii (Hassk.) Schott,Cyrtosperma merkusii (Hassk.) Schott,ACCEPTED,PRESERVED_SPECIMEN,1950-02-27,1950,MP,,"The Marianas Islands. Rota. Slopes above, As Malote, south side of island.",,,,250.0,F. R. Fosberg,31863,US,US,US 3296857,,,NMNH Extant Biology,821cc27a-e3bb-4bc5-ac34-89ada245069d,http://n2t.net/ark:/65665/3742be69f-27b9-4f4b-bfba-a1d6ea8abce1,,CONTINENT_INVALID;CONTINENT_DERIVED_FROM_COUNTRY;OCCURRENCE_STATUS_INFERRED_FROM_INDIVIDUAL_COUNT,https://collections.nmnh.si.edu/media/?i=14408829&h=2000
1090193800,Cyrtosperma merkusii,Cyrtosperma chamissonis (Schott) Merr.,Cyrtosperma merkusii (Hassk.) Schott,SYNONYM,PRESERVED_SPECIMEN,1950-03-24,1950,PW,,"Koror Island, Ngerebe'ed",,,,,"Fosberg, F.R.",Collector Number: 32311,BPBM,BISH,649891,,,Herbarium Pacificum World Specimens,b929f23d-290f-4e85-8f17-764c55b3b284,2f166221-2b87-4c34-9b3f-21232fa18cbc,,CONTINENT_DERIVED_FROM_COUNTRY;INSTITUTION_MATCH_FUZZY;COLLECTION_MATCH_FUZZY,
1317353430,Cyrtosperma merkusii,Cyrtosperma merkusii (Hassk.) Schott,Cyrtosperma merkusii (Hassk.) Schott,ACCEPTED,PRESERVED_SPECIMEN,1950-03-24,1950,PW,Koror,,,,,100.0,F. R. Fosberg,32311,US,US,US 3296844,,,NMNH Extant Biology,821cc27a-e3bb-4bc5-ac34-89ada245069d,http://n2t.net/ark:/65665/306acf88b-3143-4644-9021-bf784ea4d982,,CONTINENT_INVALID;CONTINENT_DERIVED_FROM_COUNTRY;OCCURRENCE_STATUS_INFERRED_FROM_INDIVIDUAL_COUNT,https://collections.nmnh.si.edu/media/?i=14407481&h=2000
5956543189,Cyrtosperma merkusii,Cyrtosperma chamissonis (Schott) Merr.,Cyrtosperma merkusii (Hassk.) Schott,SYNONYM,PRESERVED_SPECIMEN,1950-03-24,1950,PW,,"Koror Island, Ngerebe'ed",,,,10.0,"Fosberg, F.R.",32311,BISH,,649891,NotAType,,,cfb43618-1423-4031-b3ff-fbd2c264f48b,649891,https://pacific.symbiota.org/portal/collections/individual/index.php?occid=1543217,CONTINENT_DERIVED_FROM_COUNTRY;TAXON_ID_NOT_FOUND;INSTITUTION_MATCH_NONE,
1090319039,Cyrtosperma merkusii,Cyrtosperma chamissonis (Schott) Merr.,Cyrtosperma merkusii (Hassk.) Schott,SYNONYM,PRESERVED_SPECIMEN,1950-05-18,1950,MH,,Ine islet,,,,,"Anderson, D.",Collector Number: 3718,BPBM,BISH,102161,,,Herbarium Pacificum World Specimens,b929f23d-290f-4e85-8f17-764c55b3b284,dd69c9df-2b26-4487-b971-b5be7b89a269,,CONTINENT_DERIVED_FROM_COUNTRY;INSTITUTION_MATCH_FUZZY;COLLECTION_MATCH_FUZZY,
2513715557,Cyrtosperma merkusii,Cyrtosperma chamissonis (Schott) Merr.,Cyrtosperma merkusii (Hassk.) Schott,SYNONYM,PRESERVED_SPECIMEN,1950-05-18,1950,MH,,"Arno atoll, Ine Islet.",,,,,Anderson D; Pacific Vegetation Project,"Anderson, D; Pacific Vegetation Project 3718",,Botany,L.1415549,,,,15f819bd-6612-4447-854b-14d12ee1022d,https://data.biodiversitydata.nl/naturalis/specimen/L.1415549,,,https://medialib.naturalis.nl/file/id/L.1415549/format/large
2592249309,Cyrtosperma merkusii,Cyrtosperma merkusii (Hassk.) Schott,Cyrtosperma merkusii (Hassk.) Schott,ACCEPTED,PRESERVED_SPECIMEN,1950-05-18,1950,MH,,The Marshall [illegible text]nds. Ine Islet.,,,,,D. Anderson,3718,US,US,US 2242854,,,NMNH Extant Biology,821cc27a-e3bb-4bc5-ac34-89ada245069d,http://n2t.net/ark:/65665/3f7240e0f-4c6a-404b-ba18-929bf7c9ed4a,,CONTINENT_INVALID;CONTINENT_DERIVED_FROM_COUNTRY;OCCURRENCE_STATUS_INFERRED_FROM_INDIVIDUAL_COUNT,https://collections.nmnh.si.edu/media/?i=14410685&h=2000
5956392064,Cyrtosperma merkusii,Cyrtosperma chamissonis (Schott) Merr.,Cyrtosperma merkusii (Hassk.) Schott,SYNONYM,PRESERVED_SPECIMEN,1950-05-18,1950,MH,,Ine islet,,,,,"Anderson, D.",3718,BISH,,102161,NotAType,,,cfb43618-1423-4031-b3ff-fbd2c264f48b,102161,https://pacific.symbiota.org/portal/collections/individual/index.php?occid=525413,CONTINENT_DERIVED_FROM_COUNTRY;TAXON_ID_NOT_FOUND;INSTITUTION_MATCH_NONE,
1090304230,Cyrtosperma merkusii,Cyrtosperma chamissonis (Schott) Merr.,Cyrtosperma merkusii (Hassk.) Schott,SYNONYM,PRESERVED_SPECIMEN,1951-07-13,1951,KI,,"N Island, Onoto, S of camp",,,,,"Moul, E.T.",Collector Number: 8132,BPBM,BISH,102124,,,Herbarium Pacificum World Specimens,b929f23d-290f-4e85-8f17-764c55b3b284,9f39e86a-cf43-4062-bf54-a3f83767ab4d,,CONTINENT_DERIVED_FROM_COUNTRY;INSTITUTION_MATCH_FUZZY;COLLECTION_MATCH_FUZZY,
1090356448,Cyrtosperma merkusii,Cyrtosperma chamissonis (Schott) Merr.,Cyrtosperma merkusii (Hassk.) Schott,SYNONYM,PRESERVED_SPECIMEN,1951-07-17,1951,KI,,"N Island, Onotoa",,,,,"Moul, E.T.",Collector Number: 8159,BPBM,BISH,102125,,,Herbarium Pacificum World Specimens,b929f23d-290f-4e85-8f17-764c55b3b284,8ef122a1-6bcc-4baa-83cb-e214e264b385,,CONTINENT_DERIVED_FROM_COUNTRY;INSTITUTION_MATCH_FUZZY;COLLECTION_MATCH_FUZZY,
1930762835,Cyrtosperma merkusii,Cyrtosperma chamissonis (Schott) Merr.,Cyrtosperma merkusii (Hassk.) Schott,SYNONYM,PRESERVED_SPECIMEN,1951-07-24,1951,CA,Ontario,"Gilbert Islands, middles of South Island, village of Aiaki",,,,,E. T. Moul,8211,NY,NY,3780536,,,Vascular plants,d415c253-4d61-4459-9d25-4015b9084fb0,d3ec4106-a8c6-40e5-8dbb-8f83a2f5cc76,http://sweetgum.nybg.org/science/vh/specimen_details.php?irn=4070935,MODIFIED_DATE_INVALID,http://sweetgum.nybg.org/images3/3426/566/03780536.jpg
1990836058,Cyrtosperma merkusii,Cyrtosperma merkusii (Hassk.) Schott,Cyrtosperma merkusii (Hassk.) Schott,ACCEPTED,PRESERVED_SPECIMEN,1951-07-17,1951,KI,,"Onotoa, Gilbert Islands, North Island",,,,,Edwin T. Moul,8159,CHRB,,CHRB0037077,,,,1804436b-6a12-4fcc-a372-531cc23a41c4,e30cc01e-59f4-4196-bf00-32e6cb719e84,https://midatlanticherbaria.org/portal/collections/individual/index.php?occid=21090992,CONTINENT_DERIVED_FROM_COUNTRY;TAXON_ID_NOT_FOUND;INSTITUTION_MATCH_FUZZY,https://ans-images.ansp.org/botany/PH3/CHRB/Fullsize/0037/CHRB0037077.jpg
1990836066,Cyrtosperma merkusii,Cyrtosperma merkusii (Hassk.) Schott,Cyrtosperma merkusii (Hassk.) Schott,ACCEPTED,PRESERVED_SPECIMEN,1951-07-17,1951,KI,,"Pit S of camp, Onotoa, Gilbert Islands",,,,,Edwin T. Moul,8157,CHRB,,CHRB0037078,,,,1804436b-6a12-4fcc-a372-531cc23a41c4,3d786bfb-c20e-4c44-baf0-519a10b2a238,https://midatlanticherbaria.org/portal/collections/individual/index.php?occid=21090993,CONTINENT_DERIVED_FROM_COUNTRY;TAXON_ID_NOT_FOUND;INSTITUTION_MATCH_FUZZY,https://ans-images.ansp.org/botany/PH3/CHRB/Fullsize/0037/CHRB0037078.jpg
1990836076,Cyrtosperma merkusii,Cyrtosperma chamissonis (Schott) Merr.,Cyrtosperma merkusii (Hassk.) Schott,SYNONYM,PRESERVED_SPECIMEN,1951-07-17,1951,KI,,"Onotoa, Gilbert Islands, North Island, Pit S. of camp",,,,,Edwin T. Moul,8157,CHRB,,CHRB0037079,,,,1804436b-6a12-4fcc-a372-531cc23a41c4,0eca759a-870d-406a-8b52-7a775a4e9f78,https://midatlanticherbaria.org/portal/collections/individual/index.php?occid=21090994,CONTINENT_DERIVED_FROM_COUNTRY;TAXON_ID_NOT_FOUND;INSTITUTION_MATCH_FUZZY,https://ans-images.ansp.org/botany/PH3/CHRB/Fullsize/0037/CHRB0037079.jpg
1990836083,Cyrtosperma merkusii,Cyrtosperma merkusii (Hassk.) Schott,Cyrtosperma merkusii (Hassk.) Schott,ACCEPTED,PRESERVED_SPECIMEN,1951-07-13,1951,KI,Onotoa,north island. Pits 3 of camp,,,,,Edwin T Moul,8132,CHRB,,CHRB0037080,,,,1804436b-6a12-4fcc-a372-531cc23a41c4,30419ef4-3120-4df6-9845-1357cf96000b,https://midatlanticherbaria.org/portal/collections/individual/index.php?occid=21090995,CONTINENT_DERIVED_FROM_COUNTRY;TAXON_ID_NOT_FOUND;INSTITUTION_MATCH_FUZZY,https://ans-images.ansp.org/botany/PH3/CHRB/Fullsize/0037/CHRB0037080.jpg
2592233395,Cyrtosperma merkusii,Cyrtosperma merkusii (Hassk.) Schott,Cyrtosperma merkusii (Hassk.) Schott,ACCEPTED,PRESERVED_SPECIMEN,1951-07-24,1951,KI,,"Onotoa, Gilbert Islands. Middles of South Island. Village of Aiaki.",,,,,E. T. Moul,8211,US,US,US 2245965,,,NMNH Extant Biology,821cc27a-e3bb-4bc5-ac34-89ada245069d,http://n2t.net/ark:/65665/3670aea94-8fe7-4fa8-bd5a-3c088e7d7153,,CONTINENT_INVALID;CONTINENT_DERIVED_FROM_COUNTRY;OCCURRENCE_STATUS_INFERRED_FROM_INDIVIDUAL_COUNT,https://collections.nmnh.si.edu/media/?i=14402141&h=2000
5956404613,Cyrtosperma merkusii,Cyrtosperma chamissonis (Schott) Merr.,Cyrtosperma merkusii (Hassk.) Schott,SYNONYM,PRESERVED_SPECIMEN,1951-07-17,1951,KI,,"N Island, Onotoa",,,,,"Moul, E.T.",8159,BISH,,102125,NotAType,,,cfb43618-1423-4031-b3ff-fbd2c264f48b,102125,https://pacific.symbiota.org/portal/collections/individual/index.php?occid=525377,CONTINENT_DERIVED_FROM_COUNTRY;TAXON_ID_NOT_FOUND;INSTITUTION_MATCH_NONE,
5956568498,Cyrtosperma merkusii,Cyrtosperma chamissonis (Schott) Merr.,Cyrtosperma merkusii (Hassk.) Schott,SYNONYM,PRESERVED_SPECIMEN,1951-07-13,1951,KI,,"N Island, Onoto, S of camp",,,,,"Moul, E.T.",8132,BISH,,102124,NotAType,,,cfb43618-1423-4031-b3ff-fbd2c264f48b,102124,https://pacific.symbiota.org/portal/collections/individual/index.php?occid=525376,CONTINENT_DERIVED_FROM_COUNTRY;TAXON_ID_NOT_FOUND;INSTITUTION_MATCH_NONE,
1090354472,Cyrtosperma merkusii,Cyrtosperma chamissonis (Schott) Merr.,Cyrtosperma merkusii (Hassk.) Schott,SYNONYM,PRESERVED_SPECIMEN,1951-12-28,1951,MH,,"Ailuk islet, nr village",,,,,"Fosberg, F.R.",Collector Number: 33968,BPBM,BISH,102160,,,Herbarium Pacificum World Specimens,b929f23d-290f-4e85-8f17-764c55b3b284,149775f0-a6e4-4125-8610-dfb8603a1dd6,,CONTINENT_DERIVED_FROM_COUNTRY;INSTITUTION_MATCH_FUZZY;COLLECTION_MATCH_FUZZY,
1927909537,Cyrtosperma merkusii,Cyrtosperma edule Schott,Cyrtosperma merkusii (Hassk.) Schott,SYNONYM,PRESERVED_SPECIMEN,1951-12-18,1951,TO,,"Niuatoputapu, near Falehau",-15.945129,-173.766793,893.0,,H. Hürlimann,578,NY,NY,03780539,,,Vascular plants,d415c253-4d61-4459-9d25-4015b9084fb0,0a0dba17-7157-4735-8257-bc2d3c80a2bf,http://sweetgum.nybg.org/science/vh/specimen_details.php?irn=4070941,MODIFIED_DATE_INVALID,http://sweetgum.nybg.org/images3/3426/569/03780539.jpg
1929464425,Cyrtosperma merkusii,Cyrtosperma edule Schott,Cyrtosperma merkusii (Hassk.) Schott,SYNONYM,PRESERVED_SPECIMEN,1951-12-18,1951,TO,,"Niuatoputapu, near Falehau",-15.945129,-173.766793,893.0,,H. Hürlimann,578,NY,NY,03780538,,,Vascular plants,d415c253-4d61-4459-9d25-4015b9084fb0,7816bd45-d246-46eb-8b57-826e624a1d4b,http://sweetgum.nybg.org/science/vh/specimen_details.php?irn=4070942,MODIFIED_DATE_INVALID,http://sweetgum.nybg.org/images3/3426/568/03780538.jpg
1930080208,Cyrtosperma merkusii,Cyrtosperma edule Schott,Cyrtosperma merkusii (Hassk.) Schott,SYNONYM,PRESERVED_SPECIMEN,1951-12-18,1951,TO,,"Island Niuatoputapu, near Falehan",,,,,H. Hürlimann,578,NY,NY,03780537,,,Vascular plants,d415c253-4d61-4459-9d25-4015b9084fb0,a390b82e-efda-411c-952e-04517979d60c,http://sweetgum.nybg.org/science/vh/specimen_details.php?irn=4070938,MODIFIED_DATE_INVALID,http://sweetgum.nybg.org/images3/3426/567/03780537.jpg
2592293152,Cyrtosperma merkusii,Cyrtosperma merkusii (Hassk.) Schott,Cyrtosperma merkusii (Hassk.) Schott,ACCEPTED,PRESERVED_SPECIMEN,1951-12-28,1951,MH,,"The Marshall Islands. Ailuk Atoll. Ailuk Islet - in and around village, near dwellings.",,,,0.0,F. R. Fosberg,33968,US,US,US 2212053,,,NMNH Extant Biology,821cc27a-e3bb-4bc5-ac34-89ada245069d,http://n2t.net/ark:/65665/38cfd56eb-f8bd-42ca-9407-de1ac1e7f2fe,,CONTINENT_INVALID;CONTINENT_DERIVED_FROM_COUNTRY;OCCURRENCE_STATUS_INFERRED_FROM_INDIVIDUAL_COUNT,https://collections.nmnh.si.edu/media/?i=14412751&h=2000
5956552359,Cyrtosperma merkusii,Cyrtosperma chamissonis (Schott) Merr.,Cyrtosperma merkusii (Hassk.) Schott,SYNONYM,PRESERVED_SPECIMEN,1951-12-28,1951,MH,,"Ailuk islet, nr village",,,,,"Fosberg, F.R.",33968,BISH,,102160,NotAType,,,cfb43618-1423-4031-b3ff-fbd2c264f48b,102160,https://pacific.symbiota.org/portal/collections/individual/index.php?occid=525412,CONTINENT_DERIVED_FROM_COUNTRY;TAXON_ID_NOT_FOUND;INSTITUTION_MATCH_NONE,
1090381552,Cyrtosperma merkusii,Cyrtosperma chamissonis (Schott) Merr.,Cyrtosperma merkusii (Hassk.) Schott,SYNONYM,PRESERVED_SPECIMEN,1952-01-07,1952,MH,,"Lae islet, in center of islet",,,,,"Fosberg, F.R.",Collector Number: 34018,BPBM,BISH,102159,,,Herbarium Pacificum World Specimens,b929f23d-290f-4e85-8f17-764c55b3b284,acd5ffe2-f5ab-44bd-aa81-ffea89c9a604,,CONTINENT_DERIVED_FROM_COUNTRY;INSTITUTION_MATCH_FUZZY;COLLECTION_MATCH_FUZZY,
2592244064,Cyrtosperma merkusii,Cyrtosperma merkusii (Hassk.) Schott,Cyrtosperma merkusii (Hassk.) Schott,ACCEPTED,PRESERVED_SPECIMEN,1952-01-07,1952,MH,,The Marshall Islands. Lae Atoll. Lae Islet.,,,,,F. R. Fosberg,34018,US,US,US 2399475,,,NMNH Extant Biology,821cc27a-e3bb-4bc5-ac34-89ada245069d,http://n2t.net/ark:/65665/3a86ea56e-9d5c-4b8b-baf0-98ff304d04be,,CONTINENT_INVALID;CONTINENT_DERIVED_FROM_COUNTRY;OCCURRENCE_STATUS_INFERRED_FROM_INDIVIDUAL_COUNT,https://collections.nmnh.si.edu/media/?i=14416438&h=2000
5956390115,Cyrtosperma merkusii,Cyrtosperma chamissonis (Schott) Merr.,Cyrtosperma merkusii (Hassk.) Schott,SYNONYM,PRESERVED_SPECIMEN,1952-01-07,1952,MH,,"Lae islet, in center of islet",,,,,"Fosberg, F.R.",34018,BISH,,102159,NotAType,,,cfb43618-1423-4031-b3ff-fbd2c264f48b,102159,https://pacific.symbiota.org/portal/collections/individual/index.php?occid=525411,CONTINENT_DERIVED_FROM_COUNTRY;TAXON_ID_NOT_FOUND;INSTITUTION_MATCH_NONE,
1090282884,Cyrtosperma merkusii,Cyrtosperma chamissonis (Schott) Merr.,Cyrtosperma merkusii (Hassk.) Schott,SYNONYM,PRESERVED_SPECIMEN,1952-02-14,1952,MH,,Wotho islet,,,,,"Fosberg, F.R.",Collector Number: 34261,BPBM,BISH,102158,,,Herbarium Pacificum World Specimens,b929f23d-290f-4e85-8f17-764c55b3b284,dcd5d2d3-c032-4ea0-a6c6-8a988a625693,,CONTINENT_DERIVED_FROM_COUNTRY;INSTITUTION_MATCH_FUZZY;COLLECTION_MATCH_FUZZY,
2592229591,Cyrtosperma merkusii,Cyrtosperma merkusii (Hassk.) Schott,Cyrtosperma merkusii (Hassk.) Schott,ACCEPTED,PRESERVED_SPECIMEN,1952-02-16,1952,MH,,"The Marshall Islands. Ujae Atoll. Ujae Islet, village.",,,,1.0,F. R. Fosberg,34302,US,US,US 2212230,,,NMNH Extant Biology,821cc27a-e3bb-4bc5-ac34-89ada245069d,http://n2t.net/ark:/65665/358480246-8521-447a-8622-61eeecd8ccbc,,CONTINENT_INVALID;CONTINENT_DERIVED_FROM_COUNTRY;OCCURRENCE_STATUS_INFERRED_FROM_INDIVIDUAL_COUNT,https://collections.nmnh.si.edu/media/?i=14397218&h=2000
2592272200,Cyrtosperma merkusii,Cyrtosperma merkusii (Hassk.) Schott,Cyrtosperma merkusii (Hassk.) Schott,ACCEPTED,PRESERVED_SPECIMEN,1952-02-14,1952,MH,,The Marshall Islands. Wotho Atoll. Wotho Islet.,,,,1.0,F. R. Fosberg,34261,US,US,US 2212199,,,NMNH Extant Biology,821cc27a-e3bb-4bc5-ac34-89ada245069d,http://n2t.net/ark:/65665/376f9b8fa-f47b-4ffb-a2b9-5b2cd502f932,,CONTINENT_INVALID;CONTINENT_DERIVED_FROM_COUNTRY;OCCURRENCE_STATUS_INFERRED_FROM_INDIVIDUAL_COUNT,https://collections.nmnh.si.edu/media/?i=14397948&h=2000
5956391380,Cyrtosperma merkusii,Cyrtosperma chamissonis (Schott) Merr.,Cyrtosperma merkusii (Hassk.) Schott,SYNONYM,PRESERVED_SPECIMEN,1952-02-14,1952,MH,,Wotho islet,,,,1.0,"Fosberg, F.R.",34261,BISH,,102158,NotAType,,,cfb43618-1423-4031-b3ff-fbd2c264f48b,102158,https://pacific.symbiota.org/portal/collections/individual/index.php?occid=525410,CONTINENT_DERIVED_FROM_COUNTRY;TAXON_ID_NOT_FOUND;INSTITUTION_MATCH_NONE,
1999106583,Cyrtosperma merkusii,Cyrtosperma chamissonis (Schott) Merr.,Cyrtosperma merkusii (Hassk.) Schott,SYNONYM,PRESERVED_SPECIMEN,1953-10-01,1953,PH,,"Mataragsik, Mt. Yagaw",,,,,H. C. Conklin,581,A,A,barcode-01655813,,,Harvard University Herbaria: All Records,861e6afe-f762-11e1-a439-00145eb45e9a,b588f37e-c103-4ca8-b28f-c9ec2fe4f4d4,http://data.huh.harvard.edu/b588f37e-c103-4ca8-b28f-c9ec2fe4f4d4/image,,https://s3.amazonaws.com/huhspecimenimages/JPG/01655813.jpg
2513715164,Cyrtosperma merkusii,Cyrtosperma merkusii (Hassk.) Schott,Cyrtosperma merkusii (Hassk.) Schott,ACCEPTED,PRESERVED_SPECIMEN,1953-10-01,1953,PH,,"Mataragsik, Mt. Yagaw (E). Mindoro.",,,,,Conklin HC,"Conklin, HC PNH 19039",,Botany,L.1416098,,,,15f819bd-6612-4447-854b-14d12ee1022d,https://data.biodiversitydata.nl/naturalis/specimen/L.1416098,,,https://medialib.naturalis.nl/file/id/L.1416098/format/large
1057216338,Cyrtosperma merkusii,Cyrtosperma merkusii (Hassk.) Schott,Cyrtosperma merkusii (Hassk.) Schott,ACCEPTED,PRESERVED_SPECIMEN,1954-03-30,1954,MY,Sarawak,,1.349978,111.518094,,,Winifred Mary Adelaide Brooke,8257,NHMUK,BOT,BM000957458,,,,7e380070-f762-11e1-a439-00145eb45e9a,b1d271e8-aed1-4bf7-b3db-90e02b1678f9,,GEODETIC_DATUM_ASSUMED_WGS84;INSTITUTION_MATCH_FUZZY;COLLECTION_MATCH_FUZZY,
2513715469,Cyrtosperma merkusii,Cyrtosperma merkusii (Hassk.) Schott,Cyrtosperma merkusii (Hassk.) Schott,ACCEPTED,PRESERVED_SPECIMEN,1954-03-30,1954,MY,Borneo,"Sarawak, Division 2, Betong",1.4,111.51667,,,Brooke WMA,"Brooke, WMA 8257",,Botany,L.1416090,,Hay A,,15f819bd-6612-4447-854b-14d12ee1022d,https://data.biodiversitydata.nl/naturalis/specimen/L.1416090,,,https://medialib.naturalis.nl/file/id/L.1416090/format/large
2513714504,Cyrtosperma merkusii,Cyrtosperma merkusii (Hassk.) Schott,Cyrtosperma merkusii (Hassk.) Schott,ACCEPTED,PRESERVED_SPECIMEN,1954-05-07,1954,MY,Borneo,"Sarawak, Division 1, Lundu",1.66667,109.85,,,Brooke WMA,"Brooke, WMA 8472",,Botany,L.1416093,,Hay A,,15f819bd-6612-4447-854b-14d12ee1022d,https://data.biodiversitydata.nl/naturalis/specimen/L.1416093,,,https://medialib.naturalis.nl/file/id/L.1416093/format/large
2513713906,Cyrtosperma merkusii,Cyrtosperma merkusii (Hassk.) Schott,Cyrtosperma merkusii (Hassk.) Schott,ACCEPTED,PRESERVED_SPECIMEN,1955-02-13,1955,MY,Borneo,"Sarawak, Division 1, Kuching",1.55,110.33333,,,Brooke WMA,"Brooke, WMA 9687",,Botany,L.1416091,,Hay A,,15f819bd-6612-4447-854b-14d12ee1022d,https://data.biodiversitydata.nl/naturalis/specimen/L.1416091,,,https://medialib.naturalis.nl/file/id/L.1416091/format/large
2513718368,Cyrtosperma merkusii,Cyrtosperma merkusii (Hassk.) Schott,Cyrtosperma merkusii (Hassk.) Schott,ACCEPTED,PRESERVED_SPECIMEN,1955-02-13,1955,MY,Borneo,"Sarawak, Division 1, Kuching",1.55,110.33333,,,Brooke WMA,"Brooke, WMA 9687",,Botany,L.1416092,,,,15f819bd-6612-4447-854b-14d12ee1022d,https://data.biodiversitydata.nl/naturalis/specimen/L.1416092,,,https://medialib.naturalis.nl/file/id/L.1416092/format/large
1056813190,Cyrtosperma merkusii,Cyrtosperma merkusii (Hassk.) Schott,Cyrtosperma merkusii (Hassk.) Schott,ACCEPTED,PRESERVED_SPECIMEN,1955-10-28,1955,MY,Sarawak,,3.4689,114.5464,,,Winifred Mary Adelaide Brooke,10727,NHMUK,BOT,BM000957463,,,,7e380070-f762-11e1-a439-00145eb45e9a,6b82c1d1-7f56-45ba-92be-438ba19988d6,,GEODETIC_DATUM_ASSUMED_WGS84;INSTITUTION_MATCH_FUZZY;COLLECTION_MATCH_FUZZY,
2513715511,Cyrtosperma merkusii,Cyrtosperma merkusii (Hassk.) Schott,Cyrtosperma merkusii (Hassk.) Schott,ACCEPTED,PRESERVED_SPECIMEN,1955-10-28,1955,MY,Borneo,"Sarawak, Division 2, Simanggang",1.24722,111.45278,,,Brooke WMA,"Brooke, WMA 10727",,Botany,L.1416089,,Hay A,,15f819bd-6612-4447-854b-14d12ee1022d,https://data.biodiversitydata.nl/naturalis/specimen/L.1416089,,,https://medialib.naturalis.nl/file/id/L.1416089/format/large
2592223664,Cyrtosperma merkusii,Cyrtosperma merkusii (Hassk.) Schott,Cyrtosperma merkusii (Hassk.) Schott,ACCEPTED,PRESERVED_SPECIMEN,1955-10-28,1955,MY,Sarawak,Simanggang.,,,,,W. Brooke,10727,US,US,US 2332113,,,NMNH Extant Biology,821cc27a-e3bb-4bc5-ac34-89ada245069d,http://n2t.net/ark:/65665/3408d274b-caca-4d89-b318-d23160e9cfcc,,OCCURRENCE_STATUS_INFERRED_FROM_INDIVIDUAL_COUNT,https://collections.nmnh.si.edu/media/?i=14388203&h=2000
1090278451,Cyrtosperma merkusii,Cyrtosperma chamissonis (Schott) Merr.,Cyrtosperma merkusii (Hassk.) Schott,SYNONYM,PRESERVED_SPECIMEN,1956-01-09,1956,MH,,"Aelok islet, central part",,,,,"Stone, B.C.",Collector Number: 1095,BPBM,BISH,17422,,,Herbarium Pacificum World Specimens,b929f23d-290f-4e85-8f17-764c55b3b284,575969f4-0bd3-4a93-94d8-854b93a21923,,CONTINENT_DERIVED_FROM_COUNTRY;INSTITUTION_MATCH_FUZZY;COLLECTION_MATCH_FUZZY,
5956377816,Cyrtosperma merkusii,Cyrtosperma chamissonis (Schott) Merr.,Cyrtosperma merkusii (Hassk.) Schott,SYNONYM,PRESERVED_SPECIMEN,1956-01-09,1956,MH,,"Aelok islet, central part",,,,,"Stone, B.C.",1095,BISH,,17422,NotAType,,,cfb43618-1423-4031-b3ff-fbd2c264f48b,17422,https://pacific.symbiota.org/portal/collections/individual/index.php?occid=1307608,CONTINENT_DERIVED_FROM_COUNTRY;TAXON_ID_NOT_FOUND;INSTITUTION_MATCH_NONE,
2513718246,Cyrtosperma merkusii,Cyrtosperma merkusii (Hassk.) Schott,Cyrtosperma merkusii (Hassk.) Schott,ACCEPTED,PRESERVED_SPECIMEN,1957-03-23,1957,PH,,Cabilao Is. Bohol Province.,,,,,Kondo Y,"Kondo, Y PNH 40766",,Botany,L.1416101,,,,15f819bd-6612-4447-854b-14d12ee1022d,https://data.biodiversitydata.nl/naturalis/specimen/L.1416101,,,https://medialib.naturalis.nl/file/id/L.1416101/format/large
1999158304,Cyrtosperma merkusii,Cyrtosperma merkusii (Hassk.) Schott,Cyrtosperma merkusii (Hassk.) Schott,ACCEPTED,PRESERVED_SPECIMEN,1957-05,1957,PH,Sorsogon,Pilar,,,,,J. C. Regalado & R. Ugalde,,A,A,barcode-01655818,,,Harvard University Herbaria: All Records,861e6afe-f762-11e1-a439-00145eb45e9a,c1207ae5-2e43-4648-9198-b0d11c2ebce1,http://data.huh.harvard.edu/c1207ae5-2e43-4648-9198-b0d11c2ebce1/image,,https://s3.amazonaws.com/huhspecimenimages/JPG/01655818.jpg
2513715832,Cyrtosperma merkusii,Cyrtosperma merkusii (Hassk.) Schott,Cyrtosperma merkusii (Hassk.) Schott,ACCEPTED,PRESERVED_SPECIMEN,1957-05-01/1957-05-31,1957,PH,Luzon,"Philippines, Luzon, Sorsogon Province, Pilar.",14.66,120.56528,,,Regalado J; Ugalde JRR,"Regalado, J; Ugalde, JRR PNH 37495",,Botany,L.1416096,,,,15f819bd-6612-4447-854b-14d12ee1022d,https://data.biodiversitydata.nl/naturalis/specimen/L.1416096,,,https://medialib.naturalis.nl/file/id/L.1416096/format/large
2513714752,Cyrtosperma merkusii,Cyrtosperma lasioides Griff.,Cyrtosperma merkusii (Hassk.) Schott,SYNONYM,PRESERVED_SPECIMEN,1957-09-09,1957,ZZ,,"SARAWAK. Binatang, 12 miles from Oxford.",,,,,Anderson JAR,"Anderson, JAR 9021",,Botany,L.1415519,,,,15f819bd-6612-4447-854b-14d12ee1022d,https://data.biodiversitydata.nl/naturalis/specimen/L.1415519,,,https://medialib.naturalis.nl/file/id/L.1415519/format/large
2592209111,Cyrtosperma merkusii,Cyrtosperma merkusii (Hassk.) Schott,Cyrtosperma merkusii (Hassk.) Schott,ACCEPTED,PRESERVED_SPECIMEN,1957-09-22,1957,SB,Solomon Islands,"British Solomons: Malaita, forest area near Kwai'aha River, Kwara'ai Distr.",,,,,B. C. Stone,2320,US,US,US 2875829,,,NMNH Extant Biology,821cc27a-e3bb-4bc5-ac34-89ada245069d,http://n2t.net/ark:/65665/3074ea409-6fbb-4a8a-8b6d-4f8fe6a1ddf3,,CONTINENT_INVALID;CONTINENT_DERIVED_FROM_COUNTRY;OCCURRENCE_STATUS_INFERRED_FROM_INDIVIDUAL_COUNT,https://collections.nmnh.si.edu/media/?i=14410896&h=2000
2592211722,Cyrtosperma merkusii,Cyrtosperma merkusii (Hassk.) Schott,Cyrtosperma merkusii (Hassk.) Schott,ACCEPTED,PRESERVED_SPECIMEN,1957-09-22,1957,SB,Solomon Islands,"British Solomons: Malaita, forest area near Kwai'aha River, Kwara'ai Distr.",,,,,B. C. Stone,2320,US,US,US 2875831,,,NMNH Extant Biology,821cc27a-e3bb-4bc5-ac34-89ada245069d,http://n2t.net/ark:/65665/3117e79b4-bd27-443e-9708-3a24791ce76a,,CONTINENT_INVALID;CONTINENT_DERIVED_FROM_COUNTRY;OCCURRENCE_STATUS_INFERRED_FROM_INDIVIDUAL_COUNT,https://collections.nmnh.si.edu/media/?i=14412076&h=2000
2592275581,Cyrtosperma merkusii,Cyrtosperma merkusii (Hassk.) Schott,Cyrtosperma merkusii (Hassk.) Schott,ACCEPTED,PRESERVED_SPECIMEN,1957-09-22,1957,SB,Solomon Islands,"British Solomons: Malaita, forest area near Kwai'aha River, Kwara'ai Distr.",,,,,B. C. Stone,2320,US,US,US 2875830,,,NMNH Extant Biology,821cc27a-e3bb-4bc5-ac34-89ada245069d,http://n2t.net/ark:/65665/3f0ada629-4748-495d-95ab-cc3013d21fd9,,CONTINENT_INVALID;CONTINENT_DERIVED_FROM_COUNTRY;OCCURRENCE_STATUS_INFERRED_FROM_INDIVIDUAL_COUNT,https://collections.nmnh.si.edu/media/?i=14389692&h=2000
4602018323,Cyrtosperma merkusii,Cyrtosperma merkusii (Hassk.) Schott,Cyrtosperma merkusii (Hassk.) Schott,ACCEPTED,PRESERVED_SPECIMEN,1957-09-09T00:00,1957,MY,,"Binatang, 12 miles from Oxford",,,,,"Anderson, J.A.R.",9021,K,Herbarium,K002555882,,,,cd6e21c8-9e8a-493a-8a76-fbf7862069e5,http://specimens.kew.org/herbarium/K002555882,,CONTINENT_DERIVED_FROM_COUNTRY;INSTITUTION_MATCH_FUZZY;INSTITUTION_COLLECTION_MISMATCH,https://d2jcv3kl45hlgi.cloudfront.net/17be01207ec6349e211ce2ecaaada1a6.jpg;https://d2jcv3kl45hlgi.cloudfront.net/28c3668c2807649c6a71dc52af64415f.jpg
1090358349,Cyrtosperma merkusii,Cyrtosperma chamissonis (Schott) Merr.,Cyrtosperma merkusii (Hassk.) Schott,SYNONYM,PRESERVED_SPECIMEN,1958-03-20,1958,PW,,Arekabesan,,,,,"Adelbai, H. Ngirakesau, T.",Collector Number: 2,BPBM,BISH,102147,,,Herbarium Pacificum World Specimens,b929f23d-290f-4e85-8f17-764c55b3b284,40ed9d91-ef7c-49e8-a5eb-e4625bb6c7f1,,CONTINENT_DERIVED_FROM_COUNTRY;INSTITUTION_MATCH_FUZZY;COLLECTION_MATCH_FUZZY,
5956204072,Cyrtosperma merkusii,Cyrtosperma chamissonis (Schott) Merr.,Cyrtosperma merkusii (Hassk.) Schott,SYNONYM,PRESERVED_SPECIMEN,1958-03-20,1958,PW,,Arekabesan,,,,,"Adelbai, H.; Ngirakesau, T.",2,BISH,,102147,NotAType,,,cfb43618-1423-4031-b3ff-fbd2c264f48b,102147,https://pacific.symbiota.org/portal/collections/individual/index.php?occid=525399,CONTINENT_DERIVED_FROM_COUNTRY;TAXON_ID_NOT_FOUND;INSTITUTION_MATCH_NONE,
2513715052,Cyrtosperma merkusii,Cyrtosperma lasioides Griff.,Cyrtosperma merkusii (Hassk.) Schott,SYNONYM,PRESERVED_SPECIMEN,1959-06-21,1959,ZZ,,JOHORE. 46th m.s. K. Sedili New Road.,,,,,Burkill HM,"Burkill, HM 1844",,Botany,L.1415520,,,,15f819bd-6612-4447-854b-14d12ee1022d,https://data.biodiversitydata.nl/naturalis/specimen/L.1415520,,,https://medialib.naturalis.nl/file/id/L.1415520/format/large
4602019343,Cyrtosperma merkusii,Cyrtosperma merkusii (Hassk.) Schott,Cyrtosperma merkusii (Hassk.) Schott,ACCEPTED,PRESERVED_SPECIMEN,1959-06-21T00:00,1959,MY,,46th m.s. K. Sedili New Road,,,,,"Burkill, H.M.",HMB 1844,K,Herbarium,K002555871,,,,cd6e21c8-9e8a-493a-8a76-fbf7862069e5,http://specimens.kew.org/herbarium/K002555871,,CONTINENT_DERIVED_FROM_COUNTRY;INSTITUTION_MATCH_FUZZY;INSTITUTION_COLLECTION_MISMATCH,https://d2jcv3kl45hlgi.cloudfront.net/d8fef3c6495ab76b2dd225609062e7b3.jpg;https://d2jcv3kl45hlgi.cloudfront.net/6231ccddaa1320775081444301d4bf20.jpg
2592223124,Cyrtosperma merkusii,Cyrtosperma merkusii (Hassk.) Schott,Cyrtosperma merkusii (Hassk.) Schott,ACCEPTED,PRESERVED_SPECIMEN,1960-12-17,1960,PH,,"Luzon. Laguna Province. College of Agriculture, behind Baker Hall, beside Molawin Creek.",,,,,D. H. Nicolson,837,US,US,US 2425971,,,NMNH Extant Biology,821cc27a-e3bb-4bc5-ac34-89ada245069d,http://n2t.net/ark:/65665/33e7370c0-f29f-4131-bf55-b7364cdc3902,,OCCURRENCE_STATUS_INFERRED_FROM_INDIVIDUAL_COUNT,https://collections.nmnh.si.edu/media/?i=14416188&h=2000
2592225326,Cyrtosperma merkusii,Cyrtosperma merkusii (Hassk.) Schott,Cyrtosperma merkusii (Hassk.) Schott,ACCEPTED,PRESERVED_SPECIMEN,1960-12-17,1960,PH,,"Luzon. Laguna Province. College of Agriculture, behind Baker Hall, beside Molawin Creek.",,,,,D. H. Nicolson,837,US,US,US 2425972,,,NMNH Extant Biology,821cc27a-e3bb-4bc5-ac34-89ada245069d,http://n2t.net/ark:/65665/3473ca4c8-7a9a-48c6-8240-04d71e93580a,,OCCURRENCE_STATUS_INFERRED_FROM_INDIVIDUAL_COUNT,https://collections.nmnh.si.edu/media/?i=14392322&h=2000
2592257076,Cyrtosperma merkusii,Cyrtosperma merkusii (Hassk.) Schott,Cyrtosperma merkusii (Hassk.) Schott,ACCEPTED,PRESERVED_SPECIMEN,1960-12-17,1960,PH,,"Luzon. Laguna Province. College of Agriculture, behind Baker Hall, beside Molawin Creek.",,,,,D. H. Nicolson,837,US,US,US 2425973,,,NMNH Extant Biology,821cc27a-e3bb-4bc5-ac34-89ada245069d,http://n2t.net/ark:/65665/38e29f76e-f6ac-4144-91d2-b4b35e98384e,,OCCURRENCE_STATUS_INFERRED_FROM_INDIVIDUAL_COUNT,https://collections.nmnh.si.edu/media/?i=14407232&h=2000
2513715231,Cyrtosperma merkusii,Cyrtosperma lasioides Griff.,Cyrtosperma merkusii (Hassk.) Schott,SYNONYM,PRESERVED_SPECIMEN,1961-05-03,1961,ZZ,,,,,,,Nicolson DH,"Nicolson, DH 977",,Botany,L.1415522,,,,15f819bd-6612-4447-854b-14d12ee1022d,https://data.biodiversitydata.nl/naturalis/specimen/L.1415522,,,https://medialib.naturalis.nl/file/id/L.1415522/format/large
2592208534,Cyrtosperma merkusii,Cyrtosperma merkusii (Hassk.) Schott,Cyrtosperma merkusii (Hassk.) Schott,ACCEPTED,PRESERVED_SPECIMEN,1961-05-03,1961,ID,Java,West Java. Bogor Botanic Garden.,,,,,D. H. Nicolson,977,US,US,US 2425510,,,NMNH Extant Biology,821cc27a-e3bb-4bc5-ac34-89ada245069d,http://n2t.net/ark:/65665/304f144c4-78fc-41be-9954-334ad2ef6c24,,OCCURRENCE_STATUS_INFERRED_FROM_INDIVIDUAL_COUNT,https://collections.nmnh.si.edu/media/?i=14403614&h=2000
2592211933,Cyrtosperma merkusii,Cyrtosperma merkusii (Hassk.) Schott,Cyrtosperma merkusii (Hassk.) Schott,ACCEPTED,PRESERVED_SPECIMEN,1961-05-03,1961,ID,Java,"West Java. Q. E. 26, from Mt. Rachmat.",,,,,D. H. Nicolson,975,US,US,US 2425513,,,NMNH Extant Biology,821cc27a-e3bb-4bc5-ac34-89ada245069d,http://n2t.net/ark:/65665/3125e651b-a870-4288-9fbb-0fe614a47b2f,,OCCURRENCE_STATUS_INFERRED_FROM_INDIVIDUAL_COUNT,https://collections.nmnh.si.edu/media/?i=14416272&h=2000
2592239834,Cyrtosperma merkusii,Cyrtosperma merkusii (Hassk.) Schott,Cyrtosperma merkusii (Hassk.) Schott,ACCEPTED,PRESERVED_SPECIMEN,1961-05-03,1961,ID,Java,West Java. Bogor Botanic Garden.,,,,,D. H. Nicolson,975,US,US,US 2425514,,,NMNH Extant Biology,821cc27a-e3bb-4bc5-ac34-89ada245069d,http://n2t.net/ark:/65665/3751be78f-c325-4703-a3cf-0e7e6dad3fec,,OCCURRENCE_STATUS_INFERRED_FROM_INDIVIDUAL_COUNT,https://collections.nmnh.si.edu/media/?i=14390166&h=2000
2592262304,Cyrtosperma merkusii,Cyrtosperma merkusii (Hassk.) Schott,Cyrtosperma merkusii (Hassk.) Schott,ACCEPTED,PRESERVED_SPECIMEN,1961-05-03,1961,ID,Java,West Java. Q. F. 35.,,,,,D. H. Nicolson,976,US,US,US 2425511,,,NMNH Extant Biology,821cc27a-e3bb-4bc5-ac34-89ada245069d,http://n2t.net/ark:/65665/3b714d90c-e0da-4034-8992-3a76ad02d181,,OCCURRENCE_STATUS_INFERRED_FROM_INDIVIDUAL_COUNT,https://collections.nmnh.si.edu/media/?i=14403510&h=2000
2592293377,Cyrtosperma merkusii,Cyrtosperma merkusii (Hassk.) Schott,Cyrtosperma merkusii (Hassk.) Schott,ACCEPTED,PRESERVED_SPECIMEN,1961-05-03,1961,ID,Java,West Java. Bogor Botanical Garden.,,,,,D. H. Nicolson,976,US,US,US 2425512,,,NMNH Extant Biology,821cc27a-e3bb-4bc5-ac34-89ada245069d,http://n2t.net/ark:/65665/3d47afdae-338c-4f0d-955d-be406ad44ef8,,OCCURRENCE_STATUS_INFERRED_FROM_INDIVIDUAL_COUNT,https://collections.nmnh.si.edu/media/?i=14407762&h=2000
2592299198,Cyrtosperma merkusii,Cyrtosperma merkusii (Hassk.) Schott,Cyrtosperma merkusii (Hassk.) Schott,ACCEPTED,PRESERVED_SPECIMEN,1961-06-19,1961,MY,Pinang,"Malaya, Penang Island. Botanic Garden.",,,,,D. H. Nicolson,1012,US,US,US 2425637,,,NMNH Extant Biology,821cc27a-e3bb-4bc5-ac34-89ada245069d,http://n2t.net/ark:/65665/39ad97ed6-b8c4-4d5b-852c-142925b2c7fe,,OCCURRENCE_STATUS_INFERRED_FROM_INDIVIDUAL_COUNT,https://collections.nmnh.si.edu/media/?i=14397124&h=2000
2513716822,Cyrtosperma merkusii,Cyrtosperma merkusii (Hassk.) Schott,Cyrtosperma merkusii (Hassk.) Schott,ACCEPTED,PRESERVED_SPECIMEN,1961-07-28,1961,MY,,"Johore. 20th Milestone, Kota Tinggi-Jemalung Road, along roadside.",,,,,Nicolson DH,"Nicolson, DH 1217",,Botany,L.1416114,,,,15f819bd-6612-4447-854b-14d12ee1022d,https://data.biodiversitydata.nl/naturalis/specimen/L.1416114,,,https://medialib.naturalis.nl/file/id/L.1416114/format/large
2592227751,Cyrtosperma merkusii,Cyrtosperma merkusii (Hassk.) Schott,Cyrtosperma merkusii (Hassk.) Schott,ACCEPTED,PRESERVED_SPECIMEN,1961-07-28,1961,MY,Johor,"Malaya, Johore. 20th milestone, Kota Tinggi - Jemalung Road.",,,,,D. H. Nicolson,1225,US,US,US 2429454,,,NMNH Extant Biology,821cc27a-e3bb-4bc5-ac34-89ada245069d,http://n2t.net/ark:/65665/350fb526e-6ce9-4692-87e1-33868f175df8,,OCCURRENCE_STATUS_INFERRED_FROM_INDIVIDUAL_COUNT,https://collections.nmnh.si.edu/media/?i=14393834&h=2000
2592294399,Cyrtosperma merkusii,Cyrtosperma merkusii (Hassk.) Schott,Cyrtosperma merkusii (Hassk.) Schott,ACCEPTED,PRESERVED_SPECIMEN,1961-07-28,1961,MY,Johor,"Malaya, Johore. 20th milestone, Kota Tinggi - Jemalung Road.",,,,,D. H. Nicolson,1217,US,US,US 2425960,,,NMNH Extant Biology,821cc27a-e3bb-4bc5-ac34-89ada245069d,http://n2t.net/ark:/65665/3da9c1f44-31d0-42c5-9953-4fd7b623cbba,,OCCURRENCE_STATUS_INFERRED_FROM_INDIVIDUAL_COUNT,https://collections.nmnh.si.edu/media/?i=14406961&h=2000
4602165324,Cyrtosperma merkusii,Cyrtosperma merkusii (Hassk.) Schott,Cyrtosperma merkusii (Hassk.) Schott,ACCEPTED,PRESERVED_SPECIMEN,1961-07-28T00:00,1961,MY,,"20th milestone, Kota Tinggi-Jemalung Road.",,,,,"Nicolson, D.H.",1217,K,Herbarium,K002555872,,,,cd6e21c8-9e8a-493a-8a76-fbf7862069e5,http://specimens.kew.org/herbarium/K002555872,,CONTINENT_DERIVED_FROM_COUNTRY;INSTITUTION_MATCH_FUZZY;INSTITUTION_COLLECTION_MISMATCH,https://d2jcv3kl45hlgi.cloudfront.net/3e8adfd92cb7336bc4f60f9ee9a07ed0.jpg
2592215984,Cyrtosperma merkusii,Cyrtosperma merkusii (Hassk.) Schott,Cyrtosperma merkusii (Hassk.) Schott,ACCEPTED,PRESERVED_SPECIMEN,1961-08-06,1961,MY,Sarawak,First Division. Vicinity of Bau.,,,,,D. H. Nicolson,1294,US,US,US 2425824,,,NMNH Extant Biology,821cc27a-e3bb-4bc5-ac34-89ada245069d,http://n2t.net/ark:/65665/322707086-5904-4ef2-be47-c5015e18ab04,,OCCURRENCE_STATUS_INFERRED_FROM_INDIVIDUAL_COUNT,https://collections.nmnh.si.edu/media/?i=14397225&h=2000
2592236290,Cyrtosperma merkusii,Cyrtosperma merkusii (Hassk.) Schott,Cyrtosperma merkusii (Hassk.) Schott,ACCEPTED,PRESERVED_SPECIMEN,1961-08-09,1961,MY,Sarawak,"First Division. Setapok Forest Reserve, 6 miles south of Kuching.",,,,,D. H. Nicolson,1350,US,US,US 2426713,,,NMNH Extant Biology,821cc27a-e3bb-4bc5-ac34-89ada245069d,http://n2t.net/ark:/65665/372ca47bf-b0c7-4883-b130-ed069d394796,,OCCURRENCE_STATUS_INFERRED_FROM_INDIVIDUAL_COUNT,https://collections.nmnh.si.edu/media/?i=14396468&h=2000
2592237222,Cyrtosperma merkusii,Cyrtosperma merkusii (Hassk.) Schott,Cyrtosperma merkusii (Hassk.) Schott,ACCEPTED,PRESERVED_SPECIMEN,1961-08-09,1961,MY,Sarawak,First Division. Setapok Forest Reserve. 6 miles south of Kuching.,,,,,D. H. Nicolson,1354,US,US,US 2426706,,,NMNH Extant Biology,821cc27a-e3bb-4bc5-ac34-89ada245069d,http://n2t.net/ark:/65665/3f25324a5-089d-4ab3-a10c-736c389b9092,,OCCURRENCE_STATUS_INFERRED_FROM_INDIVIDUAL_COUNT,https://collections.nmnh.si.edu/media/?i=14416242&h=2000
2592289183,Cyrtosperma merkusii,Cyrtosperma merkusii (Hassk.) Schott,Cyrtosperma merkusii (Hassk.) Schott,ACCEPTED,PRESERVED_SPECIMEN,1961-08-09,1961,MY,Sarawak,"First Division. Setapok Forest Reserve, 6 miles south of Kuching.",,,,,D. H. Nicolson,1352,US,US,US 2426711,,,NMNH Extant Biology,821cc27a-e3bb-4bc5-ac34-89ada245069d,http://n2t.net/ark:/65665/3b916b11a-ac7a-450c-8ada-02ee0b6c6a57,,OCCURRENCE_STATUS_INFERRED_FROM_INDIVIDUAL_COUNT,https://collections.nmnh.si.edu/media/?i=14397427&h=2000
2592285179,Cyrtosperma merkusii,Cyrtosperma merkusii (Hassk.) Schott,Cyrtosperma merkusii (Hassk.) Schott,ACCEPTED,PRESERVED_SPECIMEN,1962-01-11,1962,TH,Bangkok,Kasetsart University Nursery.,,,,,D. H. Nicolson,1696,US,US,US 2425789,,,NMNH Extant Biology,821cc27a-e3bb-4bc5-ac34-89ada245069d,http://n2t.net/ark:/65665/3b91b4d11-96ea-4e4b-b3c8-845f939ff897,,OCCURRENCE_STATUS_INFERRED_FROM_INDIVIDUAL_COUNT,https://collections.nmnh.si.edu/media/?i=14388578&h=2000
2513717414,Cyrtosperma merkusii,Cyrtosperma merkusii (Hassk.) Schott,Cyrtosperma merkusii (Hassk.) Schott,ACCEPTED,PRESERVED_SPECIMEN,1964-01-25,1964,BN,Borneo,"Brunei, Bt. Peradayan in the vicinity of Labu, Brunei Tembrong",4.73333,115.16667,,,Hotta M,"Hotta, M 13592",,Botany,L.1416095,,Hay A,,15f819bd-6612-4447-854b-14d12ee1022d,https://data.biodiversitydata.nl/naturalis/specimen/L.1416095,,,https://medialib.naturalis.nl/file/id/L.1416095/format/large
1321363660,Cyrtosperma merkusii,Cyrtosperma merkusii (Hassk.) Schott,Cyrtosperma merkusii (Hassk.) Schott,ACCEPTED,PRESERVED_SPECIMEN,1964-03-23,1964,GU,,Yona; farm of Francisco D. Leon Guerrero.,,,,,B. C. Stone,2320,US,US,US 2822573,,,NMNH Extant Biology,821cc27a-e3bb-4bc5-ac34-89ada245069d,http://n2t.net/ark:/65665/3b80b8a6b-1e7b-48f6-9524-98d815d33043,,CONTINENT_INVALID;CONTINENT_DERIVED_FROM_COUNTRY;OCCURRENCE_STATUS_INFERRED_FROM_INDIVIDUAL_COUNT,https://collections.nmnh.si.edu/media/?i=14413272&h=2000
2513715282,Cyrtosperma merkusii,Cyrtosperma lasioides Griff.,Cyrtosperma merkusii (Hassk.) Schott,SYNONYM,PRESERVED_SPECIMEN,1964-06-01,1964,ZZ,,PAHANG. Sungei Lembing Pahang.,,,,,Hardial,Hardial 1,,Botany,L.1415521,,,,15f819bd-6612-4447-854b-14d12ee1022d,https://data.biodiversitydata.nl/naturalis/specimen/L.1415521,,,https://medialib.naturalis.nl/file/id/L.1415521/format/large
4602020318,Cyrtosperma merkusii,Cyrtosperma merkusii (Hassk.) Schott,Cyrtosperma merkusii (Hassk.) Schott,ACCEPTED,PRESERVED_SPECIMEN,1964-06-01T00:00,1964,MY,,Sungei Lembing Pahang.,,,,,Hardial,1,K,Herbarium,K002555867,,,,cd6e21c8-9e8a-493a-8a76-fbf7862069e5,http://specimens.kew.org/herbarium/K002555867,,CONTINENT_DERIVED_FROM_COUNTRY;INSTITUTION_MATCH_FUZZY;INSTITUTION_COLLECTION_MISMATCH,https://d2jcv3kl45hlgi.cloudfront.net/d4eb809df0c57d98f77558373bee2605.jpg
2592237934,Cyrtosperma merkusii,Cyrtosperma merkusii (Hassk.) Schott,Cyrtosperma merkusii (Hassk.) Schott,ACCEPTED,PRESERVED_SPECIMEN,1965-07-02,1965,KI,,The Central Pacific Islands. Fanning Island. English Harbour.,,,,,C. R. Long,3502,US,US,US 2658977,,,NMNH Extant Biology,821cc27a-e3bb-4bc5-ac34-89ada245069d,http://n2t.net/ark:/65665/3a195f0c3-9f08-4f79-95f0-69478a5ffa69,,CONTINENT_INVALID;CONTINENT_DERIVED_FROM_COUNTRY;OCCURRENCE_STATUS_INFERRED_FROM_INDIVIDUAL_COUNT,https://collections.nmnh.si.edu/media/?i=14413581&h=2000
3751304498,Cyrtosperma merkusii,Cyrtosperma chamissonis (Schott) Merr.,Cyrtosperma merkusii (Hassk.) Schott,SYNONYM,PRESERVED_SPECIMEN,1965-07-02,1965,KI,,Fanning Island,,,,,C.R. Long,3502,HAW,HAW,HAW40044,,,,96beb7d8-f762-11e1-a439-00145eb45e9a,6c25a557-9939-4081-adb0-be687a1cbc0f,https://pacific.symbiota.org/portal/collections/individual/index.php?occid=1215817,CONTINENT_DERIVED_FROM_COUNTRY;TAXON_ID_NOT_FOUND;INSTITUTION_MATCH_FUZZY;COLLECTION_MATCH_FUZZY,https://storage.googleapis.com/d58fa815-ad25-4249-ac6b-569baf4cbdc1/photos/HAW_Vascular/HAW40044.jpg
1317739802,Cyrtosperma merkusii,Cyrtosperma merkusii (Hassk.) Schott,Cyrtosperma merkusii (Hassk.) Schott,ACCEPTED,PRESERVED_SPECIMEN,1965-08-01,1965,FM,Yap,,,,,1.0,F. R. Fosberg & M. Evans,46818,US,US,US 3296832,,,NMNH Extant Biology,821cc27a-e3bb-4bc5-ac34-89ada245069d,http://n2t.net/ark:/65665/317c1db69-19e3-467b-a714-d2a6f1fe7197,,CONTINENT_INVALID;CONTINENT_DERIVED_FROM_COUNTRY;OCCURRENCE_STATUS_INFERRED_FROM_INDIVIDUAL_COUNT,https://collections.nmnh.si.edu/media/?i=10292243&h=2000;https://collections.nmnh.si.edu/media/?i=14387950&h=2000
1320067712,Cyrtosperma merkusii,Cyrtosperma merkusii (Hassk.) Schott,Cyrtosperma merkusii (Hassk.) Schott,ACCEPTED,PRESERVED_SPECIMEN,1965-08-15,1965,FM,Yap,Faraulep Islet. Banks of Taro Marsh,,,,0.5,F. R. Fosberg,26117,US,US,US 3296830,,,NMNH Extant Biology,821cc27a-e3bb-4bc5-ac34-89ada245069d,http://n2t.net/ark:/65665/37ebaa473-b48f-4d0a-93ff-87ab27f0a270,,CONTINENT_INVALID;CONTINENT_DERIVED_FROM_COUNTRY;OCCURRENCE_STATUS_INFERRED_FROM_INDIVIDUAL_COUNT,https://collections.nmnh.si.edu/media/?i=14412292&h=2000;https://collections.nmnh.si.edu/media/?i=10300031&h=2000
1322300056,Cyrtosperma merkusii,Cyrtosperma merkusii (Hassk.) Schott,Cyrtosperma merkusii (Hassk.) Schott,ACCEPTED,PRESERVED_SPECIMEN,1965-08-15,1965,FM,Yap,Faraulep Islet. Banks of Taro Marsh,,,,0.5,F. R. Fosberg,47365,US,US,US 3296828,,,NMNH Extant Biology,821cc27a-e3bb-4bc5-ac34-89ada245069d,http://n2t.net/ark:/65665/3e182f841-07ed-4d30-81f0-df71a9c60ce9,,CONTINENT_INVALID;CONTINENT_DERIVED_FROM_COUNTRY;OCCURRENCE_STATUS_INFERRED_FROM_INDIVIDUAL_COUNT,https://collections.nmnh.si.edu/media/?i=14388173&h=2000
2592214511,Cyrtosperma merkusii,Cyrtosperma merkusii (Hassk.) Schott,Cyrtosperma merkusii (Hassk.) Schott,ACCEPTED,PRESERVED_SPECIMEN,1965-08-08,1965,FM,Yap,"The Caroline Islands. Woleai Atoll, Falalop Island.",,,,5.0,M. Evans,505,US,US,US 3296852,,,NMNH Extant Biology,821cc27a-e3bb-4bc5-ac34-89ada245069d,http://n2t.net/ark:/65665/31c99b5ae-a8da-4a78-b9da-5ffa22f1dda5,,CONTINENT_INVALID;CONTINENT_DERIVED_FROM_COUNTRY;OCCURRENCE_STATUS_INFERRED_FROM_INDIVIDUAL_COUNT,https://collections.nmnh.si.edu/media/?i=14403318&h=2000
2592224635,Cyrtosperma merkusii,Cyrtosperma merkusii (Hassk.) Schott,Cyrtosperma merkusii (Hassk.) Schott,ACCEPTED,PRESERVED_SPECIMEN,1965-08-13,1965,FM,Yap,"The Caroline Islands. Ifaluk Islet, Ifaluk Atoll.",,,,1.5,F. R. Fosberg,47221,US,US,US 3296829,,,NMNH Extant Biology,821cc27a-e3bb-4bc5-ac34-89ada245069d,http://n2t.net/ark:/65665/3446cd580-fba7-4832-a401-a9d075b77410,,CONTINENT_INVALID;CONTINENT_DERIVED_FROM_COUNTRY;OCCURRENCE_STATUS_INFERRED_FROM_INDIVIDUAL_COUNT,https://collections.nmnh.si.edu/media/?i=14411159&h=2000
2592235672,Cyrtosperma merkusii,Cyrtosperma merkusii (Hassk.) Schott,Cyrtosperma merkusii (Hassk.) Schott,ACCEPTED,PRESERVED_SPECIMEN,1965-08-02,1965,FM,Yap,"The Caroline Islands. Satawal Island, interior of island.",,,,2.0,F. R. Fosberg & M. Evans,46894,US,US,US 3296847,,,NMNH Extant Biology,821cc27a-e3bb-4bc5-ac34-89ada245069d,http://n2t.net/ark:/65665/3704dad1b-424d-4824-bed8-3851e240f61d,,CONTINENT_INVALID;CONTINENT_DERIVED_FROM_COUNTRY;OCCURRENCE_STATUS_INFERRED_FROM_INDIVIDUAL_COUNT,https://collections.nmnh.si.edu/media/?i=14415350&h=2000
2592279072,Cyrtosperma merkusii,Cyrtosperma merkusii (Hassk.) Schott,Cyrtosperma merkusii (Hassk.) Schott,ACCEPTED,PRESERVED_SPECIMEN,1965-08-12,1965,FM,Yap,"The Caroline Islands. Eauripik Islet, Eauripik Atoll.",,,,1.5,F. R. Fosberg & M. Evans,47137,US,US,US 3296826,,,NMNH Extant Biology,821cc27a-e3bb-4bc5-ac34-89ada245069d,http://n2t.net/ark:/65665/3b484993f-478b-4c5c-aa7b-b74972b3f01e,,CONTINENT_INVALID;CONTINENT_DERIVED_FROM_COUNTRY;OCCURRENCE_STATUS_INFERRED_FROM_INDIVIDUAL_COUNT,https://collections.nmnh.si.edu/media/?i=14407964&h=2000
2592209361,Cyrtosperma merkusii,Cyrtosperma merkusii (Hassk.) Schott,Cyrtosperma merkusii (Hassk.) Schott,ACCEPTED,PRESERVED_SPECIMEN,1965-10-05,1965,SB,Solomon Islands,"Santa Ysabel, Tatamba, old garden land.",,,,9.0,P. F. Hunt,2880,US,US,US 2537208,,,NMNH Extant Biology,821cc27a-e3bb-4bc5-ac34-89ada245069d,http://n2t.net/ark:/65665/30847e499-9cb9-4586-ab30-cae7e4e40614,,CONTINENT_INVALID;CONTINENT_DERIVED_FROM_COUNTRY;OCCURRENCE_STATUS_INFERRED_FROM_INDIVIDUAL_COUNT,https://collections.nmnh.si.edu/media/?i=14396560&h=2000
2592235399,Cyrtosperma merkusii,Cyrtosperma merkusii (Hassk.) Schott,Cyrtosperma merkusii (Hassk.) Schott,ACCEPTED,PRESERVED_SPECIMEN,1965-10-05,1965,SB,Solomon Islands,"Santa Ysabel, Tatamba, old garden land.",,,,9.0,P. F. Hunt,2883,US,US,US 2537219,,,NMNH Extant Biology,821cc27a-e3bb-4bc5-ac34-89ada245069d,http://n2t.net/ark:/65665/36f454354-dfdb-4cfc-a48a-899959eab213,,CONTINENT_INVALID;CONTINENT_DERIVED_FROM_COUNTRY;OCCURRENCE_STATUS_INFERRED_FROM_INDIVIDUAL_COUNT,https://collections.nmnh.si.edu/media/?i=14410803&h=2000
4602015341,Cyrtosperma merkusii,Cyrtosperma merkusii (Hassk.) Schott,Cyrtosperma merkusii (Hassk.) Schott,ACCEPTED,PRESERVED_SPECIMEN,1965-10-05T00:00,1965,,,"Santa Ysabel, Tatamba, old garden land.",,,,,"Hunt, P.F.",2883,K,Herbarium,K002555957,,,,cd6e21c8-9e8a-493a-8a76-fbf7862069e5,http://specimens.kew.org/herbarium/K002555957,,INSTITUTION_MATCH_FUZZY;INSTITUTION_COLLECTION_MISMATCH,https://d2jcv3kl45hlgi.cloudfront.net/41ec414e2252fb142f7073a88bf9cb0d.jpg
4602020324,Cyrtosperma merkusii,Cyrtosperma merkusii (Hassk.) Schott,Cyrtosperma merkusii (Hassk.) Schott,ACCEPTED,PRESERVED_SPECIMEN,1965-10-05T00:00,1965,,,"British Solomon Islands Protectorate; Santa Ysabel, Tatamba, old garden land.",,,,,"Hunt, P.F.",2880,K,Herbarium,K002555951,,,,cd6e21c8-9e8a-493a-8a76-fbf7862069e5,http://specimens.kew.org/herbarium/K002555951,,INSTITUTION_MATCH_FUZZY;INSTITUTION_COLLECTION_MISMATCH,https://d2jcv3kl45hlgi.cloudfront.net/c8bb1cf8a824802e4ade68f4fefcc4fe.jpg
4602021335,Cyrtosperma merkusii,Cyrtosperma merkusii (Hassk.) Schott,Cyrtosperma merkusii (Hassk.) Schott,ACCEPTED,PRESERVED_SPECIMEN,1965-10-05T00:00,1965,,,"Santa Ysabel, Tatamba, old garden land.",,,,,"Hunt, P.F.",2883,K,Herbarium,K002555958,,,,cd6e21c8-9e8a-493a-8a76-fbf7862069e5,http://specimens.kew.org/herbarium/K002555958,,INSTITUTION_MATCH_FUZZY;INSTITUTION_COLLECTION_MISMATCH,https://d2jcv3kl45hlgi.cloudfront.net/c254eac069f355c51e70ed4288563b7c.jpg
6163693752,Cyrtosperma merkusii,Cyrtosperma merkusii (Hassk.) Schott,Cyrtosperma merkusii (Hassk.) Schott,ACCEPTED,PRESERVED_SPECIMEN,1965-10-05T00:00,1965,,,"Santa Yaabel, Tatamba, old garden land.",,,,,"Hunt, P.F.",2880,K,Herbarium,K006930685,,,,cd6e21c8-9e8a-493a-8a76-fbf7862069e5,http://specimens.kew.org/herbarium/K006930685,,INSTITUTION_MATCH_FUZZY;INSTITUTION_COLLECTION_MISMATCH,https://d2jcv3kl45hlgi.cloudfront.net/c10f93812c400f66d44b61abe369a99e.jpg
1321435445,Cyrtosperma merkusii,Cyrtosperma merkusii (Hassk.) Schott,Cyrtosperma merkusii (Hassk.) Schott,ACCEPTED,PRESERVED_SPECIMEN,1965-11-11,1965,FM,Yap,Falalis Islet,,,,,W. Alkire,12,US,US,US 3296851,,,NMNH Extant Biology,821cc27a-e3bb-4bc5-ac34-89ada245069d,http://n2t.net/ark:/65665/3bb32c7c2-adb6-4b2c-84ad-da25ae7fe08a,,CONTINENT_INVALID;CONTINENT_DERIVED_FROM_COUNTRY;OCCURRENCE_STATUS_INFERRED_FROM_INDIVIDUAL_COUNT,https://collections.nmnh.si.edu/media/?i=14398186&h=2000;https://collections.nmnh.si.edu/media/?i=10289922&h=2000
2592222248,Cyrtosperma merkusii,Cyrtosperma merkusii (Hassk.) Schott,Cyrtosperma merkusii (Hassk.) Schott,ACCEPTED,PRESERVED_SPECIMEN,1965-12-13,1965,FM,Truk,The Caroline Islands. Nomwin Atoll. Nomwin Island.,,,,1.5,M. Evans,1064,US,US,US 3296841,,,NMNH Extant Biology,821cc27a-e3bb-4bc5-ac34-89ada245069d,http://n2t.net/ark:/65665/33af1fe07-1fc7-4ca9-8794-847e01ac3388,,CONTINENT_INVALID;CONTINENT_DERIVED_FROM_COUNTRY;OCCURRENCE_STATUS_INFERRED_FROM_INDIVIDUAL_COUNT,https://collections.nmnh.si.edu/media/?i=14390318&h=2000
2592224183,Cyrtosperma merkusii,Cyrtosperma merkusii (Hassk.) Schott,Cyrtosperma merkusii (Hassk.) Schott,ACCEPTED,PRESERVED_SPECIMEN,1965-12-15,1965,FM,Truk,The Caroline Islands. Murilo Atoll. Ruo Island.,,,,1.5,M. Evans,1181,US,US,US 3296838,,,NMNH Extant Biology,821cc27a-e3bb-4bc5-ac34-89ada245069d,http://n2t.net/ark:/65665/342a8d89e-1f5f-4fed-9070-cf557aba0223,,CONTINENT_INVALID;CONTINENT_DERIVED_FROM_COUNTRY;OCCURRENCE_STATUS_INFERRED_FROM_INDIVIDUAL_COUNT,https://collections.nmnh.si.edu/media/?i=14391723&h=2000
2592245983,Cyrtosperma merkusii,Cyrtosperma merkusii (Hassk.) Schott,Cyrtosperma merkusii (Hassk.) Schott,ACCEPTED,PRESERVED_SPECIMEN,1965-12-23,1965,FM,Truk,The Caroline Islands. Upper Mortlocks. Nama Island.,,,,1.5,M. Evans,1293,US,US,US 3296836,,,NMNH Extant Biology,821cc27a-e3bb-4bc5-ac34-89ada245069d,http://n2t.net/ark:/65665/39463b442-778f-431c-8e31-5375c12959a6,,CONTINENT_INVALID;CONTINENT_DERIVED_FROM_COUNTRY;OCCURRENCE_STATUS_INFERRED_FROM_INDIVIDUAL_COUNT,https://collections.nmnh.si.edu/media/?i=14389995&h=2000
2592250281,Cyrtosperma merkusii,Cyrtosperma merkusii (Hassk.) Schott,Cyrtosperma merkusii (Hassk.) Schott,ACCEPTED,PRESERVED_SPECIMEN,1965-12-09,1965,FM,Truk,The Caroline Islands. Namonuito Atoll. Piseras Island.,,,,4.0,M. Evans,880,US,US,US 3296839,,,NMNH Extant Biology,821cc27a-e3bb-4bc5-ac34-89ada245069d,http://n2t.net/ark:/65665/3e941aef6-640d-4448-a6cc-5c6f640a0d50,,CONTINENT_INVALID;CONTINENT_DERIVED_FROM_COUNTRY;OCCURRENCE_STATUS_INFERRED_FROM_INDIVIDUAL_COUNT,https://collections.nmnh.si.edu/media/?i=14397777&h=2000
2592272550,Cyrtosperma merkusii,Cyrtosperma merkusii (Hassk.) Schott,Cyrtosperma merkusii (Hassk.) Schott,ACCEPTED,PRESERVED_SPECIMEN,1965-12-16,1965,FM,Truk,The Caroline Islands. Murilo Atoll. Murilo Island.,,,,4.0,M. Evans,1255,US,US,US 3296837,,,NMNH Extant Biology,821cc27a-e3bb-4bc5-ac34-89ada245069d,http://n2t.net/ark:/65665/3e512c6ab-8363-4e65-8f6e-cedff7ac2124,,CONTINENT_INVALID;CONTINENT_DERIVED_FROM_COUNTRY;OCCURRENCE_STATUS_INFERRED_FROM_INDIVIDUAL_COUNT,https://collections.nmnh.si.edu/media/?i=14412442&h=2000
2592281192,Cyrtosperma merkusii,Cyrtosperma merkusii (Hassk.) Schott,Cyrtosperma merkusii (Hassk.) Schott,ACCEPTED,PRESERVED_SPECIMEN,1965-12-23,1965,FM,Truk,The Caroline Islands. Losap Atoll. Losap Island.,,,,1.5,M. Evans,1330,US,US,US 3296833,,,NMNH Extant Biology,821cc27a-e3bb-4bc5-ac34-89ada245069d,http://n2t.net/ark:/65665/3deb3dd15-fb9e-4cfd-86b1-526a3e6855d9,,CONTINENT_INVALID;CONTINENT_DERIVED_FROM_COUNTRY;OCCURRENCE_STATUS_INFERRED_FROM_INDIVIDUAL_COUNT,https://collections.nmnh.si.edu/media/?i=14389701&h=2000
1090203040,Cyrtosperma merkusii,Cyrtosperma edule Schott,Cyrtosperma merkusii (Hassk.) Schott,SYNONYM,PRESERVED_SPECIMEN,1967-02-06,1967,TK,,Vaitupu Long Motu,,,,,"Wodzicki, K.",Collector Number: 51c,BPBM,BISH,728173,,,Herbarium Pacificum World Specimens,b929f23d-290f-4e85-8f17-764c55b3b284,cd42dfa1-53f7-4e8c-aa40-2bfc453e9c49,,CONTINENT_DERIVED_FROM_COUNTRY;INSTITUTION_MATCH_FUZZY;COLLECTION_MATCH_FUZZY,
1090255051,Cyrtosperma merkusii,Cyrtosperma edule Schott,Cyrtosperma merkusii (Hassk.) Schott,SYNONYM,PRESERVED_SPECIMEN,1967-02-06,1967,TK,,Vaitupu Long Motu,,,,,"Wodzicki, K.",Collector Number: 57b,BPBM,BISH,728174,,,Herbarium Pacificum World Specimens,b929f23d-290f-4e85-8f17-764c55b3b284,81fde6a0-3fb0-4802-8d3c-69bf5e8386d7,,CONTINENT_DERIVED_FROM_COUNTRY;INSTITUTION_MATCH_FUZZY;COLLECTION_MATCH_FUZZY,
1090316239,Cyrtosperma merkusii,Cyrtosperma edule Schott,Cyrtosperma merkusii (Hassk.) Schott,SYNONYM,PRESERVED_SPECIMEN,1967-02-06,1967,TK,,Vaitupu Long Motu,,,,,"Wodzicki, K.",Collector Number: 51i,BPBM,BISH,29119,,,Herbarium Pacificum World Specimens,b929f23d-290f-4e85-8f17-764c55b3b284,9bd7b6c0-241d-4876-945f-b26bb49b2db4,,CONTINENT_DERIVED_FROM_COUNTRY;INSTITUTION_MATCH_FUZZY;COLLECTION_MATCH_FUZZY,
1090338393,Cyrtosperma merkusii,Cyrtosperma edule Schott,Cyrtosperma merkusii (Hassk.) Schott,SYNONYM,PRESERVED_SPECIMEN,1967-02-06,1967,TK,,Vaitupu Long Motu,,,,,"Wodzicki, K.",Collector Number: 51e,BPBM,BISH,728172,,,Herbarium Pacificum World Specimens,b929f23d-290f-4e85-8f17-764c55b3b284,5d497669-e701-4c9c-b680-cc819ef08d60,,CONTINENT_DERIVED_FROM_COUNTRY;INSTITUTION_MATCH_FUZZY;COLLECTION_MATCH_FUZZY,
5956149366,Cyrtosperma merkusii,Cyrtosperma edule Schott,Cyrtosperma merkusii (Hassk.) Schott,SYNONYM,PRESERVED_SPECIMEN,1967-02-06,1967,TK,,Vaitupu Long Motu,,,,,"Wodzicki, K.",51i,BISH,,29119,NotAType,,,cfb43618-1423-4031-b3ff-fbd2c264f48b,29119,https://pacific.symbiota.org/portal/collections/individual/index.php?occid=411280,CONTINENT_DERIVED_FROM_COUNTRY;TAXON_ID_NOT_FOUND;INSTITUTION_MATCH_NONE,
5956154099,Cyrtosperma merkusii,Cyrtosperma edule Schott,Cyrtosperma merkusii (Hassk.) Schott,SYNONYM,PRESERVED_SPECIMEN,1967-02-06,1967,TK,,Vaitupu Long Motu,,,,,"Wodzicki, K.",51c,BISH,,728173,NotAType,,,cfb43618-1423-4031-b3ff-fbd2c264f48b,728173,https://pacific.symbiota.org/portal/collections/individual/index.php?occid=1609614,CONTINENT_DERIVED_FROM_COUNTRY;TAXON_ID_NOT_FOUND;INSTITUTION_MATCH_NONE,
5956247451,Cyrtosperma merkusii,Cyrtosperma edule Schott,Cyrtosperma merkusii (Hassk.) Schott,SYNONYM,PRESERVED_SPECIMEN,1967-02-06,1967,TK,,Vaitupu Long Motu,,,,,"Wodzicki, K.",51e,BISH,,728172,NotAType,,,cfb43618-1423-4031-b3ff-fbd2c264f48b,728172,https://pacific.symbiota.org/portal/collections/individual/index.php?occid=1609613,CONTINENT_DERIVED_FROM_COUNTRY;TAXON_ID_NOT_FOUND;INSTITUTION_MATCH_NONE,
5956311640,Cyrtosperma merkusii,Cyrtosperma edule Schott,Cyrtosperma merkusii (Hassk.) Schott,SYNONYM,PRESERVED_SPECIMEN,1967-02-06,1967,TK,,Vaitupu Long Motu,,,,,"Wodzicki, K.",57b,BISH,,728174,NotAType,,,cfb43618-1423-4031-b3ff-fbd2c264f48b,728174,https://pacific.symbiota.org/portal/collections/individual/index.php?occid=1609615,CONTINENT_DERIVED_FROM_COUNTRY;TAXON_ID_NOT_FOUND;INSTITUTION_MATCH_NONE,
1999158199,Cyrtosperma merkusii,Cyrtosperma merkusii (Hassk.) Schott,Cyrtosperma merkusii (Hassk.) Schott,ACCEPTED,PRESERVED_SPECIMEN,1968-04-29,1968,MY,,Dungun Trengganu,,,,,E. Soepadmo & Mahmud,9067,A,A,barcode-01655765,,,Harvard University Herbaria: All Records,861e6afe-f762-11e1-a439-00145eb45e9a,c11c40a8-5d57-48f0-bc9e-358e5d807007,http://data.huh.harvard.edu/c11c40a8-5d57-48f0-bc9e-358e5d807007/image,,https://s3.amazonaws.com/huhspecimenimages/JPG/01655765.jpg
4102248445,Cyrtosperma merkusii,Cyrtosperma lasioides Griff.,Cyrtosperma merkusii (Hassk.) Schott,SYNONYM,PRESERVED_SPECIMEN,1968-04-29,1968,MY,,"Sea-level. Dungun, Trengana, Malaya.",,,,,E. Sachadmog Mahmud,9067,BRIT,NLU,NLU0038157,,,,bb0366a9-2a7e-44f8-9c9a-e49c23dae2f8,c262dc8c-aa1a-49d5-ae24-10b56348349e,https://sernecportal.org/portal/collections/individual/index.php?occid=8810966,CONTINENT_DERIVED_FROM_COUNTRY;TAXON_ID_NOT_FOUND;INSTITUTION_MATCH_FUZZY,https://media01.symbiota.org/media/seinet/sernec/BRIT_NLU/NLU0038/NLU0038157.jpg
1981027443,Cyrtosperma merkusii,Cyrtosperma chamissonis (Schott) Merr.,Cyrtosperma merkusii (Hassk.) Schott,SYNONYM,PRESERVED_SPECIMEN,1968-05-21,1968,PW,,"Micronesia, Western Pacific Basin",5.283333,134.561667,,61.0,"Marin, R. A.",68-16,CAS,BOT-BC,602383,,,,f934f8e2-32ca-46a7-b2f8-b032a4740454,urn:catalog:CAS:BOT-BC:602383,,COORDINATE_ROUNDED;GEODETIC_DATUM_ASSUMED_WGS84;CONTINENT_COORDINATE_MISMATCH;ELEVATION_NON_NUMERIC,https://ibss-images.calacademy.org/static/botany/originals/57/78/577808f7-9332-4c6b-bc20-a0a94a3a6490.jpg;https://ibss-images.calacademy.org/static/botany/originals/9f/d0/9fd0f667-b9ee-4564-a0dc-934e7f465b6a.jpg
3865424430,Cyrtosperma merkusii,Cyrtosperma lasioides Griff.,Cyrtosperma merkusii (Hassk.) Schott,SYNONYM,PRESERVED_SPECIMEN,1970-07,1970,MY,Pahang,Tasek Bera [Bera Lake],3.130192,102.605582,1711.0,,Benjamin C. Stone,9477,ANSP,PH,PH00195992,,,,f873ef66-231a-4ea3-bd4d-a16f182bf337,d6a6410c-7803-479d-8c90-6a6bb456fd55,https://midatlanticherbaria.org/portal/collections/individual/index.php?occid=21599753,CONTINENT_DERIVED_FROM_COORDINATES;TAXON_ID_NOT_FOUND;INSTITUTION_MATCH_FUZZY,https://ans-images.ansp.org/botany/PH2/Fullsize/00195/PH00195992.jpg
3865429439,Cyrtosperma merkusii,Cyrtosperma lasioides Griff.,Cyrtosperma merkusii (Hassk.) Schott,SYNONYM,PRESERVED_SPECIMEN,1970-07,1970,MY,Pahang,"Tasek Bero, Pahang [Bera Lake]",3.130364,102.605497,1806.0,,Benjamin C. Stone,9477,ANSP,PH,PH00195993,,,,f873ef66-231a-4ea3-bd4d-a16f182bf337,c82ac357-dbb1-426c-a2b8-ddec0cc0fd1d,https://midatlanticherbaria.org/portal/collections/individual/index.php?occid=21599754,CONTINENT_DERIVED_FROM_COORDINATES;TAXON_ID_NOT_FOUND;INSTITUTION_MATCH_FUZZY,https://ans-images.ansp.org/botany/PH2/Fullsize/00195/PH00195993.jpg
4148132318,Cyrtosperma merkusii,Cyrtosperma lasioides Griff.,Cyrtosperma merkusii (Hassk.) Schott,SYNONYM,PRESERVED_SPECIMEN,1970-07,1970,MY,Pahang,Tasek Bery.,,,,,Benjamin C. Stone,9477,MO,Tropicos,103341997,,,Tropicos,7bd65a7a-f762-11e1-a439-00145eb45e9a,urn:catalog:MO:Tropicos:103341997,,TAXON_ID_NOT_FOUND;OCCURRENCE_STATUS_INFERRED_FROM_INDIVIDUAL_COUNT;COLLECTION_MATCH_NONE;INSTITUTION_MATCH_FUZZY,https://images.mobot.org/tropicosimages4/detailimages/TropicosImagesVol4/101237000/EAC04F14-2FB5-469B-8F74-D49412822DD0.jpg
1703322211,Cyrtosperma merkusii,Cyrtosperma merkusii (Hassk.) Schott,Cyrtosperma merkusii (Hassk.) Schott,ACCEPTED,PRESERVED_SPECIMEN,1971-10-15,1971,VU,,,-16.490041,167.443813,,,"Halle, N.",,,,,,"Green, P.S.",,7c518f3a-4a12-48e5-8b81-589c94cca973,PVNH-13520,,GEODETIC_DATUM_ASSUMED_WGS84;COUNTRY_DERIVED_FROM_COORDINATES;CONTINENT_DERIVED_FROM_COORDINATES,
4161608313,Cyrtosperma merkusii,Cyrtosperma merkusii (Hassk.) Schott,Cyrtosperma merkusii (Hassk.) Schott,ACCEPTED,PRESERVED_SPECIMEN,1971-10-15,1971,VU,,"Malekula, South West Bay.",,,,,Nicolas Hallé,6459,MO,Tropicos,103343796,,P.S. Green,Tropicos,7bd65a7a-f762-11e1-a439-00145eb45e9a,urn:catalog:MO:Tropicos:103343796,,TAXON_ID_NOT_FOUND;OCCURRENCE_STATUS_INFERRED_FROM_INDIVIDUAL_COUNT;COLLECTION_MATCH_NONE;INSTITUTION_MATCH_FUZZY,https://images.mobot.org/tropicosimages4/detailimages/TropicosImagesVol4/101237000/B37F85CB-CA04-43B3-84EF-0E1997F9570E.jpg
4602017386,Cyrtosperma merkusii,Cyrtosperma merkusii (Hassk.) Schott,Cyrtosperma merkusii (Hassk.) Schott,ACCEPTED,PRESERVED_SPECIMEN,1971-10-15T00:00,1971,VU,,"Malekula, South West Bay.",,,,,"Hallé, N.",RSNH 6459,K,Herbarium,K002555956,,,,cd6e21c8-9e8a-493a-8a76-fbf7862069e5,http://specimens.kew.org/herbarium/K002555956,,CONTINENT_DERIVED_FROM_COUNTRY;INSTITUTION_MATCH_FUZZY;INSTITUTION_COLLECTION_MISMATCH,https://d2jcv3kl45hlgi.cloudfront.net/44a46ab7d624f8bc2981187d264f672c.jpg
4602166342,Cyrtosperma merkusii,Cyrtosperma merkusii (Hassk.) Schott,Cyrtosperma merkusii (Hassk.) Schott,ACCEPTED,PRESERVED_SPECIMEN,1971-10-15T00:00,1971,VU,,Malekula. South West Bay.,,,,,"Hallé, N.",RSNH 6459,K,Herbarium,K002555955,,,,cd6e21c8-9e8a-493a-8a76-fbf7862069e5,http://specimens.kew.org/herbarium/K002555955,,CONTINENT_DERIVED_FROM_COUNTRY;INSTITUTION_MATCH_FUZZY;INSTITUTION_COLLECTION_MISMATCH,https://d2jcv3kl45hlgi.cloudfront.net/47d90d9bf2908f985444cf1fd618190f.jpg
4602023364,Cyrtosperma merkusii,Cyrtosperma merkusii (Hassk.) Schott,Cyrtosperma merkusii (Hassk.) Schott,ACCEPTED,PRESERVED_SPECIMEN,1972-10-31T00:00,1972,PG,,Kiriwina Is; Along track S. of Mwatawa village.,,,,,"Frodin, D.G.",2105,K,Herbarium,K002555903,,,,cd6e21c8-9e8a-493a-8a76-fbf7862069e5,http://specimens.kew.org/herbarium/K002555903,,CONTINENT_DERIVED_FROM_COUNTRY;INSTITUTION_MATCH_FUZZY;INSTITUTION_COLLECTION_MISMATCH,https://d2jcv3kl45hlgi.cloudfront.net/7c0aae1b5a5d45e3537fa68912f9838b.jpg
1317900826,Cyrtosperma merkusii,Cyrtosperma merkusii (Hassk.) Schott,Cyrtosperma merkusii (Hassk.) Schott,ACCEPTED,PRESERVED_SPECIMEN,1973-03-20,1973,PF,,Reiono islet.,,,,,M.-H. Sachet,1640,US,US,US 3290077,,,NMNH Extant Biology,821cc27a-e3bb-4bc5-ac34-89ada245069d,http://n2t.net/ark:/65665/31ee2a095-3703-4ecb-8f06-45bcee80ef98,,CONTINENT_INVALID;CONTINENT_DERIVED_FROM_COUNTRY;OCCURRENCE_STATUS_INFERRED_FROM_INDIVIDUAL_COUNT,https://collections.nmnh.si.edu/media/?i=10660627&h=2000;https://collections.nmnh.si.edu/media/?i=14388120&h=2000
1318845728,Cyrtosperma merkusii,Cyrtosperma merkusii (Hassk.) Schott,Cyrtosperma merkusii (Hassk.) Schott,ACCEPTED,PRESERVED_SPECIMEN,1973-03-20,1973,PF,,Reiono islet.,,,,,M.-H. Sachet,1640,US,US,US 3290078,,"Nicolson, Dan H.",NMNH Extant Biology,821cc27a-e3bb-4bc5-ac34-89ada245069d,http://n2t.net/ark:/65665/348ac4146-f0df-4389-acbc-65e778ba6ad1,,CONTINENT_INVALID;CONTINENT_DERIVED_FROM_COUNTRY;OCCURRENCE_STATUS_INFERRED_FROM_INDIVIDUAL_COUNT,https://collections.nmnh.si.edu/media/?i=14409185&h=2000;https://collections.nmnh.si.edu/media/?i=10660624&h=2000
1090242806,Cyrtosperma merkusii,Cyrtosperma chamissonis (Schott) Merr.,Cyrtosperma merkusii (Hassk.) Schott,SYNONYM,PRESERVED_SPECIMEN,1974-05-03,1974,TV,,"Techi, Lakena",,,,,"Chambers, A.F.",Collector Number: 38,BPBM,BISH,404084,,"St John, H.",Herbarium Pacificum World Specimens,b929f23d-290f-4e85-8f17-764c55b3b284,dfcefdab-a4e6-499b-ac2a-5b65a6b4706e,,CONTINENT_DERIVED_FROM_COUNTRY;INSTITUTION_MATCH_FUZZY;COLLECTION_MATCH_FUZZY,
1090320692,Cyrtosperma merkusii,Cyrtosperma chamissonis (Schott) Merr.,Cyrtosperma merkusii (Hassk.) Schott,SYNONYM,PRESERVED_SPECIMEN,1974-05-20,1974,TV,,"Talinga, Lakena",,,,,"Chambers, A.F.",Collector Number: 43,BPBM,BISH,404031,,A.C.Smith,Herbarium Pacificum World Specimens,b929f23d-290f-4e85-8f17-764c55b3b284,4f87e851-ee85-4f6f-9baa-b7cdff372e57,,CONTINENT_DERIVED_FROM_COUNTRY;INSTITUTION_MATCH_FUZZY;COLLECTION_MATCH_FUZZY,
1090322169,Cyrtosperma merkusii,Cyrtosperma chamissonis (Schott) Merr.,Cyrtosperma merkusii (Hassk.) Schott,SYNONYM,PRESERVED_SPECIMEN,1974-05-20,1974,TV,,"Talinga, Lakena",,,,,"Chambers, A.F.",Collector Number: 42,BPBM,BISH,404032,,A.C.Smith,Herbarium Pacificum World Specimens,b929f23d-290f-4e85-8f17-764c55b3b284,e23eb7cc-2f6d-42eb-9530-b972196cac6f,,CONTINENT_DERIVED_FROM_COUNTRY;INSTITUTION_MATCH_FUZZY;COLLECTION_MATCH_FUZZY,
1090347262,Cyrtosperma merkusii,Cyrtosperma chamissonis (Schott) Merr.,Cyrtosperma merkusii (Hassk.) Schott,SYNONYM,PRESERVED_SPECIMEN,1974-05-03,1974,TV,,"Techi, Lakena",,,,,"Chambers, A.F.",Collector Number: 37,BPBM,BISH,404083,,"St John, H.",Herbarium Pacificum World Specimens,b929f23d-290f-4e85-8f17-764c55b3b284,97dcecb2-e233-499b-bff8-d70acee0118a,,CONTINENT_DERIVED_FROM_COUNTRY;INSTITUTION_MATCH_FUZZY;COLLECTION_MATCH_FUZZY,
4161616314,Cyrtosperma merkusii,Cyrtosperma chamissonis (Schott) Merr.,Cyrtosperma merkusii (Hassk.) Schott,SYNONYM,PRESERVED_SPECIMEN,1974-05-03,1974,,,"Ellice Islands, Naunumea Island, Teohi, Lakena.",,,,,A. F. Chambers,38,MO,Tropicos,103343774,,H. St. John,Tropicos,7bd65a7a-f762-11e1-a439-00145eb45e9a,urn:catalog:MO:Tropicos:103343774,,TAXON_ID_NOT_FOUND;OCCURRENCE_STATUS_INFERRED_FROM_INDIVIDUAL_COUNT;COLLECTION_MATCH_NONE;INSTITUTION_MATCH_FUZZY,https://images.mobot.org/tropicosimages4/detailimages/TropicosImagesVol4/101237000/A007953E-51D1-4FB8-88EB-2F7916912DF5.jpg
4161629317,Cyrtosperma merkusii,Cyrtosperma chamissonis (Schott) Merr.,Cyrtosperma merkusii (Hassk.) Schott,SYNONYM,PRESERVED_SPECIMEN,1974-05-03,1974,,,"Ellice Islands, Naumea Island, Teohi, Lakena.",,,,,A. F. Chambers,37,MO,Tropicos,103343832,,H. St. John,Tropicos,7bd65a7a-f762-11e1-a439-00145eb45e9a,urn:catalog:MO:Tropicos:103343832,,TAXON_ID_NOT_FOUND;OCCURRENCE_STATUS_INFERRED_FROM_INDIVIDUAL_COUNT;COLLECTION_MATCH_NONE;INSTITUTION_MATCH_FUZZY,https://images.mobot.org/tropicosimages4/detailimages/TropicosImagesVol4/101237000/4A985089-95B4-455B-9E9C-9B400CB04A1F.jpg
5956174157,Cyrtosperma merkusii,Cyrtosperma chamissonis (Schott) Merr.,Cyrtosperma merkusii (Hassk.) Schott,SYNONYM,PRESERVED_SPECIMEN,1974-05-03,1974,TV,,"Techi, Lakena",,,,,"Chambers, A.F.",37,BISH,,404083,NotAType,"St.John, H.",,cfb43618-1423-4031-b3ff-fbd2c264f48b,404083,https://pacific.symbiota.org/portal/collections/individual/index.php?occid=1686054,CONTINENT_DERIVED_FROM_COUNTRY;TAXON_ID_NOT_FOUND;IDENTIFIED_DATE_INVALID;INSTITUTION_MATCH_NONE,
5956196447,Cyrtosperma merkusii,Cyrtosperma chamissonis (Schott) Merr.,Cyrtosperma merkusii (Hassk.) Schott,SYNONYM,PRESERVED_SPECIMEN,1974-05-03,1974,TV,,"Techi, Lakena",,,,,"Chambers, A.F.",38,BISH,,404084,NotAType,"St.John, H.",,cfb43618-1423-4031-b3ff-fbd2c264f48b,404084,https://pacific.symbiota.org/portal/collections/individual/index.php?occid=1686055,CONTINENT_DERIVED_FROM_COUNTRY;TAXON_ID_NOT_FOUND;INSTITUTION_MATCH_NONE,
5956369913,Cyrtosperma merkusii,Cyrtosperma chamissonis (Schott) Merr.,Cyrtosperma merkusii (Hassk.) Schott,SYNONYM,PRESERVED_SPECIMEN,1974-05-20,1974,TV,,"Talinga, Lakena",,,,,"Chambers, A.F.",43,BISH,,404031,NotAType,"Smith, A.C.",,cfb43618-1423-4031-b3ff-fbd2c264f48b,404031,https://pacific.symbiota.org/portal/collections/individual/index.php?occid=1686009,CONTINENT_DERIVED_FROM_COUNTRY;TAXON_ID_NOT_FOUND;INSTITUTION_MATCH_NONE,
5956390353,Cyrtosperma merkusii,Cyrtosperma chamissonis (Schott) Merr.,Cyrtosperma merkusii (Hassk.) Schott,SYNONYM,PRESERVED_SPECIMEN,1974-05-20,1974,TV,,"Talinga, Lakena",,,,,"Chambers, A.F.",42,BISH,,404032,NotAType,"Smith, A.C.",,cfb43618-1423-4031-b3ff-fbd2c264f48b,404032,https://pacific.symbiota.org/portal/collections/individual/index.php?occid=1686010,CONTINENT_DERIVED_FROM_COUNTRY;TAXON_ID_NOT_FOUND;INSTITUTION_MATCH_NONE,
1090224379,Cyrtosperma merkusii,Cyrtosperma chamissonis (Schott) Merr.,Cyrtosperma merkusii (Hassk.) Schott,SYNONYM,PRESERVED_SPECIMEN,1974-06-09,1974,WF,Singave District,"Aloalo, Nuku, Singave",,,,,"Kirch, P.V.",Collector Number: 11,BPBM,BISH,418247,,,Herbarium Pacificum World Specimens,b929f23d-290f-4e85-8f17-764c55b3b284,a1c241f9-6fc0-4208-9c24-458fc11560be,,CONTINENT_DERIVED_FROM_COUNTRY;INSTITUTION_MATCH_FUZZY;COLLECTION_MATCH_FUZZY,
5956681365,Cyrtosperma merkusii,Cyrtosperma chamissonis (Schott) Merr.,Cyrtosperma merkusii (Hassk.) Schott,SYNONYM,PRESERVED_SPECIMEN,1974-06-09,1974,WF,Singave District,"Aloalo, Nuku, Singave",,,,20.0,"Kirch, P.V.",11,BISH,,418247,NotAType,,,cfb43618-1423-4031-b3ff-fbd2c264f48b,418247,https://pacific.symbiota.org/portal/collections/individual/index.php?occid=1693532,CONTINENT_DERIVED_FROM_COUNTRY;TAXON_ID_NOT_FOUND;INSTITUTION_MATCH_NONE,
2636378731,Cyrtosperma merkusii,Cyrtosperma chamissonis (Schott) Merr.,Cyrtosperma merkusii (Hassk.) Schott,SYNONYM,PRESERVED_SPECIMEN,1974-07-01,1974,WF,Horn - Futuna - Sigave,,-14.252778,-178.177778,,10.0,Kirch P.V.,,Université de Strasbourg,WF Wallis-Futuna,WF809_11,,,,75e787b4-14c4-4040-9bd8-477d343e3a91,WF809_11,,COORDINATE_ROUNDED;GEODETIC_DATUM_ASSUMED_WGS84;CONTINENT_DERIVED_FROM_COORDINATES;PRESUMED_NEGATED_LONGITUDE;INSTITUTION_MATCH_NONE,
4602018330,Cyrtosperma merkusii,Cyrtosperma merkusii (Hassk.) Schott,Cyrtosperma merkusii (Hassk.) Schott,ACCEPTED,PRESERVED_SPECIMEN,1975-06-12T00:00,1975,,,"Marquesas Islands Hiva Oa Island,; Taaoa, lieu-dit Hekeu",,,,180.0,"Schäfer, P.A.",5603,K,Herbarium,K002555963,,,,cd6e21c8-9e8a-493a-8a76-fbf7862069e5,http://specimens.kew.org/herbarium/K002555963,,INSTITUTION_MATCH_FUZZY;INSTITUTION_COLLECTION_MISMATCH,https://d2jcv3kl45hlgi.cloudfront.net/9d07b0eb1ea1076f4f9da31a320528ba.jpg
4602024367,Cyrtosperma merkusii,Cyrtosperma merkusii (Hassk.) Schott,Cyrtosperma merkusii (Hassk.) Schott,ACCEPTED,PRESERVED_SPECIMEN,1975-06-12T00:00,1975,,,"Marquesas Islands Hiva Oa Island,; Taaoa, lieu-dit Hekeu.",,,,180.0,"Schäfer, P.A.",5603,K,Herbarium,K002555962,,,,cd6e21c8-9e8a-493a-8a76-fbf7862069e5,http://specimens.kew.org/herbarium/K002555962,,INSTITUTION_MATCH_FUZZY;INSTITUTION_COLLECTION_MISMATCH,https://d2jcv3kl45hlgi.cloudfront.net/68610664b8cb346225c8a3ee79288ba5.jpg
2513716155,Cyrtosperma merkusii,Cyrtosperma merkusii (Hassk.) Schott,Cyrtosperma merkusii (Hassk.) Schott,ACCEPTED,PRESERVED_SPECIMEN,1975-11-26,1975,PG,New Guinea,"Manus Province; tot the north-east of Kabuli village, c. 1.5 km from the south coast in western Manus.",-2.11667,146.66667,,,Sands MJS; Royal Botanic Gardens Kew Expedition,"Sands, MJS; Royal Botanic Gardens Kew Expedition 2868",,Botany,L.1416052,,,,15f819bd-6612-4447-854b-14d12ee1022d,https://data.biodiversitydata.nl/naturalis/specimen/L.1416052,,,https://medialib.naturalis.nl/file/id/L.1416052/format/large
2517048301,Cyrtosperma merkusii,Cyrtosperma merkusii (Hassk.) Schott,Cyrtosperma merkusii (Hassk.) Schott,ACCEPTED,PRESERVED_SPECIMEN,1975-11-26,1975,PG,New Guinea,"Manus Province; tot the north-east of Kabuli village, c. 1.5 km from the south coast in western Manus.",-2.11667,146.66667,,,Sands MJS; Royal Botanic Gardens Kew Expedition,"Sands, MJS; Royal Botanic Gardens Kew Expedition 2868",,Botany,L.4311148,,,,15f819bd-6612-4447-854b-14d12ee1022d,https://data.biodiversitydata.nl/naturalis/specimen/L.4311148,,,https://medialib.naturalis.nl/file/id/L.4311148/format/large
2517278344,Cyrtosperma merkusii,Cyrtosperma merkusii (Hassk.) Schott,Cyrtosperma merkusii (Hassk.) Schott,ACCEPTED,PRESERVED_SPECIMEN,1975-11-26,1975,PG,New Guinea,"Manus Province; tot the north-east of Kabuli village, c. 1.5 km from the south coast in western Manus.",-2.11667,146.66667,,,Sands MJS; Royal Botanic Gardens Kew Expedition,"Sands, MJS; Royal Botanic Gardens Kew Expedition 2868",,Botany,L.4311147,,,,15f819bd-6612-4447-854b-14d12ee1022d,https://data.biodiversitydata.nl/naturalis/specimen/L.4311147,,,https://medialib.naturalis.nl/file/id/L.4311147/format/large
2592265364,Cyrtosperma merkusii,Cyrtosperma merkusii (Hassk.) Schott,Cyrtosperma merkusii (Hassk.) Schott,ACCEPTED,PRESERVED_SPECIMEN,1975-11-26,1975,PG,Manus,"Manus Island.; to the north-east of Kabuli village, c. 1.5 km. from the south coast in western Manus.",-2.12,146.67,,50.0,"M. Sands, G. Pattison & J. Wood",SANDS 2868,US,US,US 2919960,,,NMNH Extant Biology,821cc27a-e3bb-4bc5-ac34-89ada245069d,http://n2t.net/ark:/65665/3c65d3429-2053-4279-bb03-e25e082a054a,,GEODETIC_DATUM_ASSUMED_WGS84;CONTINENT_COORDINATE_MISMATCH;CONTINENT_COUNTRY_MISMATCH;OCCURRENCE_STATUS_INFERRED_FROM_INDIVIDUAL_COUNT,https://collections.nmnh.si.edu/media/?i=14404655&h=2000
2592267188,Cyrtosperma merkusii,Cyrtosperma merkusii (Hassk.) Schott,Cyrtosperma merkusii (Hassk.) Schott,ACCEPTED,PRESERVED_SPECIMEN,1975-11-26,1975,PG,Manus,"Manus Island.; to the north-east of Kabuli village, c. 1.5 km. from the south coast in western Manus.",-2.12,146.67,,50.0,"M. Sands, G. Pattison & J. Wood",SANDS 2868,US,US,US 2919961,,,NMNH Extant Biology,821cc27a-e3bb-4bc5-ac34-89ada245069d,http://n2t.net/ark:/65665/38fba43d4-7d1d-48fc-88e0-34ea0bcc2b61,,GEODETIC_DATUM_ASSUMED_WGS84;CONTINENT_COORDINATE_MISMATCH;CONTINENT_COUNTRY_MISMATCH;OCCURRENCE_STATUS_INFERRED_FROM_INDIVIDUAL_COUNT,https://collections.nmnh.si.edu/media/?i=14404847&h=2000
4602015337,Cyrtosperma merkusii,Cyrtosperma merkusii (Hassk.) Schott,Cyrtosperma merkusii (Hassk.) Schott,ACCEPTED,PRESERVED_SPECIMEN,1975-11-26T00:00,1975,PG,,Manus Island; to the north-east of Kabuli village; c. 1.5 km. from the south coast in western Manus,-2.116667,146.666667,,50.0,"Sands, M.; Pattison, G.A.; Wood, J.J.",2868,K,Herbarium,K002555906,,,,cd6e21c8-9e8a-493a-8a76-fbf7862069e5,http://specimens.kew.org/herbarium/K002555906,,COORDINATE_ROUNDED;GEODETIC_DATUM_ASSUMED_WGS84;CONTINENT_DERIVED_FROM_COORDINATES;INSTITUTION_MATCH_FUZZY;INSTITUTION_COLLECTION_MISMATCH,https://d2jcv3kl45hlgi.cloudfront.net/4de57177f9c9b7463c9e2fcb91192a6c.jpg
4602017382,Cyrtosperma merkusii,Cyrtosperma merkusii (Hassk.) Schott,Cyrtosperma merkusii (Hassk.) Schott,ACCEPTED,PRESERVED_SPECIMEN,1975-11-26T00:00,1975,PG,,Manus Island; to the north-east of Kabuli village; c. 1.5 km. from the south coast in western Manus,-2.116667,146.666667,,50.0,"Sands, M.; Pattison, G.A.; Wood, J.J.",2868,K,Herbarium,K002555905,,,,cd6e21c8-9e8a-493a-8a76-fbf7862069e5,http://specimens.kew.org/herbarium/K002555905,,COORDINATE_ROUNDED;GEODETIC_DATUM_ASSUMED_WGS84;CONTINENT_DERIVED_FROM_COORDINATES;INSTITUTION_MATCH_FUZZY;INSTITUTION_COLLECTION_MISMATCH,https://d2jcv3kl45hlgi.cloudfront.net/569624f6e2f5dadf9a269e29e5351c36.jpg
3986498324,Cyrtosperma merkusii,Cyrtosperma lasioides Griff.,Cyrtosperma merkusii (Hassk.) Schott,SYNONYM,PRESERVED_SPECIMEN,1975-12-05,1975,MY,Sarawak,"1st Division, Stapok F.R.",,,,,P. F. Stevens et al.,156,GH,GH,barcode-01655760,,,Harvard University Herbaria: All Records,861e6afe-f762-11e1-a439-00145eb45e9a,439c01bb-3c19-4d4c-86db-6697bfb5a45d,http://data.huh.harvard.edu/439c01bb-3c19-4d4c-86db-6697bfb5a45d/image,,https://s3.amazonaws.com/huhspecimenimages/JPG/01655760.jpg
2592227436,Cyrtosperma merkusii,Cyrtosperma merkusii (Hassk.) Schott,Cyrtosperma merkusii (Hassk.) Schott,ACCEPTED,PRESERVED_SPECIMEN,1976-07-28,1976,GU,,Agana Swamp.,,,,,Collector unknown,832,US,US,US 2876303,,,NMNH Extant Biology,821cc27a-e3bb-4bc5-ac34-89ada245069d,http://n2t.net/ark:/65665/34fbae3f2-be40-484f-89ab-e188969b63af,,CONTINENT_INVALID;CONTINENT_DERIVED_FROM_COUNTRY;OCCURRENCE_STATUS_INFERRED_FROM_INDIVIDUAL_COUNT,https://collections.nmnh.si.edu/media/?i=14415259&h=2000
3751304495,Cyrtosperma merkusii,Cyrtosperma chamissonis (Schott) Merr.,Cyrtosperma merkusii (Hassk.) Schott,SYNONYM,PRESERVED_SPECIMEN,1976-07-28,1976,GU,,,,,,,Corps of England,832,HAW,HAW,HAW40043,,,,96beb7d8-f762-11e1-a439-00145eb45e9a,1cbbe8f3-2c57-4bf7-93d9-737859089db7,https://pacific.symbiota.org/portal/collections/individual/index.php?occid=1215816,CONTINENT_DERIVED_FROM_COUNTRY;TAXON_ID_NOT_FOUND;INSTITUTION_MATCH_FUZZY;COLLECTION_MATCH_FUZZY,https://storage.googleapis.com/d58fa815-ad25-4249-ac6b-569baf4cbdc1/photos/HAW_Vascular/HAW40043.jpg
1090294738,Cyrtosperma merkusii,Cyrtosperma chamissonis (Schott) Merr.,Cyrtosperma merkusii (Hassk.) Schott,SYNONYM,PRESERVED_SPECIMEN,1978-01-29,1978,PW,,Koror,,,,,"Stemmermann, R.L.",Collector Number: 3433,BPBM,BISH,581881,,,Herbarium Pacificum World Specimens,b929f23d-290f-4e85-8f17-764c55b3b284,fcc39b57-f1ea-4218-a6d1-98c430baf383,,CONTINENT_DERIVED_FROM_COUNTRY;INSTITUTION_MATCH_FUZZY;COLLECTION_MATCH_FUZZY,
1090297718,Cyrtosperma merkusii,Cyrtosperma chamissonis (Schott) Merr.,Cyrtosperma merkusii (Hassk.) Schott,SYNONYM,PRESERVED_SPECIMEN,1978-01-29,1978,PW,,Koror,,,,,"Stemmermann, R.L.",Collector Number: 3433,BPBM,BISH,581880,,,Herbarium Pacificum World Specimens,b929f23d-290f-4e85-8f17-764c55b3b284,3a0374f0-44ad-42dd-939e-9c491645702f,,CONTINENT_DERIVED_FROM_COUNTRY;INSTITUTION_MATCH_FUZZY;COLLECTION_MATCH_FUZZY,
1090321072,Cyrtosperma merkusii,Cyrtosperma chamissonis (Schott) Merr.,Cyrtosperma merkusii (Hassk.) Schott,SYNONYM,PRESERVED_SPECIMEN,1978-01-29,1978,PW,,Koror,,,,,"Stemmermann, R.L.",Collector Number: 3433,BPBM,BISH,581883,,,Herbarium Pacificum World Specimens,b929f23d-290f-4e85-8f17-764c55b3b284,ead14821-51fb-4130-9270-b83ee19804fc,,CONTINENT_DERIVED_FROM_COUNTRY;INSTITUTION_MATCH_FUZZY;COLLECTION_MATCH_FUZZY,
1090372851,Cyrtosperma merkusii,Cyrtosperma chamissonis (Schott) Merr.,Cyrtosperma merkusii (Hassk.) Schott,SYNONYM,PRESERVED_SPECIMEN,1978-01-29,1978,PW,,Koror,,,,,"Stemmermann, R.L.",Collector Number: 3433,BPBM,BISH,581882,,,Herbarium Pacificum World Specimens,b929f23d-290f-4e85-8f17-764c55b3b284,f7ef3259-c0d8-498b-9daf-f58bf89f98b5,,CONTINENT_DERIVED_FROM_COUNTRY;INSTITUTION_MATCH_FUZZY;COLLECTION_MATCH_FUZZY,
5956421528,Cyrtosperma merkusii,Cyrtosperma chamissonis (Schott) Merr.,Cyrtosperma merkusii (Hassk.) Schott,SYNONYM,PRESERVED_SPECIMEN,1978-01-29,1978,PW,,Koror,,,,,"Stemmermann, R.L.",3433,BISH,,581882,NotAType,,,cfb43618-1423-4031-b3ff-fbd2c264f48b,581882,https://pacific.symbiota.org/portal/collections/individual/index.php?occid=1764819,CONTINENT_DERIVED_FROM_COUNTRY;TAXON_ID_NOT_FOUND;INSTITUTION_MATCH_NONE,
5956504790,Cyrtosperma merkusii,Cyrtosperma chamissonis (Schott) Merr.,Cyrtosperma merkusii (Hassk.) Schott,SYNONYM,PRESERVED_SPECIMEN,1978-01-29,1978,PW,,Koror,,,,,"Stemmermann, R.L.",3433,BISH,,581881,NotAType,,,cfb43618-1423-4031-b3ff-fbd2c264f48b,581881,https://pacific.symbiota.org/portal/collections/individual/index.php?occid=1764818,CONTINENT_DERIVED_FROM_COUNTRY;TAXON_ID_NOT_FOUND;INSTITUTION_MATCH_NONE,
5956525284,Cyrtosperma merkusii,Cyrtosperma chamissonis (Schott) Merr.,Cyrtosperma merkusii (Hassk.) Schott,SYNONYM,PRESERVED_SPECIMEN,1978-01-29,1978,PW,,Koror,,,,,"Stemmermann, R.L.",3433,BISH,,581880,NotAType,,,cfb43618-1423-4031-b3ff-fbd2c264f48b,581880,https://pacific.symbiota.org/portal/collections/individual/index.php?occid=1764817,CONTINENT_DERIVED_FROM_COUNTRY;TAXON_ID_NOT_FOUND;INSTITUTION_MATCH_NONE,
5956702069,Cyrtosperma merkusii,Cyrtosperma chamissonis (Schott) Merr.,Cyrtosperma merkusii (Hassk.) Schott,SYNONYM,PRESERVED_SPECIMEN,1978-01-29,1978,PW,,Koror,,,,,"Stemmermann, R.L.",3433,BISH,,581883,NotAType,,,cfb43618-1423-4031-b3ff-fbd2c264f48b,581883,https://pacific.symbiota.org/portal/collections/individual/index.php?occid=1764820,CONTINENT_DERIVED_FROM_COUNTRY;TAXON_ID_NOT_FOUND;INSTITUTION_MATCH_NONE,
2592213002,Cyrtosperma merkusii,Cyrtosperma merkusii (Hassk.) Schott,Cyrtosperma merkusii (Hassk.) Schott,ACCEPTED,PRESERVED_SPECIMEN,1978-02-14,1978,PW,,"Micronesia. Ngerebodel hamlet, Koror, Palau; taro patch along back rd.",7.3417,134.5,,15.0,J. E. Canfield & R. Byochel,450,US,US,US 2828476,,,NMNH Extant Biology,821cc27a-e3bb-4bc5-ac34-89ada245069d,http://n2t.net/ark:/65665/316dc2ce1-67e5-4dcd-8c71-4848c7f1e4c2,,GEODETIC_DATUM_ASSUMED_WGS84;CONTINENT_INVALID;CONTINENT_DERIVED_FROM_COORDINATES;OCCURRENCE_STATUS_INFERRED_FROM_INDIVIDUAL_COUNT,https://collections.nmnh.si.edu/media/?i=14410246&h=2000
2592306233,Cyrtosperma merkusii,Cyrtosperma merkusii (Hassk.) Schott,Cyrtosperma merkusii (Hassk.) Schott,ACCEPTED,PRESERVED_SPECIMEN,1978-02-14,1978,PW,,"Micronesia. Ngerebodel hamlet, Koror, Palau; taro patch along back rd.",,,,15.0,J. E. Canfield & R. Byochel,450,US,US,US 2828475,,,NMNH Extant Biology,821cc27a-e3bb-4bc5-ac34-89ada245069d,http://n2t.net/ark:/65665/38c18c024-6736-4457-9881-ebf98531bfc5,,CONTINENT_INVALID;CONTINENT_DERIVED_FROM_COUNTRY;OCCURRENCE_STATUS_INFERRED_FROM_INDIVIDUAL_COUNT,https://collections.nmnh.si.edu/media/?i=14408834&h=2000
2592213339,Cyrtosperma merkusii,Cyrtosperma merkusii (Hassk.) Schott,Cyrtosperma merkusii (Hassk.) Schott,ACCEPTED,PRESERVED_SPECIMEN,1978-09-04,1978,MY,Sarawak,"5 meilen Südlich von Sarikei, in einem Sumpf.",,,,10.0,J. Bogner,1363,US,US,US 2916652,,,NMNH Extant Biology,821cc27a-e3bb-4bc5-ac34-89ada245069d,http://n2t.net/ark:/65665/3180ba6e4-a48b-4ed9-be55-a4d8c85dbaa4,,OCCURRENCE_STATUS_INFERRED_FROM_INDIVIDUAL_COUNT,https://collections.nmnh.si.edu/media/?i=14413760&h=2000
2592234773,Cyrtosperma merkusii,Cyrtosperma merkusii (Hassk.) Schott,Cyrtosperma merkusii (Hassk.) Schott,ACCEPTED,PRESERVED_SPECIMEN,1978-09-04,1978,MY,Sarawak,"5 meilen Südlich von Sarikei, in einem Sumpf.",,,,10.0,J. Bogner,1363,US,US,US 2916653,,,NMNH Extant Biology,821cc27a-e3bb-4bc5-ac34-89ada245069d,http://n2t.net/ark:/65665/36ca146ab-2b31-411d-816a-0a9f50099832,,OCCURRENCE_STATUS_INFERRED_FROM_INDIVIDUAL_COUNT,https://collections.nmnh.si.edu/media/?i=14406710&h=2000
4602016372,Cyrtosperma merkusii,Cyrtosperma merkusii (Hassk.) Schott,Cyrtosperma merkusii (Hassk.) Schott,ACCEPTED,PRESERVED_SPECIMEN,1978-09-04T00:00,1978,MY,,"5 miles south of Sarikei, in einem Sumpf.",,,,10.0,"Bogner, J.",1363,K,Herbarium,K002555883,,,,cd6e21c8-9e8a-493a-8a76-fbf7862069e5,http://specimens.kew.org/herbarium/K002555883,,CONTINENT_DERIVED_FROM_COUNTRY;INSTITUTION_MATCH_FUZZY;INSTITUTION_COLLECTION_MISMATCH,https://d2jcv3kl45hlgi.cloudfront.net/43fc7f1ff7c0a33eee0f4ea1d1ccbb65.jpg
4602019344,Cyrtosperma merkusii,Cyrtosperma merkusii (Hassk.) Schott,Cyrtosperma merkusii (Hassk.) Schott,ACCEPTED,PRESERVED_SPECIMEN,1978-09-04T00:00,1978,MY,,"5 miles South of Sarikei, in einem Sumpf.",,,,10.0,"Bogner, J.",1363,K,Herbarium,K002555886,,,,cd6e21c8-9e8a-493a-8a76-fbf7862069e5,http://specimens.kew.org/herbarium/K002555886,,CONTINENT_DERIVED_FROM_COUNTRY;INSTITUTION_MATCH_FUZZY;INSTITUTION_COLLECTION_MISMATCH,https://d2jcv3kl45hlgi.cloudfront.net/5044e315965e419c94b05406fe28f725.jpg
4602020320,Cyrtosperma merkusii,Cyrtosperma merkusii (Hassk.) Schott,Cyrtosperma merkusii (Hassk.) Schott,ACCEPTED,PRESERVED_SPECIMEN,1978-09-04T00:00,1978,MY,,5 miles south of Sarikei in einem Sumpf,,,,10.0,"Bogner, J.",1363,K,Herbarium,K002555885,,,,cd6e21c8-9e8a-493a-8a76-fbf7862069e5,http://specimens.kew.org/herbarium/K002555885,,CONTINENT_DERIVED_FROM_COUNTRY;INSTITUTION_MATCH_FUZZY;INSTITUTION_COLLECTION_MISMATCH,https://d2jcv3kl45hlgi.cloudfront.net/c4cef1f0fddadf4d63051a4218656303.jpg
4602022319,Cyrtosperma merkusii,Cyrtosperma merkusii (Hassk.) Schott,Cyrtosperma merkusii (Hassk.) Schott,ACCEPTED,PRESERVED_SPECIMEN,1978-09-04T00:00,1978,MY,,"5 miles south of Sarikei, in einem Sumpf.",,,,10.0,"Bogner, J.",1363,K,Herbarium,K002555884,,,,cd6e21c8-9e8a-493a-8a76-fbf7862069e5,http://specimens.kew.org/herbarium/K002555884,,CONTINENT_DERIVED_FROM_COUNTRY;INSTITUTION_MATCH_FUZZY;INSTITUTION_COLLECTION_MISMATCH,https://d2jcv3kl45hlgi.cloudfront.net/44e6d0c972fa4abd6ea621c00bf954b9.jpg
912044928,Cyrtosperma merkusii,Cyrtosperma merkusii (Hassk.) Schott,Cyrtosperma merkusii (Hassk.) Schott,ACCEPTED,PRESERVED_SPECIMEN,1979-09-08T00:00,1979,MY,,Johore,,,,,"Bogner, J.",1510,K,Spirit,45187.000,,,,cd6e21c8-9e8a-493a-8a76-fbf7862069e5,http://specimens.kew.org/herbarium/45187.000,,CONTINENT_DERIVED_FROM_COUNTRY;COLLECTION_MATCH_NONE;INSTITUTION_MATCH_FUZZY,
4602015334,Cyrtosperma merkusii,Cyrtosperma merkusii (Hassk.) Schott,Cyrtosperma merkusii (Hassk.) Schott,ACCEPTED,PRESERVED_SPECIMEN,1979-09-08T00:00,1979,MY,,"am Rande des Sungai Sedeli, nordlich von kota Tinggi",,,,,"Bogner, J.",1510,K,Herbarium,K002555861,,,,cd6e21c8-9e8a-493a-8a76-fbf7862069e5,http://specimens.kew.org/herbarium/K002555861,,CONTINENT_DERIVED_FROM_COUNTRY;INSTITUTION_MATCH_FUZZY;INSTITUTION_COLLECTION_MISMATCH,https://d2jcv3kl45hlgi.cloudfront.net/08fd270506801979752446bb59714c2b.jpg
2592210087,Cyrtosperma merkusii,Cyrtosperma merkusii (Hassk.) Schott,Cyrtosperma merkusii (Hassk.) Schott,ACCEPTED,PRESERVED_SPECIMEN,1979,1979,MY,Johor,"Johore, along the Sungai Sedeli. North of Kota Tinggi.",,,,,J. Bogner,1510,US,US,US 2916695,,,NMNH Extant Biology,821cc27a-e3bb-4bc5-ac34-89ada245069d,http://n2t.net/ark:/65665/30b221ba8-3257-460a-854f-6f6b84f945fd,,OCCURRENCE_STATUS_INFERRED_FROM_INDIVIDUAL_COUNT,https://collections.nmnh.si.edu/media/?i=14398276&h=2000
4602017387,Cyrtosperma merkusii,Cyrtosperma merkusii (Hassk.) Schott,Cyrtosperma merkusii (Hassk.) Schott,ACCEPTED,PRESERVED_SPECIMEN,1980-02-13T00:00,1980,,,"[from Kuching Botanic Garden, Sardwak, Kiching B. G. 90]",,,,,s.coll.,s.n.,K,Herbarium,K002555974,,,,cd6e21c8-9e8a-493a-8a76-fbf7862069e5,http://specimens.kew.org/herbarium/K002555974,,INSTITUTION_MATCH_FUZZY;INSTITUTION_COLLECTION_MISMATCH,https://d2jcv3kl45hlgi.cloudfront.net/6cdd18879f7a7feb1a7af1fe7b42d246.jpg
4602165325,Cyrtosperma merkusii,Cyrtosperma merkusii (Hassk.) Schott,Cyrtosperma merkusii (Hassk.) Schott,ACCEPTED,PRESERVED_SPECIMEN,1980-02-13T00:00,1980,MY,,Borneo; Kuching Bot. Garden,,,,,s.coll.,s.n.,K,Herbarium,K002555887,,,,cd6e21c8-9e8a-493a-8a76-fbf7862069e5,http://specimens.kew.org/herbarium/K002555887,,CONTINENT_DERIVED_FROM_COUNTRY;INSTITUTION_MATCH_FUZZY;INSTITUTION_COLLECTION_MISMATCH,https://d2jcv3kl45hlgi.cloudfront.net/971a10c809d8c67f4377673b8922bf16.jpg
5004469638,Cyrtosperma merkusii,Cyrtosperma merkusii (Hassk.) Schott,Cyrtosperma merkusii (Hassk.) Schott,ACCEPTED,PRESERVED_SPECIMEN,1980-08-14,1980,TK,,"Fakaofo, Tokelau, growing in a pit on Mokuakea Motu",-9.37944,-171.21778,5000.0,,"Whistler,A. 4648",4648,W,Herbarium W,0254600,,A. Whistler,,7f5260c2-f762-11e1-a439-00145eb45e9a,https://w.jacq.org/W0254600,,CONTINENT_DERIVED_FROM_COORDINATES;INSTITUTION_MATCH_FUZZY;COLLECTION_MATCH_FUZZY,https://object.jacq.org/europeana/W/1593389.jpg
2513715779,Cyrtosperma merkusii,Cyrtosperma lasioides Griff.,Cyrtosperma merkusii (Hassk.) Schott,SYNONYM,PRESERVED_SPECIMEN,1981-06-11,1981,SG,,"Upper MacRitchie Reservoir area, south of the island Club.",1.3667,103.8,,,Maxwell JF,"Maxwell, JF 81- 118",,Botany,L.1415518,,,,15f819bd-6612-4447-854b-14d12ee1022d,https://data.biodiversitydata.nl/naturalis/specimen/L.1415518,,,https://medialib.naturalis.nl/file/id/L.1415518/format/large
1258698255,Cyrtosperma merkusii,Cyrtosperma merkusii (Hassk.) Schott,Cyrtosperma merkusii (Hassk.) Schott,ACCEPTED,PRESERVED_SPECIMEN,1981-09-22,1981,PH,Luzon,"Barrio Tuaca, 19 km S of Daet, cultivated for food.",13.91666,123.0,,,Thomas B. Croat,53048,MO,Tropicos,1476325,,,Tropicos,7bd65a7a-f762-11e1-a439-00145eb45e9a,urn:catalog:MO:Tropicos:1476325,,GEODETIC_DATUM_ASSUMED_WGS84;TAXON_ID_NOT_FOUND;OCCURRENCE_STATUS_INFERRED_FROM_INDIVIDUAL_COUNT;COLLECTION_MATCH_NONE;INSTITUTION_MATCH_FUZZY,https://images.mobot.org/tropicosimages4/detailimages/TropicosImagesVol4/101237000/880E13DB-43F2-4BC0-A6B7-7F913C80E8BB.jpg;https://images.mobot.org/tropicosimages4/detailimages/TropicosImagesVol4/101237000/A18427BA-5A36-47C3-A9FB-7A5AB3411E0C.jpg;https://images.mobot.org/tropicosimages4/detailimages/TropicosImagesVol4/101237000/A7153E57-534E-43FC-B8B3-F1F44C2DD760.jpg
1998607534,Cyrtosperma merkusii,Cyrtosperma merkusii (Hassk.) Schott,Cyrtosperma merkusii (Hassk.) Schott,ACCEPTED,PRESERVED_SPECIMEN,1981-09-22,1981,PH,,"Barrio Tuaca, 19 km S of Daet",13.916667,123.0,,,T. B. Croat,53048,GH,GH,barcode-01655815,,,Harvard University Herbaria: All Records,861e6afe-f762-11e1-a439-00145eb45e9a,44e09b7b-f56b-4959-9ac2-933845ef2138,http://data.huh.harvard.edu/44e09b7b-f56b-4959-9ac2-933845ef2138/image,COORDINATE_ROUNDED;GEODETIC_DATUM_INVALID;GEODETIC_DATUM_ASSUMED_WGS84,https://s3.amazonaws.com/huhspecimenimages/JPG/01655814.jpg;https://s3.amazonaws.com/huhspecimenimages/JPG/01655815.jpg;https://s3.amazonaws.com/huhspecimenimages/JPG/01655816.jpg
1998750069,Cyrtosperma merkusii,Cyrtosperma merkusii (Hassk.) Schott,Cyrtosperma merkusii (Hassk.) Schott,ACCEPTED,PRESERVED_SPECIMEN,1981-09-22,1981,PH,,"Barrio Tuaca, 19 km S of Daet",13.916667,123.0,,,T. B. Croat,53048,GH,GH,barcode-01655814,,,Harvard University Herbaria: All Records,861e6afe-f762-11e1-a439-00145eb45e9a,64f2820c-a995-4005-933b-da1cb1ae2ce7,http://data.huh.harvard.edu/64f2820c-a995-4005-933b-da1cb1ae2ce7/image,COORDINATE_ROUNDED;GEODETIC_DATUM_INVALID;GEODETIC_DATUM_ASSUMED_WGS84,https://s3.amazonaws.com/huhspecimenimages/JPG/01655814.jpg;https://s3.amazonaws.com/huhspecimenimages/JPG/01655815.jpg;https://s3.amazonaws.com/huhspecimenimages/JPG/01655816.jpg
1998818208,Cyrtosperma merkusii,Cyrtosperma merkusii (Hassk.) Schott,Cyrtosperma merkusii (Hassk.) Schott,ACCEPTED,PRESERVED_SPECIMEN,1981-09-22,1981,PH,,"Barrio Tuaca, 19 km S of Daet",13.916667,123.0,,,T. B. Croat,53048,GH,GH,barcode-01655816,,,Harvard University Herbaria: All Records,861e6afe-f762-11e1-a439-00145eb45e9a,746c45b1-77c7-4afe-bffb-ad16f46edf73,http://data.huh.harvard.edu/746c45b1-77c7-4afe-bffb-ad16f46edf73/image,COORDINATE_ROUNDED;GEODETIC_DATUM_INVALID;GEODETIC_DATUM_ASSUMED_WGS84,https://s3.amazonaws.com/huhspecimenimages/JPG/01655814.jpg;https://s3.amazonaws.com/huhspecimenimages/JPG/01655815.jpg;https://s3.amazonaws.com/huhspecimenimages/JPG/01655816.jpg
2592228801,Cyrtosperma merkusii,Cyrtosperma merkusii (Hassk.) Schott,Cyrtosperma merkusii (Hassk.) Schott,ACCEPTED,PRESERVED_SPECIMEN,1981-09-22,1981,PH,,"Province of Camarines Norte. Island of Luzon; Barrio Tuaca, 19 km S of Daet.",13.92,123.0,,,T. B. Croat,53048,US,US,US 2933589,,,NMNH Extant Biology,821cc27a-e3bb-4bc5-ac34-89ada245069d,http://n2t.net/ark:/65665/35542f0ce-2997-4a2b-b268-b41db3b8a37c,,GEODETIC_DATUM_ASSUMED_WGS84;OCCURRENCE_STATUS_INFERRED_FROM_INDIVIDUAL_COUNT,https://collections.nmnh.si.edu/media/?i=14405031&h=2000
1259685433,Cyrtosperma merkusii,Cyrtosperma lasioides Griff.,Cyrtosperma merkusii (Hassk.) Schott,SYNONYM,PRESERVED_SPECIMEN,1981-10-14,1981,SG,,Low swamp forest.,,,,,Thomas B. Croat,53252,MO,Tropicos,2377327,,,Tropicos,7bd65a7a-f762-11e1-a439-00145eb45e9a,urn:catalog:MO:Tropicos:2377327,,TAXON_ID_NOT_FOUND;OCCURRENCE_STATUS_INFERRED_FROM_INDIVIDUAL_COUNT;COLLECTION_MATCH_NONE;INSTITUTION_MATCH_FUZZY,https://images.mobot.org/tropicosimages4/detailimages/TropicosImagesVol4/101237000/30AFA6BA-D63A-49D8-8FC7-40403408B05E.jpg
1319863456,Cyrtosperma merkusii,Cyrtosperma merkusii (Hassk.) Schott,Cyrtosperma merkusii (Hassk.) Schott,ACCEPTED,PRESERVED_SPECIMEN,1982-12-24,1982,KI,,West of the South Pacific,,,,3.0,L. Raulerson,3727,US,US,US 3296859,,,NMNH Extant Biology,821cc27a-e3bb-4bc5-ac34-89ada245069d,http://n2t.net/ark:/65665/375b57faf-7b49-4641-8abf-f6648deed0de,,CONTINENT_INVALID;CONTINENT_DERIVED_FROM_COUNTRY;OCCURRENCE_STATUS_INFERRED_FROM_INDIVIDUAL_COUNT,https://collections.nmnh.si.edu/media/?i=10289685&h=2000;https://collections.nmnh.si.edu/media/?i=14407224&h=2000
1563502908,Cyrtosperma merkusii,Cyrtosperma merkusii (Hassk.) Schott,Cyrtosperma merkusii (Hassk.) Schott,ACCEPTED,LIVING_SPECIMEN,1982,1982,PH,,,,,,,ITAl001|PHL0965,,ITAl001|PHL0965,,67845,,,Collection and Characterization of Indigenous Root Crop Germplasm,33795d9d-3f94-4b0e-a2f6-d3a03cfce7aa,urn:uuid:236b50ff-20ee-4e45-977e-6715fb976a81,http://bioversity.github.io/geosite/index.html?NEW_ID_SAMPLE=67845,CONTINENT_DERIVED_FROM_COUNTRY;INSTITUTION_MATCH_NONE,
1563595595,Cyrtosperma merkusii,Cyrtosperma merkusii (Hassk.) Schott,Cyrtosperma merkusii (Hassk.) Schott,ACCEPTED,LIVING_SPECIMEN,1982,1982,PH,,,,,,,ITAl001|PHL0965,,ITAl001|PHL0965,,1823,,,Collection and Characterization of Indigenous Root Crop Germplasm,33795d9d-3f94-4b0e-a2f6-d3a03cfce7aa,urn:uuid:b8f066c1-c439-448e-b2bb-4f6bcc8fc357,http://bioversity.github.io/geosite/index.html?NEW_ID_SAMPLE=1823,CONTINENT_DERIVED_FROM_COUNTRY;INSTITUTION_MATCH_NONE,
2513715675,Cyrtosperma merkusii,Cyrtosperma merkusii (Hassk.) Schott,Cyrtosperma merkusii (Hassk.) Schott,ACCEPTED,PRESERVED_SPECIMEN,1985-07-30,1985,ID,Sumatra,"Atjeh province, Sumatra. P.T. Hargas logging concession, S. of the road Sibulussalam-Gelombang, jus N. of the crossing of the approach road with Lae (= River) Batu Batu (a tributary of Alas River), near the abandoned village of Belintang.",2.71667,97.9,,,Wilde WJJO de; Wilde-Duyfjes BEE de,"Wilde, WJJO de; Wilde-Duyfjes, BEE de 20428",,Botany,L.1416121,,,,15f819bd-6612-4447-854b-14d12ee1022d,https://data.biodiversitydata.nl/naturalis/specimen/L.1416121,,,https://medialib.naturalis.nl/file/id/L.1416121/format/large
2513715723,Cyrtosperma merkusii,Cyrtosperma merkusii (Hassk.) Schott,Cyrtosperma merkusii (Hassk.) Schott,ACCEPTED,PRESERVED_SPECIMEN,1985-07-15,1985,ID,Sumatra,"Atjeh province, Sumatra. Kloët, along the Krung (= River) Lembang/ vicinity of Pucuk Lembang.",3.08333,97.41667,,,Wilde WJJO de; Wilde-Duyfjes BEE de,"Wilde, WJJO de; Wilde-Duyfjes, BEE de 20063",,Botany,L.1416119,,,,15f819bd-6612-4447-854b-14d12ee1022d,https://data.biodiversitydata.nl/naturalis/specimen/L.1416119,,,https://medialib.naturalis.nl/file/id/L.1416119/format/large
2513716611,Cyrtosperma merkusii,Cyrtosperma merkusii (Hassk.) Schott,Cyrtosperma merkusii (Hassk.) Schott,ACCEPTED,PRESERVED_SPECIMEN,1985-07-15,1985,ID,Sumatra,"Atjeh province, Sumatra. Kloët, along the Krung (= River) Lembang/ vicinity of Pucuk Lembang.",3.08333,97.41667,,,Wilde WJJO de; Wilde-Duyfjes BEE de,"Wilde, WJJO de; Wilde-Duyfjes, BEE de 20063",,Botany,L.1416118,,,,15f819bd-6612-4447-854b-14d12ee1022d,https://data.biodiversitydata.nl/naturalis/specimen/L.1416118,,,https://medialib.naturalis.nl/file/id/L.1416118/format/large
2513716820,Cyrtosperma merkusii,Cyrtosperma merkusii (Hassk.) Schott,Cyrtosperma merkusii (Hassk.) Schott,ACCEPTED,PRESERVED_SPECIMEN,1985-07-30,1985,ID,Sumatra,"Atjeh province, Sumatra. P.T. Hargas logging concession, S. of the road Sibulussalam-Gelombang, jus N. of the crossing of the approach road with Lae (= River) Batu Batu (a tributary of Alas River), near the abandoned village of Belintang.",2.71667,97.9,,,Wilde WJJO de; Wilde-Duyfjes BEE de,"Wilde, WJJO de; Wilde-Duyfjes, BEE de 20428",,Botany,L.1416120,,,,15f819bd-6612-4447-854b-14d12ee1022d,https://data.biodiversitydata.nl/naturalis/specimen/L.1416120,,,https://medialib.naturalis.nl/file/id/L.1416120/format/large
2592268162,Cyrtosperma merkusii,Cyrtosperma merkusii (Hassk.) Schott,Cyrtosperma merkusii (Hassk.) Schott,ACCEPTED,PRESERVED_SPECIMEN,1985-08-25,1985,PF,,"Society Islands - Maupiti I. Second valley of Faranai, Vaitia District.",,,,,J. Morris,16,US,US,US 3144581,,,NMNH Extant Biology,821cc27a-e3bb-4bc5-ac34-89ada245069d,http://n2t.net/ark:/65665/38b024bf5-6033-4fc7-83c7-ff9dba7242be,,CONTINENT_INVALID;CONTINENT_DERIVED_FROM_COUNTRY;OCCURRENCE_STATUS_INFERRED_FROM_INDIVIDUAL_COUNT,https://collections.nmnh.si.edu/media/?i=14392270&h=2000
2513713983,Cyrtosperma merkusii,Cyrtosperma merkusii (Hassk.) Schott,Cyrtosperma merkusii (Hassk.) Schott,ACCEPTED,PRESERVED_SPECIMEN,1985-09-08,1985,MY,,"Tasek Bera, Pahang.",,,,,Gianno R,"Gianno, R A 550",,Botany,L.1416115,,,,15f819bd-6612-4447-854b-14d12ee1022d,https://data.biodiversitydata.nl/naturalis/specimen/L.1416115,,,https://medialib.naturalis.nl/file/id/L.1416115/format/large
2513716908,Cyrtosperma merkusii,Cyrtosperma merkusii (Hassk.) Schott,Cyrtosperma merkusii (Hassk.) Schott,ACCEPTED,PRESERVED_SPECIMEN,1985-09-08,1985,MY,,"Tasek Bera, Pahang.",,,,,Gianno R,"Gianno, R A 550",,Botany,L.1416116,,,,15f819bd-6612-4447-854b-14d12ee1022d,https://data.biodiversitydata.nl/naturalis/specimen/L.1416116,,,https://medialib.naturalis.nl/file/id/L.1416116/format/large
5004417494,Cyrtosperma merkusii,Cyrtosperma merkusii (Hassk.) Schott,Cyrtosperma merkusii (Hassk.) Schott,ACCEPTED,PRESERVED_SPECIMEN,1985-11-19,1985,TK,,"Tokelau, Atafu, on one of the motus on the south reef.",-8.57694,-172.48833,2000.0,,"Whistler,A. 5752",5752,W,Herbarium W,0254599,,A. Whistler,,7f5260c2-f762-11e1-a439-00145eb45e9a,https://w.jacq.org/W0254599,,CONTINENT_DERIVED_FROM_COORDINATES;INSTITUTION_MATCH_FUZZY;COLLECTION_MATCH_FUZZY,https://object.jacq.org/europeana/W/1593388.jpg
1090262543,Cyrtosperma merkusii,Cyrtosperma lasioides Griff.,Cyrtosperma merkusii (Hassk.) Schott,SYNONYM,PRESERVED_SPECIMEN,1988-05-10,1988,MY,,"Malaya, Johore, Mersing FR, Keluang Rd., Sungei Air Hitam, ~40 km from Mersing",,,,,"Stone, B.C.",Collector Number: 16071,BPBM,BISH,584380,,,Herbarium Pacificum World Specimens,b929f23d-290f-4e85-8f17-764c55b3b284,1657bce0-76b2-48ef-a2dd-728eb7f2d994,,CONTINENT_DERIVED_FROM_COUNTRY;INSTITUTION_MATCH_FUZZY;COLLECTION_MATCH_FUZZY,
3865425851,Cyrtosperma merkusii,Cyrtosperma lasioides Griff.,Cyrtosperma merkusii (Hassk.) Schott,SYNONYM,PRESERVED_SPECIMEN,1988-05-19,1988,MY,Johor,"Mersing Forest Reserve, Keluang-Mersing Road, at Sungei Air Hitam, 40 kilometers from Mersing",2.3014,103.7812,16587.0,,Benjamin C. Stone,16071,ANSP,PH,PH00194610,,,,f873ef66-231a-4ea3-bd4d-a16f182bf337,70f970b6-0fb4-4f87-93e6-d12276131b3e,https://midatlanticherbaria.org/portal/collections/individual/index.php?occid=21700694,CONTINENT_DERIVED_FROM_COORDINATES;TAXON_ID_NOT_FOUND;INSTITUTION_MATCH_FUZZY,https://ans-images.ansp.org/botany/PH2/Fullsize/00194/PH00194610.jpg
5956603325,Cyrtosperma merkusii,Cyrtosperma lasioides Griff.,Cyrtosperma merkusii (Hassk.) Schott,SYNONYM,PRESERVED_SPECIMEN,1988-05-10,1988,MY,,"Malaya, Johore, Mersing FR, Keluang Rd., Sungei Air Hitam, ~40 km from Mersing",,,,,"Stone, B.C.",16071,BISH,,584380,NotAType,,,cfb43618-1423-4031-b3ff-fbd2c264f48b,584380,https://pacific.symbiota.org/portal/collections/individual/index.php?occid=1488825,CONTINENT_DERIVED_FROM_COUNTRY;TAXON_ID_NOT_FOUND;INSTITUTION_MATCH_NONE,https://editedimages.s3-accelerate.amazonaws.com/BISH1170753.webp
4602018322,Cyrtosperma merkusii,Cyrtosperma merkusii (Hassk.) Schott,Cyrtosperma merkusii (Hassk.) Schott,ACCEPTED,PRESERVED_SPECIMEN,1989-06-05T00:00,1989,BN,,Trail from Teraja to Ridan longhouse.,,,,,"Wong, K.M.",1003,K,Herbarium,K002555879,,,,cd6e21c8-9e8a-493a-8a76-fbf7862069e5,http://specimens.kew.org/herbarium/K002555879,,CONTINENT_DERIVED_FROM_COUNTRY;INSTITUTION_MATCH_FUZZY;INSTITUTION_COLLECTION_MISMATCH,https://d2jcv3kl45hlgi.cloudfront.net/447a9472d00a713047c24f8857c76535.jpg
4602021329,Cyrtosperma merkusii,Cyrtosperma merkusii (Hassk.) Schott,Cyrtosperma merkusii (Hassk.) Schott,ACCEPTED,PRESERVED_SPECIMEN,1989-06-05T00:00,1989,BN,,Trail from Teraja to Ridan longhouse.,,,,,"Wong, K.M.",1003,K,Herbarium,K002555880,,,,cd6e21c8-9e8a-493a-8a76-fbf7862069e5,http://specimens.kew.org/herbarium/K002555880,,CONTINENT_DERIVED_FROM_COUNTRY;INSTITUTION_MATCH_FUZZY;INSTITUTION_COLLECTION_MISMATCH,https://d2jcv3kl45hlgi.cloudfront.net/42f8f13f4e658b4486e0f211634e2e48.jpg
1091287245,Cyrtosperma merkusii,Cyrtosperma chamissonis (Schott) Merr.,Cyrtosperma merkusii (Hassk.) Schott,SYNONYM,PRESERVED_SPECIMEN,1990-01-12,1990,CK,,,,,,80.0,Bill Sykes,,CHR,CHR,CHR 466797,,William R. Sykes,,df582950-3b58-11dc-8c19-b8a03c50a862,D03C4404-BA25-46FE-911B-2E070B060513,https://scd.landcareresearch.co.nz/Specimen/CHR_466797,CONTINENT_DERIVED_FROM_COUNTRY;INSTITUTION_MATCH_FUZZY;COLLECTION_MATCH_FUZZY,
2592229706,Cyrtosperma merkusii,Cyrtosperma merkusii (Hassk.) Schott,Cyrtosperma merkusii (Hassk.) Schott,ACCEPTED,PRESERVED_SPECIMEN,1990-01-05/1990-01-06,1990,FM,Pohnpei,"The Caroline Islands. Rain forest along trail to the cloud forest of Mt. Nanaland, Kiti District.",,,,,A. Rinehart,LR 19651,US,US,US 3296846,,,NMNH Extant Biology,821cc27a-e3bb-4bc5-ac34-89ada245069d,http://n2t.net/ark:/65665/358cd8be3-e174-442d-9aae-d7ce60917ee5,,CONTINENT_INVALID;CONTINENT_DERIVED_FROM_COUNTRY;OCCURRENCE_STATUS_INFERRED_FROM_INDIVIDUAL_COUNT,https://collections.nmnh.si.edu/media/?i=14403001&h=2000
1091175842,Cyrtosperma merkusii,Cyrtosperma chamissonis (Schott) Merr.,Cyrtosperma merkusii (Hassk.) Schott,SYNONYM,PRESERVED_SPECIMEN,1990-02-01,1990,CK,,,,,,100.0,Bill Sykes,,CHR,CHR,CHR 467677,,William R. Sykes,,df582950-3b58-11dc-8c19-b8a03c50a862,57630259-B418-4A7C-874D-B2C16D091805,https://scd.landcareresearch.co.nz/Specimen/CHR_467677,CONTINENT_DERIVED_FROM_COUNTRY;INSTITUTION_MATCH_FUZZY;COLLECTION_MATCH_FUZZY,
1091117951,Cyrtosperma merkusii,Cyrtosperma merkusii (Hassk.) Schott,Cyrtosperma merkusii (Hassk.) Schott,ACCEPTED,PRESERVED_SPECIMEN,1991-07-24,1991,CK,,,,,,,Bill Sykes,,CHR,CHR,CHR 474650,,William R. Sykes,,df582950-3b58-11dc-8c19-b8a03c50a862,18C7D1C3-844A-4932-9220-3B5CC4CB40B1,https://scd.landcareresearch.co.nz/Specimen/CHR_474650,CONTINENT_DERIVED_FROM_COUNTRY;INSTITUTION_MATCH_FUZZY;COLLECTION_MATCH_FUZZY,
1229423997,Cyrtosperma merkusii,Cyrtosperma merkusii (Hassk.) Schott,Cyrtosperma merkusii (Hassk.) Schott,ACCEPTED,PRESERVED_SPECIMEN,1991-08-01,1991,CK,,,,,,3.0,CM Luttrell|A Henry|E Henry,313,CHR,CHR,CHR 640299,,William R. Sykes,,df582950-3b58-11dc-8c19-b8a03c50a862,71FB788D-142A-4872-92C7-25EA7481AAFA,https://scd.landcareresearch.co.nz/Specimen/CHR_640299,CONTINENT_DERIVED_FROM_COUNTRY;INSTITUTION_MATCH_FUZZY;COLLECTION_MATCH_FUZZY,
1090321063,Cyrtosperma merkusii,Cyrtosperma chamissonis (Schott) Merr.,Cyrtosperma merkusii (Hassk.) Schott,SYNONYM,PRESERVED_SPECIMEN,1991-09-28,1991,FJ,,Lau,,,,,"McClatchey, W.C.",Collector Number: 63,BPBM,BISH,638029,,,Herbarium Pacificum World Specimens,b929f23d-290f-4e85-8f17-764c55b3b284,12f1e402-c59d-4721-ab0d-b833899baf85,,CONTINENT_DERIVED_FROM_COUNTRY;INSTITUTION_MATCH_FUZZY;COLLECTION_MATCH_FUZZY,
4912253432,Cyrtosperma merkusii,Cyrtosperma chamissonis (Schott) Merr.,Cyrtosperma merkusii (Hassk.) Schott,SYNONYM,PRESERVED_SPECIMEN,1991-09-28,1991,FJ,,"Lau, Rotuma.",,,,8.0,W. C. McClatchey,63,BRY,V,BRYV0025535,,,,e5b8f927-9763-418c-a404-6bf052d14b1a,EA42E4A3-A78D-428F-8A92-8E7521AC9DED,https://intermountainbiota.org/portal/collections/individual/index.php?occid=3896157,CONTINENT_DERIVED_FROM_COUNTRY;TAXON_ID_NOT_FOUND;INSTITUTION_MATCH_FUZZY;COLLECTION_MATCH_FUZZY,https://bry.byu.edu/Herbarium/imgbry/00/0025/BRYV0025535_lg.jpg
5956434794,Cyrtosperma merkusii,Cyrtosperma chamissonis (Schott) Merr.,Cyrtosperma merkusii (Hassk.) Schott,SYNONYM,PRESERVED_SPECIMEN,1991-09-28,1991,FJ,,Lau,,,,8.0,"McClatchey, W.C.",63,BISH,,638029,NotAType,,,cfb43618-1423-4031-b3ff-fbd2c264f48b,638029,https://pacific.symbiota.org/portal/collections/individual/index.php?occid=1532060,CONTINENT_DERIVED_FROM_COUNTRY;TAXON_ID_NOT_FOUND;INSTITUTION_MATCH_NONE,
1897651515,Cyrtosperma merkusii,Cyrtosperma merkusii (Hassk.) Schott,Cyrtosperma merkusii (Hassk.) Schott,ACCEPTED,PRESERVED_SPECIMEN,1991-10-29,1991,FJ,,,-17.3,177.116667,1000.0,,R O Gardner,,AK,AK,AK206442,,,,83ae84cf-88e4-4b5c-80b2-271a15a3e0fc,urn:catalog:AK:AK:AK206442,http://www.aucklandmuseum.com/discover/collections/record/313107,COORDINATE_ROUNDED;COUNTRY_INVALID;CONTINENT_DERIVED_FROM_COORDINATES;MULTIMEDIA_URI_INVALID;AMBIGUOUS_COLLECTION;INSTITUTION_MATCH_FUZZY,
2592218174,Cyrtosperma merkusii,Cyrtosperma merkusii (Hassk.) Schott,Cyrtosperma merkusii (Hassk.) Schott,ACCEPTED,PRESERVED_SPECIMEN,1992-04-15,1992,PW,,The Caroline Islands. In a taro patch along north end of airstrip.,,,,1.0,A. Rinehart,LR 23268,US,US,US 3296845,,,NMNH Extant Biology,821cc27a-e3bb-4bc5-ac34-89ada245069d,http://n2t.net/ark:/65665/32b0d2690-c2c6-4a35-8f89-eb64a1fb1fc4,,CONTINENT_INVALID;CONTINENT_DERIVED_FROM_COUNTRY;OCCURRENCE_STATUS_INFERRED_FROM_INDIVIDUAL_COUNT,https://collections.nmnh.si.edu/media/?i=14405398&h=2000
36321967,Cyrtosperma merkusii,Cyrtosperma chamissonis (Schott) Merr.,Cyrtosperma merkusii (Hassk.) Schott,SYNONYM,PRESERVED_SPECIMEN,1992-06-04,1992,PW,Belau Outliers,Tobi,,,,,"Kepler, A.K.",Collector Number: 92-90,BPBM,BISH,625690,,"Herbst, D.R.",Herbarium Pacificum World Specimens,b929f23d-290f-4e85-8f17-764c55b3b284,423c7f66-d0e8-4621-bbb5-225a6ad40575,,CONTINENT_DERIVED_FROM_COUNTRY;INSTITUTION_MATCH_FUZZY;COLLECTION_MATCH_FUZZY,
36322098,Cyrtosperma merkusii,Cyrtosperma chamissonis (Schott) Merr.,Cyrtosperma merkusii (Hassk.) Schott,SYNONYM,PRESERVED_SPECIMEN,1992-06-04,1992,PW,Belau Outliers,Tobi,,,,,"Kepler, A.K.",Collector Number: 92-90,BPBM,BISH,625691,,"Herbst, D.R.",Herbarium Pacificum World Specimens,b929f23d-290f-4e85-8f17-764c55b3b284,9f9f1137-6ab7-4227-91a7-00add9f0683c,,CONTINENT_DERIVED_FROM_COUNTRY;INSTITUTION_MATCH_FUZZY;COLLECTION_MATCH_FUZZY,
36338861,Cyrtosperma merkusii,Cyrtosperma chamissonis (Schott) Merr.,Cyrtosperma merkusii (Hassk.) Schott,SYNONYM,PRESERVED_SPECIMEN,1992-06-04,1992,PW,,Tobi Island,,,,,"Kepler, A.K.",Collector Number: 92-90,BPBM,BISH,625890,,"Herbst, D.R.",Herbarium Pacificum World Specimens,b929f23d-290f-4e85-8f17-764c55b3b284,58d62410-0ffc-4eb0-a35e-770fd4b02ea1,,CONTINENT_DERIVED_FROM_COUNTRY;INSTITUTION_MATCH_FUZZY;COLLECTION_MATCH_FUZZY,
2592298427,Cyrtosperma merkusii,Cyrtosperma merkusii (Hassk.) Schott,Cyrtosperma merkusii (Hassk.) Schott,ACCEPTED,PRESERVED_SPECIMEN,1992-06-04,1992,PW,Belau Outliers,Belau Outliers: Tobi Island.,,,,,A. K. Kepler,92-90,US,US,US 3273832,,,NMNH Extant Biology,821cc27a-e3bb-4bc5-ac34-89ada245069d,http://n2t.net/ark:/65665/3de392e65-0229-40be-8635-6afc9019ab00,,CONTINENT_INVALID;CONTINENT_DERIVED_FROM_COUNTRY;OCCURRENCE_STATUS_INFERRED_FROM_INDIVIDUAL_COUNT,https://collections.nmnh.si.edu/media/?i=14414061&h=2000
5956347788,Cyrtosperma merkusii,Cyrtosperma chamissonis (Schott) Merr.,Cyrtosperma merkusii (Hassk.) Schott,SYNONYM,PRESERVED_SPECIMEN,1992-06-04,1992,PW,,Tobi Island,,,,1.0,"Kepler, A.K.",92-90,BISH,,625890,NotAType,"Herbst, D.R.",,cfb43618-1423-4031-b3ff-fbd2c264f48b,625890,https://pacific.symbiota.org/portal/collections/individual/index.php?occid=1520825,CONTINENT_DERIVED_FROM_COUNTRY;TAXON_ID_NOT_FOUND;IDENTIFIED_DATE_INVALID;INSTITUTION_MATCH_NONE,
5956567559,Cyrtosperma merkusii,Cyrtosperma chamissonis (Schott) Merr.,Cyrtosperma merkusii (Hassk.) Schott,SYNONYM,PRESERVED_SPECIMEN,1992-06-04,1992,PW,Belau Outliers,Tobi,,,,1.0,"Kepler, A.K.",92-90,BISH,,625691,NotAType,"Herbst, D.R.",,cfb43618-1423-4031-b3ff-fbd2c264f48b,625691,https://pacific.symbiota.org/portal/collections/individual/index.php?occid=1770775,CONTINENT_DERIVED_FROM_COUNTRY;TAXON_ID_NOT_FOUND;IDENTIFIED_DATE_INVALID;INSTITUTION_MATCH_NONE,
5956657122,Cyrtosperma merkusii,Cyrtosperma chamissonis (Schott) Merr.,Cyrtosperma merkusii (Hassk.) Schott,SYNONYM,PRESERVED_SPECIMEN,1992-06-04,1992,PW,Belau Outliers,Tobi,,,,1.0,"Kepler, A.K.",92-90,BISH,,625690,NotAType,"Herbst, D.R.",,cfb43618-1423-4031-b3ff-fbd2c264f48b,625690,https://pacific.symbiota.org/portal/collections/individual/index.php?occid=1520685,CONTINENT_DERIVED_FROM_COUNTRY;TAXON_ID_NOT_FOUND;IDENTIFIED_DATE_INVALID;INSTITUTION_MATCH_NONE,
1090293211,Cyrtosperma merkusii,Cyrtosperma merkusii (Hassk.) Schott,Cyrtosperma merkusii (Hassk.) Schott,ACCEPTED,PRESERVED_SPECIMEN,1993-01-20,1993,PG,Morobe Province,"N of the Busu River on Kumbok Mt., along 4WD track between Gwabadik (Gobadik on old maps) and Gawam",-6.55,146.817,,,"Takeuchi, W.N.",Collector Number: 8669,BPBM,BISH,734361,,W.N.Takeuchi,Herbarium Pacificum World Specimens,b929f23d-290f-4e85-8f17-764c55b3b284,7f6bc8c9-9cfa-4cef-a3ba-96f8fe5c8f45,,GEODETIC_DATUM_ASSUMED_WGS84;CONTINENT_DERIVED_FROM_COORDINATES;PRESUMED_NEGATED_LONGITUDE;INSTITUTION_MATCH_FUZZY;COLLECTION_MATCH_FUZZY,
1090367640,Cyrtosperma merkusii,Cyrtosperma merkusii (Hassk.) Schott,Cyrtosperma merkusii (Hassk.) Schott,ACCEPTED,PRESERVED_SPECIMEN,1993-01-20,1993,PG,Morobe Province,"N of the Busu River on Kumbok Mt., along 4WD track between Gwabadik (Gobadik on old maps) and Gawam",-6.55,146.817,,,"Takeuchi, W.N.",Collector Number: 8669,BPBM,BISH,734362,,W.N.Takeuchi,Herbarium Pacificum World Specimens,b929f23d-290f-4e85-8f17-764c55b3b284,69b1ad7f-b821-429f-85a0-ef49f32182ce,,GEODETIC_DATUM_ASSUMED_WGS84;CONTINENT_DERIVED_FROM_COORDINATES;PRESUMED_NEGATED_LONGITUDE;INSTITUTION_MATCH_FUZZY;COLLECTION_MATCH_FUZZY,
1998345789,Cyrtosperma merkusii,Cyrtosperma merkusii (Hassk.) Schott,Cyrtosperma merkusii (Hassk.) Schott,ACCEPTED,PRESERVED_SPECIMEN,1993-01-20,1993,PG,Morobe,N of the Busu River on Kumbok Mt. (along 4WD track between Gwabadik (Gobadik on old maps) and Gawam),-6.55,146.816667,,,W. N. Takeuchi,8669,A,A,barcode-01655810,,,Harvard University Herbaria: All Records,861e6afe-f762-11e1-a439-00145eb45e9a,0a1f2732-3e02-4b5b-93b2-6516bc45fa2c,http://data.huh.harvard.edu/0a1f2732-3e02-4b5b-93b2-6516bc45fa2c/image,COORDINATE_ROUNDED;GEODETIC_DATUM_INVALID;GEODETIC_DATUM_ASSUMED_WGS84,https://s3.amazonaws.com/huhspecimenimages/JPG/01655810.jpg;https://s3.amazonaws.com/huhspecimenimages/JPG/01655811.jpg;https://s3.amazonaws.com/huhspecimenimages/JPG/01655812.jpg
1998518476,Cyrtosperma merkusii,Cyrtosperma merkusii (Hassk.) Schott,Cyrtosperma merkusii (Hassk.) Schott,ACCEPTED,PRESERVED_SPECIMEN,1993-01-20,1993,PG,Morobe,N of the Busu River on Kumbok Mt. (along 4WD track between Gwabadik (Gobadik on old maps) and Gawam),-6.55,146.816667,,,W. N. Takeuchi,8669,A,A,barcode-01655812,,,Harvard University Herbaria: All Records,861e6afe-f762-11e1-a439-00145eb45e9a,30d3fb7d-e778-4bad-b88b-aacefe57809a,http://data.huh.harvard.edu/30d3fb7d-e778-4bad-b88b-aacefe57809a/image,COORDINATE_ROUNDED;GEODETIC_DATUM_INVALID;GEODETIC_DATUM_ASSUMED_WGS84,https://s3.amazonaws.com/huhspecimenimages/JPG/01655810.jpg;https://s3.amazonaws.com/huhspecimenimages/JPG/01655811.jpg;https://s3.amazonaws.com/huhspecimenimages/JPG/01655812.jpg
1998580954,Cyrtosperma merkusii,Cyrtosperma merkusii (Hassk.) Schott,Cyrtosperma merkusii (Hassk.) Schott,ACCEPTED,PRESERVED_SPECIMEN,1993-01-20,1993,PG,Morobe,N of the Busu River on Kumbok Mt. (along 4WD track between Gwabadik (Gobadik on old maps) and Gawam),-6.55,146.816667,,,W. N. Takeuchi,8669,A,A,barcode-01655811,,,Harvard University Herbaria: All Records,861e6afe-f762-11e1-a439-00145eb45e9a,3ee3e111-83fd-4714-9bd7-40a3308449aa,http://data.huh.harvard.edu/3ee3e111-83fd-4714-9bd7-40a3308449aa/image,COORDINATE_ROUNDED;GEODETIC_DATUM_INVALID;GEODETIC_DATUM_ASSUMED_WGS84,https://s3.amazonaws.com/huhspecimenimages/JPG/01655810.jpg;https://s3.amazonaws.com/huhspecimenimages/JPG/01655811.jpg;https://s3.amazonaws.com/huhspecimenimages/JPG/01655812.jpg
5956248359,Cyrtosperma merkusii,Cyrtosperma merkusii (Hassk.) Schott,Cyrtosperma merkusii (Hassk.) Schott,ACCEPTED,PRESERVED_SPECIMEN,1993-01-20,1993,PG,Morobe Province,"N of the Busu River on Kumbok Mt., along 4WD track between Gwabadik (Gobadik on old maps) and Gawam",,,,400.0,"Takeuchi, W.N.",8669,BISH,,734362,NotAType,"Takeuchi, W.N.",,cfb43618-1423-4031-b3ff-fbd2c264f48b,734362,https://pacific.symbiota.org/portal/collections/individual/index.php?occid=1615699,CONTINENT_DERIVED_FROM_COUNTRY;TAXON_ID_NOT_FOUND;IDENTIFIED_DATE_INVALID;INSTITUTION_MATCH_NONE,https://editedimages.s3-accelerate.amazonaws.com/BISH1014110.webp
5956371884,Cyrtosperma merkusii,Cyrtosperma merkusii (Hassk.) Schott,Cyrtosperma merkusii (Hassk.) Schott,ACCEPTED,PRESERVED_SPECIMEN,1993-01-20,1993,PG,Morobe Province,"N of the Busu River on Kumbok Mt., along 4WD track between Gwabadik (Gobadik on old maps) and Gawam",,,,400.0,"Takeuchi, W.N.",8669,BISH,,734361,NotAType,"Takeuchi, W.N.",,cfb43618-1423-4031-b3ff-fbd2c264f48b,734361,https://pacific.symbiota.org/portal/collections/individual/index.php?occid=1615698,CONTINENT_DERIVED_FROM_COUNTRY;TAXON_ID_NOT_FOUND;IDENTIFIED_DATE_INVALID;INSTITUTION_MATCH_NONE,https://editedimages.s3-accelerate.amazonaws.com/BISH1014109.webp
1091169027,Cyrtosperma merkusii,Cyrtosperma merkusii (Hassk.) Schott,Cyrtosperma merkusii (Hassk.) Schott,ACCEPTED,PRESERVED_SPECIMEN,1993-07-07,1993,CK,Penrhyn,,,,,,Bill Sykes,4165/CI,CHR,CHR,CHR 498850 C,,William R. Sykes,,df582950-3b58-11dc-8c19-b8a03c50a862,50159FFB-69B5-4A0B-9287-4C670D57AB8F,https://scd.landcareresearch.co.nz/Specimen/CHR_498850_C,CONTINENT_DERIVED_FROM_COUNTRY;INSTITUTION_MATCH_FUZZY;COLLECTION_MATCH_FUZZY,
1091194054,Cyrtosperma merkusii,Cyrtosperma merkusii (Hassk.) Schott,Cyrtosperma merkusii (Hassk.) Schott,ACCEPTED,PRESERVED_SPECIMEN,1993-07-07,1993,CK,Penrhyn,,,,,,Bill Sykes,4165/CI,CHR,CHR,CHR 498850 A,,William R. Sykes,,df582950-3b58-11dc-8c19-b8a03c50a862,6B0F11AF-8A56-4FB5-BC0B-B1E39D373644,https://scd.landcareresearch.co.nz/Specimen/CHR_498850_A,CONTINENT_DERIVED_FROM_COUNTRY;INSTITUTION_MATCH_FUZZY;COLLECTION_MATCH_FUZZY,
1091219283,Cyrtosperma merkusii,Cyrtosperma merkusii (Hassk.) Schott,Cyrtosperma merkusii (Hassk.) Schott,ACCEPTED,PRESERVED_SPECIMEN,1993-07-07,1993,CK,Penrhyn,,,,,,Bill Sykes,4165/CI,CHR,CHR,CHR 498850 B,,William R. Sykes,,df582950-3b58-11dc-8c19-b8a03c50a862,8667E27D-0FA6-4871-A99D-FE1796984707,https://scd.landcareresearch.co.nz/Specimen/CHR_498850_B,CONTINENT_DERIVED_FROM_COUNTRY;INSTITUTION_MATCH_FUZZY;COLLECTION_MATCH_FUZZY,
4602166337,Cyrtosperma merkusii,Cyrtosperma merkusii (Hassk.) Schott,Cyrtosperma merkusii (Hassk.) Schott,ACCEPTED,PRESERVED_SPECIMEN,1993-10-14T00:00,1993,PG,,"Under ridge south of Hak-Uk divide, Hak Valley; District: Telefomin",,,,820.0,Morren,3002,K,Herbarium,K002555904,,,,cd6e21c8-9e8a-493a-8a76-fbf7862069e5,http://specimens.kew.org/herbarium/K002555904,,CONTINENT_DERIVED_FROM_COUNTRY;INSTITUTION_MATCH_FUZZY;INSTITUTION_COLLECTION_MISMATCH,https://d2jcv3kl45hlgi.cloudfront.net/f2766f22cd18fbf3adc2842584614c52.jpg
36322073,Cyrtosperma merkusii,Cyrtosperma merkusii (Hassk.) Schott,Cyrtosperma merkusii (Hassk.) Schott,ACCEPTED,PRESERVED_SPECIMEN,1993-12-28,1993,FM,,SSW of Topful,,,,,"Hernandez, T.",Collector Number: LR 25465,BPBM,BISH,694857,,D.Lorence,Herbarium Pacificum World Specimens,b929f23d-290f-4e85-8f17-764c55b3b284,a2216a55-04f3-4cf8-af14-95040cac08b8,,CONTINENT_DERIVED_FROM_COUNTRY;INSTITUTION_MATCH_FUZZY;COLLECTION_MATCH_FUZZY,
2592227177,Cyrtosperma merkusii,Cyrtosperma merkusii (Hassk.) Schott,Cyrtosperma merkusii (Hassk.) Schott,ACCEPTED,PRESERVED_SPECIMEN,1993-12-23,1993,FM,Pohnpei,The Caroline Islands. Mid-level rain forest above Liduhduhniap Falls.,,,,,A. Rinehart,LR 25355,US,US,US 3370056,,,NMNH Extant Biology,821cc27a-e3bb-4bc5-ac34-89ada245069d,http://n2t.net/ark:/65665/34eaebe45-e3b5-450f-9ba5-5cf89d2e5732,,CONTINENT_INVALID;CONTINENT_DERIVED_FROM_COUNTRY;OCCURRENCE_STATUS_INFERRED_FROM_INDIVIDUAL_COUNT,https://collections.nmnh.si.edu/media/?i=14415962&h=2000
5956381655,Cyrtosperma merkusii,Cyrtosperma merkusii (Hassk.) Schott,Cyrtosperma merkusii (Hassk.) Schott,ACCEPTED,PRESERVED_SPECIMEN,1993-12-28,1993,FM,,SSW of Topful,,,,5.0,"Hernandez, T.",LR 25465,BISH,,694857,NotAType,"Lorence, D.H.",,cfb43618-1423-4031-b3ff-fbd2c264f48b,694857,https://pacific.symbiota.org/portal/collections/individual/index.php?occid=1577265,CONTINENT_DERIVED_FROM_COUNTRY;TAXON_ID_NOT_FOUND;INSTITUTION_MATCH_NONE,
4602015336,Cyrtosperma merkusii,Cyrtosperma merkusii (Hassk.) Schott,Cyrtosperma merkusii (Hassk.) Schott,ACCEPTED,PRESERVED_SPECIMEN,1994-03-02T00:00,1994,MY,,"6th Division. Sibu, Durin, road to Sarikei, c 1 km after ferry across Batang Rajang.",,,,,"Boyce, P.C.",746,K,Herbarium,K002555894,,,,cd6e21c8-9e8a-493a-8a76-fbf7862069e5,http://specimens.kew.org/herbarium/K002555894,,CONTINENT_DERIVED_FROM_COUNTRY;INSTITUTION_MATCH_FUZZY;INSTITUTION_COLLECTION_MISMATCH,https://d2jcv3kl45hlgi.cloudfront.net/cf0b9c9a3e0b0b68b02a44d2429c97ec.jpg
4602017381,Cyrtosperma merkusii,Cyrtosperma merkusii (Hassk.) Schott,Cyrtosperma merkusii (Hassk.) Schott,ACCEPTED,PRESERVED_SPECIMEN,1994-03-04T00:00,1994,MY,,"6th Division. Sibu, Durin, road to Sarikei, c.1 km after ferry across Batang Rajang.",,,,,"Boyce, P.C.",746,K,Herbarium,K002555893,,,,cd6e21c8-9e8a-493a-8a76-fbf7862069e5,http://specimens.kew.org/herbarium/K002555893,,CONTINENT_DERIVED_FROM_COUNTRY;INSTITUTION_MATCH_FUZZY;INSTITUTION_COLLECTION_MISMATCH,https://d2jcv3kl45hlgi.cloudfront.net/c9cb23074674d6a8e25297168a3b499c.jpg
4602023362,Cyrtosperma merkusii,Cyrtosperma merkusii (Hassk.) Schott,Cyrtosperma merkusii (Hassk.) Schott,ACCEPTED,PRESERVED_SPECIMEN,1994-03-04T00:00,1994,MY,,"6th Division. Sibu, Durin road to Sarikei, c 1 km after ferry across Batang Rajang.",,,,,"Boyce, P.C.",746,K,Herbarium,K002555888,,,,cd6e21c8-9e8a-493a-8a76-fbf7862069e5,http://specimens.kew.org/herbarium/K002555888,,CONTINENT_DERIVED_FROM_COUNTRY;INSTITUTION_MATCH_FUZZY;INSTITUTION_COLLECTION_MISMATCH,https://d2jcv3kl45hlgi.cloudfront.net/5a8e4f0ca13ccb0563c79f89e5b12638.jpg
4602023363,Cyrtosperma merkusii,Cyrtosperma merkusii (Hassk.) Schott,Cyrtosperma merkusii (Hassk.) Schott,ACCEPTED,PRESERVED_SPECIMEN,1994-03-04T00:00,1994,MY,,"6th Division. Sibu, Durin, road to Sarikei, c.1 km after ferry across Batang Rajang.",,,,,"Boyce, P.C.",746,K,Herbarium,K002555891,,,,cd6e21c8-9e8a-493a-8a76-fbf7862069e5,http://specimens.kew.org/herbarium/K002555891,,CONTINENT_DERIVED_FROM_COUNTRY;INSTITUTION_MATCH_FUZZY;INSTITUTION_COLLECTION_MISMATCH,https://d2jcv3kl45hlgi.cloudfront.net/12fef027a6d68731bc8ecfeef48b6dd6.jpg
4602165326,Cyrtosperma merkusii,Cyrtosperma merkusii (Hassk.) Schott,Cyrtosperma merkusii (Hassk.) Schott,ACCEPTED,PRESERVED_SPECIMEN,1994-03-04T00:00,1994,MY,,"6th Division. Sibu, Durin, road to Sarikei, c. 1 km after ferry across Batang Rajang.",,,,,"Boyce, P.C.",746,K,Herbarium,K002555890,,,,cd6e21c8-9e8a-493a-8a76-fbf7862069e5,http://specimens.kew.org/herbarium/K002555890,,CONTINENT_DERIVED_FROM_COUNTRY;INSTITUTION_MATCH_FUZZY;INSTITUTION_COLLECTION_MISMATCH,https://d2jcv3kl45hlgi.cloudfront.net/f64882ca48cca0bcea5651b0bff2a59f.jpg
4602166335,Cyrtosperma merkusii,Cyrtosperma merkusii (Hassk.) Schott,Cyrtosperma merkusii (Hassk.) Schott,ACCEPTED,PRESERVED_SPECIMEN,1994-03-04T00:00,1994,MY,,"6th Division. Sibu, Durin, road to Sarikei, c. 1 km after ferry across Batang Rajang.",,,,,"Boyce, P.C.",746,K,Herbarium,K002555889,,,,cd6e21c8-9e8a-493a-8a76-fbf7862069e5,http://specimens.kew.org/herbarium/K002555889,,CONTINENT_DERIVED_FROM_COUNTRY;INSTITUTION_MATCH_FUZZY;INSTITUTION_COLLECTION_MISMATCH,https://d2jcv3kl45hlgi.cloudfront.net/1819f8b6c8b3256d2418517cb441539d.jpg
4602166336,Cyrtosperma merkusii,Cyrtosperma merkusii (Hassk.) Schott,Cyrtosperma merkusii (Hassk.) Schott,ACCEPTED,PRESERVED_SPECIMEN,1994-03-04T00:00,1994,MY,,"6th Division. Sibu, Durin, road to Sarikei, c.1 km after ferry across Batang Rajang.",,,,,"Boyce, P.C.",746,K,Herbarium,K002555892,,,,cd6e21c8-9e8a-493a-8a76-fbf7862069e5,http://specimens.kew.org/herbarium/K002555892,,CONTINENT_DERIVED_FROM_COUNTRY;INSTITUTION_MATCH_FUZZY;INSTITUTION_COLLECTION_MISMATCH,https://d2jcv3kl45hlgi.cloudfront.net/540ed554d68f0c9c1f4e9a84b0c78668.jpg
1090338413,Cyrtosperma merkusii,Cyrtosperma chamissonis (Schott) Merr.,Cyrtosperma merkusii (Hassk.) Schott,SYNONYM,PRESERVED_SPECIMEN,1996-02-18,1996,PW,,"roadside, 4 km W of turnoff fm airport rd in Airai; rd W to Japan comm station",,,,,"Rinehart, A.F.",Collector Number: LR 26231,BPBM,BISH,649783,,"Herbst, D.R.",Herbarium Pacificum World Specimens,b929f23d-290f-4e85-8f17-764c55b3b284,d7a68e73-502f-4fbb-bd4d-cc91b507e602,,CONTINENT_DERIVED_FROM_COUNTRY;INSTITUTION_MATCH_FUZZY;COLLECTION_MATCH_FUZZY,
5956290269,Cyrtosperma merkusii,Cyrtosperma chamissonis (Schott) Merr.,Cyrtosperma merkusii (Hassk.) Schott,SYNONYM,PRESERVED_SPECIMEN,1996-02-18,1996,PW,,"roadside, 4 km W of turnoff fm airport rd in Airai; rd W to Japan comm station",,,,,"Rinehart, A.F.",LR 26231,BISH,,649783,NotAType,"Herbst, D.R.",,cfb43618-1423-4031-b3ff-fbd2c264f48b,649783,https://pacific.symbiota.org/portal/collections/individual/index.php?occid=1543109,CONTINENT_DERIVED_FROM_COUNTRY;TAXON_ID_NOT_FOUND;INSTITUTION_MATCH_NONE,
1091161454,Cyrtosperma merkusii,Cyrtosperma merkusii (Hassk.) Schott,Cyrtosperma merkusii (Hassk.) Schott,ACCEPTED,PRESERVED_SPECIMEN,1996-07-25,1996,CK,,,,,,,P Gardner,,CHR,CHR,CHR 542262,,Debby Redmond,,df582950-3b58-11dc-8c19-b8a03c50a862,47CD907E-4432-48F9-9A33-D84D196FBFDD,https://scd.landcareresearch.co.nz/Specimen/CHR_542262,CONTINENT_DERIVED_FROM_COUNTRY;INSTITUTION_MATCH_FUZZY;COLLECTION_MATCH_FUZZY,
1998852904,Cyrtosperma merkusii,Cyrtosperma merkusii (Hassk.) Schott,Cyrtosperma merkusii (Hassk.) Schott,ACCEPTED,PRESERVED_SPECIMEN,1996-11-11,1996,ID,Kalimantan Barat (West Kalimantan),"Ketapang. Gunung Palung National Park, Sungai Air Putih",,,,,"T. G. Laman, I. A. Rachman & E. Mirmanto",TL472,A,A,barcode-01655762,,,Harvard University Herbaria: All Records,861e6afe-f762-11e1-a439-00145eb45e9a,7c460501-9b3c-41c2-8d7d-28356f66345b,http://data.huh.harvard.edu/7c460501-9b3c-41c2-8d7d-28356f66345b/image,,https://s3.amazonaws.com/huhspecimenimages/JPG/01655761.jpg;https://s3.amazonaws.com/huhspecimenimages/JPG/01655762.jpg
1998953167,Cyrtosperma merkusii,Cyrtosperma merkusii (Hassk.) Schott,Cyrtosperma merkusii (Hassk.) Schott,ACCEPTED,PRESERVED_SPECIMEN,1996-11-11,1996,ID,Kalimantan Barat (West Kalimantan),"Ketapang. Gunung Palung National Park, Sungai Air Putih",,,,,"T. G. Laman, I. A. Rachman & E. Mirmanto",TL472,A,A,barcode-01655761,,,Harvard University Herbaria: All Records,861e6afe-f762-11e1-a439-00145eb45e9a,92c87d3b-dca1-4809-aa20-cc92b0beee67,http://data.huh.harvard.edu/92c87d3b-dca1-4809-aa20-cc92b0beee67/image,,https://s3.amazonaws.com/huhspecimenimages/JPG/01655761.jpg;https://s3.amazonaws.com/huhspecimenimages/JPG/01655762.jpg
4602024360,Cyrtosperma merkusii,Cyrtosperma merkusii (Hassk.) Schott,Cyrtosperma merkusii (Hassk.) Schott,ACCEPTED,PRESERVED_SPECIMEN,1997-03-20T00:00,1997,ID,,Road from desa Keai to Cagar alam Padang Luway,,,,10.0,Kessler; et al.,PK2208,K,Herbarium,K002555881,,,,cd6e21c8-9e8a-493a-8a76-fbf7862069e5,http://specimens.kew.org/herbarium/K002555881,,INSTITUTION_MATCH_FUZZY;INSTITUTION_COLLECTION_MISMATCH,https://d2jcv3kl45hlgi.cloudfront.net/eddc5f0799e90bc0ec5c672a4b40f976.jpg;https://d2jcv3kl45hlgi.cloudfront.net/955ada1272b66afc1bc21dada395cce7.jpg
4602015342,Cyrtosperma merkusii,Cyrtosperma merkusii (Hassk.) Schott,Cyrtosperma merkusii (Hassk.) Schott,ACCEPTED,PRESERVED_SPECIMEN,1998-05-09T00:00,1998,WS,,Ta'u; In the forest on Liu bench on the south side of the island,,,,325.0,"Whistler, W.A.",11064,K,Herbarium,K002555960,,,,cd6e21c8-9e8a-493a-8a76-fbf7862069e5,http://specimens.kew.org/herbarium/K002555960,,CONTINENT_DERIVED_FROM_COUNTRY;INSTITUTION_MATCH_FUZZY;INSTITUTION_COLLECTION_MISMATCH,https://d2jcv3kl45hlgi.cloudfront.net/23b70c82710389fa4807b3e684d15bf0.jpg
1930633488,Cyrtosperma merkusii,Cyrtosperma chamissonis (Schott) Merr.,Cyrtosperma merkusii (Hassk.) Schott,SYNONYM,PRESERVED_SPECIMEN,1998-08-19,1998,FM,Pohnpei,"U Municipality. Kepin Awak road, agroforestry field",6.958333,158.266667,,76.0,M. J. Balick,3906,NY,NY,191099,,M. J. Balick,Vascular plants,d415c253-4d61-4459-9d25-4015b9084fb0,cac2153e-8e12-44b1-82f1-6363925cbe05,http://sweetgum.nybg.org/science/vh/specimen_details.php?irn=603664,COORDINATE_ROUNDED;GEODETIC_DATUM_ASSUMED_WGS84;MODIFIED_DATE_INVALID,http://sweetgum.nybg.org/images3/3424/563/00191099.jpg
1099300974,Cyrtosperma merkusii,Cyrtosperma merkusii (Hassk.) Schott,Cyrtosperma merkusii (Hassk.) Schott,ACCEPTED,PRESERVED_SPECIMEN,1999-12-15,1999,BR,Rj,Sítio R. Burle Marx,,,,,E.R. Salviani & H. Lorenzi,812,JBP,HPL,652,,E.G. Gonçalves,,e153bbae-f9cd-46a6-a4dd-db74983c7075,https://specieslink.net/guid/281/652,https://specieslink.net/guid/281/652,CONTINENT_DERIVED_FROM_COUNTRY;TAXON_MATCH_FUZZY;INSTITUTION_MATCH_NONE,
1929088873,Cyrtosperma merkusii,Cyrtosperma chamissonis (Schott) Merr.,Cyrtosperma merkusii (Hassk.) Schott,SYNONYM,PRESERVED_SPECIMEN,2000-08-17,2000,FM,Pohnpei,Pihs,6.8667,158.2667,,24.0,M. J. Balick,4121,NY,NY,192376,,M. J. Balick,Vascular plants,d415c253-4d61-4459-9d25-4015b9084fb0,5d757b68-cfbb-411c-a65e-0e36b3683645,http://sweetgum.nybg.org/science/vh/specimen_details.php?irn=603665,GEODETIC_DATUM_ASSUMED_WGS84;MODIFIED_DATE_INVALID,http://sweetgum.nybg.org/images3/3424/576/00192376.jpg
883366763,Cyrtosperma merkusii,Cyrtosperma merkusii (Hassk.) Schott,Cyrtosperma merkusii (Hassk.) Schott,ACCEPTED,PRESERVED_SPECIMEN,2000-10-11,2000,DE,Bavaria,Munich,,,,,"Stockey, Ruth A.|Rothwell, Gar W.",00016,University of Alberta Museums,ALTA-VP,106077,,"Bogner, J.",University of Alberta Vascular Plant Herbarium (ALTA-VP),2429287b-ef65-4cfd-afcc-11cc3ba95cca,urn:catalog:ALTA-VP:106077,https://search.museums.ualberta.ca/12-12877,OCCURRENCE_STATUS_INFERRED_FROM_INDIVIDUAL_COUNT;COLLECTION_MATCH_NONE;INSTITUTION_MATCH_FUZZY,
2996891838,Cyrtosperma merkusii,Cyrtosperma merkusii (Hassk.) Schott,Cyrtosperma merkusii (Hassk.) Schott,ACCEPTED,PRESERVED_SPECIMEN,2000-11-24,2000,BR,Rio de Janeiro,Cultivada na coleção de Burle-Marx em Guaratiba,0.0,0.0,,,"Gonçalves, EG",620,UB,UB,UB0000932,,"Gonçalves, EG",,14ef7ae8-1bab-4af7-915c-7c146b117c91,3718961,,ZERO_COORDINATE;GEODETIC_DATUM_ASSUMED_WGS84;COUNTRY_COORDINATE_MISMATCH;IDENTIFIED_DATE_INVALID;INSTITUTION_MATCH_FUZZY;COLLECTION_MATCH_FUZZY,
4462648371,Cyrtosperma merkusii,Cyrtosperma merkusii (Hassk.) Schott,Cyrtosperma merkusii (Hassk.) Schott,ACCEPTED,PRESERVED_SPECIMEN,2000-11-24,2000,BR,Rio de Janeiro,Cultivada na coleção de Burle-Marx em Guaratiba,0.0,0.0,,,"Gonçalves, EG",620,UB,UB,UB0000932,,"Gonçalves, EG",,d64401ac-6349-4007-b565-477d5d584967,3718961,,ZERO_COORDINATE;GEODETIC_DATUM_ASSUMED_WGS84;COUNTRY_COORDINATE_MISMATCH;IDENTIFIED_DATE_INVALID;INSTITUTION_MATCH_FUZZY;COLLECTION_MATCH_FUZZY,
1930789904,Cyrtosperma merkusii,Cyrtosperma chamissonis (Schott) Merr.,Cyrtosperma merkusii (Hassk.) Schott,SYNONYM,PRESERVED_SPECIMEN,2002-01-10,2002,FM,Pohnpei,"Pahnios, Kepirohi",6.8441,158.304,1000.0,,E. Albert,24,NY,NY,206578,,D. H. Lorence,Vascular plants,d415c253-4d61-4459-9d25-4015b9084fb0,d5c89843-bb54-46d8-b3e3-1f1a0bf1ac5a,http://sweetgum.nybg.org/science/vh/specimen_details.php?irn=1091253,MODIFIED_DATE_INVALID,http://sweetgum.nybg.org/images3/3424/604/00206578.jpg;http://sweetgum.nybg.org/images3/281/222/v-038-00206578.jpg
1928473375,Cyrtosperma merkusii,Cyrtosperma merkusii (Hassk.) Schott,Cyrtosperma merkusii (Hassk.) Schott,ACCEPTED,PRESERVED_SPECIMEN,2002-08-06,2002,FM,Pohnpei,"Mokil Atoll, Urek Island (Coconut Island)",6.6675,159.755278,,,M. J. Balick,4262,NY,NY,199784,,D. H. Lorence,Vascular plants,d415c253-4d61-4459-9d25-4015b9084fb0,31d02b91-3052-4072-96ce-ca1bea28eebe,http://sweetgum.nybg.org/science/vh/specimen_details.php?irn=798708,COORDINATE_ROUNDED;GEODETIC_DATUM_ASSUMED_WGS84;MODIFIED_DATE_INVALID,
36323010,Cyrtosperma merkusii,Cyrtosperma chamissonis (Schott) Merr.,Cyrtosperma merkusii (Hassk.) Schott,SYNONYM,PRESERVED_SPECIMEN,2003-08-23,2003,KI,,Between Bubutei village (southernmost village on Maiana) and Belie,-0.916667,-173.0,,,"Imada, C.T. Space, J.; Katanga, K.",Collector Number: 2003-93,BPBM,BISH,697708,,"Herbst, D.R.",Herbarium Pacificum World Specimens,b929f23d-290f-4e85-8f17-764c55b3b284,45019adb-c24b-457f-b5c5-4088793b1cb8,,GEODETIC_DATUM_ASSUMED_WGS84;PRESUMED_NEGATED_LATITUDE;INSTITUTION_MATCH_FUZZY;COLLECTION_MATCH_FUZZY,
5956594193,Cyrtosperma merkusii,Cyrtosperma chamissonis (Schott) Merr.,Cyrtosperma merkusii (Hassk.) Schott,SYNONYM,PRESERVED_SPECIMEN,2003-08-23,2003,KI,,Between Bubutei village (southernmost village on Maiana) and Belie,0.916667,173.0,,,"Imada, C.; Space, J.; Katanga, K.",2003-93,BISH,,697708,NotAType,"Herbst, D.R.",,cfb43618-1423-4031-b3ff-fbd2c264f48b,697708,https://pacific.symbiota.org/portal/collections/individual/index.php?occid=1579939,GEODETIC_DATUM_ASSUMED_WGS84;CONTINENT_DERIVED_FROM_COORDINATES;TAXON_ID_NOT_FOUND;IDENTIFIED_DATE_INVALID;INSTITUTION_MATCH_NONE,
1090317712,Cyrtosperma merkusii,Cyrtosperma chamissonis (Schott) Merr.,Cyrtosperma merkusii (Hassk.) Schott,SYNONYM,PRESERVED_SPECIMEN,2004-03-31,2004,FM,U Municipality,Pahlap,6.94556,158.272,,,"Amor, E.A. Dores, A.; Raynor, P.",Collector Number: 211,BPBM,BISH,738587,,,Herbarium Pacificum World Specimens,b929f23d-290f-4e85-8f17-764c55b3b284,6e0ccae1-089e-4147-810d-b44bbc87a3ff,,GEODETIC_DATUM_ASSUMED_WGS84;CONTINENT_DERIVED_FROM_COORDINATES;PRESUMED_NEGATED_LONGITUDE;INSTITUTION_MATCH_FUZZY;COLLECTION_MATCH_FUZZY,
1930773648,Cyrtosperma merkusii,Cyrtosperma chamissonis (Schott) Merr.,Cyrtosperma merkusii (Hassk.) Schott,SYNONYM,PRESERVED_SPECIMEN,2004-03-31,2004,FM,Pohnpei,U Municipality. Pahlap,6.945556,158.271944,,26.0,E. Albert,211,NY,NY,205053,,,Vascular plants,d415c253-4d61-4459-9d25-4015b9084fb0,d47c3770-274f-49ca-98cb-5bed8701269a,http://sweetgum.nybg.org/science/vh/specimen_details.php?irn=851636,COORDINATE_ROUNDED;GEODETIC_DATUM_ASSUMED_WGS84;MODIFIED_DATE_INVALID,http://sweetgum.nybg.org/images3/168/929/v-038-00205053.jpg;http://sweetgum.nybg.org/images3/3424/598/00205053.jpg
5956215555,Cyrtosperma merkusii,Cyrtosperma chamissonis (Schott) Merr.,Cyrtosperma merkusii (Hassk.) Schott,SYNONYM,PRESERVED_SPECIMEN,2004-03-31,2004,FM,U Municipality,Pahlap,,,,26.0,"Amor, E.A.; Dores, A.; Raynor, P.",211,BISH,,738587,NotAType,,,cfb43618-1423-4031-b3ff-fbd2c264f48b,738587,https://pacific.symbiota.org/portal/collections/individual/index.php?occid=1619003,CONTINENT_DERIVED_FROM_COUNTRY;TAXON_ID_NOT_FOUND;INSTITUTION_MATCH_NONE,
1424231898,Cyrtosperma merkusii,Cyrtosperma merkusii (Hassk.) Schott,Cyrtosperma merkusii (Hassk.) Schott,ACCEPTED,PRESERVED_SPECIMEN,2006-07-19,2006,BR,Rio de Janeiro,"Sitio Burle Marx, Sombral Graziela Barroso, lateral canteiro 13.",,,,,F. Oliveira; B.R. Silva,3,JBRJ,RB,RB00515157,,,RB - Rio de Janeiro Botanical Garden Herbarium Collection,4300f8d5-1ae5-49e5-a101-63894b005868,urn:catalog:JBRJ:RB:515157,,CONTINENT_DERIVED_FROM_COUNTRY;MULTIMEDIA_URI_INVALID;INSTITUTION_MATCH_FUZZY;COLLECTION_MATCH_FUZZY,http://jbrj-public-img.s3-sa-east-1.amazonaws.com/JPG/rb/0/51/51/57/00515157-1.jpg;http://jbrj-public-img.s3-sa-east-1.amazonaws.com/JPG/rb/0/51/51/57/00515157.jpg
1897815031,Cyrtosperma merkusii,Cyrtosperma merkusii (Hassk.) Schott,Cyrtosperma merkusii (Hassk.) Schott,ACCEPTED,PRESERVED_SPECIMEN,2006-10-03,2006,FJ,,,-18.066667,178.45,100.0,,R O Gardner,,AK,AK,AK340252,,,,83ae84cf-88e4-4b5c-80b2-271a15a3e0fc,urn:catalog:AK:AK:AK340252,http://www.aucklandmuseum.com/discover/collections/record/737213,COORDINATE_ROUNDED;COUNTRY_INVALID;CONTINENT_DERIVED_FROM_COORDINATES;MULTIMEDIA_URI_INVALID;AMBIGUOUS_COLLECTION;INSTITUTION_MATCH_FUZZY,
4164503359,Cyrtosperma merkusii,Cyrtosperma merkusii (Hassk.) Schott,Cyrtosperma merkusii (Hassk.) Schott,ACCEPTED,PRESERVED_SPECIMEN,2006-11-14,2006,VN,Dak Nong,Dak Glong District Dak P'Lao comm. Ta Dung mountain.,11.866667,108.0,,1200.0,L.D. Tan,NY-HN746,MO,Tropicos,103346821,,Phan Ke Loc,Tropicos,7bd65a7a-f762-11e1-a439-00145eb45e9a,urn:catalog:MO:Tropicos:103346821,,COORDINATE_ROUNDED;GEODETIC_DATUM_ASSUMED_WGS84;TAXON_ID_NOT_FOUND;OCCURRENCE_STATUS_INFERRED_FROM_INDIVIDUAL_COUNT;COLLECTION_MATCH_NONE;INSTITUTION_MATCH_FUZZY,https://images.mobot.org/tropicosimages4/detailimages/TropicosImagesVol4/101237000/E8064EC2-0E05-4984-BB0B-DA8D220CAFE2.jpg
1929026258,Cyrtosperma merkusii,Cyrtosperma chamissonis (Schott) Merr.,Cyrtosperma merkusii (Hassk.) Schott,SYNONYM,PRESERVED_SPECIMEN,2007-08-02,2007,PW,Airai,Ngeruluobel. Obakradebkar's Summer house,7.36835,134.516867,,,M. J. Balick,4440,NY,NY,206543,,A. Kitalong,Vascular plants,d415c253-4d61-4459-9d25-4015b9084fb0,58ff559b-7387-4eaf-8f90-25cc584ada02,http://sweetgum.nybg.org/science/vh/specimen_details.php?irn=1060331,GEODETIC_DATUM_ASSUMED_WGS84;MODIFIED_DATE_INVALID,http://sweetgum.nybg.org/images3/3424/603/00206543.jpg
6341140334,Cyrtosperma merkusii,Cyrtosperma chamissonis (Schott) Merr.,Cyrtosperma merkusii (Hassk.) Schott,SYNONYM,PRESERVED_SPECIMEN,2007-08-02,2007,PW,,"Republic of Palau, Airai State, Obakradebkar's Summer house, Ngeruluobel.",7.36836,134.517,,,"M. Balick, Y. Desmond, A. Kitalong & R. Lee",s.n.,US,US,US 3777616,,,NMNH Extant Biology,821cc27a-e3bb-4bc5-ac34-89ada245069d,http://n2t.net/ark:/65665/3982b84e2-3a93-4e78-8f99-39d03c665664,,GEODETIC_DATUM_ASSUMED_WGS84;CONTINENT_INVALID;CONTINENT_DERIVED_FROM_COORDINATES;OCCURRENCE_STATUS_INFERRED_FROM_INDIVIDUAL_COUNT,https://collections.nmnh.si.edu/media/?i=17335779&h=2000
4081320562,Cyrtosperma merkusii,Cyrtosperma merkusii (Hassk.) Schott,Cyrtosperma merkusii (Hassk.) Schott,ACCEPTED,PRESERVED_SPECIMEN,2008-03-15,2008,FM,Yap,"Colonia, swamp near Pathways Hotel",9.5174,138.1154,,,"Brussell, David E.",08-76,EIU,,,,"Lorence, David H.",,8bd8c361-c96b-40c9-91a0-eb3c0e7e0135,a81eabdc-c54c-4e06-8e60-33fbed8369c3,https://midwestherbaria.org/portal/collections/individual/index.php?occid=19491495,GEODETIC_DATUM_ASSUMED_WGS84;CONTINENT_DERIVED_FROM_COORDINATES;TAXON_ID_NOT_FOUND;INSTITUTION_MATCH_FUZZY,
2268824508,Cyrtosperma merkusii,Cyrtosperma merkusii (Hassk.) Schott,Cyrtosperma merkusii (Hassk.) Schott,ACCEPTED,PRESERVED_SPECIMEN,2009-02-09,2009,ZZ,Milne Bay,"Alotaue District.  Balagom River, ca 8 km W of Alotau port along Rte 1 (East Cape Highway).",-10.315833,150.541389,,50.0,Douglas C. Daly|John D. Mitchell|R. Diliko|J. Duneba|E. Kelebi|J. Kelly,13633,MO,Tropicos,100923833,,Thomas B. Croat,Tropicos,7bd65a7a-f762-11e1-a439-00145eb45e9a,urn:catalog:MO:Tropicos:100923833,,COORDINATE_ROUNDED;GEODETIC_DATUM_ASSUMED_WGS84;COUNTRY_COORDINATE_MISMATCH;CONTINENT_COORDINATE_MISMATCH;CONTINENT_COUNTRY_MISMATCH;TAXON_ID_NOT_FOUND;OCCURRENCE_STATUS_INFERRED_FROM_INDIVIDUAL_COUNT;COLLECTION_MATCH_NONE;INSTITUTION_MATCH_FUZZY,
4061942019,Cyrtosperma merkusii,Cyrtosperma merkusii (Hassk.) Schott,Cyrtosperma merkusii (Hassk.) Schott,ACCEPTED,PRESERVED_SPECIMEN,2009-02-09,2009,ZZ,Milne Bay,"Alotaue District.  Balagom River, ca 8 km W of Alotau port along Rte 1 (East Cape Highway).",-10.315833,150.541389,,50.0,Douglas C. Daly|John D. Mitchell|R. Diliko|J. Duneba|E. Kelebi|J. Kelly,13633,NY,Tropicos,102967919,,Thomas B. Croat,Tropicos,e053ff53-c156-4e2e-b9b5-4462e9625424,urn:catalog:MO:Tropicos:102967919,,COORDINATE_ROUNDED;GEODETIC_DATUM_ASSUMED_WGS84;COUNTRY_COORDINATE_MISMATCH;CONTINENT_COORDINATE_MISMATCH;CONTINENT_COUNTRY_MISMATCH;TAXON_ID_NOT_FOUND;OCCURRENCE_STATUS_INFERRED_FROM_INDIVIDUAL_COUNT;COLLECTION_MATCH_NONE;INSTITUTION_MATCH_FUZZY,
6129963974,Cyrtosperma merkusii,Cyrtosperma merkusii (Hassk.) Schott,Cyrtosperma merkusii (Hassk.) Schott,ACCEPTED,HUMAN_OBSERVATION,2009-03-24T19:53,2009,FM,Kosrae,,5.299183,162.969678,10728.0,,Kenneth R. Wood (NTBG),,iNaturalist,Observations,229813565,,Kenneth R. Wood (NTBG),iNaturalist research-grade observations,50c9509d-22c7-4a22-a47d-8c48425ef4a7,https://www.inaturalist.org/observations/229813565,https://www.inaturalist.org/observations/229813565,COORDINATE_ROUNDED;CONTINENT_DERIVED_FROM_COORDINATES;TAXON_ID_NOT_FOUND,https://inaturalist-open-data.s3.amazonaws.com/photos/407979094/original.jpg;https://inaturalist-open-data.s3.amazonaws.com/photos/407979110/original.jpg;https://inaturalist-open-data.s3.amazonaws.com/photos/407979120/original.jpg
6147617070,Cyrtosperma merkusii,Cyrtosperma merkusii (Hassk.) Schott,Cyrtosperma merkusii (Hassk.) Schott,ACCEPTED,HUMAN_OBSERVATION,2014-09-24T02:49:33,2014,MY,Sarawak,,3.824861,113.765916,,,Bernard DUPONT,,iNaturalist,Observations,83927882,,James Park,iNaturalist research-grade observations,50c9509d-22c7-4a22-a47d-8c48425ef4a7,https://www.inaturalist.org/observations/83927882,https://www.inaturalist.org/observations/83927882,CONTINENT_DERIVED_FROM_COORDINATES;TAXON_ID_NOT_FOUND,https://inaturalist-open-data.s3.amazonaws.com/photos/137885374/original.jpg
1944422469,Cyrtosperma merkusii,Cyrtosperma merkusii (Hassk.) Schott,Cyrtosperma merkusii (Hassk.) Schott,ACCEPTED,HUMAN_OBSERVATION,2017-04-16T10:30,2017,MY,Sarawak,,1.51964,110.388946,212.0,,Adeline Hii,,iNaturalist,Observations,5783253,,Nate Hartley,iNaturalist research-grade observations,50c9509d-22c7-4a22-a47d-8c48425ef4a7,https://www.inaturalist.org/observations/5783253,https://www.inaturalist.org/observations/5783253,COORDINATE_ROUNDED;CONTINENT_DERIVED_FROM_COORDINATES;TAXON_ID_NOT_FOUND,https://inaturalist-open-data.s3.amazonaws.com/photos/7184437/original.jpeg
1703141200,Cyrtosperma merkusii,Cyrtosperma merkusii (Hassk.) Schott,Cyrtosperma merkusii (Hassk.) Schott,ACCEPTED,HUMAN_OBSERVATION,2017-09-29,2017,CK,,,-21.24899,-159.760891,,,Peter de Lange,,iNaturalist,Observations,8395215,,Peter de Lange,iNaturalist research-grade observations,50c9509d-22c7-4a22-a47d-8c48425ef4a7,https://www.inaturalist.org/observations/8395215,https://www.inaturalist.org/observations/8395215,CONTINENT_DERIVED_FROM_COORDINATES;TAXON_ID_NOT_FOUND,https://inaturalist-open-data.s3.amazonaws.com/photos/11168344/original.jpg;https://inaturalist-open-data.s3.amazonaws.com/photos/11169219/original.jpg;https://inaturalist-open-data.s3.amazonaws.com/photos/11169220/original.jpg
3415375546,Cyrtosperma merkusii,Cyrtosperma merkusii (Hassk.) Schott,Cyrtosperma merkusii (Hassk.) Schott,ACCEPTED,HUMAN_OBSERVATION,2018-01-09T13:05:21Z,2018,PH,Bataan,,14.633138,120.34703,24.0,,James Park,,iNaturalist,Observations,74157543,,James Park,iNaturalist research-grade observations,50c9509d-22c7-4a22-a47d-8c48425ef4a7,https://www.inaturalist.org/observations/74157543,https://www.inaturalist.org/observations/74157543,COORDINATE_ROUNDED;CONTINENT_DERIVED_FROM_COORDINATES;TAXON_ID_NOT_FOUND,https://inaturalist-open-data.s3.amazonaws.com/photos/121167390/original.jpg;https://inaturalist-open-data.s3.amazonaws.com/photos/121167408/original.jpg
6130913164,Cyrtosperma merkusii,Cyrtosperma merkusii (Hassk.) Schott,Cyrtosperma merkusii (Hassk.) Schott,ACCEPTED,HUMAN_OBSERVATION,2018-01-11T10:59:26,2018,PW,Ngeremlengui,,7.50464,134.546066,,,Ryan McMinds,,iNaturalist,Observations,18588975,,James Park,iNaturalist research-grade observations,50c9509d-22c7-4a22-a47d-8c48425ef4a7,https://www.inaturalist.org/observations/18588975,https://www.inaturalist.org/observations/18588975,CONTINENT_DERIVED_FROM_COORDINATES;TAXON_ID_NOT_FOUND,https://inaturalist-open-data.s3.amazonaws.com/photos/28446261/original.jpg
1901034371,Cyrtosperma merkusii,Cyrtosperma merkusii (Hassk.) Schott,Cyrtosperma merkusii (Hassk.) Schott,ACCEPTED,HUMAN_OBSERVATION,2018-08-25T05:02:44,2018,PH,Compostela Valley,,7.683812,125.98982,5.0,,Greg III Espera,,iNaturalist,Observations,15881946,,Greg III Espera,iNaturalist research-grade observations,50c9509d-22c7-4a22-a47d-8c48425ef4a7,https://www.inaturalist.org/observations/15881946,https://www.inaturalist.org/observations/15881946,COORDINATE_ROUNDED;CONTINENT_DERIVED_FROM_COORDINATES;TAXON_ID_NOT_FOUND,https://inaturalist-open-data.s3.amazonaws.com/photos/23750843/original.jpg
3466031564,Cyrtosperma merkusii,Cyrtosperma merkusii (Hassk.) Schott,Cyrtosperma merkusii (Hassk.) Schott,ACCEPTED,HUMAN_OBSERVATION,2019-05-28T15:30:17,2019,SG,Central,,1.35127,103.835533,1966.0,,James Park,,iNaturalist,Observations,72125413,,James Park,iNaturalist research-grade observations,50c9509d-22c7-4a22-a47d-8c48425ef4a7,https://www.inaturalist.org/observations/72125413,https://www.inaturalist.org/observations/72125413,COORDINATE_ROUNDED;CONTINENT_DERIVED_FROM_COORDINATES;TAXON_ID_NOT_FOUND,https://inaturalist-open-data.s3.amazonaws.com/photos/117540590/original.jpg
4439117781,Cyrtosperma merkusii,Cyrtosperma merkusii (Hassk.) Schott,Cyrtosperma merkusii (Hassk.) Schott,ACCEPTED,PRESERVED_SPECIMEN,2021-05-28,2021,VU,Taféa,"Aneityum Island. Imtanya (inland from Anetjninpeke Point, eastern coast).",-20.19333,169.89589,,46.0,G. M. Plunkett,5677,NY,NY,05026714,,C. Sam,Vascular plants,d415c253-4d61-4459-9d25-4015b9084fb0,9ddb7503-f2f6-410d-a27d-adbba0afaa9f,http://sweetgum.nybg.org/science/vh/specimen_details.php?irn=4754934,GEODETIC_DATUM_ASSUMED_WGS84;MODIFIED_DATE_INVALID,http://sweetgum.nybg.org/images3/4173/613/05026714.jpg
5899385642,Cyrtosperma merkusii,Cyrtosperma merkusii (Hassk.) Schott,Cyrtosperma merkusii (Hassk.) Schott,ACCEPTED,PRESERVED_SPECIMEN,2021-10-25,2021,PH,Samar,"Maharlika Falls, Taft, Eastern Samar",11.8199,125.2926,,,"Odulio EJ, Arbias A, Delos Angeles M",S20-253,USTH,,USTH 018079,,,,6fccebe1-02ba-4e92-b6f5-e2a35f3ba21e,USTH:SINP:0131,,CONTINENT_DERIVED_FROM_COORDINATES;OCCURRENCE_STATUS_INFERRED_FROM_INDIVIDUAL_COUNT;COLLECTION_MATCH_NONE;INSTITUTION_MATCH_FUZZY,
6447079399,Cyrtosperma merkusii,Cyrtosperma merkusii (Hassk.) Schott,Cyrtosperma merkusii (Hassk.) Schott,ACCEPTED,PRESERVED_SPECIMEN,2021-10-25,2021,PH,Samar,"Maharlika Falls, Taft, Eastern Samar",11.8199,125.2926,,,"Odulio EJ, Arbias A, Delos Angeles M",S20-253,USTH,,USTH 018079,,,,ab1ad416-a80c-4c8e-993b-3008bdc73bc8,USTH:SINP:0131,,CONTINENT_DERIVED_FROM_COORDINATES;RECORDED_DATE_INVALID;OCCURRENCE_STATUS_INFERRED_FROM_INDIVIDUAL_COUNT;COLLECTION_MATCH_NONE;INSTITUTION_MATCH_FUZZY,
4171230393,Cyrtosperma merkusii,Cyrtosperma merkusii (Hassk.) Schott,Cyrtosperma merkusii (Hassk.) Schott,ACCEPTED,HUMAN_OBSERVATION,2021-12-21T16:00:39,2021,MY,Selangor,,3.112547,101.484512,6.0,,Akmal Idham,,iNaturalist,Observations,103445429,,James Park,iNaturalist research-grade observations,50c9509d-22c7-4a22-a47d-8c48425ef4a7,https://www.inaturalist.org/observations/103445429,https://www.inaturalist.org/observations/103445429,COORDINATE_ROUNDED;CONTINENT_DERIVED_FROM_COORDINATES;TAXON_ID_NOT_FOUND,https://inaturalist-open-data.s3.amazonaws.com/photos/173132692/original.jpg;https://inaturalist-open-data.s3.amazonaws.com/photos/173132704/original.jpg;https://inaturalist-open-data.s3.amazonaws.com/photos/173132725/original.jpg
3881536475,Cyrtosperma merkusii,Cyrtosperma merkusii (Hassk.) Schott,Cyrtosperma merkusii (Hassk.) Schott,ACCEPTED,HUMAN_OBSERVATION,2022-07-31T14:43:50,2022,SG,North,,1.41342,103.791138,3.0,,ruddy2410,,iNaturalist,Observations,128754903,,ruddy2410,iNaturalist research-grade observations,50c9509d-22c7-4a22-a47d-8c48425ef4a7,https://www.inaturalist.org/observations/128754903,https://www.inaturalist.org/observations/128754903,COORDINATE_ROUNDED;CONTINENT_DERIVED_FROM_COORDINATES;TAXON_ID_NOT_FOUND,https://inaturalist-open-data.s3.amazonaws.com/photos/218729103/original.jpg
6130961081,Cyrtosperma merkusii,Cyrtosperma merkusii (Hassk.) Schott,Cyrtosperma merkusii (Hassk.) Schott,ACCEPTED,HUMAN_OBSERVATION,2022-07-09T14:43:54,2022,SG,North,,1.341722,103.829492,3.0,,ruddy2410,,iNaturalist,Observations,125416302,,ruddy2410,iNaturalist research-grade observations,50c9509d-22c7-4a22-a47d-8c48425ef4a7,https://www.inaturalist.org/observations/125416302,https://www.inaturalist.org/observations/125416302,COORDINATE_ROUNDED;CONTINENT_DERIVED_FROM_COORDINATES;TAXON_ID_NOT_FOUND,https://inaturalist-open-data.s3.amazonaws.com/photos/212685609/original.jpg;https://inaturalist-open-data.s3.amazonaws.com/photos/212685629/original.jpg;https://inaturalist-open-data.s3.amazonaws.com/photos/212685650/original.jpg
4954550201,Cyrtosperma merkusii,Cyrtosperma merkusii (Hassk.) Schott,Cyrtosperma merkusii (Hassk.) Schott,ACCEPTED,HUMAN_OBSERVATION,2022-09-14T12:06:37,2022,SG,North,,1.344762,103.82235,1718.0,,pbsg,,iNaturalist,Observations,153076734,,pbsg,iNaturalist research-grade observations,50c9509d-22c7-4a22-a47d-8c48425ef4a7,https://www.inaturalist.org/observations/153076734,https://www.inaturalist.org/observations/153076734,COORDINATE_ROUNDED;CONTINENT_DERIVED_FROM_COORDINATES;TAXON_ID_NOT_FOUND,https://inaturalist-open-data.s3.amazonaws.com/photos/264339524/original.jpeg;https://inaturalist-open-data.s3.amazonaws.com/photos/264339553/original.jpeg
4987519082,Cyrtosperma merkusii,Cyrtosperma merkusii (Hassk.) Schott,Cyrtosperma merkusii (Hassk.) Schott,ACCEPTED,HUMAN_OBSERVATION,2022-09-17T14:48,2022,ID,Jambi,,-1.617316,103.516206,,,Naufal Urfi Dhiya'ulhaq,,iNaturalist,Observations,135480957,,Naufal Urfi Dhiya'ulhaq,iNaturalist research-grade observations,50c9509d-22c7-4a22-a47d-8c48425ef4a7,https://www.inaturalist.org/observations/135480957,https://www.inaturalist.org/observations/135480957,COORDINATE_ROUNDED;CONTINENT_DERIVED_FROM_COORDINATES;TAXON_ID_NOT_FOUND,https://inaturalist-open-data.s3.amazonaws.com/photos/231077315/original.jpg
6129979100,Cyrtosperma merkusii,Cyrtosperma merkusii (Hassk.) Schott,Cyrtosperma merkusii (Hassk.) Schott,ACCEPTED,HUMAN_OBSERVATION,2022-10-22T21:09,2022,ID,Jambi,,-1.617012,103.515881,172.0,,Naufal Urfi Dhiya'ulhaq,,iNaturalist,Observations,140883923,,Naufal Urfi Dhiya'ulhaq,iNaturalist research-grade observations,50c9509d-22c7-4a22-a47d-8c48425ef4a7,https://www.inaturalist.org/observations/140883923,https://www.inaturalist.org/observations/140883923,COORDINATE_ROUNDED;CONTINENT_DERIVED_FROM_COORDINATES;TAXON_ID_NOT_FOUND,https://inaturalist-open-data.s3.amazonaws.com/photos/241227359/original.jpg;https://inaturalist-open-data.s3.amazonaws.com/photos/241227365/original.jpg;https://inaturalist-open-data.s3.amazonaws.com/photos/241227376/original.jpg
4987562580,Cyrtosperma merkusii,Cyrtosperma merkusii (Hassk.) Schott,Cyrtosperma merkusii (Hassk.) Schott,ACCEPTED,HUMAN_OBSERVATION,2022-11-26T22:50,2022,ID,Jambi,,-1.617259,103.516023,,,Naufal Urfi Dhiya'ulhaq,,iNaturalist,Observations,143017406,,Naufal Urfi Dhiya'ulhaq,iNaturalist research-grade observations,50c9509d-22c7-4a22-a47d-8c48425ef4a7,https://www.inaturalist.org/observations/143017406,https://www.inaturalist.org/observations/143017406,COORDINATE_ROUNDED;CONTINENT_DERIVED_FROM_COORDINATES;TAXON_ID_NOT_FOUND,https://inaturalist-open-data.s3.amazonaws.com/photos/245257886/original.jpg;https://inaturalist-open-data.s3.amazonaws.com/photos/245257887/original.jpg;https://inaturalist-open-data.s3.amazonaws.com/photos/245257891/original.jpg
4030751332,Cyrtosperma merkusii,Cyrtosperma merkusii (Hassk.) Schott,Cyrtosperma merkusii (Hassk.) Schott,ACCEPTED,PRESERVED_SPECIMEN,2023-01-30,2023,BR,Rio de Janeiro,"Instituto de Pesquisas Jardim Botânico do Rio de Janeiro, Arboreto, canteiro 9H, tombo 8816",-22.966944,-43.226111,,,M. Nadruz,4022,JBRJ,RB,RB01481035,,Nadruz,RB - Rio de Janeiro Botanical Garden Herbarium Collection,4300f8d5-1ae5-49e5-a101-63894b005868,urn:catalog:JBRJ:RB:1481035,,COORDINATE_ROUNDED;GEODETIC_DATUM_ASSUMED_WGS84;CONTINENT_DERIVED_FROM_COORDINATES;INSTITUTION_MATCH_FUZZY;COLLECTION_MATCH_FUZZY,http://jbrj-public-img.s3-sa-east-1.amazonaws.com/JPG/rb/1/48/10/35/01481035-2.jpg;http://jbrj-public-img.s3-sa-east-1.amazonaws.com/JPG/rb/1/48/10/35/01481035-1.jpg;http://jbrj-public-img.s3-sa-east-1.amazonaws.com/JPG/rb/1/48/10/35/01481035.jpg
4952761942,Cyrtosperma merkusii,Cyrtosperma merkusii (Hassk.) Schott,Cyrtosperma merkusii (Hassk.) Schott,ACCEPTED,HUMAN_OBSERVATION,2023-03-12T13:04,2023,ID,Jambi,,-1.687735,103.654291,,,Naufal Urfi Dhiya'ulhaq,,iNaturalist,Observations,150940976,,Naufal Urfi Dhiya'ulhaq,iNaturalist research-grade observations,50c9509d-22c7-4a22-a47d-8c48425ef4a7,https://www.inaturalist.org/observations/150940976,https://www.inaturalist.org/observations/150940976,COORDINATE_ROUNDED;CONTINENT_DERIVED_FROM_COORDINATES;TAXON_ID_NOT_FOUND,https://inaturalist-open-data.s3.amazonaws.com/photos/260356168/original.jpeg
4954720127,Cyrtosperma merkusii,Cyrtosperma merkusii (Hassk.) Schott,Cyrtosperma merkusii (Hassk.) Schott,ACCEPTED,HUMAN_OBSERVATION,2023-04-25T16:44:20,2023,MY,Sarawak,,1.515365,110.291112,3.0,,frx,,iNaturalist,Observations,156567696,,frx,iNaturalist research-grade observations,50c9509d-22c7-4a22-a47d-8c48425ef4a7,https://www.inaturalist.org/observations/156567696,https://www.inaturalist.org/observations/156567696,COORDINATE_ROUNDED;CONTINENT_DERIVED_FROM_COORDINATES;TAXON_ID_NOT_FOUND,https://inaturalist-open-data.s3.amazonaws.com/photos/270752704/original.jpeg;https://inaturalist-open-data.s3.amazonaws.com/photos/270752726/original.jpeg;https://inaturalist-open-data.s3.amazonaws.com/photos/270752742/original.jpeg
6131421837,Cyrtosperma merkusii,Cyrtosperma merkusii (Hassk.) Schott,Cyrtosperma merkusii (Hassk.) Schott,ACCEPTED,HUMAN_OBSERVATION,2023-05-03T09:24:14,2023,MY,Sarawak,,1.577376,110.260737,5.0,,frx,,iNaturalist,Observations,159342999,,frx,iNaturalist research-grade observations,50c9509d-22c7-4a22-a47d-8c48425ef4a7,https://www.inaturalist.org/observations/159342999,https://www.inaturalist.org/observations/159342999,COORDINATE_ROUNDED;CONTINENT_DERIVED_FROM_COORDINATES;TAXON_ID_NOT_FOUND,https://inaturalist-open-data.s3.amazonaws.com/photos/275299482/original.jpeg;https://inaturalist-open-data.s3.amazonaws.com/photos/275299517/original.jpeg;https://inaturalist-open-data.s3.amazonaws.com/photos/275299561/original.jpeg
6253373869,Cyrtosperma merkusii,Cyrtosperma merkusii (Hassk.) Schott,Cyrtosperma merkusii (Hassk.) Schott,ACCEPTED,HUMAN_OBSERVATION,2023-08-18T08:29,2023,MY,Sarawak,,1.62838,111.055125,,,Chien Lee,,iNaturalist,Observations,191431128,,Chien Lee,iNaturalist research-grade observations,50c9509d-22c7-4a22-a47d-8c48425ef4a7,https://www.inaturalist.org/observations/191431128,https://www.inaturalist.org/observations/191431128,CONTINENT_DERIVED_FROM_COORDINATES;TAXON_ID_NOT_FOUND,
4519123916,Cyrtosperma merkusii,Cyrtosperma merkusii (Hassk.) Schott,Cyrtosperma merkusii (Hassk.) Schott,ACCEPTED,HUMAN_OBSERVATION,2024-01-29T13:57:06,2024,SG,North,,1.235155,103.748246,31447.0,,Michal Hroneš,,iNaturalist,Observations,198042507,,Michal Hroneš,iNaturalist research-grade observations,50c9509d-22c7-4a22-a47d-8c48425ef4a7,https://www.inaturalist.org/observations/198042507,https://www.inaturalist.org/observations/198042507,COORDINATE_ROUNDED;CONTINENT_DERIVED_FROM_COORDINATES;TAXON_ID_NOT_FOUND,https://inaturalist-open-data.s3.amazonaws.com/photos/348963932/original.jpg;https://inaturalist-open-data.s3.amazonaws.com/photos/348963936/original.jpg
4948215436,Cyrtosperma merkusii,Cyrtosperma merkusii (Hassk.) Schott,Cyrtosperma merkusii (Hassk.) Schott,ACCEPTED,PRESERVED_SPECIMEN,2024-02-04,2024,PW,Airai,"Ngetkib area, around Kitalong home.",7.36408,134.51597,,20.0,W. Law,341,NY,NY,05104679,,,Vascular plants,d415c253-4d61-4459-9d25-4015b9084fb0,a8d1c323-75f5-4083-acfc-f5008ad1f419,http://sweetgum.nybg.org/science/vh/specimen_details.php?irn=5091640,GEODETIC_DATUM_ASSUMED_WGS84;MODIFIED_DATE_INVALID,http://sweetgum.nybg.org/images3/4457/060/05104679.jpg
5215102432,Cyrtosperma merkusii,Cyrtosperma merkusii (Hassk.) Schott,Cyrtosperma merkusii (Hassk.) Schott,ACCEPTED,HUMAN_OBSERVATION,2024-04-03T00:00,2024,TW,,UTM50_51R_0350_2750,25.085606,121.760468,250.0,,794562383,,NABU|naturgucker,NABU|naturgucker,1107433381,,,,6ac3f774-d9fb-4796-b3e9-92bf6c81c084,,https://enjoynature.net/?gebiet=-541199579&datum=03.04.24&art=248842482,COORDINATE_ROUNDED;GEODETIC_DATUM_ASSUMED_WGS84;CONTINENT_DERIVED_FROM_COORDINATES,https://live.staticflickr.com/65535/53704267547_c90a34daed_b.jpg;https://live.staticflickr.com/65535/53705502114_aa1c851dc9_b.jpg
5062918003,Cyrtosperma merkusii,Cyrtosperma merkusii (Hassk.) Schott,Cyrtosperma merkusii (Hassk.) Schott,ACCEPTED,HUMAN_OBSERVATION,2024-06-09T16:13,2024,SG,North,,1.203028,103.949668,31447.0,,tkp123,,iNaturalist,Observations,256255147,,tkp123,iNaturalist research-grade observations,50c9509d-22c7-4a22-a47d-8c48425ef4a7,https://www.inaturalist.org/observations/256255147,https://www.inaturalist.org/observations/256255147,COORDINATE_ROUNDED;CONTINENT_DERIVED_FROM_COORDINATES;TAXON_ID_NOT_FOUND,https://inaturalist-open-data.s3.amazonaws.com/photos/459408927/original.jpg;https://inaturalist-open-data.s3.amazonaws.com/photos/459408920/original.jpg
4987541658,Cyrtosperma merkusii,Cyrtosperma merkusii (Hassk.) Schott,Cyrtosperma merkusii (Hassk.) Schott,ACCEPTED,HUMAN_OBSERVATION,2024-11-23T17:12:24,2024,SG,North,,1.355672,103.807572,,,Peri Lee Pipkin,,iNaturalist,Observations,252883649,,pbsg,iNaturalist research-grade observations,50c9509d-22c7-4a22-a47d-8c48425ef4a7,https://www.inaturalist.org/observations/252883649,https://www.inaturalist.org/observations/252883649,COORDINATE_ROUNDED;CONTINENT_DERIVED_FROM_COORDINATES;TAXON_ID_NOT_FOUND,https://inaturalist-open-data.s3.amazonaws.com/photos/452739915/original.jpeg;https://inaturalist-open-data.s3.amazonaws.com/photos/452739952/original.jpeg;https://inaturalist-open-data.s3.amazonaws.com/photos/452739985/original.jpeg
5087124193,Cyrtosperma merkusii,Cyrtosperma merkusii (Hassk.) Schott,Cyrtosperma merkusii (Hassk.) Schott,ACCEPTED,HUMAN_OBSERVATION,2025-02-11T12:53:08,2025,PH,Palawan,,10.125825,118.858708,,,insect ID,,iNaturalist,Observations,261321274,,Kierr Jasper Sancover,iNaturalist research-grade observations,50c9509d-22c7-4a22-a47d-8c48425ef4a7,https://www.inaturalist.org/observations/261321274,https://www.inaturalist.org/observations/261321274,COORDINATE_ROUNDED;CONTINENT_DERIVED_FROM_COORDINATES;TAXON_ID_NOT_FOUND,https://inaturalist-open-data.s3.amazonaws.com/photos/469454701/original.jpeg;https://inaturalist-open-data.s3.amazonaws.com/photos/469454720/original.jpeg
5108165026,Cyrtosperma merkusii,Cyrtosperma merkusii (Hassk.) Schott,Cyrtosperma merkusii (Hassk.) Schott,ACCEPTED,HUMAN_OBSERVATION,2025-03-19T12:00:52,2025,MY,Sarawak,,1.528842,110.364843,31446.0,,yukipani03,,iNaturalist,Observations,267149885,,Chien Lee,iNaturalist research-grade observations,50c9509d-22c7-4a22-a47d-8c48425ef4a7,https://www.inaturalist.org/observations/267149885,https://www.inaturalist.org/observations/267149885,COORDINATE_ROUNDED;CONTINENT_DERIVED_FROM_COORDINATES;TAXON_ID_NOT_FOUND,https://inaturalist-open-data.s3.amazonaws.com/photos/480058427/original.jpg;https://inaturalist-open-data.s3.amazonaws.com/photos/480058453/original.jpg
6131455769,Cyrtosperma merkusii,Cyrtosperma merkusii (Hassk.) Schott,Cyrtosperma merkusii (Hassk.) Schott,ACCEPTED,HUMAN_OBSERVATION,2025-06-14T18:19:04,2025,MY,Selangor,,2.938264,101.642103,,,Ong Jyh Seng,,iNaturalist,Observations,289484846,,Pinguicula 'Florian',iNaturalist research-grade observations,50c9509d-22c7-4a22-a47d-8c48425ef4a7,https://www.inaturalist.org/observations/289484846,https://www.inaturalist.org/observations/289484846,COORDINATE_ROUNDED;CONTINENT_DERIVED_FROM_COORDINATES;TAXON_ID_NOT_FOUND,https://inaturalist-open-data.s3.amazonaws.com/photos/520681116/original.jpg
6131295384,Cyrtosperma merkusii,Cyrtosperma merkusii (Hassk.) Schott,Cyrtosperma merkusii (Hassk.) Schott,ACCEPTED,HUMAN_OBSERVATION,2025-09-08T11:14:35,2025,SG,North,,1.341739,103.829466,14.0,,mercury9nine,,iNaturalist,Observations,312385105,,mercury9nine,iNaturalist research-grade observations,50c9509d-22c7-4a22-a47d-8c48425ef4a7,https://www.inaturalist.org/observations/312385105,https://www.inaturalist.org/observations/312385105,COORDINATE_ROUNDED;CONTINENT_DERIVED_FROM_COORDINATES;TAXON_ID_NOT_FOUND,https://inaturalist-open-data.s3.amazonaws.com/photos/564000669/original.jpg;https://inaturalist-open-data.s3.amazonaws.com/photos/564000668/original.jpg;https://inaturalist-open-data.s3.amazonaws.com/photos/564000670/original.jpg;https://inaturalist-open-data.s3.amazonaws.com/photos/564000667/original.jpg
6130056904,Cyrtosperma merkusii,Cyrtosperma merkusii (Hassk.) Schott,Cyrtosperma merkusii (Hassk.) Schott,ACCEPTED,HUMAN_OBSERVATION,2026-01-10T10:53,2026,MY,Kuala Lumpur,,3.142163,101.644358,1950.0,,chinotto_chena,,iNaturalist,Observations,334187001,,chinotto_chena,iNaturalist research-grade observations,50c9509d-22c7-4a22-a47d-8c48425ef4a7,https://www.inaturalist.org/observations/334187001,https://www.inaturalist.org/observations/334187001,CONTINENT_DERIVED_FROM_COORDINATES;TAXON_ID_NOT_FOUND,https://inaturalist-open-data.s3.amazonaws.com/photos/606825980/original.jpg
6130108299,Cyrtosperma merkusii,Cyrtosperma merkusii (Hassk.) Schott,Cyrtosperma merkusii (Hassk.) Schott,ACCEPTED,HUMAN_OBSERVATION,2026-01-11T07:56:12,2026,MY,Selangor,,3.016383,101.676764,,,Ong Jyh Seng,,iNaturalist,Observations,334298352,,Bayan Izzani,iNaturalist research-grade observations,50c9509d-22c7-4a22-a47d-8c48425ef4a7,https://www.inaturalist.org/observations/334298352,https://www.inaturalist.org/observations/334298352,COORDINATE_ROUNDED;CONTINENT_DERIVED_FROM_COORDINATES;TAXON_ID_NOT_FOUND,https://inaturalist-open-data.s3.amazonaws.com/photos/607055500/original.jpg
6251492643,Cyrtosperma merkusii,Cyrtosperma merkusii (Hassk.) Schott,Cyrtosperma merkusii (Hassk.) Schott,ACCEPTED,HUMAN_OBSERVATION,2026-04-12T16:38,2026,FM,Yap,,9.527314,138.089858,43.0,,Jonathan Newman,,iNaturalist,Observations,355982939,,Jonathan Newman,iNaturalist research-grade observations,50c9509d-22c7-4a22-a47d-8c48425ef4a7,https://www.inaturalist.org/observations/355982939,https://www.inaturalist.org/observations/355982939,COORDINATE_ROUNDED;CONTINENT_DERIVED_FROM_COORDINATES;TAXON_ID_NOT_FOUND,https://inaturalist-open-data.s3.amazonaws.com/photos/649173981/original.jpg
6413416940,Cyrtosperma merkusii,Cyrtosperma merkusii (Hassk.) Schott,Cyrtosperma merkusii (Hassk.) Schott,ACCEPTED,HUMAN_OBSERVATION,2026-06-14T16:21:24,2026,PH,Bohol,,9.705483,124.110214,4.0,,呂一起(Lyu yi-chi),,iNaturalist,Observations,371593722,,呂一起(Lyu yi-chi),iNaturalist research-grade observations,50c9509d-22c7-4a22-a47d-8c48425ef4a7,https://www.inaturalist.org/observations/371593722,https://www.inaturalist.org/observations/371593722,COORDINATE_ROUNDED;CONTINENT_DERIVED_FROM_COORDINATES;TAXON_ID_NOT_FOUND,https://inaturalist-open-data.s3.amazonaws.com/photos/678943501/original.jpg;https://inaturalist-open-data.s3.amazonaws.com/photos/678943443/original.jpg;https://inaturalist-open-data.s3.amazonaws.com/photos/678943440/original.jpg;https://inaturalist-open-data.s3.amazonaws.com/photos/678943439/original.jpg;https://inaturalist-open-data.s3.amazonaws.com/photos/678943504/original.jpg
6469733850,Cyrtosperma merkusii,Cyrtosperma merkusii (Hassk.) Schott,Cyrtosperma merkusii (Hassk.) Schott,ACCEPTED,HUMAN_OBSERVATION,2026-07-11T17:38:25,2026,SG,Central,,1.310242,103.81495,45.0,,Arthur Teo,,iNaturalist,Observations,380572312,,Zech Yu,iNaturalist research-grade observations,50c9509d-22c7-4a22-a47d-8c48425ef4a7,https://www.inaturalist.org/observations/380572312,https://www.inaturalist.org/observations/380572312,COORDINATE_ROUNDED;CONTINENT_DERIVED_FROM_COORDINATES;TAXON_ID_NOT_FOUND,https://inaturalist-open-data.s3.amazonaws.com/photos/696266306/original.jpg
6480840116,Cyrtosperma merkusii,Cyrtosperma merkusii (Hassk.) Schott,Cyrtosperma merkusii (Hassk.) Schott,ACCEPTED,HUMAN_OBSERVATION,2026-07-29T13:58:18,2026,SG,Central,,1.315083,103.814445,4.0,,Tongtai Zhou,,iNaturalist,Observations,386212580,,Vegeloving_General-use_Pesticide_60ml,iNaturalist research-grade observations,50c9509d-22c7-4a22-a47d-8c48425ef4a7,https://www.inaturalist.org/observations/386212580,https://www.inaturalist.org/observations/386212580,COORDINATE_ROUNDED;CONTINENT_DERIVED_FROM_COORDINATES;TAXON_ID_NOT_FOUND,https://inaturalist-open-data.s3.amazonaws.com/photos/707118641/original.jpg
