species,taxon_id,observation_id,observation_url,quality_grade,observed_on,place_guess,obscured,latitude,longitude,observer_login,observer_name,licence,photos
Aglaonema commutatum,158118,404960212,https://www.inaturalist.org/observations/404960212,needs_id,2026-10-01,"Dewan Anuwar Mahmud, 43600 Bangi, Selangor, Malaysia",False,2.9242599722,101.78247,wydaman,Siti Wahida Amanullah,cc-by-nc,2
Aglaonema commutatum,158118,404932167,https://www.inaturalist.org/observations/404932167,needs_id,2026-10-01,"Vista Villas, Gurugram, Haryana, IN",False,28.4418112758,77.0590563235,lakshay4,Lakshay Vashist,cc-by-nc,1
Aglaonema commutatum,158118,404869646,https://www.inaturalist.org/observations/404869646,needs_id,2026-09-30,"Bukit Panjang, Singapore",False,1.3457276,103.7821194997,mrfish33,Mike,cc-by-nc,1
Aglaonema commutatum,158118,404827656,https://www.inaturalist.org/observations/404827656,needs_id,2026-09-30,"Coral Cuernavaca Resort & Spa, 3 de Mayo, Mor., MX",False,18.8482841716,-99.2182193082,marzot,,cc-by-nc,1
Aglaonema commutatum,158118,404667578,https://www.inaturalist.org/observations/404667578,needs_id,2026-09-30,"R2CR+RXH, Sri Lanka",False,6.8220627478,80.0424727052,ahamathafki_004,,cc-by-nc,1
Aglaonema commutatum,158118,404413483,https://www.inaturalist.org/observations/404413483,needs_id,2026-09-29,"Davao City, Davao, PH",False,7.131704767,125.3788455091,panigon_durian,Stephany Panigon,cc-by-nc,1
Aglaonema commutatum,158118,404363156,https://www.inaturalist.org/observations/404363156,needs_id,2026-09-29,"Kalisari, Kec. Ps. Rebo, Kota Jakarta Timur, Daerah Khusus Ibukota Jakarta, Indonesia",False,-6.332425,106.8575616667,bryan_pratprut,bryan pratprut,cc-by-nc,1
Aglaonema commutatum,158118,404120846,https://www.inaturalist.org/observations/404120846,needs_id,2026-09-28,"Jalan Seturan III, Sleman, Yogyakarta, ID",False,-7.7690044771,110.4084508646,nathanyulianto,Nathan Yulianto,cc-by-nc,1
Aglaonema commutatum,158118,403813977,https://www.inaturalist.org/observations/403813977,needs_id,2026-09-27,"Osman, Malinao, Aklan, Philippines",False,11.6294629,122.2086579,kynthedrel1997,,cc-by-nc,1
Aglaonema commutatum,158118,403803016,https://www.inaturalist.org/observations/403803016,research,2026-09-27,"Rifle Range Rd, Singapore, SG, SG",False,1.35307,103.7848133333,quinnhk,quinn kuiken,cc-by,2
Aglaonema commutatum,158118,403802975,https://www.inaturalist.org/observations/403802975,needs_id,2026-09-27,"Rifle Range Rd, Singapore, SG, SG",False,1.3496916667,103.78392,quinnhk,quinn kuiken,cc-by,2
Aglaonema commutatum,158118,403170135,https://www.inaturalist.org/observations/403170135,needs_id,2026-09-25,"Kabupaten Sukabumi, Jawa Barat, Indonesia",False,-6.7747750556,106.7291793611,anisaa2,anisaa nalaa,cc-by-nc,1
Aglaonema commutatum,158118,403169709,https://www.inaturalist.org/observations/403169709,needs_id,2026-09-25,"6P9J+6H5, Jayabakti, Kec. Cidahu, Kabupaten Sukabumi, Jawa Barat 43358, Indonesia",False,-6.7819847,106.7314841,muthiakhaerunisa,mutia mutia,cc-by-nc,1
Aglaonema commutatum,158118,403033164,https://www.inaturalist.org/observations/403033164,needs_id,2026-09-24,"Recife, BR-PE, BR",False,-8.0537713878,-34.8877227004,sandeji,SandejieMariaClara,cc-by-nc,1
Aglaonema commutatum,158118,403006880,https://www.inaturalist.org/observations/403006880,needs_id,2026-09-24,Timon,False,-5.087726593,-42.8416824341,lucia41133,lucia fatima,cc-by-nc,1
Aglaonema commutatum,158118,402906237,https://www.inaturalist.org/observations/402906237,needs_id,2026-09-23,"Route de ceinture, French Polynesia, PF",False,-17.5185633333,-149.8506916667,adamscubapix,Adam Trinklein,cc-by-nc,1
Aglaonema commutatum,158118,402822458,https://www.inaturalist.org/observations/402822458,needs_id,2026-09-23,"Centro, MX-TB, MX",False,17.9704139514,-92.9480903721,zaira96412,Zaira Ascencio,cc-by-nc,1
Aglaonema commutatum,158118,402469736,https://www.inaturalist.org/observations/402469736,needs_id,2019-09-26,"Loreto, PE",False,-3.2586866667,-72.9151616667,ladyterabithea,,cc-by-nc,1
Aglaonema commutatum,158118,402376417,https://www.inaturalist.org/observations/402376417,needs_id,2026-09-18,"Avenida México, Villahermosa, Tab., MX",False,17.9703416667,-92.9479833333,karendguez,,cc-by-nc,1
Aglaonema commutatum,158118,402288458,https://www.inaturalist.org/observations/402288458,needs_id,2026-09-21,Greater Vancouver,False,49.2667236328,-123.254989624,nicolef4425,,cc-by-nc,1
Aglaonema commutatum,158118,402220630,https://www.inaturalist.org/observations/402220630,needs_id,2026-09-21,"Calle 27a. Poniente, Tapachula, Chis., MX",False,14.9208783333,-92.2619466667,fridap24,,cc-by-nc,1
Aglaonema commutatum,158118,402148762,https://www.inaturalist.org/observations/402148762,needs_id,2026-09-21,"Vigilante Dr, Singapore, SG, SG",False,1.2841843338,103.7905438334,jc42485,JC,cc-by-nc,2
Aglaonema commutatum,158118,402126250,https://www.inaturalist.org/observations/402126250,needs_id,2026-09-21,"North 24 Parganas, IN-WB, IN",False,22.68881225,88.4397430278,inat5jayita,Jayita Mazumdar,cc-by-nc,1
Aglaonema commutatum,158118,402082340,https://www.inaturalist.org/observations/402082340,needs_id,2026-09-21,"Singapore, SG, SG",False,1.3603866667,103.8236383333,susanna_lim,,cc-by-nc,2
Aglaonema commutatum,158118,402081285,https://www.inaturalist.org/observations/402081285,needs_id,2026-09-21,"Island Club Rd, Singapore, SG, SG",False,1.3603166667,103.821695,susanna_lim,,cc-by-nc,2
Aglaonema commutatum,158118,401138377,https://www.inaturalist.org/observations/401138377,needs_id,2026-09-17,Greater Vancouver,False,49.2581596375,-123.2531280518,iameloise,,,1
Aglaonema commutatum,158118,400480563,https://www.inaturalist.org/observations/400480563,needs_id,2026-09-15,"El Peñón, Cundinamarca, CO",False,5.2437975263,-74.3181863795,juanma23035,juanma diaz,cc-by-nc,1
Aglaonema commutatum,158118,400416384,https://www.inaturalist.org/observations/400416384,needs_id,2026-09-15,"Science Block, Changanassery, Kerala 686101, India",False,9.4507468772,76.5385756642,sulthana,Sulthana Muhammed,cc-by-nc,1
Aglaonema commutatum,158118,399903645,https://www.inaturalist.org/observations/399903645,needs_id,2026-09-09,"Jl. Beringin Raya No.15, Wonosari, Kec. Ngaliyan, Kota Semarang, Jawa Tengah 50244, Indonesia",False,-6.9823904,110.3278494,anggisaff,,cc-by-nc,1
Aglaonema commutatum,158118,399433474,https://www.inaturalist.org/observations/399433474,needs_id,2026-09-12,600台灣嘉義市東區民權五福街口[幸福巴士],False,23.48387494,120.46769514,naturalist198247,馬小玲,cc-by-nc,1
Aglaonema commutatum,158118,399432737,https://www.inaturalist.org/observations/399432737,research,2026-09-12,"Minquan Rd, East District, Chiayi City, TW",False,23.4839649649,120.4673961267,ping_kuei,Ping-Kuei Liao,cc-by-nc,1
Aglaonema commutatum,158118,399431016,https://www.inaturalist.org/observations/399431016,research,2026-09-12,"Minquan Rd, East District, Chiayi City, TW",False,23.4840115484,120.4672033261,ping_kuei,Ping-Kuei Liao,cc-by-nc,1
Aglaonema commutatum,158118,398625405,https://www.inaturalist.org/observations/398625405,needs_id,2026-09-09,"Long Lama, Sarawak, Malaysia",False,3.7123479722,114.4301986667,wilsonbalan,Wilsonbalan Wilsonbalan,cc-by-nc,1
Aglaonema commutatum,158118,398311681,https://www.inaturalist.org/observations/398311681,needs_id,2026-09-08,"Clementi Rd, Singapore, SG, SG",False,1.3259215772,103.7747540304,kezia_khoo,Kezia Khoo,,1
Aglaonema commutatum,158118,398097262,https://www.inaturalist.org/observations/398097262,research,2026-09-07,"Onion Creek Ranch Rd, Driftwood, TX, US",False,30.1484243214,-98.0180843498,thetlcfarm,,cc-by-nc,1
Aglaonema commutatum,158118,397757884,https://www.inaturalist.org/observations/397757884,research,2026-09-06,"Temeke, TZ",False,-6.9156844395,39.4817383525,sera2030,Biodiversity Restoration Registry Kigamboni.,cc-by-nc,1
Aglaonema commutatum,158118,396335098,https://www.inaturalist.org/observations/396335098,research,2026-09-01,"Architecture Dr, Singapore, SG, SG",False,1.2977176901,103.7707366375,deng41805,deng simiao,cc-by-nc,1
Aglaonema commutatum,158118,396258560,https://www.inaturalist.org/observations/396258560,research,2026-08-29,"Calle Bahía, Osa, Puntarenas, CR",False,9.1571721667,-83.744605,riverahlquist,River Ahlquist,cc-by,1
Aglaonema commutatum,158118,396166969,https://www.inaturalist.org/observations/396166969,needs_id,2026-08-31,"Bedford Ave, Nashville, TN, US",False,36.1084426495,-86.819875477,bfrist,Senator Bill Frist,,2
Aglaonema commutatum,158118,395745980,https://www.inaturalist.org/observations/395745980,needs_id,2026-08-30,"Bilar, PH, BO",False,9.7181483127,124.1181313635,danield2,Daniel D,,1
Aglaonema commutatum,158118,394890431,https://www.inaturalist.org/observations/394890431,needs_id,2026-08-27,"C7CF+P65, Ngadiretno, Tamanagung, Kec. Muntilan, Kabupaten Magelang, Jawa Tengah 56413, Indonesia",False,-7.5781979722,110.2729415833,sekarauliaa,,cc-by-nc,1
Aglaonema commutatum,158118,394515825,https://www.inaturalist.org/observations/394515825,research,2026-08-25,"Yale Blvd NE, Albuquerque, NM, US",False,35.0824717759,-106.6227636394,andrew_20,,cc-by-nc,1
Aglaonema commutatum,158118,394135938,https://www.inaturalist.org/observations/394135938,needs_id,2024-06-16,"Haleiwa, HI, US",False,21.6349416667,-158.0541221667,teevee06,,cc-by-nc,1
Aglaonema commutatum,158118,394111253,https://www.inaturalist.org/observations/394111253,research,2026-08-20,"Carrera 116, Cali, Valle del Cauca, CO",False,3.3518730022,-76.5294058508,juanko16,Juan Restrepo,cc-by-nc,1
Aglaonema commutatum,158118,393968126,https://www.inaturalist.org/observations/393968126,research,2026-08-24,"Ban Khai District, Rayong, TH",False,12.8257617963,101.2454075875,noppadol_latthikul,Noppadol Latthikul,cc-by-nc,1
Aglaonema commutatum,158118,393151215,https://www.inaturalist.org/observations/393151215,research,2026-08-21,"Lornie Rd, Singapore, SG, SG",False,1.341491835,103.8334146842,perkyplanthusiast5,Dylan Loh,cc-by-nc,1
Aglaonema commutatum,158118,393109495,https://www.inaturalist.org/observations/393109495,research,2026-08-21,"Opp Andrew Rd, Singapore",False,1.3415417494,103.8335965946,kayla7162,Kayla,cc-by-nc,1
Aglaonema commutatum,158118,393097371,https://www.inaturalist.org/observations/393097371,research,2026-08-21,Kitanakagusuku,False,26.3144302368,127.7959213257,trevorah,,cc-by-nc,1
Aglaonema commutatum,158118,393033711,https://www.inaturalist.org/observations/393033711,research,2026-07-29,"Vargem Pequena, Rio de Janeiro - RJ, Brasil",False,-22.9826458,-43.4630981,gustavomarques91,Gustavo Marques,cc-by-nc,1
Aglaonema commutatum,158118,392885006,https://www.inaturalist.org/observations/392885006,needs_id,2026-08-20,"FG2Q+WGF, Changanassery, Kerala 686101, India",False,9.4522691,76.5387237,ishitha,Ishitha Boben,cc-by-nc,1
Aglaonema commutatum,158118,392785109,https://www.inaturalist.org/observations/392785109,needs_id,2026-08-19,"Girón, Santander, Colombia",False,7.0613733333,-73.1681616667,gabriel76156,Gabriel Quezada,cc-by-nc,1
Aglaonema commutatum,158118,392745139,https://www.inaturalist.org/observations/392745139,needs_id,2026-08-14,"São Luís - MA, Brasil",False,-2.5690329414,-44.3269204348,isabellefengler,Isabelle,cc-by-nc,1
Aglaonema commutatum,158118,392064932,https://www.inaturalist.org/observations/392064932,needs_id,2026-08-16,"Siquirres, CR-LI, CR",False,10.1343195,-83.5630716667,havin4,Havin Yang,cc-by-nc,1
Aglaonema commutatum,158118,392030519,https://www.inaturalist.org/observations/392030519,needs_id,2026-08-17,"Long Lama, Sarawak, Malaysia",False,3.7350010914,114.4210970029,emen1,Emen Jok,cc-by-nc,2
Aglaonema commutatum,158118,392027521,https://www.inaturalist.org/observations/392027521,needs_id,2026-08-17,"Long Lama, Sarawak, Malaysia",False,3.7350010914,114.4210970029,dona3430,Dona Lungan,cc-by-nc,3
Aglaonema commutatum,158118,392005184,https://www.inaturalist.org/observations/392005184,needs_id,2026-08-17,"Zamboanga City, PH-ZS, PH",False,6.9343666667,122.079825,ulama__shaina_queenysha_dewi_m,"ULAMA, SHAINA QUEENYSHA DEWI M",cc-by-nc,1
Aglaonema commutatum,158118,392005108,https://www.inaturalist.org/observations/392005108,research,2026-08-17,"Zamboanga City, PH-ZS, PH",False,6.93437,122.0798195,ulama__shaina_queenysha_dewi_m,"ULAMA, SHAINA QUEENYSHA DEWI M",cc-by-nc,1
Aglaonema commutatum,158118,391998380,https://www.inaturalist.org/observations/391998380,research,2026-08-17,"Zamboanga, Zamboanga Peninsula, PH",False,6.9340911891,122.0286392997,fatimalierajulain,,cc-by-nc,1
Aglaonema commutatum,158118,391981445,https://www.inaturalist.org/observations/391981445,research,2026-08-17,"XX42+RVW, Zamboanga City, Zamboanga Sibugay, Philippines",False,6.9553933,121.951597,yuan_santino,Yuan Santino Almonte,cc-by-nc,1
Aglaonema commutatum,158118,391978343,https://www.inaturalist.org/observations/391978343,needs_id,2026-08-17,"W4RM+3CR, Zamboanga City, Zamboanga del Sur, Philippines",False,6.94029206,122.13363481,precious_grace1,Precious Grace Barroca,cc-by-nc,1
Aglaonema commutatum,158118,391849742,https://www.inaturalist.org/observations/391849742,needs_id,2026-08-16,"Autopista Braulio Carrillo, Siquirres, Limon, CR",False,10.1341861667,-83.5625133333,leah61320,Leah Choi,cc-by-nc,1
Aglaonema commutatum,158118,391772235,https://www.inaturalist.org/observations/391772235,research,2026-08-16,"Calle El Tucán, Talamanca, Limon, CR",False,9.640555,-82.73628,leah61320,Leah Choi,cc-by-nc,1
Aglaonema commutatum,158118,390981298,https://www.inaturalist.org/observations/390981298,research,2026-07-11,Bello,False,6.3206143379,-75.5612716675,nikoso_b,Nikolas Osorio Bueno,cc-by-nc,1
Aglaonema commutatum,158118,390849077,https://www.inaturalist.org/observations/390849077,needs_id,2026-08-08,"Matobe, Kec. Sikakap, Kabupaten Kepulauan Mentawai, Sumatera Barat, Indonesia",False,-2.7086972222,100.1902638889,darulqt,DarulQt 13,,1
Aglaonema commutatum,158118,390754489,https://www.inaturalist.org/observations/390754489,needs_id,2026-08-13,"Singel Te Road, Darjeeling, West Bengal, IN",False,26.8938029563,88.2757355224,ruchitamang,Ruchi Tamang,cc-by-nc,1
Aglaonema commutatum,158118,390441887,https://www.inaturalist.org/observations/390441887,needs_id,2026-08-02,"Bukit Panjang, Singapore",False,1.3455853,103.7844493,mike_hooper,Mike Hooper,cc-by-nc,2
Aglaonema commutatum,158118,390358145,https://www.inaturalist.org/observations/390358145,needs_id,2026-08-11,"Sabanalarga, Atlántico, Colombia",False,10.6359453056,-74.9309692222,anyelina57688,Anyelina Meza Torrija,cc-by-nc,1
Aglaonema commutatum,158118,390207522,https://www.inaturalist.org/observations/390207522,research,2026-06-19,"Vimukthi Mawatha, Western Province, LK",False,6.9122401953,79.9729997221,vitaliiz,NV Residencies,cc-by,1
Aglaonema commutatum,158118,389903100,https://www.inaturalist.org/observations/389903100,research,2026-08-10,"福康宁公园, 新加坡, SG, SG",False,1.2960466667,103.8463366667,yanfumu,,cc-by-nc,1
Aglaonema commutatum,158118,389311757,https://www.inaturalist.org/observations/389311757,research,2026-08-08,"Quick Fox Ct, Bristow, VA, US",False,38.7447182815,-77.5568239231,rreo,,cc-by-nc,1
Aglaonema commutatum,158118,388936994,https://www.inaturalist.org/observations/388936994,research,2026-08-01,"Manila, Metro Manila, PH",False,14.5860271244,120.9762712439,remeriza_regio,Remeriza Regio,cc-by-nc,1
Aglaonema commutatum,158118,388769603,https://www.inaturalist.org/observations/388769603,needs_id,2026-08-06,"Salvador, BA, BR",False,-12.9285875231,-38.4332267583,shyguyfrommario,┈✷◎்۫۫ Lara ✵ ┈❃۬◦۪۪̥,cc-by-nc,1
Aglaonema commutatum,158118,387398239,https://www.inaturalist.org/observations/387398239,needs_id,2026-08-02,"Kulai, Johore, MY",False,1.6182626414,103.6159820828,hong_xuan_yong,Hong Xuan Yong,cc-by-nc,1
Aglaonema commutatum,158118,387394555,https://www.inaturalist.org/observations/387394555,needs_id,2026-08-02,"Kulai, Johore, MY",False,1.6181348331,103.6160763521,hong_xuan_yong,Hong Xuan Yong,cc-by-nc,1
Aglaonema commutatum,158118,387379886,https://www.inaturalist.org/observations/387379886,needs_id,2026-08-02,"Kulai, Johore, MY",False,1.6179846665,103.6163143327,hong_xuan_yong,Hong Xuan Yong,cc-by-nc,2
Aglaonema commutatum,158118,387291065,https://www.inaturalist.org/observations/387291065,needs_id,2026-08-01,"São Paulo, BR-SP, BR",False,-23.5461706467,-46.4208656922,nathalia54512,Nathalia Oliveira,cc-by-nc,1
Aglaonema commutatum,158118,387132786,https://www.inaturalist.org/observations/387132786,needs_id,2026-07-22,"Hickory Rd, Cow Bay, QLD, AU",False,-16.2254406973,145.4155845713,julesbrittan,,cc-by-nc,1
Aglaonema commutatum,158118,387087272,https://www.inaturalist.org/observations/387087272,needs_id,2026-06-19,"Vimukthi Mawatha, Western Province, LK",False,6.9122318982,79.9729963825,vitaliiz,NV Residencies,cc-by,1
Aglaonema commutatum,158118,386310632,https://www.inaturalist.org/observations/386310632,research,2026-05-09,Singapore Botanic Gardens,False,1.3138396962,103.8159134611,hadoe,Doreen,cc-by,3
Aglaonema commutatum,158118,385845189,https://www.inaturalist.org/observations/385845189,needs_id,2026-07-17,"70987 Bahía de Santa Cruz Huatulco, Oax., México",False,15.7550463889,-96.1512830556,jaquelinemendezramirez,,cc-by-nc,2
Aglaonema commutatum,158118,385414005,https://www.inaturalist.org/observations/385414005,needs_id,2026-07-26,"Calle 30, Sincelejo, Sucre, CO",False,9.2887501076,-75.3997689394,daniela55457,daniela mendoza,cc-by-nc,1
Aglaonema commutatum,158118,385411505,https://www.inaturalist.org/observations/385411505,research,2026-07-26,"Calle 30, Sincelejo, Sucre, CO",False,9.2887352579,-75.3997397115,daniela55457,daniela mendoza,cc-by-nc,1
Aglaonema commutatum,158118,385410674,https://www.inaturalist.org/observations/385410674,needs_id,2026-07-26,"Calle 30, Sincelejo, Sucre, CO",False,9.288796884,-75.399797917,daniela55457,daniela mendoza,cc-by-nc,1
Aglaonema commutatum,158118,385195481,https://www.inaturalist.org/observations/385195481,research,2026-07-26,"Saha Witthaya San Road, Lam Thamenchai District, Nakhon Ratchasima, TH",False,15.3530481895,102.9341695198,sulisa_119,SULISA DOKKHAORAM,cc-by-nc,1
Aglaonema commutatum,158118,384704507,https://www.inaturalist.org/observations/384704507,needs_id,2026-07-24,"Aguirre, Puntarenas, CR",False,9.3981055001,-84.1696034177,arkschmo,Scott Colby,cc-by-nc,1
Aglaonema commutatum,158118,384509365,https://www.inaturalist.org/observations/384509365,needs_id,2026-07-24,"Sumatra, Kabupaten Pelalawan, Riau, ID",False,0.3949166667,102.8472583333,mardi_,Mardi,cc-by-nc,4
Aglaonema commutatum,158118,384326973,https://www.inaturalist.org/observations/384326973,research,2025-09-17,"Lanai City, HI, US",False,20.7421783333,-156.89515,lee_jones1,Lee Jones,,1
Aglaonema commutatum,158118,384222266,https://www.inaturalist.org/observations/384222266,needs_id,2026-07-23,"Bogor, Kp. Parung Jambu, Bogor City, West Java, Indonesia",False,-6.5407977701,106.7806860511,abidanimallover,,cc-by,1
Aglaonema commutatum,158118,384147930,https://www.inaturalist.org/observations/384147930,needs_id,2026-07-23,"Lorong Pulau Santap, Lanchang, Pahang, MY",False,3.3351033333,101.859825,aminroazmi,,cc-by-nc,3
Aglaonema commutatum,158118,384076791,https://www.inaturalist.org/observations/384076791,research,2026-07-22,"Turrialba, Cartago, CR",False,9.9007366667,-83.667305,nickrope,,cc-by-nc,2
Aglaonema commutatum,158118,382263823,https://www.inaturalist.org/observations/382263823,research,2026-07-17,"R5J3+Q4V, Catacamas, Olancho, Honduras",False,14.8326287,-85.8471095,estefany_virginia,FANY CALDERON,cc-by-nc,1
Aglaonema commutatum,158118,382107634,https://www.inaturalist.org/observations/382107634,needs_id,2026-07-16,"Blk 267, Singapore",False,1.3473663121,103.7612909451,leewm66,,cc-by-nc,1
Aglaonema commutatum,158118,380879027,https://www.inaturalist.org/observations/380879027,needs_id,2026-07-12,"P2RV+GRC, San Lucas, El Paraíso, Honduras",False,13.7411081,-86.9551496,daniela8172727,Daniela Fernanda Avila Valladares,cc-by-nc,1
Aglaonema commutatum,158118,380819329,https://www.inaturalist.org/observations/380819329,needs_id,2026-07-12,"Résidence de l'Orée de Marly, Noisy-le-Roi, Île-de-France, FR",False,48.842755,2.0701305,octololooo,,cc-by-nc,1
Aglaonema commutatum,158118,380646148,https://www.inaturalist.org/observations/380646148,needs_id,2026-06-22,"Kepong, Kuala Lumpur, Federal Territory of Kuala Lumpur, Malaysia",False,3.2271722222,101.6200638889,kingmush,JeffreyGammon,cc-by-nc,1
Aglaonema commutatum,158118,379740694,https://www.inaturalist.org/observations/379740694,needs_id,2026-07-09,"Kui Buri District, Prachuap Khiri Khan, TH",False,12.0967055,99.6690883333,ellyphant,,cc-by-nc,1
Aglaonema commutatum,158118,379350112,https://www.inaturalist.org/observations/379350112,needs_id,2026-06-03,"Maceo, Antioquia, Colombia",False,6.5519483333,-74.785285,camilolaverde,,cc-by-nc,1
Aglaonema commutatum,158118,378340626,https://www.inaturalist.org/observations/378340626,research,2026-07-04,"Davao City, Davao, PH",False,7.2087264777,125.4770697895,jaycel1,Jaycel Deguito,cc-by-nc,1
Aglaonema commutatum,158118,378325368,https://www.inaturalist.org/observations/378325368,research,2026-07-05,"Morogoro, Morogoro Urban, TZ",False,-6.8094366667,37.7180133333,antidius_raphael,Antidius Raphael,cc-by-nc,1
Aglaonema commutatum,158118,378259224,https://www.inaturalist.org/observations/378259224,research,2026-07-05,Johor Bahru,False,1.482509017,103.7449035645,ibrahim1983,,cc-by-nc,1
Aglaonema commutatum,158118,377906830,https://www.inaturalist.org/observations/377906830,research,2026-07-04,"Tamayong, Davao City, Davao del Sur, Philippines",False,7.13954872,125.38484336,joerenz,Joerenz Placio,cc-by-nc,1
Aglaonema commutatum,158118,377398372,https://www.inaturalist.org/observations/377398372,research,2026-07-02,"Siem Reap, Siem Reap, KH",False,13.3405614908,103.8268744274,christian19890,,cc-by-nc,1
Aglaonema commutatum,158118,377397737,https://www.inaturalist.org/observations/377397737,research,2026-07-02,"Siem Reap, Siem Reap, KH",False,13.3403067118,103.8262490575,christian19890,,cc-by-nc,1
Aglaonema commutatum,158118,377395831,https://www.inaturalist.org/observations/377395831,research,2026-07-02,"Siem Reap, Siem Reap, KH",False,13.3402904412,103.8262412896,christian19890,,cc-by-nc,1
Aglaonema commutatum,158118,377395590,https://www.inaturalist.org/observations/377395590,research,2026-07-02,"Siem Reap, Siem Reap, KH",False,13.3402904412,103.8262412896,christian19890,,cc-by-nc,1
Aglaonema commutatum,158118,377395356,https://www.inaturalist.org/observations/377395356,research,2026-07-02,"Siem Reap, Siem Reap, KH",False,13.3402904412,103.8262412896,christian19890,,cc-by-nc,1
Aglaonema commutatum,158118,376583701,https://www.inaturalist.org/observations/376583701,research,2026-06-29,"Vía 245, Golfito, Puntarenas, CR",False,8.5804666667,-83.4063866667,wewagy,,cc-by-nc,1
Aglaonema commutatum,158118,376333504,https://www.inaturalist.org/observations/376333504,needs_id,2026-06-28,"M63H+CRQ, Limón Province, Puerto Viejo de Talamanca, Costa Rica",False,9.6542825556,-82.7697525,leytonjfreid,Leyton Reid,cc-by-nc,3
Aglaonema commutatum,158118,375821629,https://www.inaturalist.org/observations/375821629,research,2026-04-11,"Conj. Hab. Castro Alves, São Paulo - SP, Brasil",False,-23.5820075,-46.4051437,brunopaulo,,cc-by-nc,1
Aglaonema commutatum,158118,374249829,https://www.inaturalist.org/observations/374249829,needs_id,2026-06-21,"723V+CF2, Baneshwarpur, West Bengal 711314, India",False,22.2535149871,88.0436443537,tina92536,Tina Panja,cc-by-nc,1
Aglaonema commutatum,158118,374096315,https://www.inaturalist.org/observations/374096315,needs_id,2026-05-30,"Central Water Catchment, Singapore",False,1.3549870885,103.8186462771,baronsamedi,baronsamedi,cc-by-sa,1
Aglaonema commutatum,158118,373974963,https://www.inaturalist.org/observations/373974963,research,2026-06-20,"N Vineyard Blvd, Honolulu, HI, US",False,21.3164317514,-157.8585322857,amietheartist,,cc-by-nc,1
Aglaonema commutatum,158118,373927411,https://www.inaturalist.org/observations/373927411,needs_id,2026-06-04,"RT.04/RW.02, Paledang, Kecamatan Bogor Tengah, Kota Bogor, Jawa Barat, Indonesia",False,-6.5988099434,106.799569577,aay2,Aay Hariyani,cc-by-nc,1
Aglaonema commutatum,158118,373385924,https://www.inaturalist.org/observations/373385924,needs_id,2025-12-14,"Greenworth Street, Cainta, Rizal, PH",False,14.6128939592,121.119798138,arweena,Arweena Vergara,cc-by-nc,1
Aglaonema commutatum,158118,370641719,https://www.inaturalist.org/observations/370641719,research,2026-05-26,"Jalan Bandungan, Semarang, Central Java, ID",False,-7.2246376281,110.3695454578,via84401,VIA NURFADHILLAH,cc-by-nc,1
Aglaonema commutatum,158118,369205701,https://www.inaturalist.org/observations/369205701,research,2026-06-07,"Jalan Mariamah, Johor Bahru, Johore, MY",False,1.4706143411,103.7451070827,mariahslee,Maria HS Lee,cc-by-nc,1
Aglaonema commutatum,158118,369205669,https://www.inaturalist.org/observations/369205669,research,2026-06-07,"Jalan Mariamah, Johor Bahru, Johore, MY",False,1.4706408286,103.7450934413,mariahslee,Maria HS Lee,cc-by-nc,1
Aglaonema commutatum,158118,369085414,https://www.inaturalist.org/observations/369085414,research,2026-01-09,"Palama St, Kalāheo, HI, US",False,21.9188142395,-159.5237566921,kbsirois,Kaela Belle,cc-by-nc,1
Aglaonema commutatum,158118,368261828,https://www.inaturalist.org/observations/368261828,needs_id,2026-06-04,Kebun Raya Bogor,False,-6.597628929,106.799569577,ameliazhrr,Amelia Azahra,cc-by-nc,1
Aglaonema commutatum,158118,368218801,https://www.inaturalist.org/observations/368218801,research,2026-06-03,"Ala Moana Blvd, Honolulu, HI, US",False,21.2870966288,-157.8385895549,amietheartist,,cc-by-nc,1
Aglaonema commutatum,158118,368034555,https://www.inaturalist.org/observations/368034555,needs_id,2026-06-03,"Fernvale Link, Singapore, SG, SG",False,1.3903083333,103.879455,jimmy513,Jimmy Tan,,1
Aglaonema commutatum,158118,368010955,https://www.inaturalist.org/observations/368010955,research,2026-06-03,Maceo,False,6.5525608063,-74.785369873,emonuel,,cc-by-nc,1
Aglaonema commutatum,158118,368010712,https://www.inaturalist.org/observations/368010712,research,2026-06-03,Maceo,False,6.552093029,-74.785369873,shofivalenciaa,,cc-by-nc,1
Aglaonema commutatum,158118,367597604,https://www.inaturalist.org/observations/367597604,needs_id,2026-06-01,"Isla Aguada Km. 2, El, Puente Champoton, Arenal, 24400 Champotón, Camp., México",False,19.3232668,-90.7436655,jazminsantos2005,,cc-by-nc,1
Aglaonema commutatum,158118,367323758,https://www.inaturalist.org/observations/367323758,needs_id,2025-12-30,"Myoungmya, MM-AY, MM",False,16.6069746599,94.9291637994,thawdar_lin_lei,Thawdar Lin Lei,cc-by-nc,1
Aglaonema commutatum,158118,366943899,https://www.inaturalist.org/observations/366943899,needs_id,2026-05-31,"M26F+8P, Watamu, Kenya",False,-3.3368381253,40.0236678589,princesscaro_soni,Caroline Muthoni,cc-by-nc,1
Aglaonema commutatum,158118,366518373,https://www.inaturalist.org/observations/366518373,research,2026-05-10,"Carrera 26, Bogotá, Bogotá, CO",False,4.6407305931,-74.0754945493,irissz,,cc-by-nc,1
Aglaonema commutatum,158118,365897011,https://www.inaturalist.org/observations/365897011,needs_id,2026-05-21,"Av. Prof. Pinto de Aguiar, 2255-2359 - Pituaçu, Salvador - BA, Brasil - Pituaçu, Salvador - BA, 41740-090, Brasil",False,-12.9485142289,-38.4133784473,marigusmao,Mariana Gusmão,cc-by-nc,1
Aglaonema commutatum,158118,365872581,https://www.inaturalist.org/observations/365872581,needs_id,2026-05-27,"Guaduas, CO-CU, CO",False,5.1994050631,-74.7455963865,gta2,Gta Baru,cc-by-nc,1
Aglaonema commutatum,158118,365150499,https://www.inaturalist.org/observations/365150499,needs_id,2026-02-14,"Gunung Belumut Recreational Forest, Kulai, Johor Darul Ta'zim, Malaysia",False,2.0645953853,103.527955238,ludwig_muller,Ludwig Muller,,1
Aglaonema commutatum,158118,364655562,https://www.inaturalist.org/observations/364655562,needs_id,2026-05-24,"Avenida Alcindo Cacela, 1626 - Nazaré, Belém - PA, 66040-020, Brasil",False,-1.4532333333,-48.4771333333,minaitecelite,,cc-by-nc,1
Aglaonema commutatum,158118,364652629,https://www.inaturalist.org/observations/364652629,needs_id,2026-05-24,"Avenida Alcindo Cacela, 1626 - Nazaré, Belém - PA, 66040-020, Brasil",False,-1.4530965,-48.4767683,nathali63315,Nathali Cristino,cc-by-nc,1
Aglaonema commutatum,158118,364652491,https://www.inaturalist.org/observations/364652491,needs_id,2026-05-24,"Avenida Alcindo Cacela, 1626 - Nazaré, Belém - PA, 66040-020, Brasil",False,-1.4531064,-48.4768696333,nathali63315,Nathali Cristino,cc-by-nc,1
Aglaonema commutatum,158118,364345642,https://www.inaturalist.org/observations/364345642,needs_id,2024-11-27,"Aquino, Ibajay, Aklan, Philippines",False,11.8164176944,122.1151656944,rcahilig,Richard Ropero Cahilig,cc-by-nc,1
Aglaonema commutatum,158118,364163130,https://www.inaturalist.org/observations/364163130,needs_id,2026-05-23,"Puthukkad, Kerala, India",False,10.4217050767,76.2731505518,gouri96492,Gouri Rajeev,cc-by-nc,1
Aglaonema commutatum,158118,363599679,https://www.inaturalist.org/observations/363599679,research,2026-04-22,"Bukit Panjang, Singapore",False,1.3611861111,103.7694694444,elusiveorchids,Keith Martin-Smith,cc-by,1
Aglaonema commutatum,158118,363596424,https://www.inaturalist.org/observations/363596424,research,2026-05-20,"Puren, Zhongli District, Taoyuan City, TW",False,24.9558924348,121.2443721503,samuel60922,Samuel Lin,cc-by-nc,1
Aglaonema commutatum,158118,363556758,https://www.inaturalist.org/observations/363556758,needs_id,2026-05-20,,True,,,miguelmessi1432,,cc-by-nc,1
Aglaonema commutatum,158118,362727399,https://www.inaturalist.org/observations/362727399,research,2026-05-11,"Bukit Panjang, Singapore",False,1.3490555556,103.7759972222,mdoliveira,,cc-by-nc,4
Aglaonema commutatum,158118,362693399,https://www.inaturalist.org/observations/362693399,needs_id,2026-05-18,"Central Water Catchment, Singapore",False,1.3568090813,103.8125550002,lukemcooo,Luke Cooper,cc-by-nc,1
Aglaonema commutatum,158118,362591561,https://www.inaturalist.org/observations/362591561,research,2026-05-18,"Yuping Rd, Anping District, Tainan City, TW",False,22.9937829427,120.1675001859,lee-moon,,cc-by-nc,1
Aglaonema commutatum,158118,361967864,https://www.inaturalist.org/observations/361967864,needs_id,2026-05-16,"5WMM+W92, Kampong Seila​, Cambodia",False,11.188125,103.9338083333,sinuon,Sinuon Sao,cc-by-nc,6
Aglaonema commutatum,158118,361526556,https://www.inaturalist.org/observations/361526556,research,2026-05-13,"Kapahi Rd, Kapaʻa, HI, US",False,22.1030756248,-159.3434042996,naomicretu,,cc-by-nc,1
Aglaonema commutatum,158118,361331612,https://www.inaturalist.org/observations/361331612,needs_id,2026-05-14,"Institut Kemahiran MARA Seberang Perai Utara, Bukit Mertajam, Penang, MY",False,5.44627,100.5124366667,atiey,,cc-by-nc,1
Aglaonema commutatum,158118,361331578,https://www.inaturalist.org/observations/361331578,needs_id,2026-05-14,"Seberang Perai Utara, MY-PG, MY",False,5.4465984978,100.5123687163,nur99730,Nur Sabrina,cc-by-nc,3
Aglaonema commutatum,158118,361324854,https://www.inaturalist.org/observations/361324854,research,2026-05-14,"Bukit Mertajam, Penang, MY",False,5.4462186035,100.5124587483,husnaarosley,NURUL HUSNA ROSLEY,cc-by-nc,1
Aglaonema commutatum,158118,361124794,https://www.inaturalist.org/observations/361124794,research,2026-04-28,"66RV+WJ5, Iligan City, Lanao del Norte, Philippines",False,8.2424427016,124.2441685125,chloebiagcong,,cc-by-nc,5
Aglaonema commutatum,158118,361119564,https://www.inaturalist.org/observations/361119564,research,2026-05-13,"Yongxing Rd Sec 3, Yongjing Township, Changhua County, TW",False,23.9227156266,120.5523905646,chien38223,Chien season,cc-by-nc,1
Aglaonema commutatum,158118,361088442,https://www.inaturalist.org/observations/361088442,needs_id,2026-04-23,"Honolulu, Hawaii, United States",False,21.3365888889,-157.8026805556,kevinfaccenda,Kevin Faccenda,cc-by,1
Aglaonema commutatum,158118,361016615,https://www.inaturalist.org/observations/361016615,research,2026-05-11,"Sandakan, Sabah, MY",False,5.8759963509,117.9455834777,shreyadev,,cc-by-nc,1
Aglaonema commutatum,158118,360831117,https://www.inaturalist.org/observations/360831117,research,2026-05-12,"Sleman, Yogyakarta, ID",False,-7.6935616667,110.3456633333,devirahma,,cc-by-nc,1
Aglaonema commutatum,158118,360799667,https://www.inaturalist.org/observations/360799667,research,2026-05-03,"Nologaten, Caturtunggal, Kec. Depok, Kabupaten Sleman, Daerah Istimewa Yogyakarta, Indonesia",False,-7.7734476489,110.3992258385,nurmaliawulan_,,cc-by-nc,1
Aglaonema commutatum,158118,360760587,https://www.inaturalist.org/observations/360760587,needs_id,2026-05-11,"Rifle Range Rd, Rifle Range Nature Park, Singapore 589322",False,1.3434752,103.7794063,leewm66,,cc-by-nc,1
Aglaonema commutatum,158118,360280956,https://www.inaturalist.org/observations/360280956,research,2026-05-10,"Avenida Édgar Trejos, Masaya, Masaya, NI",False,11.9792583333,-86.0981971667,mardeletras,,cc-by-nc,2
Aglaonema commutatum,158118,360086182,https://www.inaturalist.org/observations/360086182,needs_id,2024-02-24,"3XQC+M4, Lanuza, Surigao del Sur, Philippines",False,9.0912805556,125.9712083333,g65739,G J,cc-by-nc,3
Aglaonema commutatum,158118,359306736,https://www.inaturalist.org/observations/359306736,needs_id,2026-05-07,"Cacalchén, Yuc., MX",False,21.0098466304,-89.2920493041,urc87b,,cc-by-nc,1
Aglaonema commutatum,158118,359082552,https://www.inaturalist.org/observations/359082552,needs_id,2026-05-07,"3FQ6+C74, Limau Manis, Kec. Pauh, Kota Padang, Sumatera Barat 25175, Indonesia",False,-0.9114897,100.4605947,ghania4,Ghania Arrahmah,cc-by-nc,1
Aglaonema commutatum,158118,358808380,https://www.inaturalist.org/observations/358808380,needs_id,2026-05-06,"Malolo, Fiji",False,-17.7591380833,177.1624145278,kalosnightingales,Bulisuva Savaira Kalokalo,cc-by-nc,1
Aglaonema commutatum,158118,358734234,https://www.inaturalist.org/observations/358734234,needs_id,2026-05-06,"Malolo, Fiji",False,-17.75875854,177.16235941,tex01,,cc-by-nc,1
Aglaonema commutatum,158118,358594126,https://www.inaturalist.org/observations/358594126,needs_id,2026-05-05,"Laamu, MV",False,1.815875,73.4059916667,ahmed_waheed,Ammadu,cc-by-nc,1
Aglaonema commutatum,158118,358536763,https://www.inaturalist.org/observations/358536763,needs_id,2026-04-27,"FRH5+39W Huyong-huyong Nature Park, Tagum, Davao del Norte, Philippines",False,7.4777273573,125.8084552735,lgucenropamela,,cc-by-nc,1
Aglaonema commutatum,158118,358531600,https://www.inaturalist.org/observations/358531600,research,2026-04-27,"Tagum City, PH-DV, PH",False,7.446446003,125.8066814911,lgucpdo_annebiol,Anne Geraldine Biol,,1
Aglaonema commutatum,158118,358479395,https://www.inaturalist.org/observations/358479395,needs_id,2026-05-05,"Fiji, FJ",False,-17.7587364894,177.1602561326,seru_nabola,Seru Nabola,cc-by-nc,1
Aglaonema commutatum,158118,358159384,https://www.inaturalist.org/observations/358159384,needs_id,2026-05-04,"Malolo Island, Fiji",False,-17.7584112147,177.158809416,evisaki,Evisaki Neitoko,cc-by-nc,1
Aglaonema commutatum,158118,358149422,https://www.inaturalist.org/observations/358149422,needs_id,2026-05-04,"Malolo Island, Fiji",False,-17.7584112147,177.158809416,loqorio,Loqorio Domedome,cc-by-nc,1
Aglaonema commutatum,158118,358146041,https://www.inaturalist.org/observations/358146041,needs_id,2026-05-04,"Malolo Island, Fiji",False,-17.7584112147,177.158809416,manaini,Manaini Vakalatia,cc-by-nc,1
Aglaonema commutatum,158118,358123976,https://www.inaturalist.org/observations/358123976,needs_id,2026-04-27,"Tagum City, Davao Del Norte, PH",False,7.4159036087,125.7972702295,lgutourism_abella,geraldine abella,cc-by-nc,1
Aglaonema commutatum,158118,358100528,https://www.inaturalist.org/observations/358100528,research,2026-05-04,"Fiji, FJ",False,-17.756839855,177.1578803606,dedakorolala2026,Deda,cc-by-nc,1
Aglaonema commutatum,158118,357843850,https://www.inaturalist.org/observations/357843850,research,2026-05-03,"Laamu, MV",False,1.8160122478,73.4058443006,abdulla_yarrmin,Abdulla Yamin,cc-by-nc,1
Aglaonema commutatum,158118,357817449,https://www.inaturalist.org/observations/357817449,needs_id,2026-04-04,"Manoa, Honolulu, HI, USA",False,21.3295541156,-157.7968277087,hubertszcz,Hubert Szczygieł,cc-by-nc,2
Aglaonema commutatum,158118,357758744,https://www.inaturalist.org/observations/357758744,needs_id,2026-05-03,"Malolo Island, Fiji",False,-17.7581927,177.1587947,komal27,,cc-by-nc,1
Aglaonema commutatum,158118,357501801,https://www.inaturalist.org/observations/357501801,research,2026-04-26,"Matoury 97351, Guyane française",False,4.8591666667,-52.3208333333,matoury51,N.Bello,cc-by-nc,1
Aglaonema commutatum,158118,357447200,https://www.inaturalist.org/observations/357447200,research,2026-05-02,"Moo 9, Phatthana Nikhom District, Lop Buri, TH",False,14.7753893311,100.8695389863,kim_sama,,cc-by-nc,1
Aglaonema commutatum,158118,357409204,https://www.inaturalist.org/observations/357409204,research,2026-05-02,"Fiji, FJ",False,-17.7574647713,177.1595413962,meme45431,Meme Ratubalavu,cc-by-nc,1
Aglaonema commutatum,158118,357289116,https://www.inaturalist.org/observations/357289116,research,2026-04-29,"Facultad de Salud UIS, Bucaramanga, Santander, Colombia",False,7.1287741283,-73.1146164984,davibel,Juan David Beltrán Gómez,,1
Aglaonema commutatum,158118,357285684,https://www.inaturalist.org/observations/357285684,research,2026-05-02,"Fiji, FJ",False,-17.7576948105,177.1594167576,raquelsaavedra,Raquel Saavedra,cc-by-nc,1
Aglaonema commutatum,158118,357220193,https://www.inaturalist.org/observations/357220193,research,2026-05-01,"Beach Road, Kozhikode, Kerala, IN",False,11.6469196605,75.5597200159,malavika_madhu,Malavika Madhu,cc-by-nc,1
Aglaonema commutatum,158118,357207208,https://www.inaturalist.org/observations/357207208,research,2026-04-25,"Kandy, Sri Lanka",False,7.2984261711,80.6431360515,keshanperera,Keshan Perera,cc-by-nc,1
Aglaonema commutatum,158118,357207198,https://www.inaturalist.org/observations/357207198,research,2026-04-25,"Kandy, Sri Lanka",False,7.2984261711,80.6431360515,keshanperera,Keshan Perera,cc-by-nc,1
Aglaonema commutatum,158118,357207174,https://www.inaturalist.org/observations/357207174,research,2026-04-25,"Kandy, Sri Lanka",False,7.2984261711,80.6431360515,keshanperera,Keshan Perera,cc-by-nc,1
Aglaonema commutatum,158118,357105066,https://www.inaturalist.org/observations/357105066,needs_id,2026-05-01,"Malolo Island, Fiji",False,-17.75803,177.1590116667,lellaare,,cc-by-nc,1
Aglaonema commutatum,158118,357091566,https://www.inaturalist.org/observations/357091566,needs_id,2026-04-27,"Mindanao, Tagum City, Davao Del Norte, PH",False,7.47703,125.8094633333,lgutourism_abella,geraldine abella,cc-by-nc,1
Aglaonema commutatum,158118,357087062,https://www.inaturalist.org/observations/357087062,needs_id,2026-04-24,"Tagum City, Davao Del Norte, PH",False,7.3515616667,125.7903966667,prnxcis,,cc-by-nc,1
Aglaonema commutatum,158118,357033257,https://www.inaturalist.org/observations/357033257,research,2026-05-01,"Malolo, Fiji",False,-17.7583716,177.1625684,seradriso,,cc-by-nc,1
Aglaonema commutatum,158118,357007651,https://www.inaturalist.org/observations/357007651,research,2026-04-17,"S Palm Ave, Sarasota, FL, US",False,27.327575,-82.5400083333,alayaq,,cc-by-nc,1
Aglaonema commutatum,158118,356866599,https://www.inaturalist.org/observations/356866599,needs_id,2026-04-26,"FRH5+39W Huyong-huyong Nature Park, Tagum, Davao del Norte, Philippines",False,7.4777274,125.8084553,lguceo_pulmanokath,Catherine Pulmano,,1
Aglaonema commutatum,158118,356751242,https://www.inaturalist.org/observations/356751242,needs_id,2026-04-27,"Magdum, Tagum, Davao del Norte, Philippines",False,7.4680777778,125.8221194444,lgulibrary_nestejoypablo,Neste Joy Pablo,cc-by-nc,1
Aglaonema commutatum,158118,356747405,https://www.inaturalist.org/observations/356747405,needs_id,2026-04-29,"Koh Rong Sanloem, Preah Sihanouk, Камбоджа",False,10.6033366708,103.2935244218,gitanahelen,,cc-by-nc,4
Aglaonema commutatum,158118,356721908,https://www.inaturalist.org/observations/356721908,needs_id,2026-04-29,"San Juan, Padilla, Antipolo, 1870 Rizal, Philippines",False,14.6574335,121.2106108,ba_science_8,BA Science 8 SY 25-26,cc-by-nc,1
Aglaonema commutatum,158118,356534652,https://www.inaturalist.org/observations/356534652,needs_id,2026-04-04,"La Elvira, Valledupar, Cesar, Colombia",False,10.4856845,-73.2676903,nicolemontenegro,nicol montenegro,cc-by-nc,4
Aglaonema commutatum,158118,356412030,https://www.inaturalist.org/observations/356412030,needs_id,2026-04-24,"Tagum City, PH-DV, PH",False,7.4769416667,125.8093116667,coreteam_rodelchua,Rodel Chua,,1
Aglaonema commutatum,158118,356406134,https://www.inaturalist.org/observations/356406134,needs_id,2026-04-27,"Tagum City, Davao Del Norte, PH",False,7.351575,125.790375,lgucmocoop_ruthannpapas,,cc-by-nc,1
Aglaonema commutatum,158118,356404885,https://www.inaturalist.org/observations/356404885,needs_id,2026-04-24,"CQFJ+HPG, Tagum, Davao del Norte, Philippines",False,7.42359595,125.7829807,lgucacco_jemariebaldonado,Jemarie Baldonado,cc-by-nc,1
Aglaonema commutatum,158118,356139175,https://www.inaturalist.org/observations/356139175,research,2026-04-28,"Calle Palo Seco, Golfito, Puntarenas, CR",False,8.6057274998,-83.4441449514,nickpres,Nick Preschel,,1
Aglaonema commutatum,158118,356095320,https://www.inaturalist.org/observations/356095320,needs_id,2026-04-27,"Remire-Montjoly 97354, Guyane française",False,4.8791222222,-52.27855,martinlau1,,cc-by-nc,2
Aglaonema commutatum,158118,356075085,https://www.inaturalist.org/observations/356075085,research,2026-04-26,"Tagum City, Davao Del Norte, PH",False,7.3355533333,125.7631616667,cncmermaids_ciara,Ciara Uy-Salazar,cc-by-nc,1
Aglaonema commutatum,158118,355993159,https://www.inaturalist.org/observations/355993159,research,2026-04-27,"Tagum City, PH-DV, PH",False,7.4419416667,125.826225,cncmermaids_reymark,Reymark A. Namangcayao,cc-by-nc,1
Aglaonema commutatum,158118,355929449,https://www.inaturalist.org/observations/355929449,research,2026-04-24,"7JWR+H4M, Kandy, Sri Lanka",False,7.2986953,80.6417000997,dulyana_apoorva_wanigasooriya,Dulyana Apoorva Wanigasooriya,cc-by-nc,2
Aglaonema commutatum,158118,355928342,https://www.inaturalist.org/observations/355928342,needs_id,2026-04-27,"Tagum, Davao del Norte, Philippines",False,7.4474156,125.8024578,lgucmo_jennilynrimando,Jennilyn Rimando,cc-by-nc,1
Aglaonema commutatum,158118,355913396,https://www.inaturalist.org/observations/355913396,needs_id,2026-04-27,"Magdum, Tagum, Davao del Norte, Philippines",False,7.4707166667,125.8341805556,lgulibrary_nestejoypablo,Neste Joy Pablo,cc-by-nc,1
Aglaonema commutatum,158118,355878220,https://www.inaturalist.org/observations/355878220,research,2026-04-26,"Macasero Street, Tagum City, Davao Del Norte, PH",False,7.4386916667,125.8092416667,grace_nile,Grace Nile Obatay,cc-by-nc,1
Aglaonema commutatum,158118,355862561,https://www.inaturalist.org/observations/355862561,needs_id,2026-04-27,"Parque de Los Ninos, Antonia Santos, Bucaramanga, Santander, Colombia",False,7.1268131389,-73.1178787972,juanpablo_angaritatasco_grado809,JUAN PABLO ANGARITA TASCO,cc-by-nc,4
Aglaonema commutatum,158118,355844670,https://www.inaturalist.org/observations/355844670,research,2026-04-27,"VH5W+RC4, Sangli, Tuljainagar, Sangli Miraj Kupwad, Maharashtra 416416, India",False,16.859404,74.596506,ashishgokhale,Ashish Gokhale,cc-by-nc,1
Aglaonema commutatum,158118,355824135,https://www.inaturalist.org/observations/355824135,needs_id,2026-04-28,"GR2P+JGG, Tagum, Davao del Norte, Philippines",False,7.5018286,125.8362959,jeyzzongordillobsptagum,jeyzzon GordilloBSPtagum,cc-by-nc,1
Aglaonema commutatum,158118,355786529,https://www.inaturalist.org/observations/355786529,research,2026-04-25,"Escuela Normal Superior de Bucaramanga, ST, CO",False,7.127335,-73.117594,valentina_florez_809,,cc-by-nc,2
Aglaonema commutatum,158118,355785336,https://www.inaturalist.org/observations/355785336,research,2026-04-24,"Boowelikada, Kandy, Sri Lanka",False,7.2992233997,80.6414965,dulyana_apoorva_wanigasooriya,Dulyana Apoorva Wanigasooriya,cc-by-nc,3
Aglaonema commutatum,158118,355780037,https://www.inaturalist.org/observations/355780037,needs_id,2026-04-27,"Tagum City, Davao Del Norte, PH",False,7.4769833333,125.8093716667,jheecristejano,,cc-by-nc,1
Aglaonema commutatum,158118,355751223,https://www.inaturalist.org/observations/355751223,research,2026-04-25,"Magugpo South, Tagum, Davao del Norte, Philippines",False,7.440475,125.7997638889,lgulibrary_nestejoypablo,Neste Joy Pablo,cc-by-nc,1
Aglaonema commutatum,158118,355552552,https://www.inaturalist.org/observations/355552552,needs_id,2026-04-24,"P323+RW6, Sri Ram Nagar, Vatluru, Andhra Pradesh 534007, India",False,16.702030373,81.0547655448,mounicapampana07,Mounicapampana07,cc-by-nc,1
Aglaonema commutatum,158118,355404678,https://www.inaturalist.org/observations/355404678,needs_id,2026-04-27,"BIORI Botanical Garden, Orizaba, Ver., MX",False,18.8363856303,-97.096814619,logan_zuu,,cc-by-nc,1
Aglaonema commutatum,158118,355364356,https://www.inaturalist.org/observations/355364356,research,2026-04-27,"Magugpo North, Tagum, Davao del Norte, Philippines",False,7.4557671389,125.81555175,carnicer_danilyem,DANILYEM M. CARNICER,cc-by-nc,1
Aglaonema commutatum,158118,355330294,https://www.inaturalist.org/observations/355330294,needs_id,2026-04-27,"Tagum City, PH-DV, PH",False,7.4078427681,125.7828804106,tcsg_candawanhanzie,TCSG_Candawan,cc-by-nc,1
Aglaonema commutatum,158118,355307342,https://www.inaturalist.org/observations/355307342,research,2026-04-27,"Tagum City, Davao Del Norte, PH",False,7.4514475058,125.7671056664,gsp_precious,gsp_precious,cc-by-nc,1
Aglaonema commutatum,158118,355304289,https://www.inaturalist.org/observations/355304289,needs_id,2026-04-27,"FRH5+39W Huyong-huyong Nature Park, Tagum, Davao del Norte, Philippines",False,7.4771116,125.8095010556,jeshel1,Jeshel Pelarija,cc-by-nc,1
Aglaonema commutatum,158118,355295454,https://www.inaturalist.org/observations/355295454,research,2026-04-27,Bhimadole,False,16.8108009514,81.2636995688,suvarna48543,Suvarna Ethakota,cc-by-nc,1
Aglaonema commutatum,158118,355268176,https://www.inaturalist.org/observations/355268176,research,2026-02-17,"Vigilantes, Filandia, Quindío, CO",False,4.6250109727,-75.7036209904,david89878,David Sterling,cc-by-nc,1
Aglaonema commutatum,158118,355258585,https://www.inaturalist.org/observations/355258585,needs_id,2026-04-25,"Magugpo South, Tagum, Davao del Norte, Philippines",False,7.4405166667,125.79965,lgutourism_jayapostol,jay apostol,,1
Aglaonema commutatum,158118,355255515,https://www.inaturalist.org/observations/355255515,needs_id,2026-04-27,"FRH5+39W Huyong-huyong Nature Park, Tagum, Davao del Norte, Philippines",False,7.4777273573,125.8084552735,lgutourism_victoria,CONDE VICTORIA DAWN,cc-by-nc,1
Aglaonema commutatum,158118,355211208,https://www.inaturalist.org/observations/355211208,needs_id,2026-04-27,"FRH5+39W Huyong-huyong Nature Park, Tagum, Davao del Norte, Philippines",False,7.4777366652,125.8084549382,lgubac_shan,,cc-by-nc,1
Aglaonema commutatum,158118,355185390,https://www.inaturalist.org/observations/355185390,research,2026-04-27,"7JJR+9V9 Dunumadalawa Forest Reserve, Kandy, Sri Lanka",False,7.2809095245,80.6422236934,amantha3,Amantha Alahakoon,cc-by-nc,1
Aglaonema commutatum,158118,355184473,https://www.inaturalist.org/observations/355184473,needs_id,2026-04-27,"Tagum City, Davao Del Norte, PH",False,7.4769666667,125.8095466667,lgucpdo_maricrisgrampon,,cc-by-nc,1
Aglaonema commutatum,158118,355151308,https://www.inaturalist.org/observations/355151308,research,2026-04-27,"FQM4+HRW Prk Bayanihan, Tagum, Davao del Norte, Philippines",False,7.4839985057,125.7570654899,lgutourism_elyza,,cc-by-nc,1
Aglaonema commutatum,158118,355136874,https://www.inaturalist.org/observations/355136874,research,2026-04-26,"San Carlos, Alajuela, CR",False,10.4471666667,-84.572005,tylerwenzel,,cc-by-nc,1
Aglaonema commutatum,158118,355094226,https://www.inaturalist.org/observations/355094226,research,2026-04-26,"south railroad, Kandy, Central Province, LK",False,7.299396296,80.64113226,imesha_r,,cc-by-nc,1
Aglaonema commutatum,158118,355090331,https://www.inaturalist.org/observations/355090331,needs_id,2026-04-27,"Udawatta Kele Sanctuary, Kandy, Central Province, LK",False,7.2962366667,80.642395,wowpreschool,WOW World of Wonders,cc-by-nc,1
Aglaonema commutatum,158118,355090110,https://www.inaturalist.org/observations/355090110,needs_id,2026-04-27,"Boowelikada, Kandy, Sri Lanka",False,7.2988780674,80.6424030662,wowpreschool,WOW World of Wonders,cc-by-nc,1
Aglaonema commutatum,158118,355039827,https://www.inaturalist.org/observations/355039827,needs_id,2026-04-27,"FRH5+39W Huyong-huyong Nature Park, Tagum, Davao del Norte, Philippines",False,7.477468,125.808289,lgucboneri_r,Rodel Neri,cc-by-nc,1
Aglaonema commutatum,158118,354969184,https://www.inaturalist.org/observations/354969184,research,2026-04-27,"Tagum City, Davao Del Norte, PH",False,7.5084033333,125.8165966667,bunny_azuelo,Bunny Azuelo,cc-by-nc,1
Aglaonema commutatum,158118,354947962,https://www.inaturalist.org/observations/354947962,needs_id,2026-04-27,"FRJ6+454, Tagum, Davao del Norte, Philippines",False,7.4805582,125.8107806,lguoffice_rubylyn,Rubylyn Soro,cc-by-nc,1
Aglaonema commutatum,158118,354898494,https://www.inaturalist.org/observations/354898494,needs_id,2026-04-27,"FRH5+566, Tagum, Davao del Norte, Philippines",False,7.47805,125.807915,lguoffice_rubylyn,Rubylyn Soro,cc-by-nc,1
Aglaonema commutatum,158118,354490984,https://www.inaturalist.org/observations/354490984,research,2026-04-25,"Rua Maranhão, Catanduva, SP, BR",False,-21.1435666667,-48.9766783333,william_sorim,William Sorim,cc-by-nc,1
Aglaonema commutatum,158118,354477940,https://www.inaturalist.org/observations/354477940,needs_id,2019-08-03,"Punaauia, Polynésie française",False,-17.6008599248,-149.6117177324,walter_zoccarato,Walter Zoccarato,cc-by-nc,2
Aglaonema commutatum,158118,354474130,https://www.inaturalist.org/observations/354474130,research,2026-04-26,"Kandy, Sri Lanka",False,7.2993774076,80.6406263704,rajitha_indunil_welithara,Rajitha Indunil Welithara,,1
Aglaonema commutatum,158118,354370880,https://www.inaturalist.org/observations/354370880,needs_id,2026-04-24,"La Filipina, Tagum, Davao del Norte, Philippines",False,7.4799372,125.8007225,lgulibrary_nestejoypablo,Neste Joy Pablo,cc-by-nc,1
Aglaonema commutatum,158118,354363766,https://www.inaturalist.org/observations/354363766,research,2026-04-26,"Ipil Street, Maco, Davao De Oro, PH",False,7.3606505373,125.8578437915,bsptagumcity_achzlogicxs,BSPtagum_Achzlogicxs,cc-by-nc,1
Aglaonema commutatum,158118,354346455,https://www.inaturalist.org/observations/354346455,needs_id,2026-04-26,"Kuala Lumpur, MY-KL-KL, MY",False,3.1142512526,101.6653548247,iris_z,,cc-by-nc,2
Aglaonema commutatum,158118,354337845,https://www.inaturalist.org/observations/354337845,research,2026-04-26,"Avenue Sainte-Rita, Montjoly, GF",False,4.918238616,-52.2676666956,matthieu77364,Matthieu Gilardeau,cc-by-nc,1
Aglaonema commutatum,158118,354336828,https://www.inaturalist.org/observations/354336828,research,2026-04-26,"Santa Teresa, ES, Brasil",False,-19.92305,-40.59766,profcharlesmoreto,,cc-by-nc,1
Aglaonema commutatum,158118,354329027,https://www.inaturalist.org/observations/354329027,research,2026-04-26,"W6XG+272, City of Mati, Davao Oriental, Philippines",False,6.9475129,126.2252811,ellaine_joy_macasambat_dorsu,Ellaine Macasambat,cc-by-nc,1
Aglaonema commutatum,158118,354247355,https://www.inaturalist.org/observations/354247355,research,2026-04-26,"Mahanuwara, Kandy, Sri Lanka",False,7.2989526484,80.6398021616,dineka742,Dineka Abeysinghe,cc-by-nc,1
Aglaonema commutatum,158118,354245888,https://www.inaturalist.org/observations/354245888,research,2026-04-26,"Mahanuwara, Kandy, Sri Lanka",False,7.298505,80.6399666667,kithsuki,,cc-by-nc,1
Aglaonema commutatum,158118,354241093,https://www.inaturalist.org/observations/354241093,needs_id,2026-04-26,"San Agustin, Tagum, Davao del Norte, Philippines",False,7.48587189,125.8381695197,lgucmobplo_francisejuvyalegado,Francise Juvy Alegado,cc-by-nc,1
Aglaonema commutatum,158118,354234758,https://www.inaturalist.org/observations/354234758,needs_id,2026-04-26,"FRH5+39W Huyong-huyong Nature Park, Tagum, Davao del Norte, Philippines",False,7.4777273573,125.8084552735,bsptagumbengkay,,cc-by-nc,1
Aglaonema commutatum,158118,354207159,https://www.inaturalist.org/observations/354207159,research,2026-04-26,"竹林寺, 澳門, MO",False,22.2031600821,113.5448183727,leon161616,,cc-by-nc,1
Aglaonema commutatum,158118,354191138,https://www.inaturalist.org/observations/354191138,needs_id,2026-04-23,"São Lázaro, MO-MA, MO",False,22.1997451781,113.5536499022,mojensun,莫展燊,cc-by-nc,1
Aglaonema commutatum,158118,354188191,https://www.inaturalist.org/observations/354188191,research,2026-04-26,澳门松山及松山纜車,False,22.19918186,113.55270599,plmo,,cc-by-nc,1
Aglaonema commutatum,158118,354162059,https://www.inaturalist.org/observations/354162059,needs_id,2026-04-24,"Phase 6 BLK 1, City of Mati, 8200 Davao Oriental, Philippines",False,6.9367964833,126.2561798167,russel_gonzales_dorsu,RUSSEL GONZALES,cc-by-nc,1
Aglaonema commutatum,158118,354059037,https://www.inaturalist.org/observations/354059037,needs_id,2026-04-26,"WGC4+2V7, Air Raja, Kec. Tanjungpinang Tim., Kota Tanjung Pinang, Kepulauan Riau 29125, Indonesia",False,0.919905,104.50718,leontoro,L Sun Toro,cc-by-nc,1
Aglaonema commutatum,158118,353730659,https://www.inaturalist.org/observations/353730659,research,2026-04-25,"Cl 56 Kr 15, Bucaramanga, Santander, Colombia",False,7.1071308369,-73.1201934814,lizbethrincon06,Lizbeth R,cc-by-nc,3
Aglaonema commutatum,158118,353639363,https://www.inaturalist.org/observations/353639363,needs_id,2026-04-25,"Tagum City, Davao Del Norte, PH",False,7.3516166667,125.7903833333,lgucenro-april,,cc-by-nc,1
Aglaonema commutatum,158118,353471834,https://www.inaturalist.org/observations/353471834,research,2026-04-25,"Doulton Close, Mount Edgecombe, KwaZulu-Natal, ZA",False,-29.718005,31.0532445,bushtracker,,,1
Aglaonema commutatum,158118,353464021,https://www.inaturalist.org/observations/353464021,needs_id,2026-04-25,"Mindanao, Tagum City, Davao Del Norte, PH",False,7.511525,125.8396083333,lgu-sp-caasi_delarosa,,cc-by-nc,1
Aglaonema commutatum,158118,353440266,https://www.inaturalist.org/observations/353440266,needs_id,2026-04-24,"Madaum, Tagum, Davao del Norte, Philippines",False,7.3530111111,125.7904833333,gotialimar,Alimar M. Alulino,cc-by-nc,1
Aglaonema commutatum,158118,353434041,https://www.inaturalist.org/observations/353434041,needs_id,2026-04-25,"Mindanao, Tagum City, Davao Del Norte, PH",False,7.352975,125.79045,youth_tcsg_crisostomo,JayDee Crisostomo,cc-by-nc,1
Aglaonema commutatum,158118,353389177,https://www.inaturalist.org/observations/353389177,needs_id,2026-04-25,"Macao, MO",False,22.200172481,113.5393486238,gaga717196,Gaga:),cc-by-nc,1
Aglaonema commutatum,158118,353350717,https://www.inaturalist.org/observations/353350717,needs_id,2026-04-25,"Kuala Lumpur, Kuala Lumpur, MY",False,3.1138037733,101.6649795566,miao_shiqi,MIAO SHIQI STUDENT,cc-by-nc,1
Aglaonema commutatum,158118,353306065,https://www.inaturalist.org/observations/353306065,research,2026-04-25,"Tagum City, Davao Del Norte, PH",False,7.4513253924,125.7671422012,gsp_precious,gsp_precious,cc-by-nc,1
Aglaonema commutatum,158118,353304900,https://www.inaturalist.org/observations/353304900,research,2026-04-25,"Tagum City, Davao Del Norte, PH",False,7.451441832,125.7671053915,gsp_precious,gsp_precious,cc-by-nc,1
Aglaonema commutatum,158118,353273860,https://www.inaturalist.org/observations/353273860,needs_id,2026-04-25,"CRW2+XX8, Tagum, Davao del Norte, Philippines",False,7.4474085011,125.8024578542,lgucenro_grem,lgucenroGrem Gilbert,,1
Aglaonema commutatum,158118,353269674,https://www.inaturalist.org/observations/353269674,needs_id,2026-04-25,"9RGQ+JVC, Tagum, Davao de Oro, Philippines",False,7.3766715455,125.8398270607,bsptagum_jun,Jun Bermudez,cc-by-nc,1
Aglaonema commutatum,158118,353197904,https://www.inaturalist.org/observations/353197904,needs_id,2026-04-24,"Hawaii, US",True,21.3697265001,-157.638058017,maddy_wilkens,,cc-by-nc,3
Aglaonema commutatum,158118,353062985,https://www.inaturalist.org/observations/353062985,research,2026-04-24,"Kourou, GF",False,5.1555331657,-52.6472933963,maternellepalmotkourou-smb,,cc-by-nc,1
Aglaonema commutatum,158118,353060227,https://www.inaturalist.org/observations/353060227,research,2026-04-24,"Rue Thomas Guidiglo, Kourou, GF",False,5.1558881812,-52.6474182029,maternellepalmotkourou-smb,,cc-by-nc,1
Aglaonema commutatum,158118,353019916,https://www.inaturalist.org/observations/353019916,research,2026-04-24,"Cuenca, EC-AZ, EC",False,-2.9202419,-79.0255072,calosg,,cc-by-nc,1
Aglaonema commutatum,158118,352803749,https://www.inaturalist.org/observations/352803749,needs_id,2026-04-24,"Misty Lake Dr, Jupiter, FL, US",False,26.9524466667,-80.1419833333,jimw3,James K. Wetterer,cc-by-nc,2
Aglaonema commutatum,158118,352695485,https://www.inaturalist.org/observations/352695485,needs_id,2026-04-24,"FRH5+39W Huyong-huyong Nature Park, Tagum, Davao del Norte, Philippines",False,7.4770197778,125.8091506944,lgucenro_grem,lgucenroGrem Gilbert,,1
Aglaonema commutatum,158118,352685590,https://www.inaturalist.org/observations/352685590,needs_id,2026-04-24,"FRH5+32Q, La Filipina, Tagum, Davao del Norte, Philippines",False,7.4776759997,125.8079541997,lgucio_vinzdavo,Vinzel Bret Davo,cc-by-nc,1
Aglaonema commutatum,158118,352685240,https://www.inaturalist.org/observations/352685240,needs_id,2026-04-24,"FRH5+32Q, La Filipina, Tagum, Davao del Norte, Philippines",False,7.4776759997,125.8079541997,lgucio_vinzdavo,Vinzel Bret Davo,cc-by-nc,1
Aglaonema commutatum,158118,352685071,https://www.inaturalist.org/observations/352685071,needs_id,2026-04-24,"FRH5+566, Tagum, Davao del Norte, Philippines",False,7.4777788,125.8079768997,lgucio_vinzdavo,Vinzel Bret Davo,cc-by-nc,1
Aglaonema commutatum,158118,352670614,https://www.inaturalist.org/observations/352670614,needs_id,2026-04-24,"9RGQ+JVC, Tagum, Davao de Oro, Philippines",False,7.3766715455,125.8398270607,bsptagum_ethan,Ethan Jaye Candido,cc-by-nc,1
Aglaonema commutatum,158118,352670499,https://www.inaturalist.org/observations/352670499,needs_id,2026-04-24,"Tagum City, Davao Del Norte, PH",False,7.4770083333,125.8094633333,lgucenro-april,,cc-by-nc,1
Aglaonema commutatum,158118,352554465,https://www.inaturalist.org/observations/352554465,needs_id,2026-04-24,"Ferreira Garden, Gogol, Madgaon, Goa 403601, India",False,15.2882197,73.981703,tirthaprabhugaonkar,,cc-by-nc,1
Aglaonema commutatum,158118,352531694,https://www.inaturalist.org/observations/352531694,needs_id,2026-04-24,"9R64+FWG, Tagum, 8100 Davao del Norte, Philippines",False,7.3618922846,125.8054729924,hijo_trixon,Trixon R. Demapendan,cc-by-nc,1
Aglaonema commutatum,158118,352425908,https://www.inaturalist.org/observations/352425908,needs_id,2026-04-23,"67V5W7MP+X6, Nueva Colonia, Turbo, Antioquia, Colombia",False,7.9347958219,-76.7144591734,mateo20774,Mateo Gracia Sarmiento,cc-by-nc,1
Aglaonema commutatum,158118,352235535,https://www.inaturalist.org/observations/352235535,needs_id,2026-04-23,"Santa Maria Stella Maris College, Cali, Valle Del Cauca, CO",False,3.4265278204,-76.5491606157,juane_17,,cc-by-nc,1
Aglaonema commutatum,158118,352184504,https://www.inaturalist.org/observations/352184504,needs_id,2026-04-23,"HPMJ+49, Felda Bukit Tajau, 26500 Maran, Pahang, Malaysia",False,3.5838416667,102.7284611111,wannorazlina,Wan Norazlina bt Wan Ahmad Putra,cc-by-nc,3
Aglaonema commutatum,158118,352150486,https://www.inaturalist.org/observations/352150486,research,2026-04-23,"Bef Dairy Farm Hts, Singapore",False,1.3637657762,103.7715708464,sagehuzjais,Muhammad Huzaifah Jais,cc-by-nc,2
Aglaonema commutatum,158118,351927186,https://www.inaturalist.org/observations/351927186,needs_id,2026-04-22,"8HP, Colony, Sonkuchi, Barpeta, Ranga Pani, Assam 781314, India",False,26.3468246189,90.9956933185,merilinzesika,,cc-by-nc,1
Aglaonema commutatum,158118,351888103,https://www.inaturalist.org/observations/351888103,needs_id,2026-04-22,"Jl. Padat Karya Sinar Harapan, M734+9CV, RT.08/RW.02, Rajabasa Jaya, Kec. Rajabasa, Kota Bandar Lampung, Lampung kode pos 35144, Indonesia",False,-5.3463626333,105.2560798833,pitriya,,cc-by-nc,1
Aglaonema commutatum,158118,350707433,https://www.inaturalist.org/observations/350707433,needs_id,2026-04-18,"Maran, Pahang, MY",False,3.6510216667,102.6991116667,wahhh,Nur Farra Waheeda,cc-by-nc,1
Aglaonema commutatum,158118,350464249,https://www.inaturalist.org/observations/350464249,needs_id,2026-04-17,"Digos City, PH-DS, PH",False,6.7501359043,125.3503560225,zenydurador,Zeny Durador,cc-by-nc,1
Aglaonema commutatum,158118,350460035,https://www.inaturalist.org/observations/350460035,research,2026-04-17,"Zone 2, Digos, Davao del Sur, Philippines",False,6.7504419,125.3502991,ericabalawa,Erica Balawa,cc-by-nc,1
Aglaonema commutatum,158118,350222065,https://www.inaturalist.org/observations/350222065,research,2026-04-16,Windsor NP,False,1.3573429613,103.8232811879,lenachow,Lena Chow,,1
Aglaonema commutatum,158118,350193260,https://www.inaturalist.org/observations/350193260,research,2026-04-11,"Pontian, Kuala Rompin, Pahang, Malaysia",False,2.760934948,103.5244978219,zaiwadi,Zaiwadi Awang,cc-by-nc,1
Aglaonema commutatum,158118,349939606,https://www.inaturalist.org/observations/349939606,needs_id,2026-01-20,"College Ave West, Singapore, SG, SG",False,1.3060484224,103.7723243238,bnhis26-colettehu,,cc-by-nc,1
Aglaonema commutatum,158118,349939586,https://www.inaturalist.org/observations/349939586,needs_id,2026-01-20,"College Ave West, Singapore, SG, SG",False,1.3060255771,103.7723208669,bnhis26-colettehu,,cc-by-nc,1
Aglaonema commutatum,158118,349939572,https://www.inaturalist.org/observations/349939572,needs_id,2026-01-20,"College Ave West, Singapore, SG, SG",False,1.3059893389,103.7723016141,bnhis26-colettehu,,cc-by-nc,1
Aglaonema commutatum,158118,349939558,https://www.inaturalist.org/observations/349939558,needs_id,2026-01-20,"College Ave West, Singapore, SG, SG",False,1.3060274756,103.7723685859,bnhis26-colettehu,,cc-by-nc,1
Aglaonema commutatum,158118,349939542,https://www.inaturalist.org/observations/349939542,needs_id,2026-01-20,"College Ave West, Singapore, SG, SG",False,1.3061235566,103.7723043469,bnhis26-colettehu,,cc-by-nc,1
Aglaonema commutatum,158118,349482045,https://www.inaturalist.org/observations/349482045,research,2026-04-13,"Bedong, Kedah, MY",False,5.7204077867,100.4797298626,vede2,Vede Varshen,cc-by-nc,1
Aglaonema commutatum,158118,349345189,https://www.inaturalist.org/observations/349345189,research,2026-04-04,"Girardota, Antioquia, Colombia",False,6.3705452804,-75.4677975784,dwkfoster,David W K Foster,cc-by-nc-nd,1
Aglaonema commutatum,158118,349207632,https://www.inaturalist.org/observations/349207632,research,2026-04-11,"Sri Kenangan, Seksyen 6 Wangsa Maju, 54200 Kuala Lumpur, Wilayah Persekutuan Kuala Lumpur, Malaysia",False,3.1980832997,101.7507233997,amirul-mi,amirul syahmi,cc-by-nc,1
Aglaonema commutatum,158118,349135902,https://www.inaturalist.org/observations/349135902,needs_id,2026-04-08,,True,,,frotoad,,,1
Aglaonema commutatum,158118,348644168,https://www.inaturalist.org/observations/348644168,research,2026-04-10,"Jalan Raya Sumowono Boja, Semarang, Central Java, ID",False,-7.2220916667,110.3218833333,mezzaluna3,Mezzaluna Sahira,cc-by-nc,1
Aglaonema commutatum,158118,348622487,https://www.inaturalist.org/observations/348622487,needs_id,2026-04-09,"刁曼岛, Kuala Rompin, 彭亨州, MY",False,2.81232,104.175605,siruchen14,,cc-by-nc,1
Aglaonema commutatum,158118,348280685,https://www.inaturalist.org/observations/348280685,needs_id,2026-03-24,"Imbariê, Duque de Caxias - RJ, Brasil",False,-22.6157276537,-43.2652943954,jotta_p,João Pedro Lopes Mendes,cc-by,2
Aglaonema commutatum,158118,348212275,https://www.inaturalist.org/observations/348212275,needs_id,2026-03-16,"Hogar Infantil Dulces Sonrisas, El Cairo, Cartagena de Indias, Bolívar, Colombia",False,10.3996716667,-75.5028266667,lau_mar,,cc-by-nc,3
Aglaonema commutatum,158118,347803102,https://www.inaturalist.org/observations/347803102,research,2026-04-06,"Boowelikada, Kandy, Sri Lanka",False,7.2985833333,80.6421972222,rachelduckherd,,cc-by-nc,4
Aglaonema commutatum,158118,347772953,https://www.inaturalist.org/observations/347772953,research,2026-04-03,"Jawa Barat, ID",True,-6.9619354543,106.906367007,lifaurum,Alifa,cc-by-nc,3
Aglaonema commutatum,158118,347576211,https://www.inaturalist.org/observations/347576211,needs_id,2026-04-05,"Praderas del Sol, Giraldo, Antioquia, Colombia",False,6.681125604,-75.9530172497,kevin_santiago92896,Kevin santiago Pérez sepulveda,cc-by-nc,1
Aglaonema commutatum,158118,347465400,https://www.inaturalist.org/observations/347465400,needs_id,2026-04-05,新加坡碧山,False,1.3608694444,103.8221888889,naturalistchu,naturalistchu,cc-by-nc,5
Aglaonema commutatum,158118,346813030,https://www.inaturalist.org/observations/346813030,research,2026-04-01,"Wisma Perwira, Kuala Lumpur, 50480 Kuala Lumpur, Wilayah Persekutuan Kuala Lumpur, Malajsie",False,3.1512256997,101.6855962,stanlhota,,cc-by-nc,1
Aglaonema commutatum,158118,346656686,https://www.inaturalist.org/observations/346656686,research,2026-04-01,"Fish Branch Island, Okeechobee, FL, US",False,27.2392533333,-80.9864716667,jimw3,James K. Wetterer,cc-by-nc,4
Aglaonema commutatum,158118,346575665,https://www.inaturalist.org/observations/346575665,needs_id,2026-04-01,"Dairy Farm Mall, Singapore",False,1.3640181676,103.776396811,leewm66,,cc-by-nc,1
Aglaonema commutatum,158118,346536860,https://www.inaturalist.org/observations/346536860,research,2026-03-31,"Manoa, Honolulu, HI, USA",False,21.3343666066,-157.8027972579,damienxw,Damien Wallace,cc0,1
Aglaonema commutatum,158118,345627738,https://www.inaturalist.org/observations/345627738,needs_id,2026-02-17,"Mount Mabilog Trail, Nagcarlan, Laguna, PH",False,14.1258945,121.36187,cyrellate,cyrellate,cc-by-nc,2
Aglaonema commutatum,158118,345586225,https://www.inaturalist.org/observations/345586225,research,2026-03-28,"Nursery Trail, Kuala Lumpur, Kuala Lumpur, MY",False,3.1512471667,101.6856383333,anwarfelix,Anwar Felix,,1
Aglaonema commutatum,158118,345437039,https://www.inaturalist.org/observations/345437039,needs_id,2026-03-27,Kuala Lumpur,False,3.1442325115,101.6846008301,vahriin,,cc-by-nc,1
Aglaonema commutatum,158118,345274204,https://www.inaturalist.org/observations/345274204,needs_id,2026-03-26,"WV8M+CRQ, Colombo, Sri Lanka",False,6.9162691227,79.8848865554,prabhani_herath,,cc-by-nc,1
Aglaonema commutatum,158118,344978017,https://www.inaturalist.org/observations/344978017,needs_id,2026-03-24,"Turbo, Antioquia, Colombia",False,8.09575,-76.656905,kiarayu2020,Kiara Sepulveda,cc-by-nc,2
Aglaonema commutatum,158118,344889304,https://www.inaturalist.org/observations/344889304,needs_id,2026-03-24,"Apartadó, Antioquia, Colombia",False,7.8069079984,-76.5468298271,sonia65467,Sonia Tuberquia,cc-by-nc,3
Aglaonema commutatum,158118,344795764,https://www.inaturalist.org/observations/344795764,needs_id,2026-03-24,Kecamatan Cibitung,False,-6.2466006279,107.1043701172,coklat7c,,cc-by-nc,1
Aglaonema commutatum,158118,344651518,https://www.inaturalist.org/observations/344651518,research,2026-03-23,"Baliwasan, Zamboanga City, Zamboanga del Sur, Philippines",False,6.9131384533,122.0624905452,estella77795,Estella PaghubasanOlimpon,cc-by-nc,1
Aglaonema commutatum,158118,344466947,https://www.inaturalist.org/observations/344466947,research,2026-03-21,"Majalengka, ID-JR, ID",False,-7.0384916667,108.3565805556,amandariyanti,Amanda Riyanti,cc-by-nc,1
Aglaonema commutatum,158118,344459038,https://www.inaturalist.org/observations/344459038,needs_id,2026-03-22,"Bukit Panjang, Singapore",False,1.3498603188,103.7789724902,steven-cyclist,Steven Bodzin,cc-by,1
Aglaonema commutatum,158118,344169870,https://www.inaturalist.org/observations/344169870,needs_id,2026-03-01,"West, Singapore",False,1.3636832667,103.7725142,emanon,,cc-by-nc,2
Aglaonema commutatum,158118,344138573,https://www.inaturalist.org/observations/344138573,needs_id,2026-03-14,"Cairnhill Circle, Singapore, SG, SG",False,1.307373483,103.8391457372,genevieve2000,,cc-by-nc,1
Aglaonema commutatum,158118,343643619,https://www.inaturalist.org/observations/343643619,research,2026-03-18,Itabuna,False,-14.8129463196,-39.2706336975,jonv-65_,,cc-by-nc,1
Aglaonema commutatum,158118,343253659,https://www.inaturalist.org/observations/343253659,research,2026-03-15,"X983+33V, Ciranjeng, Kec. Cingambul, Kabupaten Majalengka, Jawa Barat 45467, Indonesia",False,-7.0375055556,108.3553444444,amandariyanti,Amanda Riyanti,cc-by-nc,1
Aglaonema commutatum,158118,343247523,https://www.inaturalist.org/observations/343247523,research,2026-03-16,"Bukit Manis Rd, Singapore, SG, SG",False,1.2445945569,103.8293776555,ashawhawk,,cc-by-nc,1
Aglaonema commutatum,158118,343062254,https://www.inaturalist.org/observations/343062254,research,2026-03-15,"tengguli sebedug rt 03, RW.07, Sebedug, Tengguli, Kec. Bangsri, Kabupaten Jepara, Jawa Tengah 59453, Indonesia",False,-6.540923,110.7711759,kharizatulumamissholihah,,cc-by-nc,1
Aglaonema commutatum,158118,342455948,https://www.inaturalist.org/observations/342455948,research,2026-01-15,"Waianuenue Ave, Hilo, HI, US",False,19.7190793899,-155.0997978454,sarah69383,Sarah Flores,cc-by-nc,1
Aglaonema commutatum,158118,342364407,https://www.inaturalist.org/observations/342364407,needs_id,2026-03-11,"H693+GQ6, Tanay, 1870 Rizal, Philippines",False,14.56809109,121.20380739,gamapochi,CHRISTIAN Voces,cc-by-nc,1
Aglaonema commutatum,158118,342259402,https://www.inaturalist.org/observations/342259402,needs_id,2026-03-10,"Dusun 5, Suwawal, Kec. Mlonggo, Kabupaten Jepara, Jawa Tengah, Indonesia",False,-6.5518722222,110.6973416667,kharizatulumamissholihah,,cc-by-nc,1
Aglaonema commutatum,158118,342249252,https://www.inaturalist.org/observations/342249252,needs_id,2026-03-08,"Bukit Panjang, Singapore",False,1.353007,103.7844125,mike_hooper,Mike Hooper,cc-by-nc,3
Aglaonema commutatum,158118,342217855,https://www.inaturalist.org/observations/342217855,research,2026-03-10,"Engineering Dr 1, Singapore, SG, SG",False,1.2997575176,103.770703547,clara65483,Clara Y (yichen),cc-by-nc,1
Aglaonema commutatum,158118,342217832,https://www.inaturalist.org/observations/342217832,research,2026-03-10,"Engineering Dr 2, Singapore, SG, SG",False,1.2978126702,103.7715097467,clara65483,Clara Y (yichen),cc-by-nc,1
Aglaonema commutatum,158118,342187535,https://www.inaturalist.org/observations/342187535,research,2026-03-10,"Dumagmang, Labo, Camarines Norte, Philippines",False,14.1147279814,122.622093223,shunchuxia1729,,cc-by-nc,2
Aglaonema commutatum,158118,342033279,https://www.inaturalist.org/observations/342033279,research,2026-02-25,333台灣桃園市龜山區,False,24.9836861111,121.3543027778,shin-ming_ku,Shin-Ming Ku,cc-by-nc,1
Aglaonema commutatum,158118,341816253,https://www.inaturalist.org/observations/341816253,research,2026-03-08,"科學館前地, 澳门, MO",False,22.1863195239,113.5569541426,naturalist127858,陈东昊,cc-by-nc,1
Aglaonema commutatum,158118,341480011,https://www.inaturalist.org/observations/341480011,research,2026-03-06,"Jalan Ulu Sembawang, Singapore, SG, SG",False,1.415875,103.7885583333,ruddy2410,ruddy2410,cc-by-nc,1
Aglaonema commutatum,158118,341306527,https://www.inaturalist.org/observations/341306527,research,2026-03-04,"Cirebon, West Java, ID",False,-6.7258116667,108.468445,vinanurdavista,Vina Nurdavista,cc-by-nc,1
Aglaonema commutatum,158118,341219906,https://www.inaturalist.org/observations/341219906,needs_id,2026-03-04,"Avenida Boyacá, Caracas, Miranda, VE",False,10.505298283,-66.8199463261,biochuao,Odalis Garcia,,1
Aglaonema commutatum,158118,341184202,https://www.inaturalist.org/observations/341184202,research,2009-02-01,"Hato Rey Central, San Juan, 00917, Puerto Rico",False,18.4199831561,-66.0549974439,eris_essential,Eris Essential 🧡🐦‍⬛🌱🌈,cc-by-nc,1
Aglaonema commutatum,158118,341086043,https://www.inaturalist.org/observations/341086043,research,2026-03-03,Pavarando Grande,False,7.2764310781,-76.5609147772,yeidis1,Maria José Terán Chávez,cc-by-nc,1
Aglaonema commutatum,158118,340914377,https://www.inaturalist.org/observations/340914377,research,2026-03-01,"Onomea Old Government Road, Papaikou, HI, US",False,19.808905,-155.0941611667,jncwhitten,,cc-by-nc,4
Aglaonema commutatum,158118,340768351,https://www.inaturalist.org/observations/340768351,research,2026-03-01,"Ferreira Garden, Gogol, Madgaon, Goa 403601, India",False,15.2880939013,73.9817887545,tirthaprabhugaonkar,,cc-by-nc,1
Aglaonema commutatum,158118,340731486,https://www.inaturalist.org/observations/340731486,needs_id,2026-02-26,"Manoa, Honolulu, HI, USA",False,21.3366736239,-157.8031859317,kevinfaccenda,Kevin Faccenda,cc-by,1
Aglaonema commutatum,158118,340381596,https://www.inaturalist.org/observations/340381596,research,2026-02-24,"Guaicohondo, Mutatá, Antioquia, Colombia",False,7.29073,-76.5501833333,antoniopuche,Antonio Cavadia,cc-by-nc,2
Aglaonema commutatum,158118,340372572,https://www.inaturalist.org/observations/340372572,needs_id,2026-02-24,"Apartadó, Antioquia, Colombia",False,7.8925628143,-76.6067430004,jeraldyn,jeraldyn,cc-by-nc,1
Aglaonema commutatum,158118,339983080,https://www.inaturalist.org/observations/339983080,needs_id,2026-02-24,"Jln. Perjuangan Bypass, Komplek PDK Blok A Kamar kosna 114, Sunyaragi, Kec. Kesambi, Kota Cirebon, Jawa Barat 45123, Indonesia",False,-6.7353125654,108.5336626321,adelia57385,Adelia,cc-by-nc,1
Aglaonema commutatum,158118,339899332,https://www.inaturalist.org/observations/339899332,research,2025-09-07,"Cohune Trail, Cayo, BZ",False,17.10818202,-89.0801705977,selenioliva,Seleni Oliva,cc-by-nc,5
Aglaonema commutatum,158118,339845502,https://www.inaturalist.org/observations/339845502,research,2026-02-23,"Jalan Wastukancana, Bandung, West Java, ID",False,-6.9134562897,107.6100866345,rezaprima,Reza Prima,,1
Aglaonema commutatum,158118,339134902,https://www.inaturalist.org/observations/339134902,research,2026-02-18,"8CX6+W2M, Kebonturi, Kec. Arjawinangun, Kabupaten Cirebon, Jawa Barat 45162, Indonesia",False,-6.6501399,108.4098912997,syifa_auliani,Syifa Auliani,cc-by-nc,1
Aglaonema commutatum,158118,339016327,https://www.inaturalist.org/observations/339016327,research,2026-02-17,"Jawa, Kabupaten Majalengka, Jawa Barat, ID",False,-6.7218133333,108.2499916667,aannurjanah,,cc-by-nc,1
Aglaonema commutatum,158118,338871794,https://www.inaturalist.org/observations/338871794,research,2026-02-16,"Jawa, Kabupaten Majalengka, Jawa Barat, ID",False,-6.72275,108.2511133333,aannurjanah,,cc-by-nc,2
Aglaonema commutatum,158118,338842128,https://www.inaturalist.org/observations/338842128,research,2026-02-16,"Gegesik Kulon, Kec. Gegesik, Kabupaten Cirebon, Jawa Barat, Indonesia",False,-6.5900801626,108.4234147891,sriiwulandarii,Sri Wulan,cc-by-nc,1
Aglaonema commutatum,158118,338677351,https://www.inaturalist.org/observations/338677351,research,2026-02-15,"Kuningan, West Java, ID",False,-6.9267,108.4996333333,dinafransiska,Dina Fransiska,cc-by-nc,2
Aglaonema commutatum,158118,338673085,https://www.inaturalist.org/observations/338673085,research,2026-02-15,"Jalan Perjuangan Ko Btn Pdk, Cirebon, West Java, ID",False,-6.7347446327,108.5331476938,ermahera,erma herawati,cc-by-nc,2
Aglaonema commutatum,158118,338643407,https://www.inaturalist.org/observations/338643407,needs_id,2026-02-07,"Mutatá, Antioquia, Colombia",False,7.2882591997,-76.5382464,starly16,,cc-by-nc,1
Aglaonema commutatum,158118,338488456,https://www.inaturalist.org/observations/338488456,research,2026-02-13,"Carrera 112, Chigorodó, Antioquia, CO",False,7.67378,-76.6892616667,monicamestra_,,cc-by-nc,2
Aglaonema commutatum,158118,338280501,https://www.inaturalist.org/observations/338280501,needs_id,2025-07-25,"Bumi Agung, Kec. Dempo Utara, Kota Pagar Alam, Sumatera Selatan 31581, Indonesia",False,-4.0686141,103.1919759,wawaaahrs,,cc-by-nc,1
Aglaonema commutatum,158118,338274601,https://www.inaturalist.org/observations/338274601,research,2026-02-12,"Jalan Raya Utsman Bin Affan, Bandung, West Java, ID",False,-6.9591121953,107.7072801894,rezaprima,Reza Prima,,1
Aglaonema commutatum,158118,338180625,https://www.inaturalist.org/observations/338180625,needs_id,2026-02-11,Philippines,True,14.2058358496,120.9941797402,ralpylovesbirds,,cc-by-nc,3
Aglaonema commutatum,158118,337426395,https://www.inaturalist.org/observations/337426395,needs_id,2026-02-04,Cordova,False,10.2527749309,123.9493991062,greencyberheart,Maria Catrena Dicdiquin,cc-by-nc,1
Aglaonema commutatum,158118,337188448,https://www.inaturalist.org/observations/337188448,needs_id,2026-02-03,"CPRG+4G5 Postgraduate Building Park IPB, Babakan, Kec. Dramaga, Kabupaten Bogor, Jawa Barat 16680, Indonesia",False,-6.5552158,106.7308915,favian_reswara,Favian reswara Arkan,,1
Aglaonema commutatum,158118,337169524,https://www.inaturalist.org/observations/337169524,needs_id,2026-02-03,"7MCC+6HV, Area Sawah, Dayurejo, Kec. Prigen, Pasuruan, Jawa Timur 67157, Indonesia",False,-7.7291983333,112.6719916667,qila-7a-29,qila keylah Putri ayu anjani,cc-by-nc,1
Aglaonema commutatum,158118,337109603,https://www.inaturalist.org/observations/337109603,research,2026-01-25,"Pā'ea, French Polynesia",False,-17.6967055556,-149.5782666667,knightericm,Eric Knight,cc-by-nc,1
Aglaonema commutatum,158118,336732288,https://www.inaturalist.org/observations/336732288,needs_id,2026-01-30,"62VP+WH, San Carlos, Antioquia, Colombia",False,6.2455843966,-74.9645900354,valentina44778,valentina villada giraldo,cc-by-nc,1
Aglaonema commutatum,158118,336602867,https://www.inaturalist.org/observations/336602867,needs_id,2026-01-25,"Paparā, French Polynesia",False,-17.7450941011,-149.5401037845,knightericm,Eric Knight,cc-by-nc,1
Aglaonema commutatum,158118,336323754,https://www.inaturalist.org/observations/336323754,research,2026-01-27,"Jl. Telaga Asih Barat, Telaga Asih, Kec. Cikarang Bar., Kabupaten Bekasi, Jawa Barat, Indonesia",False,-6.2662633333,107.1001216667,solar7b,,cc-by-nc,1
Aglaonema commutatum,158118,336309678,https://www.inaturalist.org/observations/336309678,research,2026-01-27,Kecamatan Bengkong,False,1.1451416016,104.0483779907,yttrixuwen,,cc-by-nc,1
Aglaonema commutatum,158118,335662732,https://www.inaturalist.org/observations/335662732,research,2026-01-22,"Kabupaten de Sorong, Sorong City, Southwest Papua, Indonésie",False,-0.8761629,131.255828,coconut-etiennus,Corinne THOMAS / Etienne VILLARET,cc-by-nc,2
Aglaonema commutatum,158118,335504181,https://www.inaturalist.org/observations/335504181,research,2026-01-20,"Belmopan Close, Kingston, Surrey County, JM",False,18.0061091361,-76.7504842758,abeni_brown,Abeni Brown,cc-by-nc,1
Aglaonema commutatum,158118,335503944,https://www.inaturalist.org/observations/335503944,research,2026-01-20,"EMU, Kingston, Jamaica",False,18.0057866667,-76.75098,suettam,Suettam Nrebog,cc-by-nc,1
Aglaonema commutatum,158118,335503668,https://www.inaturalist.org/observations/335503668,research,2026-01-20,"EMU, Kingston, Jamaica",False,18.0059388889,-76.7509527778,toshirojones,Alexander Jones,cc-by-nc,2
Aglaonema commutatum,158118,335495324,https://www.inaturalist.org/observations/335495324,needs_id,2026-01-20,"College Ave West, Singapore, SG, SG",False,1.3060164487,103.7723419438,bnhis26-colettehu,,cc-by-nc,1
Aglaonema commutatum,158118,335253469,https://www.inaturalist.org/observations/335253469,needs_id,2026-01-10,"Limón Province, Pococí, Costa Rica",False,10.4413944444,-83.7833388889,chance2crowns,,cc-by-nc,2
Aglaonema commutatum,158118,334656336,https://www.inaturalist.org/observations/334656336,research,2026-01-13,Talamanca,False,9.6372642517,-82.7066268921,jeffwlee,Jeff Lee,cc-by-nc-nd,1
Aglaonema commutatum,158118,334571702,https://www.inaturalist.org/observations/334571702,research,2026-01-02,"C6Q7+9C, Limón, San Pedro, Costa Rica",False,10.4398382083,-83.7868457778,nicolepidoptera,nicole,,2
Aglaonema commutatum,158118,334351100,https://www.inaturalist.org/observations/334351100,research,2026-01-11,"Calle Guarumo, Puntarenas, CR",False,10.3070066952,-84.8112748307,loopdeloop,,,1
Aglaonema commutatum,158118,333543916,https://www.inaturalist.org/observations/333543916,research,2026-01-05,"Fuchun Secondary School, Singapore, SG, SG",False,1.4299916652,103.7772735917,irfanzackrisyahsg,,cc-by-nc,1
Aglaonema commutatum,158118,333300267,https://www.inaturalist.org/observations/333300267,needs_id,2026-01-01,"Pos 4 argopuro via Ngroto, 8G6C+C9M Pos 2 Argopuro Lasem, Persimpangan jalur ngroto dan sukun siwalan, Sawah, Ngroto, Kec. Pancur, Kabupaten Rembang, Jawa Tengah 59262, Indonesia",False,-6.6901302222,111.5206375,hanifatata,Hanifa Tata,cc-by-nc,2
Aglaonema commutatum,158118,333187860,https://www.inaturalist.org/observations/333187860,research,2026-01-01,"Girardota, Antioquia, Colombia",False,6.3710170996,-75.4673013697,dwkfoster,David W K Foster,cc-by-nc-nd,1
Aglaonema commutatum,158118,333134184,https://www.inaturalist.org/observations/333134184,needs_id,2026-01-02,,True,,,bingiss1,bingiss mu,cc-by-nc-nd,6
Aglaonema commutatum,158118,332984417,https://www.inaturalist.org/observations/332984417,needs_id,2026-01-01,"Tangkak Town, Johor, Malaysia",False,2.403347,102.5952309722,barronboy,Barron,,4
Aglaonema commutatum,158118,332730884,https://www.inaturalist.org/observations/332730884,research,2025-06-02,"Windsor Nature Park, Singapore, SG, SG",False,1.3593583333,103.8258283333,thirty_legs,,cc-by-nc,2
Aglaonema commutatum,158118,332253136,https://www.inaturalist.org/observations/332253136,needs_id,2025-12-06,,True,1.200014673,103.9725279284,merec0,Suzu Sato,cc-by-nc,1
Aglaonema commutatum,158118,331909720,https://www.inaturalist.org/observations/331909720,needs_id,2025-12-24,"Thomson Nature Park, Singapore",False,1.3833292,103.8219469,lenachow,Lena Chow,,1
Aglaonema commutatum,158118,331451647,https://www.inaturalist.org/observations/331451647,research,2023-08-06,Guapiles,False,10.2136661504,-83.7890895456,cephalogoddess,Taryn Michelle Gustafson,cc-by-nc,1
Aglaonema commutatum,158118,330531042,https://www.inaturalist.org/observations/330531042,research,2025-12-13,"Davao City, PH-DS, PH",False,7.0393638889,125.5150861111,rhodamarie,RHODA,,1
Aglaonema commutatum,158118,329969362,https://www.inaturalist.org/observations/329969362,research,2025-12-08,"Staff Quarters, Kandy, סרי לנקה",False,7.2994399997,80.6408215997,urielevy,Uriel Levy,cc-by-nc,2
Aglaonema commutatum,158118,329637016,https://www.inaturalist.org/observations/329637016,needs_id,2025-12-05,"San Carlos, CR-AL, CR",False,10.5032533333,-84.6889633333,tweety888,,cc-by-nc,1
Aglaonema commutatum,158118,329478390,https://www.inaturalist.org/observations/329478390,needs_id,2025-11-26,"Marina South, Singapur",False,1.2842916667,103.8636777778,klementina2,Klementina Semprimožnik,cc-by-nc,2
Aglaonema commutatum,158118,329418268,https://www.inaturalist.org/observations/329418268,needs_id,2025-12-04,Dairy Farm NP,False,1.3618794,103.7753145,lenachow,Lena Chow,,1
Aglaonema commutatum,158118,328991136,https://www.inaturalist.org/observations/328991136,research,2025-11-20,"Manoa, Honolulu, HI, USA",False,21.335967418,-157.8056960052,kevinfaccenda,Kevin Faccenda,cc-by,2
Aglaonema commutatum,158118,328990100,https://www.inaturalist.org/observations/328990100,research,2025-11-20,"Manoa, Honolulu, HI, USA",False,21.3363193046,-157.8053654002,kevinfaccenda,Kevin Faccenda,cc-by,3
Aglaonema commutatum,158118,328979711,https://www.inaturalist.org/observations/328979711,research,2025-11-28,"Aft Haw Par Glass Twr, Singapur",False,1.2963361111,103.8462361111,klementina2,Klementina Semprimožnik,cc-by-nc,1
Aglaonema commutatum,158118,328938439,https://www.inaturalist.org/observations/328938439,research,2025-11-30,"JV6F+PP8, El Valle de Antón, Provincia de Coclé, Panamá",False,8.6133833333,-80.1256766667,aramismartinez10c1_2025,aramismartinez10c1_2025,cc-by-nc,1
Aglaonema commutatum,158118,328623639,https://www.inaturalist.org/observations/328623639,research,2025-11-28,"Boa Vista, BR-RR, BR",False,2.7767532167,-60.7187565167,mariela87404,Mariela Miranda,cc-by-nc,1
Aglaonema commutatum,158118,328525189,https://www.inaturalist.org/observations/328525189,research,2025-11-27,"SW Placetas Ave, Port Saint Lucie, FL, US",False,27.2440383333,-80.3827666667,hardeeparty,James Hardee,,3
Aglaonema commutatum,158118,328462071,https://www.inaturalist.org/observations/328462071,needs_id,2025-11-22,"Bac Son, Lang Son, VN",False,21.8364771942,106.2056686263,drphuongthaoduoc,,cc-by-nc,1
Aglaonema commutatum,158118,327853290,https://www.inaturalist.org/observations/327853290,research,2025-11-20,"Kodimale Trail, Kandy, Central Province, LK",False,7.296405,80.6456216667,ossorno,Luis de Ossorno,cc-by-nc,2
Aglaonema commutatum,158118,327453561,https://www.inaturalist.org/observations/327453561,needs_id,2025-11-19,"Kabupaten Pangandaran, West Java, ID",False,-7.7523672525,108.4982819074,mentega,,cc-by-nc,1
Aglaonema commutatum,158118,327453546,https://www.inaturalist.org/observations/327453546,needs_id,2025-11-19,"Kabupaten Pangandaran, West Java, ID",False,-7.7523631578,108.4982802919,mentega,,cc-by-nc,1
Aglaonema commutatum,158118,327103274,https://www.inaturalist.org/observations/327103274,research,2025-11-07,"San Juan, PR, US",False,18.4046234681,-66.0452953806,gborealis,,cc-by-nc,1
Aglaonema commutatum,158118,325869304,https://www.inaturalist.org/observations/325869304,research,2025-11-07,"Puntarenas, CR",False,10.3098016432,-84.8205385494,kaitskel,,cc-by-nc,1
Aglaonema commutatum,158118,325709630,https://www.inaturalist.org/observations/325709630,research,2025-11-09,"Key West Island Way, Riverview, FL, US",False,27.862245,-82.3661033333,rhstock,,cc-by-nc,1
Aglaonema commutatum,158118,324934142,https://www.inaturalist.org/observations/324934142,research,2025-11-04,"24VM+FX - Campus da Universidade Federal do Acre, Rio Branco - AC, 69917-400, Brasil",False,-9.9565565047,-67.8649031371,keitiane_abreu,Keitiane,cc-by-nc,1
Aglaonema commutatum,158118,324933393,https://www.inaturalist.org/observations/324933393,needs_id,2025-11-04,"Ra’iātea, French Polynesia, PF",False,-16.8295116667,-151.422975,charlottecadow,Charlotte Cadow,cc-by-nc,3
Aglaonema cordifolium,1391610,340739755,https://www.inaturalist.org/observations/340739755,research,2025-05-04,"2CPR+7W Panday/Opyong Falls, Toril, Davao City, Davao del Sur, Philippines",False,7.037725,125.4432369722,curiosity,Kierr Jasper Sancover,,4
Aglaonema cordifolium,1391610,258569311,https://www.inaturalist.org/observations/258569311,needs_id,2025-01-15,"X. Mường Mùn, H. Tuần Giáo, Điện Biên, VN",False,21.7103383333,103.357955,van_the_pham,Văn Thế Phạm,cc-by-nc,2
Aglaonema costatum,141509,377496373,https://www.inaturalist.org/observations/377496373,needs_id,2026-07-02,"X2CC+5CR, 6320, Nueva Esparta, Venezuela",False,10.9691218,-63.9790391,manuelys_4toc,Manuelys Gómez Velásquez,cc-by-nc,1
Aglaonema costatum,141509,360084949,https://www.inaturalist.org/observations/360084949,needs_id,2026-04-26,"Tagum City, Davao del Norte, Philippines",False,7.4591599997,125.7887012,lgucenrodongszkie,ELEAZAR B. BAGO,cc-by-nc,1
Aglaonema costatum,141509,336931637,https://www.inaturalist.org/observations/336931637,needs_id,2025-12-18,"5VQ8+C25 Virachey National Park, Veun Sai, Cambodia",False,14.2222358288,106.6125542298,song_det,Song Det,,3
Aglaonema costatum,141509,291407282,https://www.inaturalist.org/observations/291407282,needs_id,2025-06-19,"Bogor Botanical Gardens, Bogor, Jawa Barat, ID",False,-6.5956633333,106.8032833333,erlinadamariyanti,Erlina Damariyanti,cc-by-nc,2
Aglaonema costatum,141509,193157944,https://www.inaturalist.org/observations/193157944,needs_id,2023-12-05,"P36Q+XQG, El Cambio, Ecuador",False,-3.287569,-79.9104126,lduran_,Luis,cc-by-nc,2
Aglaonema costatum,141509,37739420,https://www.inaturalist.org/observations/37739420,needs_id,2016-08-03,"Cambodia, Mondulkiri Province, a brook downstream (500 m W to NW) Buu Sraa Waterfal",False,12.5688212478,107.4151647056,oleg_kosterin,Oleg Kosterin,cc0,1
Aglaonema densinervium,1391611,340739808,https://www.inaturalist.org/observations/340739808,needs_id,2025-05-04,"2CPR+7W Panday/Opyong Falls, Toril, Davao City, Davao del Sur, Philippines",False,7.037675,125.4433843,curiosity,Kierr Jasper Sancover,,2
Aglaonema densinervium,1391611,340739788,https://www.inaturalist.org/observations/340739788,needs_id,2025-05-04,"2CPR+7W Panday/Opyong Falls, Toril, Davao City, Davao del Sur, Philippines",False,7.037725,125.4432369722,curiosity,Kierr Jasper Sancover,,2
Aglaonema densinervium,1391611,335309467,https://www.inaturalist.org/observations/335309467,needs_id,2026-01-18,"Misok, Sindangan, Zamboanga del Norte, Philippines",False,8.2598976617,123.0227709934,reenduard_lopez,Reenduard P. LOPEZ,,4
Aglaonema densinervium,1391611,294504480,https://www.inaturalist.org/observations/294504480,needs_id,2025-06-30,"Dullan Norte, Oroquieta City, Misamis Occidental, Philippines",False,8.4225100701,123.726625219,xhaen_reigh,ngek,,1
Aglaonema densinervium,1391611,272161936,https://www.inaturalist.org/observations/272161936,needs_id,2025-04-16,"Mount Makiling, Los Baños, Laguna, Philippines",False,14.1363889,121.1944444,sambrilliance,Samuel Brillo,cc-by-nc,1
Aglaonema densinervium,1391611,271130104,https://www.inaturalist.org/observations/271130104,needs_id,2025-04-16,"Mount Makiling, Los Baños, Laguna, Philippines",False,14.1363889,121.1944444,sambrilliance,Samuel Brillo,cc-by-nc,1
Aglaonema densinervium,1391611,247883788,https://www.inaturalist.org/observations/247883788,needs_id,2024-10-18,"Mangangan II, Oriental Mindoro, Philippines",False,13.3026762444,121.0465452083,minjel,Minjel Mae Zaragosa,cc-by-nc,1
Aglaonema densinervium,1391611,218873701,https://www.inaturalist.org/observations/218873701,needs_id,2024-05-27,"Felda Teloi Kanan, Kuala Ketil, Kedah, MY",False,5.71378606,100.6643992735,hisyamahirah,,cc-by-nc,1
Aglaonema densinervium,1391611,138235643,https://www.inaturalist.org/observations/138235643,research,2022-09-07,"Sibalom, Sibalom, Antique, Philippines",False,10.7819416667,122.1153861111,tiluchi,Forest Botial-Jarvis,cc-by-nc,1
Aglaonema densinervium,1391611,115864073,https://www.inaturalist.org/observations/115864073,needs_id,2022-04-30,"Madaum, Tagum, Davao del Norte, Philippines",False,7.3630758997,125.8054033147,inaturalistricky2022,,cc-by-nc,1
Aglaonema densinervium,1391611,115852217,https://www.inaturalist.org/observations/115852217,needs_id,2022-04-29,"Madaum, Tagum, Davao del Norte, Philippines",False,7.3716307947,125.8294472191,inaturalistcenon,,cc-by-nc,1
Aglaonema densinervium,1391611,115852183,https://www.inaturalist.org/observations/115852183,needs_id,2022-04-29,"Madaum, Tagum, Davao del Norte, Philippines",False,7.3716307947,125.8294472191,inaturalistcenon,,cc-by-nc,1
Aglaonema densinervium,1391611,115306378,https://www.inaturalist.org/observations/115306378,needs_id,2022-05-02,"Magdum, Davao del Norte, Philippines",False,7.4768894,125.8334494,balejandro2022,,cc-by-nc,1
Aglaonema densinervium,1391611,115283780,https://www.inaturalist.org/observations/115283780,needs_id,2022-05-02,"Liboganon, Davao del Norte, Philippines",False,7.34656686,125.7847978547,herson3,Herson Baldonado,,1
Aglaonema densinervium,1391611,115279343,https://www.inaturalist.org/observations/115279343,needs_id,2022-05-02,Madaum,False,7.3923992386,125.8170876279,lgucenrosenangote,Ronie Senangote,,1
Aglaonema densinervium,1391611,114630360,https://www.inaturalist.org/observations/114630360,needs_id,2022-05-02,"Liboganon, Davao del Norte, Philippines",False,7.3523788,125.7892125,leewin1,Leewin Inocentes,,1
Aglaonema densinervium,1391611,38903287,https://www.inaturalist.org/observations/38903287,needs_id,2020-02-20,"Datu Salumay, Marilog District, Davao City, Davao del Sur, Philippines",False,7.4788190389,125.2598302066,philbeetles,MILTON MEDINA,,1
Aglaonema marantifolium,276442,396247196,https://www.inaturalist.org/observations/396247196,research,2025-11-30,"Kabupaten Sorong, West Papua, ID",False,-0.8327916667,131.8133083333,glebglub,Allison Xiong,cc-by-nc,1
Aglaonema marantifolium,276442,342832772,https://www.inaturalist.org/observations/342832772,research,2025-11-30,"Siwis, Klaso, Sorong Regency, Southwest Papua, Indonesia",False,-0.8346861111,131.8132305556,zara_n,Zara,cc-by-nc,1
Aglaonema marantifolium,276442,339999360,https://www.inaturalist.org/observations/339999360,research,2026-02-24,"Dela, Moraid, Sorong Regency, Southwest Papua, Indonesien",False,-0.7151997,131.8426624,tom-kirschey,Tom Kirschey,cc-by-nc,3
Aglaonema marantifolium,276442,330814018,https://www.inaturalist.org/observations/330814018,needs_id,2025-11-20,"Papua Barat, ID",True,-0.645107124,131.5089092498,abduelhakim,Hakim,cc-by-nc,4
Aglaonema marantifolium,276442,318363238,https://www.inaturalist.org/observations/318363238,research,2025-09-17,"Mangganek / Arupi, Distrik Amberbaken, Kabupaten Manokwari, Papua Bar., Indonesia",False,-0.6418495857,133.1944049522,dwisuratman,Dwi Suratman,,1
Aglaonema marantifolium,276442,311835363,https://www.inaturalist.org/observations/311835363,needs_id,2025-08-15,"Sorong, ID-IB, ID",False,-0.7093085992,131.8447634879,haniristiawan,Hani Ristiawan,cc-by-nc,1
Aglaonema marantifolium,276442,98477962,https://www.inaturalist.org/observations/98477962,research,2021-10-06,"Patas II, Kec. Gn. Bintang Awai, Kabupaten Barito Selatan, Kalimantan Tengah, Indonesia",False,-1.4534611111,115.1975,haniristiawan,Hani Ristiawan,cc-by-nc,3
Aglaonema modestum,464564,401482448,https://www.inaturalist.org/observations/401482448,needs_id,2026-09-19,"Clifford Felice Rd, Ragley, LA, US",False,30.4679775209,-93.1914653258,turtlecovefarms-lauren,Lauren Hanchey,cc-by-nc,1
Aglaonema modestum,464564,397762447,https://www.inaturalist.org/observations/397762447,needs_id,2026-08-09,,True,22.3693181942,114.3030999361,tchiu,Thomas.CYH,,1
Aglaonema modestum,464564,379637797,https://www.inaturalist.org/observations/379637797,needs_id,2026-07-09,云南省西双版纳傣族自治州勐腊县勐仑镇西双版纳西双版纳职业技术学院勐仑新校区,False,21.918629,101.262875,liboheng_reborn,李博恒,cc-by-nc,1
Aglaonema modestum,464564,379635132,https://www.inaturalist.org/observations/379635132,needs_id,2026-07-09,云南省西双版纳傣族自治州勐腊县勐仑镇中国科学院西双版纳热带植物园-行政办公楼,False,21.922492,101.276218,liboheng_reborn,李博恒,cc-by-nc,1
Aglaonema modestum,464564,375245051,https://www.inaturalist.org/observations/375245051,needs_id,2026-06-04,"RT.04/RW.02, Paledang, Kecamatan Bogor Tengah, Kota Bogor, Jawa Barat, Indonesia",False,-6.597628929,106.799569577,aay2,Aay Hariyani,cc-by-nc,1
Aglaonema modestum,464564,369274985,https://www.inaturalist.org/observations/369274985,needs_id,2026-06-07,,True,,,vardaank,,cc-by-nc,1
Aglaonema modestum,464564,368135126,https://www.inaturalist.org/observations/368135126,research,2018-01-06,香港馬料水,False,22.4180182906,114.2062241582,henrymhchan,Chan Man Ho,,1
Aglaonema modestum,464564,361125406,https://www.inaturalist.org/observations/361125406,research,2026-05-13,柏架山,False,22.2707720924,114.2321776226,agnestrekker,Agnes Trekker,,2
Aglaonema modestum,464564,356774681,https://www.inaturalist.org/observations/356774681,needs_id,2026-04-24,"9RF8+PRG Madaum, Tagum, Davao del Norte, Philippines",False,7.374307123,125.8170876279,hijo_mcdanas,,cc-by-nc,1
Aglaonema modestum,464564,351880527,https://www.inaturalist.org/observations/351880527,needs_id,2026-03-28,333台灣桃園市龜山區,False,25.0020861111,121.3306638889,shin-ming_ku,Shin-Ming Ku,cc-by-nc,2
Aglaonema modestum,464564,347164227,https://www.inaturalist.org/observations/347164227,needs_id,2026-04-04,"3JH9+PXG, San Fernando, Pampanga, Philippines",False,15.0792418742,120.6199894845,aishiteruaii_,Jan Aira Viado,cc-by-nc,1
Aglaonema modestum,464564,336452580,https://www.inaturalist.org/observations/336452580,research,2026-01-28,Bowen Drive,False,22.2748020741,114.1662951931,agnestrekker,Agnes Trekker,,1
Aglaonema modestum,464564,334924982,https://www.inaturalist.org/observations/334924982,needs_id,2025-12-31,"3J4G+Q9 Kui Buri National Park, Tambon Hat Kham, Amphoe Kui Buri, Chang Wat Prachuap Khiri Khan 77150泰国",False,12.0517132,99.6239151,libertad_jiangtao,Libertad_Jiangtao,cc-by-nc,4
Aglaonema modestum,464564,334465157,https://www.inaturalist.org/observations/334465157,research,2026-01-12,"Tuen Mun, HK",False,22.4010972222,113.9648638889,marcolibrary,Marco YUEN,cc-by-sa,1
Aglaonema modestum,464564,334080287,https://www.inaturalist.org/observations/334080287,research,2026-01-09,Lantau Island,False,22.2125237495,113.9554306492,agnestrekker,Agnes Trekker,,2
Aglaonema modestum,464564,333816767,https://www.inaturalist.org/observations/333816767,needs_id,2026-01-02,"Guangxi, CN",True,23.0419057688,105.9146069964,cheavy,cheavy,cc-by-nc,1
Aglaonema modestum,464564,317984344,https://www.inaturalist.org/observations/317984344,research,2025-10-01,,True,22.2904436346,114.3976950978,johnchau,,cc-by-nc,1
Aglaonema modestum,464564,311224918,https://www.inaturalist.org/observations/311224918,research,2025-09-03,,True,22.3473392265,114.1909051241,johnchau,,cc-by-nc,3
Aglaonema modestum,464564,297560481,https://www.inaturalist.org/observations/297560481,needs_id,2025-07-10,Vietnam,True,22.0745778727,103.8361913352,lecanorchis,,cc-by-nc-nd,2
Aglaonema modestum,464564,284210389,https://www.inaturalist.org/observations/284210389,needs_id,2025-05-18,中国广东省广州市天河区天源路1190号华南植物园 邮政编码: 510520,False,23.186944,113.364357,zoeaa,一颗行走的白菜,cc-by-nc,1
Aglaonema modestum,464564,278714455,https://www.inaturalist.org/observations/278714455,research,2025-05-05,,True,22.4133864929,114.0821077485,tchiu,Thomas.CYH,,1
Aglaonema modestum,464564,276216265,https://www.inaturalist.org/observations/276216265,research,2025-04-28,"Girardota, Antioquia, Colombia",False,6.3710170996,-75.4673013697,dwkfoster,David W K Foster,cc-by-nc-nd,1
Aglaonema modestum,464564,276074174,https://www.inaturalist.org/observations/276074174,research,2025-04-26,"Aranjuez, Medellín, Aranjuez, Medellín, Antioquia, Colombia",False,6.2693320252,-75.5632328144,juandavidfernandez,Juan David Fernandez,,1
Aglaonema modestum,464564,270955372,https://www.inaturalist.org/observations/270955372,needs_id,2025-04-15,"Hướng Phùng, Hương Hóa, Quảng Trị, Вьетнам",False,16.7975978611,106.5876846111,kroupsky,Ivan Kroupsky,cc-by-nc,2
Aglaonema modestum,464564,268704192,https://www.inaturalist.org/observations/268704192,needs_id,2006-01-07,"Khao Kho, Phetchabun, Thailand",False,16.6014584296,100.9852994732,tonyrodd,Tony Rodd,cc0,1
Aglaonema modestum,464564,263481314,https://www.inaturalist.org/observations/263481314,needs_id,2025-02-09,中國雲南省西雙版納傣族自治州勐臘縣,False,21.917675,101.27475,ray76,Ray Wang,,1
Aglaonema modestum,464564,263478147,https://www.inaturalist.org/observations/263478147,needs_id,2025-02-09,中國雲南省西雙版納傣族自治州勐臘縣,False,21.9115361111,101.2821361111,ray76,Ray Wang,,1
Aglaonema modestum,464564,263476651,https://www.inaturalist.org/observations/263476651,needs_id,2025-02-09,中國雲南省西雙版納傣族自治州勐臘縣,False,21.9118611111,101.2824694444,ray76,Ray Wang,,1
Aglaonema modestum,464564,259407610,https://www.inaturalist.org/observations/259407610,research,2025-01-21,,True,22.2704145847,114.1738549116,tkp123,,cc-by-nc,1
Aglaonema modestum,464564,253596971,https://www.inaturalist.org/observations/253596971,needs_id,2024-11-30,115台灣台北市南港區南港國宅一,False,25.0410077804,121.5921350196,yymnvee,yii,cc-by-nc,1
Aglaonema modestum,464564,228228878,https://www.inaturalist.org/observations/228228878,research,2024-07-08,,True,22.2421025447,114.2162391192,tkp123,,cc-by-nc,1
Aglaonema modestum,464564,218262743,https://www.inaturalist.org/observations/218262743,needs_id,2024-04-10,中国广西壮族自治区崇左市龙州县,False,22.435456,107.027694,simbason,Simba,cc-by-nc-nd,2
Aglaonema modestum,464564,214345313,https://www.inaturalist.org/observations/214345313,research,2024-05-08,"Tai Po, HK",False,22.43103016,114.11960424,siwenxtbg,,cc-by-nc,3
Aglaonema modestum,464564,204663248,https://www.inaturalist.org/observations/204663248,needs_id,2024-03-30,"Khao Chamao Khao Wong National Park, Khao Chamao, Rayong, TH",False,12.914725,101.731895,thanakitsuparat,Thanakit Suparat,,1
Aglaonema modestum,464564,200599306,https://www.inaturalist.org/observations/200599306,needs_id,2024-02-15,"Phe, Mueang Rayong District, Rayong, Thailand",False,12.5685055493,101.4546636959,denis_m,Denis Makhnovsky,cc-by-nc,1
Aglaonema modestum,464564,198653616,https://www.inaturalist.org/observations/198653616,research,2024-02-01,中国广西壮族自治区崇左市龙州县,False,22.4921788918,106.9544220021,seventeennature,Shi Qi,,1
Aglaonema modestum,464564,158511004,https://www.inaturalist.org/observations/158511004,needs_id,2023-05-01,"Tai Po Tsai Village; Clear Water Bay Road, Clear Water Bay, Hong Kong",False,22.3369839,114.2591123,cynthiayau,Cynthia Yau,,2
Aglaonema modestum,464564,155841435,https://www.inaturalist.org/observations/155841435,needs_id,2023-04-20,Lomalinda,False,3.3129503378,-73.3661228791,laura_camila13,LAURA CAMILA GONZALEZ ZAPATA,,1
Aglaonema modestum,464564,152122448,https://www.inaturalist.org/observations/152122448,needs_id,2023-03-23,Gobierno Regional de Loreto,False,-3.7691316418,-73.2680589706,paulo_manzur22,Paulo Manzur,cc-by-nc,3
Aglaonema modestum,464564,103528203,https://www.inaturalist.org/observations/103528203,needs_id,2021-12-22,Tsz Wan Shan Ancient Trail 慈觀古道,False,22.3528733846,114.2057736562,agnestrekker,Agnes Trekker,,2
Aglaonema modestum,464564,103186863,https://www.inaturalist.org/observations/103186863,needs_id,2021-12-07,"Changsha, Hunan, China",False,28.208881,112.915013,zmp,MP Zhou,cc-by-nc,2
Aglaonema modestum,464564,95114447,https://www.inaturalist.org/observations/95114447,needs_id,2021-09-17,"Bhavani Nagar, S.G. Palya, Bengaluru, Karnataka 560029, India",False,12.9351511,77.6061516,eva_suman_lakra,EVA SUMAN LAKRA 2047608,,1
Aglaonema modestum,464564,65350528,https://www.inaturalist.org/observations/65350528,research,2020-11-21,"Couva-Tabaquite-Talparo Regional Corporation, Trinidad and Tobago",False,10.5231025534,-61.2755604833,nikolaiallamani,Nikolai Allamani,,1
Aglaonema nebulosum,425482,339901743,https://www.inaturalist.org/observations/339901743,research,2025-09-28,"Aft Wallace Way, Singapore",False,1.3426576508,103.8235440105,gavin_n,Gavin,cc0,3
Aglaonema nebulosum,425482,283134802,https://www.inaturalist.org/observations/283134802,needs_id,2025-05-17,"Bukit Panjang, Singapore",False,1.3484911874,103.7773845345,gavin_n,Gavin,cc0,3
Aglaonema nebulosum,425482,248011344,https://www.inaturalist.org/observations/248011344,needs_id,2024-10-19,"Taman Bukit Serdang, 43300 Seri Kembangan, Selangor, Malaysia",False,3.0293972222,101.692775,ongzi,Ong Jyh Seng,cc-by,3
Aglaonema nebulosum,425482,231641690,https://www.inaturalist.org/observations/231641690,research,2024-07-22,"Bukit Panjang, Singapore",False,1.3483363328,103.7778740376,merlijnwagner,Merlijn Wagner,cc-by-nc,2
Aglaonema nebulosum,425482,205524009,https://www.inaturalist.org/observations/205524009,needs_id,2024-04-04,"Bukit Timah Nature Reserve, SG",False,1.3489033333,103.7775116667,sebasthatt,Sebastian Hatt,cc-by-nc,2
Aglaonema nebulosum,425482,162840531,https://www.inaturalist.org/observations/162840531,needs_id,2023-05-21,"Bukit Damansara, Kuala Lumpur, Federal Territory of Kuala Lumpur, Malaysia",False,3.152132,101.639164,akmal_idham,Akmal Idham,cc-by-nc,1
Aglaonema nebulosum,425482,152819357,https://www.inaturalist.org/observations/152819357,research,2023-03-30,"Teluk Meranti, Pelalawan Regency, Riau, Indonesia",False,0.4385788004,102.6154707,hooareyou,Prayitno Goenarto,cc-by-nc,6
Aglaonema nebulosum,425482,133211862,https://www.inaturalist.org/observations/133211862,needs_id,2022-08-31,"Bukit Panjang, Singapore",False,1.3564249625,103.779249005,plantbrosg,pbsg,cc-by,4
Aglaonema nebulosum,425482,91232261,https://www.inaturalist.org/observations/91232261,research,2021-06-26,MacRitchie Reservoir,False,1.3447619355,103.8223504275,user157,.,,1
Aglaonema nebulosum,425482,70429025,https://www.inaturalist.org/observations/70429025,needs_id,2021-03-02,"Rizab Melayu Sungai Kuyoh, 43300 Seri Kembangan, Selangor, Malaysia",False,3.0166170556,101.6835250833,ongzi,Ong Jyh Seng,cc-by-sa,1
Aglaonema nebulosum,425482,60717097,https://www.inaturalist.org/observations/60717097,research,2020-09-25,"Bukit Persekutuan, Kuala Lumpur, Federal Territory of Kuala Lumpur, Malaysia",False,3.1393002092,101.6763599217,johnhowes,John Howes,cc-by,3
Aglaonema nebulosum,425482,24300153,https://www.inaturalist.org/observations/24300153,needs_id,2019-04-29,"Kuala Lumpur, Federal Territory of Kuala Lumpur, Malaysia",False,3.1513634733,101.7020474304,tansh91,,cc-by-nc,1
Aglaonema nitidum,343859,402698740,https://www.inaturalist.org/observations/402698740,needs_id,2026-09-23,"Ambangah River, Raya River, Kubu Raya Regency, West Kalimantan, Indonesia",False,-0.1327474345,109.4202155247,youbinkho,Yopi Kolisen Lim,cc-by-nc,4
Aglaonema nitidum,343859,402156415,https://www.inaturalist.org/observations/402156415,needs_id,2026-09-21,"Ambangah River, Raya River, Kubu Raya Regency, West Kalimantan, Indonesia",False,-0.1313275439,109.4189693034,youbinkho,Yopi Kolisen Lim,cc-by-nc,4
Aglaonema nitidum,343859,368230293,https://www.inaturalist.org/observations/368230293,needs_id,2026-06-03,"eco park, MCDC hospital, Digos, Davao del Sur, Philippines",False,6.7755194,125.3427745,spottymcfly,spottymcfly,cc-by-nc,1
Aglaonema nitidum,343859,362678851,https://www.inaturalist.org/observations/362678851,needs_id,2026-05-11,"Bukit Panjang, Singapore",False,1.3486138889,103.7758194444,mdoliveira,,cc-by-nc,4
Aglaonema nitidum,343859,355304882,https://www.inaturalist.org/observations/355304882,needs_id,2026-04-25,"Parque Natural Municipal Itaim - R. Amaro Alves do Rosário, 2676 - Parelheiros, São Paulo - SP, 04884-000, Brasil",False,-23.8123075,-46.7277864,joy_meirelles,Amanda Meirelles,,1
Aglaonema nitidum,343859,339703073,https://www.inaturalist.org/observations/339703073,needs_id,2026-02-22,"8M2F+5PG, Jockey Quarters, Mysuru, Karnataka 570011, India",False,12.3001063289,76.6733914521,rishab45747,Rishab Puthran,cc-by-nc,2
Aglaonema nitidum,343859,335432916,https://www.inaturalist.org/observations/335432916,needs_id,2017-01-20,Dairy Farm NP,False,1.3618794,103.7753145,lenachow,Lena Chow,,1
Aglaonema nitidum,343859,334826703,https://www.inaturalist.org/observations/334826703,needs_id,2026-01-13,"Lahad Datu District, Sabah, Malaysia",False,4.9678165208,117.8014612198,apd210,,cc-by-nc,3
Aglaonema nitidum,343859,320170880,https://www.inaturalist.org/observations/320170880,needs_id,2025-10-04,"Bishan, Singapore",False,1.3604220067,103.8235889375,gavin_n,Gavin,cc0,2
Aglaonema nitidum,343859,306461538,https://www.inaturalist.org/observations/306461538,research,2025-07-13,"Kabupaten Bengkayang, West-Kalimantan, Indonesien",False,0.9046380478,109.4274150715,bernhardlettneraustria,,cc-by-nc,2
Aglaonema nitidum,343859,265737518,https://www.inaturalist.org/observations/265737518,research,2025-01-19,馬來西亞砂拉越林夢,False,4.1756496501,114.8257217397,yueranic,羅元甫,cc-by-nc,4
Aglaonema nitidum,343859,264302428,https://www.inaturalist.org/observations/264302428,needs_id,2025-02-19,"Мири, Сарауак, Малайзия",False,4.0420964007,114.8140713637,vadim_prokhorov,Vadim Prokhorov,cc-by-nc,3
Aglaonema nitidum,343859,263962988,https://www.inaturalist.org/observations/263962988,needs_id,2025-02-24,馬來西亞砂拉越美里省,False,4.0424633333,114.812435,kinmatsu,Kinmatsu Lin,cc-by-nc,1
Aglaonema nitidum,343859,261311697,https://www.inaturalist.org/observations/261311697,needs_id,2025-02-09,馬來西亞沙巴蘭腦,False,6.0466063975,116.6893142655,casperliao,Casper,cc-by-nc,4
Aglaonema nitidum,343859,255769537,https://www.inaturalist.org/observations/255769537,needs_id,2024-12-13,"Bahagian Miri, Sarawak, Malaysia",False,4.04058,114.817044,cwfoo,Foo Chuan Wei,cc-by-nc,3
Aglaonema nitidum,343859,250607332,https://www.inaturalist.org/observations/250607332,needs_id,2024-08-25,"Ranau, Sabah, Malaysia",False,6.049162,116.701831,mario_mairal,,cc-by-nc-sa,3
Aglaonema nitidum,343859,248143045,https://www.inaturalist.org/observations/248143045,research,2024-09-18,"Sabah, MY",True,6.1286903623,116.7345364324,oli_in_gold,Oliver Ingold,,1
Aglaonema nitidum,343859,248119433,https://www.inaturalist.org/observations/248119433,research,2024-06-17,"Kabupaten de Langkat, Sumatra du Nord, Indonésie",False,3.5480646908,98.0438343513,pierret123,Fortune Pierre,cc-by-nc,4
Aglaonema nitidum,343859,245932998,https://www.inaturalist.org/observations/245932998,needs_id,2024-10-06,"Tioman, Tioman Island, Pahang, Malaysia",False,2.8153048,104.1616749,larsmannzen,Lars Mannzen,,3
Aglaonema nitidum,343859,244667839,https://www.inaturalist.org/observations/244667839,needs_id,2024-09-13,"Marudi, MY-SK, MY",True,4.0876657871,114.96733894,oli_in_gold,Oliver Ingold,,1
Aglaonema nitidum,343859,240933235,https://www.inaturalist.org/observations/240933235,needs_id,2024-09-10,"Sarawak, MY",True,1.1615114325,110.5728593191,oli_in_gold,Oliver Ingold,,2
Aglaonema nitidum,343859,239640037,https://www.inaturalist.org/observations/239640037,needs_id,2024-06-30,"Sabah, MY",True,6.1173614213,116.6030378033,pecosvalleydiamond,Moses J. Michelsohn,cc-by-nc,1
Aglaonema nitidum,343859,236035803,https://www.inaturalist.org/observations/236035803,needs_id,2024-08-16,3XF7+2X4 ศูนย์วิจัยและศึกษาธรรมชาติป่าพรุสิรินธร (ป่าพรุโต๊ะแดง) ตำบล ปูโยะ อำเภอ สุไหงโก-ลก นราธิวาส 96120 ประเทศไทย,False,6.0724449156,101.9668426511,plains-wanderer,Wich’yanan (Jay) Limparungpatthanakij,cc-by,1
Aglaonema nitidum,343859,233886417,https://www.inaturalist.org/observations/233886417,needs_id,2024-08-05,"1 Cluny Rd, Singapore Botanic Gardens, Singapore 259569",False,1.3138397,103.8159136,pizzamurderer,Pizzas fear me,cc-by-nc,8
Aglaonema nitidum,343859,215861071,https://www.inaturalist.org/observations/215861071,needs_id,2024-05-14,"568V+V2G, Los Baños, Laguna, Philippines",False,14.1671104275,121.2426331267,jeanmbfcnl,Jean Mary B. Facunla,cc-by-nc,1
Aglaonema nitidum,343859,205215201,https://www.inaturalist.org/observations/205215201,needs_id,2024-04-03,"Peretak, Selangor, Malaysia",False,3.6301333333,101.753495,kovin1,Kovin Sivanasvaran,,1
Aglaonema nitidum,343859,198035926,https://www.inaturalist.org/observations/198035926,research,2024-01-08,"Bukit Panjang, Singapore",False,1.3483730556,103.7759680556,blkvulture,,cc-by-nc,2
Aglaonema nitidum,343859,192703024,https://www.inaturalist.org/observations/192703024,needs_id,2023-12-01,"Bukit Raja, Selangor, Malaysia",False,3.1733861111,101.4976916667,akmal_idham,Akmal Idham,cc-by-nc,2
Aglaonema nitidum,343859,192521641,https://www.inaturalist.org/observations/192521641,needs_id,2023-11-29,"Bukit Raja, Selangor, Malaysia",False,3.17345,101.4977888889,akmal_idham,Akmal Idham,cc-by-nc,3
Aglaonema nitidum,343859,175880365,https://www.inaturalist.org/observations/175880365,needs_id,2023-03-16,"21020 Kuala Terengganu, Terengganu, Malaysia",False,5.419094,103.021722,nasriahzakaria,,cc-by-nc,1
Aglaonema nitidum,343859,173439973,https://www.inaturalist.org/observations/173439973,needs_id,1996-06-08,"Thung Khai, Yan Ta Khao District, Trang 92140, Thaïlande",False,7.462535,99.643036,missour,,cc-by-nc,2
Aglaonema nitidum,343859,171387251,https://www.inaturalist.org/observations/171387251,needs_id,2022-12-29,IOI Galleria @ Puchong,False,3.018199194,101.6240317002,aidilxi,,cc-by-nc,1
Aglaonema nitidum,343859,166965708,https://www.inaturalist.org/observations/166965708,needs_id,2023-04-15,"Bahagian Miri, Sarawak, Malaysia",False,4.0643916667,114.831445,cclborneo,Chien Lee,cc-by-nc,2
Aglaonema nitidum,343859,166278183,https://www.inaturalist.org/observations/166278183,research,2023-06-08,"Rua Maracanaíba, Sooretama, ES, BR",False,-19.1876083333,-40.1050195,jonacir,Jonacir Souza,,4
Aglaonema nitidum,343859,160028496,https://www.inaturalist.org/observations/160028496,needs_id,2023-04-24,"เขตรักษาพันธุ์สัตว์ป่าเฉลิมพระเกียรติสมเด็จพระเทพรัตนราชสุดา, อ.สุไหงปาดี, นราธิวาส, TH",False,6.13729618,101.9785798049,dilutedethanoleater,salawinensis,,1
Aglaonema nitidum,343859,150802000,https://www.inaturalist.org/observations/150802000,needs_id,2023-03-08,Mentawai Islands Regency,False,-1.4249311911,98.9245341718,tabarsi,Tabris Tabarsi,cc-by-nc,4
Aglaonema nitidum,343859,147876305,https://www.inaturalist.org/observations/147876305,needs_id,2015-12-19,"Teluk Meranti, Pelalawan Regency, Riau, Indonesia",False,0.4983900314,102.7572014157,ganjarcahyadi,Ganjar Cahyadi,cc-by-nc,1
Aglaonema nitidum,343859,147876301,https://www.inaturalist.org/observations/147876301,needs_id,2015-12-16,"Teluk Meranti, Pelalawan Regency, Riau, Indonesia",False,0.4928970728,102.7778007809,ganjarcahyadi,Ganjar Cahyadi,cc-by-nc,1
Aglaonema nitidum,343859,146461642,https://www.inaturalist.org/observations/146461642,needs_id,2023-01-12,Malaysia,True,3.7106050052,101.1217209955,azamuddeen_nasir,AZAMUDDEEN NASIR,,4
Aglaonema nitidum,343859,145952566,https://www.inaturalist.org/observations/145952566,needs_id,2023-01-06,"Selangor, MY",True,3.4050850331,101.082006329,azamuddeen_nasir,AZAMUDDEEN NASIR,,1
Aglaonema nitidum,343859,145930337,https://www.inaturalist.org/observations/145930337,research,2023-01-06,"Upper Seletar Reservoir, Mandai Track 7, Mandai Excutive Golf Range, 2nd floor, Singapore 779384",False,1.3997341302,103.8093661889,samuel_lee,Samuel Lee,cc-by,5
Aglaonema nitidum,343859,140480124,https://www.inaturalist.org/observations/140480124,needs_id,2022-10-29,Malaysia,True,3.7080800126,101.2417753813,azamuddeen_nasir,AZAMUDDEEN NASIR,,3
Aglaonema nitidum,343859,138474072,https://www.inaturalist.org/observations/138474072,research,2022-10-11,"Central Catchment, North, SG",False,1.3703966559,103.8217848167,plantbrosg,pbsg,cc-by,4
Aglaonema nitidum,343859,106105308,https://www.inaturalist.org/observations/106105308,research,2022-02-03,"Singapore Botanic Gardens, Holland Village, Singapore, SG",False,1.3128866667,103.8133916667,kamonchanok_ysapsorn,kamonchanok ysapsorn,,1
Aglaonema nitidum,343859,39604126,https://www.inaturalist.org/observations/39604126,research,2020-03-06,"Ateneo de Manila University - Loyola Heights Campus, Quezon City, Metro Manila, PH",False,14.6411916142,121.0809648335,ronaldmendoza,Ronald Matthew Mendoza,,1
Aglaonema nitidum,343859,21627142,https://www.inaturalist.org/observations/21627142,needs_id,2019-03-17,"Labrador Villa Rd, Singapore 119187",False,1.2659383,103.8033226,stephencle97,Lin Er Chow,cc-by-nc,1
Aglaonema philippinense,1318766,328198511,https://www.inaturalist.org/observations/328198511,needs_id,2025-02-05,"Trangka, Maasin, Iloilo, Philippines",False,10.9391202461,122.3447608575,kimalunan,Kim Alunan,cc-by-nc,2
Aglaonema philippinense,1318766,293697828,https://www.inaturalist.org/observations/293697828,needs_id,2025-06-28,"Cuyambay, Tanay, Rizal, Philippines",False,14.5669027778,121.3382194444,sambrilliance,Samuel Brillo,cc-by-nc,1
Aglaonema philippinense,1318766,293697672,https://www.inaturalist.org/observations/293697672,needs_id,2025-06-28,"Cuyambay, Tanay, Rizal, Philippines",False,14.5941944444,121.3304138889,sambrilliance,Samuel Brillo,cc-by-nc,1
Aglaonema philippinense,1318766,293697527,https://www.inaturalist.org/observations/293697527,needs_id,2025-06-28,Philippines,True,14.5756866927,121.3860336289,sambrilliance,Samuel Brillo,cc-by-nc,1
Aglaonema philippinense,1318766,220180811,https://www.inaturalist.org/observations/220180811,needs_id,2024-06-03,"Luzon, Bangui, Ilocos Norte, PH",False,18.5086283333,120.699805,birdingtexan,Chet Burrier,cc-by,1
Aglaonema philippinense,1318766,190649792,https://www.inaturalist.org/observations/190649792,needs_id,2023-08-27,Philippines,True,13.6424799172,123.9528515387,hongwunchen,陳鴻文,cc-by-nc,1
Aglaonema philippinense,1318766,181791480,https://www.inaturalist.org/observations/181791480,research,2023-06-30,"Alegre, Sebaste, Antique, Philippines",False,11.5353694444,122.1233222222,tiluchi,Forest Botial-Jarvis,cc-by-nc,1
Aglaonema philippinense,1318766,115277314,https://www.inaturalist.org/observations/115277314,needs_id,2022-05-02,Madaum,False,7.3923992386,125.8170876279,lgucenrosenangote,Ronie Senangote,,1
Aglaonema pictum,467511,322183905,https://www.inaturalist.org/observations/322183905,research,2025-06-21,"Batang Toru, South Tapanuli Regency, North Sumatra, Indonesia",False,1.4828718,99.065561,miraceae,Mira Farhana,cc-by-nc,2
Aglaonema pictum,467511,108379996,https://www.inaturalist.org/observations/108379996,research,2015-03-01,"Ketambe, Aceh Tenggara Regency, Aceh, Indonesien",False,3.6895489,97.7199454,rafflesia,Bettina Grallert,cc-by-nc,1
Aglaonema pictum,467511,59300669,https://www.inaturalist.org/observations/59300669,needs_id,2020-09-12,"Kota Damansara, Petaling Jaya, Selangor, Malaysia",False,3.1706890561,101.5849663317,shahril_efzueni,Shahril Efzueni Rozali,,3
Aglaonema pictum,467511,57623872,https://www.inaturalist.org/observations/57623872,research,2020-08-22,"Kaur, Bengkulu, Indonesia",False,-4.6135683333,103.3593766667,irfanarifin,Irfan Nurarifin,cc-by-nc,1
Aglaonema pictum,467511,29391298,https://www.inaturalist.org/observations/29391298,research,2019-06-27,"Pagaran Lambung I, Adian Koting, Kabupaten Tapanuli Utara, Sumatera Utara, Indonesia",False,1.83779,98.8795133333,boytompul,boy tompul,,1
Aglaonema pumilum,1568704,236675238,https://www.inaturalist.org/observations/236675238,needs_id,2024-08-19,"Hua Khuan, Phuket 83120, Thailand",False,7.9621915997,98.3091565997,pavelkornev,,cc-by-nc,2
Aglaonema robeleynii,1062598,374435382,https://www.inaturalist.org/observations/374435382,needs_id,2026-06-19,"São Cristóvão, SE, BR",False,-10.925198101,-37.1031564194,antoniofernando,Antonio Fernando,cc-by-nc,1
Aglaonema robeleynii,1062598,340264525,https://www.inaturalist.org/observations/340264525,needs_id,2026-02-26,"Jockey Quarters, Mysuru, Karnataka, India",False,12.2993965,76.6732343,rishab45747,Rishab Puthran,cc-by-nc,2
Aglaonema robeleynii,1062598,189607103,https://www.inaturalist.org/observations/189607103,research,2023-10-31,"Puerto Rico, Luquillo, Puerto Rico, US",False,18.3797383333,-65.73188,roquibello,Roqui Bello,cc-by-nc,4
Aglaonema robeleynii,1062598,180661040,https://www.inaturalist.org/observations/180661040,research,2023-08-28,"Coroado, Manaus - AM, Brasil",False,-3.0942257406,-59.9889064953,mmmsoares,Matheus Soares,,3
Aglaonema robeleynii,1062598,163439341,https://www.inaturalist.org/observations/163439341,needs_id,2023-05-23,"Manoa, Honolulu, HI, USA",False,21.3374087003,-157.7990582928,phelsumas4life,Sean,cc-by-nc,1
Aglaonema rotundum,633838,268536913,https://www.inaturalist.org/observations/268536913,research,2025-04-01,"Timbang Jaya, Bohorok, Langkat Regency, North Sumatra, Indonesia",False,3.5372277778,98.1087972222,jedsmith,Jed Smith,cc-by-nc,4
Aglaonema rotundum,633838,260576414,https://www.inaturalist.org/observations/260576414,research,2025-01-26,"Langkat, Gunung Leuser, ID-SU, ID",False,3.6986705786,98.0627955402,silviaceppi,Silvia,cc-by-nc,1
Aglaonema rotundum,633838,238162236,https://www.inaturalist.org/observations/238162236,research,2018-03-14,"Bukit Lawang, Bohorok, Langkat Regency, North Sumatra, Indonesia",False,3.5552618,98.1447804,ellarbrown,,cc-by-nc,1
Aglaonema rotundum,633838,184076119,https://www.inaturalist.org/observations/184076119,research,2023-09-07,Gunung Leuser National Park,False,3.519292,97.463437,guenterpfannkuchen,,cc-by-nc,2
Aglaonema simplex,425483,389609233,https://www.inaturalist.org/observations/389609233,needs_id,2025-08-02,"Niah, Sarawak, Malaysia",False,3.8186888883,113.7714527783,cclborneo,Chien Lee,cc-by-nc,1
Aglaonema simplex,425483,380976446,https://www.inaturalist.org/observations/380976446,needs_id,2026-06-29,"Bahagian Miri, Sarawak, Malaysia",False,4.0379482969,114.8205328867,campbellnotjames,,cc-by-nc,2
Aglaonema simplex,425483,370540374,https://www.inaturalist.org/observations/370540374,needs_id,2026-06-11,"Loop Trail, Tojo Una-Una Regency, Central Sulawesi, ID",False,-0.2522278687,122.0611704768,maltesellin,Malte Sellin,cc-by-nc,1
Aglaonema simplex,425483,364548260,https://www.inaturalist.org/observations/364548260,needs_id,2026-05-24,RRPJ+M5M ตำบล อ่าวน้อย อำเภอเมืองประจวบคีรีขันธ์ ประจวบคีรีขันธ์ 77000 ประเทศไทย,False,11.8377016667,99.8312316667,shokun_hornbill,Chanaphon Sroiprasert,cc-by-nc,1
Aglaonema simplex,425483,362673179,https://www.inaturalist.org/observations/362673179,needs_id,2026-05-17,"Ranau, Sabah, MY",False,6.0499911073,116.7020623052,keya69626,Keya Patel,cc-by-nc,1
Aglaonema simplex,425483,362605909,https://www.inaturalist.org/observations/362605909,needs_id,2026-05-17,"Ranau, Sabah, MY",False,6.0498973171,116.7018379898,nandita39840,Nandita Shankar,cc-by-nc,1
Aglaonema simplex,425483,362605131,https://www.inaturalist.org/observations/362605131,needs_id,2026-05-17,"Ranau, Sabah, MY",False,6.049908386,116.70185619,sidharth36732,Sidharth Rao,cc-by-nc,1
Aglaonema simplex,425483,362034814,https://www.inaturalist.org/observations/362034814,needs_id,2026-05-16,"Denai MTB - Denai AM, Kuala Lumpur, Kuala Lumpur, MY",False,3.1889383333,101.7476716667,mj_88700,Leong Min Juin,cc-by-nc,4
Aglaonema simplex,425483,350751937,https://www.inaturalist.org/observations/350751937,needs_id,2024-09-24,"Snakes and Ladders, Kuala Lumpur, Kuala Lumpur, MY",False,3.1558695,101.63573,distributary,Simon Lomas,cc-by-nc,1
Aglaonema simplex,425483,350709834,https://www.inaturalist.org/observations/350709834,needs_id,2026-04-18,"9VXQ+QR Tawau Hills Park, Taman Semarak, 91000 Tawau, Sabah, Malaysia",False,4.4000080997,117.8887069997,amzamz,Andreas Manz,cc0,2
Aglaonema simplex,425483,347759878,https://www.inaturalist.org/observations/347759878,needs_id,2025-12-18,"Mae Ramat District, Tak, TH",False,17.0347778333,98.6288,panus,Panus Danpitakkul,,5
Aglaonema simplex,425483,343435227,https://www.inaturalist.org/observations/343435227,needs_id,2026-03-17,"ต.มะเกลือเก่า, อ.สูงเนิน, จ.นครราชสีมา, TH",False,14.7265616667,101.783395,wilailuck,Wilailuck Naksri,cc-by-nc,1
Aglaonema simplex,425483,342174331,https://www.inaturalist.org/observations/342174331,research,2026-03-08,"Bukit Panjang, Singapore",False,1.3499176,103.7785601,mike_hooper,Mike Hooper,cc-by-nc,2
Aglaonema simplex,425483,342023295,https://www.inaturalist.org/observations/342023295,needs_id,2026-03-07,"Bambang, Los Baños, Laguna, Philippines",False,14.1340380544,121.2231934816,paul_ondoy,Paul A C Ondoy,cc-by-nc,3
Aglaonema simplex,425483,340406685,https://www.inaturalist.org/observations/340406685,needs_id,2026-02-27,,True,1.3131703552,103.7343583224,surinkumar,,cc-by-nc,4
Aglaonema simplex,425483,336189018,https://www.inaturalist.org/observations/336189018,research,2026-01-26,"Singapore, SG, SG",False,1.3486633333,103.7773583333,mercury9nine,,cc-by-nc,2
Aglaonema simplex,425483,333460900,https://www.inaturalist.org/observations/333460900,needs_id,2025-12-23,"8J85+M88 Cuc Phuong National Park, Nho Quan, Ninh Bình, Vietnam",False,20.3166875,105.6083125,gbohne,Dr. Guido Bohne,cc-by-sa,2
Aglaonema simplex,425483,332267963,https://www.inaturalist.org/observations/332267963,needs_id,2025-12-27,"Borneo, Bau, Sarawak, MY",False,1.4118783333,110.1504445,srwkim,ChanSK,cc-by-nc,1
Aglaonema simplex,425483,330967473,https://www.inaturalist.org/observations/330967473,needs_id,2025-06-14,"VWFR+78, Sepilok, 90000 Sandakan, Sabah, Malaysia",False,5.8726722,117.9405346,twan3253,Tim,cc-by,2
Aglaonema simplex,425483,320683966,https://www.inaturalist.org/observations/320683966,research,2025-10-09,"Borneo, Sandakan, Sabah, MY",False,5.875295,117.940925,loenjhih,羅恩至,cc-by-nc,2
Aglaonema simplex,425483,320016080,https://www.inaturalist.org/observations/320016080,research,2025-09-18,"Sepilok, 90000 Sandakan, Sabah, Malaysia",False,5.872099,117.943262,dawicho,David Torres,cc-by-nc,1
Aglaonema simplex,425483,319765173,https://www.inaturalist.org/observations/319765173,research,2025-10-09,"VWFR+78, Sepilok, 90000 Sandakan, Sabah, 馬來西亞",False,5.8751451167,117.9407387778,ihenglan,,cc-by-nc,2
Aglaonema simplex,425483,314948988,https://www.inaturalist.org/observations/314948988,research,2025-09-19,"VWFR+78, Sepilok, 90000 Sandakan, Sabah, Malasia",False,5.8724319722,117.940448,dawicho,David Torres,cc-by-nc,3
Aglaonema simplex,425483,314743497,https://www.inaturalist.org/observations/314743497,research,2023-08-13,"Sandakan, MY-SA, MY",True,5.9831502192,117.8967390216,cheavy,cheavy,cc-by-nc,2
Aglaonema simplex,425483,305241213,https://www.inaturalist.org/observations/305241213,needs_id,2025-07-28,"Jawa Timur, ID",True,-7.7917313997,112.5079430047,frdyrzky,Ferdiansyah,,2
Aglaonema simplex,425483,298199460,https://www.inaturalist.org/observations/298199460,needs_id,2016-07-17,"Kabupaten Parigi Moutong, Sulawesi Tengah, Indonesia",False,-0.8134656452,120.1227950563,ramadhannmf,ramadhannmf,cc-by-nc,4
Aglaonema simplex,425483,296454103,https://www.inaturalist.org/observations/296454103,needs_id,2025-07-09,"Kabupaten Sigi, Sulawesi Tengah, Indonesia",False,-0.920206,119.977749,sudirman1,Sudirman Massiri,cc-by-nc,1
Aglaonema simplex,425483,288258169,https://www.inaturalist.org/observations/288258169,research,2025-06-03,"9VXQ+QR Tawau Hills Park, Taman Semarak, 91000 Tawau, Sabah, Malaysia",False,4.400145,117.889848,bretvanputten,Bret van Putten,cc-by-sa,2
Aglaonema simplex,425483,285518827,https://www.inaturalist.org/observations/285518827,research,2025-05-17,"Bukit Panjang, Singapore",False,1.3482525369,103.7777587026,gavin_n,Gavin,cc0,3
Aglaonema simplex,425483,285291942,https://www.inaturalist.org/observations/285291942,needs_id,2025-05-04,"Thung Khai, Yan Ta Khao District, Trang, TH",False,7.461295,99.6420833333,nonwiwat,Natthanon,,1
Aglaonema simplex,425483,280963497,https://www.inaturalist.org/observations/280963497,needs_id,2025-05-11,"อุทยานแห่งชาติตาพระยา, อ.ตาพระยา, จ.สระแก้ว, TH",False,14.1454221667,102.66835,thanakitsuparat,Thanakit Suparat,,1
Aglaonema simplex,425483,271130177,https://www.inaturalist.org/observations/271130177,needs_id,2025-04-16,"Mount Makiling, Los Baños, Laguna, Philippines",False,14.1363889,121.1944444,sambrilliance,Samuel Brillo,cc-by-nc,3
Aglaonema simplex,425483,270797838,https://www.inaturalist.org/observations/270797838,needs_id,2024-12-13,"Ayer Hitam Forest Reserve, Puchong, Selangor, MY",False,3.0122531536,101.6461138044,annisha_zhadirah_binti_azizan,ANNISHA ZHADIRAH BINTI AZIZAN / UPM,cc-by-nc,1
Aglaonema simplex,425483,267307153,https://www.inaturalist.org/observations/267307153,needs_id,2006-01-18,"Ta Phraya National Park, Sa Kaeo...",False,14.1265460379,102.5919628207,tonyrodd,Tony Rodd,cc0,1
Aglaonema simplex,425483,265737513,https://www.inaturalist.org/observations/265737513,needs_id,2025-01-18,馬來西亞砂拉越倫樂,False,1.5857193651,110.1698280883,yueranic,羅元甫,cc-by-nc,3
Aglaonema simplex,425483,262350949,https://www.inaturalist.org/observations/262350949,needs_id,2025-02-20,"Kinabalu National Park, Ranau, 沙巴, MY",False,6.0498916667,116.701875,mi30010,Mi Ji,,1
Aglaonema simplex,425483,262064127,https://www.inaturalist.org/observations/262064127,needs_id,2025-02-15,"Jawa Timur, ID",True,-7.6012112675,112.5347312279,frdyrzky,Ferdiansyah,,2
Aglaonema simplex,425483,261979491,https://www.inaturalist.org/observations/261979491,needs_id,2011-04-06,"Watukilo, Kecamatan Kulawi Selatan, Kabupaten Sigi, Sulawesi Tengah, Sulawesi, ID",False,-1.6115993784,120.0662486299,fabisho,Fabian Brambach,cc-by,5
Aglaonema simplex,425483,261361517,https://www.inaturalist.org/observations/261361517,needs_id,2011-06-10,"Toro, Lore Lindu National Park, Kecamatan Kulawi, Kabupaten Sigi, Sulawesi Tengah, Sulawesi, ID",False,-1.495,120.056667,fabisho,Fabian Brambach,cc-by,4
Aglaonema simplex,425483,258385989,https://www.inaturalist.org/observations/258385989,research,2025-01-13,"Bukit Panjang, 新加坡",False,1.3443267997,103.7812389,ihenglan,,cc-by-nc,2
Aglaonema simplex,425483,258161988,https://www.inaturalist.org/observations/258161988,needs_id,2025-01-10,"Taman Bangsar, Bangsar, Kuala Lumpur, Wilayah Persekutuan Kuala Lumpur, Malaysia",False,3.1389982,101.6760064,wahhafif,,,3
Aglaonema simplex,425483,256366760,https://www.inaturalist.org/observations/256366760,needs_id,2024-12-27,"Taman Bukit Serdang, 43300 Seri Kembangan, Selangor, Malaysia",False,3.0260555556,101.6910055556,ongzi,Ong Jyh Seng,cc-by,1
Aglaonema simplex,425483,256366730,https://www.inaturalist.org/observations/256366730,needs_id,2024-12-27,"Taman Bukit Serdang, 43300 Seri Kembangan, Selangor, Malaysia",False,3.0266805556,101.6909805556,ongzi,Ong Jyh Seng,cc-by,2
Aglaonema simplex,425483,256366338,https://www.inaturalist.org/observations/256366338,needs_id,2024-12-27,"Taman Bukit Serdang, 43300 Seri Kembangan, Selangor, Malaysia",False,3.0267025096,101.6909804811,ongzi,Ong Jyh Seng,cc-by,2
Aglaonema simplex,425483,256366336,https://www.inaturalist.org/observations/256366336,needs_id,2024-12-27,"Taman Bukit Serdang, 43300 Seri Kembangan, Selangor, Malaysia",False,3.0267025096,101.6909804811,ongzi,Ong Jyh Seng,cc-by,1
Aglaonema simplex,425483,256366335,https://www.inaturalist.org/observations/256366335,needs_id,2024-12-27,"Taman Bukit Serdang, 43300 Seri Kembangan, Selangor, Malaysia",False,3.0267025096,101.6909804811,ongzi,Ong Jyh Seng,cc-by,3
Aglaonema simplex,425483,256366334,https://www.inaturalist.org/observations/256366334,needs_id,2024-12-27,"Taman Bukit Serdang, 43300 Seri Kembangan, Selangor, Malaysia",False,3.0267025096,101.6909804811,ongzi,Ong Jyh Seng,cc-by,1
Aglaonema simplex,425483,256366333,https://www.inaturalist.org/observations/256366333,needs_id,2024-12-27,"Taman Bukit Serdang, 43300 Seri Kembangan, Selangor, Malaysia",False,3.0267025096,101.6909804811,ongzi,Ong Jyh Seng,cc-by,3
Aglaonema simplex,425483,256366311,https://www.inaturalist.org/observations/256366311,needs_id,2024-12-27,"Taman Bukit Serdang, 43300 Seri Kembangan, Selangor, Malaysia",False,3.0267025096,101.6909804811,ongzi,Ong Jyh Seng,cc-by,1
Aglaonema simplex,425483,255769521,https://www.inaturalist.org/observations/255769521,needs_id,2024-12-13,"Bahagian Miri, Sarawak, Malaysia",False,4.039422,114.816198,cwfoo,Foo Chuan Wei,cc-by-nc,2
Aglaonema simplex,425483,248026089,https://www.inaturalist.org/observations/248026089,research,2024-09-18,"Sabah, MY",True,6.0020623828,116.6882586916,oli_in_gold,Oliver Ingold,,1
Aglaonema simplex,425483,244652496,https://www.inaturalist.org/observations/244652496,needs_id,2024-09-14,"Marudi, MY-SK, MY",True,4.0306630367,114.8134063846,oli_in_gold,Oliver Ingold,,2
Aglaonema simplex,425483,238747587,https://www.inaturalist.org/observations/238747587,needs_id,2024-08-30,"Phu Khang, Phra Phutthabat District, Saraburi, Thailand",False,14.6916193735,100.7910167053,utain,Utain Pummarin,cc0,2
Aglaonema simplex,425483,236675520,https://www.inaturalist.org/observations/236675520,needs_id,2024-08-19,"Hua Khuan, Phuket 83120, Thailand",False,7.9619,98.3104316,pavelkornev,,cc-by-nc,2
Aglaonema simplex,425483,229669782,https://www.inaturalist.org/observations/229669782,needs_id,2024-07-16,"Bukit Timah Nature Reserve, Singapore, SG, SG",False,1.3529716667,103.77703,divina9,Divina,,2
Aglaonema simplex,425483,215743441,https://www.inaturalist.org/observations/215743441,needs_id,2024-05-14,"อุทยานแห่งชาติเขาปู่-เขาย่า, อ.ศรีบรรพต, จ.พัทลุง, TH",False,7.6655583333,99.8725583333,sarojruchisansakun,Saroj Ruchisansakun,,1
Aglaonema simplex,425483,215732375,https://www.inaturalist.org/observations/215732375,needs_id,2024-05-14,"อุทยานแห่งชาติเขาปู่-เขาย่า, อ.ศรีบรรพต, จ.พัทลุง, TH",False,7.6734883333,99.8709333333,sarojruchisansakun,Saroj Ruchisansakun,,1
Aglaonema simplex,425483,209529499,https://www.inaturalist.org/observations/209529499,needs_id,2024-04-22,ตำบล ปากทรง อำเภอ พะโต๊ะ ชุมพร 86180 ประเทศไทย,False,9.7292239666,98.680801568,reinthong,Kroolek Reinthong,cc-by-nc,2
Aglaonema simplex,425483,197175283,https://www.inaturalist.org/observations/197175283,research,2012-02-07,"Perdana Botanical Gardens, Kuala Lumpur, Federal Territory of Kuala Lumpur, Malaysia",False,3.1428895613,101.6795957042,franklincgrahamiv,Franklin Charles Graham IV,cc-by-nc,1
Aglaonema simplex,425483,196981284,https://www.inaturalist.org/observations/196981284,needs_id,2024-01-18,"Simpang Pertang, Negeri Sembilan, Malaysia",False,2.980275,102.2546111111,akmal_idham,Akmal Idham,cc-by-nc,8
Aglaonema simplex,425483,196830427,https://www.inaturalist.org/observations/196830427,needs_id,2015-03-12,"Мири, Сарауак, Малайзия",False,4.01525,114.815501,dolzhanskiy,должанский,cc-by-nc,3
Aglaonema simplex,425483,195482838,https://www.inaturalist.org/observations/195482838,research,2024-01-01,"ต้าผามอก, ลอง, จ.แพร่, TH",False,18.1598528333,100.0041277833,sarojruchisansakun,Saroj Ruchisansakun,,4
Aglaonema simplex,425483,192703865,https://www.inaturalist.org/observations/192703865,research,2023-11-23,中国云南省西双版纳傣族自治州勐腊县,False,21.9205116667,101.2695866667,kyosapir,,cc-by-nc,1
Aglaonema simplex,425483,192269240,https://www.inaturalist.org/observations/192269240,needs_id,2023-11-25,"Salakphet Nuea, Ko Chang District, Trat 23170, Thailand",False,12.0071972222,102.3533833333,siebengutkerdegeus,Sieben Gutker de Geus,,1
Aglaonema simplex,425483,188876060,https://www.inaturalist.org/observations/188876060,research,2023-10-25,"Ko Samui, TH-ST, TH",False,9.4912161934,100.0319661168,bananacheek,,cc-by-nc,1
Aglaonema simplex,425483,188619365,https://www.inaturalist.org/observations/188619365,needs_id,2023-10-22,ทุ่งน้อย ราชบุรี ประเทศไทย,False,13.6007575833,99.6753845,auttpon,อัฐพร ทิมโค่น,,1
Aglaonema simplex,425483,180672547,https://www.inaturalist.org/observations/180672547,research,2023-07-16,"Kinabalu, Ranau, Sabah, Malaysia",False,6.05086755,116.7022094667,jw66,,cc-by-nc,1
Aglaonema simplex,425483,178135232,https://www.inaturalist.org/observations/178135232,research,2023-08-07,"Tawau, Sabah, Malaysia",False,4.4006572382,117.8892635166,pl_stenger,Pierre-Louis Stenger,cc-by-nc,1
Aglaonema simplex,425483,171342962,https://www.inaturalist.org/observations/171342962,research,2022-02-03,"Kabupaten Sekadau, Kalimantan Barat, Indonesia",False,0.1661862924,111.0372847717,haniristiawan,Hani Ristiawan,cc-by-nc,2
Aglaonema simplex,425483,169740242,https://www.inaturalist.org/observations/169740242,research,2023-06-26,"Bukit Panjang, Singapore",False,1.3482444444,103.7778472222,scallions,,cc-by,9
Aglaonema simplex,425483,163069134,https://www.inaturalist.org/observations/163069134,needs_id,2023-04-02,"Taman Negara Santubong, Kuching, 砂拉越, MY",False,1.7531916667,110.3253116667,kiwishen,Kiwi Shen,cc-by,2
Aglaonema simplex,425483,162268806,https://www.inaturalist.org/observations/162268806,needs_id,2023-04-02,"Taman Negara Santubong, Kuching, 砂拉越, MY",False,1.7526,110.3215716667,kiwishen,Kiwi Shen,cc-by,1
Aglaonema simplex,425483,155440697,https://www.inaturalist.org/observations/155440697,needs_id,2023-04-03,"Sepilok, 90000 Sandakan, Sabah, 馬來西亞",False,5.87259,117.9409983333,pseudoshuigeeee,Kuan-Chieh (Chuck) Hung,cc-by-nc,2
Aglaonema simplex,425483,154689494,https://www.inaturalist.org/observations/154689494,needs_id,2022-12-26,Vietnam,True,20.3407081541,105.7473037158,bridelia,Bridelia,,3
Aglaonema simplex,425483,153035739,https://www.inaturalist.org/observations/153035739,research,2022-08-16,Bukit Timah Nature Reserve,False,1.3540562289,103.7769453228,plantbrosg,pbsg,cc-by,8
Aglaonema simplex,425483,152831544,https://www.inaturalist.org/observations/152831544,needs_id,2023-03-29,中国云南省西双版纳傣族自治州勐腊县W7J2+RX3 邮政编码: 666303,False,21.932023,101.252419,eec2022,eec,cc-by-nc,1
Aglaonema simplex,425483,147373245,https://www.inaturalist.org/observations/147373245,research,2023-01-26,"Phaya Yen, Pak Chong District, Nakhon Ratchasima 30320, Thailand",False,14.5967138889,101.2287138889,portioid,portioid,cc-by-sa,1
Aglaonema simplex,425483,142887092,https://www.inaturalist.org/observations/142887092,research,2022-11-26,"Tha Kradan, Si Sawat, Kanchanaburi, TH",False,14.3734585913,99.1448933166,chanel_mahavongsnunt,Chanel Mahavongsnunt,,1
Aglaonema simplex,425483,137835457,https://www.inaturalist.org/observations/137835457,research,2022-10-07,云南省西双版纳傣族自治州勐腊县勐仑镇213国道中国科学院西双版纳热带植物园,False,21.9205665588,101.2777633667,guanhong,guanhong,cc-by-nc,3
Aglaonema simplex,425483,113318229,https://www.inaturalist.org/observations/113318229,research,2022-04-23,"Misamis Oriental, Philippines",False,8.5045558,124.6219592,curiosity,Kierr Jasper Sancover,,4
Aglaonema simplex,425483,111655309,https://www.inaturalist.org/observations/111655309,research,2022-01-30,"Nakhon Ratchasima, TH",True,15.1009299189,102.0793813247,kasorn,Kasorn Klankhunthod,,4
Aglaonema simplex,425483,107476888,https://www.inaturalist.org/observations/107476888,research,2022-02-06,"Nakhon Ratchasima, TH",True,15.215373282,101.8244699366,phitchh,,,4
Aglaonema simplex,425483,107365919,https://www.inaturalist.org/observations/107365919,research,2022-01-12,"Niah, Sarawak, Malaysia",False,3.8176529997,113.7720386997,niah_national_park,Niah National Park,,6
Aglaonema simplex,425483,107178018,https://www.inaturalist.org/observations/107178018,research,2022-02-21,"Luzon, Sorsogon City, Sorsogon, PH",False,13.0240861667,123.91697,tiluchi,Forest Botial-Jarvis,cc-by-nc,2
Aglaonema simplex,425483,106301285,https://www.inaturalist.org/observations/106301285,research,2022-02-06,"Nakhon Ratchasima, TH",True,15.3169872818,101.6301863517,ab_satta,,cc-by-nc,5
Aglaonema simplex,425483,106055387,https://www.inaturalist.org/observations/106055387,research,2022-02-02,"Nakhon Ratchasima, TH",True,15.2319913236,102.0128793912,fahmmp,,cc-by-nc,2
Aglaonema simplex,425483,101505979,https://www.inaturalist.org/observations/101505979,needs_id,2021-11-20,"อุดมทรัพย์, อ.วังน้ำเขียว, จ.นครราชสีมา, TH",False,14.5092908165,101.9296345511,nanthida,Nanthida Paha,,4
Aglaonema simplex,425483,101182782,https://www.inaturalist.org/observations/101182782,needs_id,2021-10-04,"Kaltim, ID",False,-0.4488381974,117.2142965892,hidayatullatifah,hidayatul latifah,,3
Aglaonema simplex,425483,82007047,https://www.inaturalist.org/observations/82007047,needs_id,2021-06-07,"Gunung Halimun Salak National Park, ID-JR-BR, ID-JR, ID",False,-6.6777436516,106.7349477857,kangacuya_official,KangAcuya Official,,2
Aglaonema simplex,425483,63225776,https://www.inaturalist.org/observations/63225776,research,2020-10-22,"Rasah, Negeri Sembilan, Malaysia",False,2.7068169167,101.8829345556,ongzi,Ong Jyh Seng,cc-by-sa,3
Aglaonema simplex,425483,61041154,https://www.inaturalist.org/observations/61041154,research,2020-09-27,"Koyoan, Luwuk, Banggai Regency, Central Sulawesi, Indonesia",False,-1.050460828,122.7294399217,mardiyanto,Mardiyanto Saahi,cc-by-nc,2
Aglaonema simplex,425483,53486168,https://www.inaturalist.org/observations/53486168,needs_id,2020-07-18,"Purworejo Regency, Central Java, Indonesia",False,-7.76824159,110.11301184,naufalurfi,Naufal Urfi Dhiya'ulhaq,cc-by-nc,1
Aglaonema simplex,425483,38629609,https://www.inaturalist.org/observations/38629609,research,2018-12-01,"Tanah Merah, Samarinda Utara, Samarinda City, East Kalimantan, Indonesia",False,-0.4519919455,117.2107772827,hidayatullatifah,hidayatul latifah,,1
Aglaonema simplex,425483,33458287,https://www.inaturalist.org/observations/33458287,research,2011-08-31,Pa Hin Ngam National Park Chaiyaphum Thailand,False,15.724784,101.400319,lennyworthington,Leonard Worthington,cc-by,1
Aglaonema simplex,425483,30770310,https://www.inaturalist.org/observations/30770310,research,2019-07-27,"Sandakan, Sabah, Malaysia",False,5.839444,118.1171729,a1virginia,Virginia,,3
Aglaonema simplex,425483,28171598,https://www.inaturalist.org/observations/28171598,needs_id,2019-07-04,"Sleman, ID-YO, ID",False,-7.5906829069,110.4345518723,naufalurfi,Naufal Urfi Dhiya'ulhaq,cc-by-nc,1
Aglaonema simplex,425483,28171392,https://www.inaturalist.org/observations/28171392,needs_id,2019-07-04,"Taman Nasional Gunung Merapi, Jl. Kaliurang KM 22,6, Hargobinangun, Pakem, Hargobinangun, Kec. Pakem, Kabupaten Sleman, Daerah Istimewa Yogyakarta 55582, Indonesia",False,-7.5900774002,110.4365844727,naufalurfi,Naufal Urfi Dhiya'ulhaq,cc-by-nc,1
Aglaonema simplex,425483,27285304,https://www.inaturalist.org/observations/27285304,research,2003-09-11,"Bukit Panjang, Cingapura",False,1.3470200379,103.7772029042,davidtng,David Tng,cc-by-nc,1
Aglaonema simplex,425483,24263183,https://www.inaturalist.org/observations/24263183,needs_id,2019-04-29,"Kuala Lumpur, Federal Territory of Kuala Lumpur, Malaysia",False,3.1519352199,101.7020589066,tansh91,,cc-by-nc,1
Aglaonema tricolor,1391614,354058609,https://www.inaturalist.org/observations/354058609,needs_id,2026-04-25,"Kuala Lumpur Forest Eco Park, Kuala Lumpur, Kuala Lumpur, MY",False,3.1526352861,101.702228016,shahril_efzueni,Shahril Efzueni Rozali,,1
Aglaonema tricolor,1391614,74091956,https://www.inaturalist.org/observations/74091956,research,2021-01-27,"Guaratiba, Rio de Janeiro - State of Rio de Janeiro, Brazil",False,-22.9683529,-43.6216275,botanicalcity_maria_a_villalobos,Maria A. Villalobos H.,cc-by-nc,2
