species,observation_id,observation_url,photo_id,photo_url_original,licence,attribution,observer_login,observer_name,observed_on,place_guess,quality_grade,obscured,latitude,longitude,width,height,downloaded,file,size_obtained
Aglaonema commutatum,404960212,https://www.inaturalist.org/observations/404960212,743755584,https://inaturalist-open-data.s3.amazonaws.com/photos/743755584/original.jpg,cc-by-nc,"(c) Siti Wahida Amanullah, some rights reserved (CC BY-NC)",wydaman,Siti Wahida Amanullah,2026-10-01,"Dewan Anuwar Mahmud, 43600 Bangi, Selangor, Malaysia",needs_id,False,2.9242599722,101.78247,1536,2048,no,commutatum/inat-404960212-743755584-wydaman.jpg,
Aglaonema commutatum,404960212,https://www.inaturalist.org/observations/404960212,743755609,https://inaturalist-open-data.s3.amazonaws.com/photos/743755609/original.jpg,cc-by-nc,"(c) Siti Wahida Amanullah, some rights reserved (CC BY-NC)",wydaman,Siti Wahida Amanullah,2026-10-01,"Dewan Anuwar Mahmud, 43600 Bangi, Selangor, Malaysia",needs_id,False,2.9242599722,101.78247,1536,2048,no,commutatum/inat-404960212-743755609-wydaman.jpg,
Aglaonema commutatum,404932167,https://www.inaturalist.org/observations/404932167,743701429,https://inaturalist-open-data.s3.amazonaws.com/photos/743701429/original.jpg,cc-by-nc,"(c) Lakshay Vashist, some rights reserved (CC BY-NC)",lakshay4,Lakshay Vashist,2026-10-01,"Vista Villas, Gurugram, Haryana, IN",needs_id,False,28.4418112758,77.0590563235,1152,2048,no,commutatum/inat-404932167-743701429-lakshay4.jpg,
Aglaonema commutatum,404869646,https://www.inaturalist.org/observations/404869646,743578571,https://inaturalist-open-data.s3.amazonaws.com/photos/743578571/original.jpg,cc-by-nc,"(c) Mike, some rights reserved (CC BY-NC)",mrfish33,Mike,2026-09-30,"Bukit Panjang, Singapore",needs_id,False,1.3457276,103.7821194997,1536,2048,no,commutatum/inat-404869646-743578571-mrfish33.jpg,
Aglaonema commutatum,404827656,https://www.inaturalist.org/observations/404827656,743489314,https://inaturalist-open-data.s3.amazonaws.com/photos/743489314/original.jpg,cc-by-nc,"(c) marzot, some rights reserved (CC BY-NC)",marzot,,2026-09-30,"Coral Cuernavaca Resort & Spa, 3 de Mayo, Mor., MX",needs_id,False,18.8482841716,-99.2182193082,1536,2048,no,commutatum/inat-404827656-743489314-marzot.jpg,
Aglaonema commutatum,404667578,https://www.inaturalist.org/observations/404667578,743180153,https://inaturalist-open-data.s3.amazonaws.com/photos/743180153/original.jpg,cc-by-nc,"(c) ahamathafki_004, some rights reserved (CC BY-NC)",ahamathafki_004,,2026-09-30,"R2CR+RXH, Sri Lanka",needs_id,False,6.8220627478,80.0424727052,1542,2048,no,commutatum/inat-404667578-743180153-ahamathafki_004.jpg,
Aglaonema commutatum,404413483,https://www.inaturalist.org/observations/404413483,742675548,https://inaturalist-open-data.s3.amazonaws.com/photos/742675548/original.jpg,cc-by-nc,"(c) Stephany Panigon, some rights reserved (CC BY-NC)",panigon_durian,Stephany Panigon,2026-09-29,"Davao City, Davao, PH",needs_id,False,7.131704767,125.3788455091,1536,2048,no,commutatum/inat-404413483-742675548-panigon_durian.jpg,
Aglaonema commutatum,404363156,https://www.inaturalist.org/observations/404363156,742574024,https://inaturalist-open-data.s3.amazonaws.com/photos/742574024/original.jpg,cc-by-nc,"(c) bryan pratprut, some rights reserved (CC BY-NC)",bryan_pratprut,bryan pratprut,2026-09-29,"Kalisari, Kec. Ps. Rebo, Kota Jakarta Timur, Daerah Khusus Ibukota Jakarta, Indonesia",needs_id,False,-6.332425,106.8575616667,921,2048,no,commutatum/inat-404363156-742574024-bryan_pratprut.jpg,
Aglaonema commutatum,404120846,https://www.inaturalist.org/observations/404120846,742088313,https://inaturalist-open-data.s3.amazonaws.com/photos/742088313/original.jpg,cc-by-nc,"(c) Nathan Yulianto, some rights reserved (CC BY-NC)",nathanyulianto,Nathan Yulianto,2026-09-28,"Jalan Seturan III, Sleman, Yogyakarta, ID",needs_id,False,-7.7690044771,110.4084508646,1152,2048,no,commutatum/inat-404120846-742088313-nathanyulianto.jpg,
Aglaonema commutatum,403813977,https://www.inaturalist.org/observations/403813977,741483338,https://inaturalist-open-data.s3.amazonaws.com/photos/741483338/original.jpg,cc-by-nc,"(c) kynthedrel1997, some rights reserved (CC BY-NC)",kynthedrel1997,,2026-09-27,"Osman, Malinao, Aklan, Philippines",needs_id,False,11.6294629,122.2086579,2048,1536,no,commutatum/inat-403813977-741483338-kynthedrel1997.jpg,
Aglaonema commutatum,403803016,https://www.inaturalist.org/observations/403803016,741464027,https://inaturalist-open-data.s3.amazonaws.com/photos/741464027/original.jpg,cc-by-nc,"(c) quinn kuiken, some rights reserved (CC BY-NC)",quinnhk,quinn kuiken,2026-09-27,"Rifle Range Rd, Singapore, SG, SG",research,False,1.35307,103.7848133333,1536,2048,no,commutatum/inat-403803016-741464027-quinnhk.jpg,
Aglaonema commutatum,403803016,https://www.inaturalist.org/observations/403803016,741464026,https://inaturalist-open-data.s3.amazonaws.com/photos/741464026/original.jpg,cc-by-nc,"(c) quinn kuiken, some rights reserved (CC BY-NC)",quinnhk,quinn kuiken,2026-09-27,"Rifle Range Rd, Singapore, SG, SG",research,False,1.35307,103.7848133333,1536,2048,no,commutatum/inat-403803016-741464026-quinnhk.jpg,
Aglaonema commutatum,403802975,https://www.inaturalist.org/observations/403802975,741463917,https://inaturalist-open-data.s3.amazonaws.com/photos/741463917/original.jpg,cc-by-nc,"(c) quinn kuiken, some rights reserved (CC BY-NC)",quinnhk,quinn kuiken,2026-09-27,"Rifle Range Rd, Singapore, SG, SG",needs_id,False,1.3496916667,103.78392,1536,2048,no,commutatum/inat-403802975-741463917-quinnhk.jpg,
Aglaonema commutatum,403802975,https://www.inaturalist.org/observations/403802975,741463920,https://inaturalist-open-data.s3.amazonaws.com/photos/741463920/original.jpg,cc-by-nc,"(c) quinn kuiken, some rights reserved (CC BY-NC)",quinnhk,quinn kuiken,2026-09-27,"Rifle Range Rd, Singapore, SG, SG",needs_id,False,1.3496916667,103.78392,1536,2048,no,commutatum/inat-403802975-741463920-quinnhk.jpg,
Aglaonema commutatum,403170135,https://www.inaturalist.org/observations/403170135,740212332,https://inaturalist-open-data.s3.amazonaws.com/photos/740212332/original.jpg,cc-by-nc,"(c) anisaa nalaa, some rights reserved (CC BY-NC)",anisaa2,anisaa nalaa,2026-09-25,"Kabupaten Sukabumi, Jawa Barat, Indonesia",needs_id,False,-6.7747750556,106.7291793611,2048,1536,no,commutatum/inat-403170135-740212332-anisaa2.jpg,
Aglaonema commutatum,403169709,https://www.inaturalist.org/observations/403169709,740211688,https://inaturalist-open-data.s3.amazonaws.com/photos/740211688/original.jpg,cc-by-nc,"(c) mutia mutia, some rights reserved (CC BY-NC)",muthiakhaerunisa,mutia mutia,2026-09-25,"6P9J+6H5, Jayabakti, Kec. Cidahu, Kabupaten Sukabumi, Jawa Barat 43358, Indonesia",needs_id,False,-6.7819847,106.7314841,1536,2048,no,commutatum/inat-403169709-740211688-muthiakhaerunisa.jpg,
Aglaonema commutatum,403033164,https://www.inaturalist.org/observations/403033164,739940603,https://inaturalist-open-data.s3.amazonaws.com/photos/739940603/original.jpg,cc-by-nc,"(c) SandejieMariaClara, some rights reserved (CC BY-NC)",sandeji,SandejieMariaClara,2026-09-24,"Recife, BR-PE, BR",needs_id,False,-8.0537713878,-34.8877227004,2048,1536,no,commutatum/inat-403033164-739940603-sandeji.jpg,
Aglaonema commutatum,403006880,https://www.inaturalist.org/observations/403006880,739891460,https://inaturalist-open-data.s3.amazonaws.com/photos/739891460/original.jpg,cc-by-nc,"(c) lucia fatima, some rights reserved (CC BY-NC)",lucia41133,lucia fatima,2026-09-24,Timon,needs_id,False,-5.087726593,-42.8416824341,1536,2048,no,commutatum/inat-403006880-739891460-lucia41133.jpg,
Aglaonema commutatum,402906237,https://www.inaturalist.org/observations/402906237,739698056,https://inaturalist-open-data.s3.amazonaws.com/photos/739698056/original.jpg,cc-by-nc,"(c) Adam Trinklein, some rights reserved (CC BY-NC)",adamscubapix,Adam Trinklein,2026-09-23,"Route de ceinture, French Polynesia, PF",needs_id,False,-17.5185633333,-149.8506916667,1536,2048,no,commutatum/inat-402906237-739698056-adamscubapix.jpg,
Aglaonema commutatum,402822458,https://www.inaturalist.org/observations/402822458,739529039,https://inaturalist-open-data.s3.amazonaws.com/photos/739529039/original.jpg,cc-by-nc,"(c) Zaira Ascencio, some rights reserved (CC BY-NC)",zaira96412,Zaira Ascencio,2026-09-23,"Centro, MX-TB, MX",needs_id,False,17.9704139514,-92.9480903721,1152,2048,no,commutatum/inat-402822458-739529039-zaira96412.jpg,
Aglaonema commutatum,402469736,https://www.inaturalist.org/observations/402469736,738848552,https://inaturalist-open-data.s3.amazonaws.com/photos/738848552/original.jpg,cc-by-nc,"(c) ladyterabithea, some rights reserved (CC BY-NC)",ladyterabithea,,2019-09-26,"Loreto, PE",needs_id,False,-3.2586866667,-72.9151616667,1536,2048,no,commutatum/inat-402469736-738848552-ladyterabithea.jpg,
Aglaonema commutatum,402376417,https://www.inaturalist.org/observations/402376417,738668403,https://inaturalist-open-data.s3.amazonaws.com/photos/738668403/original.jpg,cc-by-nc,"(c) karendguez, some rights reserved (CC BY-NC)",karendguez,,2026-09-18,"Avenida México, Villahermosa, Tab., MX",needs_id,False,17.9703416667,-92.9479833333,1536,2048,no,commutatum/inat-402376417-738668403-karendguez.jpg,
Aglaonema commutatum,402288458,https://www.inaturalist.org/observations/402288458,738489753,https://inaturalist-open-data.s3.amazonaws.com/photos/738489753/original.jpg,cc-by-nc,"(c) nicolef4425, some rights reserved (CC BY-NC)",nicolef4425,,2026-09-21,Greater Vancouver,needs_id,False,49.2667236328,-123.254989624,1152,2048,no,commutatum/inat-402288458-738489753-nicolef4425.jpg,
Aglaonema commutatum,402220630,https://www.inaturalist.org/observations/402220630,738356155,https://inaturalist-open-data.s3.amazonaws.com/photos/738356155/original.jpg,cc-by-nc,"(c) fridap24, some rights reserved (CC BY-NC)",fridap24,,2026-09-21,"Calle 27a. Poniente, Tapachula, Chis., MX",needs_id,False,14.9208783333,-92.2619466667,1152,2048,no,commutatum/inat-402220630-738356155-fridap24.jpg,
Aglaonema commutatum,402148762,https://www.inaturalist.org/observations/402148762,738218531,https://inaturalist-open-data.s3.amazonaws.com/photos/738218531/original.jpg,cc-by-nc,"(c) JC, some rights reserved (CC BY-NC)",jc42485,JC,2026-09-21,"Vigilante Dr, Singapore, SG, SG",needs_id,False,1.2841843338,103.7905438334,1152,2048,no,commutatum/inat-402148762-738218531-jc42485.jpg,
Aglaonema commutatum,402148762,https://www.inaturalist.org/observations/402148762,738218534,https://inaturalist-open-data.s3.amazonaws.com/photos/738218534/original.jpg,cc-by-nc,"(c) JC, some rights reserved (CC BY-NC)",jc42485,JC,2026-09-21,"Vigilante Dr, Singapore, SG, SG",needs_id,False,1.2841843338,103.7905438334,1536,2048,no,commutatum/inat-402148762-738218534-jc42485.jpg,
Aglaonema commutatum,402126250,https://www.inaturalist.org/observations/402126250,738173765,https://inaturalist-open-data.s3.amazonaws.com/photos/738173765/original.jpg,cc-by-nc,"(c) Jayita Mazumdar, some rights reserved (CC BY-NC)",inat5jayita,Jayita Mazumdar,2026-09-21,"North 24 Parganas, IN-WB, IN",needs_id,False,22.68881225,88.4397430278,1571,2048,no,commutatum/inat-402126250-738173765-inat5jayita.jpg,
Aglaonema commutatum,402082340,https://www.inaturalist.org/observations/402082340,738087690,https://inaturalist-open-data.s3.amazonaws.com/photos/738087690/original.jpg,cc-by-nc,"(c) susanna_lim, some rights reserved (CC BY-NC)",susanna_lim,,2026-09-21,"Singapore, SG, SG",needs_id,False,1.3603866667,103.8236383333,1536,2048,no,commutatum/inat-402082340-738087690-susanna_lim.jpg,
Aglaonema commutatum,402082340,https://www.inaturalist.org/observations/402082340,738087693,https://inaturalist-open-data.s3.amazonaws.com/photos/738087693/original.jpg,cc-by-nc,"(c) susanna_lim, some rights reserved (CC BY-NC)",susanna_lim,,2026-09-21,"Singapore, SG, SG",needs_id,False,1.3603866667,103.8236383333,1536,2048,no,commutatum/inat-402082340-738087693-susanna_lim.jpg,
Aglaonema commutatum,402081285,https://www.inaturalist.org/observations/402081285,738085654,https://inaturalist-open-data.s3.amazonaws.com/photos/738085654/original.jpg,cc-by-nc,"(c) susanna_lim, some rights reserved (CC BY-NC)",susanna_lim,,2026-09-21,"Island Club Rd, Singapore, SG, SG",needs_id,False,1.3603166667,103.821695,1536,2048,no,commutatum/inat-402081285-738085654-susanna_lim.jpg,
Aglaonema commutatum,402081285,https://www.inaturalist.org/observations/402081285,738085652,https://inaturalist-open-data.s3.amazonaws.com/photos/738085652/original.jpg,cc-by-nc,"(c) susanna_lim, some rights reserved (CC BY-NC)",susanna_lim,,2026-09-21,"Island Club Rd, Singapore, SG, SG",needs_id,False,1.3603166667,103.821695,1536,2048,no,commutatum/inat-402081285-738085652-susanna_lim.jpg,
Aglaonema commutatum,401138377,https://www.inaturalist.org/observations/401138377,736229852,https://static.inaturalist.org/photos/736229852/original.jpg,all-rights-reserved,"(c) iameloise, all rights reserved",iameloise,,2026-09-17,Greater Vancouver,needs_id,False,49.2581596375,-123.2531280518,1152,2048,no,commutatum/inat-401138377-736229852-iameloise.jpg,
Aglaonema commutatum,400480563,https://www.inaturalist.org/observations/400480563,734916524,https://inaturalist-open-data.s3.amazonaws.com/photos/734916524/original.jpg,cc-by-nc,"(c) juanma diaz, some rights reserved (CC BY-NC)",juanma23035,juanma diaz,2026-09-15,"El Peñón, Cundinamarca, CO",needs_id,False,5.2437975263,-74.3181863795,900,1600,no,commutatum/inat-400480563-734916524-juanma23035.jpg,
Aglaonema commutatum,400416384,https://www.inaturalist.org/observations/400416384,734792851,https://inaturalist-open-data.s3.amazonaws.com/photos/734792851/original.jpg,cc-by-nc,"(c) Sulthana Muhammed, some rights reserved (CC BY-NC)",sulthana,Sulthana Muhammed,2026-09-15,"Science Block, Changanassery, Kerala 686101, India",needs_id,False,9.4507468772,76.5385756642,928,2048,no,commutatum/inat-400416384-734792851-sulthana.jpg,
Aglaonema commutatum,399903645,https://www.inaturalist.org/observations/399903645,733754829,https://inaturalist-open-data.s3.amazonaws.com/photos/733754829/original.jpg,cc-by-nc,"(c) anggisaff, some rights reserved (CC BY-NC)",anggisaff,,2026-09-09,"Jl. Beringin Raya No.15, Wonosari, Kec. Ngaliyan, Kota Semarang, Jawa Tengah 50244, Indonesia",needs_id,False,-6.9823904,110.3278494,1536,2048,no,commutatum/inat-399903645-733754829-anggisaff.jpg,
Aglaonema commutatum,399433474,https://www.inaturalist.org/observations/399433474,732840470,https://inaturalist-open-data.s3.amazonaws.com/photos/732840470/original.jpg,cc-by-nc,"(c) 馬小玲, some rights reserved (CC BY-NC)",naturalist198247,馬小玲,2026-09-12,600台灣嘉義市東區民權五福街口[幸福巴士],needs_id,False,23.48387494,120.46769514,1536,2048,no,commutatum/inat-399433474-732840470-naturalist198247.jpg,
Aglaonema commutatum,399432737,https://www.inaturalist.org/observations/399432737,732839241,https://inaturalist-open-data.s3.amazonaws.com/photos/732839241/original.jpg,cc-by-nc,"(c) Ping-Kuei Liao, some rights reserved (CC BY-NC)",ping_kuei,Ping-Kuei Liao,2026-09-12,"Minquan Rd, East District, Chiayi City, TW",research,False,23.4839649649,120.4673961267,1536,2048,no,commutatum/inat-399432737-732839241-ping_kuei.jpg,
Aglaonema commutatum,399431016,https://www.inaturalist.org/observations/399431016,732835809,https://inaturalist-open-data.s3.amazonaws.com/photos/732835809/original.jpg,cc-by-nc,"(c) Ping-Kuei Liao, some rights reserved (CC BY-NC)",ping_kuei,Ping-Kuei Liao,2026-09-12,"Minquan Rd, East District, Chiayi City, TW",research,False,23.4840115484,120.4672033261,1536,2048,no,commutatum/inat-399431016-732835809-ping_kuei.jpg,
Aglaonema commutatum,398625405,https://www.inaturalist.org/observations/398625405,731273574,https://inaturalist-open-data.s3.amazonaws.com/photos/731273574/original.jpg,cc-by-nc,"(c) Wilsonbalan Wilsonbalan, some rights reserved (CC BY-NC)",wilsonbalan,Wilsonbalan Wilsonbalan,2026-09-09,"Long Lama, Sarawak, Malaysia",needs_id,False,3.7123479722,114.4301986667,915,2048,no,commutatum/inat-398625405-731273574-wilsonbalan.jpg,
Aglaonema commutatum,398311681,https://www.inaturalist.org/observations/398311681,730659967,https://static.inaturalist.org/photos/730659967/original.jpg,all-rights-reserved,"(c) Kezia Khoo, all rights reserved",kezia_khoo,Kezia Khoo,2026-09-08,"Clementi Rd, Singapore, SG, SG",needs_id,False,1.3259215772,103.7747540304,1536,2048,no,commutatum/inat-398311681-730659967-kezia_khoo.jpg,
Aglaonema commutatum,398097262,https://www.inaturalist.org/observations/398097262,730239929,https://inaturalist-open-data.s3.amazonaws.com/photos/730239929/original.jpg,cc-by-nc,"(c) thetlcfarm, some rights reserved (CC BY-NC)",thetlcfarm,,2026-09-07,"Onion Creek Ranch Rd, Driftwood, TX, US",research,False,30.1484243214,-98.0180843498,1536,2048,no,commutatum/inat-398097262-730239929-thetlcfarm.jpg,
Aglaonema commutatum,397757884,https://www.inaturalist.org/observations/397757884,729568076,https://inaturalist-open-data.s3.amazonaws.com/photos/729568076/original.jpg,cc-by-nc,"(c) Biodiversity Restoration Registry Kigamboni., some rights reserved (CC BY-NC)",sera2030,Biodiversity Restoration Registry Kigamboni.,2026-09-06,"Temeke, TZ",research,False,-6.9156844395,39.4817383525,1152,2048,no,commutatum/inat-397757884-729568076-sera2030.jpg,
Aglaonema commutatum,396335098,https://www.inaturalist.org/observations/396335098,726836566,https://inaturalist-open-data.s3.amazonaws.com/photos/726836566/original.jpg,cc-by-nc,"(c) deng simiao, some rights reserved (CC BY-NC)",deng41805,deng simiao,2026-09-01,"Architecture Dr, Singapore, SG, SG",research,False,1.2977176901,103.7707366375,1152,2048,no,commutatum/inat-396335098-726836566-deng41805.jpg,
Aglaonema commutatum,396258560,https://www.inaturalist.org/observations/396258560,726682993,https://inaturalist-open-data.s3.amazonaws.com/photos/726682993/original.jpg,cc-by,"(c) River Ahlquist, some rights reserved (CC BY)",riverahlquist,River Ahlquist,2026-08-29,"Calle Bahía, Osa, Puntarenas, CR",research,False,9.1571721667,-83.744605,1717,2048,no,commutatum/inat-396258560-726682993-riverahlquist.jpg,
Aglaonema commutatum,396166969,https://www.inaturalist.org/observations/396166969,726497477,https://static.inaturalist.org/photos/726497477/original.jpg,all-rights-reserved,"(c) Senator Bill Frist, all rights reserved",bfrist,Senator Bill Frist,2026-08-31,"Bedford Ave, Nashville, TN, US",needs_id,False,36.1084426495,-86.819875477,1536,2048,no,commutatum/inat-396166969-726497477-bfrist.jpg,
Aglaonema commutatum,396166969,https://www.inaturalist.org/observations/396166969,726497474,https://static.inaturalist.org/photos/726497474/original.jpg,all-rights-reserved,"(c) Senator Bill Frist, all rights reserved",bfrist,Senator Bill Frist,2026-08-31,"Bedford Ave, Nashville, TN, US",needs_id,False,36.1084426495,-86.819875477,1536,2048,no,commutatum/inat-396166969-726497474-bfrist.jpg,
Aglaonema commutatum,395745980,https://www.inaturalist.org/observations/395745980,725670024,https://static.inaturalist.org/photos/725670024/original.jpg,all-rights-reserved,"(c) Daniel D, all rights reserved",danield2,Daniel D,2026-08-30,"Bilar, PH, BO",needs_id,False,9.7181483127,124.1181313635,2048,1536,no,commutatum/inat-395745980-725670024-danield2.jpg,
Aglaonema commutatum,394890431,https://www.inaturalist.org/observations/394890431,724002915,https://inaturalist-open-data.s3.amazonaws.com/photos/724002915/original.jpg,cc-by-nc,"(c) sekarauliaa, some rights reserved (CC BY-NC)",sekarauliaa,,2026-08-27,"C7CF+P65, Ngadiretno, Tamanagung, Kec. Muntilan, Kabupaten Magelang, Jawa Tengah 56413, Indonesia",needs_id,False,-7.5781979722,110.2729415833,1536,2048,no,commutatum/inat-394890431-724002915-sekarauliaa.jpg,
Aglaonema commutatum,394515825,https://www.inaturalist.org/observations/394515825,723262396,https://inaturalist-open-data.s3.amazonaws.com/photos/723262396/original.jpg,cc-by-nc,"(c) andrew_20, some rights reserved (CC BY-NC)",andrew_20,,2026-08-25,"Yale Blvd NE, Albuquerque, NM, US",research,False,35.0824717759,-106.6227636394,1152,2048,no,commutatum/inat-394515825-723262396-andrew_20.jpg,
Aglaonema commutatum,394135938,https://www.inaturalist.org/observations/394135938,722520445,https://inaturalist-open-data.s3.amazonaws.com/photos/722520445/original.jpg,cc-by-nc,"(c) teevee06, some rights reserved (CC BY-NC)",teevee06,,2024-06-16,"Haleiwa, HI, US",needs_id,False,21.6349416667,-158.0541221667,1536,2048,no,commutatum/inat-394135938-722520445-teevee06.jpg,
Aglaonema commutatum,394111253,https://www.inaturalist.org/observations/394111253,722471742,https://inaturalist-open-data.s3.amazonaws.com/photos/722471742/original.jpg,cc-by-nc,"(c) Juan Restrepo, some rights reserved (CC BY-NC)",juanko16,Juan Restrepo,2026-08-20,"Carrera 116, Cali, Valle del Cauca, CO",research,False,3.3518730022,-76.5294058508,1152,2048,no,commutatum/inat-394111253-722471742-juanko16.jpg,
Aglaonema commutatum,393968126,https://www.inaturalist.org/observations/393968126,722188775,https://inaturalist-open-data.s3.amazonaws.com/photos/722188775/original.jpg,cc-by-nc,"(c) Noppadol Latthikul, some rights reserved (CC BY-NC)",noppadol_latthikul,Noppadol Latthikul,2026-08-24,"Ban Khai District, Rayong, TH",research,False,12.8257617963,101.2454075875,1536,2048,no,commutatum/inat-393968126-722188775-noppadol_latthikul.jpg,
Aglaonema commutatum,393151215,https://www.inaturalist.org/observations/393151215,720588937,https://inaturalist-open-data.s3.amazonaws.com/photos/720588937/original.jpg,cc-by-nc,"(c) Dylan Loh, some rights reserved (CC BY-NC)",perkyplanthusiast5,Dylan Loh,2026-08-21,"Lornie Rd, Singapore, SG, SG",research,False,1.341491835,103.8334146842,1152,2048,no,commutatum/inat-393151215-720588937-perkyplanthusiast5.jpg,
Aglaonema commutatum,393109495,https://www.inaturalist.org/observations/393109495,720508224,https://inaturalist-open-data.s3.amazonaws.com/photos/720508224/original.jpg,cc-by-nc,"(c) Kayla, some rights reserved (CC BY-NC)",kayla7162,Kayla,2026-08-21,"Opp Andrew Rd, Singapore",research,False,1.3415417494,103.8335965946,2048,1152,no,commutatum/inat-393109495-720508224-kayla7162.jpg,
Aglaonema commutatum,393097371,https://www.inaturalist.org/observations/393097371,720483008,https://inaturalist-open-data.s3.amazonaws.com/photos/720483008/original.jpg,cc-by-nc,"(c) trevorah, some rights reserved (CC BY-NC)",trevorah,,2026-08-21,Kitanakagusuku,research,False,26.3144302368,127.7959213257,1152,2048,no,commutatum/inat-393097371-720483008-trevorah.jpg,
Aglaonema commutatum,393033711,https://www.inaturalist.org/observations/393033711,720341435,https://inaturalist-open-data.s3.amazonaws.com/photos/720341435/original.jpg,cc-by-nc,"(c) Gustavo Marques, some rights reserved (CC BY-NC)",gustavomarques91,Gustavo Marques,2026-07-29,"Vargem Pequena, Rio de Janeiro - RJ, Brasil",research,False,-22.9826458,-43.4630981,2048,1153,no,commutatum/inat-393033711-720341435-gustavomarques91.jpg,
Aglaonema commutatum,392885006,https://www.inaturalist.org/observations/392885006,720067089,https://inaturalist-open-data.s3.amazonaws.com/photos/720067089/original.jpg,cc-by-nc,"(c) Ishitha Boben, some rights reserved (CC BY-NC)",ishitha,Ishitha Boben,2026-08-20,"FG2Q+WGF, Changanassery, Kerala 686101, India",needs_id,False,9.4522691,76.5387237,968,2048,no,commutatum/inat-392885006-720067089-ishitha.jpg,
Aglaonema commutatum,392785109,https://www.inaturalist.org/observations/392785109,719868033,https://static.inaturalist.org/photos/719868033/original.jpg,all-rights-reserved,"(c) Gabriel Quezada, all rights reserved",gabriel76156,Gabriel Quezada,2026-08-19,"Girón, Santander, Colombia",needs_id,False,7.0613733333,-73.1681616667,1536,2048,no,commutatum/inat-392785109-719868033-gabriel76156.jpg,
Aglaonema commutatum,392745139,https://www.inaturalist.org/observations/392745139,719790054,https://inaturalist-open-data.s3.amazonaws.com/photos/719790054/original.jpg,cc-by-nc,"(c) Isabelle, some rights reserved (CC BY-NC)",isabellefengler,Isabelle,2026-08-14,"São Luís - MA, Brasil",needs_id,False,-2.5690329414,-44.3269204348,2048,1361,no,commutatum/inat-392745139-719790054-isabellefengler.jpg,
Aglaonema commutatum,392064932,https://www.inaturalist.org/observations/392064932,718461768,https://inaturalist-open-data.s3.amazonaws.com/photos/718461768/original.jpg,cc-by-nc,"(c) Havin Yang, some rights reserved (CC BY-NC)",havin4,Havin Yang,2026-08-16,"Siquirres, CR-LI, CR",needs_id,False,10.1343195,-83.5630716667,1536,2048,no,commutatum/inat-392064932-718461768-havin4.jpg,
Aglaonema commutatum,392030519,https://www.inaturalist.org/observations/392030519,718396193,https://inaturalist-open-data.s3.amazonaws.com/photos/718396193/original.jpg,cc-by-nc,"(c) Emen Jok, some rights reserved (CC BY-NC)",emen1,Emen Jok,2026-08-17,"Long Lama, Sarawak, Malaysia",needs_id,False,3.7350010914,114.4210970029,1152,2048,no,commutatum/inat-392030519-718396193-emen1.jpg,
Aglaonema commutatum,392030519,https://www.inaturalist.org/observations/392030519,718396242,https://inaturalist-open-data.s3.amazonaws.com/photos/718396242/original.jpg,cc-by-nc,"(c) Emen Jok, some rights reserved (CC BY-NC)",emen1,Emen Jok,2026-08-17,"Long Lama, Sarawak, Malaysia",needs_id,False,3.7350010914,114.4210970029,1152,2048,no,commutatum/inat-392030519-718396242-emen1.jpg,
Aglaonema commutatum,392027521,https://www.inaturalist.org/observations/392027521,718389843,https://inaturalist-open-data.s3.amazonaws.com/photos/718389843/original.jpg,cc-by-nc,"(c) Dona Lungan, some rights reserved (CC BY-NC)",dona3430,Dona Lungan,2026-08-17,"Long Lama, Sarawak, Malaysia",needs_id,False,3.7350010914,114.4210970029,1536,2048,no,commutatum/inat-392027521-718389843-dona3430.jpg,
Aglaonema commutatum,392027521,https://www.inaturalist.org/observations/392027521,718389891,https://inaturalist-open-data.s3.amazonaws.com/photos/718389891/original.jpg,cc-by-nc,"(c) Dona Lungan, some rights reserved (CC BY-NC)",dona3430,Dona Lungan,2026-08-17,"Long Lama, Sarawak, Malaysia",needs_id,False,3.7350010914,114.4210970029,1536,2048,no,commutatum/inat-392027521-718389891-dona3430.jpg,
Aglaonema commutatum,392027521,https://www.inaturalist.org/observations/392027521,718389930,https://inaturalist-open-data.s3.amazonaws.com/photos/718389930/original.jpg,cc-by-nc,"(c) Dona Lungan, some rights reserved (CC BY-NC)",dona3430,Dona Lungan,2026-08-17,"Long Lama, Sarawak, Malaysia",needs_id,False,3.7350010914,114.4210970029,1536,2048,no,commutatum/inat-392027521-718389930-dona3430.jpg,
Aglaonema commutatum,392005184,https://www.inaturalist.org/observations/392005184,718346809,https://inaturalist-open-data.s3.amazonaws.com/photos/718346809/original.jpg,cc-by-nc,"(c) ULAMA, SHAINA QUEENYSHA DEWI M, some rights reserved (CC BY-NC)",ulama__shaina_queenysha_dewi_m,"ULAMA, SHAINA QUEENYSHA DEWI M",2026-08-17,"Zamboanga City, PH-ZS, PH",needs_id,False,6.9343666667,122.079825,1152,2048,no,commutatum/inat-392005184-718346809-ulama__shaina_queenysha_dewi_m.jpg,
Aglaonema commutatum,392005108,https://www.inaturalist.org/observations/392005108,718346587,https://inaturalist-open-data.s3.amazonaws.com/photos/718346587/original.jpg,cc-by-nc,"(c) ULAMA, SHAINA QUEENYSHA DEWI M, some rights reserved (CC BY-NC)",ulama__shaina_queenysha_dewi_m,"ULAMA, SHAINA QUEENYSHA DEWI M",2026-08-17,"Zamboanga City, PH-ZS, PH",research,False,6.93437,122.0798195,1152,2048,no,commutatum/inat-392005108-718346587-ulama__shaina_queenysha_dewi_m.jpg,
Aglaonema commutatum,391998380,https://www.inaturalist.org/observations/391998380,718334153,https://inaturalist-open-data.s3.amazonaws.com/photos/718334153/original.jpg,cc-by-nc,"(c) fatimalierajulain, some rights reserved (CC BY-NC)",fatimalierajulain,,2026-08-17,"Zamboanga, Zamboanga Peninsula, PH",research,False,6.9340911891,122.0286392997,2048,1536,no,commutatum/inat-391998380-718334153-fatimalierajulain.jpg,
Aglaonema commutatum,391981445,https://www.inaturalist.org/observations/391981445,718301306,https://inaturalist-open-data.s3.amazonaws.com/photos/718301306/original.jpg,cc-by-nc,"(c) Yuan Santino Almonte, some rights reserved (CC BY-NC)",yuan_santino,Yuan Santino Almonte,2026-08-17,"XX42+RVW, Zamboanga City, Zamboanga Sibugay, Philippines",research,False,6.9553933,121.951597,1536,2048,no,commutatum/inat-391981445-718301306-yuan_santino.jpg,
Aglaonema commutatum,391978343,https://www.inaturalist.org/observations/391978343,718294128,https://inaturalist-open-data.s3.amazonaws.com/photos/718294128/original.jpg,cc-by-nc,"(c) Precious Grace Barroca, some rights reserved (CC BY-NC)",precious_grace1,Precious Grace Barroca,2026-08-17,"W4RM+3CR, Zamboanga City, Zamboanga del Sur, Philippines",needs_id,False,6.94029206,122.13363481,1536,2048,no,commutatum/inat-391978343-718294128-precious_grace1.jpg,
Aglaonema commutatum,391849742,https://www.inaturalist.org/observations/391849742,718045625,https://inaturalist-open-data.s3.amazonaws.com/photos/718045625/original.jpg,cc-by-nc,"(c) Leah Choi, some rights reserved (CC BY-NC)",leah61320,Leah Choi,2026-08-16,"Autopista Braulio Carrillo, Siquirres, Limon, CR",needs_id,False,10.1341861667,-83.5625133333,1536,2048,no,commutatum/inat-391849742-718045625-leah61320.jpg,
Aglaonema commutatum,391772235,https://www.inaturalist.org/observations/391772235,717898277,https://inaturalist-open-data.s3.amazonaws.com/photos/717898277/original.jpg,cc-by-nc,"(c) Leah Choi, some rights reserved (CC BY-NC)",leah61320,Leah Choi,2026-08-16,"Calle El Tucán, Talamanca, Limon, CR",research,False,9.640555,-82.73628,1536,2048,no,commutatum/inat-391772235-717898277-leah61320.jpg,
Aglaonema commutatum,390981298,https://www.inaturalist.org/observations/390981298,716359420,https://inaturalist-open-data.s3.amazonaws.com/photos/716359420/original.jpg,cc-by-nc,"(c) Nikolas Osorio Bueno, some rights reserved (CC BY-NC)",nikoso_b,Nikolas Osorio Bueno,2026-07-11,Bello,research,False,6.3206143379,-75.5612716675,1536,2048,no,commutatum/inat-390981298-716359420-nikoso_b.jpg,
Aglaonema commutatum,390849077,https://www.inaturalist.org/observations/390849077,716102294,https://static.inaturalist.org/photos/716102294/original.jpg,all-rights-reserved,"(c) DarulQt 13, all rights reserved",darulqt,DarulQt 13,2026-08-08,"Matobe, Kec. Sikakap, Kabupaten Kepulauan Mentawai, Sumatera Barat, Indonesia",needs_id,False,-2.7086972222,100.1902638889,1536,2048,no,commutatum/inat-390849077-716102294-darulqt.jpg,
Aglaonema commutatum,390754489,https://www.inaturalist.org/observations/390754489,715920805,https://inaturalist-open-data.s3.amazonaws.com/photos/715920805/original.jpg,cc-by-nc,"(c) Ruchi Tamang, some rights reserved (CC BY-NC)",ruchitamang,Ruchi Tamang,2026-08-13,"Singel Te Road, Darjeeling, West Bengal, IN",needs_id,False,26.8938029563,88.2757355224,1152,2048,no,commutatum/inat-390754489-715920805-ruchitamang.jpg,
Aglaonema commutatum,390441887,https://www.inaturalist.org/observations/390441887,715313973,https://static.inaturalist.org/photos/715313973/original.jpg,all-rights-reserved,"(c) Mike Hooper, all rights reserved",mike_hooper,Mike Hooper,2026-08-02,"Bukit Panjang, Singapore",needs_id,False,1.3455853,103.7844493,2048,1536,no,commutatum/inat-390441887-715313973-mike_hooper.jpg,
Aglaonema commutatum,390441887,https://www.inaturalist.org/observations/390441887,715314289,https://static.inaturalist.org/photos/715314289/original.jpg,all-rights-reserved,"(c) Mike Hooper, all rights reserved",mike_hooper,Mike Hooper,2026-08-02,"Bukit Panjang, Singapore",needs_id,False,1.3455853,103.7844493,2048,1365,no,commutatum/inat-390441887-715314289-mike_hooper.jpg,
Aglaonema commutatum,390358145,https://www.inaturalist.org/observations/390358145,715144525,https://inaturalist-open-data.s3.amazonaws.com/photos/715144525/original.jpg,cc-by-nc,"(c) Anyelina Meza Torrija, some rights reserved (CC BY-NC)",anyelina57688,Anyelina Meza Torrija,2026-08-11,"Sabanalarga, Atlántico, Colombia",needs_id,False,10.6359453056,-74.9309692222,1148,1568,no,commutatum/inat-390358145-715144525-anyelina57688.jpg,
Aglaonema commutatum,390207522,https://www.inaturalist.org/observations/390207522,714852638,https://inaturalist-open-data.s3.amazonaws.com/photos/714852638/original.jpg,cc-by,"(c) NV Residencies, some rights reserved (CC BY)",vitaliiz,NV Residencies,2026-06-19,"Vimukthi Mawatha, Western Province, LK",research,False,6.9122401953,79.9729997221,2048,1536,no,commutatum/inat-390207522-714852638-vitaliiz.jpg,
Aglaonema commutatum,389903100,https://www.inaturalist.org/observations/389903100,714256912,https://inaturalist-open-data.s3.amazonaws.com/photos/714256912/original.jpg,cc-by-nc,"(c) yanfumu, some rights reserved (CC BY-NC)",yanfumu,,2026-08-10,"福康宁公园, 新加坡, SG, SG",research,False,1.2960466667,103.8463366667,1536,2048,no,commutatum/inat-389903100-714256912-yanfumu.jpg,
Aglaonema commutatum,389311757,https://www.inaturalist.org/observations/389311757,713101874,https://inaturalist-open-data.s3.amazonaws.com/photos/713101874/original.jpg,cc-by-nc,"(c) rreo, some rights reserved (CC BY-NC)",rreo,,2026-08-08,"Quick Fox Ct, Bristow, VA, US",research,False,38.7447182815,-77.5568239231,1536,2048,no,commutatum/inat-389311757-713101874-rreo.jpg,
Aglaonema commutatum,388936994,https://www.inaturalist.org/observations/388936994,712397864,https://inaturalist-open-data.s3.amazonaws.com/photos/712397864/original.jpg,cc-by-nc,"(c) Remeriza Regio, some rights reserved (CC BY-NC)",remeriza_regio,Remeriza Regio,2026-08-01,"Manila, Metro Manila, PH",research,False,14.5860271244,120.9762712439,1152,2048,no,commutatum/inat-388936994-712397864-remeriza_regio.jpg,
Aglaonema commutatum,388769603,https://www.inaturalist.org/observations/388769603,712065701,https://inaturalist-open-data.s3.amazonaws.com/photos/712065701/original.jpg,cc-by-nc,"(c) ┈✷◎்۫۫ Lara ✵ ┈❃۬◦۪۪̥, some rights reserved (CC BY-NC)",shyguyfrommario,┈✷◎்۫۫ Lara ✵ ┈❃۬◦۪۪̥,2026-08-06,"Salvador, BA, BR",needs_id,False,-12.9285875231,-38.4332267583,1536,2048,no,commutatum/inat-388769603-712065701-shyguyfrommario.jpg,
Aglaonema commutatum,387398239,https://www.inaturalist.org/observations/387398239,709387844,https://inaturalist-open-data.s3.amazonaws.com/photos/709387844/original.jpg,cc-by-nc,"(c) Hong Xuan Yong, some rights reserved (CC BY-NC)",hong_xuan_yong,Hong Xuan Yong,2026-08-02,"Kulai, Johore, MY",needs_id,False,1.6182626414,103.6159820828,1536,2048,no,commutatum/inat-387398239-709387844-hong_xuan_yong.jpg,
Aglaonema commutatum,387394555,https://www.inaturalist.org/observations/387394555,709380382,https://inaturalist-open-data.s3.amazonaws.com/photos/709380382/original.jpg,cc-by-nc,"(c) Hong Xuan Yong, some rights reserved (CC BY-NC)",hong_xuan_yong,Hong Xuan Yong,2026-08-02,"Kulai, Johore, MY",needs_id,False,1.6181348331,103.6160763521,1536,2048,no,commutatum/inat-387394555-709380382-hong_xuan_yong.jpg,
Aglaonema commutatum,387379886,https://www.inaturalist.org/observations/387379886,709352137,https://inaturalist-open-data.s3.amazonaws.com/photos/709352137/original.jpg,cc-by-nc,"(c) Hong Xuan Yong, some rights reserved (CC BY-NC)",hong_xuan_yong,Hong Xuan Yong,2026-08-02,"Kulai, Johore, MY",needs_id,False,1.6179846665,103.6163143327,1536,2048,no,commutatum/inat-387379886-709352137-hong_xuan_yong.jpg,
Aglaonema commutatum,387379886,https://www.inaturalist.org/observations/387379886,709352151,https://inaturalist-open-data.s3.amazonaws.com/photos/709352151/original.jpg,cc-by-nc,"(c) Hong Xuan Yong, some rights reserved (CC BY-NC)",hong_xuan_yong,Hong Xuan Yong,2026-08-02,"Kulai, Johore, MY",needs_id,False,1.6179846665,103.6163143327,2048,1536,no,commutatum/inat-387379886-709352151-hong_xuan_yong.jpg,
Aglaonema commutatum,387291065,https://www.inaturalist.org/observations/387291065,709178522,https://inaturalist-open-data.s3.amazonaws.com/photos/709178522/original.jpg,cc-by-nc,"(c) Nathalia Oliveira, some rights reserved (CC BY-NC)",nathalia54512,Nathalia Oliveira,2026-08-01,"São Paulo, BR-SP, BR",needs_id,False,-23.5461706467,-46.4208656922,919,2048,no,commutatum/inat-387291065-709178522-nathalia54512.jpg,
Aglaonema commutatum,387132786,https://www.inaturalist.org/observations/387132786,708877554,https://inaturalist-open-data.s3.amazonaws.com/photos/708877554/original.jpg,cc-by-nc,"(c) julesbrittan, some rights reserved (CC BY-NC)",julesbrittan,,2026-07-22,"Hickory Rd, Cow Bay, QLD, AU",needs_id,False,-16.2254406973,145.4155845713,1152,2048,no,commutatum/inat-387132786-708877554-julesbrittan.jpg,
Aglaonema commutatum,387087272,https://www.inaturalist.org/observations/387087272,708785715,https://inaturalist-open-data.s3.amazonaws.com/photos/708785715/original.jpg,cc-by,"(c) NV Residencies, some rights reserved (CC BY)",vitaliiz,NV Residencies,2026-06-19,"Vimukthi Mawatha, Western Province, LK",needs_id,False,6.9122318982,79.9729963825,1536,2048,no,commutatum/inat-387087272-708785715-vitaliiz.jpg,
Aglaonema commutatum,386310632,https://www.inaturalist.org/observations/386310632,707304509,https://inaturalist-open-data.s3.amazonaws.com/photos/707304509/original.jpg,cc-by,"(c) Doreen, some rights reserved (CC BY)",hadoe,Doreen,2026-05-09,Singapore Botanic Gardens,research,False,1.3138396962,103.8159134611,1542,2048,no,commutatum/inat-386310632-707304509-hadoe.jpg,
Aglaonema commutatum,386310632,https://www.inaturalist.org/observations/386310632,707304562,https://inaturalist-open-data.s3.amazonaws.com/photos/707304562/original.jpg,cc-by,"(c) Doreen, some rights reserved (CC BY)",hadoe,Doreen,2026-05-09,Singapore Botanic Gardens,research,False,1.3138396962,103.8159134611,1536,2048,no,commutatum/inat-386310632-707304562-hadoe.jpg,
Aglaonema commutatum,386310632,https://www.inaturalist.org/observations/386310632,707304622,https://inaturalist-open-data.s3.amazonaws.com/photos/707304622/original.jpg,cc-by,"(c) Doreen, some rights reserved (CC BY)",hadoe,Doreen,2026-05-09,Singapore Botanic Gardens,research,False,1.3138396962,103.8159134611,1536,2048,no,commutatum/inat-386310632-707304622-hadoe.jpg,
Aglaonema commutatum,385845189,https://www.inaturalist.org/observations/385845189,706409914,https://inaturalist-open-data.s3.amazonaws.com/photos/706409914/original.jpg,cc-by-nc,"(c) jaquelinemendezramirez, some rights reserved (CC BY-NC)",jaquelinemendezramirez,,2026-07-17,"70987 Bahía de Santa Cruz Huatulco, Oax., México",needs_id,False,15.7550463889,-96.1512830556,2048,1536,no,commutatum/inat-385845189-706409914-jaquelinemendezramirez.jpg,
Aglaonema commutatum,385845189,https://www.inaturalist.org/observations/385845189,706409978,https://inaturalist-open-data.s3.amazonaws.com/photos/706409978/original.jpg,cc-by-nc,"(c) jaquelinemendezramirez, some rights reserved (CC BY-NC)",jaquelinemendezramirez,,2026-07-17,"70987 Bahía de Santa Cruz Huatulco, Oax., México",needs_id,False,15.7550463889,-96.1512830556,2048,1536,no,commutatum/inat-385845189-706409978-jaquelinemendezramirez.jpg,
Aglaonema commutatum,385414005,https://www.inaturalist.org/observations/385414005,705580682,https://inaturalist-open-data.s3.amazonaws.com/photos/705580682/original.jpg,cc-by-nc,"(c) daniela mendoza, some rights reserved (CC BY-NC)",daniela55457,daniela mendoza,2026-07-26,"Calle 30, Sincelejo, Sucre, CO",needs_id,False,9.2887501076,-75.3997689394,1536,2048,no,commutatum/inat-385414005-705580682-daniela55457.jpg,
Aglaonema commutatum,385411505,https://www.inaturalist.org/observations/385411505,705575433,https://inaturalist-open-data.s3.amazonaws.com/photos/705575433/original.jpg,cc-by-nc,"(c) daniela mendoza, some rights reserved (CC BY-NC)",daniela55457,daniela mendoza,2026-07-26,"Calle 30, Sincelejo, Sucre, CO",research,False,9.2887352579,-75.3997397115,1536,2048,no,commutatum/inat-385411505-705575433-daniela55457.jpg,
Aglaonema commutatum,385410674,https://www.inaturalist.org/observations/385410674,705573816,https://inaturalist-open-data.s3.amazonaws.com/photos/705573816/original.jpg,cc-by-nc,"(c) daniela mendoza, some rights reserved (CC BY-NC)",daniela55457,daniela mendoza,2026-07-26,"Calle 30, Sincelejo, Sucre, CO",needs_id,False,9.288796884,-75.399797917,1536,2048,no,commutatum/inat-385410674-705573816-daniela55457.jpg,
Aglaonema commutatum,385195481,https://www.inaturalist.org/observations/385195481,705182712,https://inaturalist-open-data.s3.amazonaws.com/photos/705182712/original.jpg,cc-by-nc,"(c) SULISA DOKKHAORAM, some rights reserved (CC BY-NC)",sulisa_119,SULISA DOKKHAORAM,2026-07-26,"Saha Witthaya San Road, Lam Thamenchai District, Nakhon Ratchasima, TH",research,False,15.3530481895,102.9341695198,1152,2048,no,commutatum/inat-385195481-705182712-sulisa_119.jpg,
Aglaonema commutatum,384704507,https://www.inaturalist.org/observations/384704507,704236130,https://inaturalist-open-data.s3.amazonaws.com/photos/704236130/original.jpg,cc-by-nc,"(c) Scott Colby, some rights reserved (CC BY-NC)",arkschmo,Scott Colby,2026-07-24,"Aguirre, Puntarenas, CR",needs_id,False,9.3981055001,-84.1696034177,1536,2048,no,commutatum/inat-384704507-704236130-arkschmo.jpg,
Aglaonema commutatum,384509365,https://www.inaturalist.org/observations/384509365,703864177,https://inaturalist-open-data.s3.amazonaws.com/photos/703864177/original.jpg,cc-by-nc,"(c) Mardi, some rights reserved (CC BY-NC)",mardi_,Mardi,2026-07-24,"Sumatra, Kabupaten Pelalawan, Riau, ID",needs_id,False,0.3949166667,102.8472583333,1536,2048,no,commutatum/inat-384509365-703864177-mardi_.jpg,
Aglaonema commutatum,384509365,https://www.inaturalist.org/observations/384509365,703864205,https://inaturalist-open-data.s3.amazonaws.com/photos/703864205/original.jpg,cc-by-nc,"(c) Mardi, some rights reserved (CC BY-NC)",mardi_,Mardi,2026-07-24,"Sumatra, Kabupaten Pelalawan, Riau, ID",needs_id,False,0.3949166667,102.8472583333,1536,2048,no,commutatum/inat-384509365-703864205-mardi_.jpg,
Aglaonema commutatum,384509365,https://www.inaturalist.org/observations/384509365,703864218,https://inaturalist-open-data.s3.amazonaws.com/photos/703864218/original.jpg,cc-by-nc,"(c) Mardi, some rights reserved (CC BY-NC)",mardi_,Mardi,2026-07-24,"Sumatra, Kabupaten Pelalawan, Riau, ID",needs_id,False,0.3949166667,102.8472583333,2048,1536,no,commutatum/inat-384509365-703864218-mardi_.jpg,
Aglaonema commutatum,384509365,https://www.inaturalist.org/observations/384509365,703864247,https://inaturalist-open-data.s3.amazonaws.com/photos/703864247/original.jpg,cc-by-nc,"(c) Mardi, some rights reserved (CC BY-NC)",mardi_,Mardi,2026-07-24,"Sumatra, Kabupaten Pelalawan, Riau, ID",needs_id,False,0.3949166667,102.8472583333,2048,1536,no,commutatum/inat-384509365-703864247-mardi_.jpg,
Aglaonema commutatum,384326973,https://www.inaturalist.org/observations/384326973,703505275,https://static.inaturalist.org/photos/703505275/original.jpg,all-rights-reserved,"(c) Lee Jones, all rights reserved",lee_jones1,Lee Jones,2025-09-17,"Lanai City, HI, US",research,False,20.7421783333,-156.89515,1152,2048,no,commutatum/inat-384326973-703505275-lee_jones1.jpg,
Aglaonema commutatum,384222266,https://www.inaturalist.org/observations/384222266,703259732,https://inaturalist-open-data.s3.amazonaws.com/photos/703259732/original.jpg,cc-by,"(c) abidanimallover, some rights reserved (CC BY)",abidanimallover,,2026-07-23,"Bogor, Kp. Parung Jambu, Bogor City, West Java, Indonesia",needs_id,False,-6.5407977701,106.7806860511,2048,1280,no,commutatum/inat-384222266-703259732-abidanimallover.jpg,
Aglaonema commutatum,384147930,https://www.inaturalist.org/observations/384147930,703164479,https://inaturalist-open-data.s3.amazonaws.com/photos/703164479/original.jpg,cc-by-nc,"(c) aminroazmi, some rights reserved (CC BY-NC)",aminroazmi,,2026-07-23,"Lorong Pulau Santap, Lanchang, Pahang, MY",needs_id,False,3.3351033333,101.859825,1536,2048,no,commutatum/inat-384147930-703164479-aminroazmi.jpg,
Aglaonema commutatum,384147930,https://www.inaturalist.org/observations/384147930,703164486,https://inaturalist-open-data.s3.amazonaws.com/photos/703164486/original.jpg,cc-by-nc,"(c) aminroazmi, some rights reserved (CC BY-NC)",aminroazmi,,2026-07-23,"Lorong Pulau Santap, Lanchang, Pahang, MY",needs_id,False,3.3351033333,101.859825,1536,2048,no,commutatum/inat-384147930-703164486-aminroazmi.jpg,
Aglaonema commutatum,384147930,https://www.inaturalist.org/observations/384147930,703164481,https://inaturalist-open-data.s3.amazonaws.com/photos/703164481/original.jpg,cc-by-nc,"(c) aminroazmi, some rights reserved (CC BY-NC)",aminroazmi,,2026-07-23,"Lorong Pulau Santap, Lanchang, Pahang, MY",needs_id,False,3.3351033333,101.859825,1536,2048,no,commutatum/inat-384147930-703164481-aminroazmi.jpg,
Aglaonema commutatum,384076791,https://www.inaturalist.org/observations/384076791,703021477,https://inaturalist-open-data.s3.amazonaws.com/photos/703021477/original.jpg,cc-by-nc,"(c) nickrope, some rights reserved (CC BY-NC)",nickrope,,2026-07-22,"Turrialba, Cartago, CR",research,False,9.9007366667,-83.667305,1536,2048,no,commutatum/inat-384076791-703021477-nickrope.jpg,
Aglaonema commutatum,384076791,https://www.inaturalist.org/observations/384076791,703021490,https://inaturalist-open-data.s3.amazonaws.com/photos/703021490/original.jpg,cc-by-nc,"(c) nickrope, some rights reserved (CC BY-NC)",nickrope,,2026-07-22,"Turrialba, Cartago, CR",research,False,9.9007366667,-83.667305,1536,2048,no,commutatum/inat-384076791-703021490-nickrope.jpg,
Aglaonema commutatum,382263823,https://www.inaturalist.org/observations/382263823,699541953,https://inaturalist-open-data.s3.amazonaws.com/photos/699541953/original.jpg,cc-by-nc,"(c) FANY CALDERON, some rights reserved (CC BY-NC)",estefany_virginia,FANY CALDERON,2026-07-17,"R5J3+Q4V, Catacamas, Olancho, Honduras",research,False,14.8326287,-85.8471095,1536,2048,no,commutatum/inat-382263823-699541953-estefany_virginia.jpg,
Aglaonema commutatum,382107634,https://www.inaturalist.org/observations/382107634,699235085,https://inaturalist-open-data.s3.amazonaws.com/photos/699235085/original.jpg,cc-by-nc,"(c) leewm66, some rights reserved (CC BY-NC)",leewm66,,2026-07-16,"Blk 267, Singapore",needs_id,False,1.3473663121,103.7612909451,1536,2048,no,commutatum/inat-382107634-699235085-leewm66.jpg,
Aglaonema commutatum,380879027,https://www.inaturalist.org/observations/380879027,696856418,https://inaturalist-open-data.s3.amazonaws.com/photos/696856418/original.jpg,cc-by-nc,"(c) Daniela Fernanda Avila Valladares, some rights reserved (CC BY-NC)",daniela8172727,Daniela Fernanda Avila Valladares,2026-07-12,"P2RV+GRC, San Lucas, El Paraíso, Honduras",needs_id,False,13.7411081,-86.9551496,1536,2048,no,commutatum/inat-380879027-696856418-daniela8172727.jpg,
Aglaonema commutatum,380819329,https://www.inaturalist.org/observations/380819329,696738636,https://inaturalist-open-data.s3.amazonaws.com/photos/696738636/original.jpg,cc-by-nc,"(c) octololooo, some rights reserved (CC BY-NC)",octololooo,,2026-07-12,"Résidence de l'Orée de Marly, Noisy-le-Roi, Île-de-France, FR",needs_id,False,48.842755,2.0701305,1536,2048,no,commutatum/inat-380819329-696738636-octololooo.jpg,
Aglaonema commutatum,380646148,https://www.inaturalist.org/observations/380646148,696405402,https://inaturalist-open-data.s3.amazonaws.com/photos/696405402/original.jpg,cc-by-nc,"(c) JeffreyGammon, some rights reserved (CC BY-NC)",kingmush,JeffreyGammon,2026-06-22,"Kepong, Kuala Lumpur, Federal Territory of Kuala Lumpur, Malaysia",needs_id,False,3.2271722222,101.6200638889,2048,1536,no,commutatum/inat-380646148-696405402-kingmush.jpg,
Aglaonema commutatum,379740694,https://www.inaturalist.org/observations/379740694,694654973,https://inaturalist-open-data.s3.amazonaws.com/photos/694654973/original.jpg,cc-by-nc,"(c) ellyphant, some rights reserved (CC BY-NC)",ellyphant,,2026-07-09,"Kui Buri District, Prachuap Khiri Khan, TH",needs_id,False,12.0967055,99.6690883333,1536,2048,no,commutatum/inat-379740694-694654973-ellyphant.jpg,
Aglaonema commutatum,379350112,https://www.inaturalist.org/observations/379350112,693903948,https://inaturalist-open-data.s3.amazonaws.com/photos/693903948/original.jpg,cc-by-nc,"(c) camilolaverde, some rights reserved (CC BY-NC)",camilolaverde,,2026-06-03,"Maceo, Antioquia, Colombia",needs_id,False,6.5519483333,-74.785285,1536,2048,no,commutatum/inat-379350112-693903948-camilolaverde.jpg,
Aglaonema commutatum,378340626,https://www.inaturalist.org/observations/378340626,691952638,https://inaturalist-open-data.s3.amazonaws.com/photos/691952638/original.jpg,cc-by-nc,"(c) Jaycel Deguito, some rights reserved (CC BY-NC)",jaycel1,Jaycel Deguito,2026-07-04,"Davao City, Davao, PH",research,False,7.2087264777,125.4770697895,1536,2048,no,commutatum/inat-378340626-691952638-jaycel1.jpg,
Aglaonema commutatum,378325368,https://www.inaturalist.org/observations/378325368,691923664,https://inaturalist-open-data.s3.amazonaws.com/photos/691923664/original.jpg,cc-by-nc,"(c) Antidius Raphael, some rights reserved (CC BY-NC)",antidius_raphael,Antidius Raphael,2026-07-05,"Morogoro, Morogoro Urban, TZ",research,False,-6.8094366667,37.7180133333,1536,2048,no,commutatum/inat-378325368-691923664-antidius_raphael.jpg,
Aglaonema commutatum,378259224,https://www.inaturalist.org/observations/378259224,691793733,https://inaturalist-open-data.s3.amazonaws.com/photos/691793733/original.jpg,cc-by-nc,"(c) ibrahim1983, some rights reserved (CC BY-NC)",ibrahim1983,,2026-07-05,Johor Bahru,research,False,1.482509017,103.7449035645,1536,2048,no,commutatum/inat-378259224-691793733-ibrahim1983.jpg,
Aglaonema commutatum,377906830,https://www.inaturalist.org/observations/377906830,691119760,https://inaturalist-open-data.s3.amazonaws.com/photos/691119760/original.jpg,cc-by-nc,"(c) Joerenz Placio, some rights reserved (CC BY-NC)",joerenz,Joerenz Placio,2026-07-04,"Tamayong, Davao City, Davao del Sur, Philippines",research,False,7.13954872,125.38484336,1536,2048,no,commutatum/inat-377906830-691119760-joerenz.jpg,
Aglaonema commutatum,377398372,https://www.inaturalist.org/observations/377398372,690135968,https://inaturalist-open-data.s3.amazonaws.com/photos/690135968/original.jpg,cc-by-nc,"(c) christian19890, some rights reserved (CC BY-NC)",christian19890,,2026-07-02,"Siem Reap, Siem Reap, KH",research,False,13.3405614908,103.8268744274,1536,2048,no,commutatum/inat-377398372-690135968-christian19890.jpg,
Aglaonema commutatum,377397737,https://www.inaturalist.org/observations/377397737,690134726,https://inaturalist-open-data.s3.amazonaws.com/photos/690134726/original.jpg,cc-by-nc,"(c) christian19890, some rights reserved (CC BY-NC)",christian19890,,2026-07-02,"Siem Reap, Siem Reap, KH",research,False,13.3403067118,103.8262490575,1536,2048,no,commutatum/inat-377397737-690134726-christian19890.jpg,
Aglaonema commutatum,377395831,https://www.inaturalist.org/observations/377395831,690130637,https://inaturalist-open-data.s3.amazonaws.com/photos/690130637/original.jpg,cc-by-nc,"(c) christian19890, some rights reserved (CC BY-NC)",christian19890,,2026-07-02,"Siem Reap, Siem Reap, KH",research,False,13.3402904412,103.8262412896,1536,2048,no,commutatum/inat-377395831-690130637-christian19890.jpg,
Aglaonema commutatum,377395590,https://www.inaturalist.org/observations/377395590,690130259,https://inaturalist-open-data.s3.amazonaws.com/photos/690130259/original.jpg,cc-by-nc,"(c) christian19890, some rights reserved (CC BY-NC)",christian19890,,2026-07-02,"Siem Reap, Siem Reap, KH",research,False,13.3402904412,103.8262412896,1536,2048,no,commutatum/inat-377395590-690130259-christian19890.jpg,
Aglaonema commutatum,377395356,https://www.inaturalist.org/observations/377395356,690129798,https://inaturalist-open-data.s3.amazonaws.com/photos/690129798/original.jpg,cc-by-nc,"(c) christian19890, some rights reserved (CC BY-NC)",christian19890,,2026-07-02,"Siem Reap, Siem Reap, KH",research,False,13.3402904412,103.8262412896,1536,2048,no,commutatum/inat-377395356-690129798-christian19890.jpg,
Aglaonema commutatum,376583701,https://www.inaturalist.org/observations/376583701,688555028,https://inaturalist-open-data.s3.amazonaws.com/photos/688555028/original.jpg,cc-by-nc,"(c) wewagy, some rights reserved (CC BY-NC)",wewagy,,2026-06-29,"Vía 245, Golfito, Puntarenas, CR",research,False,8.5804666667,-83.4063866667,1536,2048,no,commutatum/inat-376583701-688555028-wewagy.jpg,
Aglaonema commutatum,376333504,https://www.inaturalist.org/observations/376333504,688068564,https://inaturalist-open-data.s3.amazonaws.com/photos/688068564/original.jpg,cc-by-nc,"(c) Leyton Reid, some rights reserved (CC BY-NC)",leytonjfreid,Leyton Reid,2026-06-28,"M63H+CRQ, Limón Province, Puerto Viejo de Talamanca, Costa Rica",needs_id,False,9.6542825556,-82.7697525,2048,1536,no,commutatum/inat-376333504-688068564-leytonjfreid.jpg,
Aglaonema commutatum,376333504,https://www.inaturalist.org/observations/376333504,688068601,https://inaturalist-open-data.s3.amazonaws.com/photos/688068601/original.jpg,cc-by-nc,"(c) Leyton Reid, some rights reserved (CC BY-NC)",leytonjfreid,Leyton Reid,2026-06-28,"M63H+CRQ, Limón Province, Puerto Viejo de Talamanca, Costa Rica",needs_id,False,9.6542825556,-82.7697525,2048,1536,no,commutatum/inat-376333504-688068601-leytonjfreid.jpg,
Aglaonema commutatum,376333504,https://www.inaturalist.org/observations/376333504,688068654,https://inaturalist-open-data.s3.amazonaws.com/photos/688068654/original.jpg,cc-by-nc,"(c) Leyton Reid, some rights reserved (CC BY-NC)",leytonjfreid,Leyton Reid,2026-06-28,"M63H+CRQ, Limón Province, Puerto Viejo de Talamanca, Costa Rica",needs_id,False,9.6542825556,-82.7697525,2048,1536,no,commutatum/inat-376333504-688068654-leytonjfreid.jpg,
Aglaonema commutatum,375821629,https://www.inaturalist.org/observations/375821629,687035187,https://inaturalist-open-data.s3.amazonaws.com/photos/687035187/original.jpg,cc-by-nc,"(c) brunopaulo, some rights reserved (CC BY-NC)",brunopaulo,,2026-04-11,"Conj. Hab. Castro Alves, São Paulo - SP, Brasil",research,False,-23.5820075,-46.4051437,1536,2048,no,commutatum/inat-375821629-687035187-brunopaulo.jpg,
Aglaonema commutatum,374249829,https://www.inaturalist.org/observations/374249829,684037385,https://inaturalist-open-data.s3.amazonaws.com/photos/684037385/original.jpg,cc-by-nc,"(c) Tina Panja, some rights reserved (CC BY-NC)",tina92536,Tina Panja,2026-06-21,"723V+CF2, Baneshwarpur, West Bengal 711314, India",needs_id,False,22.2535149871,88.0436443537,2048,2048,no,commutatum/inat-374249829-684037385-tina92536.jpg,
Aglaonema commutatum,374096315,https://www.inaturalist.org/observations/374096315,683732371,https://inaturalist-open-data.s3.amazonaws.com/photos/683732371/original.jpg,cc-by-nd,"(c) baronsamedi, some rights reserved (CC BY-ND)",baronsamedi,baronsamedi,2026-05-30,"Central Water Catchment, Singapore",needs_id,False,1.3549870885,103.8186462771,2048,1365,no,commutatum/inat-374096315-683732371-baronsamedi.jpg,
Aglaonema commutatum,373974963,https://www.inaturalist.org/observations/373974963,683503558,https://inaturalist-open-data.s3.amazonaws.com/photos/683503558/original.jpg,cc-by-nc,"(c) amietheartist, some rights reserved (CC BY-NC)",amietheartist,,2026-06-20,"N Vineyard Blvd, Honolulu, HI, US",research,False,21.3164317514,-157.8585322857,1152,2048,no,commutatum/inat-373974963-683503558-amietheartist.jpg,
Aglaonema commutatum,373927411,https://www.inaturalist.org/observations/373927411,683414559,https://inaturalist-open-data.s3.amazonaws.com/photos/683414559/original.jpg,cc-by-nc,"(c) Aay Hariyani, some rights reserved (CC BY-NC)",aay2,Aay Hariyani,2026-06-04,"RT.04/RW.02, Paledang, Kecamatan Bogor Tengah, Kota Bogor, Jawa Barat, Indonesia",needs_id,False,-6.5988099434,106.799569577,1536,2048,no,commutatum/inat-373927411-683414559-aay2.jpg,
Aglaonema commutatum,373385924,https://www.inaturalist.org/observations/373385924,682372562,https://inaturalist-open-data.s3.amazonaws.com/photos/682372562/original.jpg,cc-by-nc,"(c) Arweena Vergara, some rights reserved (CC BY-NC)",arweena,Arweena Vergara,2025-12-14,"Greenworth Street, Cainta, Rizal, PH",needs_id,False,14.6128939592,121.119798138,1152,2048,no,commutatum/inat-373385924-682372562-arweena.jpg,
Aglaonema commutatum,370641719,https://www.inaturalist.org/observations/370641719,677121173,https://inaturalist-open-data.s3.amazonaws.com/photos/677121173/original.jpg,cc-by-nc,"(c) VIA NURFADHILLAH, some rights reserved (CC BY-NC)",via84401,VIA NURFADHILLAH,2026-05-26,"Jalan Bandungan, Semarang, Central Java, ID",research,False,-7.2246376281,110.3695454578,1152,2048,no,commutatum/inat-370641719-677121173-via84401.jpg,
Aglaonema commutatum,369205701,https://www.inaturalist.org/observations/369205701,674392928,https://inaturalist-open-data.s3.amazonaws.com/photos/674392928/original.jpg,cc-by-nc,"(c) Maria HS Lee, some rights reserved (CC BY-NC)",mariahslee,Maria HS Lee,2026-06-07,"Jalan Mariamah, Johor Bahru, Johore, MY",research,False,1.4706143411,103.7451070827,1152,2048,no,commutatum/inat-369205701-674392928-mariahslee.jpg,
Aglaonema commutatum,369205669,https://www.inaturalist.org/observations/369205669,674392870,https://inaturalist-open-data.s3.amazonaws.com/photos/674392870/original.jpg,cc-by-nc,"(c) Maria HS Lee, some rights reserved (CC BY-NC)",mariahslee,Maria HS Lee,2026-06-07,"Jalan Mariamah, Johor Bahru, Johore, MY",research,False,1.4706408286,103.7450934413,1152,2048,no,commutatum/inat-369205669-674392870-mariahslee.jpg,
Aglaonema commutatum,369085414,https://www.inaturalist.org/observations/369085414,674158993,https://inaturalist-open-data.s3.amazonaws.com/photos/674158993/original.jpg,cc-by-nc,"(c) Kaela Belle, some rights reserved (CC BY-NC)",kbsirois,Kaela Belle,2026-01-09,"Palama St, Kalāheo, HI, US",research,False,21.9188142395,-159.5237566921,1152,2048,no,commutatum/inat-369085414-674158993-kbsirois.jpg,
Aglaonema commutatum,368261828,https://www.inaturalist.org/observations/368261828,672601978,https://inaturalist-open-data.s3.amazonaws.com/photos/672601978/original.jpg,cc-by-nc,"(c) Amelia Azahra, some rights reserved (CC BY-NC)",ameliazhrr,Amelia Azahra,2026-06-04,Kebun Raya Bogor,needs_id,False,-6.597628929,106.799569577,1536,2048,no,commutatum/inat-368261828-672601978-ameliazhrr.jpg,
Aglaonema commutatum,368218801,https://www.inaturalist.org/observations/368218801,672517035,https://inaturalist-open-data.s3.amazonaws.com/photos/672517035/original.jpg,cc-by-nc,"(c) amietheartist, some rights reserved (CC BY-NC)",amietheartist,,2026-06-03,"Ala Moana Blvd, Honolulu, HI, US",research,False,21.2870966288,-157.8385895549,1152,2048,no,commutatum/inat-368218801-672517035-amietheartist.jpg,
Aglaonema commutatum,368034555,https://www.inaturalist.org/observations/368034555,672163492,https://static.inaturalist.org/photos/672163492/original.jpg,all-rights-reserved,"(c) Jimmy Tan, all rights reserved",jimmy513,Jimmy Tan,2026-06-03,"Fernvale Link, Singapore, SG, SG",needs_id,False,1.3903083333,103.879455,1536,2048,no,commutatum/inat-368034555-672163492-jimmy513.jpg,
Aglaonema commutatum,368010955,https://www.inaturalist.org/observations/368010955,672119171,https://inaturalist-open-data.s3.amazonaws.com/photos/672119171/original.jpg,cc-by-nc,"(c) emonuel, some rights reserved (CC BY-NC)",emonuel,,2026-06-03,Maceo,research,False,6.5525608063,-74.785369873,1536,2048,no,commutatum/inat-368010955-672119171-emonuel.jpg,
Aglaonema commutatum,368010712,https://www.inaturalist.org/observations/368010712,672118727,https://inaturalist-open-data.s3.amazonaws.com/photos/672118727/original.jpg,cc-by-nc,"(c) shofivalenciaa, some rights reserved (CC BY-NC)",shofivalenciaa,,2026-06-03,Maceo,research,False,6.552093029,-74.785369873,1152,2048,no,commutatum/inat-368010712-672118727-shofivalenciaa.jpg,
Aglaonema commutatum,367597604,https://www.inaturalist.org/observations/367597604,671327090,https://inaturalist-open-data.s3.amazonaws.com/photos/671327090/original.jpg,cc-by-nc,"(c) jazminsantos2005, some rights reserved (CC BY-NC)",jazminsantos2005,,2026-06-01,"Isla Aguada Km. 2, El, Puente Champoton, Arenal, 24400 Champotón, Camp., México",needs_id,False,19.3232668,-90.7436655,1280,1280,no,commutatum/inat-367597604-671327090-jazminsantos2005.jpg,
Aglaonema commutatum,367323758,https://www.inaturalist.org/observations/367323758,670801184,https://inaturalist-open-data.s3.amazonaws.com/photos/670801184/original.jpg,cc-by-nc,"(c) Thawdar Lin Lei, some rights reserved (CC BY-NC)",thawdar_lin_lei,Thawdar Lin Lei,2025-12-30,"Myoungmya, MM-AY, MM",needs_id,False,16.6069746599,94.9291637994,1152,2048,no,commutatum/inat-367323758-670801184-thawdar_lin_lei.jpg,
Aglaonema commutatum,366943899,https://www.inaturalist.org/observations/366943899,670078330,https://inaturalist-open-data.s3.amazonaws.com/photos/670078330/original.jpg,cc-by-nc,"(c) Caroline Muthoni, some rights reserved (CC BY-NC)",princesscaro_soni,Caroline Muthoni,2026-05-31,"M26F+8P, Watamu, Kenya",needs_id,False,-3.3368381253,40.0236678589,945,2048,no,commutatum/inat-366943899-670078330-princesscaro_soni.jpg,
Aglaonema commutatum,366518373,https://www.inaturalist.org/observations/366518373,669263846,https://inaturalist-open-data.s3.amazonaws.com/photos/669263846/original.jpg,cc-by-nc,"(c) irissz, some rights reserved (CC BY-NC)",irissz,,2026-05-10,"Carrera 26, Bogotá, Bogotá, CO",research,False,4.6407305931,-74.0754945493,1152,2048,no,commutatum/inat-366518373-669263846-irissz.jpg,
Aglaonema commutatum,365897011,https://www.inaturalist.org/observations/365897011,668074922,https://inaturalist-open-data.s3.amazonaws.com/photos/668074922/original.jpg,cc-by-nc,"(c) Mariana Gusmão, some rights reserved (CC BY-NC)",marigusmao,Mariana Gusmão,2026-05-21,"Av. Prof. Pinto de Aguiar, 2255-2359 - Pituaçu, Salvador - BA, Brasil - Pituaçu, Salvador - BA, 41740-090, Brasil",needs_id,False,-12.9485142289,-38.4133784473,1536,2048,no,commutatum/inat-365897011-668074922-marigusmao.jpg,
Aglaonema commutatum,365872581,https://www.inaturalist.org/observations/365872581,668026177,https://inaturalist-open-data.s3.amazonaws.com/photos/668026177/original.jpg,cc-by-nc,"(c) Gta Baru, some rights reserved (CC BY-NC)",gta2,Gta Baru,2026-05-27,"Guaduas, CO-CU, CO",needs_id,False,5.1994050631,-74.7455963865,720,1280,no,commutatum/inat-365872581-668026177-gta2.jpg,
Aglaonema commutatum,365150499,https://www.inaturalist.org/observations/365150499,666644128,https://static.inaturalist.org/photos/666644128/original.jpg,all-rights-reserved,"(c) Ludwig Muller, all rights reserved",ludwig_muller,Ludwig Muller,2026-02-14,"Gunung Belumut Recreational Forest, Kulai, Johor Darul Ta'zim, Malaysia",needs_id,False,2.0645953853,103.527955238,2048,1536,no,commutatum/inat-365150499-666644128-ludwig_muller.jpg,
Aglaonema commutatum,364655562,https://www.inaturalist.org/observations/364655562,665712507,https://inaturalist-open-data.s3.amazonaws.com/photos/665712507/original.jpg,cc-by-nc,"(c) minaitecelite, some rights reserved (CC BY-NC)",minaitecelite,,2026-05-24,"Avenida Alcindo Cacela, 1626 - Nazaré, Belém - PA, 66040-020, Brasil",needs_id,False,-1.4532333333,-48.4771333333,1542,2048,no,commutatum/inat-364655562-665712507-minaitecelite.jpg,
Aglaonema commutatum,364652629,https://www.inaturalist.org/observations/364652629,665707936,https://inaturalist-open-data.s3.amazonaws.com/photos/665707936/original.jpg,cc-by-nc,"(c) Nathali Cristino, some rights reserved (CC BY-NC)",nathali63315,Nathali Cristino,2026-05-24,"Avenida Alcindo Cacela, 1626 - Nazaré, Belém - PA, 66040-020, Brasil",needs_id,False,-1.4530965,-48.4767683,1536,2048,no,commutatum/inat-364652629-665707936-nathali63315.jpg,
Aglaonema commutatum,364652491,https://www.inaturalist.org/observations/364652491,665707730,https://inaturalist-open-data.s3.amazonaws.com/photos/665707730/original.jpg,cc-by-nc,"(c) Nathali Cristino, some rights reserved (CC BY-NC)",nathali63315,Nathali Cristino,2026-05-24,"Avenida Alcindo Cacela, 1626 - Nazaré, Belém - PA, 66040-020, Brasil",needs_id,False,-1.4531064,-48.4768696333,1536,2048,no,commutatum/inat-364652491-665707730-nathali63315.jpg,
Aglaonema commutatum,364345642,https://www.inaturalist.org/observations/364345642,665124893,https://inaturalist-open-data.s3.amazonaws.com/photos/665124893/original.jpg,cc-by-nc,"(c) Richard Ropero Cahilig, some rights reserved (CC BY-NC)",rcahilig,Richard Ropero Cahilig,2024-11-27,"Aquino, Ibajay, Aklan, Philippines",needs_id,False,11.8164176944,122.1151656944,1536,2048,no,commutatum/inat-364345642-665124893-rcahilig.jpg,
Aglaonema commutatum,364163130,https://www.inaturalist.org/observations/364163130,664789767,https://inaturalist-open-data.s3.amazonaws.com/photos/664789767/original.jpg,cc-by-nc,"(c) Gouri Rajeev, some rights reserved (CC BY-NC)",gouri96492,Gouri Rajeev,2026-05-23,"Puthukkad, Kerala, India",needs_id,False,10.4217050767,76.2731505518,969,2048,no,commutatum/inat-364163130-664789767-gouri96492.jpg,
Aglaonema commutatum,363599679,https://www.inaturalist.org/observations/363599679,663724107,https://inaturalist-open-data.s3.amazonaws.com/photos/663724107/original.jpg,cc-by-nc-sa,"(c) Keith Martin-Smith, some rights reserved (CC BY-NC-SA)",elusiveorchids,Keith Martin-Smith,2026-04-22,"Bukit Panjang, Singapore",research,False,1.3611861111,103.7694694444,1536,2048,no,commutatum/inat-363599679-663724107-elusiveorchids.jpg,
Aglaonema commutatum,363596424,https://www.inaturalist.org/observations/363596424,663722584,https://inaturalist-open-data.s3.amazonaws.com/photos/663722584/original.jpg,cc-by-nc,"(c) Samuel Lin, some rights reserved (CC BY-NC)",samuel60922,Samuel Lin,2026-05-20,"Puren, Zhongli District, Taoyuan City, TW",research,False,24.9558924348,121.2443721503,1152,2048,no,commutatum/inat-363596424-663722584-samuel60922.jpg,
Aglaonema commutatum,363556758,https://www.inaturalist.org/observations/363556758,663594151,https://inaturalist-open-data.s3.amazonaws.com/photos/663594151/original.jpg,cc-by-nc,"(c) miguelmessi1432, some rights reserved (CC BY-NC)",miguelmessi1432,,2026-05-20,,needs_id,True,,,1200,1600,no,commutatum/inat-363556758-663594151-miguelmessi1432.jpg,
Aglaonema commutatum,362727399,https://www.inaturalist.org/observations/362727399,662061683,https://inaturalist-open-data.s3.amazonaws.com/photos/662061683/original.jpg,cc-by-nc,"(c) mdoliveira, some rights reserved (CC BY-NC)",mdoliveira,,2026-05-11,"Bukit Panjang, Singapore",research,False,1.3490555556,103.7759972222,2048,1536,no,commutatum/inat-362727399-662061683-mdoliveira.jpg,
Aglaonema commutatum,362727399,https://www.inaturalist.org/observations/362727399,662061729,https://inaturalist-open-data.s3.amazonaws.com/photos/662061729/original.jpg,cc-by-nc,"(c) mdoliveira, some rights reserved (CC BY-NC)",mdoliveira,,2026-05-11,"Bukit Panjang, Singapore",research,False,1.3490555556,103.7759972222,1536,2048,no,commutatum/inat-362727399-662061729-mdoliveira.jpg,
Aglaonema commutatum,362727399,https://www.inaturalist.org/observations/362727399,662061779,https://inaturalist-open-data.s3.amazonaws.com/photos/662061779/original.jpg,cc-by-nc,"(c) mdoliveira, some rights reserved (CC BY-NC)",mdoliveira,,2026-05-11,"Bukit Panjang, Singapore",research,False,1.3490555556,103.7759972222,1536,2048,no,commutatum/inat-362727399-662061779-mdoliveira.jpg,
Aglaonema commutatum,362727399,https://www.inaturalist.org/observations/362727399,662061822,https://inaturalist-open-data.s3.amazonaws.com/photos/662061822/original.jpg,cc-by-nc,"(c) mdoliveira, some rights reserved (CC BY-NC)",mdoliveira,,2026-05-11,"Bukit Panjang, Singapore",research,False,1.3490555556,103.7759972222,1536,2048,no,commutatum/inat-362727399-662061822-mdoliveira.jpg,
Aglaonema commutatum,362693399,https://www.inaturalist.org/observations/362693399,661999163,https://inaturalist-open-data.s3.amazonaws.com/photos/661999163/original.jpg,cc-by-nc,"(c) Luke Cooper, some rights reserved (CC BY-NC)",lukemcooo,Luke Cooper,2026-05-18,"Central Water Catchment, Singapore",needs_id,False,1.3568090813,103.8125550002,1537,2048,no,commutatum/inat-362693399-661999163-lukemcooo.jpg,
Aglaonema commutatum,362591561,https://www.inaturalist.org/observations/362591561,661802151,https://inaturalist-open-data.s3.amazonaws.com/photos/661802151/original.jpg,cc-by-nc,"(c) lee-moon, some rights reserved (CC BY-NC)",lee-moon,,2026-05-18,"Yuping Rd, Anping District, Tainan City, TW",research,False,22.9937829427,120.1675001859,1536,2048,no,commutatum/inat-362591561-661802151-lee-moon.jpg,
Aglaonema commutatum,361967864,https://www.inaturalist.org/observations/361967864,660627416,https://inaturalist-open-data.s3.amazonaws.com/photos/660627416/original.jpg,cc-by-nc,"(c) Sinuon Sao, some rights reserved (CC BY-NC)",sinuon,Sinuon Sao,2026-05-16,"5WMM+W92, Kampong Seila​, Cambodia",needs_id,False,11.188125,103.9338083333,1542,2048,no,commutatum/inat-361967864-660627416-sinuon.jpg,
Aglaonema commutatum,361967864,https://www.inaturalist.org/observations/361967864,660627447,https://inaturalist-open-data.s3.amazonaws.com/photos/660627447/original.jpg,cc-by-nc,"(c) Sinuon Sao, some rights reserved (CC BY-NC)",sinuon,Sinuon Sao,2026-05-16,"5WMM+W92, Kampong Seila​, Cambodia",needs_id,False,11.188125,103.9338083333,1542,2048,no,commutatum/inat-361967864-660627447-sinuon.jpg,
Aglaonema commutatum,361967864,https://www.inaturalist.org/observations/361967864,660627475,https://inaturalist-open-data.s3.amazonaws.com/photos/660627475/original.jpg,cc-by-nc,"(c) Sinuon Sao, some rights reserved (CC BY-NC)",sinuon,Sinuon Sao,2026-05-16,"5WMM+W92, Kampong Seila​, Cambodia",needs_id,False,11.188125,103.9338083333,1542,2048,no,commutatum/inat-361967864-660627475-sinuon.jpg,
Aglaonema commutatum,361967864,https://www.inaturalist.org/observations/361967864,660627511,https://inaturalist-open-data.s3.amazonaws.com/photos/660627511/original.jpg,cc-by-nc,"(c) Sinuon Sao, some rights reserved (CC BY-NC)",sinuon,Sinuon Sao,2026-05-16,"5WMM+W92, Kampong Seila​, Cambodia",needs_id,False,11.188125,103.9338083333,1542,2048,no,commutatum/inat-361967864-660627511-sinuon.jpg,
Aglaonema commutatum,361967864,https://www.inaturalist.org/observations/361967864,660627547,https://inaturalist-open-data.s3.amazonaws.com/photos/660627547/original.jpg,cc-by-nc,"(c) Sinuon Sao, some rights reserved (CC BY-NC)",sinuon,Sinuon Sao,2026-05-16,"5WMM+W92, Kampong Seila​, Cambodia",needs_id,False,11.188125,103.9338083333,1542,2048,no,commutatum/inat-361967864-660627547-sinuon.jpg,
Aglaonema commutatum,361967864,https://www.inaturalist.org/observations/361967864,660627583,https://inaturalist-open-data.s3.amazonaws.com/photos/660627583/original.jpg,cc-by-nc,"(c) Sinuon Sao, some rights reserved (CC BY-NC)",sinuon,Sinuon Sao,2026-05-16,"5WMM+W92, Kampong Seila​, Cambodia",needs_id,False,11.188125,103.9338083333,1542,2048,no,commutatum/inat-361967864-660627583-sinuon.jpg,
Aglaonema commutatum,361526556,https://www.inaturalist.org/observations/361526556,659791112,https://inaturalist-open-data.s3.amazonaws.com/photos/659791112/original.jpg,cc-by-nc,"(c) naomicretu, some rights reserved (CC BY-NC)",naomicretu,,2026-05-13,"Kapahi Rd, Kapaʻa, HI, US",research,False,22.1030756248,-159.3434042996,1152,2048,no,commutatum/inat-361526556-659791112-naomicretu.jpg,
Aglaonema commutatum,361331612,https://www.inaturalist.org/observations/361331612,659423296,https://inaturalist-open-data.s3.amazonaws.com/photos/659423296/original.jpg,cc-by-nc,"(c) atiey, some rights reserved (CC BY-NC)",atiey,,2026-05-14,"Institut Kemahiran MARA Seberang Perai Utara, Bukit Mertajam, Penang, MY",needs_id,False,5.44627,100.5124366667,1536,2048,no,commutatum/inat-361331612-659423296-atiey.jpg,
Aglaonema commutatum,361331578,https://www.inaturalist.org/observations/361331578,659423210,https://inaturalist-open-data.s3.amazonaws.com/photos/659423210/original.jpg,cc-by-nc,"(c) Nur Sabrina, some rights reserved (CC BY-NC)",nur99730,Nur Sabrina,2026-05-14,"Seberang Perai Utara, MY-PG, MY",needs_id,False,5.4465984978,100.5123687163,1536,2048,no,commutatum/inat-361331578-659423210-nur99730.jpg,
Aglaonema commutatum,361331578,https://www.inaturalist.org/observations/361331578,659423246,https://inaturalist-open-data.s3.amazonaws.com/photos/659423246/original.jpg,cc-by-nc,"(c) Nur Sabrina, some rights reserved (CC BY-NC)",nur99730,Nur Sabrina,2026-05-14,"Seberang Perai Utara, MY-PG, MY",needs_id,False,5.4465984978,100.5123687163,1536,2048,no,commutatum/inat-361331578-659423246-nur99730.jpg,
Aglaonema commutatum,361331578,https://www.inaturalist.org/observations/361331578,659423283,https://inaturalist-open-data.s3.amazonaws.com/photos/659423283/original.jpg,cc-by-nc,"(c) Nur Sabrina, some rights reserved (CC BY-NC)",nur99730,Nur Sabrina,2026-05-14,"Seberang Perai Utara, MY-PG, MY",needs_id,False,5.4465984978,100.5123687163,1536,2048,no,commutatum/inat-361331578-659423283-nur99730.jpg,
Aglaonema commutatum,361324854,https://www.inaturalist.org/observations/361324854,659410269,https://inaturalist-open-data.s3.amazonaws.com/photos/659410269/original.jpg,cc-by-nc,"(c) NURUL HUSNA ROSLEY, some rights reserved (CC BY-NC)",husnaarosley,NURUL HUSNA ROSLEY,2026-05-14,"Bukit Mertajam, Penang, MY",research,False,5.4462186035,100.5124587483,2048,1152,no,commutatum/inat-361324854-659410269-husnaarosley.jpg,
Aglaonema commutatum,361124794,https://www.inaturalist.org/observations/361124794,659030962,https://inaturalist-open-data.s3.amazonaws.com/photos/659030962/original.jpg,cc-by-nc,"(c) chloebiagcong, some rights reserved (CC BY-NC)",chloebiagcong,,2026-04-28,"66RV+WJ5, Iligan City, Lanao del Norte, Philippines",research,False,8.2424427016,124.2441685125,1152,2048,no,commutatum/inat-361124794-659030962-chloebiagcong.jpg,
Aglaonema commutatum,361124794,https://www.inaturalist.org/observations/361124794,659030999,https://inaturalist-open-data.s3.amazonaws.com/photos/659030999/original.jpg,cc-by-nc,"(c) chloebiagcong, some rights reserved (CC BY-NC)",chloebiagcong,,2026-04-28,"66RV+WJ5, Iligan City, Lanao del Norte, Philippines",research,False,8.2424427016,124.2441685125,1152,2048,no,commutatum/inat-361124794-659030999-chloebiagcong.jpg,
Aglaonema commutatum,361124794,https://www.inaturalist.org/observations/361124794,659031062,https://inaturalist-open-data.s3.amazonaws.com/photos/659031062/original.jpg,cc-by-nc,"(c) chloebiagcong, some rights reserved (CC BY-NC)",chloebiagcong,,2026-04-28,"66RV+WJ5, Iligan City, Lanao del Norte, Philippines",research,False,8.2424427016,124.2441685125,1152,2048,no,commutatum/inat-361124794-659031062-chloebiagcong.jpg,
Aglaonema commutatum,361124794,https://www.inaturalist.org/observations/361124794,659031103,https://inaturalist-open-data.s3.amazonaws.com/photos/659031103/original.jpg,cc-by-nc,"(c) chloebiagcong, some rights reserved (CC BY-NC)",chloebiagcong,,2026-04-28,"66RV+WJ5, Iligan City, Lanao del Norte, Philippines",research,False,8.2424427016,124.2441685125,2048,1152,no,commutatum/inat-361124794-659031103-chloebiagcong.jpg,
Aglaonema commutatum,361124794,https://www.inaturalist.org/observations/361124794,659031208,https://inaturalist-open-data.s3.amazonaws.com/photos/659031208/original.jpg,cc-by-nc,"(c) chloebiagcong, some rights reserved (CC BY-NC)",chloebiagcong,,2026-04-28,"66RV+WJ5, Iligan City, Lanao del Norte, Philippines",research,False,8.2424427016,124.2441685125,2048,1152,no,commutatum/inat-361124794-659031208-chloebiagcong.jpg,
Aglaonema commutatum,361119564,https://www.inaturalist.org/observations/361119564,659021247,https://inaturalist-open-data.s3.amazonaws.com/photos/659021247/original.jpg,cc-by-nc,"(c) Chien season, some rights reserved (CC BY-NC)",chien38223,Chien season,2026-05-13,"Yongxing Rd Sec 3, Yongjing Township, Changhua County, TW",research,False,23.9227156266,120.5523905646,1152,2048,no,commutatum/inat-361119564-659021247-chien38223.jpg,
Aglaonema commutatum,361088442,https://www.inaturalist.org/observations/361088442,658959938,https://inaturalist-open-data.s3.amazonaws.com/photos/658959938/original.jpg,cc-by,"(c) Kevin Faccenda, some rights reserved (CC BY)",kevinfaccenda,Kevin Faccenda,2026-04-23,"Honolulu, Hawaii, United States",needs_id,False,21.3365888889,-157.8026805556,2048,1538,no,commutatum/inat-361088442-658959938-kevinfaccenda.jpg,
Aglaonema commutatum,361016615,https://www.inaturalist.org/observations/361016615,658817968,https://inaturalist-open-data.s3.amazonaws.com/photos/658817968/original.jpg,cc-by-nc,"(c) shreyadev, some rights reserved (CC BY-NC)",shreyadev,,2026-05-11,"Sandakan, Sabah, MY",research,False,5.8759963509,117.9455834777,1152,2048,no,commutatum/inat-361016615-658817968-shreyadev.jpg,
Aglaonema commutatum,360831117,https://www.inaturalist.org/observations/360831117,658462804,https://inaturalist-open-data.s3.amazonaws.com/photos/658462804/original.jpg,cc-by-nc,"(c) devirahma, some rights reserved (CC BY-NC)",devirahma,,2026-05-12,"Sleman, Yogyakarta, ID",research,False,-7.6935616667,110.3456633333,1536,2048,no,commutatum/inat-360831117-658462804-devirahma.jpg,
Aglaonema commutatum,360799667,https://www.inaturalist.org/observations/360799667,658402081,https://inaturalist-open-data.s3.amazonaws.com/photos/658402081/original.jpg,cc-by-nc,"(c) nurmaliawulan_, some rights reserved (CC BY-NC)",nurmaliawulan_,,2026-05-03,"Nologaten, Caturtunggal, Kec. Depok, Kabupaten Sleman, Daerah Istimewa Yogyakarta, Indonesia",research,False,-7.7734476489,110.3992258385,780,1040,no,commutatum/inat-360799667-658402081-nurmaliawulan_.jpg,
Aglaonema commutatum,360760587,https://www.inaturalist.org/observations/360760587,658319582,https://inaturalist-open-data.s3.amazonaws.com/photos/658319582/original.jpg,cc-by-nc,"(c) leewm66, some rights reserved (CC BY-NC)",leewm66,,2026-05-11,"Rifle Range Rd, Rifle Range Nature Park, Singapore 589322",needs_id,False,1.3434752,103.7794063,1536,2048,no,commutatum/inat-360760587-658319582-leewm66.jpg,
Aglaonema commutatum,360280956,https://www.inaturalist.org/observations/360280956,657402532,https://inaturalist-open-data.s3.amazonaws.com/photos/657402532/original.jpg,cc-by-nc,"(c) mardeletras, some rights reserved (CC BY-NC)",mardeletras,,2026-05-10,"Avenida Édgar Trejos, Masaya, Masaya, NI",research,False,11.9792583333,-86.0981971667,1536,2048,no,commutatum/inat-360280956-657402532-mardeletras.jpg,
Aglaonema commutatum,360280956,https://www.inaturalist.org/observations/360280956,657402603,https://inaturalist-open-data.s3.amazonaws.com/photos/657402603/original.jpg,cc-by-nc,"(c) mardeletras, some rights reserved (CC BY-NC)",mardeletras,,2026-05-10,"Avenida Édgar Trejos, Masaya, Masaya, NI",research,False,11.9792583333,-86.0981971667,1536,2048,no,commutatum/inat-360280956-657402603-mardeletras.jpg,
Aglaonema commutatum,360086182,https://www.inaturalist.org/observations/360086182,657043324,https://inaturalist-open-data.s3.amazonaws.com/photos/657043324/original.jpg,cc-by-nc,"(c) G J, some rights reserved (CC BY-NC)",g65739,G J,2024-02-24,"3XQC+M4, Lanuza, Surigao del Sur, Philippines",needs_id,False,9.0912805556,125.9712083333,2048,859,no,commutatum/inat-360086182-657043324-g65739.jpg,
Aglaonema commutatum,360086182,https://www.inaturalist.org/observations/360086182,657043368,https://inaturalist-open-data.s3.amazonaws.com/photos/657043368/original.jpg,cc-by-nc,"(c) G J, some rights reserved (CC BY-NC)",g65739,G J,2024-02-24,"3XQC+M4, Lanuza, Surigao del Sur, Philippines",needs_id,False,9.0912805556,125.9712083333,2048,859,no,commutatum/inat-360086182-657043368-g65739.jpg,
Aglaonema commutatum,360086182,https://www.inaturalist.org/observations/360086182,657043422,https://inaturalist-open-data.s3.amazonaws.com/photos/657043422/original.jpg,cc-by-nc,"(c) G J, some rights reserved (CC BY-NC)",g65739,G J,2024-02-24,"3XQC+M4, Lanuza, Surigao del Sur, Philippines",needs_id,False,9.0912805556,125.9712083333,2048,859,no,commutatum/inat-360086182-657043422-g65739.jpg,
Aglaonema commutatum,359306736,https://www.inaturalist.org/observations/359306736,655542876,https://inaturalist-open-data.s3.amazonaws.com/photos/655542876/original.jpg,cc-by-nc,"(c) urc87b, some rights reserved (CC BY-NC)",urc87b,,2026-05-07,"Cacalchén, Yuc., MX",needs_id,False,21.0098466304,-89.2920493041,1536,2048,no,commutatum/inat-359306736-655542876-urc87b.jpg,
Aglaonema commutatum,359082552,https://www.inaturalist.org/observations/359082552,655120463,https://inaturalist-open-data.s3.amazonaws.com/photos/655120463/original.jpg,cc-by-nc,"(c) Ghania Arrahmah, some rights reserved (CC BY-NC)",ghania4,Ghania Arrahmah,2026-05-07,"3FQ6+C74, Limau Manis, Kec. Pauh, Kota Padang, Sumatera Barat 25175, Indonesia",needs_id,False,-0.9114897,100.4605947,1153,2048,no,commutatum/inat-359082552-655120463-ghania4.jpg,
Aglaonema commutatum,358808380,https://www.inaturalist.org/observations/358808380,654598114,https://inaturalist-open-data.s3.amazonaws.com/photos/654598114/original.jpg,cc-by-nc,"(c) Bulisuva Savaira Kalokalo, some rights reserved (CC BY-NC)",kalosnightingales,Bulisuva Savaira Kalokalo,2026-05-06,"Malolo, Fiji",needs_id,False,-17.7591380833,177.1624145278,1536,2048,no,commutatum/inat-358808380-654598114-kalosnightingales.jpg,
Aglaonema commutatum,358734234,https://www.inaturalist.org/observations/358734234,654449942,https://inaturalist-open-data.s3.amazonaws.com/photos/654449942/original.jpg,cc-by-nc,"(c) tex01, some rights reserved (CC BY-NC)",tex01,,2026-05-06,"Malolo, Fiji",needs_id,False,-17.75875854,177.16235941,1536,2048,no,commutatum/inat-358734234-654449942-tex01.jpg,
Aglaonema commutatum,358594126,https://www.inaturalist.org/observations/358594126,654184168,https://inaturalist-open-data.s3.amazonaws.com/photos/654184168/original.jpg,cc-by-nc,"(c) Ammadu, some rights reserved (CC BY-NC)",ahmed_waheed,Ammadu,2026-05-05,"Laamu, MV",needs_id,False,1.815875,73.4059916667,1536,2048,no,commutatum/inat-358594126-654184168-ahmed_waheed.jpg,
Aglaonema commutatum,358536763,https://www.inaturalist.org/observations/358536763,654073524,https://inaturalist-open-data.s3.amazonaws.com/photos/654073524/original.jpg,cc-by-nc,"(c) lgucenropamela, some rights reserved (CC BY-NC)",lgucenropamela,,2026-04-27,"FRH5+39W Huyong-huyong Nature Park, Tagum, Davao del Norte, Philippines",needs_id,False,7.4777273573,125.8084552735,921,2048,no,commutatum/inat-358536763-654073524-lgucenropamela.jpg,
Aglaonema commutatum,358531600,https://www.inaturalist.org/observations/358531600,654069269,https://static.inaturalist.org/photos/654069269/original.jpg,all-rights-reserved,"(c) Anne Geraldine Biol, all rights reserved",lgucpdo_annebiol,Anne Geraldine Biol,2026-04-27,"Tagum City, PH-DV, PH",research,False,7.446446003,125.8066814911,1536,2048,no,commutatum/inat-358531600-654069269-lgucpdo_annebiol.jpg,
Aglaonema commutatum,358479395,https://www.inaturalist.org/observations/358479395,653959525,https://inaturalist-open-data.s3.amazonaws.com/photos/653959525/original.jpg,cc-by-nc,"(c) Seru Nabola, some rights reserved (CC BY-NC)",seru_nabola,Seru Nabola,2026-05-05,"Fiji, FJ",needs_id,False,-17.7587364894,177.1602561326,1152,2048,no,commutatum/inat-358479395-653959525-seru_nabola.jpg,
Aglaonema commutatum,358159384,https://www.inaturalist.org/observations/358159384,653334166,https://inaturalist-open-data.s3.amazonaws.com/photos/653334166/original.jpg,cc-by-nc,"(c) Evisaki Neitoko, some rights reserved (CC BY-NC)",evisaki,Evisaki Neitoko,2026-05-04,"Malolo Island, Fiji",needs_id,False,-17.7584112147,177.158809416,1536,2048,no,commutatum/inat-358159384-653334166-evisaki.jpg,
Aglaonema commutatum,358149422,https://www.inaturalist.org/observations/358149422,653315344,https://inaturalist-open-data.s3.amazonaws.com/photos/653315344/original.jpg,cc-by-nc,"(c) Loqorio Domedome, some rights reserved (CC BY-NC)",loqorio,Loqorio Domedome,2026-05-04,"Malolo Island, Fiji",needs_id,False,-17.7584112147,177.158809416,1536,2048,no,commutatum/inat-358149422-653315344-loqorio.jpg,
Aglaonema commutatum,358146041,https://www.inaturalist.org/observations/358146041,653307752,https://inaturalist-open-data.s3.amazonaws.com/photos/653307752/original.jpg,cc-by-nc,"(c) Manaini Vakalatia, some rights reserved (CC BY-NC)",manaini,Manaini Vakalatia,2026-05-04,"Malolo Island, Fiji",needs_id,False,-17.7584112147,177.158809416,1536,2048,no,commutatum/inat-358146041-653307752-manaini.jpg,
Aglaonema commutatum,358123976,https://www.inaturalist.org/observations/358123976,653261389,https://inaturalist-open-data.s3.amazonaws.com/photos/653261389/original.jpg,cc-by-nc,"(c) geraldine abella, some rights reserved (CC BY-NC)",lgutourism_abella,geraldine abella,2026-04-27,"Tagum City, Davao Del Norte, PH",needs_id,False,7.4159036087,125.7972702295,402,300,no,commutatum/inat-358123976-653261389-lgutourism_abella.jpg,
Aglaonema commutatum,358100528,https://www.inaturalist.org/observations/358100528,653213424,https://inaturalist-open-data.s3.amazonaws.com/photos/653213424/original.jpg,cc-by-nc,"(c) Deda, some rights reserved (CC BY-NC)",dedakorolala2026,Deda,2026-05-04,"Fiji, FJ",research,False,-17.756839855,177.1578803606,1152,2048,no,commutatum/inat-358100528-653213424-dedakorolala2026.jpg,
Aglaonema commutatum,357843850,https://www.inaturalist.org/observations/357843850,652723061,https://inaturalist-open-data.s3.amazonaws.com/photos/652723061/original.jpg,cc-by-nc,"(c) Abdulla Yamin, some rights reserved (CC BY-NC)",abdulla_yarrmin,Abdulla Yamin,2026-05-03,"Laamu, MV",research,False,1.8160122478,73.4058443006,1152,2048,no,commutatum/inat-357843850-652723061-abdulla_yarrmin.jpg,
Aglaonema commutatum,357817449,https://www.inaturalist.org/observations/357817449,652655284,https://inaturalist-open-data.s3.amazonaws.com/photos/652655284/original.jpg,cc-by-nc,"(c) Hubert Szczygieł, some rights reserved (CC BY-NC)",hubertszcz,Hubert Szczygieł,2026-04-04,"Manoa, Honolulu, HI, USA",needs_id,False,21.3295541156,-157.7968277087,2048,1536,no,commutatum/inat-357817449-652655284-hubertszcz.jpg,
Aglaonema commutatum,357817449,https://www.inaturalist.org/observations/357817449,652655283,https://inaturalist-open-data.s3.amazonaws.com/photos/652655283/original.jpg,cc-by-nc,"(c) Hubert Szczygieł, some rights reserved (CC BY-NC)",hubertszcz,Hubert Szczygieł,2026-04-04,"Manoa, Honolulu, HI, USA",needs_id,False,21.3295541156,-157.7968277087,2048,1536,no,commutatum/inat-357817449-652655283-hubertszcz.jpg,
Aglaonema commutatum,357758744,https://www.inaturalist.org/observations/357758744,652557135,https://inaturalist-open-data.s3.amazonaws.com/photos/652557135/original.jpg,cc-by-nc,"(c) komal27, some rights reserved (CC BY-NC)",komal27,,2026-05-03,"Malolo Island, Fiji",needs_id,False,-17.7581927,177.1587947,1536,2048,no,commutatum/inat-357758744-652557135-komal27.jpg,
Aglaonema commutatum,357501801,https://www.inaturalist.org/observations/357501801,652060593,https://inaturalist-open-data.s3.amazonaws.com/photos/652060593/original.jpg,cc-by-nc,"(c) N.Bello, some rights reserved (CC BY-NC)",matoury51,N.Bello,2026-04-26,"Matoury 97351, Guyane française",research,False,4.8591666667,-52.3208333333,1536,2048,no,commutatum/inat-357501801-652060593-matoury51.jpg,
Aglaonema commutatum,357447200,https://www.inaturalist.org/observations/357447200,651958243,https://inaturalist-open-data.s3.amazonaws.com/photos/651958243/original.jpg,cc-by-nc,"(c) kim_sama, some rights reserved (CC BY-NC)",kim_sama,,2026-05-02,"Moo 9, Phatthana Nikhom District, Lop Buri, TH",research,False,14.7753893311,100.8695389863,1152,2048,no,commutatum/inat-357447200-651958243-kim_sama.jpg,
Aglaonema commutatum,357409204,https://www.inaturalist.org/observations/357409204,651885506,https://inaturalist-open-data.s3.amazonaws.com/photos/651885506/original.jpg,cc-by-nc,"(c) Meme Ratubalavu, some rights reserved (CC BY-NC)",meme45431,Meme Ratubalavu,2026-05-02,"Fiji, FJ",research,False,-17.7574647713,177.1595413962,1152,2048,no,commutatum/inat-357409204-651885506-meme45431.jpg,
Aglaonema commutatum,357289116,https://www.inaturalist.org/observations/357289116,651639937,https://static.inaturalist.org/photos/651639937/original.jpg,all-rights-reserved,"(c) Juan David Beltrán Gómez, all rights reserved",davibel,Juan David Beltrán Gómez,2026-04-29,"Facultad de Salud UIS, Bucaramanga, Santander, Colombia",research,False,7.1287741283,-73.1146164984,1536,2048,no,commutatum/inat-357289116-651639937-davibel.jpg,
Aglaonema commutatum,357285684,https://www.inaturalist.org/observations/357285684,651633396,https://inaturalist-open-data.s3.amazonaws.com/photos/651633396/original.jpg,cc-by-nc,"(c) Raquel Saavedra, some rights reserved (CC BY-NC)",raquelsaavedra,Raquel Saavedra,2026-05-02,"Fiji, FJ",research,False,-17.7576948105,177.1594167576,1152,2048,no,commutatum/inat-357285684-651633396-raquelsaavedra.jpg,
Aglaonema commutatum,357220193,https://www.inaturalist.org/observations/357220193,651506826,https://inaturalist-open-data.s3.amazonaws.com/photos/651506826/original.jpg,cc-by-nc,"(c) Malavika Madhu, some rights reserved (CC BY-NC)",malavika_madhu,Malavika Madhu,2026-05-01,"Beach Road, Kozhikode, Kerala, IN",research,False,11.6469196605,75.5597200159,1536,2048,no,commutatum/inat-357220193-651506826-malavika_madhu.jpg,
Aglaonema commutatum,357207208,https://www.inaturalist.org/observations/357207208,651395325,https://inaturalist-open-data.s3.amazonaws.com/photos/651395325/original.jpg,cc-by-nc,"(c) Keshan Perera, some rights reserved (CC BY-NC)",keshanperera,Keshan Perera,2026-04-25,"Kandy, Sri Lanka",research,False,7.2984261711,80.6431360515,2048,1368,no,commutatum/inat-357207208-651395325-keshanperera.jpg,
Aglaonema commutatum,357207198,https://www.inaturalist.org/observations/357207198,651395275,https://inaturalist-open-data.s3.amazonaws.com/photos/651395275/original.jpg,cc-by-nc,"(c) Keshan Perera, some rights reserved (CC BY-NC)",keshanperera,Keshan Perera,2026-04-25,"Kandy, Sri Lanka",research,False,7.2984261711,80.6431360515,2048,1368,no,commutatum/inat-357207198-651395275-keshanperera.jpg,
Aglaonema commutatum,357207174,https://www.inaturalist.org/observations/357207174,651395137,https://inaturalist-open-data.s3.amazonaws.com/photos/651395137/original.jpg,cc-by-nc,"(c) Keshan Perera, some rights reserved (CC BY-NC)",keshanperera,Keshan Perera,2026-04-25,"Kandy, Sri Lanka",research,False,7.2984261711,80.6431360515,2048,1368,no,commutatum/inat-357207174-651395137-keshanperera.jpg,
Aglaonema commutatum,357105066,https://www.inaturalist.org/observations/357105066,651286626,https://inaturalist-open-data.s3.amazonaws.com/photos/651286626/original.jpg,cc-by-nc,"(c) lellaare, some rights reserved (CC BY-NC)",lellaare,,2026-05-01,"Malolo Island, Fiji",needs_id,False,-17.75803,177.1590116667,1536,2048,no,commutatum/inat-357105066-651286626-lellaare.jpg,
Aglaonema commutatum,357091566,https://www.inaturalist.org/observations/357091566,651261968,https://inaturalist-open-data.s3.amazonaws.com/photos/651261968/original.jpg,cc-by-nc,"(c) geraldine abella, some rights reserved (CC BY-NC)",lgutourism_abella,geraldine abella,2026-04-27,"Mindanao, Tagum City, Davao Del Norte, PH",needs_id,False,7.47703,125.8094633333,1536,2048,no,commutatum/inat-357091566-651261968-lgutourism_abella.jpg,
Aglaonema commutatum,357087062,https://www.inaturalist.org/observations/357087062,651251784,https://inaturalist-open-data.s3.amazonaws.com/photos/651251784/original.jpg,cc-by-nc,"(c) prnxcis, some rights reserved (CC BY-NC)",prnxcis,,2026-04-24,"Tagum City, Davao Del Norte, PH",needs_id,False,7.3515616667,125.7903966667,1536,2048,no,commutatum/inat-357087062-651251784-prnxcis.jpg,
Aglaonema commutatum,357033257,https://www.inaturalist.org/observations/357033257,651144477,https://inaturalist-open-data.s3.amazonaws.com/photos/651144477/original.jpg,cc-by-nc,"(c) seradriso, some rights reserved (CC BY-NC)",seradriso,,2026-05-01,"Malolo, Fiji",research,False,-17.7583716,177.1625684,1536,2048,no,commutatum/inat-357033257-651144477-seradriso.jpg,
Aglaonema commutatum,357007651,https://www.inaturalist.org/observations/357007651,651092759,https://inaturalist-open-data.s3.amazonaws.com/photos/651092759/original.jpg,cc-by-nc,"(c) alayaq, some rights reserved (CC BY-NC)",alayaq,,2026-04-17,"S Palm Ave, Sarasota, FL, US",research,False,27.327575,-82.5400083333,1536,2048,no,commutatum/inat-357007651-651092759-alayaq.jpg,
Aglaonema commutatum,356866599,https://www.inaturalist.org/observations/356866599,650820227,https://static.inaturalist.org/photos/650820227/original.jpg,all-rights-reserved,"(c) Catherine Pulmano, all rights reserved",lguceo_pulmanokath,Catherine Pulmano,2026-04-26,"FRH5+39W Huyong-huyong Nature Park, Tagum, Davao del Norte, Philippines",needs_id,False,7.4777274,125.8084553,1365,2048,no,commutatum/inat-356866599-650820227-lguceo_pulmanokath.jpg,
Aglaonema commutatum,356751242,https://www.inaturalist.org/observations/356751242,650594411,https://inaturalist-open-data.s3.amazonaws.com/photos/650594411/original.jpg,cc-by-nc,"(c) Neste Joy Pablo, some rights reserved (CC BY-NC)",lgulibrary_nestejoypablo,Neste Joy Pablo,2026-04-27,"Magdum, Tagum, Davao del Norte, Philippines",needs_id,False,7.4680777778,125.8221194444,1536,2048,no,commutatum/inat-356751242-650594411-lgulibrary_nestejoypablo.jpg,
Aglaonema commutatum,356747405,https://www.inaturalist.org/observations/356747405,650602639,https://inaturalist-open-data.s3.amazonaws.com/photos/650602639/original.jpg,cc-by-nc,"(c) gitanahelen, some rights reserved (CC BY-NC)",gitanahelen,,2026-04-29,"Koh Rong Sanloem, Preah Sihanouk, Камбоджа",needs_id,False,10.6033366708,103.2935244218,1536,2048,no,commutatum/inat-356747405-650602639-gitanahelen.jpg,
Aglaonema commutatum,356747405,https://www.inaturalist.org/observations/356747405,650602759,https://inaturalist-open-data.s3.amazonaws.com/photos/650602759/original.jpg,cc-by-nc,"(c) gitanahelen, some rights reserved (CC BY-NC)",gitanahelen,,2026-04-29,"Koh Rong Sanloem, Preah Sihanouk, Камбоджа",needs_id,False,10.6033366708,103.2935244218,1536,2048,no,commutatum/inat-356747405-650602759-gitanahelen.jpg,
Aglaonema commutatum,356747405,https://www.inaturalist.org/observations/356747405,650651896,https://inaturalist-open-data.s3.amazonaws.com/photos/650651896/original.jpg,cc-by-nc,"(c) gitanahelen, some rights reserved (CC BY-NC)",gitanahelen,,2026-04-29,"Koh Rong Sanloem, Preah Sihanouk, Камбоджа",needs_id,False,10.6033366708,103.2935244218,1536,2048,no,commutatum/inat-356747405-650651896-gitanahelen.jpg,
Aglaonema commutatum,356747405,https://www.inaturalist.org/observations/356747405,650651932,https://inaturalist-open-data.s3.amazonaws.com/photos/650651932/original.jpg,cc-by-nc,"(c) gitanahelen, some rights reserved (CC BY-NC)",gitanahelen,,2026-04-29,"Koh Rong Sanloem, Preah Sihanouk, Камбоджа",needs_id,False,10.6033366708,103.2935244218,1536,2048,no,commutatum/inat-356747405-650651932-gitanahelen.jpg,
Aglaonema commutatum,356721908,https://www.inaturalist.org/observations/356721908,650550131,https://inaturalist-open-data.s3.amazonaws.com/photos/650550131/original.jpg,cc-by-nc,"(c) BA Science 8 SY 25-26, some rights reserved (CC BY-NC)",ba_science_8,BA Science 8 SY 25-26,2026-04-29,"San Juan, Padilla, Antipolo, 1870 Rizal, Philippines",needs_id,False,14.6574335,121.2106108,1152,2048,no,commutatum/inat-356721908-650550131-ba_science_8.jpg,
Aglaonema commutatum,356534652,https://www.inaturalist.org/observations/356534652,650190791,https://inaturalist-open-data.s3.amazonaws.com/photos/650190791/original.jpg,cc-by-nc,"(c) nicol montenegro, some rights reserved (CC BY-NC)",nicolemontenegro,nicol montenegro,2026-04-04,"La Elvira, Valledupar, Cesar, Colombia",needs_id,False,10.4856845,-73.2676903,1204,1600,no,commutatum/inat-356534652-650190791-nicolemontenegro.jpg,
Aglaonema commutatum,356534652,https://www.inaturalist.org/observations/356534652,650191920,https://inaturalist-open-data.s3.amazonaws.com/photos/650191920/original.jpg,cc-by-nc,"(c) nicol montenegro, some rights reserved (CC BY-NC)",nicolemontenegro,nicol montenegro,2026-04-04,"La Elvira, Valledupar, Cesar, Colombia",needs_id,False,10.4856845,-73.2676903,1204,1600,no,commutatum/inat-356534652-650191920-nicolemontenegro.jpg,
Aglaonema commutatum,356534652,https://www.inaturalist.org/observations/356534652,650191959,https://inaturalist-open-data.s3.amazonaws.com/photos/650191959/original.jpg,cc-by-nc,"(c) nicol montenegro, some rights reserved (CC BY-NC)",nicolemontenegro,nicol montenegro,2026-04-04,"La Elvira, Valledupar, Cesar, Colombia",needs_id,False,10.4856845,-73.2676903,1204,1600,no,commutatum/inat-356534652-650191959-nicolemontenegro.jpg,
Aglaonema commutatum,356534652,https://www.inaturalist.org/observations/356534652,650192008,https://inaturalist-open-data.s3.amazonaws.com/photos/650192008/original.jpg,cc-by-nc,"(c) nicol montenegro, some rights reserved (CC BY-NC)",nicolemontenegro,nicol montenegro,2026-04-04,"La Elvira, Valledupar, Cesar, Colombia",needs_id,False,10.4856845,-73.2676903,1204,1600,no,commutatum/inat-356534652-650192008-nicolemontenegro.jpg,
Aglaonema commutatum,356412030,https://www.inaturalist.org/observations/356412030,649968105,https://static.inaturalist.org/photos/649968105/original.jpg,all-rights-reserved,"(c) Rodel Chua, all rights reserved",coreteam_rodelchua,Rodel Chua,2026-04-24,"Tagum City, PH-DV, PH",needs_id,False,7.4769416667,125.8093116667,1536,2048,no,commutatum/inat-356412030-649968105-coreteam_rodelchua.jpg,
Aglaonema commutatum,356406134,https://www.inaturalist.org/observations/356406134,649957500,https://inaturalist-open-data.s3.amazonaws.com/photos/649957500/original.jpg,cc-by-nc,"(c) lgucmocoop_ruthannpapas, some rights reserved (CC BY-NC)",lgucmocoop_ruthannpapas,,2026-04-27,"Tagum City, Davao Del Norte, PH",needs_id,False,7.351575,125.790375,1536,2048,no,commutatum/inat-356406134-649957500-lgucmocoop_ruthannpapas.jpg,
Aglaonema commutatum,356404885,https://www.inaturalist.org/observations/356404885,649955286,https://inaturalist-open-data.s3.amazonaws.com/photos/649955286/original.jpg,cc-by-nc,"(c) Jemarie Baldonado, some rights reserved (CC BY-NC)",lgucacco_jemariebaldonado,Jemarie Baldonado,2026-04-24,"CQFJ+HPG, Tagum, Davao del Norte, Philippines",needs_id,False,7.42359595,125.7829807,1152,2048,no,commutatum/inat-356404885-649955286-lgucacco_jemariebaldonado.jpg,
Aglaonema commutatum,356139175,https://www.inaturalist.org/observations/356139175,649457507,https://static.inaturalist.org/photos/649457507/original.jpg,all-rights-reserved,"(c) Nick Preschel, all rights reserved",nickpres,Nick Preschel,2026-04-28,"Calle Palo Seco, Golfito, Puntarenas, CR",research,False,8.6057274998,-83.4441449514,2048,1536,no,commutatum/inat-356139175-649457507-nickpres.jpg,
Aglaonema commutatum,356095320,https://www.inaturalist.org/observations/356095320,649325082,https://inaturalist-open-data.s3.amazonaws.com/photos/649325082/original.jpg,cc-by-nc,"(c) martinlau1, some rights reserved (CC BY-NC)",martinlau1,,2026-04-27,"Remire-Montjoly 97354, Guyane française",needs_id,False,4.8791222222,-52.27855,1536,2048,no,commutatum/inat-356095320-649325082-martinlau1.jpg,
Aglaonema commutatum,356095320,https://www.inaturalist.org/observations/356095320,649325085,https://inaturalist-open-data.s3.amazonaws.com/photos/649325085/original.jpg,cc-by-nc,"(c) martinlau1, some rights reserved (CC BY-NC)",martinlau1,,2026-04-27,"Remire-Montjoly 97354, Guyane française",needs_id,False,4.8791222222,-52.27855,1536,2048,no,commutatum/inat-356095320-649325085-martinlau1.jpg,
Aglaonema commutatum,356075085,https://www.inaturalist.org/observations/356075085,649340473,https://inaturalist-open-data.s3.amazonaws.com/photos/649340473/original.jpg,cc-by-nc,"(c) Ciara Uy-Salazar, some rights reserved (CC BY-NC)",cncmermaids_ciara,Ciara Uy-Salazar,2026-04-26,"Tagum City, Davao Del Norte, PH",research,False,7.3355533333,125.7631616667,1536,2048,no,commutatum/inat-356075085-649340473-cncmermaids_ciara.jpg,
Aglaonema commutatum,355993159,https://www.inaturalist.org/observations/355993159,649197126,https://inaturalist-open-data.s3.amazonaws.com/photos/649197126/original.jpg,cc-by-nc,"(c) Reymark A. Namangcayao, some rights reserved (CC BY-NC)",cncmermaids_reymark,Reymark A. Namangcayao,2026-04-27,"Tagum City, PH-DV, PH",research,False,7.4419416667,125.826225,1536,2048,no,commutatum/inat-355993159-649197126-cncmermaids_reymark.jpg,
Aglaonema commutatum,355929449,https://www.inaturalist.org/observations/355929449,649096709,https://inaturalist-open-data.s3.amazonaws.com/photos/649096709/original.jpg,cc-by-nc,"(c) Dulyana Apoorva Wanigasooriya, some rights reserved (CC BY-NC)",dulyana_apoorva_wanigasooriya,Dulyana Apoorva Wanigasooriya,2026-04-24,"7JWR+H4M, Kandy, Sri Lanka",research,False,7.2986953,80.6417000997,1534,2048,no,commutatum/inat-355929449-649096709-dulyana_apoorva_wanigasooriya.jpg,
Aglaonema commutatum,355929449,https://www.inaturalist.org/observations/355929449,649097044,https://inaturalist-open-data.s3.amazonaws.com/photos/649097044/original.jpg,cc-by-nc,"(c) Dulyana Apoorva Wanigasooriya, some rights reserved (CC BY-NC)",dulyana_apoorva_wanigasooriya,Dulyana Apoorva Wanigasooriya,2026-04-24,"7JWR+H4M, Kandy, Sri Lanka",research,False,7.2986953,80.6417000997,1534,2048,no,commutatum/inat-355929449-649097044-dulyana_apoorva_wanigasooriya.jpg,
Aglaonema commutatum,355928342,https://www.inaturalist.org/observations/355928342,649071350,https://inaturalist-open-data.s3.amazonaws.com/photos/649071350/original.jpg,cc-by-nc,"(c) Jennilyn Rimando, some rights reserved (CC BY-NC)",lgucmo_jennilynrimando,Jennilyn Rimando,2026-04-27,"Tagum, Davao del Norte, Philippines",needs_id,False,7.4474156,125.8024578,1536,2048,no,commutatum/inat-355928342-649071350-lgucmo_jennilynrimando.jpg,
Aglaonema commutatum,355913396,https://www.inaturalist.org/observations/355913396,649018551,https://inaturalist-open-data.s3.amazonaws.com/photos/649018551/original.jpg,cc-by-nc,"(c) Neste Joy Pablo, some rights reserved (CC BY-NC)",lgulibrary_nestejoypablo,Neste Joy Pablo,2026-04-27,"Magdum, Tagum, Davao del Norte, Philippines",needs_id,False,7.4707166667,125.8341805556,1536,2048,no,commutatum/inat-355913396-649018551-lgulibrary_nestejoypablo.jpg,
Aglaonema commutatum,355878220,https://www.inaturalist.org/observations/355878220,648987199,https://inaturalist-open-data.s3.amazonaws.com/photos/648987199/original.jpg,cc-by-nc,"(c) Grace Nile Obatay, some rights reserved (CC BY-NC)",grace_nile,Grace Nile Obatay,2026-04-26,"Macasero Street, Tagum City, Davao Del Norte, PH",research,False,7.4386916667,125.8092416667,1536,2048,no,commutatum/inat-355878220-648987199-grace_nile.jpg,
Aglaonema cordifolium,340739755,https://www.inaturalist.org/observations/340739755,620135527,https://static.inaturalist.org/photos/620135527/original.jpg,all-rights-reserved,"(c) Kierr Jasper Sancover, all rights reserved",curiosity,Kierr Jasper Sancover,2025-05-04,"2CPR+7W Panday/Opyong Falls, Toril, Davao City, Davao del Sur, Philippines",research,False,7.037725,125.4432369722,2048,1536,no,cordifolium/inat-340739755-620135527-curiosity.jpg,
Aglaonema cordifolium,340739755,https://www.inaturalist.org/observations/340739755,620135545,https://static.inaturalist.org/photos/620135545/original.jpg,all-rights-reserved,"(c) Kierr Jasper Sancover, all rights reserved",curiosity,Kierr Jasper Sancover,2025-05-04,"2CPR+7W Panday/Opyong Falls, Toril, Davao City, Davao del Sur, Philippines",research,False,7.037725,125.4432369722,2048,1536,no,cordifolium/inat-340739755-620135545-curiosity.jpg,
Aglaonema cordifolium,340739755,https://www.inaturalist.org/observations/340739755,620135561,https://static.inaturalist.org/photos/620135561/original.jpg,all-rights-reserved,"(c) Kierr Jasper Sancover, all rights reserved",curiosity,Kierr Jasper Sancover,2025-05-04,"2CPR+7W Panday/Opyong Falls, Toril, Davao City, Davao del Sur, Philippines",research,False,7.037725,125.4432369722,1536,2048,no,cordifolium/inat-340739755-620135561-curiosity.jpg,
Aglaonema cordifolium,340739755,https://www.inaturalist.org/observations/340739755,620135568,https://static.inaturalist.org/photos/620135568/original.jpg,all-rights-reserved,"(c) Kierr Jasper Sancover, all rights reserved",curiosity,Kierr Jasper Sancover,2025-05-04,"2CPR+7W Panday/Opyong Falls, Toril, Davao City, Davao del Sur, Philippines",research,False,7.037725,125.4432369722,1536,2048,no,cordifolium/inat-340739755-620135568-curiosity.jpg,
Aglaonema cordifolium,258569311,https://www.inaturalist.org/observations/258569311,463951104,https://inaturalist-open-data.s3.amazonaws.com/photos/463951104/original.jpg,cc-by-nc,"(c) Văn Thế Phạm, some rights reserved (CC BY-NC)",van_the_pham,Văn Thế Phạm,2025-01-15,"X. Mường Mùn, H. Tuần Giáo, Điện Biên, VN",needs_id,False,21.7103383333,103.357955,1152,2048,no,cordifolium/inat-258569311-463951104-van_the_pham.jpg,
Aglaonema cordifolium,258569311,https://www.inaturalist.org/observations/258569311,463951112,https://inaturalist-open-data.s3.amazonaws.com/photos/463951112/original.jpg,cc-by-nc,"(c) Văn Thế Phạm, some rights reserved (CC BY-NC)",van_the_pham,Văn Thế Phạm,2025-01-15,"X. Mường Mùn, H. Tuần Giáo, Điện Biên, VN",needs_id,False,21.7103383333,103.357955,1152,2048,no,cordifolium/inat-258569311-463951112-van_the_pham.jpg,
Aglaonema costatum,377496373,https://www.inaturalist.org/observations/377496373,690321477,https://inaturalist-open-data.s3.amazonaws.com/photos/690321477/original.jpg,cc-by-nc,"(c) Manuelys Gómez Velásquez, some rights reserved (CC BY-NC)",manuelys_4toc,Manuelys Gómez Velásquez,2026-07-02,"X2CC+5CR, 6320, Nueva Esparta, Venezuela",needs_id,False,10.9691218,-63.9790391,2048,2048,no,costatum/inat-377496373-690321477-manuelys_4toc.jpg,
Aglaonema costatum,360084949,https://www.inaturalist.org/observations/360084949,657039920,https://inaturalist-open-data.s3.amazonaws.com/photos/657039920/original.jpg,cc-by-nc,"(c) ELEAZAR B. BAGO, some rights reserved (CC BY-NC)",lgucenrodongszkie,ELEAZAR B. BAGO,2026-04-26,"Tagum City, Davao del Norte, Philippines",needs_id,False,7.4591599997,125.7887012,1153,2048,no,costatum/inat-360084949-657039920-lgucenrodongszkie.jpg,
Aglaonema costatum,336931637,https://www.inaturalist.org/observations/336931637,612384656,https://static.inaturalist.org/photos/612384656/original.jpg,all-rights-reserved,"(c) Song Det, all rights reserved",song_det,Song Det,2025-12-18,"5VQ8+C25 Virachey National Park, Veun Sai, Cambodia",needs_id,False,14.2222358288,106.6125542298,1536,2048,no,costatum/inat-336931637-612384656-song_det.jpg,
Aglaonema costatum,336931637,https://www.inaturalist.org/observations/336931637,612384688,https://static.inaturalist.org/photos/612384688/original.jpg,all-rights-reserved,"(c) Song Det, all rights reserved",song_det,Song Det,2025-12-18,"5VQ8+C25 Virachey National Park, Veun Sai, Cambodia",needs_id,False,14.2222358288,106.6125542298,2048,1536,no,costatum/inat-336931637-612384688-song_det.jpg,
Aglaonema costatum,336931637,https://www.inaturalist.org/observations/336931637,612384713,https://static.inaturalist.org/photos/612384713/original.jpg,all-rights-reserved,"(c) Song Det, all rights reserved",song_det,Song Det,2025-12-18,"5VQ8+C25 Virachey National Park, Veun Sai, Cambodia",needs_id,False,14.2222358288,106.6125542298,2048,1536,no,costatum/inat-336931637-612384713-song_det.jpg,
Aglaonema costatum,291407282,https://www.inaturalist.org/observations/291407282,524309826,https://inaturalist-open-data.s3.amazonaws.com/photos/524309826/original.jpg,cc-by-nc,"(c) Erlina Damariyanti, some rights reserved (CC BY-NC)",erlinadamariyanti,Erlina Damariyanti,2025-06-19,"Bogor Botanical Gardens, Bogor, Jawa Barat, ID",needs_id,False,-6.5956633333,106.8032833333,1536,2048,no,costatum/inat-291407282-524309826-erlinadamariyanti.jpg,
Aglaonema costatum,291407282,https://www.inaturalist.org/observations/291407282,524309863,https://inaturalist-open-data.s3.amazonaws.com/photos/524309863/original.jpg,cc-by-nc,"(c) Erlina Damariyanti, some rights reserved (CC BY-NC)",erlinadamariyanti,Erlina Damariyanti,2025-06-19,"Bogor Botanical Gardens, Bogor, Jawa Barat, ID",needs_id,False,-6.5956633333,106.8032833333,1536,2048,no,costatum/inat-291407282-524309863-erlinadamariyanti.jpg,
Aglaonema costatum,193157944,https://www.inaturalist.org/observations/193157944,339268878,https://inaturalist-open-data.s3.amazonaws.com/photos/339268878/original.jpeg,cc-by-nc,"(c) Luis, some rights reserved (CC BY-NC)",lduran_,Luis,2023-12-05,"P36Q+XQG, El Cambio, Ecuador",needs_id,False,-3.287569,-79.9104126,1536,2048,no,costatum/inat-193157944-339268878-lduran_.jpeg,
Aglaonema costatum,193157944,https://www.inaturalist.org/observations/193157944,339268906,https://inaturalist-open-data.s3.amazonaws.com/photos/339268906/original.jpeg,cc-by-nc,"(c) Luis, some rights reserved (CC BY-NC)",lduran_,Luis,2023-12-05,"P36Q+XQG, El Cambio, Ecuador",needs_id,False,-3.287569,-79.9104126,2048,1536,no,costatum/inat-193157944-339268906-lduran_.jpeg,
Aglaonema costatum,37739420,https://www.inaturalist.org/observations/37739420,59889018,https://inaturalist-open-data.s3.amazonaws.com/photos/59889018/original.jpg,cc-by,"(c) Oleg Kosterin, some rights reserved (CC BY)",oleg_kosterin,Oleg Kosterin,2016-08-03,"Cambodia, Mondulkiri Province, a brook downstream (500 m W to NW) Buu Sraa Waterfal",needs_id,False,12.5688212478,107.4151647056,2048,1365,no,costatum/inat-37739420-59889018-oleg_kosterin.jpg,
Aglaonema densinervium,340739808,https://www.inaturalist.org/observations/340739808,620135677,https://static.inaturalist.org/photos/620135677/original.jpg,all-rights-reserved,"(c) Kierr Jasper Sancover, all rights reserved",curiosity,Kierr Jasper Sancover,2025-05-04,"2CPR+7W Panday/Opyong Falls, Toril, Davao City, Davao del Sur, Philippines",needs_id,False,7.037675,125.4433843,1536,2048,no,densinervium/inat-340739808-620135677-curiosity.jpg,
Aglaonema densinervium,340739808,https://www.inaturalist.org/observations/340739808,620135686,https://static.inaturalist.org/photos/620135686/original.jpg,all-rights-reserved,"(c) Kierr Jasper Sancover, all rights reserved",curiosity,Kierr Jasper Sancover,2025-05-04,"2CPR+7W Panday/Opyong Falls, Toril, Davao City, Davao del Sur, Philippines",needs_id,False,7.037675,125.4433843,1536,2048,no,densinervium/inat-340739808-620135686-curiosity.jpg,
Aglaonema densinervium,340739788,https://www.inaturalist.org/observations/340739788,620135644,https://static.inaturalist.org/photos/620135644/original.jpg,all-rights-reserved,"(c) Kierr Jasper Sancover, all rights reserved",curiosity,Kierr Jasper Sancover,2025-05-04,"2CPR+7W Panday/Opyong Falls, Toril, Davao City, Davao del Sur, Philippines",needs_id,False,7.037725,125.4432369722,1536,2048,no,densinervium/inat-340739788-620135644-curiosity.jpg,
Aglaonema densinervium,340739788,https://www.inaturalist.org/observations/340739788,620135665,https://static.inaturalist.org/photos/620135665/original.jpg,all-rights-reserved,"(c) Kierr Jasper Sancover, all rights reserved",curiosity,Kierr Jasper Sancover,2025-05-04,"2CPR+7W Panday/Opyong Falls, Toril, Davao City, Davao del Sur, Philippines",needs_id,False,7.037725,125.4432369722,2048,1536,no,densinervium/inat-340739788-620135665-curiosity.jpg,
Aglaonema densinervium,335309467,https://www.inaturalist.org/observations/335309467,609111349,https://static.inaturalist.org/photos/609111349/original.jpg,all-rights-reserved,"(c) Reenduard P. LOPEZ, all rights reserved",reenduard_lopez,Reenduard P. LOPEZ,2026-01-18,"Misok, Sindangan, Zamboanga del Norte, Philippines",needs_id,False,8.2598976617,123.0227709934,1531,2048,no,densinervium/inat-335309467-609111349-reenduard_lopez.jpg,
Aglaonema densinervium,335309467,https://www.inaturalist.org/observations/335309467,609111383,https://static.inaturalist.org/photos/609111383/original.jpg,all-rights-reserved,"(c) Reenduard P. LOPEZ, all rights reserved",reenduard_lopez,Reenduard P. LOPEZ,2026-01-18,"Misok, Sindangan, Zamboanga del Norte, Philippines",needs_id,False,8.2598976617,123.0227709934,1531,2048,no,densinervium/inat-335309467-609111383-reenduard_lopez.jpg,
Aglaonema densinervium,335309467,https://www.inaturalist.org/observations/335309467,609111413,https://static.inaturalist.org/photos/609111413/original.jpg,all-rights-reserved,"(c) Reenduard P. LOPEZ, all rights reserved",reenduard_lopez,Reenduard P. LOPEZ,2026-01-18,"Misok, Sindangan, Zamboanga del Norte, Philippines",needs_id,False,8.2598976617,123.0227709934,1531,2048,no,densinervium/inat-335309467-609111413-reenduard_lopez.jpg,
Aglaonema densinervium,335309467,https://www.inaturalist.org/observations/335309467,609111446,https://static.inaturalist.org/photos/609111446/original.jpg,all-rights-reserved,"(c) Reenduard P. LOPEZ, all rights reserved",reenduard_lopez,Reenduard P. LOPEZ,2026-01-18,"Misok, Sindangan, Zamboanga del Norte, Philippines",needs_id,False,8.2598976617,123.0227709934,1531,2048,no,densinervium/inat-335309467-609111446-reenduard_lopez.jpg,
Aglaonema densinervium,294504480,https://www.inaturalist.org/observations/294504480,530515303,https://static.inaturalist.org/photos/530515303/original.jpg,all-rights-reserved,"(c) ngek, all rights reserved",xhaen_reigh,ngek,2025-06-30,"Dullan Norte, Oroquieta City, Misamis Occidental, Philippines",needs_id,False,8.4225100701,123.726625219,1536,2048,no,densinervium/inat-294504480-530515303-xhaen_reigh.jpg,
Aglaonema densinervium,272161936,https://www.inaturalist.org/observations/272161936,489630430,https://inaturalist-open-data.s3.amazonaws.com/photos/489630430/original.jpeg,cc-by-nc,"(c) Samuel Brillo, some rights reserved (CC BY-NC)",sambrilliance,Samuel Brillo,2025-04-16,"Mount Makiling, Los Baños, Laguna, Philippines",needs_id,False,14.1363889,121.1944444,1044,753,no,densinervium/inat-272161936-489630430-sambrilliance.jpeg,
Aglaonema densinervium,271130104,https://www.inaturalist.org/observations/271130104,487655784,https://inaturalist-open-data.s3.amazonaws.com/photos/487655784/original.jpeg,cc-by-nc,"(c) Samuel Brillo, some rights reserved (CC BY-NC)",sambrilliance,Samuel Brillo,2025-04-16,"Mount Makiling, Los Baños, Laguna, Philippines",needs_id,False,14.1363889,121.1944444,1086,724,no,densinervium/inat-271130104-487655784-sambrilliance.jpeg,
Aglaonema densinervium,247883788,https://www.inaturalist.org/observations/247883788,442813025,https://inaturalist-open-data.s3.amazonaws.com/photos/442813025/original.jpg,cc-by-nc,"(c) Minjel Mae Zaragosa, some rights reserved (CC BY-NC)",minjel,Minjel Mae Zaragosa,2024-10-18,"Mangangan II, Oriental Mindoro, Philippines",needs_id,False,13.3026762444,121.0465452083,1536,2048,no,densinervium/inat-247883788-442813025-minjel.jpg,
Aglaonema densinervium,218873701,https://www.inaturalist.org/observations/218873701,387355365,https://inaturalist-open-data.s3.amazonaws.com/photos/387355365/original.jpg,cc-by-nc,"(c) hisyamahirah, some rights reserved (CC BY-NC)",hisyamahirah,,2024-05-27,"Felda Teloi Kanan, Kuala Ketil, Kedah, MY",needs_id,False,5.71378606,100.6643992735,1536,2048,no,densinervium/inat-218873701-387355365-hisyamahirah.jpg,
Aglaonema densinervium,138235643,https://www.inaturalist.org/observations/138235643,236182049,https://inaturalist-open-data.s3.amazonaws.com/photos/236182049/original.jpg,cc-by,"(c) Forest Botial-Jarvis, some rights reserved (CC BY)",tiluchi,Forest Botial-Jarvis,2022-09-07,"Sibalom, Sibalom, Antique, Philippines",research,False,10.7819416667,122.1153861111,1280,960,no,densinervium/inat-138235643-236182049-tiluchi.jpg,
Aglaonema densinervium,115864073,https://www.inaturalist.org/observations/115864073,195542305,https://inaturalist-open-data.s3.amazonaws.com/photos/195542305/original.jpg,cc-by-nc,"(c) inaturalistricky2022, some rights reserved (CC BY-NC)",inaturalistricky2022,,2022-04-30,"Madaum, Tagum, Davao del Norte, Philippines",needs_id,False,7.3630758997,125.8054033147,922,2048,no,densinervium/inat-115864073-195542305-inaturalistricky2022.jpg,
Aglaonema densinervium,115852217,https://www.inaturalist.org/observations/115852217,195528761,https://inaturalist-open-data.s3.amazonaws.com/photos/195528761/original.jpg,cc-by-nc,"(c) inaturalistcenon, some rights reserved (CC BY-NC)",inaturalistcenon,,2022-04-29,"Madaum, Tagum, Davao del Norte, Philippines",needs_id,False,7.3716307947,125.8294472191,443,591,no,densinervium/inat-115852217-195528761-inaturalistcenon.jpg,
Aglaonema densinervium,115852183,https://www.inaturalist.org/observations/115852183,195528753,https://inaturalist-open-data.s3.amazonaws.com/photos/195528753/original.jpg,cc-by-nc,"(c) inaturalistcenon, some rights reserved (CC BY-NC)",inaturalistcenon,,2022-04-29,"Madaum, Tagum, Davao del Norte, Philippines",needs_id,False,7.3716307947,125.8294472191,443,591,no,densinervium/inat-115852183-195528753-inaturalistcenon.jpg,
Aglaonema densinervium,115306378,https://www.inaturalist.org/observations/115306378,194636082,https://inaturalist-open-data.s3.amazonaws.com/photos/194636082/original.jpg,cc-by-nc,"(c) balejandro2022, some rights reserved (CC BY-NC)",balejandro2022,,2022-05-02,"Magdum, Davao del Norte, Philippines",needs_id,False,7.4768894,125.8334494,443,591,no,densinervium/inat-115306378-194636082-balejandro2022.jpg,
Aglaonema densinervium,115283780,https://www.inaturalist.org/observations/115283780,194600686,https://static.inaturalist.org/photos/194600686/original.jpeg,all-rights-reserved,"(c) Herson Baldonado, all rights reserved",herson3,Herson Baldonado,2022-05-02,"Liboganon, Davao del Norte, Philippines",needs_id,False,7.34656686,125.7847978547,1157,2048,no,densinervium/inat-115283780-194600686-herson3.jpeg,
Aglaonema densinervium,115279343,https://www.inaturalist.org/observations/115279343,194593847,https://static.inaturalist.org/photos/194593847/original.jpeg,all-rights-reserved,"(c) Ronie Senangote, all rights reserved",lgucenrosenangote,Ronie Senangote,2022-05-02,Madaum,needs_id,False,7.3923992386,125.8170876279,1536,2048,no,densinervium/inat-115279343-194593847-lgucenrosenangote.jpeg,
Aglaonema densinervium,114630360,https://www.inaturalist.org/observations/114630360,193555503,https://static.inaturalist.org/photos/193555503/original.jpeg,all-rights-reserved,"(c) Leewin Inocentes, all rights reserved",leewin1,Leewin Inocentes,2022-05-02,"Liboganon, Davao del Norte, Philippines",needs_id,False,7.3523788,125.7892125,1536,2048,no,densinervium/inat-114630360-193555503-leewin1.jpeg,
Aglaonema densinervium,38903287,https://www.inaturalist.org/observations/38903287,61837624,https://static.inaturalist.org/photos/61837624/original.jpeg,all-rights-reserved,"(c) MILTON MEDINA, all rights reserved",philbeetles,MILTON MEDINA,2020-02-20,"Datu Salumay, Marilog District, Davao City, Davao del Sur, Philippines",needs_id,False,7.4788190389,125.2598302066,1536,2048,no,densinervium/inat-38903287-61837624-philbeetles.jpeg,
Aglaonema marantifolium,396247196,https://www.inaturalist.org/observations/396247196,726659945,https://inaturalist-open-data.s3.amazonaws.com/photos/726659945/original.jpg,cc-by-nc,"(c) Allison Xiong, some rights reserved (CC BY-NC)",glebglub,Allison Xiong,2025-11-30,"Kabupaten Sorong, West Papua, ID",research,False,-0.8327916667,131.8133083333,1536,2048,no,marantifolium/inat-396247196-726659945-glebglub.jpg,
Aglaonema marantifolium,342832772,https://www.inaturalist.org/observations/342832772,624377272,https://inaturalist-open-data.s3.amazonaws.com/photos/624377272/original.jpg,cc-by,"(c) Zara, some rights reserved (CC BY)",zara_n,Zara,2025-11-30,"Siwis, Klaso, Sorong Regency, Southwest Papua, Indonesia",research,False,-0.8346861111,131.8132305556,1537,2048,no,marantifolium/inat-342832772-624377272-zara_n.jpg,
Aglaonema marantifolium,339999360,https://www.inaturalist.org/observations/339999360,618629312,https://inaturalist-open-data.s3.amazonaws.com/photos/618629312/original.jpg,cc-by-nc,"(c) Tom Kirschey, some rights reserved (CC BY-NC)",tom-kirschey,Tom Kirschey,2026-02-24,"Dela, Moraid, Sorong Regency, Southwest Papua, Indonesien",research,False,-0.7151997,131.8426624,1536,2048,no,marantifolium/inat-339999360-618629312-tom-kirschey.jpg,
Aglaonema marantifolium,339999360,https://www.inaturalist.org/observations/339999360,618629428,https://inaturalist-open-data.s3.amazonaws.com/photos/618629428/original.jpg,cc-by-nc,"(c) Tom Kirschey, some rights reserved (CC BY-NC)",tom-kirschey,Tom Kirschey,2026-02-24,"Dela, Moraid, Sorong Regency, Southwest Papua, Indonesien",research,False,-0.7151997,131.8426624,1536,2048,no,marantifolium/inat-339999360-618629428-tom-kirschey.jpg,
Aglaonema marantifolium,339999360,https://www.inaturalist.org/observations/339999360,618629513,https://inaturalist-open-data.s3.amazonaws.com/photos/618629513/original.jpg,cc-by-nc,"(c) Tom Kirschey, some rights reserved (CC BY-NC)",tom-kirschey,Tom Kirschey,2026-02-24,"Dela, Moraid, Sorong Regency, Southwest Papua, Indonesien",research,False,-0.7151997,131.8426624,1536,2048,no,marantifolium/inat-339999360-618629513-tom-kirschey.jpg,
Aglaonema marantifolium,330814018,https://www.inaturalist.org/observations/330814018,599971125,https://inaturalist-open-data.s3.amazonaws.com/photos/599971125/original.jpg,cc-by-nc,"(c) Hakim, some rights reserved (CC BY-NC)",abduelhakim,Hakim,2025-11-20,"Papua Barat, ID",needs_id,True,-0.645107124,131.5089092498,2048,1365,no,marantifolium/inat-330814018-599971125-abduelhakim.jpg,
Aglaonema marantifolium,330814018,https://www.inaturalist.org/observations/330814018,599971126,https://inaturalist-open-data.s3.amazonaws.com/photos/599971126/original.jpg,cc-by-nc,"(c) Hakim, some rights reserved (CC BY-NC)",abduelhakim,Hakim,2025-11-20,"Papua Barat, ID",needs_id,True,-0.645107124,131.5089092498,2048,1365,no,marantifolium/inat-330814018-599971126-abduelhakim.jpg,
Aglaonema marantifolium,330814018,https://www.inaturalist.org/observations/330814018,599971124,https://inaturalist-open-data.s3.amazonaws.com/photos/599971124/original.jpg,cc-by-nc,"(c) Hakim, some rights reserved (CC BY-NC)",abduelhakim,Hakim,2025-11-20,"Papua Barat, ID",needs_id,True,-0.645107124,131.5089092498,2048,1365,no,marantifolium/inat-330814018-599971124-abduelhakim.jpg,
Aglaonema marantifolium,330814018,https://www.inaturalist.org/observations/330814018,599971333,https://inaturalist-open-data.s3.amazonaws.com/photos/599971333/original.jpg,cc-by-nc,"(c) Hakim, some rights reserved (CC BY-NC)",abduelhakim,Hakim,2025-11-20,"Papua Barat, ID",needs_id,True,-0.645107124,131.5089092498,2048,1365,no,marantifolium/inat-330814018-599971333-abduelhakim.jpg,
Aglaonema marantifolium,318363238,https://www.inaturalist.org/observations/318363238,575379097,https://static.inaturalist.org/photos/575379097/original.jpg,all-rights-reserved,"(c) Dwi Suratman, all rights reserved",dwisuratman,Dwi Suratman,2025-09-17,"Mangganek / Arupi, Distrik Amberbaken, Kabupaten Manokwari, Papua Bar., Indonesia",research,False,-0.6418495857,133.1944049522,1536,2048,no,marantifolium/inat-318363238-575379097-dwisuratman.jpg,
Aglaonema marantifolium,311835363,https://www.inaturalist.org/observations/311835363,562955870,https://inaturalist-open-data.s3.amazonaws.com/photos/562955870/original.jpg,cc-by-nc,"(c) Hani Ristiawan, some rights reserved (CC BY-NC)",haniristiawan,Hani Ristiawan,2025-08-15,"Sorong, ID-IB, ID",needs_id,False,-0.7093085992,131.8447634879,2048,1536,no,marantifolium/inat-311835363-562955870-haniristiawan.jpg,
Aglaonema marantifolium,98477962,https://www.inaturalist.org/observations/98477962,163967665,https://inaturalist-open-data.s3.amazonaws.com/photos/163967665/original.jpeg,cc-by-nc,"(c) Hani Ristiawan, some rights reserved (CC BY-NC)",haniristiawan,Hani Ristiawan,2021-10-06,"Patas II, Kec. Gn. Bintang Awai, Kabupaten Barito Selatan, Kalimantan Tengah, Indonesia",research,False,-1.4534611111,115.1975,1157,2048,no,marantifolium/inat-98477962-163967665-haniristiawan.jpeg,
Aglaonema marantifolium,98477962,https://www.inaturalist.org/observations/98477962,163967682,https://inaturalist-open-data.s3.amazonaws.com/photos/163967682/original.jpeg,cc-by-nc,"(c) Hani Ristiawan, some rights reserved (CC BY-NC)",haniristiawan,Hani Ristiawan,2021-10-06,"Patas II, Kec. Gn. Bintang Awai, Kabupaten Barito Selatan, Kalimantan Tengah, Indonesia",research,False,-1.4534611111,115.1975,1157,2048,no,marantifolium/inat-98477962-163967682-haniristiawan.jpeg,
Aglaonema marantifolium,98477962,https://www.inaturalist.org/observations/98477962,163967699,https://inaturalist-open-data.s3.amazonaws.com/photos/163967699/original.jpeg,cc-by-nc,"(c) Hani Ristiawan, some rights reserved (CC BY-NC)",haniristiawan,Hani Ristiawan,2021-10-06,"Patas II, Kec. Gn. Bintang Awai, Kabupaten Barito Selatan, Kalimantan Tengah, Indonesia",research,False,-1.4534611111,115.1975,1157,2048,no,marantifolium/inat-98477962-163967699-haniristiawan.jpeg,
Aglaonema modestum,401482448,https://www.inaturalist.org/observations/401482448,736898803,https://inaturalist-open-data.s3.amazonaws.com/photos/736898803/original.jpg,cc-by-nc,"(c) Lauren Hanchey, some rights reserved (CC BY-NC)",turtlecovefarms-lauren,Lauren Hanchey,2026-09-19,"Clifford Felice Rd, Ragley, LA, US",needs_id,False,30.4679775209,-93.1914653258,1536,2048,no,modestum/inat-401482448-736898803-turtlecovefarms-lauren.jpg,
Aglaonema modestum,397762447,https://www.inaturalist.org/observations/397762447,729518491,https://static.inaturalist.org/photos/729518491/original.jpg,all-rights-reserved,"(c) Thomas.CYH, all rights reserved",tchiu,Thomas.CYH,2026-08-09,,needs_id,True,22.3693181942,114.3030999361,2048,1365,no,modestum/inat-397762447-729518491-tchiu.jpg,
Aglaonema modestum,379637797,https://www.inaturalist.org/observations/379637797,694457087,https://inaturalist-open-data.s3.amazonaws.com/photos/694457087/original.jpg,cc-by-nc,"(c) 李博恒, some rights reserved (CC BY-NC)",liboheng_reborn,李博恒,2026-07-09,云南省西双版纳傣族自治州勐腊县勐仑镇西双版纳西双版纳职业技术学院勐仑新校区,needs_id,False,21.918629,101.262875,1536,2048,no,modestum/inat-379637797-694457087-liboheng_reborn.jpg,
Aglaonema modestum,379635132,https://www.inaturalist.org/observations/379635132,694451769,https://inaturalist-open-data.s3.amazonaws.com/photos/694451769/original.jpg,cc-by-nc,"(c) 李博恒, some rights reserved (CC BY-NC)",liboheng_reborn,李博恒,2026-07-09,云南省西双版纳傣族自治州勐腊县勐仑镇中国科学院西双版纳热带植物园-行政办公楼,needs_id,False,21.922492,101.276218,2048,1536,no,modestum/inat-379635132-694451769-liboheng_reborn.jpg,
Aglaonema modestum,375245051,https://www.inaturalist.org/observations/375245051,685961867,https://inaturalist-open-data.s3.amazonaws.com/photos/685961867/original.jpg,cc-by-nc,"(c) Aay Hariyani, some rights reserved (CC BY-NC)",aay2,Aay Hariyani,2026-06-04,"RT.04/RW.02, Paledang, Kecamatan Bogor Tengah, Kota Bogor, Jawa Barat, Indonesia",needs_id,False,-6.597628929,106.799569577,1536,2048,no,modestum/inat-375245051-685961867-aay2.jpg,
Aglaonema modestum,369274985,https://www.inaturalist.org/observations/369274985,674523351,https://inaturalist-open-data.s3.amazonaws.com/photos/674523351/original.jpg,cc-by-nc,"(c) vardaank, some rights reserved (CC BY-NC)",vardaank,,2026-06-07,,needs_id,True,,,900,1600,no,modestum/inat-369274985-674523351-vardaank.jpg,
Aglaonema modestum,368135126,https://www.inaturalist.org/observations/368135126,672348083,https://static.inaturalist.org/photos/672348083/original.jpg,all-rights-reserved,"(c) Chan Man Ho, all rights reserved",henrymhchan,Chan Man Ho,2018-01-06,香港馬料水,research,False,22.4180182906,114.2062241582,1536,2048,no,modestum/inat-368135126-672348083-henrymhchan.jpg,
Aglaonema modestum,361125406,https://www.inaturalist.org/observations/361125406,659032071,https://inaturalist-open-data.s3.amazonaws.com/photos/659032071/original.jpg,cc0,no rights reserved,agnestrekker,Agnes Trekker,2026-05-13,柏架山,research,False,22.2707720924,114.2321776226,1438,2048,no,modestum/inat-361125406-659032071-agnestrekker.jpg,
Aglaonema modestum,361125406,https://www.inaturalist.org/observations/361125406,659034267,https://inaturalist-open-data.s3.amazonaws.com/photos/659034267/original.jpg,cc0,no rights reserved,agnestrekker,Agnes Trekker,2026-05-13,柏架山,research,False,22.2707720924,114.2321776226,1536,2048,no,modestum/inat-361125406-659034267-agnestrekker.jpg,
Aglaonema modestum,356774681,https://www.inaturalist.org/observations/356774681,650653894,https://inaturalist-open-data.s3.amazonaws.com/photos/650653894/original.jpg,cc-by-nc,"(c) hijo_mcdanas, some rights reserved (CC BY-NC)",hijo_mcdanas,,2026-04-24,"9RF8+PRG Madaum, Tagum, Davao del Norte, Philippines",needs_id,False,7.374307123,125.8170876279,1536,2048,no,modestum/inat-356774681-650653894-hijo_mcdanas.jpg,
Aglaonema modestum,351880527,https://www.inaturalist.org/observations/351880527,642198350,https://inaturalist-open-data.s3.amazonaws.com/photos/642198350/original.jpg,cc-by-nc,"(c) Shin-Ming Ku, some rights reserved (CC BY-NC)",shin-ming_ku,Shin-Ming Ku,2026-03-28,333台灣桃園市龜山區,needs_id,False,25.0020861111,121.3306638889,2048,1536,no,modestum/inat-351880527-642198350-shin-ming_ku.jpg,
Aglaonema modestum,351880527,https://www.inaturalist.org/observations/351880527,642199404,https://inaturalist-open-data.s3.amazonaws.com/photos/642199404/original.jpg,cc-by-nc,"(c) Shin-Ming Ku, some rights reserved (CC BY-NC)",shin-ming_ku,Shin-Ming Ku,2026-03-28,333台灣桃園市龜山區,needs_id,False,25.0020861111,121.3306638889,2048,1536,no,modestum/inat-351880527-642199404-shin-ming_ku.jpg,
Aglaonema modestum,347164227,https://www.inaturalist.org/observations/347164227,632952313,https://inaturalist-open-data.s3.amazonaws.com/photos/632952313/original.jpg,cc-by-nc,"(c) Jan Aira Viado, some rights reserved (CC BY-NC)",aishiteruaii_,Jan Aira Viado,2026-04-04,"3JH9+PXG, San Fernando, Pampanga, Philippines",needs_id,False,15.0792418742,120.6199894845,2048,1536,no,modestum/inat-347164227-632952313-aishiteruaii_.jpg,
Aglaonema modestum,336452580,https://www.inaturalist.org/observations/336452580,611407538,https://inaturalist-open-data.s3.amazonaws.com/photos/611407538/original.jpg,cc0,no rights reserved,agnestrekker,Agnes Trekker,2026-01-28,Bowen Drive,research,False,22.2748020741,114.1662951931,1365,2048,no,modestum/inat-336452580-611407538-agnestrekker.jpg,
Aglaonema modestum,334924982,https://www.inaturalist.org/observations/334924982,608326073,https://inaturalist-open-data.s3.amazonaws.com/photos/608326073/original.jpg,cc-by-nc,"(c) Libertad_Jiangtao, some rights reserved (CC BY-NC)",libertad_jiangtao,Libertad_Jiangtao,2025-12-31,"3J4G+Q9 Kui Buri National Park, Tambon Hat Kham, Amphoe Kui Buri, Chang Wat Prachuap Khiri Khan 77150泰国",needs_id,False,12.0517132,99.6239151,2048,1365,no,modestum/inat-334924982-608326073-libertad_jiangtao.jpg,
Aglaonema modestum,334924982,https://www.inaturalist.org/observations/334924982,608326082,https://inaturalist-open-data.s3.amazonaws.com/photos/608326082/original.jpg,cc-by-nc,"(c) Libertad_Jiangtao, some rights reserved (CC BY-NC)",libertad_jiangtao,Libertad_Jiangtao,2025-12-31,"3J4G+Q9 Kui Buri National Park, Tambon Hat Kham, Amphoe Kui Buri, Chang Wat Prachuap Khiri Khan 77150泰国",needs_id,False,12.0517132,99.6239151,2048,1365,no,modestum/inat-334924982-608326082-libertad_jiangtao.jpg,
Aglaonema modestum,334924982,https://www.inaturalist.org/observations/334924982,608326083,https://inaturalist-open-data.s3.amazonaws.com/photos/608326083/original.jpg,cc-by-nc,"(c) Libertad_Jiangtao, some rights reserved (CC BY-NC)",libertad_jiangtao,Libertad_Jiangtao,2025-12-31,"3J4G+Q9 Kui Buri National Park, Tambon Hat Kham, Amphoe Kui Buri, Chang Wat Prachuap Khiri Khan 77150泰国",needs_id,False,12.0517132,99.6239151,2048,1365,no,modestum/inat-334924982-608326083-libertad_jiangtao.jpg,
Aglaonema modestum,334924982,https://www.inaturalist.org/observations/334924982,608326091,https://inaturalist-open-data.s3.amazonaws.com/photos/608326091/original.jpg,cc-by-nc,"(c) Libertad_Jiangtao, some rights reserved (CC BY-NC)",libertad_jiangtao,Libertad_Jiangtao,2025-12-31,"3J4G+Q9 Kui Buri National Park, Tambon Hat Kham, Amphoe Kui Buri, Chang Wat Prachuap Khiri Khan 77150泰国",needs_id,False,12.0517132,99.6239151,2048,1365,no,modestum/inat-334924982-608326091-libertad_jiangtao.jpg,
Aglaonema modestum,334465157,https://www.inaturalist.org/observations/334465157,607396122,https://inaturalist-open-data.s3.amazonaws.com/photos/607396122/original.jpg,cc-by-nc,"(c) Marco YUEN, some rights reserved (CC BY-NC)",marcolibrary,Marco YUEN,2026-01-12,"Tuen Mun, HK",research,False,22.4010972222,113.9648638889,1542,2048,no,modestum/inat-334465157-607396122-marcolibrary.jpg,
Aglaonema modestum,334080287,https://www.inaturalist.org/observations/334080287,606611017,https://inaturalist-open-data.s3.amazonaws.com/photos/606611017/original.jpg,cc0,no rights reserved,agnestrekker,Agnes Trekker,2026-01-09,Lantau Island,research,False,22.2125237495,113.9554306492,2048,1365,no,modestum/inat-334080287-606611017-agnestrekker.jpg,
Aglaonema modestum,334080287,https://www.inaturalist.org/observations/334080287,606611033,https://inaturalist-open-data.s3.amazonaws.com/photos/606611033/original.jpg,cc0,no rights reserved,agnestrekker,Agnes Trekker,2026-01-09,Lantau Island,research,False,22.2125237495,113.9554306492,2048,1365,no,modestum/inat-334080287-606611033-agnestrekker.jpg,
Aglaonema modestum,333816767,https://www.inaturalist.org/observations/333816767,606073301,https://inaturalist-open-data.s3.amazonaws.com/photos/606073301/original.jpg,cc-by-nc,"(c) cheavy, some rights reserved (CC BY-NC)",cheavy,cheavy,2026-01-02,"Guangxi, CN",needs_id,True,23.0419057688,105.9146069964,2048,1365,no,modestum/inat-333816767-606073301-cheavy.jpg,
Aglaonema modestum,317984344,https://www.inaturalist.org/observations/317984344,574649493,https://inaturalist-open-data.s3.amazonaws.com/photos/574649493/original.jpg,cc-by-nc,"(c) johnchau, some rights reserved (CC BY-NC)",johnchau,,2025-10-01,,research,True,22.2904436346,114.3976950978,2048,1536,no,modestum/inat-317984344-574649493-johnchau.jpg,
Aglaonema modestum,311224918,https://www.inaturalist.org/observations/311224918,561802067,https://inaturalist-open-data.s3.amazonaws.com/photos/561802067/original.jpg,cc-by-nc,"(c) johnchau, some rights reserved (CC BY-NC)",johnchau,,2025-09-03,,research,True,22.3473392265,114.1909051241,1536,2048,no,modestum/inat-311224918-561802067-johnchau.jpg,
Aglaonema modestum,311224918,https://www.inaturalist.org/observations/311224918,561802073,https://inaturalist-open-data.s3.amazonaws.com/photos/561802073/original.jpg,cc-by-nc,"(c) johnchau, some rights reserved (CC BY-NC)",johnchau,,2025-09-03,,research,True,22.3473392265,114.1909051241,1536,2048,no,modestum/inat-311224918-561802073-johnchau.jpg,
Aglaonema modestum,311224918,https://www.inaturalist.org/observations/311224918,561802078,https://inaturalist-open-data.s3.amazonaws.com/photos/561802078/original.jpg,cc-by-nc,"(c) johnchau, some rights reserved (CC BY-NC)",johnchau,,2025-09-03,,research,True,22.3473392265,114.1909051241,1536,2048,no,modestum/inat-311224918-561802078-johnchau.jpg,
Aglaonema modestum,297560481,https://www.inaturalist.org/observations/297560481,535901522,https://inaturalist-open-data.s3.amazonaws.com/photos/535901522/original.jpg,cc-by-nc,"(c) lecanorchis, some rights reserved (CC BY-NC)",lecanorchis,,2025-07-10,Vietnam,needs_id,True,22.0745778727,103.8361913352,1152,2048,no,modestum/inat-297560481-535901522-lecanorchis.jpg,
Aglaonema modestum,297560481,https://www.inaturalist.org/observations/297560481,535901571,https://inaturalist-open-data.s3.amazonaws.com/photos/535901571/original.jpg,cc-by-nc,"(c) lecanorchis, some rights reserved (CC BY-NC)",lecanorchis,,2025-07-10,Vietnam,needs_id,True,22.0745778727,103.8361913352,1152,2048,no,modestum/inat-297560481-535901571-lecanorchis.jpg,
Aglaonema modestum,284210389,https://www.inaturalist.org/observations/284210389,510754336,https://inaturalist-open-data.s3.amazonaws.com/photos/510754336/original.jpg,cc-by-nc,"(c) 一颗行走的白菜, some rights reserved (CC BY-NC)",zoeaa,一颗行走的白菜,2025-05-18,中国广东省广州市天河区天源路1190号华南植物园 邮政编码: 510520,needs_id,False,23.186944,113.364357,1365,2048,no,modestum/inat-284210389-510754336-zoeaa.jpg,
Aglaonema modestum,278714455,https://www.inaturalist.org/observations/278714455,500466808,https://static.inaturalist.org/photos/500466808/original.jpeg,all-rights-reserved,"(c) Thomas.CYH, all rights reserved",tchiu,Thomas.CYH,2025-05-05,,research,True,22.4133864929,114.0821077485,1153,2048,no,modestum/inat-278714455-500466808-tchiu.jpeg,
Aglaonema modestum,276216265,https://www.inaturalist.org/observations/276216265,496075416,https://inaturalist-open-data.s3.amazonaws.com/photos/496075416/original.jpeg,cc-by-nc-nd,"(c) David W K Foster, some rights reserved (CC BY-NC-ND)",dwkfoster,David W K Foster,2025-04-28,"Girardota, Antioquia, Colombia",research,False,6.3710170996,-75.4673013697,2048,1365,no,modestum/inat-276216265-496075416-dwkfoster.jpeg,
Aglaonema modestum,276074174,https://www.inaturalist.org/observations/276074174,495502208,https://static.inaturalist.org/photos/495502208/original.jpg,all-rights-reserved,"(c) Juan David Fernandez, all rights reserved",juandavidfernandez,Juan David Fernandez,2025-04-26,"Aranjuez, Medellín, Aranjuez, Medellín, Antioquia, Colombia",research,False,6.2693320252,-75.5632328144,946,2048,no,modestum/inat-276074174-495502208-juandavidfernandez.jpg,
Aglaonema modestum,270955372,https://www.inaturalist.org/observations/270955372,487345660,https://inaturalist-open-data.s3.amazonaws.com/photos/487345660/original.jpeg,cc-by-nc,"(c) Ivan Kroupsky, some rights reserved (CC BY-NC)",kroupsky,Ivan Kroupsky,2025-04-15,"Hướng Phùng, Hương Hóa, Quảng Trị, Вьетнам",needs_id,False,16.7975978611,106.5876846111,921,2048,no,modestum/inat-270955372-487345660-kroupsky.jpeg,
Aglaonema modestum,270955372,https://www.inaturalist.org/observations/270955372,487345690,https://inaturalist-open-data.s3.amazonaws.com/photos/487345690/original.jpeg,cc-by-nc,"(c) Ivan Kroupsky, some rights reserved (CC BY-NC)",kroupsky,Ivan Kroupsky,2025-04-15,"Hướng Phùng, Hương Hóa, Quảng Trị, Вьетнам",needs_id,False,16.7975978611,106.5876846111,921,2048,no,modestum/inat-270955372-487345690-kroupsky.jpeg,
Aglaonema modestum,268704192,https://www.inaturalist.org/observations/268704192,483030951,https://inaturalist-open-data.s3.amazonaws.com/photos/483030951/original.jpg,cc-by-nc,"(c) Tony Rodd, some rights reserved (CC BY-NC)",tonyrodd,Tony Rodd,2006-01-07,"Khao Kho, Phetchabun, Thailand",needs_id,False,16.6014584296,100.9852994732,2048,1365,no,modestum/inat-268704192-483030951-tonyrodd.jpg,
Aglaonema modestum,263481314,https://www.inaturalist.org/observations/263481314,473344151,https://static.inaturalist.org/photos/473344151/original.jpeg,all-rights-reserved,"(c) Ray Wang, all rights reserved",ray76,Ray Wang,2025-02-09,中國雲南省西雙版納傣族自治州勐臘縣,needs_id,False,21.917675,101.27475,1536,2048,no,modestum/inat-263481314-473344151-ray76.jpeg,
Aglaonema modestum,263478147,https://www.inaturalist.org/observations/263478147,473341067,https://static.inaturalist.org/photos/473341067/original.jpeg,all-rights-reserved,"(c) Ray Wang, all rights reserved",ray76,Ray Wang,2025-02-09,中國雲南省西雙版納傣族自治州勐臘縣,needs_id,False,21.9115361111,101.2821361111,1536,2048,no,modestum/inat-263478147-473341067-ray76.jpeg,
Aglaonema modestum,263476651,https://www.inaturalist.org/observations/263476651,473337393,https://static.inaturalist.org/photos/473337393/original.jpeg,all-rights-reserved,"(c) Ray Wang, all rights reserved",ray76,Ray Wang,2025-02-09,中國雲南省西雙版納傣族自治州勐臘縣,needs_id,False,21.9118611111,101.2824694444,1536,2048,no,modestum/inat-263476651-473337393-ray76.jpeg,
Aglaonema modestum,259407610,https://www.inaturalist.org/observations/259407610,465652633,https://inaturalist-open-data.s3.amazonaws.com/photos/465652633/original.jpg,cc-by-nc,"(c) tkp123, some rights reserved (CC BY-NC)",tkp123,,2025-01-21,,research,True,22.2704145847,114.1738549116,2048,1365,no,modestum/inat-259407610-465652633-tkp123.jpg,
Aglaonema modestum,253596971,https://www.inaturalist.org/observations/253596971,454110420,https://inaturalist-open-data.s3.amazonaws.com/photos/454110420/original.jpeg,cc-by-nc,"(c) yii, some rights reserved (CC BY-NC)",yymnvee,yii,2024-11-30,115台灣台北市南港區南港國宅一,needs_id,False,25.0410077804,121.5921350196,2048,1536,no,modestum/inat-253596971-454110420-yymnvee.jpeg,
Aglaonema modestum,228228878,https://www.inaturalist.org/observations/228228878,404977384,https://inaturalist-open-data.s3.amazonaws.com/photos/404977384/original.jpg,cc-by-nc,"(c) tkp123, some rights reserved (CC BY-NC)",tkp123,,2024-07-08,,research,True,22.2421025447,114.2162391192,2048,1365,no,modestum/inat-228228878-404977384-tkp123.jpg,
Aglaonema modestum,218262743,https://www.inaturalist.org/observations/218262743,386208651,https://inaturalist-open-data.s3.amazonaws.com/photos/386208651/original.jpg,cc-by-nc,"(c) Simba, some rights reserved (CC BY-NC)",simbason,Simba,2024-04-10,中国广西壮族自治区崇左市龙州县,needs_id,False,22.435456,107.027694,1981,2048,no,modestum/inat-218262743-386208651-simbason.jpg,
Aglaonema modestum,218262743,https://www.inaturalist.org/observations/218262743,386208639,https://inaturalist-open-data.s3.amazonaws.com/photos/386208639/original.jpg,cc-by-nc,"(c) Simba, some rights reserved (CC BY-NC)",simbason,Simba,2024-04-10,中国广西壮族自治区崇左市龙州县,needs_id,False,22.435456,107.027694,1871,2048,no,modestum/inat-218262743-386208639-simbason.jpg,
Aglaonema modestum,214345313,https://www.inaturalist.org/observations/214345313,378863628,https://inaturalist-open-data.s3.amazonaws.com/photos/378863628/original.jpeg,cc-by-nc,"(c) siwenxtbg, some rights reserved (CC BY-NC)",siwenxtbg,,2024-05-08,"Tai Po, HK",research,False,22.43103016,114.11960424,1536,2048,no,modestum/inat-214345313-378863628-siwenxtbg.jpeg,
Aglaonema modestum,214345313,https://www.inaturalist.org/observations/214345313,378863640,https://inaturalist-open-data.s3.amazonaws.com/photos/378863640/original.jpeg,cc-by-nc,"(c) siwenxtbg, some rights reserved (CC BY-NC)",siwenxtbg,,2024-05-08,"Tai Po, HK",research,False,22.43103016,114.11960424,1536,2048,no,modestum/inat-214345313-378863640-siwenxtbg.jpeg,
Aglaonema modestum,214345313,https://www.inaturalist.org/observations/214345313,378863655,https://inaturalist-open-data.s3.amazonaws.com/photos/378863655/original.jpeg,cc-by-nc,"(c) siwenxtbg, some rights reserved (CC BY-NC)",siwenxtbg,,2024-05-08,"Tai Po, HK",research,False,22.43103016,114.11960424,1536,2048,no,modestum/inat-214345313-378863655-siwenxtbg.jpeg,
Aglaonema modestum,204663248,https://www.inaturalist.org/observations/204663248,361780550,https://static.inaturalist.org/photos/361780550/original.jpg,all-rights-reserved,"(c) Thanakit Suparat, all rights reserved",thanakitsuparat,Thanakit Suparat,2024-03-30,"Khao Chamao Khao Wong National Park, Khao Chamao, Rayong, TH",needs_id,False,12.914725,101.731895,1536,2048,no,modestum/inat-204663248-361780550-thanakitsuparat.jpg,
Aglaonema modestum,200599306,https://www.inaturalist.org/observations/200599306,353954106,https://inaturalist-open-data.s3.amazonaws.com/photos/353954106/original.jpeg,cc-by-nc,"(c) Denis Makhnovsky, some rights reserved (CC BY-NC)",denis_m,Denis Makhnovsky,2024-02-15,"Phe, Mueang Rayong District, Rayong, Thailand",needs_id,False,12.5685055493,101.4546636959,1152,2048,no,modestum/inat-200599306-353954106-denis_m.jpeg,
Aglaonema modestum,198653616,https://www.inaturalist.org/observations/198653616,350181544,https://static.inaturalist.org/photos/350181544/original.jpg,all-rights-reserved,"(c) Shi Qi, all rights reserved",seventeennature,Shi Qi,2024-02-01,中国广西壮族自治区崇左市龙州县,research,False,22.4921788918,106.9544220021,2048,1365,no,modestum/inat-198653616-350181544-seventeennature.jpg,
Aglaonema modestum,158511004,https://www.inaturalist.org/observations/158511004,273942279,https://static.inaturalist.org/photos/273942279/original.jpeg,all-rights-reserved,"(c) Cynthia Yau, all rights reserved",cynthiayau,Cynthia Yau,2023-05-01,"Tai Po Tsai Village; Clear Water Bay Road, Clear Water Bay, Hong Kong",needs_id,False,22.3369839,114.2591123,1536,2048,no,modestum/inat-158511004-273942279-cynthiayau.jpeg,
Aglaonema modestum,158511004,https://www.inaturalist.org/observations/158511004,273942314,https://static.inaturalist.org/photos/273942314/original.jpeg,all-rights-reserved,"(c) Cynthia Yau, all rights reserved",cynthiayau,Cynthia Yau,2023-05-01,"Tai Po Tsai Village; Clear Water Bay Road, Clear Water Bay, Hong Kong",needs_id,False,22.3369839,114.2591123,1536,2048,no,modestum/inat-158511004-273942314-cynthiayau.jpeg,
Aglaonema modestum,155841435,https://www.inaturalist.org/observations/155841435,269425700,https://static.inaturalist.org/photos/269425700/original.jpeg,all-rights-reserved,"(c) LAURA CAMILA GONZALEZ ZAPATA, all rights reserved",laura_camila13,LAURA CAMILA GONZALEZ ZAPATA,2023-04-20,Lomalinda,needs_id,False,3.3129503378,-73.3661228791,1536,2048,no,modestum/inat-155841435-269425700-laura_camila13.jpeg,
Aglaonema modestum,152122448,https://www.inaturalist.org/observations/152122448,262569534,https://inaturalist-open-data.s3.amazonaws.com/photos/262569534/original.jpeg,cc-by-nc,"(c) Paulo Manzur, some rights reserved (CC BY-NC)",paulo_manzur22,Paulo Manzur,2023-03-23,Gobierno Regional de Loreto,needs_id,False,-3.7691316418,-73.2680589706,1152,2048,no,modestum/inat-152122448-262569534-paulo_manzur22.jpeg,
Aglaonema modestum,152122448,https://www.inaturalist.org/observations/152122448,262569547,https://inaturalist-open-data.s3.amazonaws.com/photos/262569547/original.jpeg,cc-by-nc,"(c) Paulo Manzur, some rights reserved (CC BY-NC)",paulo_manzur22,Paulo Manzur,2023-03-23,Gobierno Regional de Loreto,needs_id,False,-3.7691316418,-73.2680589706,1152,2048,no,modestum/inat-152122448-262569547-paulo_manzur22.jpeg,
Aglaonema modestum,152122448,https://www.inaturalist.org/observations/152122448,262569562,https://inaturalist-open-data.s3.amazonaws.com/photos/262569562/original.jpeg,cc-by-nc,"(c) Paulo Manzur, some rights reserved (CC BY-NC)",paulo_manzur22,Paulo Manzur,2023-03-23,Gobierno Regional de Loreto,needs_id,False,-3.7691316418,-73.2680589706,1152,2048,no,modestum/inat-152122448-262569562-paulo_manzur22.jpeg,
Aglaonema modestum,103528203,https://www.inaturalist.org/observations/103528203,173292337,https://inaturalist-open-data.s3.amazonaws.com/photos/173292337/original.jpeg,cc0,no rights reserved,agnestrekker,Agnes Trekker,2021-12-22,Tsz Wan Shan Ancient Trail 慈觀古道,needs_id,False,22.3528733846,114.2057736562,2048,1365,no,modestum/inat-103528203-173292337-agnestrekker.jpeg,
Aglaonema modestum,103528203,https://www.inaturalist.org/observations/103528203,173292336,https://inaturalist-open-data.s3.amazonaws.com/photos/173292336/original.jpeg,cc0,no rights reserved,agnestrekker,Agnes Trekker,2021-12-22,Tsz Wan Shan Ancient Trail 慈觀古道,needs_id,False,22.3528733846,114.2057736562,2048,1365,no,modestum/inat-103528203-173292336-agnestrekker.jpeg,
Aglaonema modestum,103186863,https://www.inaturalist.org/observations/103186863,172644140,https://inaturalist-open-data.s3.amazonaws.com/photos/172644140/original.jpg,cc-by-nc,"(c) MP Zhou, some rights reserved (CC BY-NC)",zmp,MP Zhou,2021-12-07,"Changsha, Hunan, China",needs_id,False,28.208881,112.915013,1538,2048,no,modestum/inat-103186863-172644140-zmp.jpg,
Aglaonema modestum,103186863,https://www.inaturalist.org/observations/103186863,172644145,https://inaturalist-open-data.s3.amazonaws.com/photos/172644145/original.jpg,cc-by-nc,"(c) MP Zhou, some rights reserved (CC BY-NC)",zmp,MP Zhou,2021-12-07,"Changsha, Hunan, China",needs_id,False,28.208881,112.915013,1538,2048,no,modestum/inat-103186863-172644145-zmp.jpg,
Aglaonema modestum,95114447,https://www.inaturalist.org/observations/95114447,157866039,https://static.inaturalist.org/photos/157866039/original.jpeg,all-rights-reserved,"(c) EVA SUMAN LAKRA 2047608, all rights reserved",eva_suman_lakra,EVA SUMAN LAKRA 2047608,2021-09-17,"Bhavani Nagar, S.G. Palya, Bengaluru, Karnataka 560029, India",needs_id,False,12.9351511,77.6061516,1152,2048,no,modestum/inat-95114447-157866039-eva_suman_lakra.jpeg,
Aglaonema modestum,65350528,https://www.inaturalist.org/observations/65350528,105166409,https://static.inaturalist.org/photos/105166409/original.jpeg,all-rights-reserved,"(c) Nikolai Allamani, all rights reserved",nikolaiallamani,Nikolai Allamani,2020-11-21,"Couva-Tabaquite-Talparo Regional Corporation, Trinidad and Tobago",research,False,10.5231025534,-61.2755604833,967,2048,no,modestum/inat-65350528-105166409-nikolaiallamani.jpeg,
Aglaonema nebulosum,339901743,https://www.inaturalist.org/observations/339901743,618428808,https://inaturalist-open-data.s3.amazonaws.com/photos/618428808/original.jpg,cc-by-nc,"(c) Gavin, some rights reserved (CC BY-NC)",gavin_n,Gavin,2025-09-28,"Aft Wallace Way, Singapore",research,False,1.3426576508,103.8235440105,1936,1936,no,nebulosum/inat-339901743-618428808-gavin_n.jpg,
Aglaonema nebulosum,339901743,https://www.inaturalist.org/observations/339901743,618430755,https://inaturalist-open-data.s3.amazonaws.com/photos/618430755/original.jpg,cc-by-nc,"(c) Gavin, some rights reserved (CC BY-NC)",gavin_n,Gavin,2025-09-28,"Aft Wallace Way, Singapore",research,False,1.3426576508,103.8235440105,2048,2048,no,nebulosum/inat-339901743-618430755-gavin_n.jpg,
Aglaonema nebulosum,339901743,https://www.inaturalist.org/observations/339901743,618430785,https://inaturalist-open-data.s3.amazonaws.com/photos/618430785/original.jpg,cc-by-nc,"(c) Gavin, some rights reserved (CC BY-NC)",gavin_n,Gavin,2025-09-28,"Aft Wallace Way, Singapore",research,False,1.3426576508,103.8235440105,2048,2048,no,nebulosum/inat-339901743-618430785-gavin_n.jpg,
Aglaonema nebulosum,283134802,https://www.inaturalist.org/observations/283134802,508731793,https://inaturalist-open-data.s3.amazonaws.com/photos/508731793/original.jpg,cc-by-nc,"(c) Gavin, some rights reserved (CC BY-NC)",gavin_n,Gavin,2025-05-17,"Bukit Panjang, Singapore",needs_id,False,1.3484911874,103.7773845345,1628,2048,no,nebulosum/inat-283134802-508731793-gavin_n.jpg,
Aglaonema nebulosum,283134802,https://www.inaturalist.org/observations/283134802,508731826,https://inaturalist-open-data.s3.amazonaws.com/photos/508731826/original.jpg,cc-by-nc,"(c) Gavin, some rights reserved (CC BY-NC)",gavin_n,Gavin,2025-05-17,"Bukit Panjang, Singapore",needs_id,False,1.3484911874,103.7773845345,2048,2048,no,nebulosum/inat-283134802-508731826-gavin_n.jpg,
Aglaonema nebulosum,283134802,https://www.inaturalist.org/observations/283134802,508731863,https://inaturalist-open-data.s3.amazonaws.com/photos/508731863/original.jpg,cc-by-nc,"(c) Gavin, some rights reserved (CC BY-NC)",gavin_n,Gavin,2025-05-17,"Bukit Panjang, Singapore",needs_id,False,1.3484911874,103.7773845345,2048,2048,no,nebulosum/inat-283134802-508731863-gavin_n.jpg,
Aglaonema nebulosum,248011344,https://www.inaturalist.org/observations/248011344,443059220,https://inaturalist-open-data.s3.amazonaws.com/photos/443059220/original.jpg,cc-by,"(c) Ong Jyh Seng, some rights reserved (CC BY)",ongzi,Ong Jyh Seng,2024-10-19,"Taman Bukit Serdang, 43300 Seri Kembangan, Selangor, Malaysia",needs_id,False,3.0293972222,101.692775,2048,1536,no,nebulosum/inat-248011344-443059220-ongzi.jpg,
Aglaonema nebulosum,248011344,https://www.inaturalist.org/observations/248011344,443059222,https://inaturalist-open-data.s3.amazonaws.com/photos/443059222/original.jpg,cc-by,"(c) Ong Jyh Seng, some rights reserved (CC BY)",ongzi,Ong Jyh Seng,2024-10-19,"Taman Bukit Serdang, 43300 Seri Kembangan, Selangor, Malaysia",needs_id,False,3.0293972222,101.692775,2048,1536,no,nebulosum/inat-248011344-443059222-ongzi.jpg,
Aglaonema nebulosum,248011344,https://www.inaturalist.org/observations/248011344,443059231,https://inaturalist-open-data.s3.amazonaws.com/photos/443059231/original.jpg,cc-by,"(c) Ong Jyh Seng, some rights reserved (CC BY)",ongzi,Ong Jyh Seng,2024-10-19,"Taman Bukit Serdang, 43300 Seri Kembangan, Selangor, Malaysia",needs_id,False,3.0293972222,101.692775,2048,1536,no,nebulosum/inat-248011344-443059231-ongzi.jpg,
Aglaonema nebulosum,231641690,https://www.inaturalist.org/observations/231641690,411441182,https://inaturalist-open-data.s3.amazonaws.com/photos/411441182/original.jpeg,cc-by-nc,"(c) Merlijn Wagner, some rights reserved (CC BY-NC)",merlijnwagner,Merlijn Wagner,2024-07-22,"Bukit Panjang, Singapore",research,False,1.3483363328,103.7778740376,2048,1152,no,nebulosum/inat-231641690-411441182-merlijnwagner.jpeg,
Aglaonema nebulosum,231641690,https://www.inaturalist.org/observations/231641690,411441221,https://inaturalist-open-data.s3.amazonaws.com/photos/411441221/original.jpeg,cc-by-nc,"(c) Merlijn Wagner, some rights reserved (CC BY-NC)",merlijnwagner,Merlijn Wagner,2024-07-22,"Bukit Panjang, Singapore",research,False,1.3483363328,103.7778740376,2048,1152,no,nebulosum/inat-231641690-411441221-merlijnwagner.jpeg,
Aglaonema nebulosum,205524009,https://www.inaturalist.org/observations/205524009,363415090,https://inaturalist-open-data.s3.amazonaws.com/photos/363415090/original.jpg,cc-by-nc,"(c) Sebastian Hatt, some rights reserved (CC BY-NC)",sebasthatt,Sebastian Hatt,2024-04-04,"Bukit Timah Nature Reserve, SG",needs_id,False,1.3489033333,103.7775116667,2048,1536,no,nebulosum/inat-205524009-363415090-sebasthatt.jpg,
Aglaonema nebulosum,205524009,https://www.inaturalist.org/observations/205524009,363415135,https://inaturalist-open-data.s3.amazonaws.com/photos/363415135/original.jpg,cc-by-nc,"(c) Sebastian Hatt, some rights reserved (CC BY-NC)",sebasthatt,Sebastian Hatt,2024-04-04,"Bukit Timah Nature Reserve, SG",needs_id,False,1.3489033333,103.7775116667,1536,2048,no,nebulosum/inat-205524009-363415135-sebasthatt.jpg,
Aglaonema nebulosum,162840531,https://www.inaturalist.org/observations/162840531,281600049,https://inaturalist-open-data.s3.amazonaws.com/photos/281600049/original.jpeg,cc-by-nc,"(c) Akmal Idham, some rights reserved (CC BY-NC)",akmal_idham,Akmal Idham,2023-05-21,"Bukit Damansara, Kuala Lumpur, Federal Territory of Kuala Lumpur, Malaysia",needs_id,False,3.152132,101.639164,1542,2048,no,nebulosum/inat-162840531-281600049-akmal_idham.jpeg,
Aglaonema nebulosum,152819357,https://www.inaturalist.org/observations/152819357,263859244,https://inaturalist-open-data.s3.amazonaws.com/photos/263859244/original.jpeg,cc-by-nc,"(c) Prayitno Goenarto, some rights reserved (CC BY-NC)",hooareyou,Prayitno Goenarto,2023-03-30,"Teluk Meranti, Pelalawan Regency, Riau, Indonesia",research,False,0.4385788004,102.6154707,1536,2048,no,nebulosum/inat-152819357-263859244-hooareyou.jpeg,
Aglaonema nebulosum,152819357,https://www.inaturalist.org/observations/152819357,263859272,https://inaturalist-open-data.s3.amazonaws.com/photos/263859272/original.jpeg,cc-by-nc,"(c) Prayitno Goenarto, some rights reserved (CC BY-NC)",hooareyou,Prayitno Goenarto,2023-03-30,"Teluk Meranti, Pelalawan Regency, Riau, Indonesia",research,False,0.4385788004,102.6154707,1536,2048,no,nebulosum/inat-152819357-263859272-hooareyou.jpeg,
Aglaonema nebulosum,152819357,https://www.inaturalist.org/observations/152819357,263859301,https://inaturalist-open-data.s3.amazonaws.com/photos/263859301/original.jpeg,cc-by-nc,"(c) Prayitno Goenarto, some rights reserved (CC BY-NC)",hooareyou,Prayitno Goenarto,2023-03-30,"Teluk Meranti, Pelalawan Regency, Riau, Indonesia",research,False,0.4385788004,102.6154707,1536,2048,no,nebulosum/inat-152819357-263859301-hooareyou.jpeg,
Aglaonema nebulosum,152819357,https://www.inaturalist.org/observations/152819357,263859347,https://inaturalist-open-data.s3.amazonaws.com/photos/263859347/original.jpeg,cc-by-nc,"(c) Prayitno Goenarto, some rights reserved (CC BY-NC)",hooareyou,Prayitno Goenarto,2023-03-30,"Teluk Meranti, Pelalawan Regency, Riau, Indonesia",research,False,0.4385788004,102.6154707,1536,2048,no,nebulosum/inat-152819357-263859347-hooareyou.jpeg,
Aglaonema nebulosum,152819357,https://www.inaturalist.org/observations/152819357,263859412,https://inaturalist-open-data.s3.amazonaws.com/photos/263859412/original.jpeg,cc-by-nc,"(c) Prayitno Goenarto, some rights reserved (CC BY-NC)",hooareyou,Prayitno Goenarto,2023-03-30,"Teluk Meranti, Pelalawan Regency, Riau, Indonesia",research,False,0.4385788004,102.6154707,1536,2048,no,nebulosum/inat-152819357-263859412-hooareyou.jpeg,
Aglaonema nebulosum,152819357,https://www.inaturalist.org/observations/152819357,263859435,https://inaturalist-open-data.s3.amazonaws.com/photos/263859435/original.jpeg,cc-by-nc,"(c) Prayitno Goenarto, some rights reserved (CC BY-NC)",hooareyou,Prayitno Goenarto,2023-03-30,"Teluk Meranti, Pelalawan Regency, Riau, Indonesia",research,False,0.4385788004,102.6154707,1536,2048,no,nebulosum/inat-152819357-263859435-hooareyou.jpeg,
Aglaonema nebulosum,133211862,https://www.inaturalist.org/observations/133211862,226869494,https://inaturalist-open-data.s3.amazonaws.com/photos/226869494/original.jpeg,cc-by,"(c) pbsg, some rights reserved (CC BY)",plantbrosg,pbsg,2022-08-31,"Bukit Panjang, Singapore",needs_id,False,1.3564249625,103.779249005,2048,2048,no,nebulosum/inat-133211862-226869494-plantbrosg.jpeg,
Aglaonema nebulosum,133211862,https://www.inaturalist.org/observations/133211862,226869535,https://inaturalist-open-data.s3.amazonaws.com/photos/226869535/original.jpeg,cc-by,"(c) pbsg, some rights reserved (CC BY)",plantbrosg,pbsg,2022-08-31,"Bukit Panjang, Singapore",needs_id,False,1.3564249625,103.779249005,2048,2048,no,nebulosum/inat-133211862-226869535-plantbrosg.jpeg,
Aglaonema nebulosum,133211862,https://www.inaturalist.org/observations/133211862,226869570,https://inaturalist-open-data.s3.amazonaws.com/photos/226869570/original.jpeg,cc-by,"(c) pbsg, some rights reserved (CC BY)",plantbrosg,pbsg,2022-08-31,"Bukit Panjang, Singapore",needs_id,False,1.3564249625,103.779249005,2048,2048,no,nebulosum/inat-133211862-226869570-plantbrosg.jpeg,
Aglaonema nebulosum,133211862,https://www.inaturalist.org/observations/133211862,226869600,https://inaturalist-open-data.s3.amazonaws.com/photos/226869600/original.jpeg,cc-by,"(c) pbsg, some rights reserved (CC BY)",plantbrosg,pbsg,2022-08-31,"Bukit Panjang, Singapore",needs_id,False,1.3564249625,103.779249005,2048,2048,no,nebulosum/inat-133211862-226869600-plantbrosg.jpeg,
Aglaonema nebulosum,91232261,https://www.inaturalist.org/observations/91232261,150875413,https://static.inaturalist.org/photos/150875413/original.jpeg,all-rights-reserved,"(c) ., all rights reserved",user157,.,2021-06-26,MacRitchie Reservoir,research,False,1.3447619355,103.8223504275,720,1080,no,nebulosum/inat-91232261-150875413-user157.jpeg,
Aglaonema nebulosum,70429025,https://www.inaturalist.org/observations/70429025,114494005,https://inaturalist-open-data.s3.amazonaws.com/photos/114494005/original.jpeg,cc-by-sa,"(c) Ong Jyh Seng, some rights reserved (CC BY-SA)",ongzi,Ong Jyh Seng,2021-03-02,"Rizab Melayu Sungai Kuyoh, 43300 Seri Kembangan, Selangor, Malaysia",needs_id,False,3.0166170556,101.6835250833,2048,1536,no,nebulosum/inat-70429025-114494005-ongzi.jpeg,
Aglaonema nebulosum,60717097,https://www.inaturalist.org/observations/60717097,97106939,https://inaturalist-open-data.s3.amazonaws.com/photos/97106939/original.jpeg,cc-by-nc,"(c) John Howes, some rights reserved (CC BY-NC)",johnhowes,John Howes,2020-09-25,"Bukit Persekutuan, Kuala Lumpur, Federal Territory of Kuala Lumpur, Malaysia",research,False,3.1393002092,101.6763599217,2048,1536,no,nebulosum/inat-60717097-97106939-johnhowes.jpeg,
Aglaonema nebulosum,60717097,https://www.inaturalist.org/observations/60717097,97106949,https://inaturalist-open-data.s3.amazonaws.com/photos/97106949/original.jpeg,cc-by-nc,"(c) John Howes, some rights reserved (CC BY-NC)",johnhowes,John Howes,2020-09-25,"Bukit Persekutuan, Kuala Lumpur, Federal Territory of Kuala Lumpur, Malaysia",research,False,3.1393002092,101.6763599217,2048,1536,no,nebulosum/inat-60717097-97106949-johnhowes.jpeg,
Aglaonema nebulosum,60717097,https://www.inaturalist.org/observations/60717097,97106960,https://inaturalist-open-data.s3.amazonaws.com/photos/97106960/original.jpeg,cc-by-nc,"(c) John Howes, some rights reserved (CC BY-NC)",johnhowes,John Howes,2020-09-25,"Bukit Persekutuan, Kuala Lumpur, Federal Territory of Kuala Lumpur, Malaysia",research,False,3.1393002092,101.6763599217,2048,1536,no,nebulosum/inat-60717097-97106960-johnhowes.jpeg,
Aglaonema nebulosum,24300153,https://www.inaturalist.org/observations/24300153,37576029,https://inaturalist-open-data.s3.amazonaws.com/photos/37576029/original.jpeg,cc-by-nc,"(c) tansh91, some rights reserved (CC BY-NC)",tansh91,,2019-04-29,"Kuala Lumpur, Federal Territory of Kuala Lumpur, Malaysia",needs_id,False,3.1513634733,101.7020474304,2048,1374,no,nebulosum/inat-24300153-37576029-tansh91.jpeg,
Aglaonema nitidum,402698740,https://www.inaturalist.org/observations/402698740,739298855,https://inaturalist-open-data.s3.amazonaws.com/photos/739298855/original.jpg,cc-by-nc,"(c) Yopi Kolisen Lim, some rights reserved (CC BY-NC)",youbinkho,Yopi Kolisen Lim,2026-09-23,"Ambangah River, Raya River, Kubu Raya Regency, West Kalimantan, Indonesia",needs_id,False,-0.1327474345,109.4202155247,1536,2048,no,nitidum/inat-402698740-739298855-youbinkho.jpg,
Aglaonema nitidum,402698740,https://www.inaturalist.org/observations/402698740,739298917,https://inaturalist-open-data.s3.amazonaws.com/photos/739298917/original.jpg,cc-by-nc,"(c) Yopi Kolisen Lim, some rights reserved (CC BY-NC)",youbinkho,Yopi Kolisen Lim,2026-09-23,"Ambangah River, Raya River, Kubu Raya Regency, West Kalimantan, Indonesia",needs_id,False,-0.1327474345,109.4202155247,1536,2048,no,nitidum/inat-402698740-739298917-youbinkho.jpg,
Aglaonema nitidum,402698740,https://www.inaturalist.org/observations/402698740,739299526,https://inaturalist-open-data.s3.amazonaws.com/photos/739299526/original.jpg,cc-by-nc,"(c) Yopi Kolisen Lim, some rights reserved (CC BY-NC)",youbinkho,Yopi Kolisen Lim,2026-09-23,"Ambangah River, Raya River, Kubu Raya Regency, West Kalimantan, Indonesia",needs_id,False,-0.1327474345,109.4202155247,1536,2048,no,nitidum/inat-402698740-739299526-youbinkho.jpg,
Aglaonema nitidum,402698740,https://www.inaturalist.org/observations/402698740,739299550,https://inaturalist-open-data.s3.amazonaws.com/photos/739299550/original.jpg,cc-by-nc,"(c) Yopi Kolisen Lim, some rights reserved (CC BY-NC)",youbinkho,Yopi Kolisen Lim,2026-09-23,"Ambangah River, Raya River, Kubu Raya Regency, West Kalimantan, Indonesia",needs_id,False,-0.1327474345,109.4202155247,1536,2048,no,nitidum/inat-402698740-739299550-youbinkho.jpg,
Aglaonema nitidum,402156415,https://www.inaturalist.org/observations/402156415,738233664,https://inaturalist-open-data.s3.amazonaws.com/photos/738233664/original.jpg,cc-by-nc,"(c) Yopi Kolisen Lim, some rights reserved (CC BY-NC)",youbinkho,Yopi Kolisen Lim,2026-09-21,"Ambangah River, Raya River, Kubu Raya Regency, West Kalimantan, Indonesia",needs_id,False,-0.1313275439,109.4189693034,1536,2048,no,nitidum/inat-402156415-738233664-youbinkho.jpg,
Aglaonema nitidum,402156415,https://www.inaturalist.org/observations/402156415,738233711,https://inaturalist-open-data.s3.amazonaws.com/photos/738233711/original.jpg,cc-by-nc,"(c) Yopi Kolisen Lim, some rights reserved (CC BY-NC)",youbinkho,Yopi Kolisen Lim,2026-09-21,"Ambangah River, Raya River, Kubu Raya Regency, West Kalimantan, Indonesia",needs_id,False,-0.1313275439,109.4189693034,2048,1536,no,nitidum/inat-402156415-738233711-youbinkho.jpg,
Aglaonema nitidum,402156415,https://www.inaturalist.org/observations/402156415,738233736,https://inaturalist-open-data.s3.amazonaws.com/photos/738233736/original.jpg,cc-by-nc,"(c) Yopi Kolisen Lim, some rights reserved (CC BY-NC)",youbinkho,Yopi Kolisen Lim,2026-09-21,"Ambangah River, Raya River, Kubu Raya Regency, West Kalimantan, Indonesia",needs_id,False,-0.1313275439,109.4189693034,1536,2048,no,nitidum/inat-402156415-738233736-youbinkho.jpg,
Aglaonema nitidum,402156415,https://www.inaturalist.org/observations/402156415,738233768,https://inaturalist-open-data.s3.amazonaws.com/photos/738233768/original.jpg,cc-by-nc,"(c) Yopi Kolisen Lim, some rights reserved (CC BY-NC)",youbinkho,Yopi Kolisen Lim,2026-09-21,"Ambangah River, Raya River, Kubu Raya Regency, West Kalimantan, Indonesia",needs_id,False,-0.1313275439,109.4189693034,1536,2048,no,nitidum/inat-402156415-738233768-youbinkho.jpg,
Aglaonema nitidum,368230293,https://www.inaturalist.org/observations/368230293,672539321,https://inaturalist-open-data.s3.amazonaws.com/photos/672539321/original.jpg,cc-by-nc,"(c) spottymcfly, some rights reserved (CC BY-NC)",spottymcfly,spottymcfly,2026-06-03,"eco park, MCDC hospital, Digos, Davao del Sur, Philippines",needs_id,False,6.7755194,125.3427745,1013,1307,no,nitidum/inat-368230293-672539321-spottymcfly.jpg,
Aglaonema nitidum,362678851,https://www.inaturalist.org/observations/362678851,661972934,https://inaturalist-open-data.s3.amazonaws.com/photos/661972934/original.jpg,cc-by-nc,"(c) mdoliveira, some rights reserved (CC BY-NC)",mdoliveira,,2026-05-11,"Bukit Panjang, Singapore",needs_id,False,1.3486138889,103.7758194444,1535,2048,no,nitidum/inat-362678851-661972934-mdoliveira.jpg,
Aglaonema nitidum,362678851,https://www.inaturalist.org/observations/362678851,661972975,https://inaturalist-open-data.s3.amazonaws.com/photos/661972975/original.jpg,cc-by-nc,"(c) mdoliveira, some rights reserved (CC BY-NC)",mdoliveira,,2026-05-11,"Bukit Panjang, Singapore",needs_id,False,1.3486138889,103.7758194444,2048,1536,no,nitidum/inat-362678851-661972975-mdoliveira.jpg,
Aglaonema nitidum,362678851,https://www.inaturalist.org/observations/362678851,661973009,https://inaturalist-open-data.s3.amazonaws.com/photos/661973009/original.jpg,cc-by-nc,"(c) mdoliveira, some rights reserved (CC BY-NC)",mdoliveira,,2026-05-11,"Bukit Panjang, Singapore",needs_id,False,1.3486138889,103.7758194444,1542,2048,no,nitidum/inat-362678851-661973009-mdoliveira.jpg,
Aglaonema nitidum,362678851,https://www.inaturalist.org/observations/362678851,661973039,https://inaturalist-open-data.s3.amazonaws.com/photos/661973039/original.jpg,cc-by-nc,"(c) mdoliveira, some rights reserved (CC BY-NC)",mdoliveira,,2026-05-11,"Bukit Panjang, Singapore",needs_id,False,1.3486138889,103.7758194444,2048,1536,no,nitidum/inat-362678851-661973039-mdoliveira.jpg,
Aglaonema nitidum,355304882,https://www.inaturalist.org/observations/355304882,648023197,https://static.inaturalist.org/photos/648023197/original.jpg,all-rights-reserved,"(c) Amanda Meirelles, all rights reserved",joy_meirelles,Amanda Meirelles,2026-04-25,"Parque Natural Municipal Itaim - R. Amaro Alves do Rosário, 2676 - Parelheiros, São Paulo - SP, 04884-000, Brasil",needs_id,False,-23.8123075,-46.7277864,1463,1600,no,nitidum/inat-355304882-648023197-joy_meirelles.jpg,
Aglaonema nitidum,339703073,https://www.inaturalist.org/observations/339703073,618025008,https://inaturalist-open-data.s3.amazonaws.com/photos/618025008/original.jpg,cc-by-nc,"(c) Rishab Puthran, some rights reserved (CC BY-NC)",rishab45747,Rishab Puthran,2026-02-22,"8M2F+5PG, Jockey Quarters, Mysuru, Karnataka 570011, India",needs_id,False,12.3001063289,76.6733914521,945,2048,no,nitidum/inat-339703073-618025008-rishab45747.jpg,
Aglaonema nitidum,339703073,https://www.inaturalist.org/observations/339703073,618025033,https://inaturalist-open-data.s3.amazonaws.com/photos/618025033/original.jpg,cc-by-nc,"(c) Rishab Puthran, some rights reserved (CC BY-NC)",rishab45747,Rishab Puthran,2026-02-22,"8M2F+5PG, Jockey Quarters, Mysuru, Karnataka 570011, India",needs_id,False,12.3001063289,76.6733914521,945,2048,no,nitidum/inat-339703073-618025033-rishab45747.jpg,
Aglaonema nitidum,335432916,https://www.inaturalist.org/observations/335432916,609360174,https://static.inaturalist.org/photos/609360174/original.jpg,all-rights-reserved,"(c) Lena Chow, all rights reserved",lenachow,Lena Chow,2017-01-20,Dairy Farm NP,needs_id,False,1.3618794,103.7753145,750,1000,no,nitidum/inat-335432916-609360174-lenachow.jpg,
Aglaonema nitidum,334826703,https://www.inaturalist.org/observations/334826703,608127801,https://inaturalist-open-data.s3.amazonaws.com/photos/608127801/original.jpg,cc-by-nc,"(c) apd210, some rights reserved (CC BY-NC)",apd210,,2026-01-13,"Lahad Datu District, Sabah, Malaysia",needs_id,False,4.9678165208,117.8014612198,2048,1536,no,nitidum/inat-334826703-608127801-apd210.jpg,
Aglaonema nitidum,334826703,https://www.inaturalist.org/observations/334826703,608127818,https://inaturalist-open-data.s3.amazonaws.com/photos/608127818/original.jpg,cc-by-nc,"(c) apd210, some rights reserved (CC BY-NC)",apd210,,2026-01-13,"Lahad Datu District, Sabah, Malaysia",needs_id,False,4.9678165208,117.8014612198,2048,1536,no,nitidum/inat-334826703-608127818-apd210.jpg,
Aglaonema nitidum,334826703,https://www.inaturalist.org/observations/334826703,608127834,https://inaturalist-open-data.s3.amazonaws.com/photos/608127834/original.jpg,cc-by-nc,"(c) apd210, some rights reserved (CC BY-NC)",apd210,,2026-01-13,"Lahad Datu District, Sabah, Malaysia",needs_id,False,4.9678165208,117.8014612198,2048,1536,no,nitidum/inat-334826703-608127834-apd210.jpg,
Aglaonema nitidum,320170880,https://www.inaturalist.org/observations/320170880,578842053,https://inaturalist-open-data.s3.amazonaws.com/photos/578842053/original.jpg,cc-by-nc,"(c) Gavin, some rights reserved (CC BY-NC)",gavin_n,Gavin,2025-10-04,"Bishan, Singapore",needs_id,False,1.3604220067,103.8235889375,2048,2048,no,nitidum/inat-320170880-578842053-gavin_n.jpg,
Aglaonema nitidum,320170880,https://www.inaturalist.org/observations/320170880,578842105,https://inaturalist-open-data.s3.amazonaws.com/photos/578842105/original.jpg,cc-by-nc,"(c) Gavin, some rights reserved (CC BY-NC)",gavin_n,Gavin,2025-10-04,"Bishan, Singapore",needs_id,False,1.3604220067,103.8235889375,1478,2048,no,nitidum/inat-320170880-578842105-gavin_n.jpg,
Aglaonema nitidum,306461538,https://www.inaturalist.org/observations/306461538,552667133,https://inaturalist-open-data.s3.amazonaws.com/photos/552667133/original.jpg,cc-by-nc,"(c) bernhardlettneraustria, some rights reserved (CC BY-NC)",bernhardlettneraustria,,2025-07-13,"Kabupaten Bengkayang, West-Kalimantan, Indonesien",research,False,0.9046380478,109.4274150715,2048,1365,no,nitidum/inat-306461538-552667133-bernhardlettneraustria.jpg,
Aglaonema nitidum,306461538,https://www.inaturalist.org/observations/306461538,552667206,https://inaturalist-open-data.s3.amazonaws.com/photos/552667206/original.jpg,cc-by-nc,"(c) bernhardlettneraustria, some rights reserved (CC BY-NC)",bernhardlettneraustria,,2025-07-13,"Kabupaten Bengkayang, West-Kalimantan, Indonesien",research,False,0.9046380478,109.4274150715,2048,1365,no,nitidum/inat-306461538-552667206-bernhardlettneraustria.jpg,
Aglaonema nitidum,265737518,https://www.inaturalist.org/observations/265737518,477286236,https://inaturalist-open-data.s3.amazonaws.com/photos/477286236/original.jpeg,cc-by-nc,"(c) 羅元甫, some rights reserved (CC BY-NC)",yueranic,羅元甫,2025-01-19,馬來西亞砂拉越林夢,research,False,4.1756496501,114.8257217397,2048,1536,no,nitidum/inat-265737518-477286236-yueranic.jpeg,
Aglaonema nitidum,265737518,https://www.inaturalist.org/observations/265737518,477286237,https://inaturalist-open-data.s3.amazonaws.com/photos/477286237/original.jpeg,cc-by-nc,"(c) 羅元甫, some rights reserved (CC BY-NC)",yueranic,羅元甫,2025-01-19,馬來西亞砂拉越林夢,research,False,4.1756496501,114.8257217397,2048,1536,no,nitidum/inat-265737518-477286237-yueranic.jpeg,
Aglaonema nitidum,265737518,https://www.inaturalist.org/observations/265737518,477286235,https://inaturalist-open-data.s3.amazonaws.com/photos/477286235/original.jpeg,cc-by-nc,"(c) 羅元甫, some rights reserved (CC BY-NC)",yueranic,羅元甫,2025-01-19,馬來西亞砂拉越林夢,research,False,4.1756496501,114.8257217397,2048,1536,no,nitidum/inat-265737518-477286235-yueranic.jpeg,
Aglaonema nitidum,265737518,https://www.inaturalist.org/observations/265737518,477286314,https://inaturalist-open-data.s3.amazonaws.com/photos/477286314/original.jpeg,cc-by-nc,"(c) 羅元甫, some rights reserved (CC BY-NC)",yueranic,羅元甫,2025-01-19,馬來西亞砂拉越林夢,research,False,4.1756496501,114.8257217397,2048,1536,no,nitidum/inat-265737518-477286314-yueranic.jpeg,
Aglaonema nitidum,264302428,https://www.inaturalist.org/observations/264302428,474745586,https://inaturalist-open-data.s3.amazonaws.com/photos/474745586/original.jpg,cc-by-nc,"(c) Vadim Prokhorov, some rights reserved (CC BY-NC)",vadim_prokhorov,Vadim Prokhorov,2025-02-19,"Мири, Сарауак, Малайзия",needs_id,False,4.0420964007,114.8140713637,1536,2048,no,nitidum/inat-264302428-474745586-vadim_prokhorov.jpg,
Aglaonema nitidum,264302428,https://www.inaturalist.org/observations/264302428,474745577,https://inaturalist-open-data.s3.amazonaws.com/photos/474745577/original.jpg,cc-by-nc,"(c) Vadim Prokhorov, some rights reserved (CC BY-NC)",vadim_prokhorov,Vadim Prokhorov,2025-02-19,"Мири, Сарауак, Малайзия",needs_id,False,4.0420964007,114.8140713637,1536,2048,no,nitidum/inat-264302428-474745577-vadim_prokhorov.jpg,
Aglaonema nitidum,264302428,https://www.inaturalist.org/observations/264302428,474745593,https://inaturalist-open-data.s3.amazonaws.com/photos/474745593/original.jpg,cc-by-nc,"(c) Vadim Prokhorov, some rights reserved (CC BY-NC)",vadim_prokhorov,Vadim Prokhorov,2025-02-19,"Мири, Сарауак, Малайзия",needs_id,False,4.0420964007,114.8140713637,1536,2048,no,nitidum/inat-264302428-474745593-vadim_prokhorov.jpg,
Aglaonema nitidum,263962988,https://www.inaturalist.org/observations/263962988,474296197,https://inaturalist-open-data.s3.amazonaws.com/photos/474296197/original.jpg,cc-by-nc,"(c) Kinmatsu Lin, some rights reserved (CC BY-NC)",kinmatsu,Kinmatsu Lin,2025-02-24,馬來西亞砂拉越美里省,needs_id,False,4.0424633333,114.812435,1600,1200,no,nitidum/inat-263962988-474296197-kinmatsu.jpg,
Aglaonema nitidum,261311697,https://www.inaturalist.org/observations/261311697,469431051,https://inaturalist-open-data.s3.amazonaws.com/photos/469431051/original.jpeg,cc-by-nc,"(c) Casper, some rights reserved (CC BY-NC)",casperliao,Casper,2025-02-09,馬來西亞沙巴蘭腦,needs_id,False,6.0466063975,116.6893142655,2048,1365,no,nitidum/inat-261311697-469431051-casperliao.jpeg,
Aglaonema nitidum,261311697,https://www.inaturalist.org/observations/261311697,469431049,https://inaturalist-open-data.s3.amazonaws.com/photos/469431049/original.jpeg,cc-by-nc,"(c) Casper, some rights reserved (CC BY-NC)",casperliao,Casper,2025-02-09,馬來西亞沙巴蘭腦,needs_id,False,6.0466063975,116.6893142655,2048,1365,no,nitidum/inat-261311697-469431049-casperliao.jpeg,
Aglaonema nitidum,261311697,https://www.inaturalist.org/observations/261311697,469431075,https://inaturalist-open-data.s3.amazonaws.com/photos/469431075/original.jpeg,cc-by-nc,"(c) Casper, some rights reserved (CC BY-NC)",casperliao,Casper,2025-02-09,馬來西亞沙巴蘭腦,needs_id,False,6.0466063975,116.6893142655,2048,1365,no,nitidum/inat-261311697-469431075-casperliao.jpeg,
Aglaonema nitidum,261311697,https://www.inaturalist.org/observations/261311697,469431123,https://inaturalist-open-data.s3.amazonaws.com/photos/469431123/original.jpeg,cc-by-nc,"(c) Casper, some rights reserved (CC BY-NC)",casperliao,Casper,2025-02-09,馬來西亞沙巴蘭腦,needs_id,False,6.0466063975,116.6893142655,2048,1365,no,nitidum/inat-261311697-469431123-casperliao.jpeg,
Aglaonema nitidum,255769537,https://www.inaturalist.org/observations/255769537,458424925,https://inaturalist-open-data.s3.amazonaws.com/photos/458424925/original.jpg,cc-by-nc,"(c) Foo Chuan Wei, some rights reserved (CC BY-NC)",cwfoo,Foo Chuan Wei,2024-12-13,"Bahagian Miri, Sarawak, Malaysia",needs_id,False,4.04058,114.817044,1536,2048,no,nitidum/inat-255769537-458424925-cwfoo.jpg,
Aglaonema nitidum,255769537,https://www.inaturalist.org/observations/255769537,458424950,https://inaturalist-open-data.s3.amazonaws.com/photos/458424950/original.jpg,cc-by-nc,"(c) Foo Chuan Wei, some rights reserved (CC BY-NC)",cwfoo,Foo Chuan Wei,2024-12-13,"Bahagian Miri, Sarawak, Malaysia",needs_id,False,4.04058,114.817044,1536,2048,no,nitidum/inat-255769537-458424950-cwfoo.jpg,
Aglaonema nitidum,255769537,https://www.inaturalist.org/observations/255769537,458424942,https://inaturalist-open-data.s3.amazonaws.com/photos/458424942/original.jpg,cc-by-nc,"(c) Foo Chuan Wei, some rights reserved (CC BY-NC)",cwfoo,Foo Chuan Wei,2024-12-13,"Bahagian Miri, Sarawak, Malaysia",needs_id,False,4.04058,114.817044,2048,1536,no,nitidum/inat-255769537-458424942-cwfoo.jpg,
Aglaonema nitidum,250607332,https://www.inaturalist.org/observations/250607332,448236707,https://inaturalist-open-data.s3.amazonaws.com/photos/448236707/original.jpeg,cc-by-nc-nd,"(c) mario_mairal, some rights reserved (CC BY-NC-ND)",mario_mairal,,2024-08-25,"Ranau, Sabah, Malaysia",needs_id,False,6.049162,116.701831,1365,2048,no,nitidum/inat-250607332-448236707-mario_mairal.jpeg,
Aglaonema nitidum,250607332,https://www.inaturalist.org/observations/250607332,448236681,https://inaturalist-open-data.s3.amazonaws.com/photos/448236681/original.jpeg,cc-by-nc-nd,"(c) mario_mairal, some rights reserved (CC BY-NC-ND)",mario_mairal,,2024-08-25,"Ranau, Sabah, Malaysia",needs_id,False,6.049162,116.701831,2048,1365,no,nitidum/inat-250607332-448236681-mario_mairal.jpeg,
Aglaonema nitidum,250607332,https://www.inaturalist.org/observations/250607332,448236702,https://inaturalist-open-data.s3.amazonaws.com/photos/448236702/original.jpeg,cc-by-nc-nd,"(c) mario_mairal, some rights reserved (CC BY-NC-ND)",mario_mairal,,2024-08-25,"Ranau, Sabah, Malaysia",needs_id,False,6.049162,116.701831,1365,2048,no,nitidum/inat-250607332-448236702-mario_mairal.jpeg,
Aglaonema nitidum,248143045,https://www.inaturalist.org/observations/248143045,443315225,https://static.inaturalist.org/photos/443315225/original.jpeg,all-rights-reserved,"(c) Oliver Ingold, all rights reserved",oli_in_gold,Oliver Ingold,2024-09-18,"Sabah, MY",research,True,6.1286903623,116.7345364324,1365,2048,no,nitidum/inat-248143045-443315225-oli_in_gold.jpeg,
Aglaonema nitidum,248119433,https://www.inaturalist.org/observations/248119433,443266497,https://inaturalist-open-data.s3.amazonaws.com/photos/443266497/original.jpeg,cc-by-nc,"(c) Fortune Pierre, some rights reserved (CC BY-NC)",pierret123,Fortune Pierre,2024-06-17,"Kabupaten de Langkat, Sumatra du Nord, Indonésie",research,False,3.5480646908,98.0438343513,2048,1365,no,nitidum/inat-248119433-443266497-pierret123.jpeg,
Aglaonema nitidum,248119433,https://www.inaturalist.org/observations/248119433,443266463,https://inaturalist-open-data.s3.amazonaws.com/photos/443266463/original.jpeg,cc-by-nc,"(c) Fortune Pierre, some rights reserved (CC BY-NC)",pierret123,Fortune Pierre,2024-06-17,"Kabupaten de Langkat, Sumatra du Nord, Indonésie",research,False,3.5480646908,98.0438343513,1365,2048,no,nitidum/inat-248119433-443266463-pierret123.jpeg,
Aglaonema nitidum,248119433,https://www.inaturalist.org/observations/248119433,443266441,https://inaturalist-open-data.s3.amazonaws.com/photos/443266441/original.jpeg,cc-by-nc,"(c) Fortune Pierre, some rights reserved (CC BY-NC)",pierret123,Fortune Pierre,2024-06-17,"Kabupaten de Langkat, Sumatra du Nord, Indonésie",research,False,3.5480646908,98.0438343513,2048,1365,no,nitidum/inat-248119433-443266441-pierret123.jpeg,
Aglaonema nitidum,248119433,https://www.inaturalist.org/observations/248119433,443266445,https://inaturalist-open-data.s3.amazonaws.com/photos/443266445/original.jpeg,cc-by-nc,"(c) Fortune Pierre, some rights reserved (CC BY-NC)",pierret123,Fortune Pierre,2024-06-17,"Kabupaten de Langkat, Sumatra du Nord, Indonésie",research,False,3.5480646908,98.0438343513,1365,2048,no,nitidum/inat-248119433-443266445-pierret123.jpeg,
Aglaonema nitidum,245932998,https://www.inaturalist.org/observations/245932998,438947560,https://static.inaturalist.org/photos/438947560/original.jpeg,all-rights-reserved,"(c) Lars Mannzen, all rights reserved",larsmannzen,Lars Mannzen,2024-10-06,"Tioman, Tioman Island, Pahang, Malaysia",needs_id,False,2.8153048,104.1616749,2048,1536,no,nitidum/inat-245932998-438947560-larsmannzen.jpeg,
Aglaonema nitidum,245932998,https://www.inaturalist.org/observations/245932998,438947621,https://static.inaturalist.org/photos/438947621/original.jpeg,all-rights-reserved,"(c) Lars Mannzen, all rights reserved",larsmannzen,Lars Mannzen,2024-10-06,"Tioman, Tioman Island, Pahang, Malaysia",needs_id,False,2.8153048,104.1616749,2048,1536,no,nitidum/inat-245932998-438947621-larsmannzen.jpeg,
Aglaonema nitidum,245932998,https://www.inaturalist.org/observations/245932998,438947669,https://static.inaturalist.org/photos/438947669/original.jpeg,all-rights-reserved,"(c) Lars Mannzen, all rights reserved",larsmannzen,Lars Mannzen,2024-10-06,"Tioman, Tioman Island, Pahang, Malaysia",needs_id,False,2.8153048,104.1616749,2048,1535,no,nitidum/inat-245932998-438947669-larsmannzen.jpeg,
Aglaonema nitidum,244667839,https://www.inaturalist.org/observations/244667839,436469442,https://static.inaturalist.org/photos/436469442/original.jpeg,all-rights-reserved,"(c) Oliver Ingold, all rights reserved",oli_in_gold,Oliver Ingold,2024-09-13,"Marudi, MY-SK, MY",needs_id,True,4.0876657871,114.96733894,1365,2048,no,nitidum/inat-244667839-436469442-oli_in_gold.jpeg,
Aglaonema nitidum,240933235,https://www.inaturalist.org/observations/240933235,429329544,https://static.inaturalist.org/photos/429329544/original.jpeg,all-rights-reserved,"(c) Oliver Ingold, all rights reserved",oli_in_gold,Oliver Ingold,2024-09-10,"Sarawak, MY",needs_id,True,1.1615114325,110.5728593191,1365,2048,no,nitidum/inat-240933235-429329544-oli_in_gold.jpeg,
Aglaonema nitidum,240933235,https://www.inaturalist.org/observations/240933235,429326781,https://static.inaturalist.org/photos/429326781/original.jpeg,all-rights-reserved,"(c) Oliver Ingold, all rights reserved",oli_in_gold,Oliver Ingold,2024-09-10,"Sarawak, MY",needs_id,True,1.1615114325,110.5728593191,1536,2048,no,nitidum/inat-240933235-429326781-oli_in_gold.jpeg,
Aglaonema nitidum,239640037,https://www.inaturalist.org/observations/239640037,426831561,https://inaturalist-open-data.s3.amazonaws.com/photos/426831561/original.jpg,cc-by-nc,"(c) Moses J. Michelsohn, some rights reserved (CC BY-NC)",pecosvalleydiamond,Moses J. Michelsohn,2024-06-30,"Sabah, MY",needs_id,True,6.1173614213,116.6030378033,2048,1536,no,nitidum/inat-239640037-426831561-pecosvalleydiamond.jpg,
Aglaonema nitidum,236035803,https://www.inaturalist.org/observations/236035803,419868005,https://inaturalist-open-data.s3.amazonaws.com/photos/419868005/original.jpeg,cc-by-nc,"(c) Wich’yanan (Jay) Limparungpatthanakij, some rights reserved (CC BY-NC)",plains-wanderer,Wich’yanan (Jay) Limparungpatthanakij,2024-08-16,3XF7+2X4 ศูนย์วิจัยและศึกษาธรรมชาติป่าพรุสิรินธร (ป่าพรุโต๊ะแดง) ตำบล ปูโยะ อำเภอ สุไหงโก-ลก นราธิวาส 96120 ประเทศไทย,needs_id,False,6.0724449156,101.9668426511,2048,1536,no,nitidum/inat-236035803-419868005-plains-wanderer.jpeg,
Aglaonema nitidum,233886417,https://www.inaturalist.org/observations/233886417,415713703,https://inaturalist-open-data.s3.amazonaws.com/photos/415713703/original.jpeg,cc-by-nc,"(c) Pizzas fear me, some rights reserved (CC BY-NC)",pizzamurderer,Pizzas fear me,2024-08-05,"1 Cluny Rd, Singapore Botanic Gardens, Singapore 259569",needs_id,False,1.3138397,103.8159136,1536,2048,no,nitidum/inat-233886417-415713703-pizzamurderer.jpeg,
Aglaonema nitidum,233886417,https://www.inaturalist.org/observations/233886417,415713802,https://inaturalist-open-data.s3.amazonaws.com/photos/415713802/original.jpeg,cc-by-nc,"(c) Pizzas fear me, some rights reserved (CC BY-NC)",pizzamurderer,Pizzas fear me,2024-08-05,"1 Cluny Rd, Singapore Botanic Gardens, Singapore 259569",needs_id,False,1.3138397,103.8159136,1536,2048,no,nitidum/inat-233886417-415713802-pizzamurderer.jpeg,
Aglaonema nitidum,233886417,https://www.inaturalist.org/observations/233886417,415713846,https://inaturalist-open-data.s3.amazonaws.com/photos/415713846/original.jpeg,cc-by-nc,"(c) Pizzas fear me, some rights reserved (CC BY-NC)",pizzamurderer,Pizzas fear me,2024-08-05,"1 Cluny Rd, Singapore Botanic Gardens, Singapore 259569",needs_id,False,1.3138397,103.8159136,2048,1536,no,nitidum/inat-233886417-415713846-pizzamurderer.jpeg,
Aglaonema nitidum,233886417,https://www.inaturalist.org/observations/233886417,415713916,https://inaturalist-open-data.s3.amazonaws.com/photos/415713916/original.jpeg,cc-by-nc,"(c) Pizzas fear me, some rights reserved (CC BY-NC)",pizzamurderer,Pizzas fear me,2024-08-05,"1 Cluny Rd, Singapore Botanic Gardens, Singapore 259569",needs_id,False,1.3138397,103.8159136,1536,2048,no,nitidum/inat-233886417-415713916-pizzamurderer.jpeg,
Aglaonema nitidum,233886417,https://www.inaturalist.org/observations/233886417,415713918,https://inaturalist-open-data.s3.amazonaws.com/photos/415713918/original.jpeg,cc-by-nc,"(c) Pizzas fear me, some rights reserved (CC BY-NC)",pizzamurderer,Pizzas fear me,2024-08-05,"1 Cluny Rd, Singapore Botanic Gardens, Singapore 259569",needs_id,False,1.3138397,103.8159136,1536,2048,no,nitidum/inat-233886417-415713918-pizzamurderer.jpeg,
Aglaonema nitidum,233886417,https://www.inaturalist.org/observations/233886417,415713920,https://inaturalist-open-data.s3.amazonaws.com/photos/415713920/original.jpeg,cc-by-nc,"(c) Pizzas fear me, some rights reserved (CC BY-NC)",pizzamurderer,Pizzas fear me,2024-08-05,"1 Cluny Rd, Singapore Botanic Gardens, Singapore 259569",needs_id,False,1.3138397,103.8159136,1536,2048,no,nitidum/inat-233886417-415713920-pizzamurderer.jpeg,
Aglaonema nitidum,233886417,https://www.inaturalist.org/observations/233886417,415714045,https://inaturalist-open-data.s3.amazonaws.com/photos/415714045/original.jpeg,cc-by-nc,"(c) Pizzas fear me, some rights reserved (CC BY-NC)",pizzamurderer,Pizzas fear me,2024-08-05,"1 Cluny Rd, Singapore Botanic Gardens, Singapore 259569",needs_id,False,1.3138397,103.8159136,780,1313,no,nitidum/inat-233886417-415714045-pizzamurderer.jpeg,
Aglaonema nitidum,233886417,https://www.inaturalist.org/observations/233886417,415714079,https://inaturalist-open-data.s3.amazonaws.com/photos/415714079/original.jpeg,cc-by-nc,"(c) Pizzas fear me, some rights reserved (CC BY-NC)",pizzamurderer,Pizzas fear me,2024-08-05,"1 Cluny Rd, Singapore Botanic Gardens, Singapore 259569",needs_id,False,1.3138397,103.8159136,664,1166,no,nitidum/inat-233886417-415714079-pizzamurderer.jpeg,
Aglaonema nitidum,215861071,https://www.inaturalist.org/observations/215861071,381697287,https://inaturalist-open-data.s3.amazonaws.com/photos/381697287/original.jpeg,cc-by-nc,"(c) Jean Mary B. Facunla, some rights reserved (CC BY-NC)",jeanmbfcnl,Jean Mary B. Facunla,2024-05-14,"568V+V2G, Los Baños, Laguna, Philippines",needs_id,False,14.1671104275,121.2426331267,1536,2048,no,nitidum/inat-215861071-381697287-jeanmbfcnl.jpeg,
Aglaonema nitidum,205215201,https://www.inaturalist.org/observations/205215201,362826090,https://static.inaturalist.org/photos/362826090/original.jpeg,all-rights-reserved,"(c) Kovin Sivanasvaran, all rights reserved",kovin1,Kovin Sivanasvaran,2024-04-03,"Peretak, Selangor, Malaysia",needs_id,False,3.6301333333,101.753495,1536,2048,no,nitidum/inat-205215201-362826090-kovin1.jpeg,
Aglaonema nitidum,198035926,https://www.inaturalist.org/observations/198035926,348947959,https://inaturalist-open-data.s3.amazonaws.com/photos/348947959/original.jpeg,cc-by-nc,"(c) blkvulture, some rights reserved (CC BY-NC)",blkvulture,,2024-01-08,"Bukit Panjang, Singapore",research,False,1.3483730556,103.7759680556,2048,1536,no,nitidum/inat-198035926-348947959-blkvulture.jpeg,
Aglaonema nitidum,198035926,https://www.inaturalist.org/observations/198035926,348947969,https://inaturalist-open-data.s3.amazonaws.com/photos/348947969/original.jpeg,cc-by-nc,"(c) blkvulture, some rights reserved (CC BY-NC)",blkvulture,,2024-01-08,"Bukit Panjang, Singapore",research,False,1.3483730556,103.7759680556,2048,1536,no,nitidum/inat-198035926-348947969-blkvulture.jpeg,
Aglaonema nitidum,192703024,https://www.inaturalist.org/observations/192703024,338349267,https://inaturalist-open-data.s3.amazonaws.com/photos/338349267/original.jpeg,cc-by-nc,"(c) Akmal Idham, some rights reserved (CC BY-NC)",akmal_idham,Akmal Idham,2023-12-01,"Bukit Raja, Selangor, Malaysia",needs_id,False,3.1733861111,101.4976916667,1542,2048,no,nitidum/inat-192703024-338349267-akmal_idham.jpeg,
Aglaonema nitidum,192703024,https://www.inaturalist.org/observations/192703024,338349287,https://inaturalist-open-data.s3.amazonaws.com/photos/338349287/original.jpeg,cc-by-nc,"(c) Akmal Idham, some rights reserved (CC BY-NC)",akmal_idham,Akmal Idham,2023-12-01,"Bukit Raja, Selangor, Malaysia",needs_id,False,3.1733861111,101.4976916667,1542,2048,no,nitidum/inat-192703024-338349287-akmal_idham.jpeg,
Aglaonema nitidum,192521641,https://www.inaturalist.org/observations/192521641,337985812,https://inaturalist-open-data.s3.amazonaws.com/photos/337985812/original.jpeg,cc-by-nc,"(c) Akmal Idham, some rights reserved (CC BY-NC)",akmal_idham,Akmal Idham,2023-11-29,"Bukit Raja, Selangor, Malaysia",needs_id,False,3.17345,101.4977888889,1542,2048,no,nitidum/inat-192521641-337985812-akmal_idham.jpeg,
Aglaonema nitidum,192521641,https://www.inaturalist.org/observations/192521641,337985844,https://inaturalist-open-data.s3.amazonaws.com/photos/337985844/original.jpeg,cc-by-nc,"(c) Akmal Idham, some rights reserved (CC BY-NC)",akmal_idham,Akmal Idham,2023-11-29,"Bukit Raja, Selangor, Malaysia",needs_id,False,3.17345,101.4977888889,1542,2048,no,nitidum/inat-192521641-337985844-akmal_idham.jpeg,
Aglaonema nitidum,192521641,https://www.inaturalist.org/observations/192521641,337985856,https://inaturalist-open-data.s3.amazonaws.com/photos/337985856/original.jpeg,cc-by-nc,"(c) Akmal Idham, some rights reserved (CC BY-NC)",akmal_idham,Akmal Idham,2023-11-29,"Bukit Raja, Selangor, Malaysia",needs_id,False,3.17345,101.4977888889,1542,2048,no,nitidum/inat-192521641-337985856-akmal_idham.jpeg,
Aglaonema nitidum,175880365,https://www.inaturalist.org/observations/175880365,305708474,https://inaturalist-open-data.s3.amazonaws.com/photos/305708474/original.jpg,cc-by-nc,"(c) nasriahzakaria, some rights reserved (CC BY-NC)",nasriahzakaria,,2023-03-16,"21020 Kuala Terengganu, Terengganu, Malaysia",needs_id,False,5.419094,103.021722,1536,2048,no,nitidum/inat-175880365-305708474-nasriahzakaria.jpg,
Aglaonema nitidum,173439973,https://www.inaturalist.org/observations/173439973,301193625,https://inaturalist-open-data.s3.amazonaws.com/photos/301193625/original.jpg,cc-by-nc,"(c) missour, some rights reserved (CC BY-NC)",missour,,1996-06-08,"Thung Khai, Yan Ta Khao District, Trang 92140, Thaïlande",needs_id,False,7.462535,99.643036,1425,2048,no,nitidum/inat-173439973-301193625-missour.jpg,
Aglaonema nitidum,173439973,https://www.inaturalist.org/observations/173439973,301193664,https://inaturalist-open-data.s3.amazonaws.com/photos/301193664/original.jpg,cc-by-nc,"(c) missour, some rights reserved (CC BY-NC)",missour,,1996-06-08,"Thung Khai, Yan Ta Khao District, Trang 92140, Thaïlande",needs_id,False,7.462535,99.643036,1437,2048,no,nitidum/inat-173439973-301193664-missour.jpg,
Aglaonema nitidum,171387251,https://www.inaturalist.org/observations/171387251,297395657,https://inaturalist-open-data.s3.amazonaws.com/photos/297395657/original.jpeg,cc-by-nc,"(c) aidilxi, some rights reserved (CC BY-NC)",aidilxi,,2022-12-29,IOI Galleria @ Puchong,needs_id,False,3.018199194,101.6240317002,2048,1536,no,nitidum/inat-171387251-297395657-aidilxi.jpeg,
Aglaonema nitidum,166965708,https://www.inaturalist.org/observations/166965708,289184085,https://static.inaturalist.org/photos/289184085/original.jpg,all-rights-reserved,"(c) Chien Lee, all rights reserved",cclborneo,Chien Lee,2023-04-15,"Bahagian Miri, Sarawak, Malaysia",needs_id,False,4.0643916667,114.831445,1080,720,no,nitidum/inat-166965708-289184085-cclborneo.jpg,
Aglaonema nitidum,166965708,https://www.inaturalist.org/observations/166965708,289184079,https://static.inaturalist.org/photos/289184079/original.jpg,all-rights-reserved,"(c) Chien Lee, all rights reserved",cclborneo,Chien Lee,2023-04-15,"Bahagian Miri, Sarawak, Malaysia",needs_id,False,4.0643916667,114.831445,1080,720,no,nitidum/inat-166965708-289184079-cclborneo.jpg,
Aglaonema nitidum,166278183,https://www.inaturalist.org/observations/166278183,287925196,https://static.inaturalist.org/photos/287925196/original.jpg,all-rights-reserved,"(c) Jonacir Souza, all rights reserved",jonacir,Jonacir Souza,2023-06-08,"Rua Maracanaíba, Sooretama, ES, BR",research,False,-19.1876083333,-40.1050195,1536,2048,no,nitidum/inat-166278183-287925196-jonacir.jpg,
Aglaonema nitidum,166278183,https://www.inaturalist.org/observations/166278183,287925269,https://static.inaturalist.org/photos/287925269/original.jpg,all-rights-reserved,"(c) Jonacir Souza, all rights reserved",jonacir,Jonacir Souza,2023-06-08,"Rua Maracanaíba, Sooretama, ES, BR",research,False,-19.1876083333,-40.1050195,1536,2048,no,nitidum/inat-166278183-287925269-jonacir.jpg,
Aglaonema nitidum,166278183,https://www.inaturalist.org/observations/166278183,287925323,https://static.inaturalist.org/photos/287925323/original.jpg,all-rights-reserved,"(c) Jonacir Souza, all rights reserved",jonacir,Jonacir Souza,2023-06-08,"Rua Maracanaíba, Sooretama, ES, BR",research,False,-19.1876083333,-40.1050195,1536,2048,no,nitidum/inat-166278183-287925323-jonacir.jpg,
Aglaonema nitidum,166278183,https://www.inaturalist.org/observations/166278183,287925388,https://static.inaturalist.org/photos/287925388/original.jpg,all-rights-reserved,"(c) Jonacir Souza, all rights reserved",jonacir,Jonacir Souza,2023-06-08,"Rua Maracanaíba, Sooretama, ES, BR",research,False,-19.1876083333,-40.1050195,1536,2048,no,nitidum/inat-166278183-287925388-jonacir.jpg,
Aglaonema nitidum,160028496,https://www.inaturalist.org/observations/160028496,276519622,https://static.inaturalist.org/photos/276519622/original.jpg,all-rights-reserved,"(c) salawinensis, all rights reserved",dilutedethanoleater,salawinensis,2023-04-24,"เขตรักษาพันธุ์สัตว์ป่าเฉลิมพระเกียรติสมเด็จพระเทพรัตนราชสุดา, อ.สุไหงปาดี, นราธิวาส, TH",needs_id,False,6.13729618,101.9785798049,2048,1154,no,nitidum/inat-160028496-276519622-dilutedethanoleater.jpg,
Aglaonema nitidum,150802000,https://www.inaturalist.org/observations/150802000,260100979,https://inaturalist-open-data.s3.amazonaws.com/photos/260100979/original.jpeg,cc-by-nc-nd,"(c) Tabris Tabarsi, some rights reserved (CC BY-NC-ND)",tabarsi,Tabris Tabarsi,2023-03-08,Mentawai Islands Regency,needs_id,False,-1.4249311911,98.9245341718,2048,2048,no,nitidum/inat-150802000-260100979-tabarsi.jpeg,
Aglaonema nitidum,150802000,https://www.inaturalist.org/observations/150802000,260100994,https://inaturalist-open-data.s3.amazonaws.com/photos/260100994/original.jpeg,cc-by-nc-nd,"(c) Tabris Tabarsi, some rights reserved (CC BY-NC-ND)",tabarsi,Tabris Tabarsi,2023-03-08,Mentawai Islands Regency,needs_id,False,-1.4249311911,98.9245341718,2048,2048,no,nitidum/inat-150802000-260100994-tabarsi.jpeg,
Aglaonema nitidum,150802000,https://www.inaturalist.org/observations/150802000,260101019,https://inaturalist-open-data.s3.amazonaws.com/photos/260101019/original.jpeg,cc-by-nc-nd,"(c) Tabris Tabarsi, some rights reserved (CC BY-NC-ND)",tabarsi,Tabris Tabarsi,2023-03-08,Mentawai Islands Regency,needs_id,False,-1.4249311911,98.9245341718,2048,2048,no,nitidum/inat-150802000-260101019-tabarsi.jpeg,
Aglaonema nitidum,150802000,https://www.inaturalist.org/observations/150802000,260101050,https://inaturalist-open-data.s3.amazonaws.com/photos/260101050/original.jpeg,cc-by-nc-nd,"(c) Tabris Tabarsi, some rights reserved (CC BY-NC-ND)",tabarsi,Tabris Tabarsi,2023-03-08,Mentawai Islands Regency,needs_id,False,-1.4249311911,98.9245341718,2048,2048,no,nitidum/inat-150802000-260101050-tabarsi.jpeg,
Aglaonema nitidum,147876305,https://www.inaturalist.org/observations/147876305,254536653,https://inaturalist-open-data.s3.amazonaws.com/photos/254536653/original.jpeg,cc-by-nc,"(c) Ganjar Cahyadi, some rights reserved (CC BY-NC)",ganjarcahyadi,Ganjar Cahyadi,2015-12-19,"Teluk Meranti, Pelalawan Regency, Riau, Indonesia",needs_id,False,0.4983900314,102.7572014157,2048,1673,no,nitidum/inat-147876305-254536653-ganjarcahyadi.jpeg,
Aglaonema nitidum,147876301,https://www.inaturalist.org/observations/147876301,254536636,https://inaturalist-open-data.s3.amazonaws.com/photos/254536636/original.jpeg,cc-by-nc,"(c) Ganjar Cahyadi, some rights reserved (CC BY-NC)",ganjarcahyadi,Ganjar Cahyadi,2015-12-16,"Teluk Meranti, Pelalawan Regency, Riau, Indonesia",needs_id,False,0.4928970728,102.7778007809,1394,1203,no,nitidum/inat-147876301-254536636-ganjarcahyadi.jpeg,
Aglaonema nitidum,146461642,https://www.inaturalist.org/observations/146461642,251809503,https://static.inaturalist.org/photos/251809503/original.jpeg,all-rights-reserved,"(c) AZAMUDDEEN NASIR, all rights reserved",azamuddeen_nasir,AZAMUDDEEN NASIR,2023-01-12,Malaysia,needs_id,True,3.7106050052,101.1217209955,1536,2048,no,nitidum/inat-146461642-251809503-azamuddeen_nasir.jpeg,
Aglaonema nitidum,146461642,https://www.inaturalist.org/observations/146461642,251809512,https://static.inaturalist.org/photos/251809512/original.jpeg,all-rights-reserved,"(c) AZAMUDDEEN NASIR, all rights reserved",azamuddeen_nasir,AZAMUDDEEN NASIR,2023-01-12,Malaysia,needs_id,True,3.7106050052,101.1217209955,1536,2048,no,nitidum/inat-146461642-251809512-azamuddeen_nasir.jpeg,
Aglaonema nitidum,146461642,https://www.inaturalist.org/observations/146461642,251809495,https://static.inaturalist.org/photos/251809495/original.jpeg,all-rights-reserved,"(c) AZAMUDDEEN NASIR, all rights reserved",azamuddeen_nasir,AZAMUDDEEN NASIR,2023-01-12,Malaysia,needs_id,True,3.7106050052,101.1217209955,1536,2048,no,nitidum/inat-146461642-251809495-azamuddeen_nasir.jpeg,
Aglaonema nitidum,146461642,https://www.inaturalist.org/observations/146461642,251809489,https://static.inaturalist.org/photos/251809489/original.jpeg,all-rights-reserved,"(c) AZAMUDDEEN NASIR, all rights reserved",azamuddeen_nasir,AZAMUDDEEN NASIR,2023-01-12,Malaysia,needs_id,True,3.7106050052,101.1217209955,2048,1536,no,nitidum/inat-146461642-251809489-azamuddeen_nasir.jpeg,
Aglaonema nitidum,145952566,https://www.inaturalist.org/observations/145952566,250817112,https://static.inaturalist.org/photos/250817112/original.jpeg,all-rights-reserved,"(c) AZAMUDDEEN NASIR, all rights reserved",azamuddeen_nasir,AZAMUDDEEN NASIR,2023-01-06,"Selangor, MY",needs_id,True,3.4050850331,101.082006329,1536,2048,no,nitidum/inat-145952566-250817112-azamuddeen_nasir.jpeg,
Aglaonema nitidum,145930337,https://www.inaturalist.org/observations/145930337,250773379,https://inaturalist-open-data.s3.amazonaws.com/photos/250773379/original.jpeg,cc-by,"(c) Samuel Lee, some rights reserved (CC BY)",samuel_lee,Samuel Lee,2023-01-06,"Upper Seletar Reservoir, Mandai Track 7, Mandai Excutive Golf Range, 2nd floor, Singapore 779384",research,False,1.3997341302,103.8093661889,2048,921,no,nitidum/inat-145930337-250773379-samuel_lee.jpeg,
Aglaonema nitidum,145930337,https://www.inaturalist.org/observations/145930337,250773396,https://inaturalist-open-data.s3.amazonaws.com/photos/250773396/original.jpeg,cc-by,"(c) Samuel Lee, some rights reserved (CC BY)",samuel_lee,Samuel Lee,2023-01-06,"Upper Seletar Reservoir, Mandai Track 7, Mandai Excutive Golf Range, 2nd floor, Singapore 779384",research,False,1.3997341302,103.8093661889,921,2048,no,nitidum/inat-145930337-250773396-samuel_lee.jpeg,
Aglaonema nitidum,145930337,https://www.inaturalist.org/observations/145930337,250773408,https://inaturalist-open-data.s3.amazonaws.com/photos/250773408/original.jpeg,cc-by,"(c) Samuel Lee, some rights reserved (CC BY)",samuel_lee,Samuel Lee,2023-01-06,"Upper Seletar Reservoir, Mandai Track 7, Mandai Excutive Golf Range, 2nd floor, Singapore 779384",research,False,1.3997341302,103.8093661889,921,2048,no,nitidum/inat-145930337-250773408-samuel_lee.jpeg,
Aglaonema nitidum,145930337,https://www.inaturalist.org/observations/145930337,250773415,https://inaturalist-open-data.s3.amazonaws.com/photos/250773415/original.jpeg,cc-by,"(c) Samuel Lee, some rights reserved (CC BY)",samuel_lee,Samuel Lee,2023-01-06,"Upper Seletar Reservoir, Mandai Track 7, Mandai Excutive Golf Range, 2nd floor, Singapore 779384",research,False,1.3997341302,103.8093661889,921,2048,no,nitidum/inat-145930337-250773415-samuel_lee.jpeg,
Aglaonema nitidum,145930337,https://www.inaturalist.org/observations/145930337,250773423,https://inaturalist-open-data.s3.amazonaws.com/photos/250773423/original.jpeg,cc-by,"(c) Samuel Lee, some rights reserved (CC BY)",samuel_lee,Samuel Lee,2023-01-06,"Upper Seletar Reservoir, Mandai Track 7, Mandai Excutive Golf Range, 2nd floor, Singapore 779384",research,False,1.3997341302,103.8093661889,921,2048,no,nitidum/inat-145930337-250773423-samuel_lee.jpeg,
Aglaonema nitidum,140480124,https://www.inaturalist.org/observations/140480124,240477127,https://static.inaturalist.org/photos/240477127/original.jpeg,all-rights-reserved,"(c) AZAMUDDEEN NASIR, all rights reserved",azamuddeen_nasir,AZAMUDDEEN NASIR,2022-10-29,Malaysia,needs_id,True,3.7080800126,101.2417753813,1536,2048,no,nitidum/inat-140480124-240477127-azamuddeen_nasir.jpeg,
Aglaonema nitidum,140480124,https://www.inaturalist.org/observations/140480124,240477137,https://static.inaturalist.org/photos/240477137/original.jpeg,all-rights-reserved,"(c) AZAMUDDEEN NASIR, all rights reserved",azamuddeen_nasir,AZAMUDDEEN NASIR,2022-10-29,Malaysia,needs_id,True,3.7080800126,101.2417753813,1536,2048,no,nitidum/inat-140480124-240477137-azamuddeen_nasir.jpeg,
Aglaonema nitidum,140480124,https://www.inaturalist.org/observations/140480124,240477151,https://static.inaturalist.org/photos/240477151/original.jpeg,all-rights-reserved,"(c) AZAMUDDEEN NASIR, all rights reserved",azamuddeen_nasir,AZAMUDDEEN NASIR,2022-10-29,Malaysia,needs_id,True,3.7080800126,101.2417753813,1536,2048,no,nitidum/inat-140480124-240477151-azamuddeen_nasir.jpeg,
Aglaonema nitidum,138474072,https://www.inaturalist.org/observations/138474072,236689305,https://inaturalist-open-data.s3.amazonaws.com/photos/236689305/original.jpeg,cc-by,"(c) pbsg, some rights reserved (CC BY)",plantbrosg,pbsg,2022-10-11,"Central Catchment, North, SG",research,False,1.3703966559,103.8217848167,2048,2048,no,nitidum/inat-138474072-236689305-plantbrosg.jpeg,
Aglaonema nitidum,138474072,https://www.inaturalist.org/observations/138474072,236689320,https://inaturalist-open-data.s3.amazonaws.com/photos/236689320/original.jpeg,cc-by,"(c) pbsg, some rights reserved (CC BY)",plantbrosg,pbsg,2022-10-11,"Central Catchment, North, SG",research,False,1.3703966559,103.8217848167,2048,2048,no,nitidum/inat-138474072-236689320-plantbrosg.jpeg,
Aglaonema nitidum,138474072,https://www.inaturalist.org/observations/138474072,236689328,https://inaturalist-open-data.s3.amazonaws.com/photos/236689328/original.jpeg,cc-by,"(c) pbsg, some rights reserved (CC BY)",plantbrosg,pbsg,2022-10-11,"Central Catchment, North, SG",research,False,1.3703966559,103.8217848167,2048,2048,no,nitidum/inat-138474072-236689328-plantbrosg.jpeg,
Aglaonema nitidum,138474072,https://www.inaturalist.org/observations/138474072,236689335,https://inaturalist-open-data.s3.amazonaws.com/photos/236689335/original.jpeg,cc-by,"(c) pbsg, some rights reserved (CC BY)",plantbrosg,pbsg,2022-10-11,"Central Catchment, North, SG",research,False,1.3703966559,103.8217848167,2048,2048,no,nitidum/inat-138474072-236689335-plantbrosg.jpeg,
Aglaonema nitidum,106105308,https://www.inaturalist.org/observations/106105308,178181289,https://static.inaturalist.org/photos/178181289/original.jpg,all-rights-reserved,"(c) kamonchanok ysapsorn, all rights reserved",kamonchanok_ysapsorn,kamonchanok ysapsorn,2022-02-03,"Singapore Botanic Gardens, Holland Village, Singapore, SG",research,False,1.3128866667,103.8133916667,1536,2048,no,nitidum/inat-106105308-178181289-kamonchanok_ysapsorn.jpg,
Aglaonema nitidum,39604126,https://www.inaturalist.org/observations/39604126,62848640,https://static.inaturalist.org/photos/62848640/original.jpg,all-rights-reserved,"(c) Ronald Matthew Mendoza, all rights reserved",ronaldmendoza,Ronald Matthew Mendoza,2020-03-06,"Ateneo de Manila University - Loyola Heights Campus, Quezon City, Metro Manila, PH",research,False,14.6411916142,121.0809648335,1536,2048,no,nitidum/inat-39604126-62848640-ronaldmendoza.jpg,
Aglaonema nitidum,21627142,https://www.inaturalist.org/observations/21627142,33481814,https://inaturalist-open-data.s3.amazonaws.com/photos/33481814/original.jpeg,cc-by-nc,"(c) Lin Er Chow, some rights reserved (CC BY-NC)",stephencle97,Lin Er Chow,2019-03-17,"Labrador Villa Rd, Singapore 119187",needs_id,False,1.2659383,103.8033226,2048,1360,no,nitidum/inat-21627142-33481814-stephencle97.jpeg,
Aglaonema philippinense,328198511,https://www.inaturalist.org/observations/328198511,594671370,https://inaturalist-open-data.s3.amazonaws.com/photos/594671370/original.jpg,cc-by-nc,"(c) Kim Alunan, some rights reserved (CC BY-NC)",kimalunan,Kim Alunan,2025-02-05,"Trangka, Maasin, Iloilo, Philippines",needs_id,False,10.9391202461,122.3447608575,1152,2048,no,philippinense/inat-328198511-594671370-kimalunan.jpg,
Aglaonema philippinense,328198511,https://www.inaturalist.org/observations/328198511,594671384,https://inaturalist-open-data.s3.amazonaws.com/photos/594671384/original.jpg,cc-by-nc,"(c) Kim Alunan, some rights reserved (CC BY-NC)",kimalunan,Kim Alunan,2025-02-05,"Trangka, Maasin, Iloilo, Philippines",needs_id,False,10.9391202461,122.3447608575,1152,2048,no,philippinense/inat-328198511-594671384-kimalunan.jpg,
Aglaonema philippinense,293697828,https://www.inaturalist.org/observations/293697828,528583731,https://inaturalist-open-data.s3.amazonaws.com/photos/528583731/original.jpg,cc-by-nc,"(c) Samuel Brillo, some rights reserved (CC BY-NC)",sambrilliance,Samuel Brillo,2025-06-28,"Cuyambay, Tanay, Rizal, Philippines",needs_id,False,14.5669027778,121.3382194444,1152,2048,no,philippinense/inat-293697828-528583731-sambrilliance.jpg,
Aglaonema philippinense,293697672,https://www.inaturalist.org/observations/293697672,528573992,https://inaturalist-open-data.s3.amazonaws.com/photos/528573992/original.jpg,cc-by-nc,"(c) Samuel Brillo, some rights reserved (CC BY-NC)",sambrilliance,Samuel Brillo,2025-06-28,"Cuyambay, Tanay, Rizal, Philippines",needs_id,False,14.5941944444,121.3304138889,1152,2048,no,philippinense/inat-293697672-528573992-sambrilliance.jpg,
Aglaonema philippinense,293697527,https://www.inaturalist.org/observations/293697527,528564154,https://inaturalist-open-data.s3.amazonaws.com/photos/528564154/original.jpg,cc-by-nc,"(c) Samuel Brillo, some rights reserved (CC BY-NC)",sambrilliance,Samuel Brillo,2025-06-28,Philippines,needs_id,True,14.5756866927,121.3860336289,1086,724,no,philippinense/inat-293697527-528564154-sambrilliance.jpg,
Aglaonema philippinense,220180811,https://www.inaturalist.org/observations/220180811,389808607,https://inaturalist-open-data.s3.amazonaws.com/photos/389808607/original.jpg,cc-by,"(c) Chet Burrier, some rights reserved (CC BY)",birdingtexan,Chet Burrier,2024-06-03,"Luzon, Bangui, Ilocos Norte, PH",needs_id,False,18.5086283333,120.699805,1536,2048,no,philippinense/inat-220180811-389808607-birdingtexan.jpg,
Aglaonema philippinense,190649792,https://www.inaturalist.org/observations/190649792,334264834,https://static.inaturalist.org/photos/334264834/original.jpeg,all-rights-reserved,"(c) 陳鴻文, all rights reserved",hongwunchen,陳鴻文,2023-08-27,Philippines,needs_id,True,13.6424799172,123.9528515387,2048,1365,no,philippinense/inat-190649792-334264834-hongwunchen.jpeg,
Aglaonema philippinense,181791480,https://www.inaturalist.org/observations/181791480,316276614,https://inaturalist-open-data.s3.amazonaws.com/photos/316276614/original.jpeg,cc-by,"(c) Forest Botial-Jarvis, some rights reserved (CC BY)",tiluchi,Forest Botial-Jarvis,2023-06-30,"Alegre, Sebaste, Antique, Philippines",research,False,11.5353694444,122.1233222222,1536,2048,no,philippinense/inat-181791480-316276614-tiluchi.jpeg,
Aglaonema philippinense,115277314,https://www.inaturalist.org/observations/115277314,194590684,https://static.inaturalist.org/photos/194590684/original.jpeg,all-rights-reserved,"(c) Ronie Senangote, all rights reserved",lgucenrosenangote,Ronie Senangote,2022-05-02,Madaum,needs_id,False,7.3923992386,125.8170876279,1615,2048,no,philippinense/inat-115277314-194590684-lgucenrosenangote.jpeg,
Aglaonema pictum,322183905,https://www.inaturalist.org/observations/322183905,582791820,https://inaturalist-open-data.s3.amazonaws.com/photos/582791820/original.jpg,cc-by-nc,"(c) Mira Farhana, some rights reserved (CC BY-NC)",miraceae,Mira Farhana,2025-06-21,"Batang Toru, South Tapanuli Regency, North Sumatra, Indonesia",research,False,1.4828718,99.065561,2048,1536,no,pictum/inat-322183905-582791820-miraceae.jpg,
Aglaonema pictum,322183905,https://www.inaturalist.org/observations/322183905,582791835,https://inaturalist-open-data.s3.amazonaws.com/photos/582791835/original.jpg,cc-by-nc,"(c) Mira Farhana, some rights reserved (CC BY-NC)",miraceae,Mira Farhana,2025-06-21,"Batang Toru, South Tapanuli Regency, North Sumatra, Indonesia",research,False,1.4828718,99.065561,2048,1536,no,pictum/inat-322183905-582791835-miraceae.jpg,
Aglaonema pictum,108379996,https://www.inaturalist.org/observations/108379996,182464113,https://inaturalist-open-data.s3.amazonaws.com/photos/182464113/original.jpeg,cc-by-nc,"(c) Bettina Grallert, some rights reserved (CC BY-NC)",rafflesia,Bettina Grallert,2015-03-01,"Ketambe, Aceh Tenggara Regency, Aceh, Indonesien",research,False,3.6895489,97.7199454,2048,1536,no,pictum/inat-108379996-182464113-rafflesia.jpeg,
Aglaonema pictum,59300669,https://www.inaturalist.org/observations/59300669,94743453,https://static.inaturalist.org/photos/94743453/original.jpeg,all-rights-reserved,"(c) Shahril Efzueni Rozali, all rights reserved",shahril_efzueni,Shahril Efzueni Rozali,2020-09-12,"Kota Damansara, Petaling Jaya, Selangor, Malaysia",needs_id,False,3.1706890561,101.5849663317,1536,2048,no,pictum/inat-59300669-94743453-shahril_efzueni.jpeg,
Aglaonema pictum,59300669,https://www.inaturalist.org/observations/59300669,95390778,https://static.inaturalist.org/photos/95390778/original.jpeg,all-rights-reserved,"(c) Shahril Efzueni Rozali, all rights reserved",shahril_efzueni,Shahril Efzueni Rozali,2020-09-12,"Kota Damansara, Petaling Jaya, Selangor, Malaysia",needs_id,False,3.1706890561,101.5849663317,1536,2048,no,pictum/inat-59300669-95390778-shahril_efzueni.jpeg,
Aglaonema pictum,59300669,https://www.inaturalist.org/observations/59300669,95390812,https://static.inaturalist.org/photos/95390812/original.jpeg,all-rights-reserved,"(c) Shahril Efzueni Rozali, all rights reserved",shahril_efzueni,Shahril Efzueni Rozali,2020-09-12,"Kota Damansara, Petaling Jaya, Selangor, Malaysia",needs_id,False,3.1706890561,101.5849663317,1536,2048,no,pictum/inat-59300669-95390812-shahril_efzueni.jpeg,
Aglaonema pictum,57623872,https://www.inaturalist.org/observations/57623872,91933942,https://inaturalist-open-data.s3.amazonaws.com/photos/91933942/original.jpeg,cc-by-nc,"(c) Irfan Nurarifin, some rights reserved (CC BY-NC)",irfanarifin,Irfan Nurarifin,2020-08-22,"Kaur, Bengkulu, Indonesia",research,False,-4.6135683333,103.3593766667,2048,1536,no,pictum/inat-57623872-91933942-irfanarifin.jpeg,
Aglaonema pictum,29391298,https://www.inaturalist.org/observations/29391298,45868063,https://static.inaturalist.org/photos/45868063/original.jpeg,all-rights-reserved,"(c) boy tompul, all rights reserved",boytompul,boy tompul,2019-06-27,"Pagaran Lambung I, Adian Koting, Kabupaten Tapanuli Utara, Sumatera Utara, Indonesia",research,False,1.83779,98.8795133333,1536,2048,no,pictum/inat-29391298-45868063-boytompul.jpeg,
Aglaonema pumilum,236675238,https://www.inaturalist.org/observations/236675238,421094065,https://inaturalist-open-data.s3.amazonaws.com/photos/421094065/original.jpeg,cc-by-nc,"(c) pavelkornev, some rights reserved (CC BY-NC)",pavelkornev,,2024-08-19,"Hua Khuan, Phuket 83120, Thailand",needs_id,False,7.9621915997,98.3091565997,2048,1536,no,pumilum/inat-236675238-421094065-pavelkornev.jpeg,
Aglaonema pumilum,236675238,https://www.inaturalist.org/observations/236675238,421094079,https://inaturalist-open-data.s3.amazonaws.com/photos/421094079/original.jpeg,cc-by-nc,"(c) pavelkornev, some rights reserved (CC BY-NC)",pavelkornev,,2024-08-19,"Hua Khuan, Phuket 83120, Thailand",needs_id,False,7.9621915997,98.3091565997,1536,2048,no,pumilum/inat-236675238-421094079-pavelkornev.jpeg,
Aglaonema robeleynii,374435382,https://www.inaturalist.org/observations/374435382,684395726,https://inaturalist-open-data.s3.amazonaws.com/photos/684395726/original.jpg,cc-by-nc,"(c) Antonio Fernando, some rights reserved (CC BY-NC)",antoniofernando,Antonio Fernando,2026-06-19,"São Cristóvão, SE, BR",needs_id,False,-10.925198101,-37.1031564194,1536,2048,no,robeleynii/inat-374435382-684395726-antoniofernando.jpg,
Aglaonema robeleynii,340264525,https://www.inaturalist.org/observations/340264525,619177584,https://inaturalist-open-data.s3.amazonaws.com/photos/619177584/original.jpg,cc-by-nc,"(c) Rishab Puthran, some rights reserved (CC BY-NC)",rishab45747,Rishab Puthran,2026-02-26,"Jockey Quarters, Mysuru, Karnataka, India",needs_id,False,12.2993965,76.6732343,945,2048,no,robeleynii/inat-340264525-619177584-rishab45747.jpg,
Aglaonema robeleynii,340264525,https://www.inaturalist.org/observations/340264525,619177597,https://inaturalist-open-data.s3.amazonaws.com/photos/619177597/original.jpg,cc-by-nc,"(c) Rishab Puthran, some rights reserved (CC BY-NC)",rishab45747,Rishab Puthran,2026-02-26,"Jockey Quarters, Mysuru, Karnataka, India",needs_id,False,12.2993965,76.6732343,945,2048,no,robeleynii/inat-340264525-619177597-rishab45747.jpg,
Aglaonema robeleynii,189607103,https://www.inaturalist.org/observations/189607103,332200664,https://inaturalist-open-data.s3.amazonaws.com/photos/332200664/original.jpg,cc-by-nc,"(c) Roqui Bello, some rights reserved (CC BY-NC)",roquibello,Roqui Bello,2023-10-31,"Puerto Rico, Luquillo, Puerto Rico, US",research,False,18.3797383333,-65.73188,1536,2048,no,robeleynii/inat-189607103-332200664-roquibello.jpg,
Aglaonema robeleynii,189607103,https://www.inaturalist.org/observations/189607103,332200787,https://inaturalist-open-data.s3.amazonaws.com/photos/332200787/original.jpg,cc-by-nc,"(c) Roqui Bello, some rights reserved (CC BY-NC)",roquibello,Roqui Bello,2023-10-31,"Puerto Rico, Luquillo, Puerto Rico, US",research,False,18.3797383333,-65.73188,1536,2048,no,robeleynii/inat-189607103-332200787-roquibello.jpg,
Aglaonema robeleynii,189607103,https://www.inaturalist.org/observations/189607103,332205858,https://inaturalist-open-data.s3.amazonaws.com/photos/332205858/original.jpg,cc-by-nc,"(c) Roqui Bello, some rights reserved (CC BY-NC)",roquibello,Roqui Bello,2023-10-31,"Puerto Rico, Luquillo, Puerto Rico, US",research,False,18.3797383333,-65.73188,1536,2048,no,robeleynii/inat-189607103-332205858-roquibello.jpg,
Aglaonema robeleynii,189607103,https://www.inaturalist.org/observations/189607103,332205919,https://inaturalist-open-data.s3.amazonaws.com/photos/332205919/original.jpg,cc-by-nc,"(c) Roqui Bello, some rights reserved (CC BY-NC)",roquibello,Roqui Bello,2023-10-31,"Puerto Rico, Luquillo, Puerto Rico, US",research,False,18.3797383333,-65.73188,1536,2048,no,robeleynii/inat-189607103-332205919-roquibello.jpg,
Aglaonema robeleynii,180661040,https://www.inaturalist.org/observations/180661040,314737093,https://static.inaturalist.org/photos/314737093/original.jpeg,all-rights-reserved,"(c) Matheus Soares, all rights reserved",mmmsoares,Matheus Soares,2023-08-28,"Coroado, Manaus - AM, Brasil",research,False,-3.0942257406,-59.9889064953,1536,2048,no,robeleynii/inat-180661040-314737093-mmmsoares.jpeg,
Aglaonema robeleynii,180661040,https://www.inaturalist.org/observations/180661040,314737139,https://static.inaturalist.org/photos/314737139/original.jpeg,all-rights-reserved,"(c) Matheus Soares, all rights reserved",mmmsoares,Matheus Soares,2023-08-28,"Coroado, Manaus - AM, Brasil",research,False,-3.0942257406,-59.9889064953,1536,2048,no,robeleynii/inat-180661040-314737139-mmmsoares.jpeg,
Aglaonema robeleynii,180661040,https://www.inaturalist.org/observations/180661040,314737183,https://static.inaturalist.org/photos/314737183/original.jpeg,all-rights-reserved,"(c) Matheus Soares, all rights reserved",mmmsoares,Matheus Soares,2023-08-28,"Coroado, Manaus - AM, Brasil",research,False,-3.0942257406,-59.9889064953,1536,2048,no,robeleynii/inat-180661040-314737183-mmmsoares.jpeg,
Aglaonema robeleynii,163439341,https://www.inaturalist.org/observations/163439341,282673932,https://inaturalist-open-data.s3.amazonaws.com/photos/282673932/original.jpg,cc-by-nc,"(c) Sean, some rights reserved (CC BY-NC)",phelsumas4life,Sean,2023-05-23,"Manoa, Honolulu, HI, USA",needs_id,False,21.3374087003,-157.7990582928,2048,1368,no,robeleynii/inat-163439341-282673932-phelsumas4life.jpg,
Aglaonema rotundum,268536913,https://www.inaturalist.org/observations/268536913,482710246,https://inaturalist-open-data.s3.amazonaws.com/photos/482710246/original.jpeg,cc-by-nc,"(c) Jed Smith, some rights reserved (CC BY-NC)",jedsmith,Jed Smith,2025-04-01,"Timbang Jaya, Bohorok, Langkat Regency, North Sumatra, Indonesia",research,False,3.5372277778,98.1087972222,1537,2048,no,rotundum/inat-268536913-482710246-jedsmith.jpeg,
Aglaonema rotundum,268536913,https://www.inaturalist.org/observations/268536913,482710278,https://inaturalist-open-data.s3.amazonaws.com/photos/482710278/original.jpeg,cc-by-nc,"(c) Jed Smith, some rights reserved (CC BY-NC)",jedsmith,Jed Smith,2025-04-01,"Timbang Jaya, Bohorok, Langkat Regency, North Sumatra, Indonesia",research,False,3.5372277778,98.1087972222,1537,2048,no,rotundum/inat-268536913-482710278-jedsmith.jpeg,
Aglaonema rotundum,268536913,https://www.inaturalist.org/observations/268536913,482710309,https://inaturalist-open-data.s3.amazonaws.com/photos/482710309/original.jpeg,cc-by-nc,"(c) Jed Smith, some rights reserved (CC BY-NC)",jedsmith,Jed Smith,2025-04-01,"Timbang Jaya, Bohorok, Langkat Regency, North Sumatra, Indonesia",research,False,3.5372277778,98.1087972222,1537,2048,no,rotundum/inat-268536913-482710309-jedsmith.jpeg,
Aglaonema rotundum,268536913,https://www.inaturalist.org/observations/268536913,482710343,https://inaturalist-open-data.s3.amazonaws.com/photos/482710343/original.jpeg,cc-by-nc,"(c) Jed Smith, some rights reserved (CC BY-NC)",jedsmith,Jed Smith,2025-04-01,"Timbang Jaya, Bohorok, Langkat Regency, North Sumatra, Indonesia",research,False,3.5372277778,98.1087972222,1537,2048,no,rotundum/inat-268536913-482710343-jedsmith.jpeg,
Aglaonema rotundum,260576414,https://www.inaturalist.org/observations/260576414,467983417,https://inaturalist-open-data.s3.amazonaws.com/photos/467983417/original.jpg,cc-by-nc,"(c) Silvia, some rights reserved (CC BY-NC)",silviaceppi,Silvia,2025-01-26,"Langkat, Gunung Leuser, ID-SU, ID",research,False,3.6986705786,98.0627955402,2048,1536,no,rotundum/inat-260576414-467983417-silviaceppi.jpg,
Aglaonema rotundum,238162236,https://www.inaturalist.org/observations/238162236,423962036,https://inaturalist-open-data.s3.amazonaws.com/photos/423962036/original.jpeg,cc-by-nc,"(c) ellarbrown, some rights reserved (CC BY-NC)",ellarbrown,,2018-03-14,"Bukit Lawang, Bohorok, Langkat Regency, North Sumatra, Indonesia",research,False,3.5552618,98.1447804,640,427,no,rotundum/inat-238162236-423962036-ellarbrown.jpeg,
Aglaonema rotundum,184076119,https://www.inaturalist.org/observations/184076119,321259149,https://inaturalist-open-data.s3.amazonaws.com/photos/321259149/original.jpeg,cc-by-nc,"(c) guenterpfannkuchen, some rights reserved (CC BY-NC)",guenterpfannkuchen,,2023-09-07,Gunung Leuser National Park,research,False,3.519292,97.463437,1151,2048,no,rotundum/inat-184076119-321259149-guenterpfannkuchen.jpeg,
Aglaonema rotundum,184076119,https://www.inaturalist.org/observations/184076119,321259170,https://inaturalist-open-data.s3.amazonaws.com/photos/321259170/original.jpeg,cc-by-nc,"(c) guenterpfannkuchen, some rights reserved (CC BY-NC)",guenterpfannkuchen,,2023-09-07,Gunung Leuser National Park,research,False,3.519292,97.463437,1151,2048,no,rotundum/inat-184076119-321259170-guenterpfannkuchen.jpeg,
Aglaonema simplex,389609233,https://www.inaturalist.org/observations/389609233,713679086,https://static.inaturalist.org/photos/713679086/original.jpg,all-rights-reserved,"(c) Chien Lee, all rights reserved",cclborneo,Chien Lee,2025-08-02,"Niah, Sarawak, Malaysia",needs_id,False,3.8186888883,113.7714527783,1080,810,no,simplex/inat-389609233-713679086-cclborneo.jpg,
Aglaonema simplex,380976446,https://www.inaturalist.org/observations/380976446,697040168,https://inaturalist-open-data.s3.amazonaws.com/photos/697040168/original.jpg,cc-by-nc,"(c) campbellnotjames, some rights reserved (CC BY-NC)",campbellnotjames,,2026-06-29,"Bahagian Miri, Sarawak, Malaysia",needs_id,False,4.0379482969,114.8205328867,2048,1365,no,simplex/inat-380976446-697040168-campbellnotjames.jpg,
Aglaonema simplex,380976446,https://www.inaturalist.org/observations/380976446,697040174,https://inaturalist-open-data.s3.amazonaws.com/photos/697040174/original.jpg,cc-by-nc,"(c) campbellnotjames, some rights reserved (CC BY-NC)",campbellnotjames,,2026-06-29,"Bahagian Miri, Sarawak, Malaysia",needs_id,False,4.0379482969,114.8205328867,2048,1365,no,simplex/inat-380976446-697040174-campbellnotjames.jpg,
Aglaonema simplex,370540374,https://www.inaturalist.org/observations/370540374,676927496,https://inaturalist-open-data.s3.amazonaws.com/photos/676927496/original.jpg,cc-by-nc,"(c) Malte Sellin, some rights reserved (CC BY-NC)",maltesellin,Malte Sellin,2026-06-11,"Loop Trail, Tojo Una-Una Regency, Central Sulawesi, ID",needs_id,False,-0.2522278687,122.0611704768,1536,2048,no,simplex/inat-370540374-676927496-maltesellin.jpg,
Aglaonema simplex,364548260,https://www.inaturalist.org/observations/364548260,665513239,https://inaturalist-open-data.s3.amazonaws.com/photos/665513239/original.jpg,cc-by-nc,"(c) Chanaphon Sroiprasert, some rights reserved (CC BY-NC)",shokun_hornbill,Chanaphon Sroiprasert,2026-05-24,RRPJ+M5M ตำบล อ่าวน้อย อำเภอเมืองประจวบคีรีขันธ์ ประจวบคีรีขันธ์ 77000 ประเทศไทย,needs_id,False,11.8377016667,99.8312316667,907,2048,no,simplex/inat-364548260-665513239-shokun_hornbill.jpg,
Aglaonema simplex,362673179,https://www.inaturalist.org/observations/362673179,661962695,https://inaturalist-open-data.s3.amazonaws.com/photos/661962695/original.jpg,cc-by-nc,"(c) Keya Patel, some rights reserved (CC BY-NC)",keya69626,Keya Patel,2026-05-17,"Ranau, Sabah, MY",needs_id,False,6.0499911073,116.7020623052,1152,2048,no,simplex/inat-362673179-661962695-keya69626.jpg,
Aglaonema simplex,362605909,https://www.inaturalist.org/observations/362605909,661830577,https://inaturalist-open-data.s3.amazonaws.com/photos/661830577/original.jpg,cc-by-nc,"(c) Nandita Shankar, some rights reserved (CC BY-NC)",nandita39840,Nandita Shankar,2026-05-17,"Ranau, Sabah, MY",needs_id,False,6.0498973171,116.7018379898,1152,2048,no,simplex/inat-362605909-661830577-nandita39840.jpg,
Aglaonema simplex,362605131,https://www.inaturalist.org/observations/362605131,661828908,https://inaturalist-open-data.s3.amazonaws.com/photos/661828908/original.jpg,cc-by-nc,"(c) Sidharth Rao, some rights reserved (CC BY-NC)",sidharth36732,Sidharth Rao,2026-05-17,"Ranau, Sabah, MY",needs_id,False,6.049908386,116.70185619,1152,2048,no,simplex/inat-362605131-661828908-sidharth36732.jpg,
Aglaonema simplex,362034814,https://www.inaturalist.org/observations/362034814,660745540,https://inaturalist-open-data.s3.amazonaws.com/photos/660745540/original.jpg,cc-by-nc,"(c) Leong Min Juin, some rights reserved (CC BY-NC)",mj_88700,Leong Min Juin,2026-05-16,"Denai MTB - Denai AM, Kuala Lumpur, Kuala Lumpur, MY",needs_id,False,3.1889383333,101.7476716667,1536,2048,no,simplex/inat-362034814-660745540-mj_88700.jpg,
Aglaonema simplex,362034814,https://www.inaturalist.org/observations/362034814,660745547,https://inaturalist-open-data.s3.amazonaws.com/photos/660745547/original.jpg,cc-by-nc,"(c) Leong Min Juin, some rights reserved (CC BY-NC)",mj_88700,Leong Min Juin,2026-05-16,"Denai MTB - Denai AM, Kuala Lumpur, Kuala Lumpur, MY",needs_id,False,3.1889383333,101.7476716667,1536,2048,no,simplex/inat-362034814-660745547-mj_88700.jpg,
Aglaonema simplex,362034814,https://www.inaturalist.org/observations/362034814,660745626,https://inaturalist-open-data.s3.amazonaws.com/photos/660745626/original.jpg,cc-by-nc,"(c) Leong Min Juin, some rights reserved (CC BY-NC)",mj_88700,Leong Min Juin,2026-05-16,"Denai MTB - Denai AM, Kuala Lumpur, Kuala Lumpur, MY",needs_id,False,3.1889383333,101.7476716667,1536,2048,no,simplex/inat-362034814-660745626-mj_88700.jpg,
Aglaonema simplex,362034814,https://www.inaturalist.org/observations/362034814,660745550,https://inaturalist-open-data.s3.amazonaws.com/photos/660745550/original.jpg,cc-by-nc,"(c) Leong Min Juin, some rights reserved (CC BY-NC)",mj_88700,Leong Min Juin,2026-05-16,"Denai MTB - Denai AM, Kuala Lumpur, Kuala Lumpur, MY",needs_id,False,3.1889383333,101.7476716667,1536,2048,no,simplex/inat-362034814-660745550-mj_88700.jpg,
Aglaonema simplex,350751937,https://www.inaturalist.org/observations/350751937,640017876,https://inaturalist-open-data.s3.amazonaws.com/photos/640017876/original.jpg,cc-by-nc,"(c) Simon Lomas, some rights reserved (CC BY-NC)",distributary,Simon Lomas,2024-09-24,"Snakes and Ladders, Kuala Lumpur, Kuala Lumpur, MY",needs_id,False,3.1558695,101.63573,1536,2048,no,simplex/inat-350751937-640017876-distributary.jpg,
Aglaonema simplex,350709834,https://www.inaturalist.org/observations/350709834,639935399,https://inaturalist-open-data.s3.amazonaws.com/photos/639935399/original.jpg,cc0,no rights reserved,amzamz,Andreas Manz,2026-04-18,"9VXQ+QR Tawau Hills Park, Taman Semarak, 91000 Tawau, Sabah, Malaysia",needs_id,False,4.4000080997,117.8887069997,923,2048,no,simplex/inat-350709834-639935399-amzamz.jpg,
Aglaonema simplex,350709834,https://www.inaturalist.org/observations/350709834,639935428,https://inaturalist-open-data.s3.amazonaws.com/photos/639935428/original.jpg,cc0,no rights reserved,amzamz,Andreas Manz,2026-04-18,"9VXQ+QR Tawau Hills Park, Taman Semarak, 91000 Tawau, Sabah, Malaysia",needs_id,False,4.4000080997,117.8887069997,923,2048,no,simplex/inat-350709834-639935428-amzamz.jpg,
Aglaonema simplex,347759878,https://www.inaturalist.org/observations/347759878,634132483,https://static.inaturalist.org/photos/634132483/original.jpg,all-rights-reserved,"(c) Panus Danpitakkul, all rights reserved",panus,Panus Danpitakkul,2025-12-18,"Mae Ramat District, Tak, TH",needs_id,False,17.0347778333,98.6288,2048,1536,no,simplex/inat-347759878-634132483-panus.jpg,
Aglaonema simplex,347759878,https://www.inaturalist.org/observations/347759878,634132485,https://static.inaturalist.org/photos/634132485/original.jpg,all-rights-reserved,"(c) Panus Danpitakkul, all rights reserved",panus,Panus Danpitakkul,2025-12-18,"Mae Ramat District, Tak, TH",needs_id,False,17.0347778333,98.6288,2048,1536,no,simplex/inat-347759878-634132485-panus.jpg,
Aglaonema simplex,347759878,https://www.inaturalist.org/observations/347759878,634132501,https://static.inaturalist.org/photos/634132501/original.jpg,all-rights-reserved,"(c) Panus Danpitakkul, all rights reserved",panus,Panus Danpitakkul,2025-12-18,"Mae Ramat District, Tak, TH",needs_id,False,17.0347778333,98.6288,2048,1536,no,simplex/inat-347759878-634132501-panus.jpg,
Aglaonema simplex,347759878,https://www.inaturalist.org/observations/347759878,634132502,https://static.inaturalist.org/photos/634132502/original.jpg,all-rights-reserved,"(c) Panus Danpitakkul, all rights reserved",panus,Panus Danpitakkul,2025-12-18,"Mae Ramat District, Tak, TH",needs_id,False,17.0347778333,98.6288,2048,1536,no,simplex/inat-347759878-634132502-panus.jpg,
Aglaonema simplex,347759878,https://www.inaturalist.org/observations/347759878,634132504,https://static.inaturalist.org/photos/634132504/original.jpg,all-rights-reserved,"(c) Panus Danpitakkul, all rights reserved",panus,Panus Danpitakkul,2025-12-18,"Mae Ramat District, Tak, TH",needs_id,False,17.0347778333,98.6288,1536,2048,no,simplex/inat-347759878-634132504-panus.jpg,
Aglaonema simplex,343435227,https://www.inaturalist.org/observations/343435227,625601987,https://inaturalist-open-data.s3.amazonaws.com/photos/625601987/original.jpg,cc-by-nc,"(c) Wilailuck Naksri, some rights reserved (CC BY-NC)",wilailuck,Wilailuck Naksri,2026-03-17,"ต.มะเกลือเก่า, อ.สูงเนิน, จ.นครราชสีมา, TH",needs_id,False,14.7265616667,101.783395,1536,2048,no,simplex/inat-343435227-625601987-wilailuck.jpg,
Aglaonema simplex,342174331,https://www.inaturalist.org/observations/342174331,623060074,https://static.inaturalist.org/photos/623060074/original.jpg,all-rights-reserved,"(c) Mike Hooper, all rights reserved",mike_hooper,Mike Hooper,2026-03-08,"Bukit Panjang, Singapore",research,False,1.3499176,103.7785601,2048,1536,no,simplex/inat-342174331-623060074-mike_hooper.jpg,
Aglaonema simplex,342174331,https://www.inaturalist.org/observations/342174331,623060173,https://static.inaturalist.org/photos/623060173/original.jpg,all-rights-reserved,"(c) Mike Hooper, all rights reserved",mike_hooper,Mike Hooper,2026-03-08,"Bukit Panjang, Singapore",research,False,1.3499176,103.7785601,2048,1536,no,simplex/inat-342174331-623060173-mike_hooper.jpg,
Aglaonema simplex,342023295,https://www.inaturalist.org/observations/342023295,622759848,https://inaturalist-open-data.s3.amazonaws.com/photos/622759848/original.jpg,cc-by-nc,"(c) Paul A C Ondoy, some rights reserved (CC BY-NC)",paul_ondoy,Paul A C Ondoy,2026-03-07,"Bambang, Los Baños, Laguna, Philippines",needs_id,False,14.1340380544,121.2231934816,1365,2048,no,simplex/inat-342023295-622759848-paul_ondoy.jpg,
Aglaonema simplex,342023295,https://www.inaturalist.org/observations/342023295,622759907,https://inaturalist-open-data.s3.amazonaws.com/photos/622759907/original.jpg,cc-by-nc,"(c) Paul A C Ondoy, some rights reserved (CC BY-NC)",paul_ondoy,Paul A C Ondoy,2026-03-07,"Bambang, Los Baños, Laguna, Philippines",needs_id,False,14.1340380544,121.2231934816,1365,2048,no,simplex/inat-342023295-622759907-paul_ondoy.jpg,
Aglaonema simplex,342023295,https://www.inaturalist.org/observations/342023295,622759977,https://inaturalist-open-data.s3.amazonaws.com/photos/622759977/original.jpg,cc-by-nc,"(c) Paul A C Ondoy, some rights reserved (CC BY-NC)",paul_ondoy,Paul A C Ondoy,2026-03-07,"Bambang, Los Baños, Laguna, Philippines",needs_id,False,14.1340380544,121.2231934816,1365,2048,no,simplex/inat-342023295-622759977-paul_ondoy.jpg,
Aglaonema simplex,340406685,https://www.inaturalist.org/observations/340406685,619462367,https://inaturalist-open-data.s3.amazonaws.com/photos/619462367/original.jpg,cc-by-nc,"(c) surinkumar, some rights reserved (CC BY-NC)",surinkumar,,2026-02-27,,needs_id,True,1.3131703552,103.7343583224,2048,1295,no,simplex/inat-340406685-619462367-surinkumar.jpg,
Aglaonema simplex,340406685,https://www.inaturalist.org/observations/340406685,619462817,https://inaturalist-open-data.s3.amazonaws.com/photos/619462817/original.jpg,cc-by-nc,"(c) surinkumar, some rights reserved (CC BY-NC)",surinkumar,,2026-02-27,,needs_id,True,1.3131703552,103.7343583224,2048,1297,no,simplex/inat-340406685-619462817-surinkumar.jpg,
Aglaonema simplex,340406685,https://www.inaturalist.org/observations/340406685,619463330,https://inaturalist-open-data.s3.amazonaws.com/photos/619463330/original.jpg,cc-by-nc,"(c) surinkumar, some rights reserved (CC BY-NC)",surinkumar,,2026-02-27,,needs_id,True,1.3131703552,103.7343583224,1327,2048,no,simplex/inat-340406685-619463330-surinkumar.jpg,
Aglaonema simplex,340406685,https://www.inaturalist.org/observations/340406685,619464827,https://inaturalist-open-data.s3.amazonaws.com/photos/619464827/original.jpg,cc-by-nc,"(c) surinkumar, some rights reserved (CC BY-NC)",surinkumar,,2026-02-27,,needs_id,True,1.3131703552,103.7343583224,1295,2048,no,simplex/inat-340406685-619464827-surinkumar.jpg,
Aglaonema simplex,336189018,https://www.inaturalist.org/observations/336189018,610875735,https://inaturalist-open-data.s3.amazonaws.com/photos/610875735/original.jpg,cc-by-nc,"(c) mercury9nine, some rights reserved (CC BY-NC)",mercury9nine,,2026-01-26,"Singapore, SG, SG",research,False,1.3486633333,103.7773583333,1536,2048,no,simplex/inat-336189018-610875735-mercury9nine.jpg,
Aglaonema simplex,336189018,https://www.inaturalist.org/observations/336189018,610875752,https://inaturalist-open-data.s3.amazonaws.com/photos/610875752/original.jpg,cc-by-nc,"(c) mercury9nine, some rights reserved (CC BY-NC)",mercury9nine,,2026-01-26,"Singapore, SG, SG",research,False,1.3486633333,103.7773583333,1536,2048,no,simplex/inat-336189018-610875752-mercury9nine.jpg,
Aglaonema simplex,333460900,https://www.inaturalist.org/observations/333460900,605399890,https://inaturalist-open-data.s3.amazonaws.com/photos/605399890/original.jpg,cc-by-sa,"(c) Dr. Guido Bohne, some rights reserved (CC BY-SA)",gbohne,Dr. Guido Bohne,2025-12-23,"8J85+M88 Cuc Phuong National Park, Nho Quan, Ninh Bình, Vietnam",needs_id,False,20.3166875,105.6083125,2048,1536,no,simplex/inat-333460900-605399890-gbohne.jpg,
Aglaonema simplex,333460900,https://www.inaturalist.org/observations/333460900,605399928,https://inaturalist-open-data.s3.amazonaws.com/photos/605399928/original.jpg,cc-by-sa,"(c) Dr. Guido Bohne, some rights reserved (CC BY-SA)",gbohne,Dr. Guido Bohne,2025-12-23,"8J85+M88 Cuc Phuong National Park, Nho Quan, Ninh Bình, Vietnam",needs_id,False,20.3166875,105.6083125,2048,1536,no,simplex/inat-333460900-605399928-gbohne.jpg,
Aglaonema simplex,332267963,https://www.inaturalist.org/observations/332267963,602963863,https://inaturalist-open-data.s3.amazonaws.com/photos/602963863/original.jpg,cc-by-nc,"(c) ChanSK, some rights reserved (CC BY-NC)",srwkim,ChanSK,2025-12-27,"Borneo, Bau, Sarawak, MY",needs_id,False,1.4118783333,110.1504445,1536,2048,no,simplex/inat-332267963-602963863-srwkim.jpg,
Aglaonema simplex,330967473,https://www.inaturalist.org/observations/330967473,600289880,https://inaturalist-open-data.s3.amazonaws.com/photos/600289880/original.jpg,cc-by,"(c) Tim, some rights reserved (CC BY)",twan3253,Tim,2025-06-14,"VWFR+78, Sepilok, 90000 Sandakan, Sabah, Malaysia",needs_id,False,5.8726722,117.9405346,1536,2048,no,simplex/inat-330967473-600289880-twan3253.jpg,
Aglaonema simplex,330967473,https://www.inaturalist.org/observations/330967473,600289900,https://inaturalist-open-data.s3.amazonaws.com/photos/600289900/original.jpg,cc-by,"(c) Tim, some rights reserved (CC BY)",twan3253,Tim,2025-06-14,"VWFR+78, Sepilok, 90000 Sandakan, Sabah, Malaysia",needs_id,False,5.8726722,117.9405346,1536,2048,no,simplex/inat-330967473-600289900-twan3253.jpg,
Aglaonema simplex,320683966,https://www.inaturalist.org/observations/320683966,579845765,https://inaturalist-open-data.s3.amazonaws.com/photos/579845765/original.jpg,cc-by-nc,"(c) 羅恩至, some rights reserved (CC BY-NC)",loenjhih,羅恩至,2025-10-09,"Borneo, Sandakan, Sabah, MY",research,False,5.875295,117.940925,1536,2048,no,simplex/inat-320683966-579845765-loenjhih.jpg,
Aglaonema simplex,320683966,https://www.inaturalist.org/observations/320683966,579845799,https://inaturalist-open-data.s3.amazonaws.com/photos/579845799/original.jpg,cc-by-nc,"(c) 羅恩至, some rights reserved (CC BY-NC)",loenjhih,羅恩至,2025-10-09,"Borneo, Sandakan, Sabah, MY",research,False,5.875295,117.940925,1536,2048,no,simplex/inat-320683966-579845799-loenjhih.jpg,
Aglaonema simplex,320016080,https://www.inaturalist.org/observations/320016080,578534859,https://inaturalist-open-data.s3.amazonaws.com/photos/578534859/original.jpg,cc-by-nc,"(c) David Torres, some rights reserved (CC BY-NC)",dawicho,David Torres,2025-09-18,"Sepilok, 90000 Sandakan, Sabah, Malaysia",research,False,5.872099,117.943262,1536,2048,no,simplex/inat-320016080-578534859-dawicho.jpg,
Aglaonema simplex,319765173,https://www.inaturalist.org/observations/319765173,578063775,https://static.inaturalist.org/photos/578063775/original.jpg,all-rights-reserved,"(c) ihenglan, all rights reserved",ihenglan,,2025-10-09,"VWFR+78, Sepilok, 90000 Sandakan, Sabah, 馬來西亞",research,False,5.8751451167,117.9407387778,1536,2048,no,simplex/inat-319765173-578063775-ihenglan.jpg,
Aglaonema simplex,319765173,https://www.inaturalist.org/observations/319765173,578063831,https://static.inaturalist.org/photos/578063831/original.jpg,all-rights-reserved,"(c) ihenglan, all rights reserved",ihenglan,,2025-10-09,"VWFR+78, Sepilok, 90000 Sandakan, Sabah, 馬來西亞",research,False,5.8751451167,117.9407387778,1536,2048,no,simplex/inat-319765173-578063831-ihenglan.jpg,
Aglaonema simplex,314948988,https://www.inaturalist.org/observations/314948988,568901473,https://inaturalist-open-data.s3.amazonaws.com/photos/568901473/original.jpg,cc-by-nc,"(c) David Torres, some rights reserved (CC BY-NC)",dawicho,David Torres,2025-09-19,"VWFR+78, Sepilok, 90000 Sandakan, Sabah, Malasia",research,False,5.8724319722,117.940448,1536,2048,no,simplex/inat-314948988-568901473-dawicho.jpg,
Aglaonema simplex,314948988,https://www.inaturalist.org/observations/314948988,568901494,https://inaturalist-open-data.s3.amazonaws.com/photos/568901494/original.jpg,cc-by-nc,"(c) David Torres, some rights reserved (CC BY-NC)",dawicho,David Torres,2025-09-19,"VWFR+78, Sepilok, 90000 Sandakan, Sabah, Malasia",research,False,5.8724319722,117.940448,1536,2048,no,simplex/inat-314948988-568901494-dawicho.jpg,
Aglaonema simplex,314948988,https://www.inaturalist.org/observations/314948988,568901515,https://inaturalist-open-data.s3.amazonaws.com/photos/568901515/original.jpg,cc-by-nc,"(c) David Torres, some rights reserved (CC BY-NC)",dawicho,David Torres,2025-09-19,"VWFR+78, Sepilok, 90000 Sandakan, Sabah, Malasia",research,False,5.8724319722,117.940448,1536,2048,no,simplex/inat-314948988-568901515-dawicho.jpg,
Aglaonema simplex,314743497,https://www.inaturalist.org/observations/314743497,568503952,https://inaturalist-open-data.s3.amazonaws.com/photos/568503952/original.jpg,cc-by-nc,"(c) cheavy, some rights reserved (CC BY-NC)",cheavy,cheavy,2023-08-13,"Sandakan, MY-SA, MY",research,True,5.9831502192,117.8967390216,2048,1365,no,simplex/inat-314743497-568503952-cheavy.jpg,
Aglaonema simplex,314743497,https://www.inaturalist.org/observations/314743497,568503953,https://inaturalist-open-data.s3.amazonaws.com/photos/568503953/original.jpg,cc-by-nc,"(c) cheavy, some rights reserved (CC BY-NC)",cheavy,cheavy,2023-08-13,"Sandakan, MY-SA, MY",research,True,5.9831502192,117.8967390216,2048,1365,no,simplex/inat-314743497-568503953-cheavy.jpg,
Aglaonema simplex,305241213,https://www.inaturalist.org/observations/305241213,550339959,https://static.inaturalist.org/photos/550339959/original.jpg,all-rights-reserved,"(c) Ferdiansyah, all rights reserved",frdyrzky,Ferdiansyah,2025-07-28,"Jawa Timur, ID",needs_id,True,-7.7917313997,112.5079430047,922,2048,no,simplex/inat-305241213-550339959-frdyrzky.jpg,
Aglaonema simplex,305241213,https://www.inaturalist.org/observations/305241213,550340654,https://static.inaturalist.org/photos/550340654/original.jpg,all-rights-reserved,"(c) Ferdiansyah, all rights reserved",frdyrzky,Ferdiansyah,2025-07-28,"Jawa Timur, ID",needs_id,True,-7.7917313997,112.5079430047,922,2048,no,simplex/inat-305241213-550340654-frdyrzky.jpg,
Aglaonema simplex,298199460,https://www.inaturalist.org/observations/298199460,537108324,https://inaturalist-open-data.s3.amazonaws.com/photos/537108324/original.jpg,cc-by-nc,"(c) ramadhannmf, some rights reserved (CC BY-NC)",ramadhannmf,ramadhannmf,2016-07-17,"Kabupaten Parigi Moutong, Sulawesi Tengah, Indonesia",needs_id,False,-0.8134656452,120.1227950563,2048,1536,no,simplex/inat-298199460-537108324-ramadhannmf.jpg,
Aglaonema simplex,298199460,https://www.inaturalist.org/observations/298199460,537108339,https://inaturalist-open-data.s3.amazonaws.com/photos/537108339/original.jpg,cc-by-nc,"(c) ramadhannmf, some rights reserved (CC BY-NC)",ramadhannmf,ramadhannmf,2016-07-17,"Kabupaten Parigi Moutong, Sulawesi Tengah, Indonesia",needs_id,False,-0.8134656452,120.1227950563,2048,1536,no,simplex/inat-298199460-537108339-ramadhannmf.jpg,
Aglaonema simplex,298199460,https://www.inaturalist.org/observations/298199460,537108503,https://inaturalist-open-data.s3.amazonaws.com/photos/537108503/original.jpg,cc-by-nc,"(c) ramadhannmf, some rights reserved (CC BY-NC)",ramadhannmf,ramadhannmf,2016-07-17,"Kabupaten Parigi Moutong, Sulawesi Tengah, Indonesia",needs_id,False,-0.8134656452,120.1227950563,2048,1536,no,simplex/inat-298199460-537108503-ramadhannmf.jpg,
Aglaonema simplex,298199460,https://www.inaturalist.org/observations/298199460,537108383,https://inaturalist-open-data.s3.amazonaws.com/photos/537108383/original.jpg,cc-by-nc,"(c) ramadhannmf, some rights reserved (CC BY-NC)",ramadhannmf,ramadhannmf,2016-07-17,"Kabupaten Parigi Moutong, Sulawesi Tengah, Indonesia",needs_id,False,-0.8134656452,120.1227950563,2048,1536,no,simplex/inat-298199460-537108383-ramadhannmf.jpg,
Aglaonema simplex,296454103,https://www.inaturalist.org/observations/296454103,533801920,https://inaturalist-open-data.s3.amazonaws.com/photos/533801920/original.jpg,cc-by-nc,"(c) Sudirman Massiri, some rights reserved (CC BY-NC)",sudirman1,Sudirman Massiri,2025-07-09,"Kabupaten Sigi, Sulawesi Tengah, Indonesia",needs_id,False,-0.920206,119.977749,1152,2048,no,simplex/inat-296454103-533801920-sudirman1.jpg,
Aglaonema simplex,288258169,https://www.inaturalist.org/observations/288258169,518370309,https://inaturalist-open-data.s3.amazonaws.com/photos/518370309/original.jpg,cc-by-sa,"(c) Bret van Putten, some rights reserved (CC BY-SA)",bretvanputten,Bret van Putten,2025-06-03,"9VXQ+QR Tawau Hills Park, Taman Semarak, 91000 Tawau, Sabah, Malaysia",research,False,4.400145,117.889848,2048,2048,no,simplex/inat-288258169-518370309-bretvanputten.jpg,
Aglaonema simplex,288258169,https://www.inaturalist.org/observations/288258169,518370359,https://inaturalist-open-data.s3.amazonaws.com/photos/518370359/original.jpg,cc-by-sa,"(c) Bret van Putten, some rights reserved (CC BY-SA)",bretvanputten,Bret van Putten,2025-06-03,"9VXQ+QR Tawau Hills Park, Taman Semarak, 91000 Tawau, Sabah, Malaysia",research,False,4.400145,117.889848,2048,2048,no,simplex/inat-288258169-518370359-bretvanputten.jpg,
Aglaonema simplex,285518827,https://www.inaturalist.org/observations/285518827,513213476,https://inaturalist-open-data.s3.amazonaws.com/photos/513213476/original.jpg,cc-by-nc,"(c) Gavin, some rights reserved (CC BY-NC)",gavin_n,Gavin,2025-05-17,"Bukit Panjang, Singapore",research,False,1.3482525369,103.7777587026,2048,2048,no,simplex/inat-285518827-513213476-gavin_n.jpg,
Aglaonema simplex,285518827,https://www.inaturalist.org/observations/285518827,513213531,https://inaturalist-open-data.s3.amazonaws.com/photos/513213531/original.jpg,cc-by-nc,"(c) Gavin, some rights reserved (CC BY-NC)",gavin_n,Gavin,2025-05-17,"Bukit Panjang, Singapore",research,False,1.3482525369,103.7777587026,2048,2048,no,simplex/inat-285518827-513213531-gavin_n.jpg,
Aglaonema simplex,285518827,https://www.inaturalist.org/observations/285518827,513213599,https://inaturalist-open-data.s3.amazonaws.com/photos/513213599/original.jpg,cc-by-nc,"(c) Gavin, some rights reserved (CC BY-NC)",gavin_n,Gavin,2025-05-17,"Bukit Panjang, Singapore",research,False,1.3482525369,103.7777587026,2048,2048,no,simplex/inat-285518827-513213599-gavin_n.jpg,
Aglaonema simplex,285291942,https://www.inaturalist.org/observations/285291942,512796290,https://static.inaturalist.org/photos/512796290/original.jpg,all-rights-reserved,"(c) Natthanon, all rights reserved",nonwiwat,Natthanon,2025-05-04,"Thung Khai, Yan Ta Khao District, Trang, TH",needs_id,False,7.461295,99.6420833333,2048,1536,no,simplex/inat-285291942-512796290-nonwiwat.jpg,
Aglaonema simplex,280963497,https://www.inaturalist.org/observations/280963497,504678643,https://static.inaturalist.org/photos/504678643/original.jpg,all-rights-reserved,"(c) Thanakit Suparat, all rights reserved",thanakitsuparat,Thanakit Suparat,2025-05-11,"อุทยานแห่งชาติตาพระยา, อ.ตาพระยา, จ.สระแก้ว, TH",needs_id,False,14.1454221667,102.66835,1536,2048,no,simplex/inat-280963497-504678643-thanakitsuparat.jpg,
Aglaonema simplex,271130177,https://www.inaturalist.org/observations/271130177,487669444,https://inaturalist-open-data.s3.amazonaws.com/photos/487669444/original.jpeg,cc-by-nc,"(c) Samuel Brillo, some rights reserved (CC BY-NC)",sambrilliance,Samuel Brillo,2025-04-16,"Mount Makiling, Los Baños, Laguna, Philippines",needs_id,False,14.1363889,121.1944444,1086,724,no,simplex/inat-271130177-487669444-sambrilliance.jpeg,
Aglaonema simplex,271130177,https://www.inaturalist.org/observations/271130177,487669451,https://inaturalist-open-data.s3.amazonaws.com/photos/487669451/original.jpeg,cc-by-nc,"(c) Samuel Brillo, some rights reserved (CC BY-NC)",sambrilliance,Samuel Brillo,2025-04-16,"Mount Makiling, Los Baños, Laguna, Philippines",needs_id,False,14.1363889,121.1944444,1086,724,no,simplex/inat-271130177-487669451-sambrilliance.jpeg,
Aglaonema simplex,271130177,https://www.inaturalist.org/observations/271130177,487669463,https://inaturalist-open-data.s3.amazonaws.com/photos/487669463/original.jpeg,cc-by-nc,"(c) Samuel Brillo, some rights reserved (CC BY-NC)",sambrilliance,Samuel Brillo,2025-04-16,"Mount Makiling, Los Baños, Laguna, Philippines",needs_id,False,14.1363889,121.1944444,1086,724,no,simplex/inat-271130177-487669463-sambrilliance.jpeg,
Aglaonema simplex,270797838,https://www.inaturalist.org/observations/270797838,487049452,https://inaturalist-open-data.s3.amazonaws.com/photos/487049452/original.jpg,cc-by-nc,"(c) ANNISHA ZHADIRAH BINTI AZIZAN / UPM, some rights reserved (CC BY-NC)",annisha_zhadirah_binti_azizan,ANNISHA ZHADIRAH BINTI AZIZAN / UPM,2024-12-13,"Ayer Hitam Forest Reserve, Puchong, Selangor, MY",needs_id,False,3.0122531536,101.6461138044,960,1280,no,simplex/inat-270797838-487049452-annisha_zhadirah_binti_azizan.jpg,
Aglaonema simplex,267307153,https://www.inaturalist.org/observations/267307153,480362847,https://inaturalist-open-data.s3.amazonaws.com/photos/480362847/original.jpg,cc-by-nc,"(c) Tony Rodd, some rights reserved (CC BY-NC)",tonyrodd,Tony Rodd,2006-01-18,"Ta Phraya National Park, Sa Kaeo...",needs_id,False,14.1265460379,102.5919628207,1365,2048,no,simplex/inat-267307153-480362847-tonyrodd.jpg,
Aglaonema simplex,265737513,https://www.inaturalist.org/observations/265737513,476845359,https://inaturalist-open-data.s3.amazonaws.com/photos/476845359/original.jpeg,cc-by-nc,"(c) 羅元甫, some rights reserved (CC BY-NC)",yueranic,羅元甫,2025-01-18,馬來西亞砂拉越倫樂,needs_id,False,1.5857193651,110.1698280883,2048,1536,no,simplex/inat-265737513-476845359-yueranic.jpeg,
Aglaonema simplex,265737513,https://www.inaturalist.org/observations/265737513,476845367,https://inaturalist-open-data.s3.amazonaws.com/photos/476845367/original.jpeg,cc-by-nc,"(c) 羅元甫, some rights reserved (CC BY-NC)",yueranic,羅元甫,2025-01-18,馬來西亞砂拉越倫樂,needs_id,False,1.5857193651,110.1698280883,2048,1536,no,simplex/inat-265737513-476845367-yueranic.jpeg,
Aglaonema simplex,265737513,https://www.inaturalist.org/observations/265737513,476845362,https://inaturalist-open-data.s3.amazonaws.com/photos/476845362/original.jpeg,cc-by-nc,"(c) 羅元甫, some rights reserved (CC BY-NC)",yueranic,羅元甫,2025-01-18,馬來西亞砂拉越倫樂,needs_id,False,1.5857193651,110.1698280883,2048,1536,no,simplex/inat-265737513-476845362-yueranic.jpeg,
Aglaonema simplex,262350949,https://www.inaturalist.org/observations/262350949,471538036,https://static.inaturalist.org/photos/471538036/original.jpg,all-rights-reserved,"(c) Mi Ji, all rights reserved",mi30010,Mi Ji,2025-02-20,"Kinabalu National Park, Ranau, 沙巴, MY",needs_id,False,6.0498916667,116.701875,1536,2048,no,simplex/inat-262350949-471538036-mi30010.jpg,
Aglaonema simplex,262064127,https://www.inaturalist.org/observations/262064127,470885744,https://static.inaturalist.org/photos/470885744/original.jpg,all-rights-reserved,"(c) Ferdiansyah, all rights reserved",frdyrzky,Ferdiansyah,2025-02-15,"Jawa Timur, ID",needs_id,True,-7.6012112675,112.5347312279,922,2048,no,simplex/inat-262064127-470885744-frdyrzky.jpg,
Aglaonema simplex,262064127,https://www.inaturalist.org/observations/262064127,470886067,https://static.inaturalist.org/photos/470886067/original.jpg,all-rights-reserved,"(c) Ferdiansyah, all rights reserved",frdyrzky,Ferdiansyah,2025-02-15,"Jawa Timur, ID",needs_id,True,-7.6012112675,112.5347312279,922,2048,no,simplex/inat-262064127-470886067-frdyrzky.jpg,
Aglaonema simplex,261979491,https://www.inaturalist.org/observations/261979491,470757605,https://inaturalist-open-data.s3.amazonaws.com/photos/470757605/original.jpeg,cc-by,"(c) Fabian Brambach, some rights reserved (CC BY)",fabisho,Fabian Brambach,2011-04-06,"Watukilo, Kecamatan Kulawi Selatan, Kabupaten Sigi, Sulawesi Tengah, Sulawesi, ID",needs_id,False,-1.6115993784,120.0662486299,2048,1365,no,simplex/inat-261979491-470757605-fabisho.jpeg,
Aglaonema simplex,261979491,https://www.inaturalist.org/observations/261979491,470757613,https://inaturalist-open-data.s3.amazonaws.com/photos/470757613/original.jpeg,cc-by,"(c) Fabian Brambach, some rights reserved (CC BY)",fabisho,Fabian Brambach,2011-04-06,"Watukilo, Kecamatan Kulawi Selatan, Kabupaten Sigi, Sulawesi Tengah, Sulawesi, ID",needs_id,False,-1.6115993784,120.0662486299,2048,1365,no,simplex/inat-261979491-470757613-fabisho.jpeg,
Aglaonema simplex,261979491,https://www.inaturalist.org/observations/261979491,470757627,https://inaturalist-open-data.s3.amazonaws.com/photos/470757627/original.jpeg,cc-by,"(c) Fabian Brambach, some rights reserved (CC BY)",fabisho,Fabian Brambach,2011-04-06,"Watukilo, Kecamatan Kulawi Selatan, Kabupaten Sigi, Sulawesi Tengah, Sulawesi, ID",needs_id,False,-1.6115993784,120.0662486299,2048,1365,no,simplex/inat-261979491-470757627-fabisho.jpeg,
Aglaonema simplex,261979491,https://www.inaturalist.org/observations/261979491,470757637,https://inaturalist-open-data.s3.amazonaws.com/photos/470757637/original.jpeg,cc-by,"(c) Fabian Brambach, some rights reserved (CC BY)",fabisho,Fabian Brambach,2011-04-06,"Watukilo, Kecamatan Kulawi Selatan, Kabupaten Sigi, Sulawesi Tengah, Sulawesi, ID",needs_id,False,-1.6115993784,120.0662486299,1365,2048,no,simplex/inat-261979491-470757637-fabisho.jpeg,
Aglaonema simplex,261979491,https://www.inaturalist.org/observations/261979491,470757648,https://inaturalist-open-data.s3.amazonaws.com/photos/470757648/original.jpeg,cc-by,"(c) Fabian Brambach, some rights reserved (CC BY)",fabisho,Fabian Brambach,2011-04-06,"Watukilo, Kecamatan Kulawi Selatan, Kabupaten Sigi, Sulawesi Tengah, Sulawesi, ID",needs_id,False,-1.6115993784,120.0662486299,1365,2048,no,simplex/inat-261979491-470757648-fabisho.jpeg,
Aglaonema simplex,261361517,https://www.inaturalist.org/observations/261361517,469534701,https://inaturalist-open-data.s3.amazonaws.com/photos/469534701/original.jpeg,cc-by,"(c) Fabian Brambach, some rights reserved (CC BY)",fabisho,Fabian Brambach,2011-06-10,"Toro, Lore Lindu National Park, Kecamatan Kulawi, Kabupaten Sigi, Sulawesi Tengah, Sulawesi, ID",needs_id,False,-1.495,120.056667,2048,1365,no,simplex/inat-261361517-469534701-fabisho.jpeg,
Aglaonema simplex,261361517,https://www.inaturalist.org/observations/261361517,469534717,https://inaturalist-open-data.s3.amazonaws.com/photos/469534717/original.jpeg,cc-by,"(c) Fabian Brambach, some rights reserved (CC BY)",fabisho,Fabian Brambach,2011-06-10,"Toro, Lore Lindu National Park, Kecamatan Kulawi, Kabupaten Sigi, Sulawesi Tengah, Sulawesi, ID",needs_id,False,-1.495,120.056667,2048,1365,no,simplex/inat-261361517-469534717-fabisho.jpeg,
Aglaonema simplex,261361517,https://www.inaturalist.org/observations/261361517,469534731,https://inaturalist-open-data.s3.amazonaws.com/photos/469534731/original.jpeg,cc-by,"(c) Fabian Brambach, some rights reserved (CC BY)",fabisho,Fabian Brambach,2011-06-10,"Toro, Lore Lindu National Park, Kecamatan Kulawi, Kabupaten Sigi, Sulawesi Tengah, Sulawesi, ID",needs_id,False,-1.495,120.056667,1365,2048,no,simplex/inat-261361517-469534731-fabisho.jpeg,
Aglaonema simplex,261361517,https://www.inaturalist.org/observations/261361517,469534739,https://inaturalist-open-data.s3.amazonaws.com/photos/469534739/original.jpeg,cc-by,"(c) Fabian Brambach, some rights reserved (CC BY)",fabisho,Fabian Brambach,2011-06-10,"Toro, Lore Lindu National Park, Kecamatan Kulawi, Kabupaten Sigi, Sulawesi Tengah, Sulawesi, ID",needs_id,False,-1.495,120.056667,1365,2048,no,simplex/inat-261361517-469534739-fabisho.jpeg,
Aglaonema simplex,258385989,https://www.inaturalist.org/observations/258385989,463574104,https://static.inaturalist.org/photos/463574104/original.jpeg,all-rights-reserved,"(c) ihenglan, all rights reserved",ihenglan,,2025-01-13,"Bukit Panjang, 新加坡",research,False,1.3443267997,103.7812389,1536,2048,no,simplex/inat-258385989-463574104-ihenglan.jpeg,
Aglaonema simplex,258385989,https://www.inaturalist.org/observations/258385989,463574116,https://static.inaturalist.org/photos/463574116/original.jpeg,all-rights-reserved,"(c) ihenglan, all rights reserved",ihenglan,,2025-01-13,"Bukit Panjang, 新加坡",research,False,1.3443267997,103.7812389,1536,2048,no,simplex/inat-258385989-463574116-ihenglan.jpeg,
Aglaonema simplex,258161988,https://www.inaturalist.org/observations/258161988,463142523,https://static.inaturalist.org/photos/463142523/original.jpeg,all-rights-reserved,"(c) wahhafif, all rights reserved",wahhafif,,2025-01-10,"Taman Bangsar, Bangsar, Kuala Lumpur, Wilayah Persekutuan Kuala Lumpur, Malaysia",needs_id,False,3.1389982,101.6760064,1536,2048,no,simplex/inat-258161988-463142523-wahhafif.jpeg,
Aglaonema simplex,258161988,https://www.inaturalist.org/observations/258161988,463142634,https://static.inaturalist.org/photos/463142634/original.jpeg,all-rights-reserved,"(c) wahhafif, all rights reserved",wahhafif,,2025-01-10,"Taman Bangsar, Bangsar, Kuala Lumpur, Wilayah Persekutuan Kuala Lumpur, Malaysia",needs_id,False,3.1389982,101.6760064,1536,2048,no,simplex/inat-258161988-463142634-wahhafif.jpeg,
Aglaonema simplex,258161988,https://www.inaturalist.org/observations/258161988,463142653,https://static.inaturalist.org/photos/463142653/original.jpeg,all-rights-reserved,"(c) wahhafif, all rights reserved",wahhafif,,2025-01-10,"Taman Bangsar, Bangsar, Kuala Lumpur, Wilayah Persekutuan Kuala Lumpur, Malaysia",needs_id,False,3.1389982,101.6760064,1536,2048,no,simplex/inat-258161988-463142653-wahhafif.jpeg,
Aglaonema simplex,256366760,https://www.inaturalist.org/observations/256366760,459634745,https://inaturalist-open-data.s3.amazonaws.com/photos/459634745/original.jpg,cc-by,"(c) Ong Jyh Seng, some rights reserved (CC BY)",ongzi,Ong Jyh Seng,2024-12-27,"Taman Bukit Serdang, 43300 Seri Kembangan, Selangor, Malaysia",needs_id,False,3.0260555556,101.6910055556,2048,1536,no,simplex/inat-256366760-459634745-ongzi.jpg,
Aglaonema simplex,256366730,https://www.inaturalist.org/observations/256366730,459634620,https://inaturalist-open-data.s3.amazonaws.com/photos/459634620/original.jpg,cc-by,"(c) Ong Jyh Seng, some rights reserved (CC BY)",ongzi,Ong Jyh Seng,2024-12-27,"Taman Bukit Serdang, 43300 Seri Kembangan, Selangor, Malaysia",needs_id,False,3.0266805556,101.6909805556,2048,1536,no,simplex/inat-256366730-459634620-ongzi.jpg,
Aglaonema simplex,256366730,https://www.inaturalist.org/observations/256366730,459634625,https://inaturalist-open-data.s3.amazonaws.com/photos/459634625/original.jpg,cc-by,"(c) Ong Jyh Seng, some rights reserved (CC BY)",ongzi,Ong Jyh Seng,2024-12-27,"Taman Bukit Serdang, 43300 Seri Kembangan, Selangor, Malaysia",needs_id,False,3.0266805556,101.6909805556,2048,1536,no,simplex/inat-256366730-459634625-ongzi.jpg,
Aglaonema simplex,256366338,https://www.inaturalist.org/observations/256366338,459633633,https://inaturalist-open-data.s3.amazonaws.com/photos/459633633/original.jpg,cc-by,"(c) Ong Jyh Seng, some rights reserved (CC BY)",ongzi,Ong Jyh Seng,2024-12-27,"Taman Bukit Serdang, 43300 Seri Kembangan, Selangor, Malaysia",needs_id,False,3.0267025096,101.6909804811,2048,1536,no,simplex/inat-256366338-459633633-ongzi.jpg,
Aglaonema simplex,256366338,https://www.inaturalist.org/observations/256366338,459633637,https://inaturalist-open-data.s3.amazonaws.com/photos/459633637/original.jpg,cc-by,"(c) Ong Jyh Seng, some rights reserved (CC BY)",ongzi,Ong Jyh Seng,2024-12-27,"Taman Bukit Serdang, 43300 Seri Kembangan, Selangor, Malaysia",needs_id,False,3.0267025096,101.6909804811,2048,1536,no,simplex/inat-256366338-459633637-ongzi.jpg,
Aglaonema simplex,256366336,https://www.inaturalist.org/observations/256366336,459633625,https://inaturalist-open-data.s3.amazonaws.com/photos/459633625/original.jpg,cc-by,"(c) Ong Jyh Seng, some rights reserved (CC BY)",ongzi,Ong Jyh Seng,2024-12-27,"Taman Bukit Serdang, 43300 Seri Kembangan, Selangor, Malaysia",needs_id,False,3.0267025096,101.6909804811,2048,1536,no,simplex/inat-256366336-459633625-ongzi.jpg,
Aglaonema simplex,256366335,https://www.inaturalist.org/observations/256366335,459633610,https://inaturalist-open-data.s3.amazonaws.com/photos/459633610/original.jpg,cc-by,"(c) Ong Jyh Seng, some rights reserved (CC BY)",ongzi,Ong Jyh Seng,2024-12-27,"Taman Bukit Serdang, 43300 Seri Kembangan, Selangor, Malaysia",needs_id,False,3.0267025096,101.6909804811,2048,1536,no,simplex/inat-256366335-459633610-ongzi.jpg,
Aglaonema simplex,256366335,https://www.inaturalist.org/observations/256366335,459633617,https://inaturalist-open-data.s3.amazonaws.com/photos/459633617/original.jpg,cc-by,"(c) Ong Jyh Seng, some rights reserved (CC BY)",ongzi,Ong Jyh Seng,2024-12-27,"Taman Bukit Serdang, 43300 Seri Kembangan, Selangor, Malaysia",needs_id,False,3.0267025096,101.6909804811,2048,1536,no,simplex/inat-256366335-459633617-ongzi.jpg,
Aglaonema simplex,256366335,https://www.inaturalist.org/observations/256366335,459633620,https://inaturalist-open-data.s3.amazonaws.com/photos/459633620/original.jpg,cc-by,"(c) Ong Jyh Seng, some rights reserved (CC BY)",ongzi,Ong Jyh Seng,2024-12-27,"Taman Bukit Serdang, 43300 Seri Kembangan, Selangor, Malaysia",needs_id,False,3.0267025096,101.6909804811,2048,1536,no,simplex/inat-256366335-459633620-ongzi.jpg,
Aglaonema simplex,256366334,https://www.inaturalist.org/observations/256366334,459633607,https://inaturalist-open-data.s3.amazonaws.com/photos/459633607/original.jpg,cc-by,"(c) Ong Jyh Seng, some rights reserved (CC BY)",ongzi,Ong Jyh Seng,2024-12-27,"Taman Bukit Serdang, 43300 Seri Kembangan, Selangor, Malaysia",needs_id,False,3.0267025096,101.6909804811,2048,1536,no,simplex/inat-256366334-459633607-ongzi.jpg,
Aglaonema simplex,256366333,https://www.inaturalist.org/observations/256366333,459633595,https://inaturalist-open-data.s3.amazonaws.com/photos/459633595/original.jpg,cc-by,"(c) Ong Jyh Seng, some rights reserved (CC BY)",ongzi,Ong Jyh Seng,2024-12-27,"Taman Bukit Serdang, 43300 Seri Kembangan, Selangor, Malaysia",needs_id,False,3.0267025096,101.6909804811,2048,1536,no,simplex/inat-256366333-459633595-ongzi.jpg,
Aglaonema simplex,256366333,https://www.inaturalist.org/observations/256366333,459633599,https://inaturalist-open-data.s3.amazonaws.com/photos/459633599/original.jpg,cc-by,"(c) Ong Jyh Seng, some rights reserved (CC BY)",ongzi,Ong Jyh Seng,2024-12-27,"Taman Bukit Serdang, 43300 Seri Kembangan, Selangor, Malaysia",needs_id,False,3.0267025096,101.6909804811,2048,1536,no,simplex/inat-256366333-459633599-ongzi.jpg,
Aglaonema simplex,256366333,https://www.inaturalist.org/observations/256366333,459633605,https://inaturalist-open-data.s3.amazonaws.com/photos/459633605/original.jpg,cc-by,"(c) Ong Jyh Seng, some rights reserved (CC BY)",ongzi,Ong Jyh Seng,2024-12-27,"Taman Bukit Serdang, 43300 Seri Kembangan, Selangor, Malaysia",needs_id,False,3.0267025096,101.6909804811,2048,1536,no,simplex/inat-256366333-459633605-ongzi.jpg,
Aglaonema simplex,256366311,https://www.inaturalist.org/observations/256366311,459633471,https://inaturalist-open-data.s3.amazonaws.com/photos/459633471/original.jpg,cc-by,"(c) Ong Jyh Seng, some rights reserved (CC BY)",ongzi,Ong Jyh Seng,2024-12-27,"Taman Bukit Serdang, 43300 Seri Kembangan, Selangor, Malaysia",needs_id,False,3.0267025096,101.6909804811,2048,1536,no,simplex/inat-256366311-459633471-ongzi.jpg,
Aglaonema simplex,255769521,https://www.inaturalist.org/observations/255769521,458424438,https://inaturalist-open-data.s3.amazonaws.com/photos/458424438/original.jpg,cc-by-nc,"(c) Foo Chuan Wei, some rights reserved (CC BY-NC)",cwfoo,Foo Chuan Wei,2024-12-13,"Bahagian Miri, Sarawak, Malaysia",needs_id,False,4.039422,114.816198,2048,1536,no,simplex/inat-255769521-458424438-cwfoo.jpg,
Aglaonema simplex,255769521,https://www.inaturalist.org/observations/255769521,458424443,https://inaturalist-open-data.s3.amazonaws.com/photos/458424443/original.jpg,cc-by-nc,"(c) Foo Chuan Wei, some rights reserved (CC BY-NC)",cwfoo,Foo Chuan Wei,2024-12-13,"Bahagian Miri, Sarawak, Malaysia",needs_id,False,4.039422,114.816198,2048,1536,no,simplex/inat-255769521-458424443-cwfoo.jpg,
Aglaonema simplex,248026089,https://www.inaturalist.org/observations/248026089,443090780,https://static.inaturalist.org/photos/443090780/original.jpeg,all-rights-reserved,"(c) Oliver Ingold, all rights reserved",oli_in_gold,Oliver Ingold,2024-09-18,"Sabah, MY",research,True,6.0020623828,116.6882586916,1365,2048,no,simplex/inat-248026089-443090780-oli_in_gold.jpeg,
Aglaonema simplex,244652496,https://www.inaturalist.org/observations/244652496,436439962,https://static.inaturalist.org/photos/436439962/original.jpeg,all-rights-reserved,"(c) Oliver Ingold, all rights reserved",oli_in_gold,Oliver Ingold,2024-09-14,"Marudi, MY-SK, MY",needs_id,True,4.0306630367,114.8134063846,1365,2048,no,simplex/inat-244652496-436439962-oli_in_gold.jpeg,
Aglaonema simplex,244652496,https://www.inaturalist.org/observations/244652496,436439982,https://static.inaturalist.org/photos/436439982/original.jpeg,all-rights-reserved,"(c) Oliver Ingold, all rights reserved",oli_in_gold,Oliver Ingold,2024-09-14,"Marudi, MY-SK, MY",needs_id,True,4.0306630367,114.8134063846,1365,2048,no,simplex/inat-244652496-436439982-oli_in_gold.jpeg,
Aglaonema simplex,238747587,https://www.inaturalist.org/observations/238747587,425100358,https://inaturalist-open-data.s3.amazonaws.com/photos/425100358/original.jpeg,cc-by,"(c) Utain Pummarin, some rights reserved (CC BY)",utain,Utain Pummarin,2024-08-30,"Phu Khang, Phra Phutthabat District, Saraburi, Thailand",needs_id,False,14.6916193735,100.7910167053,1370,2048,no,simplex/inat-238747587-425100358-utain.jpeg,
Aglaonema simplex,238747587,https://www.inaturalist.org/observations/238747587,425100386,https://inaturalist-open-data.s3.amazonaws.com/photos/425100386/original.jpeg,cc-by,"(c) Utain Pummarin, some rights reserved (CC BY)",utain,Utain Pummarin,2024-08-30,"Phu Khang, Phra Phutthabat District, Saraburi, Thailand",needs_id,False,14.6916193735,100.7910167053,1536,2048,no,simplex/inat-238747587-425100386-utain.jpeg,
Aglaonema simplex,236675520,https://www.inaturalist.org/observations/236675520,421094614,https://inaturalist-open-data.s3.amazonaws.com/photos/421094614/original.jpeg,cc-by-nc,"(c) pavelkornev, some rights reserved (CC BY-NC)",pavelkornev,,2024-08-19,"Hua Khuan, Phuket 83120, Thailand",needs_id,False,7.9619,98.3104316,1536,2048,no,simplex/inat-236675520-421094614-pavelkornev.jpeg,
Aglaonema simplex,236675520,https://www.inaturalist.org/observations/236675520,421094625,https://inaturalist-open-data.s3.amazonaws.com/photos/421094625/original.jpeg,cc-by-nc,"(c) pavelkornev, some rights reserved (CC BY-NC)",pavelkornev,,2024-08-19,"Hua Khuan, Phuket 83120, Thailand",needs_id,False,7.9619,98.3104316,1536,2048,no,simplex/inat-236675520-421094625-pavelkornev.jpeg,
Aglaonema simplex,229669782,https://www.inaturalist.org/observations/229669782,407706861,https://static.inaturalist.org/photos/407706861/original.jpeg,all-rights-reserved,"(c) Divina, all rights reserved",divina9,Divina,2024-07-16,"Bukit Timah Nature Reserve, Singapore, SG, SG",needs_id,False,1.3529716667,103.77703,1536,2048,no,simplex/inat-229669782-407706861-divina9.jpeg,
Aglaonema simplex,229669782,https://www.inaturalist.org/observations/229669782,407706893,https://static.inaturalist.org/photos/407706893/original.jpeg,all-rights-reserved,"(c) Divina, all rights reserved",divina9,Divina,2024-07-16,"Bukit Timah Nature Reserve, Singapore, SG, SG",needs_id,False,1.3529716667,103.77703,1536,2048,no,simplex/inat-229669782-407706893-divina9.jpeg,
Aglaonema simplex,215743441,https://www.inaturalist.org/observations/215743441,381469615,https://static.inaturalist.org/photos/381469615/original.jpg,all-rights-reserved,"(c) Saroj Ruchisansakun, all rights reserved",sarojruchisansakun,Saroj Ruchisansakun,2024-05-14,"อุทยานแห่งชาติเขาปู่-เขาย่า, อ.ศรีบรรพต, จ.พัทลุง, TH",needs_id,False,7.6655583333,99.8725583333,1536,2048,no,simplex/inat-215743441-381469615-sarojruchisansakun.jpg,
Aglaonema simplex,215732375,https://www.inaturalist.org/observations/215732375,381449645,https://static.inaturalist.org/photos/381449645/original.jpg,all-rights-reserved,"(c) Saroj Ruchisansakun, all rights reserved",sarojruchisansakun,Saroj Ruchisansakun,2024-05-14,"อุทยานแห่งชาติเขาปู่-เขาย่า, อ.ศรีบรรพต, จ.พัทลุง, TH",needs_id,False,7.6734883333,99.8709333333,1536,2048,no,simplex/inat-215732375-381449645-sarojruchisansakun.jpg,
Aglaonema simplex,209529499,https://www.inaturalist.org/observations/209529499,370773633,https://inaturalist-open-data.s3.amazonaws.com/photos/370773633/original.jpeg,cc-by-nc,"(c) Kroolek Reinthong, some rights reserved (CC BY-NC)",reinthong,Kroolek Reinthong,2024-04-22,ตำบล ปากทรง อำเภอ พะโต๊ะ ชุมพร 86180 ประเทศไทย,needs_id,False,9.7292239666,98.680801568,2000,1336,no,simplex/inat-209529499-370773633-reinthong.jpeg,
Aglaonema simplex,209529499,https://www.inaturalist.org/observations/209529499,370774273,https://inaturalist-open-data.s3.amazonaws.com/photos/370774273/original.jpeg,cc-by-nc,"(c) Kroolek Reinthong, some rights reserved (CC BY-NC)",reinthong,Kroolek Reinthong,2024-04-22,ตำบล ปากทรง อำเภอ พะโต๊ะ ชุมพร 86180 ประเทศไทย,needs_id,False,9.7292239666,98.680801568,2000,1500,no,simplex/inat-209529499-370774273-reinthong.jpeg,
Aglaonema simplex,197175283,https://www.inaturalist.org/observations/197175283,347209956,https://inaturalist-open-data.s3.amazonaws.com/photos/347209956/original.jpg,cc-by-nc,"(c) Franklin Charles Graham IV, some rights reserved (CC BY-NC)",franklincgrahamiv,Franklin Charles Graham IV,2012-02-07,"Perdana Botanical Gardens, Kuala Lumpur, Federal Territory of Kuala Lumpur, Malaysia",research,False,3.1428895613,101.6795957042,720,960,no,simplex/inat-197175283-347209956-franklincgrahamiv.jpg,
Aglaonema simplex,196981284,https://www.inaturalist.org/observations/196981284,346821217,https://inaturalist-open-data.s3.amazonaws.com/photos/346821217/original.jpeg,cc-by-nc,"(c) Akmal Idham, some rights reserved (CC BY-NC)",akmal_idham,Akmal Idham,2024-01-18,"Simpang Pertang, Negeri Sembilan, Malaysia",needs_id,False,2.980275,102.2546111111,1542,2048,no,simplex/inat-196981284-346821217-akmal_idham.jpeg,
Aglaonema simplex,196981284,https://www.inaturalist.org/observations/196981284,346821226,https://inaturalist-open-data.s3.amazonaws.com/photos/346821226/original.jpeg,cc-by-nc,"(c) Akmal Idham, some rights reserved (CC BY-NC)",akmal_idham,Akmal Idham,2024-01-18,"Simpang Pertang, Negeri Sembilan, Malaysia",needs_id,False,2.980275,102.2546111111,1542,2048,no,simplex/inat-196981284-346821226-akmal_idham.jpeg,
Aglaonema simplex,196981284,https://www.inaturalist.org/observations/196981284,346821234,https://inaturalist-open-data.s3.amazonaws.com/photos/346821234/original.jpeg,cc-by-nc,"(c) Akmal Idham, some rights reserved (CC BY-NC)",akmal_idham,Akmal Idham,2024-01-18,"Simpang Pertang, Negeri Sembilan, Malaysia",needs_id,False,2.980275,102.2546111111,1542,2048,no,simplex/inat-196981284-346821234-akmal_idham.jpeg,
Aglaonema simplex,196981284,https://www.inaturalist.org/observations/196981284,346821242,https://inaturalist-open-data.s3.amazonaws.com/photos/346821242/original.jpeg,cc-by-nc,"(c) Akmal Idham, some rights reserved (CC BY-NC)",akmal_idham,Akmal Idham,2024-01-18,"Simpang Pertang, Negeri Sembilan, Malaysia",needs_id,False,2.980275,102.2546111111,1542,2048,no,simplex/inat-196981284-346821242-akmal_idham.jpeg,
Aglaonema simplex,196981284,https://www.inaturalist.org/observations/196981284,346821246,https://inaturalist-open-data.s3.amazonaws.com/photos/346821246/original.jpeg,cc-by-nc,"(c) Akmal Idham, some rights reserved (CC BY-NC)",akmal_idham,Akmal Idham,2024-01-18,"Simpang Pertang, Negeri Sembilan, Malaysia",needs_id,False,2.980275,102.2546111111,1542,2048,no,simplex/inat-196981284-346821246-akmal_idham.jpeg,
Aglaonema simplex,196981284,https://www.inaturalist.org/observations/196981284,346821250,https://inaturalist-open-data.s3.amazonaws.com/photos/346821250/original.jpeg,cc-by-nc,"(c) Akmal Idham, some rights reserved (CC BY-NC)",akmal_idham,Akmal Idham,2024-01-18,"Simpang Pertang, Negeri Sembilan, Malaysia",needs_id,False,2.980275,102.2546111111,1542,2048,no,simplex/inat-196981284-346821250-akmal_idham.jpeg,
Aglaonema simplex,196981284,https://www.inaturalist.org/observations/196981284,346821255,https://inaturalist-open-data.s3.amazonaws.com/photos/346821255/original.jpeg,cc-by-nc,"(c) Akmal Idham, some rights reserved (CC BY-NC)",akmal_idham,Akmal Idham,2024-01-18,"Simpang Pertang, Negeri Sembilan, Malaysia",needs_id,False,2.980275,102.2546111111,1542,2048,no,simplex/inat-196981284-346821255-akmal_idham.jpeg,
Aglaonema simplex,196981284,https://www.inaturalist.org/observations/196981284,346821268,https://inaturalist-open-data.s3.amazonaws.com/photos/346821268/original.jpeg,cc-by-nc,"(c) Akmal Idham, some rights reserved (CC BY-NC)",akmal_idham,Akmal Idham,2024-01-18,"Simpang Pertang, Negeri Sembilan, Malaysia",needs_id,False,2.980275,102.2546111111,1542,2048,no,simplex/inat-196981284-346821268-akmal_idham.jpeg,
Aglaonema simplex,196830427,https://www.inaturalist.org/observations/196830427,346512349,https://inaturalist-open-data.s3.amazonaws.com/photos/346512349/original.jpeg,cc-by-nc,"(c) должанский, some rights reserved (CC BY-NC)",dolzhanskiy,должанский,2015-03-12,"Мири, Сарауак, Малайзия",needs_id,False,4.01525,114.815501,1365,2048,no,simplex/inat-196830427-346512349-dolzhanskiy.jpeg,
Aglaonema simplex,196830427,https://www.inaturalist.org/observations/196830427,346512474,https://inaturalist-open-data.s3.amazonaws.com/photos/346512474/original.jpeg,cc-by-nc,"(c) должанский, some rights reserved (CC BY-NC)",dolzhanskiy,должанский,2015-03-12,"Мири, Сарауак, Малайзия",needs_id,False,4.01525,114.815501,1365,2048,no,simplex/inat-196830427-346512474-dolzhanskiy.jpeg,
Aglaonema simplex,196830427,https://www.inaturalist.org/observations/196830427,346512536,https://inaturalist-open-data.s3.amazonaws.com/photos/346512536/original.jpeg,cc-by-nc,"(c) должанский, some rights reserved (CC BY-NC)",dolzhanskiy,должанский,2015-03-12,"Мири, Сарауак, Малайзия",needs_id,False,4.01525,114.815501,1365,2048,no,simplex/inat-196830427-346512536-dolzhanskiy.jpeg,
Aglaonema simplex,195482838,https://www.inaturalist.org/observations/195482838,343915519,https://static.inaturalist.org/photos/343915519/original.jpg,all-rights-reserved,"(c) Saroj Ruchisansakun, all rights reserved",sarojruchisansakun,Saroj Ruchisansakun,2024-01-01,"ต้าผามอก, ลอง, จ.แพร่, TH",research,False,18.1598528333,100.0041277833,2048,1536,no,simplex/inat-195482838-343915519-sarojruchisansakun.jpg,
Aglaonema simplex,195482838,https://www.inaturalist.org/observations/195482838,343915531,https://static.inaturalist.org/photos/343915531/original.jpg,all-rights-reserved,"(c) Saroj Ruchisansakun, all rights reserved",sarojruchisansakun,Saroj Ruchisansakun,2024-01-01,"ต้าผามอก, ลอง, จ.แพร่, TH",research,False,18.1598528333,100.0041277833,2048,1536,no,simplex/inat-195482838-343915531-sarojruchisansakun.jpg,
Aglaonema simplex,195482838,https://www.inaturalist.org/observations/195482838,343915558,https://static.inaturalist.org/photos/343915558/original.jpg,all-rights-reserved,"(c) Saroj Ruchisansakun, all rights reserved",sarojruchisansakun,Saroj Ruchisansakun,2024-01-01,"ต้าผามอก, ลอง, จ.แพร่, TH",research,False,18.1598528333,100.0041277833,2048,1536,no,simplex/inat-195482838-343915558-sarojruchisansakun.jpg,
Aglaonema simplex,195482838,https://www.inaturalist.org/observations/195482838,343915578,https://static.inaturalist.org/photos/343915578/original.jpg,all-rights-reserved,"(c) Saroj Ruchisansakun, all rights reserved",sarojruchisansakun,Saroj Ruchisansakun,2024-01-01,"ต้าผามอก, ลอง, จ.แพร่, TH",research,False,18.1598528333,100.0041277833,2048,1536,no,simplex/inat-195482838-343915578-sarojruchisansakun.jpg,
Aglaonema simplex,192703865,https://www.inaturalist.org/observations/192703865,338350560,https://inaturalist-open-data.s3.amazonaws.com/photos/338350560/original.jpeg,cc-by-nc,"(c) kyosapir, some rights reserved (CC BY-NC)",kyosapir,,2023-11-23,中国云南省西双版纳傣族自治州勐腊县,research,False,21.9205116667,101.2695866667,2048,1365,no,simplex/inat-192703865-338350560-kyosapir.jpeg,
Aglaonema simplex,192269240,https://www.inaturalist.org/observations/192269240,337488964,https://static.inaturalist.org/photos/337488964/original.jpeg,all-rights-reserved,"(c) Sieben Gutker de Geus, all rights reserved",siebengutkerdegeus,Sieben Gutker de Geus,2023-11-25,"Salakphet Nuea, Ko Chang District, Trat 23170, Thailand",needs_id,False,12.0071972222,102.3533833333,2048,1151,no,simplex/inat-192269240-337488964-siebengutkerdegeus.jpeg,
Aglaonema simplex,188876060,https://www.inaturalist.org/observations/188876060,330712634,https://inaturalist-open-data.s3.amazonaws.com/photos/330712634/original.jpg,cc-by-nc,"(c) bananacheek, some rights reserved (CC BY-NC)",bananacheek,,2023-10-25,"Ko Samui, TH-ST, TH",research,False,9.4912161934,100.0319661168,1536,2048,no,simplex/inat-188876060-330712634-bananacheek.jpg,
Aglaonema simplex,188619365,https://www.inaturalist.org/observations/188619365,330182410,https://static.inaturalist.org/photos/330182410/original.jpeg,all-rights-reserved,"(c) อัฐพร ทิมโค่น, all rights reserved",auttpon,อัฐพร ทิมโค่น,2023-10-22,ทุ่งน้อย ราชบุรี ประเทศไทย,needs_id,False,13.6007575833,99.6753845,2048,921,no,simplex/inat-188619365-330182410-auttpon.jpeg,
Aglaonema simplex,180672547,https://www.inaturalist.org/observations/180672547,314757177,https://inaturalist-open-data.s3.amazonaws.com/photos/314757177/original.jpg,cc-by-nc,"(c) jw66, some rights reserved (CC BY-NC)",jw66,,2023-07-16,"Kinabalu, Ranau, Sabah, Malaysia",research,False,6.05086755,116.7022094667,2048,1151,no,simplex/inat-180672547-314757177-jw66.jpg,
Aglaonema simplex,178135232,https://www.inaturalist.org/observations/178135232,309917860,https://inaturalist-open-data.s3.amazonaws.com/photos/309917860/original.jpeg,cc-by-nc,"(c) Pierre-Louis Stenger, some rights reserved (CC BY-NC)",pl_stenger,Pierre-Louis Stenger,2023-08-07,"Tawau, Sabah, Malaysia",research,False,4.4006572382,117.8892635166,2048,1365,no,simplex/inat-178135232-309917860-pl_stenger.jpeg,
Aglaonema simplex,171342962,https://www.inaturalist.org/observations/171342962,297316482,https://inaturalist-open-data.s3.amazonaws.com/photos/297316482/original.jpeg,cc-by-nc,"(c) Hani Ristiawan, some rights reserved (CC BY-NC)",haniristiawan,Hani Ristiawan,2022-02-03,"Kabupaten Sekadau, Kalimantan Barat, Indonesia",research,False,0.1661862924,111.0372847717,2048,1536,no,simplex/inat-171342962-297316482-haniristiawan.jpeg,
Aglaonema simplex,171342962,https://www.inaturalist.org/observations/171342962,297316538,https://inaturalist-open-data.s3.amazonaws.com/photos/297316538/original.jpeg,cc-by-nc,"(c) Hani Ristiawan, some rights reserved (CC BY-NC)",haniristiawan,Hani Ristiawan,2022-02-03,"Kabupaten Sekadau, Kalimantan Barat, Indonesia",research,False,0.1661862924,111.0372847717,2048,1536,no,simplex/inat-171342962-297316538-haniristiawan.jpeg,
Aglaonema simplex,169740242,https://www.inaturalist.org/observations/169740242,294302857,https://inaturalist-open-data.s3.amazonaws.com/photos/294302857/original.jpeg,cc-by,"(c) scallions, some rights reserved (CC BY)",scallions,,2023-06-26,"Bukit Panjang, Singapore",research,False,1.3482444444,103.7778472222,1536,2048,no,simplex/inat-169740242-294302857-scallions.jpeg,
Aglaonema simplex,169740242,https://www.inaturalist.org/observations/169740242,294302866,https://inaturalist-open-data.s3.amazonaws.com/photos/294302866/original.jpeg,cc-by,"(c) scallions, some rights reserved (CC BY)",scallions,,2023-06-26,"Bukit Panjang, Singapore",research,False,1.3482444444,103.7778472222,2048,1536,no,simplex/inat-169740242-294302866-scallions.jpeg,
Aglaonema simplex,169740242,https://www.inaturalist.org/observations/169740242,294302881,https://inaturalist-open-data.s3.amazonaws.com/photos/294302881/original.jpeg,cc-by,"(c) scallions, some rights reserved (CC BY)",scallions,,2023-06-26,"Bukit Panjang, Singapore",research,False,1.3482444444,103.7778472222,1536,2048,no,simplex/inat-169740242-294302881-scallions.jpeg,
Aglaonema simplex,169740242,https://www.inaturalist.org/observations/169740242,294302890,https://inaturalist-open-data.s3.amazonaws.com/photos/294302890/original.jpeg,cc-by,"(c) scallions, some rights reserved (CC BY)",scallions,,2023-06-26,"Bukit Panjang, Singapore",research,False,1.3482444444,103.7778472222,1536,2048,no,simplex/inat-169740242-294302890-scallions.jpeg,
Aglaonema simplex,169740242,https://www.inaturalist.org/observations/169740242,294302899,https://inaturalist-open-data.s3.amazonaws.com/photos/294302899/original.jpeg,cc-by,"(c) scallions, some rights reserved (CC BY)",scallions,,2023-06-26,"Bukit Panjang, Singapore",research,False,1.3482444444,103.7778472222,1536,2048,no,simplex/inat-169740242-294302899-scallions.jpeg,
Aglaonema simplex,169740242,https://www.inaturalist.org/observations/169740242,294302907,https://inaturalist-open-data.s3.amazonaws.com/photos/294302907/original.jpeg,cc-by,"(c) scallions, some rights reserved (CC BY)",scallions,,2023-06-26,"Bukit Panjang, Singapore",research,False,1.3482444444,103.7778472222,1536,2048,no,simplex/inat-169740242-294302907-scallions.jpeg,
Aglaonema simplex,169740242,https://www.inaturalist.org/observations/169740242,294302916,https://inaturalist-open-data.s3.amazonaws.com/photos/294302916/original.jpeg,cc-by,"(c) scallions, some rights reserved (CC BY)",scallions,,2023-06-26,"Bukit Panjang, Singapore",research,False,1.3482444444,103.7778472222,2048,1536,no,simplex/inat-169740242-294302916-scallions.jpeg,
Aglaonema simplex,169740242,https://www.inaturalist.org/observations/169740242,294302923,https://inaturalist-open-data.s3.amazonaws.com/photos/294302923/original.jpeg,cc-by,"(c) scallions, some rights reserved (CC BY)",scallions,,2023-06-26,"Bukit Panjang, Singapore",research,False,1.3482444444,103.7778472222,1536,2048,no,simplex/inat-169740242-294302923-scallions.jpeg,
Aglaonema simplex,169740242,https://www.inaturalist.org/observations/169740242,294302929,https://inaturalist-open-data.s3.amazonaws.com/photos/294302929/original.jpeg,cc-by,"(c) scallions, some rights reserved (CC BY)",scallions,,2023-06-26,"Bukit Panjang, Singapore",research,False,1.3482444444,103.7778472222,2048,1536,no,simplex/inat-169740242-294302929-scallions.jpeg,
Aglaonema simplex,163069134,https://www.inaturalist.org/observations/163069134,282011163,https://inaturalist-open-data.s3.amazonaws.com/photos/282011163/original.jpg,cc-by,"(c) Kiwi Shen, some rights reserved (CC BY)",kiwishen,Kiwi Shen,2023-04-02,"Taman Negara Santubong, Kuching, 砂拉越, MY",needs_id,False,1.7531916667,110.3253116667,1536,2048,no,simplex/inat-163069134-282011163-kiwishen.jpg,
Aglaonema simplex,163069134,https://www.inaturalist.org/observations/163069134,282011170,https://inaturalist-open-data.s3.amazonaws.com/photos/282011170/original.jpg,cc-by,"(c) Kiwi Shen, some rights reserved (CC BY)",kiwishen,Kiwi Shen,2023-04-02,"Taman Negara Santubong, Kuching, 砂拉越, MY",needs_id,False,1.7531916667,110.3253116667,1536,2048,no,simplex/inat-163069134-282011170-kiwishen.jpg,
Aglaonema simplex,162268806,https://www.inaturalist.org/observations/162268806,280569127,https://inaturalist-open-data.s3.amazonaws.com/photos/280569127/original.jpg,cc-by,"(c) Kiwi Shen, some rights reserved (CC BY)",kiwishen,Kiwi Shen,2023-04-02,"Taman Negara Santubong, Kuching, 砂拉越, MY",needs_id,False,1.7526,110.3215716667,1536,2048,no,simplex/inat-162268806-280569127-kiwishen.jpg,
Aglaonema simplex,155440697,https://www.inaturalist.org/observations/155440697,268693250,https://inaturalist-open-data.s3.amazonaws.com/photos/268693250/original.jpeg,cc-by-nc-sa,"(c) Kuan-Chieh (Chuck) Hung, some rights reserved (CC BY-NC-SA)",pseudoshuigeeee,Kuan-Chieh (Chuck) Hung,2023-04-03,"Sepilok, 90000 Sandakan, Sabah, 馬來西亞",needs_id,False,5.87259,117.9409983333,2048,1536,no,simplex/inat-155440697-268693250-pseudoshuigeeee.jpeg,
Aglaonema simplex,155440697,https://www.inaturalist.org/observations/155440697,268693277,https://inaturalist-open-data.s3.amazonaws.com/photos/268693277/original.jpeg,cc-by-nc-sa,"(c) Kuan-Chieh (Chuck) Hung, some rights reserved (CC BY-NC-SA)",pseudoshuigeeee,Kuan-Chieh (Chuck) Hung,2023-04-03,"Sepilok, 90000 Sandakan, Sabah, 馬來西亞",needs_id,False,5.87259,117.9409983333,2048,1536,no,simplex/inat-155440697-268693277-pseudoshuigeeee.jpeg,
Aglaonema simplex,154689494,https://www.inaturalist.org/observations/154689494,267300043,https://static.inaturalist.org/photos/267300043/original.jpeg,all-rights-reserved,"(c) Bridelia, all rights reserved",bridelia,Bridelia,2022-12-26,Vietnam,needs_id,True,20.3407081541,105.7473037158,2048,1365,no,simplex/inat-154689494-267300043-bridelia.jpeg,
Aglaonema simplex,154689494,https://www.inaturalist.org/observations/154689494,267300056,https://static.inaturalist.org/photos/267300056/original.jpeg,all-rights-reserved,"(c) Bridelia, all rights reserved",bridelia,Bridelia,2022-12-26,Vietnam,needs_id,True,20.3407081541,105.7473037158,2048,1365,no,simplex/inat-154689494-267300056-bridelia.jpeg,
Aglaonema simplex,154689494,https://www.inaturalist.org/observations/154689494,267300036,https://static.inaturalist.org/photos/267300036/original.jpeg,all-rights-reserved,"(c) Bridelia, all rights reserved",bridelia,Bridelia,2022-12-26,Vietnam,needs_id,True,20.3407081541,105.7473037158,2048,1365,no,simplex/inat-154689494-267300036-bridelia.jpeg,
Aglaonema simplex,153035739,https://www.inaturalist.org/observations/153035739,264264836,https://inaturalist-open-data.s3.amazonaws.com/photos/264264836/original.jpeg,cc-by,"(c) pbsg, some rights reserved (CC BY)",plantbrosg,pbsg,2022-08-16,Bukit Timah Nature Reserve,research,False,1.3540562289,103.7769453228,2048,2048,no,simplex/inat-153035739-264264836-plantbrosg.jpeg,
Aglaonema simplex,153035739,https://www.inaturalist.org/observations/153035739,264264854,https://inaturalist-open-data.s3.amazonaws.com/photos/264264854/original.jpeg,cc-by,"(c) pbsg, some rights reserved (CC BY)",plantbrosg,pbsg,2022-08-16,Bukit Timah Nature Reserve,research,False,1.3540562289,103.7769453228,2048,2048,no,simplex/inat-153035739-264264854-plantbrosg.jpeg,
Aglaonema simplex,153035739,https://www.inaturalist.org/observations/153035739,264264871,https://inaturalist-open-data.s3.amazonaws.com/photos/264264871/original.jpeg,cc-by,"(c) pbsg, some rights reserved (CC BY)",plantbrosg,pbsg,2022-08-16,Bukit Timah Nature Reserve,research,False,1.3540562289,103.7769453228,2048,2048,no,simplex/inat-153035739-264264871-plantbrosg.jpeg,
Aglaonema simplex,153035739,https://www.inaturalist.org/observations/153035739,264264884,https://inaturalist-open-data.s3.amazonaws.com/photos/264264884/original.jpeg,cc-by,"(c) pbsg, some rights reserved (CC BY)",plantbrosg,pbsg,2022-08-16,Bukit Timah Nature Reserve,research,False,1.3540562289,103.7769453228,2048,2048,no,simplex/inat-153035739-264264884-plantbrosg.jpeg,
Aglaonema simplex,153035739,https://www.inaturalist.org/observations/153035739,264264899,https://inaturalist-open-data.s3.amazonaws.com/photos/264264899/original.jpeg,cc-by,"(c) pbsg, some rights reserved (CC BY)",plantbrosg,pbsg,2022-08-16,Bukit Timah Nature Reserve,research,False,1.3540562289,103.7769453228,2048,2048,no,simplex/inat-153035739-264264899-plantbrosg.jpeg,
Aglaonema simplex,153035739,https://www.inaturalist.org/observations/153035739,264264918,https://inaturalist-open-data.s3.amazonaws.com/photos/264264918/original.jpeg,cc-by,"(c) pbsg, some rights reserved (CC BY)",plantbrosg,pbsg,2022-08-16,Bukit Timah Nature Reserve,research,False,1.3540562289,103.7769453228,2048,2048,no,simplex/inat-153035739-264264918-plantbrosg.jpeg,
Aglaonema simplex,153035739,https://www.inaturalist.org/observations/153035739,264264934,https://inaturalist-open-data.s3.amazonaws.com/photos/264264934/original.jpeg,cc-by,"(c) pbsg, some rights reserved (CC BY)",plantbrosg,pbsg,2022-08-16,Bukit Timah Nature Reserve,research,False,1.3540562289,103.7769453228,2048,2048,no,simplex/inat-153035739-264264934-plantbrosg.jpeg,
Aglaonema simplex,153035739,https://www.inaturalist.org/observations/153035739,264264953,https://inaturalist-open-data.s3.amazonaws.com/photos/264264953/original.jpeg,cc-by,"(c) pbsg, some rights reserved (CC BY)",plantbrosg,pbsg,2022-08-16,Bukit Timah Nature Reserve,research,False,1.3540562289,103.7769453228,2048,2048,no,simplex/inat-153035739-264264953-plantbrosg.jpeg,
Aglaonema simplex,152831544,https://www.inaturalist.org/observations/152831544,263880856,https://inaturalist-open-data.s3.amazonaws.com/photos/263880856/original.jpg,cc-by-nc,"(c) eec, some rights reserved (CC BY-NC)",eec2022,eec,2023-03-29,中国云南省西双版纳傣族自治州勐腊县W7J2+RX3 邮政编码: 666303,needs_id,False,21.932023,101.252419,1000,1500,no,simplex/inat-152831544-263880856-eec2022.jpg,
Aglaonema simplex,147373245,https://www.inaturalist.org/observations/147373245,253579976,https://inaturalist-open-data.s3.amazonaws.com/photos/253579976/original.jpeg,cc-by,"(c) portioid, some rights reserved (CC BY)",portioid,portioid,2023-01-26,"Phaya Yen, Pak Chong District, Nakhon Ratchasima 30320, Thailand",research,False,14.5967138889,101.2287138889,1536,2048,no,simplex/inat-147373245-253579976-portioid.jpeg,
Aglaonema simplex,142887092,https://www.inaturalist.org/observations/142887092,254209493,https://static.inaturalist.org/photos/254209493/original.jpg,all-rights-reserved,"(c) Chanel Mahavongsnunt, all rights reserved",chanel_mahavongsnunt,Chanel Mahavongsnunt,2022-11-26,"Tha Kradan, Si Sawat, Kanchanaburi, TH",research,False,14.3734585913,99.1448933166,1536,2048,no,simplex/inat-142887092-254209493-chanel_mahavongsnunt.jpg,
Aglaonema simplex,137835457,https://www.inaturalist.org/observations/137835457,235479889,https://inaturalist-open-data.s3.amazonaws.com/photos/235479889/original.jpeg,cc-by-nc,"(c) guanhong, some rights reserved (CC BY-NC)",guanhong,guanhong,2022-10-07,云南省西双版纳傣族自治州勐腊县勐仑镇213国道中国科学院西双版纳热带植物园,research,False,21.9205665588,101.2777633667,1536,2048,no,simplex/inat-137835457-235479889-guanhong.jpeg,
Aglaonema simplex,137835457,https://www.inaturalist.org/observations/137835457,235479900,https://inaturalist-open-data.s3.amazonaws.com/photos/235479900/original.jpeg,cc-by-nc,"(c) guanhong, some rights reserved (CC BY-NC)",guanhong,guanhong,2022-10-07,云南省西双版纳傣族自治州勐腊县勐仑镇213国道中国科学院西双版纳热带植物园,research,False,21.9205665588,101.2777633667,1536,2048,no,simplex/inat-137835457-235479900-guanhong.jpeg,
Aglaonema simplex,137835457,https://www.inaturalist.org/observations/137835457,235479907,https://inaturalist-open-data.s3.amazonaws.com/photos/235479907/original.jpeg,cc-by-nc,"(c) guanhong, some rights reserved (CC BY-NC)",guanhong,guanhong,2022-10-07,云南省西双版纳傣族自治州勐腊县勐仑镇213国道中国科学院西双版纳热带植物园,research,False,21.9205665588,101.2777633667,2048,1536,no,simplex/inat-137835457-235479907-guanhong.jpeg,
Aglaonema simplex,113318229,https://www.inaturalist.org/observations/113318229,191474359,https://static.inaturalist.org/photos/191474359/original.jpg,all-rights-reserved,"(c) Kierr Jasper Sancover, all rights reserved",curiosity,Kierr Jasper Sancover,2022-04-23,"Misamis Oriental, Philippines",research,False,8.5045558,124.6219592,1152,2048,no,simplex/inat-113318229-191474359-curiosity.jpg,
Aglaonema simplex,113318229,https://www.inaturalist.org/observations/113318229,191475406,https://static.inaturalist.org/photos/191475406/original.jpg,all-rights-reserved,"(c) Kierr Jasper Sancover, all rights reserved",curiosity,Kierr Jasper Sancover,2022-04-23,"Misamis Oriental, Philippines",research,False,8.5045558,124.6219592,921,2048,no,simplex/inat-113318229-191475406-curiosity.jpg,
Aglaonema simplex,113318229,https://www.inaturalist.org/observations/113318229,191475422,https://static.inaturalist.org/photos/191475422/original.jpg,all-rights-reserved,"(c) Kierr Jasper Sancover, all rights reserved",curiosity,Kierr Jasper Sancover,2022-04-23,"Misamis Oriental, Philippines",research,False,8.5045558,124.6219592,923,2048,no,simplex/inat-113318229-191475422-curiosity.jpg,
Aglaonema simplex,113318229,https://www.inaturalist.org/observations/113318229,191475430,https://static.inaturalist.org/photos/191475430/original.jpg,all-rights-reserved,"(c) Kierr Jasper Sancover, all rights reserved",curiosity,Kierr Jasper Sancover,2022-04-23,"Misamis Oriental, Philippines",research,False,8.5045558,124.6219592,1152,2048,no,simplex/inat-113318229-191475430-curiosity.jpg,
Aglaonema simplex,111655309,https://www.inaturalist.org/observations/111655309,188514707,https://static.inaturalist.org/photos/188514707/original.jpg,all-rights-reserved,"(c) Kasorn Klankhunthod, all rights reserved",kasorn,Kasorn Klankhunthod,2022-01-30,"Nakhon Ratchasima, TH",research,True,15.1009299189,102.0793813247,1536,2048,no,simplex/inat-111655309-188514707-kasorn.jpg,
Aglaonema simplex,111655309,https://www.inaturalist.org/observations/111655309,188514742,https://static.inaturalist.org/photos/188514742/original.jpg,all-rights-reserved,"(c) Kasorn Klankhunthod, all rights reserved",kasorn,Kasorn Klankhunthod,2022-01-30,"Nakhon Ratchasima, TH",research,True,15.1009299189,102.0793813247,1536,2048,no,simplex/inat-111655309-188514742-kasorn.jpg,
Aglaonema simplex,111655309,https://www.inaturalist.org/observations/111655309,188514791,https://static.inaturalist.org/photos/188514791/original.jpg,all-rights-reserved,"(c) Kasorn Klankhunthod, all rights reserved",kasorn,Kasorn Klankhunthod,2022-01-30,"Nakhon Ratchasima, TH",research,True,15.1009299189,102.0793813247,1536,2048,no,simplex/inat-111655309-188514791-kasorn.jpg,
Aglaonema simplex,111655309,https://www.inaturalist.org/observations/111655309,188514823,https://static.inaturalist.org/photos/188514823/original.jpg,all-rights-reserved,"(c) Kasorn Klankhunthod, all rights reserved",kasorn,Kasorn Klankhunthod,2022-01-30,"Nakhon Ratchasima, TH",research,True,15.1009299189,102.0793813247,1536,2048,no,simplex/inat-111655309-188514823-kasorn.jpg,
Aglaonema simplex,107476888,https://www.inaturalist.org/observations/107476888,180772325,https://inaturalist-open-data.s3.amazonaws.com/photos/180772325/original.jpg,cc-by-nc,"(c) phitchh, some rights reserved (CC BY-NC)",phitchh,,2022-02-06,"Nakhon Ratchasima, TH",research,True,15.215373282,101.8244699366,1536,2048,no,simplex/inat-107476888-180772325-phitchh.jpg,
Aglaonema simplex,107476888,https://www.inaturalist.org/observations/107476888,180772331,https://inaturalist-open-data.s3.amazonaws.com/photos/180772331/original.jpg,cc-by-nc,"(c) phitchh, some rights reserved (CC BY-NC)",phitchh,,2022-02-06,"Nakhon Ratchasima, TH",research,True,15.215373282,101.8244699366,1536,2048,no,simplex/inat-107476888-180772331-phitchh.jpg,
Aglaonema simplex,107476888,https://www.inaturalist.org/observations/107476888,180772341,https://inaturalist-open-data.s3.amazonaws.com/photos/180772341/original.jpg,cc-by-nc,"(c) phitchh, some rights reserved (CC BY-NC)",phitchh,,2022-02-06,"Nakhon Ratchasima, TH",research,True,15.215373282,101.8244699366,1536,2048,no,simplex/inat-107476888-180772341-phitchh.jpg,
Aglaonema simplex,107476888,https://www.inaturalist.org/observations/107476888,180772348,https://inaturalist-open-data.s3.amazonaws.com/photos/180772348/original.jpg,cc-by-nc,"(c) phitchh, some rights reserved (CC BY-NC)",phitchh,,2022-02-06,"Nakhon Ratchasima, TH",research,True,15.215373282,101.8244699366,1536,2048,no,simplex/inat-107476888-180772348-phitchh.jpg,
Aglaonema simplex,107365919,https://www.inaturalist.org/observations/107365919,180561484,https://static.inaturalist.org/photos/180561484/original.jpeg,all-rights-reserved,"(c) Niah National Park, all rights reserved",niah_national_park,Niah National Park,2022-01-12,"Niah, Sarawak, Malaysia",research,False,3.8176529997,113.7720386997,2048,956,no,simplex/inat-107365919-180561484-niah_national_park.jpeg,
Aglaonema simplex,107365919,https://www.inaturalist.org/observations/107365919,180561490,https://static.inaturalist.org/photos/180561490/original.jpeg,all-rights-reserved,"(c) Niah National Park, all rights reserved",niah_national_park,Niah National Park,2022-01-12,"Niah, Sarawak, Malaysia",research,False,3.8176529997,113.7720386997,956,2048,no,simplex/inat-107365919-180561490-niah_national_park.jpeg,
Aglaonema simplex,107365919,https://www.inaturalist.org/observations/107365919,223439386,https://static.inaturalist.org/photos/223439386/original.jpeg,all-rights-reserved,"(c) Niah National Park, all rights reserved",niah_national_park,Niah National Park,2022-01-12,"Niah, Sarawak, Malaysia",research,False,3.8176529997,113.7720386997,956,2048,no,simplex/inat-107365919-223439386-niah_national_park.jpeg,
Aglaonema simplex,107365919,https://www.inaturalist.org/observations/107365919,223439393,https://static.inaturalist.org/photos/223439393/original.jpeg,all-rights-reserved,"(c) Niah National Park, all rights reserved",niah_national_park,Niah National Park,2022-01-12,"Niah, Sarawak, Malaysia",research,False,3.8176529997,113.7720386997,956,2048,no,simplex/inat-107365919-223439393-niah_national_park.jpeg,
Aglaonema simplex,107365919,https://www.inaturalist.org/observations/107365919,223439397,https://static.inaturalist.org/photos/223439397/original.jpeg,all-rights-reserved,"(c) Niah National Park, all rights reserved",niah_national_park,Niah National Park,2022-01-12,"Niah, Sarawak, Malaysia",research,False,3.8176529997,113.7720386997,956,2048,no,simplex/inat-107365919-223439397-niah_national_park.jpeg,
Aglaonema simplex,107365919,https://www.inaturalist.org/observations/107365919,223439407,https://static.inaturalist.org/photos/223439407/original.jpeg,all-rights-reserved,"(c) Niah National Park, all rights reserved",niah_national_park,Niah National Park,2022-01-12,"Niah, Sarawak, Malaysia",research,False,3.8176529997,113.7720386997,956,2048,no,simplex/inat-107365919-223439407-niah_national_park.jpeg,
Aglaonema simplex,107178018,https://www.inaturalist.org/observations/107178018,180211779,https://inaturalist-open-data.s3.amazonaws.com/photos/180211779/original.jpg,cc-by,"(c) Forest Botial-Jarvis, some rights reserved (CC BY)",tiluchi,Forest Botial-Jarvis,2022-02-21,"Luzon, Sorsogon City, Sorsogon, PH",research,False,13.0240861667,123.91697,2048,1536,no,simplex/inat-107178018-180211779-tiluchi.jpg,
Aglaonema simplex,107178018,https://www.inaturalist.org/observations/107178018,180211783,https://inaturalist-open-data.s3.amazonaws.com/photos/180211783/original.jpg,cc-by,"(c) Forest Botial-Jarvis, some rights reserved (CC BY)",tiluchi,Forest Botial-Jarvis,2022-02-21,"Luzon, Sorsogon City, Sorsogon, PH",research,False,13.0240861667,123.91697,1536,2048,no,simplex/inat-107178018-180211783-tiluchi.jpg,
Aglaonema simplex,106301285,https://www.inaturalist.org/observations/106301285,178554075,https://inaturalist-open-data.s3.amazonaws.com/photos/178554075/original.jpeg,cc-by-nc,"(c) ab_satta, some rights reserved (CC BY-NC)",ab_satta,,2022-02-06,"Nakhon Ratchasima, TH",research,True,15.3169872818,101.6301863517,2048,1536,no,simplex/inat-106301285-178554075-ab_satta.jpeg,
Aglaonema simplex,106301285,https://www.inaturalist.org/observations/106301285,178554090,https://inaturalist-open-data.s3.amazonaws.com/photos/178554090/original.jpeg,cc-by-nc,"(c) ab_satta, some rights reserved (CC BY-NC)",ab_satta,,2022-02-06,"Nakhon Ratchasima, TH",research,True,15.3169872818,101.6301863517,2048,1536,no,simplex/inat-106301285-178554090-ab_satta.jpeg,
Aglaonema simplex,106301285,https://www.inaturalist.org/observations/106301285,178554120,https://inaturalist-open-data.s3.amazonaws.com/photos/178554120/original.jpeg,cc-by-nc,"(c) ab_satta, some rights reserved (CC BY-NC)",ab_satta,,2022-02-06,"Nakhon Ratchasima, TH",research,True,15.3169872818,101.6301863517,2048,1536,no,simplex/inat-106301285-178554120-ab_satta.jpeg,
Aglaonema simplex,106301285,https://www.inaturalist.org/observations/106301285,178554138,https://inaturalist-open-data.s3.amazonaws.com/photos/178554138/original.jpeg,cc-by-nc,"(c) ab_satta, some rights reserved (CC BY-NC)",ab_satta,,2022-02-06,"Nakhon Ratchasima, TH",research,True,15.3169872818,101.6301863517,1536,2048,no,simplex/inat-106301285-178554138-ab_satta.jpeg,
Aglaonema simplex,106301285,https://www.inaturalist.org/observations/106301285,178554158,https://inaturalist-open-data.s3.amazonaws.com/photos/178554158/original.jpeg,cc-by-nc,"(c) ab_satta, some rights reserved (CC BY-NC)",ab_satta,,2022-02-06,"Nakhon Ratchasima, TH",research,True,15.3169872818,101.6301863517,2048,1536,no,simplex/inat-106301285-178554158-ab_satta.jpeg,
Aglaonema simplex,106055387,https://www.inaturalist.org/observations/106055387,178084794,https://inaturalist-open-data.s3.amazonaws.com/photos/178084794/original.jpg,cc-by-nc,"(c) fahmmp, some rights reserved (CC BY-NC)",fahmmp,,2022-02-02,"Nakhon Ratchasima, TH",research,True,15.2319913236,102.0128793912,1536,2048,no,simplex/inat-106055387-178084794-fahmmp.jpg,
Aglaonema simplex,106055387,https://www.inaturalist.org/observations/106055387,178084805,https://inaturalist-open-data.s3.amazonaws.com/photos/178084805/original.jpg,cc-by-nc,"(c) fahmmp, some rights reserved (CC BY-NC)",fahmmp,,2022-02-02,"Nakhon Ratchasima, TH",research,True,15.2319913236,102.0128793912,1536,2048,no,simplex/inat-106055387-178084805-fahmmp.jpg,
Aglaonema simplex,101505979,https://www.inaturalist.org/observations/101505979,169533563,https://static.inaturalist.org/photos/169533563/original.jpg,all-rights-reserved,"(c) Nanthida Paha, all rights reserved",nanthida,Nanthida Paha,2021-11-20,"อุดมทรัพย์, อ.วังน้ำเขียว, จ.นครราชสีมา, TH",needs_id,False,14.5092908165,101.9296345511,1536,2048,no,simplex/inat-101505979-169533563-nanthida.jpg,
Aglaonema simplex,101505979,https://www.inaturalist.org/observations/101505979,169533575,https://static.inaturalist.org/photos/169533575/original.jpg,all-rights-reserved,"(c) Nanthida Paha, all rights reserved",nanthida,Nanthida Paha,2021-11-20,"อุดมทรัพย์, อ.วังน้ำเขียว, จ.นครราชสีมา, TH",needs_id,False,14.5092908165,101.9296345511,1536,2048,no,simplex/inat-101505979-169533575-nanthida.jpg,
Aglaonema simplex,101505979,https://www.inaturalist.org/observations/101505979,169533586,https://static.inaturalist.org/photos/169533586/original.jpg,all-rights-reserved,"(c) Nanthida Paha, all rights reserved",nanthida,Nanthida Paha,2021-11-20,"อุดมทรัพย์, อ.วังน้ำเขียว, จ.นครราชสีมา, TH",needs_id,False,14.5092908165,101.9296345511,1536,2048,no,simplex/inat-101505979-169533586-nanthida.jpg,
Aglaonema simplex,101505979,https://www.inaturalist.org/observations/101505979,169533595,https://static.inaturalist.org/photos/169533595/original.jpg,all-rights-reserved,"(c) Nanthida Paha, all rights reserved",nanthida,Nanthida Paha,2021-11-20,"อุดมทรัพย์, อ.วังน้ำเขียว, จ.นครราชสีมา, TH",needs_id,False,14.5092908165,101.9296345511,2048,1536,no,simplex/inat-101505979-169533595-nanthida.jpg,
Aglaonema simplex,101182782,https://www.inaturalist.org/observations/101182782,168949425,https://static.inaturalist.org/photos/168949425/original.jpg,all-rights-reserved,"(c) hidayatul latifah, all rights reserved",hidayatullatifah,hidayatul latifah,2021-10-04,"Kaltim, ID",needs_id,False,-0.4488381974,117.2142965892,2048,1565,no,simplex/inat-101182782-168949425-hidayatullatifah.jpg,
Aglaonema simplex,101182782,https://www.inaturalist.org/observations/101182782,168949432,https://static.inaturalist.org/photos/168949432/original.jpg,all-rights-reserved,"(c) hidayatul latifah, all rights reserved",hidayatullatifah,hidayatul latifah,2021-10-04,"Kaltim, ID",needs_id,False,-0.4488381974,117.2142965892,1536,2048,no,simplex/inat-101182782-168949432-hidayatullatifah.jpg,
Aglaonema simplex,101182782,https://www.inaturalist.org/observations/101182782,168949442,https://static.inaturalist.org/photos/168949442/original.jpg,all-rights-reserved,"(c) hidayatul latifah, all rights reserved",hidayatullatifah,hidayatul latifah,2021-10-04,"Kaltim, ID",needs_id,False,-0.4488381974,117.2142965892,2048,1670,no,simplex/inat-101182782-168949442-hidayatullatifah.jpg,
Aglaonema simplex,82007047,https://www.inaturalist.org/observations/82007047,134557317,https://static.inaturalist.org/photos/134557317/original.jpeg,all-rights-reserved,"(c) KangAcuya Official, all rights reserved",kangacuya_official,KangAcuya Official,2021-06-07,"Gunung Halimun Salak National Park, ID-JR-BR, ID-JR, ID",needs_id,False,-6.6777436516,106.7349477857,1536,2048,no,simplex/inat-82007047-134557317-kangacuya_official.jpeg,
Aglaonema simplex,82007047,https://www.inaturalist.org/observations/82007047,134557367,https://static.inaturalist.org/photos/134557367/original.jpeg,all-rights-reserved,"(c) KangAcuya Official, all rights reserved",kangacuya_official,KangAcuya Official,2021-06-07,"Gunung Halimun Salak National Park, ID-JR-BR, ID-JR, ID",needs_id,False,-6.6777436516,106.7349477857,1536,2048,no,simplex/inat-82007047-134557367-kangacuya_official.jpeg,
Aglaonema simplex,63225776,https://www.inaturalist.org/observations/63225776,101437730,https://inaturalist-open-data.s3.amazonaws.com/photos/101437730/original.jpeg,cc-by-sa,"(c) Ong Jyh Seng, some rights reserved (CC BY-SA)",ongzi,Ong Jyh Seng,2020-10-22,"Rasah, Negeri Sembilan, Malaysia",research,False,2.7068169167,101.8829345556,2048,1155,no,simplex/inat-63225776-101437730-ongzi.jpeg,
Aglaonema simplex,63225776,https://www.inaturalist.org/observations/63225776,101437734,https://inaturalist-open-data.s3.amazonaws.com/photos/101437734/original.jpeg,cc-by-sa,"(c) Ong Jyh Seng, some rights reserved (CC BY-SA)",ongzi,Ong Jyh Seng,2020-10-22,"Rasah, Negeri Sembilan, Malaysia",research,False,2.7068169167,101.8829345556,2048,1155,no,simplex/inat-63225776-101437734-ongzi.jpeg,
Aglaonema simplex,63225776,https://www.inaturalist.org/observations/63225776,101437740,https://inaturalist-open-data.s3.amazonaws.com/photos/101437740/original.jpeg,cc-by-sa,"(c) Ong Jyh Seng, some rights reserved (CC BY-SA)",ongzi,Ong Jyh Seng,2020-10-22,"Rasah, Negeri Sembilan, Malaysia",research,False,2.7068169167,101.8829345556,2048,1155,no,simplex/inat-63225776-101437740-ongzi.jpeg,
Aglaonema simplex,61041154,https://www.inaturalist.org/observations/61041154,97639238,https://inaturalist-open-data.s3.amazonaws.com/photos/97639238/original.jpeg,cc-by-nc,"(c) Mardiyanto Saahi, some rights reserved (CC BY-NC)",mardiyanto,Mardiyanto Saahi,2020-09-27,"Koyoan, Luwuk, Banggai Regency, Central Sulawesi, Indonesia",research,False,-1.050460828,122.7294399217,1536,2048,no,simplex/inat-61041154-97639238-mardiyanto.jpeg,
Aglaonema simplex,61041154,https://www.inaturalist.org/observations/61041154,97639277,https://inaturalist-open-data.s3.amazonaws.com/photos/97639277/original.jpeg,cc-by-nc,"(c) Mardiyanto Saahi, some rights reserved (CC BY-NC)",mardiyanto,Mardiyanto Saahi,2020-09-27,"Koyoan, Luwuk, Banggai Regency, Central Sulawesi, Indonesia",research,False,-1.050460828,122.7294399217,1536,2048,no,simplex/inat-61041154-97639277-mardiyanto.jpeg,
Aglaonema simplex,53486168,https://www.inaturalist.org/observations/53486168,85069722,https://inaturalist-open-data.s3.amazonaws.com/photos/85069722/original.jpeg,cc-by-nc,"(c) Naufal Urfi Dhiya'ulhaq, some rights reserved (CC BY-NC)",naufalurfi,Naufal Urfi Dhiya'ulhaq,2020-07-18,"Purworejo Regency, Central Java, Indonesia",needs_id,False,-7.76824159,110.11301184,2048,1536,no,simplex/inat-53486168-85069722-naufalurfi.jpeg,
Aglaonema simplex,38629609,https://www.inaturalist.org/observations/38629609,61422994,https://static.inaturalist.org/photos/61422994/original.jpeg,all-rights-reserved,"(c) hidayatul latifah, all rights reserved",hidayatullatifah,hidayatul latifah,2018-12-01,"Tanah Merah, Samarinda Utara, Samarinda City, East Kalimantan, Indonesia",research,False,-0.4519919455,117.2107772827,1536,2048,no,simplex/inat-38629609-61422994-hidayatullatifah.jpeg,
Aglaonema simplex,33458287,https://www.inaturalist.org/observations/33458287,52551461,https://inaturalist-open-data.s3.amazonaws.com/photos/52551461/original.jpg,cc-by-sa,"(c) Len Worthington, some rights reserved (CC BY-SA)",lennyworthington,Leonard Worthington,2011-08-31,Pa Hin Ngam National Park Chaiyaphum Thailand,research,False,15.724784,101.400319,2048,1536,no,simplex/inat-33458287-52551461-lennyworthington.jpg,
Aglaonema simplex,30770310,https://www.inaturalist.org/observations/30770310,48091257,https://static.inaturalist.org/photos/48091257/original.jpeg,all-rights-reserved,"(c) Virginia, all rights reserved",a1virginia,Virginia,2019-07-27,"Sandakan, Sabah, Malaysia",research,False,5.839444,118.1171729,1536,2048,no,simplex/inat-30770310-48091257-a1virginia.jpeg,
Aglaonema simplex,30770310,https://www.inaturalist.org/observations/30770310,48091241,https://static.inaturalist.org/photos/48091241/original.jpeg,all-rights-reserved,"(c) Virginia, all rights reserved",a1virginia,Virginia,2019-07-27,"Sandakan, Sabah, Malaysia",research,False,5.839444,118.1171729,1536,2048,no,simplex/inat-30770310-48091241-a1virginia.jpeg,
Aglaonema simplex,30770310,https://www.inaturalist.org/observations/30770310,48091222,https://static.inaturalist.org/photos/48091222/original.jpeg,all-rights-reserved,"(c) Virginia, all rights reserved",a1virginia,Virginia,2019-07-27,"Sandakan, Sabah, Malaysia",research,False,5.839444,118.1171729,1536,2048,no,simplex/inat-30770310-48091222-a1virginia.jpeg,
Aglaonema simplex,28171598,https://www.inaturalist.org/observations/28171598,43898100,https://inaturalist-open-data.s3.amazonaws.com/photos/43898100/original.jpeg,cc-by-nc,"(c) Naufal Urfi Dhiya'ulhaq, some rights reserved (CC BY-NC)",naufalurfi,Naufal Urfi Dhiya'ulhaq,2019-07-04,"Sleman, ID-YO, ID",needs_id,False,-7.5906829069,110.4345518723,1152,2048,no,simplex/inat-28171598-43898100-naufalurfi.jpeg,
Aglaonema simplex,28171392,https://www.inaturalist.org/observations/28171392,43897783,https://inaturalist-open-data.s3.amazonaws.com/photos/43897783/original.jpeg,cc-by-nc,"(c) Naufal Urfi Dhiya'ulhaq, some rights reserved (CC BY-NC)",naufalurfi,Naufal Urfi Dhiya'ulhaq,2019-07-04,"Taman Nasional Gunung Merapi, Jl. Kaliurang KM 22,6, Hargobinangun, Pakem, Hargobinangun, Kec. Pakem, Kabupaten Sleman, Daerah Istimewa Yogyakarta 55582, Indonesia",needs_id,False,-7.5900774002,110.4365844727,1152,2048,no,simplex/inat-28171392-43897783-naufalurfi.jpeg,
Aglaonema simplex,27285304,https://www.inaturalist.org/observations/27285304,42435354,https://static.inaturalist.org/photos/42435354/original.jpeg,all-rights-reserved,"(c) David Tng, all rights reserved",davidtng,David Tng,2003-09-11,"Bukit Panjang, Cingapura",research,False,1.3470200379,103.7772029042,1600,1200,no,simplex/inat-27285304-42435354-davidtng.jpeg,
Aglaonema simplex,24263183,https://www.inaturalist.org/observations/24263183,37521020,https://inaturalist-open-data.s3.amazonaws.com/photos/37521020/original.jpeg,cc-by-nc,"(c) tansh91, some rights reserved (CC BY-NC)",tansh91,,2019-04-29,"Kuala Lumpur, Federal Territory of Kuala Lumpur, Malaysia",needs_id,False,3.1519352199,101.7020589066,2048,1220,no,simplex/inat-24263183-37521020-tansh91.jpeg,
Aglaonema tricolor,354058609,https://www.inaturalist.org/observations/354058609,645953132,https://static.inaturalist.org/photos/645953132/original.jpg,all-rights-reserved,"(c) Shahril Efzueni Rozali, all rights reserved",shahril_efzueni,Shahril Efzueni Rozali,2026-04-25,"Kuala Lumpur Forest Eco Park, Kuala Lumpur, Kuala Lumpur, MY",needs_id,False,3.1526352861,101.702228016,1152,2048,no,tricolor/inat-354058609-645953132-shahril_efzueni.jpg,
Aglaonema tricolor,74091956,https://www.inaturalist.org/observations/74091956,121052228,https://inaturalist-open-data.s3.amazonaws.com/photos/121052228/original.jpeg,cc-by-nc,"(c) Maria A. Villalobos H., some rights reserved (CC BY-NC)",botanicalcity_maria_a_villalobos,Maria A. Villalobos H.,2021-01-27,"Guaratiba, Rio de Janeiro - State of Rio de Janeiro, Brazil",research,False,-22.9683529,-43.6216275,1536,2048,no,tricolor/inat-74091956-121052228-botanicalcity_maria_a_villalobos.jpeg,
Aglaonema tricolor,74091956,https://www.inaturalist.org/observations/74091956,121052227,https://inaturalist-open-data.s3.amazonaws.com/photos/121052227/original.jpeg,cc-by-nc,"(c) Maria A. Villalobos H., some rights reserved (CC BY-NC)",botanicalcity_maria_a_villalobos,Maria A. Villalobos H.,2021-01-27,"Guaratiba, Rio de Janeiro - State of Rio de Janeiro, Brazil",research,False,-22.9683529,-43.6216275,1536,2048,no,tricolor/inat-74091956-121052227-botanicalcity_maria_a_villalobos.jpeg,
