species,observation_id,observation_url,photo_id,photo_url_original,licence,attribution,observer_login,observer_name,observed_on,place_guess,quality_grade,obscured,latitude,longitude,width,height,downloaded,file,size_obtained
Epipremnum amplissimum,402910839,https://www.inaturalist.org/observations/402910839,739706602,https://inaturalist-open-data.s3.amazonaws.com/photos/739706602/original.jpg,cc-by,"(c) Stella Fish, some rights reserved (CC BY)",stellafish,Stella Fish,2026-09-21,"Litchfield Park NT 0822, Australia",research,False,-13.1994846158,130.6992743859,1365,2048,no,amplissimum/inat-402910839-739706602-stellafish.jpg,
Epipremnum amplissimum,402910839,https://www.inaturalist.org/observations/402910839,739706608,https://inaturalist-open-data.s3.amazonaws.com/photos/739706608/original.jpg,cc-by,"(c) Stella Fish, some rights reserved (CC BY)",stellafish,Stella Fish,2026-09-21,"Litchfield Park NT 0822, Australia",research,False,-13.1994846158,130.6992743859,2048,1365,no,amplissimum/inat-402910839-739706608-stellafish.jpg,
Epipremnum amplissimum,402910839,https://www.inaturalist.org/observations/402910839,739706671,https://inaturalist-open-data.s3.amazonaws.com/photos/739706671/original.jpg,cc-by,"(c) Stella Fish, some rights reserved (CC BY)",stellafish,Stella Fish,2026-09-21,"Litchfield Park NT 0822, Australia",research,False,-13.1994846158,130.6992743859,2048,1365,no,amplissimum/inat-402910839-739706671-stellafish.jpg,
Epipremnum amplissimum,396077927,https://www.inaturalist.org/observations/396077927,726325525,https://inaturalist-open-data.s3.amazonaws.com/photos/726325525/original.jpg,cc-by-nc,"(c) ljiscool, some rights reserved (CC BY-NC)",ljiscool,,2026-08-30,"Litchfield Park, NT, AU",research,False,-13.1482707913,130.6756545614,2048,1365,no,amplissimum/inat-396077927-726325525-ljiscool.jpg,
Epipremnum amplissimum,396077927,https://www.inaturalist.org/observations/396077927,726325463,https://inaturalist-open-data.s3.amazonaws.com/photos/726325463/original.jpg,cc-by-nc,"(c) ljiscool, some rights reserved (CC BY-NC)",ljiscool,,2026-08-30,"Litchfield Park, NT, AU",research,False,-13.1482707913,130.6756545614,2048,1365,no,amplissimum/inat-396077927-726325463-ljiscool.jpg,
Epipremnum amplissimum,396077927,https://www.inaturalist.org/observations/396077927,726325524,https://inaturalist-open-data.s3.amazonaws.com/photos/726325524/original.jpg,cc-by-nc,"(c) ljiscool, some rights reserved (CC BY-NC)",ljiscool,,2026-08-30,"Litchfield Park, NT, AU",research,False,-13.1482707913,130.6756545614,2048,1365,no,amplissimum/inat-396077927-726325524-ljiscool.jpg,
Epipremnum amplissimum,385565526,https://www.inaturalist.org/observations/385565526,705876376,https://inaturalist-open-data.s3.amazonaws.com/photos/705876376/original.jpg,cc-by-nc,"(c) sworboys, some rights reserved (CC BY-NC)",sworboys,,2026-07-27,"Bamaga QLD 4876, Australia",research,False,-10.89194633,142.38892516,1536,2048,no,amplissimum/inat-385565526-705876376-sworboys.jpg,
Epipremnum amplissimum,385565526,https://www.inaturalist.org/observations/385565526,705884650,https://inaturalist-open-data.s3.amazonaws.com/photos/705884650/original.jpg,cc-by-nc,"(c) sworboys, some rights reserved (CC BY-NC)",sworboys,,2026-07-27,"Bamaga QLD 4876, Australia",research,False,-10.89194633,142.38892516,1536,2048,no,amplissimum/inat-385565526-705884650-sworboys.jpg,
Epipremnum amplissimum,378276980,https://www.inaturalist.org/observations/378276980,691829955,https://static.inaturalist.org/photos/691829955/original.jpg,all-rights-reserved,"(c) Dan Ashdown, all rights reserved",dashdown,Dan Ashdown,2026-07-05,"Litchfield, Cox-Finniss, AU-NT, AU",research,False,-13.1958232401,130.6990174111,2048,1730,no,amplissimum/inat-378276980-691829955-dashdown.jpg,
Epipremnum amplissimum,378276980,https://www.inaturalist.org/observations/378276980,691830018,https://static.inaturalist.org/photos/691830018/original.jpg,all-rights-reserved,"(c) Dan Ashdown, all rights reserved",dashdown,Dan Ashdown,2026-07-05,"Litchfield, Cox-Finniss, AU-NT, AU",research,False,-13.1958232401,130.6990174111,1536,2048,no,amplissimum/inat-378276980-691830018-dashdown.jpg,
Epipremnum amplissimum,357685381,https://www.inaturalist.org/observations/357685381,652409472,https://inaturalist-open-data.s3.amazonaws.com/photos/652409472/original.jpg,cc-by-nc,"(c) Bird Explorers, some rights reserved (CC BY-NC)",birdexplorers,Bird Explorers,2026-03-22,"Malmal East New Britain Province, Papua New Guinea",research,False,-5.6499116667,151.5127116667,1365,2048,no,amplissimum/inat-357685381-652409472-birdexplorers.jpg,
Epipremnum amplissimum,351377372,https://www.inaturalist.org/observations/351377372,641213614,https://inaturalist-open-data.s3.amazonaws.com/photos/641213614/original.jpg,cc-by,"(c) Thomas Mesaglio, some rights reserved (CC BY)",thebeachcomber,Thomas Mesaglio,2026-04-11,"Tjaetaba Waterfall Walk, Litchfield National Park, Northern Territory",research,False,-13.2002861111,130.6999527778,1536,2048,no,amplissimum/inat-351377372-641213614-thebeachcomber.jpg,
Epipremnum amplissimum,351377372,https://www.inaturalist.org/observations/351377372,641213595,https://inaturalist-open-data.s3.amazonaws.com/photos/641213595/original.jpg,cc-by,"(c) Thomas Mesaglio, some rights reserved (CC BY)",thebeachcomber,Thomas Mesaglio,2026-04-11,"Tjaetaba Waterfall Walk, Litchfield National Park, Northern Territory",research,False,-13.2002861111,130.6999527778,1536,2048,no,amplissimum/inat-351377372-641213595-thebeachcomber.jpg,
Epipremnum amplissimum,351377372,https://www.inaturalist.org/observations/351377372,641213596,https://inaturalist-open-data.s3.amazonaws.com/photos/641213596/original.jpg,cc-by,"(c) Thomas Mesaglio, some rights reserved (CC BY)",thebeachcomber,Thomas Mesaglio,2026-04-11,"Tjaetaba Waterfall Walk, Litchfield National Park, Northern Territory",research,False,-13.2002861111,130.6999527778,1536,2048,no,amplissimum/inat-351377372-641213596-thebeachcomber.jpg,
Epipremnum amplissimum,345662907,https://www.inaturalist.org/observations/345662907,629979414,https://inaturalist-open-data.s3.amazonaws.com/photos/629979414/original.jpg,cc-by-nc,"(c) Refer Iqbal, some rights reserved (CC BY-NC)",referiqbal,Refer Iqbal,2026-03-25,"Kabupaten Keerom, Papua, Indonesia",research,False,-2.9600166667,140.8113277778,2048,1152,no,amplissimum/inat-345662907-629979414-referiqbal.jpg,
Epipremnum amplissimum,341331345,https://www.inaturalist.org/observations/341331345,621350611,https://static.inaturalist.org/photos/621350611/original.jpg,all-rights-reserved,"(c) Charlie Cole, all rights reserved",getxoutxthere,Charlie Cole,2026-03-04,"Hoʻomaluhia Botanical Garden, Kaneohe, HI, US",research,False,21.386995,-157.8100583333,1536,2048,no,amplissimum/inat-341331345-621350611-getxoutxthere.jpg,
Epipremnum amplissimum,340765231,https://www.inaturalist.org/observations/340765231,620186870,https://inaturalist-open-data.s3.amazonaws.com/photos/620186870/original.jpg,cc-by-nc,"(c) Hakim, some rights reserved (CC BY-NC)",abduelhakim,Hakim,2026-03-01,"53V4+6CJ, Kebar Tengah, Kebar, Manokwari Regency, West Papua 98372, Indonesia",research,False,-0.8073722222,133.0554583333,1212,2048,no,amplissimum/inat-340765231-620186870-abduelhakim.jpg,
Epipremnum amplissimum,338301178,https://www.inaturalist.org/observations/338301178,615188872,https://inaturalist-open-data.s3.amazonaws.com/photos/615188872/original.jpg,cc0,no rights reserved,svetlanarussia,Светлана Царахова,2026-02-05,"Соронг, Sorong City, Southwest Papua, Индонезия",needs_id,False,-0.8761629,131.255828,2048,1536,no,amplissimum/inat-338301178-615188872-svetlanarussia.jpg,
Epipremnum amplissimum,337377301,https://www.inaturalist.org/observations/337377301,613292305,https://inaturalist-open-data.s3.amazonaws.com/photos/613292305/original.jpg,cc-by-nc-nd,"(c) Zig Madycki, some rights reserved (CC BY-NC-ND)",tropicbreeze,Zig Madycki,2010-04-20,"Gulung Mardrulk NT 0852, Australia",research,False,-13.47079,132.464641,734,1024,no,amplissimum/inat-337377301-613292305-tropicbreeze.jpg,
Epipremnum amplissimum,337377301,https://www.inaturalist.org/observations/337377301,613292660,https://inaturalist-open-data.s3.amazonaws.com/photos/613292660/original.jpg,cc-by-nc-nd,"(c) Zig Madycki, some rights reserved (CC BY-NC-ND)",tropicbreeze,Zig Madycki,2010-04-20,"Gulung Mardrulk NT 0852, Australia",research,False,-13.47079,132.464641,716,1024,no,amplissimum/inat-337377301-613292660-tropicbreeze.jpg,
Epipremnum amplissimum,336927794,https://www.inaturalist.org/observations/336927794,612376949,https://static.inaturalist.org/photos/612376949/original.jpg,all-rights-reserved,"(c) Chien Lee, all rights reserved",cclborneo,Chien Lee,2026-01-07,"Raja Ampat Regency, Southwest Papua, Indonesia",research,False,-0.4192983333,130.786515,719,1080,no,amplissimum/inat-336927794-612376949-cclborneo.jpg,
Epipremnum amplissimum,336444966,https://www.inaturalist.org/observations/336444966,613476935,https://inaturalist-open-data.s3.amazonaws.com/photos/613476935/original.jpg,cc-by-nc,"(c) tiffany_beachy, some rights reserved (CC BY-NC)",tiffany_beachy,,2026-01-27,"Madang, PG",needs_id,True,-5.0102855867,145.6222033971,2048,1536,no,amplissimum/inat-336444966-613476935-tiffany_beachy.jpg,
Epipremnum amplissimum,336444966,https://www.inaturalist.org/observations/336444966,613476973,https://inaturalist-open-data.s3.amazonaws.com/photos/613476973/original.jpg,cc-by-nc,"(c) tiffany_beachy, some rights reserved (CC BY-NC)",tiffany_beachy,,2026-01-27,"Madang, PG",needs_id,True,-5.0102855867,145.6222033971,2048,1536,no,amplissimum/inat-336444966-613476973-tiffany_beachy.jpg,
Epipremnum amplissimum,335513640,https://www.inaturalist.org/observations/335513640,609520608,https://inaturalist-open-data.s3.amazonaws.com/photos/609520608/original.jpg,cc-by-nc,"(c) uwekozina, some rights reserved (CC BY-NC)",uwekozina,uwekozina,2025-01-22,"Berry Springs NT 0838, Australien",research,False,-12.7038623346,130.9949886394,2048,1536,no,amplissimum/inat-335513640-609520608-uwekozina.jpg,
Epipremnum amplissimum,322377491,https://www.inaturalist.org/observations/322377491,583181254,https://inaturalist-open-data.s3.amazonaws.com/photos/583181254/original.jpg,cc-by-nc,"(c) Ilze Keevy, some rights reserved (CC BY-NC)",ilze11,Ilze Keevy,2025-10-19,"Litchfield Park NT 0822, Australia",research,False,-13.1637989997,130.6839023997,1365,2048,no,amplissimum/inat-322377491-583181254-ilze11.jpg,
Epipremnum amplissimum,321796518,https://www.inaturalist.org/observations/321796518,582019888,https://static.inaturalist.org/photos/582019888/original.jpg,all-rights-reserved,"(c) Nic Van Zyl, all rights reserved",nic79676,Nic Van Zyl,2025-10-19,"Litchfield Park NT 0822, Australia",research,False,-13.1637989997,130.6839023997,1193,2048,no,amplissimum/inat-321796518-582019888-nic79676.jpg,
Epipremnum amplissimum,321796518,https://www.inaturalist.org/observations/321796518,582019972,https://static.inaturalist.org/photos/582019972/original.jpg,all-rights-reserved,"(c) Nic Van Zyl, all rights reserved",nic79676,Nic Van Zyl,2025-10-19,"Litchfield Park NT 0822, Australia",research,False,-13.1637989997,130.6839023997,1277,2048,no,amplissimum/inat-321796518-582019972-nic79676.jpg,
Epipremnum amplissimum,320955476,https://www.inaturalist.org/observations/320955476,580381539,https://inaturalist-open-data.s3.amazonaws.com/photos/580381539/original.jpg,cc0,no rights reserved,rich_fuller,Richard Fuller,2025-10-14,"Jayapura, ID-PA, ID",research,False,-2.5098593628,140.1185274589,1536,2048,no,amplissimum/inat-320955476-580381539-rich_fuller.jpg,
Epipremnum amplissimum,318165940,https://www.inaturalist.org/observations/318165940,574993136,https://inaturalist-open-data.s3.amazonaws.com/photos/574993136/original.jpg,cc-by-nc,"(c) Jacopo Cristoni, some rights reserved (CC BY-NC)",jacopo_cristoni,Jacopo Cristoni,2024-08-18,"Litchfield Park NT 0822, Australia",research,False,-13.1637305556,130.6840222222,1536,2048,no,amplissimum/inat-318165940-574993136-jacopo_cristoni.jpg,
Epipremnum amplissimum,311476146,https://www.inaturalist.org/observations/311476146,562277021,https://inaturalist-open-data.s3.amazonaws.com/photos/562277021/original.jpg,cc-by-nc,"(c) Hani Ristiawan, some rights reserved (CC BY-NC)",haniristiawan,Hani Ristiawan,2025-07-25,"Kota Sorong, Papua Bar., Indonesia",research,False,-0.917643,131.3386538997,1536,2048,no,amplissimum/inat-311476146-562277021-haniristiawan.jpg,
Epipremnum amplissimum,303050812,https://www.inaturalist.org/observations/303050812,546196933,https://inaturalist-open-data.s3.amazonaws.com/photos/546196933/original.jpg,cc-by-nc,"(c) James Christie, some rights reserved (CC BY-NC)",proteaceaejim,James Christie,2025-07-25,"Northern Territory, AU",research,False,-13.0777343441,130.812275447,1590,2048,no,amplissimum/inat-303050812-546196933-proteaceaejim.jpg,
Epipremnum amplissimum,303010598,https://www.inaturalist.org/observations/303010598,546118022,https://inaturalist-open-data.s3.amazonaws.com/photos/546118022/original.jpg,cc-by-nc,"(c) Geoff Warn, some rights reserved (CC BY-NC)",gwarn2526,Geoff Warn,2011-06-25,"Cow Bay QLD, Australia",needs_id,False,-16.2388282061,145.432840717,1190,1800,no,amplissimum/inat-303010598-546118022-gwarn2526.jpg,
Epipremnum amplissimum,302292020,https://www.inaturalist.org/observations/302292020,544785838,https://inaturalist-open-data.s3.amazonaws.com/photos/544785838/original.jpg,cc-by-nc,"(c) sworboys, some rights reserved (CC BY-NC)",sworboys,,2025-07-30,"Cook, AU-QL, AU",research,False,-11.0074538,142.39979412,1536,2048,no,amplissimum/inat-302292020-544785838-sworboys.jpg,
Epipremnum amplissimum,302292020,https://www.inaturalist.org/observations/302292020,544785861,https://inaturalist-open-data.s3.amazonaws.com/photos/544785861/original.jpg,cc-by-nc,"(c) sworboys, some rights reserved (CC BY-NC)",sworboys,,2025-07-30,"Cook, AU-QL, AU",research,False,-11.0074538,142.39979412,1536,2048,no,amplissimum/inat-302292020-544785861-sworboys.jpg,
Epipremnum amplissimum,302292020,https://www.inaturalist.org/observations/302292020,544785873,https://inaturalist-open-data.s3.amazonaws.com/photos/544785873/original.jpg,cc-by-nc,"(c) sworboys, some rights reserved (CC BY-NC)",sworboys,,2025-07-30,"Cook, AU-QL, AU",research,False,-11.0074538,142.39979412,1536,2048,no,amplissimum/inat-302292020-544785873-sworboys.jpg,
Epipremnum amplissimum,291194658,https://www.inaturalist.org/observations/291194658,523918778,https://inaturalist-open-data.s3.amazonaws.com/photos/523918778/original.jpg,cc-by-nc,"(c) Tyler Wilce, some rights reserved (CC BY-NC)",arctyler,Tyler Wilce,2025-06-20,"Litchfield National Park, Litchfield Park, NT, AU",research,False,-13.1637195,130.6839133333,1536,2048,no,amplissimum/inat-291194658-523918778-arctyler.jpg,
Epipremnum amplissimum,291194658,https://www.inaturalist.org/observations/291194658,523919059,https://inaturalist-open-data.s3.amazonaws.com/photos/523919059/original.jpg,cc-by-nc,"(c) Tyler Wilce, some rights reserved (CC BY-NC)",arctyler,Tyler Wilce,2025-06-20,"Litchfield National Park, Litchfield Park, NT, AU",research,False,-13.1637195,130.6839133333,1536,2048,no,amplissimum/inat-291194658-523919059-arctyler.jpg,
Epipremnum amplissimum,291194658,https://www.inaturalist.org/observations/291194658,523919096,https://inaturalist-open-data.s3.amazonaws.com/photos/523919096/original.jpg,cc-by-nc,"(c) Tyler Wilce, some rights reserved (CC BY-NC)",arctyler,Tyler Wilce,2025-06-20,"Litchfield National Park, Litchfield Park, NT, AU",research,False,-13.1637195,130.6839133333,1536,2048,no,amplissimum/inat-291194658-523919096-arctyler.jpg,
Epipremnum amplissimum,291194658,https://www.inaturalist.org/observations/291194658,523919155,https://inaturalist-open-data.s3.amazonaws.com/photos/523919155/original.jpg,cc-by-nc,"(c) Tyler Wilce, some rights reserved (CC BY-NC)",arctyler,Tyler Wilce,2025-06-20,"Litchfield National Park, Litchfield Park, NT, AU",research,False,-13.1637195,130.6839133333,1536,2048,no,amplissimum/inat-291194658-523919155-arctyler.jpg,
Epipremnum amplissimum,287720262,https://www.inaturalist.org/observations/287720262,517354759,https://inaturalist-open-data.s3.amazonaws.com/photos/517354759/original.jpg,cc-by-sa,"(c) Tony Eales, some rights reserved (CC BY-SA)",tjeales,Tony Eales,2025-06-07,"Litchfield Park, NT, AU",research,False,-13.1638111667,130.6839133333,1536,2048,no,amplissimum/inat-287720262-517354759-tjeales.jpg,
Epipremnum amplissimum,287720262,https://www.inaturalist.org/observations/287720262,517354724,https://inaturalist-open-data.s3.amazonaws.com/photos/517354724/original.jpg,cc-by-sa,"(c) Tony Eales, some rights reserved (CC BY-SA)",tjeales,Tony Eales,2025-06-07,"Litchfield Park, NT, AU",research,False,-13.1638111667,130.6839133333,1536,2048,no,amplissimum/inat-287720262-517354724-tjeales.jpg,
Epipremnum amplissimum,264598127,https://www.inaturalist.org/observations/264598127,475124740,https://inaturalist-open-data.s3.amazonaws.com/photos/475124740/original.jpg,cc-by-nc,"(c) Jason Searle, some rights reserved (CC BY-NC)",searley_j,Jason Searle,2014-12-19,"Seepage spring to Wenlock River, Mapoon QLD, Australia",research,False,-12.3070414774,141.9009688303,1000,750,no,amplissimum/inat-264598127-475124740-searley_j.jpg,
Epipremnum amplissimum,264598127,https://www.inaturalist.org/observations/264598127,475124736,https://inaturalist-open-data.s3.amazonaws.com/photos/475124736/original.jpg,cc-by-nc,"(c) Jason Searle, some rights reserved (CC BY-NC)",searley_j,Jason Searle,2014-12-19,"Seepage spring to Wenlock River, Mapoon QLD, Australia",research,False,-12.3070414774,141.9009688303,1000,750,no,amplissimum/inat-264598127-475124736-searley_j.jpg,
Epipremnum amplissimum,264598127,https://www.inaturalist.org/observations/264598127,475124730,https://inaturalist-open-data.s3.amazonaws.com/photos/475124730/original.jpg,cc-by-nc,"(c) Jason Searle, some rights reserved (CC BY-NC)",searley_j,Jason Searle,2014-12-19,"Seepage spring to Wenlock River, Mapoon QLD, Australia",research,False,-12.3070414774,141.9009688303,750,1000,no,amplissimum/inat-264598127-475124730-searley_j.jpg,
Epipremnum amplissimum,264598125,https://www.inaturalist.org/observations/264598125,475124731,https://inaturalist-open-data.s3.amazonaws.com/photos/475124731/original.jpg,cc-by-nc,"(c) Jason Searle, some rights reserved (CC BY-NC)",searley_j,Jason Searle,2014-12-19,"Seepage spring to Wenlock River, Mapoon QLD, Australia",research,False,-12.3074980944,141.9000559023,750,1000,no,amplissimum/inat-264598125-475124731-searley_j.jpg,
Epipremnum amplissimum,264598125,https://www.inaturalist.org/observations/264598125,475124726,https://inaturalist-open-data.s3.amazonaws.com/photos/475124726/original.jpg,cc-by-nc,"(c) Jason Searle, some rights reserved (CC BY-NC)",searley_j,Jason Searle,2014-12-19,"Seepage spring to Wenlock River, Mapoon QLD, Australia",research,False,-12.3074980944,141.9000559023,750,1000,no,amplissimum/inat-264598125-475124726-searley_j.jpg,
Epipremnum amplissimum,264448949,https://www.inaturalist.org/observations/264448949,474874890,https://inaturalist-open-data.s3.amazonaws.com/photos/474874890/original.jpg,cc-by-nc,"(c) Jason Searle, some rights reserved (CC BY-NC)",searley_j,Jason Searle,2014-09-05,"Springhead E of Mapoon Rd QLD, Australia",research,False,-12.2985241897,141.9007839797,750,1000,no,amplissimum/inat-264448949-474874890-searley_j.jpg,
Epipremnum amplissimum,264448949,https://www.inaturalist.org/observations/264448949,474874883,https://inaturalist-open-data.s3.amazonaws.com/photos/474874883/original.jpg,cc-by-nc,"(c) Jason Searle, some rights reserved (CC BY-NC)",searley_j,Jason Searle,2014-09-05,"Springhead E of Mapoon Rd QLD, Australia",research,False,-12.2985241897,141.9007839797,750,1000,no,amplissimum/inat-264448949-474874883-searley_j.jpg,
Epipremnum amplissimum,261610638,https://www.inaturalist.org/observations/261610638,470031233,https://inaturalist-open-data.s3.amazonaws.com/photos/470031233/original.jpg,cc-by,"(c) Rosario Douglas, some rights reserved (CC BY)",argonauta,Rosario Douglas,2025-02-14,"Litchfield National Park, Litchfield Park, NT, AU",research,False,-13.1636092192,130.6839672195,1536,2048,no,amplissimum/inat-261610638-470031233-argonauta.jpg,
Epipremnum amplissimum,261610638,https://www.inaturalist.org/observations/261610638,470031261,https://inaturalist-open-data.s3.amazonaws.com/photos/470031261/original.jpg,cc-by,"(c) Rosario Douglas, some rights reserved (CC BY)",argonauta,Rosario Douglas,2025-02-14,"Litchfield National Park, Litchfield Park, NT, AU",research,False,-13.1636092192,130.6839672195,1536,2048,no,amplissimum/inat-261610638-470031261-argonauta.jpg,
Epipremnum amplissimum,258096505,https://www.inaturalist.org/observations/258096505,463018758,https://inaturalist-open-data.s3.amazonaws.com/photos/463018758/original.jpg,cc-by-nc,"(c) Abby Hyde, some rights reserved (CC BY-NC)",abbyhyde,Abby Hyde,2025-01-06,"Pulau Waigeo, Raja Ampat, West Papua, ID",research,False,-0.41903,130.786405,1536,2048,no,amplissimum/inat-258096505-463018758-abbyhyde.jpg,
Epipremnum amplissimum,255145501,https://www.inaturalist.org/observations/255145501,457174622,https://inaturalist-open-data.s3.amazonaws.com/photos/457174622/original.jpeg,cc-by,"(c) Thomas Mesaglio, some rights reserved (CC BY)",thebeachcomber,Thomas Mesaglio,2024-12-07,"Tjaetaba Falls trail, Litchfield NP, Northern Territory",research,False,-13.2001861111,130.7000722222,1536,2048,no,amplissimum/inat-255145501-457174622-thebeachcomber.jpeg,
Epipremnum amplissimum,255145501,https://www.inaturalist.org/observations/255145501,457174597,https://inaturalist-open-data.s3.amazonaws.com/photos/457174597/original.jpeg,cc-by,"(c) Thomas Mesaglio, some rights reserved (CC BY)",thebeachcomber,Thomas Mesaglio,2024-12-07,"Tjaetaba Falls trail, Litchfield NP, Northern Territory",research,False,-13.2001861111,130.7000722222,1536,2048,no,amplissimum/inat-255145501-457174597-thebeachcomber.jpeg,
Epipremnum amplissimum,255145501,https://www.inaturalist.org/observations/255145501,457174602,https://inaturalist-open-data.s3.amazonaws.com/photos/457174602/original.jpeg,cc-by,"(c) Thomas Mesaglio, some rights reserved (CC BY)",thebeachcomber,Thomas Mesaglio,2024-12-07,"Tjaetaba Falls trail, Litchfield NP, Northern Territory",research,False,-13.2001861111,130.7000722222,1536,2048,no,amplissimum/inat-255145501-457174602-thebeachcomber.jpeg,
Epipremnum amplissimum,255145501,https://www.inaturalist.org/observations/255145501,457174629,https://inaturalist-open-data.s3.amazonaws.com/photos/457174629/original.jpeg,cc-by,"(c) Thomas Mesaglio, some rights reserved (CC BY)",thebeachcomber,Thomas Mesaglio,2024-12-07,"Tjaetaba Falls trail, Litchfield NP, Northern Territory",research,False,-13.2001861111,130.7000722222,1536,2048,no,amplissimum/inat-255145501-457174629-thebeachcomber.jpeg,
Epipremnum amplissimum,254261811,https://www.inaturalist.org/observations/254261811,455391367,https://inaturalist-open-data.s3.amazonaws.com/photos/455391367/original.jpeg,cc-by-nc,"(c) Imam Taufik Hidayat, some rights reserved (CC BY-NC)",imamthidayat,Imam Taufik Hidayat,2024-12-06,"FQ8F+CH5, Limau Asri, Mimika Baru, Mimika Regency, Papua 99963, Indonesia",research,False,-4.5339407997,136.7749991,1536,2048,no,amplissimum/inat-254261811-455391367-imamthidayat.jpeg,
Epipremnum amplissimum,246885117,https://www.inaturalist.org/observations/246885117,440834313,https://inaturalist-open-data.s3.amazonaws.com/photos/440834313/original.jpeg,cc-by-nc,"(c) Josh Magro, some rights reserved (CC BY-NC)",jmag1,Josh Magro,2024-10-12,"Litchfield National Park, Litchfield Park, NT, AU",research,False,-13.1969010265,130.7005657744,1536,2048,no,amplissimum/inat-246885117-440834313-jmag1.jpeg,
Epipremnum amplissimum,236287459,https://www.inaturalist.org/observations/236287459,420350929,https://inaturalist-open-data.s3.amazonaws.com/photos/420350929/original.jpg,cc-by-nc,"(c) markcollins04, some rights reserved (CC BY-NC)",markcollins04,,2023-07-19,"Woi New Ireland Province, Papua New Guinea",needs_id,False,-2.667387,150.200432,2048,1393,no,amplissimum/inat-236287459-420350929-markcollins04.jpg,
Epipremnum amplissimum,227467713,https://www.inaturalist.org/observations/227467713,403535480,https://inaturalist-open-data.s3.amazonaws.com/photos/403535480/original.jpg,cc-by-nc,"(c) Jason Searle, some rights reserved (CC BY-NC)",searley_j,Jason Searle,2015-11-17,"Bertiehaugh Springs, QLD 4874, Australia",research,False,-12.2478503673,142.154386872,737,975,no,amplissimum/inat-227467713-403535480-searley_j.jpg,
Epipremnum amplissimum,225048803,https://www.inaturalist.org/observations/225048803,398956706,https://inaturalist-open-data.s3.amazonaws.com/photos/398956706/original.jpeg,cc-by-nc,"(c) John Eichler, some rights reserved (CC BY-NC)",johneichler,John Eichler,2012-08-26,"Litchfield Park NT 0822, Australia",research,False,-13.119502042,130.6716829458,2048,1536,no,amplissimum/inat-225048803-398956706-johneichler.jpeg,
Epipremnum amplissimum,205620140,https://www.inaturalist.org/observations/205620140,363598868,https://inaturalist-open-data.s3.amazonaws.com/photos/363598868/original.jpeg,cc-by-nc,"(c) Colour Blind Flora Enthusiast, some rights reserved (CC BY-NC)",lorcanmc,Colour Blind Flora Enthusiast,2023-10-24,"Mapoon QLD 4874, Australia",research,False,-12.2686777084,141.9215209008,2048,1536,no,amplissimum/inat-205620140-363598868-lorcanmc.jpeg,
Epipremnum amplissimum,205620140,https://www.inaturalist.org/observations/205620140,363598866,https://inaturalist-open-data.s3.amazonaws.com/photos/363598866/original.jpeg,cc-by-nc,"(c) Colour Blind Flora Enthusiast, some rights reserved (CC BY-NC)",lorcanmc,Colour Blind Flora Enthusiast,2023-10-24,"Mapoon QLD 4874, Australia",research,False,-12.2686777084,141.9215209008,2048,1536,no,amplissimum/inat-205620140-363598866-lorcanmc.jpeg,
Epipremnum amplissimum,205620140,https://www.inaturalist.org/observations/205620140,363598873,https://inaturalist-open-data.s3.amazonaws.com/photos/363598873/original.jpeg,cc-by-nc,"(c) Colour Blind Flora Enthusiast, some rights reserved (CC BY-NC)",lorcanmc,Colour Blind Flora Enthusiast,2023-10-24,"Mapoon QLD 4874, Australia",research,False,-12.2686777084,141.9215209008,2048,1536,no,amplissimum/inat-205620140-363598873-lorcanmc.jpeg,
Epipremnum amplissimum,200600788,https://www.inaturalist.org/observations/200600788,353956079,https://inaturalist-open-data.s3.amazonaws.com/photos/353956079/original.jpeg,cc-by-nc,"(c) Chris Chadwick, some rights reserved (CC BY-NC)",chrisc,Chris Chadwick,2023-07-29,"Litchfield Park NT 0822, Australia",research,False,-13.1973058523,130.6994751673,1532,2048,no,amplissimum/inat-200600788-353956079-chrisc.jpeg,
Epipremnum amplissimum,200600788,https://www.inaturalist.org/observations/200600788,353956076,https://inaturalist-open-data.s3.amazonaws.com/photos/353956076/original.jpeg,cc-by-nc,"(c) Chris Chadwick, some rights reserved (CC BY-NC)",chrisc,Chris Chadwick,2023-07-29,"Litchfield Park NT 0822, Australia",research,False,-13.1973058523,130.6994751673,1522,2048,no,amplissimum/inat-200600788-353956076-chrisc.jpeg,
Epipremnum amplissimum,200600788,https://www.inaturalist.org/observations/200600788,353956080,https://inaturalist-open-data.s3.amazonaws.com/photos/353956080/original.jpeg,cc-by-nc,"(c) Chris Chadwick, some rights reserved (CC BY-NC)",chrisc,Chris Chadwick,2023-07-29,"Litchfield Park NT 0822, Australia",research,False,-13.1973058523,130.6994751673,1549,2048,no,amplissimum/inat-200600788-353956080-chrisc.jpeg,
Epipremnum amplissimum,192795728,https://www.inaturalist.org/observations/192795728,338532509,https://inaturalist-open-data.s3.amazonaws.com/photos/338532509/original.jpeg,cc-by-nc,"(c) Pete Woodall, some rights reserved (CC BY-NC)",nyoni-pete,Pete Woodall,2023-10-21,"Malagufuk, Sorong Regency, West Papua, Indonesia",research,False,-0.7789,131.6411,1000,1500,no,amplissimum/inat-192795728-338532509-nyoni-pete.jpeg,
Epipremnum amplissimum,192706283,https://www.inaturalist.org/observations/192706283,338355463,https://inaturalist-open-data.s3.amazonaws.com/photos/338355463/original.jpg,cc0,no rights reserved,jeanpaulboerekamps,Jean-Paul Boerekamps,2023-11-02,"Pulau Waigeo, Raja Ampat, West Papua, ID",research,False,-0.419801509,130.7864992657,2048,1956,no,amplissimum/inat-192706283-338355463-jeanpaulboerekamps.jpg,
Epipremnum amplissimum,192706283,https://www.inaturalist.org/observations/192706283,338355479,https://inaturalist-open-data.s3.amazonaws.com/photos/338355479/original.jpg,cc0,no rights reserved,jeanpaulboerekamps,Jean-Paul Boerekamps,2023-11-02,"Pulau Waigeo, Raja Ampat, West Papua, ID",research,False,-0.419801509,130.7864992657,2048,1442,no,amplissimum/inat-192706283-338355479-jeanpaulboerekamps.jpg,
Epipremnum amplissimum,179776364,https://www.inaturalist.org/observations/179776364,313043306,https://inaturalist-open-data.s3.amazonaws.com/photos/313043306/original.jpg,cc-by,"(c) avocat, some rights reserved (CC BY)",avocat,,2023-07-19,"East Halmahera Regency, North Maluku, Indonesia",research,False,1.0158719717,128.3001180283,1000,727,no,amplissimum/inat-179776364-313043306-avocat.jpg,
Epipremnum amplissimum,179776364,https://www.inaturalist.org/observations/179776364,313043300,https://inaturalist-open-data.s3.amazonaws.com/photos/313043300/original.jpg,cc-by,"(c) avocat, some rights reserved (CC BY)",avocat,,2023-07-19,"East Halmahera Regency, North Maluku, Indonesia",research,False,1.0158719717,128.3001180283,667,1000,no,amplissimum/inat-179776364-313043300-avocat.jpg,
Epipremnum amplissimum,179124269,https://www.inaturalist.org/observations/179124269,311810217,https://inaturalist-open-data.s3.amazonaws.com/photos/311810217/original.jpeg,cc-by-nc,"(c) whittie, some rights reserved (CC BY-NC)",whittie,,2023-08-19,"Litchfield Park NT 0822, Australia",research,False,-13.1638605997,130.6839146,1182,2048,no,amplissimum/inat-179124269-311810217-whittie.jpeg,
Epipremnum amplissimum,170592614,https://www.inaturalist.org/observations/170592614,295905021,https://inaturalist-open-data.s3.amazonaws.com/photos/295905021/original.jpg,cc-by-nc,"(c) bennybotany85, some rights reserved (CC BY-NC)",bennybotany85,bennybotany85,2023-07-01,"Litchfield National Park, Litchfield Park, NT, AU",research,False,-13.1973123351,130.6992394307,1536,2048,no,amplissimum/inat-170592614-295905021-bennybotany85.jpg,
Epipremnum amplissimum,170592614,https://www.inaturalist.org/observations/170592614,295905042,https://inaturalist-open-data.s3.amazonaws.com/photos/295905042/original.jpg,cc-by-nc,"(c) bennybotany85, some rights reserved (CC BY-NC)",bennybotany85,bennybotany85,2023-07-01,"Litchfield National Park, Litchfield Park, NT, AU",research,False,-13.1973123351,130.6992394307,1536,2048,no,amplissimum/inat-170592614-295905042-bennybotany85.jpg,
Epipremnum amplissimum,170455696,https://www.inaturalist.org/observations/170455696,295646019,https://inaturalist-open-data.s3.amazonaws.com/photos/295646019/original.jpg,cc-by-nc,"(c) bennybotany85, some rights reserved (CC BY-NC)",bennybotany85,bennybotany85,2023-07-01,"Litchfield National Park, Litchfield Park, NT, AU",research,False,-13.1955717255,130.6990171878,1536,2048,no,amplissimum/inat-170455696-295646019-bennybotany85.jpg,
Epipremnum amplissimum,170455696,https://www.inaturalist.org/observations/170455696,295646059,https://inaturalist-open-data.s3.amazonaws.com/photos/295646059/original.jpg,cc-by-nc,"(c) bennybotany85, some rights reserved (CC BY-NC)",bennybotany85,bennybotany85,2023-07-01,"Litchfield National Park, Litchfield Park, NT, AU",research,False,-13.1955717255,130.6990171878,1536,2048,no,amplissimum/inat-170455696-295646059-bennybotany85.jpg,
Epipremnum amplissimum,170455696,https://www.inaturalist.org/observations/170455696,295646088,https://inaturalist-open-data.s3.amazonaws.com/photos/295646088/original.jpg,cc-by-nc,"(c) bennybotany85, some rights reserved (CC BY-NC)",bennybotany85,bennybotany85,2023-07-01,"Litchfield National Park, Litchfield Park, NT, AU",research,False,-13.1955717255,130.6990171878,1536,2048,no,amplissimum/inat-170455696-295646088-bennybotany85.jpg,
Epipremnum amplissimum,168425879,https://www.inaturalist.org/observations/168425879,291885660,https://inaturalist-open-data.s3.amazonaws.com/photos/291885660/original.jpg,cc-by,"(c) Andrew Parker, some rights reserved (CC BY)",parkera80,Andrew Parker,2023-06-18,"Litchfield Park NT 0822, Australia",research,False,-13.1652163889,130.6836347222,1920,1440,no,amplissimum/inat-168425879-291885660-parkera80.jpg,
Epipremnum amplissimum,168257044,https://www.inaturalist.org/observations/168257044,291578289,https://inaturalist-open-data.s3.amazonaws.com/photos/291578289/original.jpg,cc-by-nc-nd,"(c) Zig Madycki, some rights reserved (CC BY-NC-ND)",tropicbreeze,Zig Madycki,2023-06-18,"Litchfield Park NT 0822, Australia",research,False,-13.165234,130.683784,768,1024,no,amplissimum/inat-168257044-291578289-tropicbreeze.jpg,
Epipremnum amplissimum,168257044,https://www.inaturalist.org/observations/168257044,291578522,https://inaturalist-open-data.s3.amazonaws.com/photos/291578522/original.jpg,cc-by-nc-nd,"(c) Zig Madycki, some rights reserved (CC BY-NC-ND)",tropicbreeze,Zig Madycki,2023-06-18,"Litchfield Park NT 0822, Australia",research,False,-13.165234,130.683784,768,1024,no,amplissimum/inat-168257044-291578522-tropicbreeze.jpg,
Epipremnum amplissimum,152912369,https://www.inaturalist.org/observations/152912369,264027226,https://inaturalist-open-data.s3.amazonaws.com/photos/264027226/original.jpg,cc-by-nc,"(c) Jason Searle, some rights reserved (CC BY-NC)",searley_j,Jason Searle,2022-07-01,"Cook, AU-QL, AU",research,True,-12.2828859794,141.9264079453,912,1368,no,amplissimum/inat-152912369-264027226-searley_j.jpg,
Epipremnum amplissimum,125428662,https://www.inaturalist.org/observations/125428662,212707211,https://inaturalist-open-data.s3.amazonaws.com/photos/212707211/original.jpeg,cc-by-nc-nd,"(c) Zig Madycki, some rights reserved (CC BY-NC-ND)",tropicbreeze,Zig Madycki,2011-09-14,"Gulung Mardrulk NT 0852, Australia",research,False,-13.53461,133.14598,1024,768,no,amplissimum/inat-125428662-212707211-tropicbreeze.jpeg,
Epipremnum amplissimum,125423410,https://www.inaturalist.org/observations/125423410,212698004,https://inaturalist-open-data.s3.amazonaws.com/photos/212698004/original.jpeg,cc-by-nc-nd,"(c) Zig Madycki, some rights reserved (CC BY-NC-ND)",tropicbreeze,Zig Madycki,2010-04-11,"Kakadu NT 0822, Australia",research,False,-13.31548,132.43727,1024,768,no,amplissimum/inat-125423410-212698004-tropicbreeze.jpeg,
Epipremnum amplissimum,108919703,https://www.inaturalist.org/observations/108919703,183479167,https://inaturalist-open-data.s3.amazonaws.com/photos/183479167/original.jpg,cc-by-nc,"(c) James Park, some rights reserved (CC BY-NC)",jamesalexpark,James Park,2022-03-18,"Litchfield National Park, Litchfield Park, NT, AU",research,False,-13.120625,130.670595,1536,2048,no,amplissimum/inat-108919703-183479167-jamesalexpark.jpg,
Epipremnum amplissimum,108919703,https://www.inaturalist.org/observations/108919703,183479182,https://inaturalist-open-data.s3.amazonaws.com/photos/183479182/original.jpg,cc-by-nc,"(c) James Park, some rights reserved (CC BY-NC)",jamesalexpark,James Park,2022-03-18,"Litchfield National Park, Litchfield Park, NT, AU",research,False,-13.120625,130.670595,1536,2048,no,amplissimum/inat-108919703-183479182-jamesalexpark.jpg,
Epipremnum amplissimum,108919703,https://www.inaturalist.org/observations/108919703,183479193,https://inaturalist-open-data.s3.amazonaws.com/photos/183479193/original.jpg,cc-by-nc,"(c) James Park, some rights reserved (CC BY-NC)",jamesalexpark,James Park,2022-03-18,"Litchfield National Park, Litchfield Park, NT, AU",research,False,-13.120625,130.670595,1536,2048,no,amplissimum/inat-108919703-183479193-jamesalexpark.jpg,
Epipremnum amplissimum,75239397,https://www.inaturalist.org/observations/75239397,123061460,https://inaturalist-open-data.s3.amazonaws.com/photos/123061460/original.jpg,cc-by-nc-nd,"(c) Zig Madycki, some rights reserved (CC BY-NC-ND)",tropicbreeze,Zig Madycki,2021-04-24,"Litchfield Park NT 0822, Australia",research,False,-13.12212,130.6684,1024,768,no,amplissimum/inat-75239397-123061460-tropicbreeze.jpg,
Epipremnum amplissimum,75239397,https://www.inaturalist.org/observations/75239397,123061898,https://inaturalist-open-data.s3.amazonaws.com/photos/123061898/original.jpg,cc-by-nc-nd,"(c) Zig Madycki, some rights reserved (CC BY-NC-ND)",tropicbreeze,Zig Madycki,2021-04-24,"Litchfield Park NT 0822, Australia",research,False,-13.12212,130.6684,1024,768,no,amplissimum/inat-75239397-123061898-tropicbreeze.jpg,
Epipremnum amplissimum,75239397,https://www.inaturalist.org/observations/75239397,123061987,https://inaturalist-open-data.s3.amazonaws.com/photos/123061987/original.jpg,cc-by-nc-nd,"(c) Zig Madycki, some rights reserved (CC BY-NC-ND)",tropicbreeze,Zig Madycki,2021-04-24,"Litchfield Park NT 0822, Australia",research,False,-13.12212,130.6684,1024,768,no,amplissimum/inat-75239397-123061987-tropicbreeze.jpg,
Epipremnum amplissimum,37225118,https://www.inaturalist.org/observations/37225118,58978331,https://inaturalist-open-data.s3.amazonaws.com/photos/58978331/original.jpg,cc-by-nc-nd,"(c) Zig Madycki, some rights reserved (CC BY-NC-ND)",tropicbreeze,Zig Madycki,2011-09-03,"Gulung Mardrulk NT 0852, Australia",research,False,-13.49844,132.57983,768,1024,no,amplissimum/inat-37225118-58978331-tropicbreeze.jpg,
Epipremnum amplissimum,20987159,https://www.inaturalist.org/observations/20987159,32411747,https://inaturalist-open-data.s3.amazonaws.com/photos/32411747/original.jpeg,cc-by-nc-nd,"(c) Zig Madycki, some rights reserved (CC BY-NC-ND)",tropicbreeze,Zig Madycki,2010-02-07,"Kakadu NT 0822, Australia",research,False,-13.56003,132.29564,600,740,no,amplissimum/inat-20987159-32411747-tropicbreeze.jpeg,
Epipremnum amplissimum,20987159,https://www.inaturalist.org/observations/20987159,32411828,https://inaturalist-open-data.s3.amazonaws.com/photos/32411828/original.jpeg,cc-by-nc-nd,"(c) Zig Madycki, some rights reserved (CC BY-NC-ND)",tropicbreeze,Zig Madycki,2010-02-07,"Kakadu NT 0822, Australia",research,False,-13.56003,132.29564,600,740,no,amplissimum/inat-20987159-32411828-tropicbreeze.jpeg,
Epipremnum amplissimum,20987159,https://www.inaturalist.org/observations/20987159,32411829,https://inaturalist-open-data.s3.amazonaws.com/photos/32411829/original.jpeg,cc-by-nc-nd,"(c) Zig Madycki, some rights reserved (CC BY-NC-ND)",tropicbreeze,Zig Madycki,2010-02-07,"Kakadu NT 0822, Australia",research,False,-13.56003,132.29564,600,740,no,amplissimum/inat-20987159-32411829-tropicbreeze.jpeg,
Epipremnum amplissimum,20987159,https://www.inaturalist.org/observations/20987159,32411869,https://inaturalist-open-data.s3.amazonaws.com/photos/32411869/original.jpeg,cc-by-nc-nd,"(c) Zig Madycki, some rights reserved (CC BY-NC-ND)",tropicbreeze,Zig Madycki,2010-02-07,"Kakadu NT 0822, Australia",research,False,-13.56003,132.29564,600,740,no,amplissimum/inat-20987159-32411869-tropicbreeze.jpeg,
Epipremnum amplissimum,20987159,https://www.inaturalist.org/observations/20987159,32411877,https://inaturalist-open-data.s3.amazonaws.com/photos/32411877/original.jpeg,cc-by-nc-nd,"(c) Zig Madycki, some rights reserved (CC BY-NC-ND)",tropicbreeze,Zig Madycki,2010-02-07,"Kakadu NT 0822, Australia",research,False,-13.56003,132.29564,600,740,no,amplissimum/inat-20987159-32411877-tropicbreeze.jpeg,
Epipremnum amplissimum,20722129,https://www.inaturalist.org/observations/20722129,31948577,https://inaturalist-open-data.s3.amazonaws.com/photos/31948577/original.jpg,cc-by-nc-nd,"(c) Zig Madycki, some rights reserved (CC BY-NC-ND)",tropicbreeze,Zig Madycki,2019-02-23,"Litchfield Park NT 0822, Australia",research,False,-13.19971,130.69961,800,600,no,amplissimum/inat-20722129-31948577-tropicbreeze.jpg,
Epipremnum amplissimum,20722129,https://www.inaturalist.org/observations/20722129,31948606,https://inaturalist-open-data.s3.amazonaws.com/photos/31948606/original.jpg,cc-by-nc-nd,"(c) Zig Madycki, some rights reserved (CC BY-NC-ND)",tropicbreeze,Zig Madycki,2019-02-23,"Litchfield Park NT 0822, Australia",research,False,-13.19971,130.69961,800,600,no,amplissimum/inat-20722129-31948606-tropicbreeze.jpg,
Epipremnum amplissimum,20722129,https://www.inaturalist.org/observations/20722129,31948607,https://inaturalist-open-data.s3.amazonaws.com/photos/31948607/original.jpg,cc-by-nc-nd,"(c) Zig Madycki, some rights reserved (CC BY-NC-ND)",tropicbreeze,Zig Madycki,2019-02-23,"Litchfield Park NT 0822, Australia",research,False,-13.19971,130.69961,800,600,no,amplissimum/inat-20722129-31948607-tropicbreeze.jpg,
Epipremnum amplissimum,20722129,https://www.inaturalist.org/observations/20722129,31948608,https://inaturalist-open-data.s3.amazonaws.com/photos/31948608/original.jpg,cc-by-nc-nd,"(c) Zig Madycki, some rights reserved (CC BY-NC-ND)",tropicbreeze,Zig Madycki,2019-02-23,"Litchfield Park NT 0822, Australia",research,False,-13.19971,130.69961,800,600,no,amplissimum/inat-20722129-31948608-tropicbreeze.jpg,
Epipremnum amplissimum,16477680,https://www.inaturalist.org/observations/16477680,24797482,https://inaturalist-open-data.s3.amazonaws.com/photos/24797482/original.jpeg,cc-by,"(c) coenobita, some rights reserved (CC BY)",coenobita,,2009-10-19,"Mapoon QLD 4874, Australia",research,False,-12.2921931999,142.1642524,1536,2048,no,amplissimum/inat-16477680-24797482-coenobita.jpeg,
Epipremnum amplissimum,16477680,https://www.inaturalist.org/observations/16477680,24797540,https://inaturalist-open-data.s3.amazonaws.com/photos/24797540/original.jpeg,cc-by,"(c) coenobita, some rights reserved (CC BY)",coenobita,,2009-10-19,"Mapoon QLD 4874, Australia",research,False,-12.2921931999,142.1642524,2048,1536,no,amplissimum/inat-16477680-24797540-coenobita.jpeg,
Epipremnum aureum,404659049,https://www.inaturalist.org/observations/404659049,743163132,https://inaturalist-open-data.s3.amazonaws.com/photos/743163132/original.jpg,cc-by-nc,"(c) Finn Newman, some rights reserved (CC BY-NC)",finnnewman,Finn Newman,2026-09-28,"Pedro Roberto Dr, Santa Rita, Guam, US",needs_id,False,13.4019503772,144.679182977,1152,2048,no,aureum/inat-404659049-743163132-finnnewman.jpg,
Epipremnum aureum,404659049,https://www.inaturalist.org/observations/404659049,743163118,https://inaturalist-open-data.s3.amazonaws.com/photos/743163118/original.jpg,cc-by-nc,"(c) Finn Newman, some rights reserved (CC BY-NC)",finnnewman,Finn Newman,2026-09-28,"Pedro Roberto Dr, Santa Rita, Guam, US",needs_id,False,13.4019503772,144.679182977,1536,2048,no,aureum/inat-404659049-743163118-finnnewman.jpg,
Epipremnum aureum,404659049,https://www.inaturalist.org/observations/404659049,743163119,https://inaturalist-open-data.s3.amazonaws.com/photos/743163119/original.jpg,cc-by-nc,"(c) Finn Newman, some rights reserved (CC BY-NC)",finnnewman,Finn Newman,2026-09-28,"Pedro Roberto Dr, Santa Rita, Guam, US",needs_id,False,13.4019503772,144.679182977,1536,2048,no,aureum/inat-404659049-743163119-finnnewman.jpg,
Epipremnum aureum,404659049,https://www.inaturalist.org/observations/404659049,743163158,https://inaturalist-open-data.s3.amazonaws.com/photos/743163158/original.jpg,cc-by-nc,"(c) Finn Newman, some rights reserved (CC BY-NC)",finnnewman,Finn Newman,2026-09-28,"Pedro Roberto Dr, Santa Rita, Guam, US",needs_id,False,13.4019503772,144.679182977,1536,2048,no,aureum/inat-404659049-743163158-finnnewman.jpg,
Epipremnum aureum,404659049,https://www.inaturalist.org/observations/404659049,743163121,https://inaturalist-open-data.s3.amazonaws.com/photos/743163121/original.jpg,cc-by-nc,"(c) Finn Newman, some rights reserved (CC BY-NC)",finnnewman,Finn Newman,2026-09-28,"Pedro Roberto Dr, Santa Rita, Guam, US",needs_id,False,13.4019503772,144.679182977,1536,2048,no,aureum/inat-404659049-743163121-finnnewman.jpg,
Epipremnum aureum,404647338,https://www.inaturalist.org/observations/404647338,743140916,https://static.inaturalist.org/photos/743140916/original.jpg,all-rights-reserved,"(c) 古國順, all rights reserved",ku6777,古國順,2026-09-30,811台灣高雄市楠梓區後勁國小,needs_id,False,22.7221838,120.3131167,1536,2048,no,aureum/inat-404647338-743140916-ku6777.jpg,
Epipremnum aureum,404645954,https://www.inaturalist.org/observations/404645954,743137538,https://inaturalist-open-data.s3.amazonaws.com/photos/743137538/original.jpg,cc-by-nc,"(c) 徐夕珵, some rights reserved (CC BY-NC)",unacheng003,徐夕珵,2026-09-29,"322 National Road, Guilin, Guangxi Zhuangzu Zizhiqu, CN",needs_id,False,25.4053166667,110.3158716667,1536,2048,no,aureum/inat-404645954-743137538-unacheng003.jpg,
Epipremnum aureum,404645080,https://www.inaturalist.org/observations/404645080,743135695,https://inaturalist-open-data.s3.amazonaws.com/photos/743135695/original.jpg,cc-by-nc,"(c) RACHELANN, some rights reserved (CC BY-NC)",supangandurian,RACHELANN,2026-09-30,Jose Quiboloy National High School,needs_id,False,7.1307219911,125.3823119402,1536,2048,no,aureum/inat-404645080-743135695-supangandurian.jpg,
Epipremnum aureum,404645080,https://www.inaturalist.org/observations/404645080,743135752,https://inaturalist-open-data.s3.amazonaws.com/photos/743135752/original.jpg,cc-by-nc,"(c) RACHELANN, some rights reserved (CC BY-NC)",supangandurian,RACHELANN,2026-09-30,Jose Quiboloy National High School,needs_id,False,7.1307219911,125.3823119402,1536,2048,no,aureum/inat-404645080-743135752-supangandurian.jpg,
Epipremnum aureum,404645080,https://www.inaturalist.org/observations/404645080,743135813,https://inaturalist-open-data.s3.amazonaws.com/photos/743135813/original.jpg,cc-by-nc,"(c) RACHELANN, some rights reserved (CC BY-NC)",supangandurian,RACHELANN,2026-09-30,Jose Quiboloy National High School,needs_id,False,7.1307219911,125.3823119402,2048,1536,no,aureum/inat-404645080-743135813-supangandurian.jpg,
Epipremnum aureum,404632241,https://www.inaturalist.org/observations/404632241,743109677,https://inaturalist-open-data.s3.amazonaws.com/photos/743109677/original.jpg,cc-by-nc,"(c) siti_aisyah22, some rights reserved (CC BY-NC)",siti_aisyah22,,2026-09-30,"Kec. Cidahu, Kabupaten Sukabumi, Jawa Barat, Indonesia",needs_id,False,-6.77358,106.7272714,1536,2048,no,aureum/inat-404632241-743109677-siti_aisyah22.jpg,
Epipremnum aureum,404628155,https://www.inaturalist.org/observations/404628155,743101410,https://inaturalist-open-data.s3.amazonaws.com/photos/743101410/original.jpg,cc-by-nc,"(c) zongyi Tsai, some rights reserved (CC BY-NC)",zongyi1,zongyi Tsai,2026-09-30,"大慶, 南區, 臺中市, TW",research,False,24.118671847,120.6480430015,1536,2048,no,aureum/inat-404628155-743101410-zongyi1.jpg,
Epipremnum aureum,404615805,https://www.inaturalist.org/observations/404615805,743075351,https://inaturalist-open-data.s3.amazonaws.com/photos/743075351/original.jpg,cc-by-nc,"(c) JC, some rights reserved (CC BY-NC)",jc42485,JC,2026-09-30,"Singapore, SG, SG",needs_id,False,1.2801028505,103.8036713292,1152,2048,no,aureum/inat-404615805-743075351-jc42485.jpg,
Epipremnum aureum,404615805,https://www.inaturalist.org/observations/404615805,743075354,https://inaturalist-open-data.s3.amazonaws.com/photos/743075354/original.jpg,cc-by-nc,"(c) JC, some rights reserved (CC BY-NC)",jc42485,JC,2026-09-30,"Singapore, SG, SG",needs_id,False,1.2801028505,103.8036713292,1536,2048,no,aureum/inat-404615805-743075354-jc42485.jpg,
Epipremnum aureum,404575429,https://www.inaturalist.org/observations/404575429,742989255,https://inaturalist-open-data.s3.amazonaws.com/photos/742989255/original.jpg,cc-by-nc,"(c) Stephany Panigon, some rights reserved (CC BY-NC)",panigon_durian,Stephany Panigon,2026-09-29,"Davao City, Davao, PH",needs_id,False,7.1317243082,125.3787876717,1536,2048,no,aureum/inat-404575429-742989255-panigon_durian.jpg,
Epipremnum aureum,404573665,https://www.inaturalist.org/observations/404573665,742985125,https://static.inaturalist.org/photos/742985125/original.jpg,all-rights-reserved,"(c) Jay L. Keller, all rights reserved",jaykeller,Jay L. Keller,2026-09-29,"Sandalfoot Cove, FL, USA",needs_id,False,26.347700124,-80.1942612603,1542,2048,no,aureum/inat-404573665-742985125-jaykeller.jpg,
Epipremnum aureum,404540927,https://www.inaturalist.org/observations/404540927,742918163,https://inaturalist-open-data.s3.amazonaws.com/photos/742918163/original.jpg,cc-by-nc,"(c) Priya Bhanot, some rights reserved (CC BY-NC)",priya02,Priya Bhanot,2026-09-29,"Fort Smith, AR 72903, USA",needs_id,False,35.37164465,-94.37973538,1153,2048,no,aureum/inat-404540927-742918163-priya02.jpg,
Epipremnum aureum,404540927,https://www.inaturalist.org/observations/404540927,742918224,https://inaturalist-open-data.s3.amazonaws.com/photos/742918224/original.jpg,cc-by-nc,"(c) Priya Bhanot, some rights reserved (CC BY-NC)",priya02,Priya Bhanot,2026-09-29,"Fort Smith, AR 72903, USA",needs_id,False,35.37164465,-94.37973538,1153,2048,no,aureum/inat-404540927-742918224-priya02.jpg,
Epipremnum aureum,404535060,https://www.inaturalist.org/observations/404535060,742905898,https://inaturalist-open-data.s3.amazonaws.com/photos/742905898/original.jpg,cc-by-nc,"(c) shandeep, some rights reserved (CC BY-NC)",shandeep,,2014-05-21,"Coimbatore, Tamil Nadu, IN",needs_id,False,11.075640701,76.9889885882,1151,2048,no,aureum/inat-404535060-742905898-shandeep.jpg,
Epipremnum aureum,404514722,https://www.inaturalist.org/observations/404514722,742848170,https://inaturalist-open-data.s3.amazonaws.com/photos/742848170/original.jpg,cc-by-nc,"(c) bcur155, some rights reserved (CC BY-NC)",bcur155,,2026-09-19,"Davie, FL, USA",research,False,26.0732607173,-80.3227898449,2048,1365,no,aureum/inat-404514722-742848170-bcur155.jpg,
Epipremnum aureum,404461129,https://www.inaturalist.org/observations/404461129,742765429,https://inaturalist-open-data.s3.amazonaws.com/photos/742765429/original.jpg,cc-by-nc,"(c) charles3cwang, some rights reserved (CC BY-NC)",charles3cwang,,2026-09-29,"Baoshan Rd Ln 145, East District, Hsinchu City, TW",research,False,24.791905,120.97638,1536,2048,no,aureum/inat-404461129-742765429-charles3cwang.jpg,
Epipremnum aureum,404461129,https://www.inaturalist.org/observations/404461129,742765428,https://inaturalist-open-data.s3.amazonaws.com/photos/742765428/original.jpg,cc-by-nc,"(c) charles3cwang, some rights reserved (CC BY-NC)",charles3cwang,,2026-09-29,"Baoshan Rd Ln 145, East District, Hsinchu City, TW",research,False,24.791905,120.97638,1536,2048,no,aureum/inat-404461129-742765428-charles3cwang.jpg,
Epipremnum aureum,404454990,https://www.inaturalist.org/observations/404454990,742755653,https://inaturalist-open-data.s3.amazonaws.com/photos/742755653/original.jpg,cc-by-nc,"(c) curlyoxathome, some rights reserved (CC BY-NC)",curlyoxathome,,2026-09-29,Lake Wales,research,False,27.8515548706,-81.4806747437,1542,2048,no,aureum/inat-404454990-742755653-curlyoxathome.jpg,
Epipremnum aureum,404438558,https://www.inaturalist.org/observations/404438558,742719832,https://inaturalist-open-data.s3.amazonaws.com/photos/742719832/original.jpg,cc-by-nc,"(c) David Moore, some rights reserved (CC BY-NC)",david_moore7,David Moore,2013-06-06,"Hawaii County, HI, USA",research,False,19.8627642034,-155.1519513124,432,453,no,aureum/inat-404438558-742719832-david_moore7.jpg,
Epipremnum aureum,404406429,https://www.inaturalist.org/observations/404406429,742661872,https://inaturalist-open-data.s3.amazonaws.com/photos/742661872/original.jpg,cc-by-nc,"(c) jiaheng1111, some rights reserved (CC BY-NC)",jiaheng1111,,2026-05-29,"Gushan District, Kaohsiung City, TW",research,False,22.6289619675,120.2695636176,1152,2048,no,aureum/inat-404406429-742661872-jiaheng1111.jpg,
Epipremnum aureum,404406352,https://www.inaturalist.org/observations/404406352,742660701,https://inaturalist-open-data.s3.amazonaws.com/photos/742660701/original.jpg,cc-by-nc,"(c) yashadi_mabulage, some rights reserved (CC BY-NC)",yashadi_mabulage,,2026-09-29,"Dampe - Pitipana Rd, කොළඹ, Sri Lanka",needs_id,False,6.8220629,80.0424728,720,1600,no,aureum/inat-404406352-742660701-yashadi_mabulage.jpg,
Epipremnum aureum,404397152,https://www.inaturalist.org/observations/404397152,742643830,https://inaturalist-open-data.s3.amazonaws.com/photos/742643830/original.jpg,cc-by-nc,"(c) dothankpy, some rights reserved (CC BY-NC)",dothankpy,,2022-07-19,"Islands, HK",needs_id,False,22.3008216667,114.0168305,2048,1536,no,aureum/inat-404397152-742643830-dothankpy.jpg,
Epipremnum aureum,404378540,https://www.inaturalist.org/observations/404378540,742605370,https://inaturalist-open-data.s3.amazonaws.com/photos/742605370/original.jpg,cc-by-nc,"(c) heng jun kai, some rights reserved (CC BY-NC)",heng8053,heng jun kai,2026-09-29,"Blk S12, Singapore",research,False,1.29501128,103.77782551,1153,2048,no,aureum/inat-404378540-742605370-heng8053.jpg,
Epipremnum aureum,404376555,https://www.inaturalist.org/observations/404376555,742600886,https://inaturalist-open-data.s3.amazonaws.com/photos/742600886/original.jpg,cc-by-nc,"(c) Suci Aditia, some rights reserved (CC BY-NC)",suci10502,Suci Aditia,2026-09-23,"6P9J+6H5, Jayabakti, Kec. Cidahu, Kabupaten Sukabumi, Jawa Barat 43358, Indonesia",needs_id,False,-6.7819847,106.7314841,1152,2048,no,aureum/inat-404376555-742600886-suci10502.jpg,
Epipremnum aureum,404376069,https://www.inaturalist.org/observations/404376069,742599183,https://inaturalist-open-data.s3.amazonaws.com/photos/742599183/original.jpg,cc-by-nc,"(c) helva18_08, some rights reserved (CC BY-NC)",helva18_08,,2026-09-23,"Sukabumi Regency, West Java, Indonesia",needs_id,False,-6.7818551389,106.7311553889,1536,2048,no,aureum/inat-404376069-742599183-helva18_08.jpg,
Epipremnum aureum,404376067,https://www.inaturalist.org/observations/404376067,742597939,https://inaturalist-open-data.s3.amazonaws.com/photos/742597939/original.jpg,cc-by-nc,"(c) helva18_08, some rights reserved (CC BY-NC)",helva18_08,,2026-09-23,"Sukabumi, Jawa Barat, Indonesia",needs_id,False,-6.7818450833,106.7311782778,1536,2048,no,aureum/inat-404376067-742597939-helva18_08.jpg,
Epipremnum aureum,404323119,https://www.inaturalist.org/observations/404323119,742491658,https://inaturalist-open-data.s3.amazonaws.com/photos/742491658/original.jpg,cc-by-nc,"(c) radinis, some rights reserved (CC BY-NC)",radinis,,2026-08-25,"Îles du Vent, French Polynesia",needs_id,False,-17.68528,-149.305875,2048,1366,no,aureum/inat-404323119-742491658-radinis.jpg,
Epipremnum aureum,404299468,https://www.inaturalist.org/observations/404299468,742443330,https://inaturalist-open-data.s3.amazonaws.com/photos/742443330/original.jpg,cc-by-nc,"(c) zayliio, some rights reserved (CC BY-NC)",zayliio,,2026-09-25,"Sarasota, FL, US",needs_id,False,27.3260731261,-82.5399482964,1536,2048,no,aureum/inat-404299468-742443330-zayliio.jpg,
Epipremnum aureum,404299468,https://www.inaturalist.org/observations/404299468,742443326,https://inaturalist-open-data.s3.amazonaws.com/photos/742443326/original.jpg,cc-by-nc,"(c) zayliio, some rights reserved (CC BY-NC)",zayliio,,2026-09-25,"Sarasota, FL, US",needs_id,False,27.3260731261,-82.5399482964,1536,2048,no,aureum/inat-404299468-742443326-zayliio.jpg,
Epipremnum aureum,404299468,https://www.inaturalist.org/observations/404299468,742443325,https://inaturalist-open-data.s3.amazonaws.com/photos/742443325/original.jpg,cc-by-nc,"(c) zayliio, some rights reserved (CC BY-NC)",zayliio,,2026-09-25,"Sarasota, FL, US",needs_id,False,27.3260731261,-82.5399482964,1536,2048,no,aureum/inat-404299468-742443325-zayliio.jpg,
Epipremnum aureum,404260919,https://www.inaturalist.org/observations/404260919,742366950,https://inaturalist-open-data.s3.amazonaws.com/photos/742366950/original.jpg,cc-by-nc,"(c) susannajo, some rights reserved (CC BY-NC)",susannajo,,2026-09-28,"Shawnee County, US-KS, US",needs_id,False,38.987310907,-95.6828216284,1152,2048,no,aureum/inat-404260919-742366950-susannajo.jpg,
Epipremnum aureum,404168608,https://www.inaturalist.org/observations/404168608,742184267,https://static.inaturalist.org/photos/742184267/original.jpg,all-rights-reserved,"(c) anaelletlm, all rights reserved",anaelletlm,,2026-09-28,"La Réunion, Saint-Pierre, RE",research,False,-21.3054101843,55.4893684431,1536,2048,no,aureum/inat-404168608-742184267-anaelletlm.jpg,
Epipremnum aureum,404159142,https://www.inaturalist.org/observations/404159142,742165633,https://inaturalist-open-data.s3.amazonaws.com/photos/742165633/original.jpg,cc-by,"(c) Cajá-manga, some rights reserved (CC BY)",caja-manga,Cajá-manga,2026-09-25,"Estrada Cetur 02 - Tarumã, Manaus - AM, 69022-242, Brasil",needs_id,False,-3.0074739444,-60.0747680556,1536,2048,no,aureum/inat-404159142-742165633-caja-manga.jpg,
Epipremnum aureum,404159142,https://www.inaturalist.org/observations/404159142,742165684,https://inaturalist-open-data.s3.amazonaws.com/photos/742165684/original.jpg,cc-by,"(c) Cajá-manga, some rights reserved (CC BY)",caja-manga,Cajá-manga,2026-09-25,"Estrada Cetur 02 - Tarumã, Manaus - AM, 69022-242, Brasil",needs_id,False,-3.0074739444,-60.0747680556,1536,2048,no,aureum/inat-404159142-742165684-caja-manga.jpg,
Epipremnum aureum,404126543,https://www.inaturalist.org/observations/404126543,742099309,https://inaturalist-open-data.s3.amazonaws.com/photos/742099309/original.jpg,cc-by-nc,"(c) Jaica Sabroso, some rights reserved (CC BY-NC)",sabroso_durian,Jaica Sabroso,2026-09-28,"49FC+GPF, Calinan District, Davao City, Davao del Sur, Philippines",needs_id,False,7.1226356333,125.3702179333,1536,2048,no,aureum/inat-404126543-742099309-sabroso_durian.jpg,
Epipremnum aureum,403872998,https://www.inaturalist.org/observations/403872998,741597773,https://static.inaturalist.org/photos/741597773/original.jpg,all-rights-reserved,"(c) dyeingforflowers, all rights reserved",dyeingforflowers,,2026-09-26,"North St, Tarpon Springs, FL, US",needs_id,False,28.1449524152,-82.7836419043,1152,2048,no,aureum/inat-403872998-741597773-dyeingforflowers.jpg,
Epipremnum aureum,403868423,https://www.inaturalist.org/observations/403868423,741588260,https://inaturalist-open-data.s3.amazonaws.com/photos/741588260/original.jpg,cc-by-nc,"(c) stevewalternature, some rights reserved (CC BY-NC)",stevewalternature,,2026-08-15,"Long Key Natural Area, Davie, FL, USA",needs_id,False,26.0756760238,-80.3254887385,800,600,no,aureum/inat-403868423-741588260-stevewalternature.jpg,
Epipremnum aureum,403865805,https://www.inaturalist.org/observations/403865805,741583374,https://inaturalist-open-data.s3.amazonaws.com/photos/741583374/original.jpg,cc-by-nc,"(c) stevewalternature, some rights reserved (CC BY-NC)",stevewalternature,,2026-08-15,"Long Key Natural Area, Davie, FL, USA",research,False,26.0756525199,-80.3256614896,800,600,no,aureum/inat-403865805-741583374-stevewalternature.jpg,
Epipremnum aureum,403865805,https://www.inaturalist.org/observations/403865805,741583646,https://inaturalist-open-data.s3.amazonaws.com/photos/741583646/original.jpg,cc-by-nc,"(c) stevewalternature, some rights reserved (CC BY-NC)",stevewalternature,,2026-08-15,"Long Key Natural Area, Davie, FL, USA",research,False,26.0756525199,-80.3256614896,800,600,no,aureum/inat-403865805-741583646-stevewalternature.jpg,
Epipremnum aureum,403843064,https://www.inaturalist.org/observations/403843064,741540018,https://inaturalist-open-data.s3.amazonaws.com/photos/741540018/original.jpg,cc-by-nc,"(c) Gregory, some rights reserved (CC BY-NC)",us7039578321,Gregory,2026-07-01,"Belle Terre Pkwy, Palm Coast, FL, US",needs_id,False,29.562545,-81.2403217,1536,2048,no,aureum/inat-403843064-741540018-us7039578321.jpg,
Epipremnum aureum,403836946,https://www.inaturalist.org/observations/403836946,741528783,https://inaturalist-open-data.s3.amazonaws.com/photos/741528783/original.jpg,cc-by-nc,"(c) Komal Sahu, some rights reserved (CC BY-NC)",komal_kk_sahu,Komal Sahu,2026-09-27,"FFQQ+JJC, Chhattisgarh 491332, India",needs_id,False,21.489062593,81.4890624583,1542,2048,no,aureum/inat-403836946-741528783-komal_kk_sahu.jpg,
Epipremnum aureum,403809255,https://www.inaturalist.org/observations/403809255,741475057,https://inaturalist-open-data.s3.amazonaws.com/photos/741475057/original.jpg,cc-by,"(c) 祐, some rights reserved (CC BY)",yu-chen,祐,2026-09-27,426台灣臺中市新社區崑山里,needs_id,False,24.23857728,120.76937367,1536,2048,no,aureum/inat-403809255-741475057-yu-chen.jpg,
Epipremnum aureum,403798115,https://www.inaturalist.org/observations/403798115,741454974,https://static.inaturalist.org/photos/741454974/original.jpg,all-rights-reserved,"(c) Dr. Arvind Chavhan, all rights reserved",drarvindchavhan,Dr. Arvind Chavhan,2026-09-27,"Road Number 32, Nanded, Maharashtra, IN",needs_id,False,19.1855783333,77.2957,2048,2048,no,aureum/inat-403798115-741454974-drarvindchavhan.jpg,
Epipremnum aureum,403796268,https://www.inaturalist.org/observations/403796268,741451021,https://static.inaturalist.org/photos/741451021/original.jpg,all-rights-reserved,"(c) Mia, all rights reserved",miagrundy,Mia,2026-07-11,"Pine Creek Yarrabah Rd, Glen Boughton, QLD, AU",needs_id,False,-16.9420071609,145.8166785304,942,2048,no,aureum/inat-403796268-741451021-miagrundy.jpg,
Epipremnum aureum,403728058,https://www.inaturalist.org/observations/403728058,741313894,https://inaturalist-open-data.s3.amazonaws.com/photos/741313894/original.jpg,cc-by-nc,"(c) suspiciouslylargehungryfish, some rights reserved (CC BY-NC)",suspiciouslylargehungryfish,,2026-09-26,"Puailima St, Aiea, HI, US",research,False,21.3940816623,-157.9364106051,1152,2048,no,aureum/inat-403728058-741313894-suspiciouslylargehungryfish.jpg,
Epipremnum aureum,403726061,https://www.inaturalist.org/observations/403726061,741309886,https://inaturalist-open-data.s3.amazonaws.com/photos/741309886/original.jpg,cc-by-nc,"(c) Romnick T. Taladro, LPT, some rights reserved (CC BY-NC)",nickology,"Romnick T. Taladro, LPT",2026-09-21,"Xavierville Avenue, Quezon City, Metro Manila, PH",research,False,14.6341341187,121.0731880904,1536,2048,no,aureum/inat-403726061-741309886-nickology.jpg,
Epipremnum aureum,403646300,https://www.inaturalist.org/observations/403646300,741147115,https://inaturalist-open-data.s3.amazonaws.com/photos/741147115/original.jpg,cc-by-nc,"(c) dogree2, some rights reserved (CC BY-NC)",dogree2,,2026-09-26,"LA-1082, Bush, LA, US",needs_id,False,30.6169462909,-90.0227902355,1152,2048,no,aureum/inat-403646300-741147115-dogree2.jpg,
Epipremnum aureum,403598462,https://www.inaturalist.org/observations/403598462,741051956,https://inaturalist-open-data.s3.amazonaws.com/photos/741051956/original.jpg,cc-by-nc,"(c) crasher35, some rights reserved (CC BY-NC)",crasher35,,2026-09-26,"Union Park, FL, USA",needs_id,False,28.57844578,-81.24164795,2048,1536,no,aureum/inat-403598462-741051956-crasher35.jpg,
Epipremnum aureum,403598462,https://www.inaturalist.org/observations/403598462,741052034,https://inaturalist-open-data.s3.amazonaws.com/photos/741052034/original.jpg,cc-by-nc,"(c) crasher35, some rights reserved (CC BY-NC)",crasher35,,2026-09-26,"Union Park, FL, USA",needs_id,False,28.57844578,-81.24164795,2048,1536,no,aureum/inat-403598462-741052034-crasher35.jpg,
Epipremnum aureum,403483906,https://www.inaturalist.org/observations/403483906,740831967,https://inaturalist-open-data.s3.amazonaws.com/photos/740831967/original.jpg,cc-by-nc,"(c) naturalist152627, some rights reserved (CC BY-NC)",naturalist152627,,2026-09-26,"Chenggong S Rd, Qiaotou District, Kaohsiung City, TW",needs_id,False,22.7389637523,120.3175855099,1152,2048,no,aureum/inat-403483906-740831967-naturalist152627.jpg,
Epipremnum aureum,403483886,https://www.inaturalist.org/observations/403483886,740831931,https://inaturalist-open-data.s3.amazonaws.com/photos/740831931/original.jpg,cc-by-nc,"(c) naturalist152627, some rights reserved (CC BY-NC)",naturalist152627,,2026-09-26,"Chenggong S Rd, Qiaotou District, Kaohsiung City, TW",needs_id,False,22.7389031401,120.3178191465,1152,2048,no,aureum/inat-403483886-740831931-naturalist152627.jpg,
Epipremnum aureum,403273002,https://www.inaturalist.org/observations/403273002,740414047,https://inaturalist-open-data.s3.amazonaws.com/photos/740414047/original.jpg,cc-by-nc,"(c) Luan Nascimento, some rights reserved (CC BY-NC)",luannds,Luan Nascimento,2026-09-24,"CT II - Goiabeiras, Vitória - ES, 29075-053, Brasil",research,False,-20.2723821,-40.3060862997,1153,2048,no,aureum/inat-403273002-740414047-luannds.jpg,
Epipremnum aureum,403273002,https://www.inaturalist.org/observations/403273002,740414100,https://inaturalist-open-data.s3.amazonaws.com/photos/740414100/original.jpg,cc-by-nc,"(c) Luan Nascimento, some rights reserved (CC BY-NC)",luannds,Luan Nascimento,2026-09-24,"CT II - Goiabeiras, Vitória - ES, 29075-053, Brasil",research,False,-20.2723821,-40.3060862997,1153,2048,no,aureum/inat-403273002-740414100-luannds.jpg,
Epipremnum aureum,403273002,https://www.inaturalist.org/observations/403273002,740414293,https://inaturalist-open-data.s3.amazonaws.com/photos/740414293/original.jpg,cc-by-nc,"(c) Luan Nascimento, some rights reserved (CC BY-NC)",luannds,Luan Nascimento,2026-09-24,"CT II - Goiabeiras, Vitória - ES, 29075-053, Brasil",research,False,-20.2723821,-40.3060862997,1153,2048,no,aureum/inat-403273002-740414293-luannds.jpg,
Epipremnum aureum,403224643,https://www.inaturalist.org/observations/403224643,740318430,https://inaturalist-open-data.s3.amazonaws.com/photos/740318430/original.jpg,cc-by-nc,"(c) tinglin, some rights reserved (CC BY-NC)",tinglin,,2026-09-25,"十八尖山森林公園, 東區, 新竹市, TW",research,False,24.7906135135,120.9896525168,1536,2048,no,aureum/inat-403224643-740318430-tinglin.jpg,
Epipremnum aureum,403214332,https://www.inaturalist.org/observations/403214332,740298614,https://inaturalist-open-data.s3.amazonaws.com/photos/740298614/original.jpg,cc-by-nc,"(c) Carnifex R, some rights reserved (CC BY-NC)",carnifex-r,Carnifex R,2026-09-25,Xuefu Village,needs_id,False,25.0157012939,121.5360107422,1536,2048,no,aureum/inat-403214332-740298614-carnifex-r.jpg,
Epipremnum aureum,403080757,https://www.inaturalist.org/observations/403080757,740032388,https://inaturalist-open-data.s3.amazonaws.com/photos/740032388/original.jpg,cc-by-nc,"(c) Kayna (Gigi), some rights reserved (CC BY-NC)",lirio17,Kayna (Gigi),2026-09-23,"Rua Transatlantico, Manaus, AM, BR",research,False,-3.0341397659,-60.092738843,1152,2048,no,aureum/inat-403080757-740032388-lirio17.jpg,
Epipremnum aureum,403075987,https://www.inaturalist.org/observations/403075987,740023475,https://inaturalist-open-data.s3.amazonaws.com/photos/740023475/original.jpg,cc-by-nc,"(c) thejoyofnature, some rights reserved (CC BY-NC)",thejoyofnature,,2026-09-23,"Honolulu County, US-HI, US",research,False,21.3464862537,-157.8206671292,1152,2048,no,aureum/inat-403075987-740023475-thejoyofnature.jpg,
Epipremnum aureum,403059145,https://www.inaturalist.org/observations/403059145,739991362,https://inaturalist-open-data.s3.amazonaws.com/photos/739991362/original.jpg,cc-by-nc,"(c) Maria Inalda, some rights reserved (CC BY-NC)",maria6762,Maria Inalda,2026-09-24,"Rosa Elze, São Cristóvão - SE, Brasil",research,False,-10.9255827,-37.1019328,2048,921,no,aureum/inat-403059145-739991362-maria6762.jpg,
Epipremnum aureum,403058850,https://www.inaturalist.org/observations/403058850,741130348,https://inaturalist-open-data.s3.amazonaws.com/photos/741130348/original.jpg,cc-by-nc,"(c) hudsondammtk, some rights reserved (CC BY-NC)",hudsondammtk,,2026-09-24,Tumwater,needs_id,False,46.9969482422,-122.9093322754,1536,2048,no,aureum/inat-403058850-741130348-hudsondammtk.jpg,
Epipremnum aureum,403033063,https://www.inaturalist.org/observations/403033063,739940404,https://inaturalist-open-data.s3.amazonaws.com/photos/739940404/original.jpg,cc-by-nc,"(c) SandejieMariaClara, some rights reserved (CC BY-NC)",sandeji,SandejieMariaClara,2026-09-24,"Recife, BR-PE, BR",research,False,-8.0536986729,-34.8875128223,1536,2048,no,aureum/inat-403033063-739940404-sandeji.jpg,
Epipremnum aureum,403031316,https://www.inaturalist.org/observations/403031316,739936931,https://inaturalist-open-data.s3.amazonaws.com/photos/739936931/original.jpg,cc-by-nc,"(c) SandejieMariaClara, some rights reserved (CC BY-NC)",sandeji,SandejieMariaClara,2026-09-24,"Recife, BR-PE, BR",needs_id,False,-8.0544568732,-34.8878530777,1536,2048,no,aureum/inat-403031316-739936931-sandeji.jpg,
Epipremnum aureum,403007885,https://www.inaturalist.org/observations/403007885,739893320,https://inaturalist-open-data.s3.amazonaws.com/photos/739893320/original.jpg,cc-by-nc,"(c) lucia fatima, some rights reserved (CC BY-NC)",lucia41133,lucia fatima,2026-09-24,Timon,needs_id,False,-5.0880951881,-42.841342926,1536,2048,no,aureum/inat-403007885-739893320-lucia41133.jpg,
Epipremnum aureum,402914910,https://www.inaturalist.org/observations/402914910,739714444,https://static.inaturalist.org/photos/739714444/original.jpg,all-rights-reserved,"(c) LostInCR, all rights reserved",lostincr,LostInCR,2026-09-24,"Cejlon, Sabaragamuwa, LK",needs_id,False,6.9913966667,80.4191966667,1536,2048,no,aureum/inat-402914910-739714444-lostincr.jpg,
Epipremnum aureum,402914910,https://www.inaturalist.org/observations/402914910,739714460,https://static.inaturalist.org/photos/739714460/original.jpg,all-rights-reserved,"(c) LostInCR, all rights reserved",lostincr,LostInCR,2026-09-24,"Cejlon, Sabaragamuwa, LK",needs_id,False,6.9913966667,80.4191966667,1536,2048,no,aureum/inat-402914910-739714460-lostincr.jpg,
Epipremnum aureum,402907274,https://www.inaturalist.org/observations/402907274,739700242,https://inaturalist-open-data.s3.amazonaws.com/photos/739700242/original.jpg,cc-by-nc,"(c) Adam Trinklein, some rights reserved (CC BY-NC)",adamscubapix,Adam Trinklein,2026-09-23,"Route de ceinture, French Polynesia, PF",needs_id,False,-17.5183666667,-149.8503716667,1536,2048,no,aureum/inat-402907274-739700242-adamscubapix.jpg,
Epipremnum aureum,402813978,https://www.inaturalist.org/observations/402813978,739513228,https://inaturalist-open-data.s3.amazonaws.com/photos/739513228/original.jpg,cc-by-nc,"(c) Serenity Mayfield, some rights reserved (CC BY-NC)",serenity_mayfield,Serenity Mayfield,2026-09-23,"Gold Leaf Dr, Hampstead, NC, US",needs_id,False,34.4001948717,-77.6646005432,1536,2048,no,aureum/inat-402813978-739513228-serenity_mayfield.jpg,
Epipremnum aureum,402762829,https://www.inaturalist.org/observations/402762829,739424702,https://static.inaturalist.org/photos/739424702/original.jpg,all-rights-reserved,"(c) LostInCR, all rights reserved",lostincr,LostInCR,2026-09-23,"Yatiyanthota, LK-KE, LK",needs_id,False,6.9938,80.412095,2048,1536,no,aureum/inat-402762829-739424702-lostincr.jpg,
Epipremnum aureum,402762829,https://www.inaturalist.org/observations/402762829,739502189,https://static.inaturalist.org/photos/739502189/original.jpg,all-rights-reserved,"(c) LostInCR, all rights reserved",lostincr,LostInCR,2026-09-23,"Yatiyanthota, LK-KE, LK",needs_id,False,6.9938,80.412095,1536,2048,no,aureum/inat-402762829-739502189-lostincr.jpg,
Epipremnum aureum,402662413,https://www.inaturalist.org/observations/402662413,739225608,https://inaturalist-open-data.s3.amazonaws.com/photos/739225608/original.jpg,cc-by-nc,"(c) CS Lam, some rights reserved (CC BY-NC)",imlam,CS Lam,2026-09-23,新加坡,needs_id,False,1.2751345634,103.8069915771,1152,2048,no,aureum/inat-402662413-739225608-imlam.jpg,
Epipremnum aureum,402654423,https://www.inaturalist.org/observations/402654423,739209633,https://inaturalist-open-data.s3.amazonaws.com/photos/739209633/original.jpg,cc-by-nc,"(c) sumano, some rights reserved (CC BY-NC)",sumano,,2026-09-22,,needs_id,True,,,500,500,no,aureum/inat-402654423-739209633-sumano.jpg,
Epipremnum aureum,402651094,https://www.inaturalist.org/observations/402651094,739203461,https://inaturalist-open-data.s3.amazonaws.com/photos/739203461/original.jpg,cc-by-nc,"(c) Wulan Sari, some rights reserved (CC BY-NC)",wulan34656,Wulan Sari,2026-09-23,"6P9J+6H5, Jayabakti, Kec. Cidahu, Kabupaten Sukabumi, Jawa Barat 43358, Indonesia",needs_id,False,-6.7819847,106.7314841,1536,2048,no,aureum/inat-402651094-739203461-wulan34656.jpg,
Epipremnum aureum,402579302,https://www.inaturalist.org/observations/402579302,739058210,https://inaturalist-open-data.s3.amazonaws.com/photos/739058210/original.jpg,cc-by-nc,"(c) sheerz, some rights reserved (CC BY-NC)",sheerz,,2026-09-22,"Riverbank @ Aquero Blvd, Laredo, TX 78045, USA",needs_id,False,27.6071064,-99.5301983,1536,2048,no,aureum/inat-402579302-739058210-sheerz.jpg,
Epipremnum aureum,402539734,https://www.inaturalist.org/observations/402539734,738980850,https://inaturalist-open-data.s3.amazonaws.com/photos/738980850/original.jpg,cc-by-nc,"(c) Jonathan De Los Rios, some rights reserved (CC BY-NC)",jondel54,Jonathan De Los Rios,2026-09-22,"US 441 & Northwest 76th Place, Coconut Creek, FL 33073, USA",needs_id,False,26.3251833333,-80.20065,1152,2048,no,aureum/inat-402539734-738980850-jondel54.jpg,
Epipremnum aureum,402539734,https://www.inaturalist.org/observations/402539734,738980898,https://inaturalist-open-data.s3.amazonaws.com/photos/738980898/original.jpg,cc-by-nc,"(c) Jonathan De Los Rios, some rights reserved (CC BY-NC)",jondel54,Jonathan De Los Rios,2026-09-22,"US 441 & Northwest 76th Place, Coconut Creek, FL 33073, USA",needs_id,False,26.3251833333,-80.20065,1152,2048,no,aureum/inat-402539734-738980898-jondel54.jpg,
Epipremnum aureum,402539734,https://www.inaturalist.org/observations/402539734,738980956,https://inaturalist-open-data.s3.amazonaws.com/photos/738980956/original.jpg,cc-by-nc,"(c) Jonathan De Los Rios, some rights reserved (CC BY-NC)",jondel54,Jonathan De Los Rios,2026-09-22,"US 441 & Northwest 76th Place, Coconut Creek, FL 33073, USA",needs_id,False,26.3251833333,-80.20065,1152,2048,no,aureum/inat-402539734-738980956-jondel54.jpg,
Epipremnum aureum,402539734,https://www.inaturalist.org/observations/402539734,738981008,https://inaturalist-open-data.s3.amazonaws.com/photos/738981008/original.jpg,cc-by-nc,"(c) Jonathan De Los Rios, some rights reserved (CC BY-NC)",jondel54,Jonathan De Los Rios,2026-09-22,"US 441 & Northwest 76th Place, Coconut Creek, FL 33073, USA",needs_id,False,26.3251833333,-80.20065,1152,2048,no,aureum/inat-402539734-738981008-jondel54.jpg,
Epipremnum aureum,402539734,https://www.inaturalist.org/observations/402539734,738981070,https://inaturalist-open-data.s3.amazonaws.com/photos/738981070/original.jpg,cc-by-nc,"(c) Jonathan De Los Rios, some rights reserved (CC BY-NC)",jondel54,Jonathan De Los Rios,2026-09-22,"US 441 & Northwest 76th Place, Coconut Creek, FL 33073, USA",needs_id,False,26.3251833333,-80.20065,1152,2048,no,aureum/inat-402539734-738981070-jondel54.jpg,
Epipremnum aureum,402481679,https://www.inaturalist.org/observations/402481679,738870524,https://inaturalist-open-data.s3.amazonaws.com/photos/738870524/original.jpg,cc-by-nc,"(c) liz1881, some rights reserved (CC BY-NC)",liz1881,,2026-09-22,"PR-834, Río, PR, US",research,False,18.315595553,-66.0959258855,1152,2048,no,aureum/inat-402481679-738870524-liz1881.jpg,
Epipremnum aureum,402376424,https://www.inaturalist.org/observations/402376424,738668475,https://inaturalist-open-data.s3.amazonaws.com/photos/738668475/original.jpg,cc-by-nc,"(c) sarahlippmann, some rights reserved (CC BY-NC)",sarahlippmann,,2026-09-18,"Maui, Hana, HI, US",research,False,20.68333,-156.0304111667,1536,2048,no,aureum/inat-402376424-738668475-sarahlippmann.jpg,
Epipremnum aureum,402376318,https://www.inaturalist.org/observations/402376318,738668285,https://inaturalist-open-data.s3.amazonaws.com/photos/738668285/original.jpg,cc-by-nc,"(c) sarahlippmann, some rights reserved (CC BY-NC)",sarahlippmann,,2026-09-18,"Maui, Hana, HI, US",research,False,20.683355,-156.0302583333,1536,2048,no,aureum/inat-402376318-738668285-sarahlippmann.jpg,
Epipremnum aureum,402376318,https://www.inaturalist.org/observations/402376318,738668318,https://inaturalist-open-data.s3.amazonaws.com/photos/738668318/original.jpg,cc-by-nc,"(c) sarahlippmann, some rights reserved (CC BY-NC)",sarahlippmann,,2026-09-18,"Maui, Hana, HI, US",research,False,20.683355,-156.0302583333,1536,2048,no,aureum/inat-402376318-738668318-sarahlippmann.jpg,
Epipremnum aureum,402323154,https://www.inaturalist.org/observations/402323154,738558837,https://inaturalist-open-data.s3.amazonaws.com/photos/738558837/original.jpg,cc-by-nc,"(c) 張愷恩, some rights reserved (CC BY-NC)",naturalist170356,張愷恩,2026-09-22,"國立清華大學, 東區, 新竹市, TW",research,False,24.7894431237,120.9936650237,1536,2048,no,aureum/inat-402323154-738558837-naturalist170356.jpg,
Epipremnum aureum,402315280,https://www.inaturalist.org/observations/402315280,738543553,https://inaturalist-open-data.s3.amazonaws.com/photos/738543553/original.jpg,cc-by-nc,"(c) Raquel, some rights reserved (CC BY-NC)",raqqxel,Raquel,2026-09-20,"Fluvial Vallarta, Puerto Vallarta, Jal., México",needs_id,False,20.6443052,-105.2317311,1536,2048,no,aureum/inat-402315280-738543553-raqqxel.jpg,
Epipremnum aureum,402307243,https://www.inaturalist.org/observations/402307243,738526932,https://inaturalist-open-data.s3.amazonaws.com/photos/738526932/original.jpg,cc-by-nc,"(c) emily g, some rights reserved (CC BY-NC)",emily15598,emily g,2026-09-04,"20th Ave S, Saint Petersburg, FL, US",needs_id,False,27.7498486782,-82.6987389738,1152,2048,no,aureum/inat-402307243-738526932-emily15598.jpg,
Epipremnum aureum,402297573,https://www.inaturalist.org/observations/402297573,738507855,https://inaturalist-open-data.s3.amazonaws.com/photos/738507855/original.jpg,cc-by-nc,"(c) Elisabeth, some rights reserved (CC BY-NC)",elisabeth24024,Elisabeth,2026-09-21,"West Loch Estate, HI 96706, USA",needs_id,False,21.35641679,-158.02465194,1536,2048,no,aureum/inat-402297573-738507855-elisabeth24024.jpg,
Epipremnum aureum,402270896,https://www.inaturalist.org/observations/402270896,738454212,https://inaturalist-open-data.s3.amazonaws.com/photos/738454212/original.jpg,cc-by-nc,"(c) Akshara Prasad, some rights reserved (CC BY-NC)",akshara56786,Akshara Prasad,2026-09-20,"Powathil Hall & Research Centre, St. Berchmans College Autonomous, Changanassery, Keralam 686101, India",needs_id,False,9.4515426018,76.5393223241,1152,2048,no,aureum/inat-402270896-738454212-akshara56786.jpg,
Epipremnum aureum,402220122,https://www.inaturalist.org/observations/402220122,738355037,https://inaturalist-open-data.s3.amazonaws.com/photos/738355037/original.jpg,cc-by-nc,"(c) fridap24, some rights reserved (CC BY-NC)",fridap24,,2026-09-21,"Calle 27a. Poniente, Tapachula, Chis., MX",needs_id,False,14.92087,-92.2622083333,1152,2048,no,aureum/inat-402220122-738355037-fridap24.jpg,
Epipremnum aureum,402183810,https://www.inaturalist.org/observations/402183810,738285027,https://inaturalist-open-data.s3.amazonaws.com/photos/738285027/original.jpg,cc-by-nc,"(c) mdcardoso, some rights reserved (CC BY-NC)",mdcardoso,,2026-09-19,"Limeira, SP, BR",research,False,-22.5693009848,-47.4011710297,1152,2048,no,aureum/inat-402183810-738285027-mdcardoso.jpg,
Epipremnum aureum,402151882,https://www.inaturalist.org/observations/402151882,738224916,https://inaturalist-open-data.s3.amazonaws.com/photos/738224916/original.jpg,cc-by-nc,"(c) Asrabhishe, some rights reserved (CC BY-NC)",asrabhishek,Asrabhishe,2026-09-19,"CR9W+2WV Residential Quarters- AAIDU, Naini, Prayagraj, Uttar Pradesh 211007, India",research,False,25.4176067753,81.8472962826,1542,2048,no,aureum/inat-402151882-738224916-asrabhishek.jpg,
Epipremnum aureum,402151882,https://www.inaturalist.org/observations/402151882,738224946,https://inaturalist-open-data.s3.amazonaws.com/photos/738224946/original.jpg,cc-by-nc,"(c) Asrabhishe, some rights reserved (CC BY-NC)",asrabhishek,Asrabhishe,2026-09-19,"CR9W+2WV Residential Quarters- AAIDU, Naini, Prayagraj, Uttar Pradesh 211007, India",research,False,25.4176067753,81.8472962826,1542,2048,no,aureum/inat-402151882-738224946-asrabhishek.jpg,
Epipremnum aureum,402121726,https://www.inaturalist.org/observations/402121726,738165307,https://inaturalist-open-data.s3.amazonaws.com/photos/738165307/original.jpg,cc-by-nc,"(c) qsm, some rights reserved (CC BY-NC)",qsm,,2026-09-21,Jashore,research,False,23.1691036224,89.1692199707,1536,2048,no,aureum/inat-402121726-738165307-qsm.jpg,
Epipremnum aureum,401955548,https://www.inaturalist.org/observations/401955548,737827232,https://inaturalist-open-data.s3.amazonaws.com/photos/737827232/original.jpg,cc-by-nc,"(c) Alex Kinsella, some rights reserved (CC BY-NC)",aeknel,Alex Kinsella,2026-09-19,"Tantalus Dr, Honolulu, HI, US",needs_id,False,21.3310048711,-157.8168797509,1152,2048,no,aureum/inat-401955548-737827232-aeknel.jpg,
Epipremnum aureum,401901102,https://www.inaturalist.org/observations/401901102,737717305,https://inaturalist-open-data.s3.amazonaws.com/photos/737717305/original.jpg,cc-by-nc,"(c) Joel Lazo, some rights reserved (CC BY-NC)",joel32266,Joel Lazo,2026-09-20,"CXX7+8GR, El Higo, Provincia de Panamá Oeste, Panamá",research,False,8.4480935,-80.0366409,1536,2048,no,aureum/inat-401901102-737717305-joel32266.jpg,
Epipremnum aureum,401843138,https://www.inaturalist.org/observations/401843138,737606133,https://inaturalist-open-data.s3.amazonaws.com/photos/737606133/original.jpg,cc-by-nc,"(c) tsudakazutoshi, some rights reserved (CC BY-NC)",tsudakazutoshi,,2026-09-20,"Le Thanh Ton, Sai Gon, Ho Chi Minh City, VN",needs_id,False,10.7788716667,106.7031383333,2048,1536,no,aureum/inat-401843138-737606133-tsudakazutoshi.jpg,
Epipremnum aureum,401810357,https://www.inaturalist.org/observations/401810357,737542511,https://inaturalist-open-data.s3.amazonaws.com/photos/737542511/original.jpg,cc-by-nc,"(c) Srinivas podili, some rights reserved (CC BY-NC)",srinivas5331,Srinivas podili,2026-09-20,"Yamaganipalle, Andhra Pradesh, India",needs_id,False,12.8016516667,78.30561,1542,2048,no,aureum/inat-401810357-737542511-srinivas5331.jpg,
Epipremnum aureum,401773231,https://www.inaturalist.org/observations/401773231,737467357,https://inaturalist-open-data.s3.amazonaws.com/photos/737467357/original.jpg,cc-by-nc,"(c) Bipasha David, some rights reserved (CC BY-NC)",prof_bipasha_david_,Bipasha David,2026-09-18,"CR7W+7HW, 211007, Naini, Prayagraj, Mirakhpur Kachhar, Uttar Pradesh 211007, India",needs_id,False,25.4132412063,81.8466324359,1536,2048,no,aureum/inat-401773231-737467357-prof_bipasha_david_.jpg,
Epipremnum aureum,401666284,https://www.inaturalist.org/observations/401666284,737250536,https://inaturalist-open-data.s3.amazonaws.com/photos/737250536/original.jpg,cc-by-nc,"(c) fiammasoler, some rights reserved (CC BY-NC)",fiammasoler,,2026-09-18,"Rua São Caetano do Sul, 205 - Champagnat, Londrina - PR, 86062-000, Brasil",research,False,-23.3083967225,-51.1830902472,1542,2048,no,aureum/inat-401666284-737250536-fiammasoler.jpg,
Epipremnum aureum,401604833,https://www.inaturalist.org/observations/401604833,737129982,https://inaturalist-open-data.s3.amazonaws.com/photos/737129982/original.jpg,cc-by-nc,"(c) gladys_vasquez, some rights reserved (CC BY-NC)",gladys_vasquez,,2026-09-19,"Avenida Costera, San José, Escuintla, GT",needs_id,False,13.9148718124,-90.8940801627,1536,2048,no,aureum/inat-401604833-737129982-gladys_vasquez.jpg,
Epipremnum aureum,401604833,https://www.inaturalist.org/observations/401604833,737130024,https://inaturalist-open-data.s3.amazonaws.com/photos/737130024/original.jpg,cc-by-nc,"(c) gladys_vasquez, some rights reserved (CC BY-NC)",gladys_vasquez,,2026-09-19,"Avenida Costera, San José, Escuintla, GT",needs_id,False,13.9148718124,-90.8940801627,1536,2048,no,aureum/inat-401604833-737130024-gladys_vasquez.jpg,
Epipremnum aureum,401604833,https://www.inaturalist.org/observations/401604833,737130072,https://inaturalist-open-data.s3.amazonaws.com/photos/737130072/original.jpg,cc-by-nc,"(c) gladys_vasquez, some rights reserved (CC BY-NC)",gladys_vasquez,,2026-09-19,"Avenida Costera, San José, Escuintla, GT",needs_id,False,13.9148718124,-90.8940801627,1536,2048,no,aureum/inat-401604833-737130072-gladys_vasquez.jpg,
Epipremnum aureum,401538257,https://www.inaturalist.org/observations/401538257,737007138,https://inaturalist-open-data.s3.amazonaws.com/photos/737007138/original.jpg,cc-by-nc,"(c) mdcardoso, some rights reserved (CC BY-NC)",mdcardoso,,2026-09-19,"Limeira, SP, BR",research,False,-22.5693122555,-47.4012797251,1152,2048,no,aureum/inat-401538257-737007138-mdcardoso.jpg,
Epipremnum aureum,401536139,https://www.inaturalist.org/observations/401536139,737003273,https://inaturalist-open-data.s3.amazonaws.com/photos/737003273/original.jpg,cc-by-nc,"(c) Deepika Soundararajan, some rights reserved (CC BY-NC)",deepikasound,Deepika Soundararajan,2026-09-19,"Melbourne, FL, US",research,False,28.0671111667,-80.6224533333,1536,2048,no,aureum/inat-401536139-737003273-deepikasound.jpg,
Epipremnum aureum,401488155,https://www.inaturalist.org/observations/401488155,736909722,https://static.inaturalist.org/photos/736909722/original.jpg,all-rights-reserved,"(c) N Z, all rights reserved",nazmul_abir,N Z,2026-09-19,"Rampura Bridge, Dhaka 1212, Bangladesh",needs_id,False,23.7678694444,90.4215166667,1536,2048,no,aureum/inat-401488155-736909722-nazmul_abir.jpg,
Epipremnum aureum,401482883,https://www.inaturalist.org/observations/401482883,736859645,https://inaturalist-open-data.s3.amazonaws.com/photos/736859645/original.jpg,cc-by-nc,"(c) Khirsagar Sahu, some rights reserved (CC BY-NC)",foreocean,Khirsagar Sahu,2026-09-19,"SHUATS, Mahewa East, Prayagraj, Uttar Pradesh, India",needs_id,False,25.4122315995,81.8495074932,2048,1365,no,aureum/inat-401482883-736859645-foreocean.jpg,
Epipremnum aureum,401457740,https://www.inaturalist.org/observations/401457740,736851534,https://inaturalist-open-data.s3.amazonaws.com/photos/736851534/original.jpg,cc-by-nc,"(c) Ken Liao, some rights reserved (CC BY-NC)",ken25758,Ken Liao,2026-09-19,"十八尖山森林公園, 東區, 新竹市, TW",needs_id,False,24.7951860676,120.9837508572,1536,2048,no,aureum/inat-401457740-736851534-ken25758.jpg,
Epipremnum aureum,401423964,https://www.inaturalist.org/observations/401423964,736781557,https://static.inaturalist.org/photos/736781557/original.jpg,all-rights-reserved,"(c) Dr Spood dude, all rights reserved",themoojuice,Dr Spood dude,2026-09-16,"Iron Range QLD 4892, Australia",research,False,-12.7125839,143.2890524997,2048,1536,no,aureum/inat-401423964-736781557-themoojuice.jpg,
Epipremnum aureum,401423964,https://www.inaturalist.org/observations/401423964,736781959,https://static.inaturalist.org/photos/736781959/original.jpg,all-rights-reserved,"(c) Dr Spood dude, all rights reserved",themoojuice,Dr Spood dude,2026-09-16,"Iron Range QLD 4892, Australia",research,False,-12.7125839,143.2890524997,2048,1536,no,aureum/inat-401423964-736781959-themoojuice.jpg,
Epipremnum aureum,401371844,https://www.inaturalist.org/observations/401371844,736675356,https://inaturalist-open-data.s3.amazonaws.com/photos/736675356/original.jpg,cc-by-nc,"(c) Giulia Codato, some rights reserved (CC BY-NC)",giuliarcgeo,Giulia Codato,2026-09-18,"Rua Deputado Nilson Ribas, Londrina, PR, BR",research,False,-23.3063466667,-51.1838833333,1536,2048,no,aureum/inat-401371844-736675356-giuliarcgeo.jpg,
Epipremnum aureum,401334931,https://www.inaturalist.org/observations/401334931,736602764,https://inaturalist-open-data.s3.amazonaws.com/photos/736602764/original.jpg,cc-by-nc,"(c) Ivanna Young, some rights reserved (CC BY-NC)",ivanna39849,Ivanna Young,2026-09-18,"Warwick, BM",needs_id,False,32.2661985,-64.79482374,1536,2048,no,aureum/inat-401334931-736602764-ivanna39849.jpg,
Epipremnum aureum,401292523,https://www.inaturalist.org/observations/401292523,736522202,https://inaturalist-open-data.s3.amazonaws.com/photos/736522202/original.jpg,cc-by-nc,"(c) Patricia Fernandes Paula Shinobu, some rights reserved (CC BY-NC)",patricia_paula_shinobu,Patricia Fernandes Paula Shinobu,2026-09-18,"Rua Olavo Bilac, Londrina, PR, BR",research,False,-23.3062768646,-51.1841584953,1152,2048,no,aureum/inat-401292523-736522202-patricia_paula_shinobu.jpg,
Epipremnum aureum,401243102,https://www.inaturalist.org/observations/401243102,736429504,https://inaturalist-open-data.s3.amazonaws.com/photos/736429504/original.jpg,cc-by-nc,"(c) Bipasha David, some rights reserved (CC BY-NC)",prof_bipasha_david_,Bipasha David,2026-09-18,"CR7W+MXG, Naini, Mirakhpur Kachhar, Prayagraj, Uttar Pradesh 211007, India",needs_id,False,25.4141257798,81.8475879729,1536,2048,no,aureum/inat-401243102-736429504-prof_bipasha_david_.jpg,
Epipremnum aureum,401223645,https://www.inaturalist.org/observations/401223645,736395197,https://inaturalist-open-data.s3.amazonaws.com/photos/736395197/original.jpg,cc-by-nc,"(c) Denise, some rights reserved (CC BY-NC)",denichaves,Denise,2026-09-18,"Rua São Caetano do Sul, 205 - Champagnat, Londrina - PR, 86062-000, Brasil",research,False,-23.3095477195,-51.1831821967,1152,2048,no,aureum/inat-401223645-736395197-denichaves.jpg,
Epipremnum aureum,401221097,https://www.inaturalist.org/observations/401221097,736395392,https://inaturalist-open-data.s3.amazonaws.com/photos/736395392/original.jpg,cc-by-nc,"(c) Luciano Xavier, some rights reserved (CC BY-NC)",luciano93853,Luciano Xavier,2026-09-18,"Rua São Bernardo do Campo, Londrina, PR, BR",research,False,-23.3093935673,-51.1833880333,1536,2048,no,aureum/inat-401221097-736395392-luciano93853.jpg,
Epipremnum aureum,401218071,https://www.inaturalist.org/observations/401218071,736384359,https://static.inaturalist.org/photos/736384359/original.jpg,all-rights-reserved,"(c) Swapnil Desai, all rights reserved",swapnil_desai,Swapnil Desai,2026-09-18,"4GW7+89J, Hudasa, Karnataka 581186, India",needs_id,False,15.1482399,74.5136203997,1153,2048,no,aureum/inat-401218071-736384359-swapnil_desai.jpg,
Epipremnum aureum,401216151,https://www.inaturalist.org/observations/401216151,736380340,https://inaturalist-open-data.s3.amazonaws.com/photos/736380340/original.jpg,cc-by-nc,"(c) José Rafael Vilela da Silva, some rights reserved (CC BY-NC)",jrafageo,José Rafael Vilela da Silva,2026-09-18,"Rua Deputado Nilson Ribas, 826 - Champagnat, Londrina - PR, 86062-090, Brasil",research,False,-23.3063235871,-51.1838184389,1536,2048,no,aureum/inat-401216151-736380340-jrafageo.jpg,
Epipremnum aureum,401215261,https://www.inaturalist.org/observations/401215261,736378700,https://inaturalist-open-data.s3.amazonaws.com/photos/736378700/original.jpg,cc-by-nc,"(c) เปรมปกรณ์ นิรันต์เรือง, some rights reserved (CC BY-NC)",prempakorn,เปรมปกรณ์ นิรันต์เรือง,2026-09-18,ร่มเย็น อำเภอ คลองใหญ่ ตราด 23110 ประเทศไทย,needs_id,False,11.7661656028,102.8868384194,1152,2048,no,aureum/inat-401215261-736378700-prempakorn.jpg,
Epipremnum aureum,401213594,https://www.inaturalist.org/observations/401213594,736375697,https://inaturalist-open-data.s3.amazonaws.com/photos/736375697/original.jpg,cc-by-nc,"(c) Phimontirat waitchaykay, some rights reserved (CC BY-NC)",phimontirat,Phimontirat waitchaykay,2026-09-18,คลองสะบ้า อำเภอ คลองใหญ่ ตราด ประเทศไทย,needs_id,False,11.7548340333,102.8963576333,1536,2048,no,aureum/inat-401213594-736375697-phimontirat.jpg,
Epipremnum aureum,401204824,https://www.inaturalist.org/observations/401204824,736358963,https://inaturalist-open-data.s3.amazonaws.com/photos/736358963/original.jpg,cc-by-nc,"(c) Bhumi Thakor, some rights reserved (CC BY-NC)",bhumithakor4216,Bhumi Thakor,2026-09-18,"41, Sarvoday Nagar, Society, Visnagar, Gujarat 384315, India",needs_id,False,23.7012694444,72.5395222222,1542,2048,no,aureum/inat-401204824-736358963-bhumithakor4216.jpg,
Epipremnum aureum,401151080,https://www.inaturalist.org/observations/401151080,736253934,https://inaturalist-open-data.s3.amazonaws.com/photos/736253934/original.jpg,cc-by,"(c) joelkoen, some rights reserved (CC BY)",joelkoen,,2026-06-18,"Gold Coast QLD, Australia",needs_id,False,-28.1249600602,153.4713468701,1538,2048,no,aureum/inat-401151080-736253934-joelkoen.jpg,
Epipremnum aureum,401151080,https://www.inaturalist.org/observations/401151080,736253960,https://inaturalist-open-data.s3.amazonaws.com/photos/736253960/original.jpg,cc-by,"(c) joelkoen, some rights reserved (CC BY)",joelkoen,,2026-06-18,"Gold Coast QLD, Australia",needs_id,False,-28.1249600602,153.4713468701,1538,2048,no,aureum/inat-401151080-736253960-joelkoen.jpg,
Epipremnum aureum,401151080,https://www.inaturalist.org/observations/401151080,736253946,https://inaturalist-open-data.s3.amazonaws.com/photos/736253946/original.jpg,cc-by,"(c) joelkoen, some rights reserved (CC BY)",joelkoen,,2026-06-18,"Gold Coast QLD, Australia",needs_id,False,-28.1249600602,153.4713468701,1538,2048,no,aureum/inat-401151080-736253946-joelkoen.jpg,
Epipremnum aureum,401151074,https://www.inaturalist.org/observations/401151074,736253315,https://inaturalist-open-data.s3.amazonaws.com/photos/736253315/original.jpg,cc-by,"(c) joelkoen, some rights reserved (CC BY)",joelkoen,,2026-09-09,"Gold Coast QLD, Australia",needs_id,False,-27.9990495834,153.430136824,2048,1538,no,aureum/inat-401151074-736253315-joelkoen.jpg,
Epipremnum aureum,401151074,https://www.inaturalist.org/observations/401151074,736253316,https://inaturalist-open-data.s3.amazonaws.com/photos/736253316/original.jpg,cc-by,"(c) joelkoen, some rights reserved (CC BY)",joelkoen,,2026-09-09,"Gold Coast QLD, Australia",needs_id,False,-27.9990495834,153.430136824,2048,1538,no,aureum/inat-401151074-736253316-joelkoen.jpg,
Epipremnum aureum,401151060,https://www.inaturalist.org/observations/401151060,736251339,https://inaturalist-open-data.s3.amazonaws.com/photos/736251339/original.jpg,cc-by,"(c) joelkoen, some rights reserved (CC BY)",joelkoen,,2026-09-13,"Gold Coast QLD, Australia",research,False,-28.1336985715,153.4717668034,1538,2048,no,aureum/inat-401151060-736251339-joelkoen.jpg,
Epipremnum aureum,401151060,https://www.inaturalist.org/observations/401151060,736251340,https://inaturalist-open-data.s3.amazonaws.com/photos/736251340/original.jpg,cc-by,"(c) joelkoen, some rights reserved (CC BY)",joelkoen,,2026-09-13,"Gold Coast QLD, Australia",research,False,-28.1336985715,153.4717668034,1538,2048,no,aureum/inat-401151060-736251340-joelkoen.jpg,
Epipremnum aureum,401151060,https://www.inaturalist.org/observations/401151060,736251397,https://inaturalist-open-data.s3.amazonaws.com/photos/736251397/original.jpg,cc-by,"(c) joelkoen, some rights reserved (CC BY)",joelkoen,,2026-09-13,"Gold Coast QLD, Australia",research,False,-28.1336985715,153.4717668034,1538,2048,no,aureum/inat-401151060-736251397-joelkoen.jpg,
Epipremnum aureum,401151060,https://www.inaturalist.org/observations/401151060,736251410,https://inaturalist-open-data.s3.amazonaws.com/photos/736251410/original.jpg,cc-by,"(c) joelkoen, some rights reserved (CC BY)",joelkoen,,2026-09-13,"Gold Coast QLD, Australia",research,False,-28.1336985715,153.4717668034,1538,2048,no,aureum/inat-401151060-736251410-joelkoen.jpg,
Epipremnum aureum,401133572,https://www.inaturalist.org/observations/401133572,736220418,https://inaturalist-open-data.s3.amazonaws.com/photos/736220418/original.jpg,cc-by-nc,"(c) Corey Callaghan, some rights reserved (CC BY-NC)",coreytcallaghan,Corey Callaghan,2026-09-16,"Oakland Park, FL, USA",research,False,26.1687722222,-80.1613333333,1152,2048,no,aureum/inat-401133572-736220418-coreytcallaghan.jpg,
Epipremnum aureum,401048516,https://www.inaturalist.org/observations/401048516,736053515,https://inaturalist-open-data.s3.amazonaws.com/photos/736053515/original.jpg,cc-by-nc,"(c) cascadiaisforplants, some rights reserved (CC BY-NC)",cascadiaisforplants,,2026-09-17,Kāneʻohe,research,False,21.3901100159,-157.7994995117,1152,2048,no,aureum/inat-401048516-736053515-cascadiaisforplants.jpg,
Epipremnum aureum,400998796,https://www.inaturalist.org/observations/400998796,735953381,https://inaturalist-open-data.s3.amazonaws.com/photos/735953381/original.jpg,cc-by-nc,"(c) Alexander Lees, some rights reserved (CC BY-NC)",alexlees,Alexander Lees,2026-09-17,"HH74+9F - Curió-Utinga, Belém - Pará, Brazil",research,False,-1.4365733997,-48.4436531997,1153,2048,no,aureum/inat-400998796-735953381-alexlees.jpg,
Epipremnum aureum,400969782,https://www.inaturalist.org/observations/400969782,735898640,https://static.inaturalist.org/photos/735898640/original.jpg,all-rights-reserved,"(c) Mikeal Chan, all rights reserved",skywings99,Mikeal Chan,2026-09-17,"Southern Islands, Singapore",research,False,1.259402907,103.8075496629,1153,2048,no,aureum/inat-400969782-735898640-skywings99.jpg,
Epipremnum aureum,400953536,https://www.inaturalist.org/observations/400953536,735867108,https://inaturalist-open-data.s3.amazonaws.com/photos/735867108/original.jpg,cc-by-nc,"(c) Sebastián Hacher, some rights reserved (CC BY-NC)",sebastianhacher,Sebastián Hacher,2026-09-17,"Rua Praia do Amor, Tibau Do Sul, RN, BR",research,False,-6.2313335952,-35.0426122355,1152,2048,no,aureum/inat-400953536-735867108-sebastianhacher.jpg,
Epipremnum aureum,400933414,https://www.inaturalist.org/observations/400933414,735829502,https://inaturalist-open-data.s3.amazonaws.com/photos/735829502/original.jpg,cc-by-nc,"(c) Dr. Chandrashekar S.Y. KSNUAHS Shivamogga, some rights reserved (CC BY-NC)",dr__chandrashekar_s_y_,Dr. Chandrashekar S.Y. KSNUAHS Shivamogga,2026-09-17,"Chitradurga, Karnataka, IN",needs_id,False,13.95466241,76.6339628463,1536,2048,no,aureum/inat-400933414-735829502-dr__chandrashekar_s_y_.jpg,
Epipremnum aureum,400930651,https://www.inaturalist.org/observations/400930651,735823399,https://inaturalist-open-data.s3.amazonaws.com/photos/735823399/original.jpg,cc-by-nc,"(c) 林育陞, some rights reserved (CC BY-NC)",yusheng1823,林育陞,2026-09-17,"臺灣島, 中正區, 臺北市, TW",research,False,25.0370892082,121.524499646,1536,2048,no,aureum/inat-400930651-735823399-yusheng1823.jpg,
Epipremnum aureum,400929580,https://www.inaturalist.org/observations/400929580,735820230,https://inaturalist-open-data.s3.amazonaws.com/photos/735820230/original.jpg,cc-by-nc,"(c) Alina, some rights reserved (CC BY-NC)",alina14575,Alina,2026-09-17,Kaafu Atoll,research,False,4.2870941162,73.5535964966,1536,2048,no,aureum/inat-400929580-735820230-alina14575.jpg,
Epipremnum aureum,400910368,https://www.inaturalist.org/observations/400910368,735780257,https://inaturalist-open-data.s3.amazonaws.com/photos/735780257/original.jpg,cc-by,"(c) DV, some rights reserved (CC BY)",ehee47,DV,2026-09-17,"Kuala Lumpur, MY-KL-KL, MY",needs_id,False,3.172831,101.704513,1536,2048,no,aureum/inat-400910368-735780257-ehee47.jpg,
Epipremnum aureum,400908641,https://www.inaturalist.org/observations/400908641,735777141,https://inaturalist-open-data.s3.amazonaws.com/photos/735777141/original.jpg,cc-by-nc,"(c) Abha Jeurkar, some rights reserved (CC BY-NC)",abha6,Abha Jeurkar,2026-09-17,"CW66+5JJ, Arail Uparhar, Prayagraj, Uttar Pradesh 211019, India",research,False,25.4104638882,81.9115700573,1152,2048,no,aureum/inat-400908641-735777141-abha6.jpg,
Epipremnum aureum,400897552,https://www.inaturalist.org/observations/400897552,735751083,https://inaturalist-open-data.s3.amazonaws.com/photos/735751083/original.jpg,cc-by-nc,"(c) radinis, some rights reserved (CC BY-NC)",radinis,,2026-08-17,"Pā'ea, French Polynesia",needs_id,False,-17.6602235709,-149.5793351515,1365,2048,no,aureum/inat-400897552-735751083-radinis.jpg,
Epipremnum aureum,400894888,https://www.inaturalist.org/observations/400894888,735749779,https://inaturalist-open-data.s3.amazonaws.com/photos/735749779/original.jpg,cc-by-nc,"(c) ButtonMushroom, some rights reserved (CC BY-NC)",buttonmushroom,ButtonMushroom,2026-09-17,"Le Loi, Hai Chau, Da Nang, VN",research,False,16.0751337558,108.2200183534,1152,2048,no,aureum/inat-400894888-735749779-buttonmushroom.jpg,
Epipremnum aureum,400888785,https://www.inaturalist.org/observations/400888785,735736723,https://inaturalist-open-data.s3.amazonaws.com/photos/735736723/original.jpg,cc-by-nc,"(c) Payal Kumari, some rights reserved (CC BY-NC)",payal82992,Payal Kumari,2026-09-17,"127, E.W.S colony, Sector 1, Paloura, Jammu, 181121",research,False,32.7637758,74.8349044,1536,2048,no,aureum/inat-400888785-735736723-payal82992.jpg,
Epipremnum aureum,400783747,https://www.inaturalist.org/observations/400783747,735522343,https://inaturalist-open-data.s3.amazonaws.com/photos/735522343/original.jpg,cc-by-nc,"(c) catherine, some rights reserved (CC BY-NC)",catherine40492,catherine,2026-09-16,king edward VII hall,research,False,1.2931000968,103.7810538423,590,1280,no,aureum/inat-400783747-735522343-catherine40492.jpg,
Epipremnum aureum,400762835,https://www.inaturalist.org/observations/400762835,735480418,https://inaturalist-open-data.s3.amazonaws.com/photos/735480418/original.jpg,cc-by-nc,"(c) Wiktoria Niewidok, some rights reserved (CC BY-NC)",wiktorianie,Wiktoria Niewidok,2026-02-19,"Mueang Krabi District, Krabi, TH",research,False,8.0385028333,98.8443133333,1536,2048,no,aureum/inat-400762835-735480418-wiktorianie.jpg,
Epipremnum aureum,400704680,https://www.inaturalist.org/observations/400704680,735368012,https://inaturalist-open-data.s3.amazonaws.com/photos/735368012/original.jpg,cc-by-nc,"(c) lucas wellington pereira da silva, some rights reserved (CC BY-NC)",lucas_wellington,lucas wellington pereira da silva,2026-09-16,"Avenida Vitória, 45 - Gurigica, Vitória - ES, 29050-800, Brasil",needs_id,False,-20.3091533333,-40.307265,1542,2048,no,aureum/inat-400704680-735368012-lucas_wellington.jpg,
Epipremnum aureum,400701540,https://www.inaturalist.org/observations/400701540,735361170,https://inaturalist-open-data.s3.amazonaws.com/photos/735361170/original.jpg,cc-by-nc,"(c) Trevor Mote, some rights reserved (CC BY-NC)",trevor_mote,Trevor Mote,2026-09-16,"Le Lac Rd, Boca Raton, FL, US",needs_id,False,26.411028754,-80.1396466577,1152,2048,no,aureum/inat-400701540-735361170-trevor_mote.jpg,
Epipremnum aureum,400636790,https://www.inaturalist.org/observations/400636790,735239996,https://inaturalist-open-data.s3.amazonaws.com/photos/735239996/original.jpg,cc-by-nc,"(c) Kass Chan, some rights reserved (CC BY-NC)",kasskass59,Kass Chan,2026-09-16,香港九龍荔枝角盈暉臺3座,needs_id,False,22.3415831,114.1377595997,2048,1536,no,aureum/inat-400636790-735239996-kasskass59.jpg,
Epipremnum aureum,400636790,https://www.inaturalist.org/observations/400636790,735240041,https://inaturalist-open-data.s3.amazonaws.com/photos/735240041/original.jpg,cc-by-nc,"(c) Kass Chan, some rights reserved (CC BY-NC)",kasskass59,Kass Chan,2026-09-16,香港九龍荔枝角盈暉臺3座,needs_id,False,22.3415831,114.1377595997,2048,1536,no,aureum/inat-400636790-735240041-kasskass59.jpg,
Epipremnum aureum,400623531,https://www.inaturalist.org/observations/400623531,735212568,https://inaturalist-open-data.s3.amazonaws.com/photos/735212568/original.jpg,cc-by-nc,"(c) Raghunandan Patil, some rights reserved (CC BY-NC)",raghunandan3,Raghunandan Patil,2026-09-16,"V83H+38X, Bhadole, Maharashtra 416112, India",needs_id,False,16.85261047,74.32833246,1536,2048,no,aureum/inat-400623531-735212568-raghunandan3.jpg,
Epipremnum aureum,400475804,https://www.inaturalist.org/observations/400475804,734907436,https://static.inaturalist.org/photos/734907436/original.jpg,all-rights-reserved,"(c) Aquatica Mentha, all rights reserved",aquatica,Aquatica Mentha,2026-08-28,"Jiang Wei-Shui Freeway, Shiding District, New Taipei City, TW",research,False,24.9814783333,121.67177,1536,2048,no,aureum/inat-400475804-734907436-aquatica.jpg,
Epipremnum aureum,400475804,https://www.inaturalist.org/observations/400475804,734907448,https://static.inaturalist.org/photos/734907448/original.jpg,all-rights-reserved,"(c) Aquatica Mentha, all rights reserved",aquatica,Aquatica Mentha,2026-08-28,"Jiang Wei-Shui Freeway, Shiding District, New Taipei City, TW",research,False,24.9814783333,121.67177,1536,2048,no,aureum/inat-400475804-734907448-aquatica.jpg,
Epipremnum aureum,400447329,https://www.inaturalist.org/observations/400447329,734853684,https://static.inaturalist.org/photos/734853684/original.jpg,all-rights-reserved,"(c) Mikeal Chan, all rights reserved",skywings99,Mikeal Chan,2026-09-15,"Central, SG",research,False,1.2686311479,103.8176173344,1153,2048,no,aureum/inat-400447329-734853684-skywings99.jpg,
Epipremnum aureum,400446969,https://www.inaturalist.org/observations/400446969,734852770,https://static.inaturalist.org/photos/734852770/original.jpg,all-rights-reserved,"(c) Mikeal Chan, all rights reserved",skywings99,Mikeal Chan,2026-09-15,"The Pearl @ Mt Faber, Singapore",research,False,1.2767307616,103.8278710842,1153,2048,no,aureum/inat-400446969-734852770-skywings99.jpg,
Epipremnum aureum,400423326,https://www.inaturalist.org/observations/400423326,734805942,https://inaturalist-open-data.s3.amazonaws.com/photos/734805942/original.jpg,cc-by-nc,"(c) zorasu, some rights reserved (CC BY-NC)",zorasu,,2026-09-15,"國立清華大學, 東區, 新竹市, TW",research,False,24.7920616667,120.992805,1536,2048,no,aureum/inat-400423326-734805942-zorasu.jpg,
Epipremnum aureum,400403146,https://www.inaturalist.org/observations/400403146,734767139,https://inaturalist-open-data.s3.amazonaws.com/photos/734767139/original.jpg,cc-by-nc,"(c) Oli W, some rights reserved (CC BY-NC)",melkweed,Oli W,2026-09-14,"Waikamoi Ridge Trail, Haiku, HI, US",needs_id,False,20.8742166667,-156.1865216667,1536,2048,no,aureum/inat-400403146-734767139-melkweed.jpg,
Epipremnum aureum,400403137,https://www.inaturalist.org/observations/400403137,734767118,https://inaturalist-open-data.s3.amazonaws.com/photos/734767118/original.jpg,cc-by-nc,"(c) Oli W, some rights reserved (CC BY-NC)",melkweed,Oli W,2026-09-14,"Waikamoi Ridge Trail, Haiku, HI, US",research,False,20.874055,-156.18657,1536,2048,no,aureum/inat-400403137-734767118-melkweed.jpg,
Epipremnum aureum,400401194,https://www.inaturalist.org/observations/400401194,734763636,https://inaturalist-open-data.s3.amazonaws.com/photos/734763636/original.jpg,cc-by,"(c) DV, some rights reserved (CC BY)",ehee47,DV,2026-09-15,"Kuala Lumpur, MY-KL-KL, MY",research,False,3.172511,101.674435,1536,2048,no,aureum/inat-400401194-734763636-ehee47.jpg,
Epipremnum aureum,400400938,https://www.inaturalist.org/observations/400400938,734763085,https://inaturalist-open-data.s3.amazonaws.com/photos/734763085/original.jpg,cc-by-nc,"(c) 黃冠維, some rights reserved (CC BY-NC)",andy-,黃冠維,2026-09-15,"國立清華大學, 東區, 新竹市, TW",research,False,24.7898298828,120.9938522285,1536,2048,no,aureum/inat-400400938-734763085-andy-.jpg,
Epipremnum aureum,400376268,https://www.inaturalist.org/observations/400376268,734710130,https://inaturalist-open-data.s3.amazonaws.com/photos/734710130/original.jpg,cc-by-nc,"(c) 21004朱彥錡, some rights reserved (CC BY-NC)",naturalist37511,21004朱彥錡,2026-09-15,"臺中市立臺中女子高級中等學校, 西區, 臺中市, TW",needs_id,False,24.1355862922,120.6763040132,1152,2048,no,aureum/inat-400376268-734710130-naturalist37511.jpg,
Epipremnum aureum,400375963,https://www.inaturalist.org/observations/400375963,734709200,https://inaturalist-open-data.s3.amazonaws.com/photos/734709200/original.jpg,cc-by-nc,"(c) 21004朱彥錡, some rights reserved (CC BY-NC)",naturalist37511,21004朱彥錡,2026-09-15,"臺中市立臺中女子高級中等學校, 西區, 臺中市, TW",research,False,24.1354137664,120.6766002572,1152,2048,no,aureum/inat-400375963-734709200-naturalist37511.jpg,
Epipremnum aureum,400356160,https://www.inaturalist.org/observations/400356160,734664881,https://inaturalist-open-data.s3.amazonaws.com/photos/734664881/original.jpg,cc-by-nc,"(c) tmccarthey, some rights reserved (CC BY-NC)",tmccarthey,,2026-07-18,"Kairuku-Hiri District, Central Province, Papua New Guinea",needs_id,False,-9.4059337738,147.2723593082,2048,1365,no,aureum/inat-400356160-734664881-tmccarthey.jpg,
Epipremnum aureum,400207710,https://www.inaturalist.org/observations/400207710,734360468,https://inaturalist-open-data.s3.amazonaws.com/photos/734360468/original.jpg,cc-by-nc,"(c) Cindy Hodges, some rights reserved (CC BY-NC)",cindy62715,Cindy Hodges,2026-09-13,"S Rosemary Ave, West Palm Beach, FL, US",needs_id,False,26.7081372177,-80.0571201299,1152,2048,no,aureum/inat-400207710-734360468-cindy62715.jpg,
Epipremnum aureum,400128611,https://www.inaturalist.org/observations/400128611,734203647,https://inaturalist-open-data.s3.amazonaws.com/photos/734203647/original.jpg,cc-by-nc,"(c) how1027lin, some rights reserved (CC BY-NC)",how1027lin,,2026-08-31,"臺灣島, 板橋區, 新北市, TW",needs_id,False,25.0189789067,121.471372386,643,857,no,aureum/inat-400128611-734203647-how1027lin.jpg,
Epipremnum aureum,400095986,https://www.inaturalist.org/observations/400095986,734136362,https://static.inaturalist.org/photos/734136362/original.jpg,all-rights-reserved,"(c) 黃天灶, all rights reserved",ssnp139,黃天灶,2026-09-14,813台灣高雄市左營區埤東里198號,research,False,22.6781083333,120.2912555556,1536,2048,no,aureum/inat-400095986-734136362-ssnp139.jpg,
Epipremnum aureum,400071636,https://www.inaturalist.org/observations/400071636,734085565,https://inaturalist-open-data.s3.amazonaws.com/photos/734085565/original.jpg,cc-by-nc-sa,"(c) Aiman Azmi, some rights reserved (CC BY-NC-SA)",aiman_azmi,Aiman Azmi,2026-09-14,"Cyberjaya, Selangor, MY",needs_id,False,2.9100053103,101.6209423134,1008,1344,no,aureum/inat-400071636-734085565-aiman_azmi.jpg,
Epipremnum aureum,400004240,https://www.inaturalist.org/observations/400004240,733947545,https://inaturalist-open-data.s3.amazonaws.com/photos/733947545/original.jpg,cc-by-nc,"(c) isilwen87, some rights reserved (CC BY-NC)",isilwen87,,2026-09-13,"Spring Creek Dr, Sarasota, FL, US",needs_id,False,27.3057378418,-82.534368616,1536,2048,no,aureum/inat-400004240-733947545-isilwen87.jpg,
Epipremnum aureum,399951480,https://www.inaturalist.org/observations/399951480,733847039,https://inaturalist-open-data.s3.amazonaws.com/photos/733847039/original.jpg,cc-by-nc,"(c) radtklau, some rights reserved (CC BY-NC)",radtklau,,2026-09-13,"Zhongxin St, Beitou District, Taipei City, TW",research,False,25.1382033108,121.5109270347,1536,2048,no,aureum/inat-399951480-733847039-radtklau.jpg,
Epipremnum aureum,399937641,https://www.inaturalist.org/observations/399937641,733820348,https://inaturalist-open-data.s3.amazonaws.com/photos/733820348/original.jpg,cc-by-nc,"(c) alyssa_jc, some rights reserved (CC BY-NC)",alyssa_jc,alyssa_jc,2026-09-10,"Puerto Rico, Punta Santiago, PR, US",research,False,18.1665333333,-65.7431716667,1536,2048,no,aureum/inat-399937641-733820348-alyssa_jc.jpg,
Epipremnum aureum,399937641,https://www.inaturalist.org/observations/399937641,733820433,https://inaturalist-open-data.s3.amazonaws.com/photos/733820433/original.jpg,cc-by-nc,"(c) alyssa_jc, some rights reserved (CC BY-NC)",alyssa_jc,alyssa_jc,2026-09-10,"Puerto Rico, Punta Santiago, PR, US",research,False,18.1665333333,-65.7431716667,1536,2048,no,aureum/inat-399937641-733820433-alyssa_jc.jpg,
Epipremnum aureum,399863611,https://www.inaturalist.org/observations/399863611,733679827,https://static.inaturalist.org/photos/733679827/original.jpg,all-rights-reserved,"(c) 吳威, all rights reserved",turtle_fish,吳威,2026-09-13,600台灣嘉義市東區,needs_id,False,23.4814094254,120.4708760174,2048,1536,no,aureum/inat-399863611-733679827-turtle_fish.jpg,
Epipremnum aureum,399862784,https://www.inaturalist.org/observations/399862784,733679802,https://inaturalist-open-data.s3.amazonaws.com/photos/733679802/original.jpg,cc-by-nc,"(c) Bipasha David, some rights reserved (CC BY-NC)",prof_bipasha_david_,Bipasha David,2026-09-13,"Mirakhpur Kachhar, Uttar Pradesh, India",needs_id,False,25.4069766296,81.8472010642,1536,2048,no,aureum/inat-399862784-733679802-prof_bipasha_david_.jpg,
Epipremnum aureum,399789430,https://www.inaturalist.org/observations/399789430,733531741,https://inaturalist-open-data.s3.amazonaws.com/photos/733531741/original.jpg,cc-by-nc,"(c) phibbles, some rights reserved (CC BY-NC)",phibbles,,2026-08-22,"Jalan Kartika Plaza, Kabupaten Badung, Bali, ID",needs_id,False,-8.7282833333,115.1694633333,1536,2048,no,aureum/inat-399789430-733531741-phibbles.jpg,
Epipremnum aureum,399762711,https://www.inaturalist.org/observations/399762711,733478449,https://inaturalist-open-data.s3.amazonaws.com/photos/733478449/original.jpg,cc-by-nc-sa,"(c) 王美秀, some rights reserved (CC BY-NC-SA)",ssnp140,王美秀,2026-09-13,"臺灣島, 左營區, 高雄市, TW",needs_id,False,22.6775283481,120.2917143656,1536,2048,no,aureum/inat-399762711-733478449-ssnp140.jpg,
Epipremnum aureum,399731331,https://www.inaturalist.org/observations/399731331,733445854,https://inaturalist-open-data.s3.amazonaws.com/photos/733445854/original.jpg,cc-by-nc,"(c) fljt88, some rights reserved (CC BY-NC)",fljt88,,2026-09-13,Saipan,research,False,15.1868515015,145.743270874,1152,2048,no,aureum/inat-399731331-733445854-fljt88.jpg,
Epipremnum aureum,399727032,https://www.inaturalist.org/observations/399727032,733404287,https://inaturalist-open-data.s3.amazonaws.com/photos/733404287/original.jpg,cc-by-nc,"(c) marco-polo, some rights reserved (CC BY-NC)",marklovestrees,marco-polo,2024-01-04,"El Portal Trail, Río Grande, PR, US",needs_id,False,18.3399916667,-65.7628783333,944,2048,no,aureum/inat-399727032-733404287-marklovestrees.jpg,
Epipremnum aureum,399721190,https://www.inaturalist.org/observations/399721190,733393235,https://inaturalist-open-data.s3.amazonaws.com/photos/733393235/original.jpg,cc-by-nc,"(c) lizzi_hicks, some rights reserved (CC BY-NC)",lizzi_hicks,,2026-09-12,"S Pipeline Rd, Fort Worth, TX, US",needs_id,False,32.8211721457,-97.094840458,1152,2048,no,aureum/inat-399721190-733393235-lizzi_hicks.jpg,
Epipremnum aureum,399688554,https://www.inaturalist.org/observations/399688554,733321551,https://static.inaturalist.org/photos/733321551/original.jpg,all-rights-reserved,"(c) Steven Wang, all rights reserved",stevenw12339,Steven Wang,2025-12-11,"Wulai District, New Taipei City, Taiwan 233",needs_id,False,24.848475,121.5513222222,1536,2048,no,aureum/inat-399688554-733321551-stevenw12339.jpg,
Epipremnum aureum,399676375,https://www.inaturalist.org/observations/399676375,733305108,https://inaturalist-open-data.s3.amazonaws.com/photos/733305108/original.jpg,cc-by-nc,"(c) dulagarl, some rights reserved (CC BY-NC)",dulagarl,,2026-09-13,"Faleolo, Samoa",needs_id,False,-13.8259566155,-172.0283580552,854,1280,no,aureum/inat-399676375-733305108-dulagarl.jpg,
Epipremnum aureum,399554853,https://www.inaturalist.org/observations/399554853,733073746,https://inaturalist-open-data.s3.amazonaws.com/photos/733073746/original.jpg,cc-by-nc,"(c) Matt Bonilla, some rights reserved (CC BY-NC)",matt56271,Matt Bonilla,2026-09-12,"Fourth St N, Saint Petersburg, FL, US",needs_id,False,27.7904632134,-82.6376490937,1152,2048,no,aureum/inat-399554853-733073746-matt56271.jpg,
Epipremnum aureum,399419202,https://www.inaturalist.org/observations/399419202,732812628,https://inaturalist-open-data.s3.amazonaws.com/photos/732812628/original.jpg,cc-by-nc,"(c) AKSHAY KUMAR, some rights reserved (CC BY-NC)",akshay94411,AKSHAY KUMAR,2026-09-12,"Bagayam, Tamil Nadu 632002, India",needs_id,False,12.878390383,79.1292936914,1153,2048,no,aureum/inat-399419202-732812628-akshay94411.jpg,
Epipremnum aureum,399216797,https://www.inaturalist.org/observations/399216797,732406642,https://inaturalist-open-data.s3.amazonaws.com/photos/732406642/original.jpg,cc-by-nc,"(c) MP Zhou, some rights reserved (CC BY-NC)",zmp,MP Zhou,2026-07-19,"Nanhai District, Foshan, Guangdong Province, China",needs_id,False,23.1386938012,113.0160862497,1542,2048,no,aureum/inat-399216797-732406642-zmp.jpg,
Epipremnum aureum,399216797,https://www.inaturalist.org/observations/399216797,732406606,https://inaturalist-open-data.s3.amazonaws.com/photos/732406606/original.jpg,cc-by-nc,"(c) MP Zhou, some rights reserved (CC BY-NC)",zmp,MP Zhou,2026-07-19,"Nanhai District, Foshan, Guangdong Province, China",needs_id,False,23.1386938012,113.0160862497,1542,2048,no,aureum/inat-399216797-732406606-zmp.jpg,
Epipremnum aureum,399186800,https://www.inaturalist.org/observations/399186800,732363790,https://inaturalist-open-data.s3.amazonaws.com/photos/732363790/original.jpg,cc-by,"(c) Harrison Cole, some rights reserved (CC BY)",simcartographer,Harrison Cole,2026-09-10,"Maui County, US-HI, US",research,False,20.8785100533,-156.2003776936,1152,2048,no,aureum/inat-399186800-732363790-simcartographer.jpg,
Epipremnum aureum,399149676,https://www.inaturalist.org/observations/399149676,732289668,https://static.inaturalist.org/photos/732289668/original.jpg,all-rights-reserved,"(c) Imaculada Ramalho, all rights reserved",imaculada_ramalho,Imaculada Ramalho,2026-07-17,"São Luiz, RR, BR",research,False,1.0219805,-60.0373,1536,2048,no,aureum/inat-399149676-732289668-imaculada_ramalho.jpg,
Epipremnum aureum,399149676,https://www.inaturalist.org/observations/399149676,732289701,https://static.inaturalist.org/photos/732289701/original.jpg,all-rights-reserved,"(c) Imaculada Ramalho, all rights reserved",imaculada_ramalho,Imaculada Ramalho,2026-07-17,"São Luiz, RR, BR",research,False,1.0219805,-60.0373,1536,2048,no,aureum/inat-399149676-732289701-imaculada_ramalho.jpg,
Epipremnum aureum,399087621,https://www.inaturalist.org/observations/399087621,732166927,https://inaturalist-open-data.s3.amazonaws.com/photos/732166927/original.jpg,cc-by-nc,"(c) Joe Chance, some rights reserved (CC BY-NC)",joe41804,Joe Chance,2026-08-26,"Holly Fern Chase, Ormond Beach, FL, US",needs_id,False,29.2600227718,-81.1598435219,1152,2048,no,aureum/inat-399087621-732166927-joe41804.jpg,
Epipremnum aureum,399025559,https://www.inaturalist.org/observations/399025559,732043983,https://inaturalist-open-data.s3.amazonaws.com/photos/732043983/original.jpg,cc-by-nc,"(c) jule97, some rights reserved (CC BY-NC)",jule97,,2026-09-10,"Baisha Rd, Hengchun Township, Pingtung County, TW",research,False,21.9363845722,120.7182536828,1152,2048,no,aureum/inat-399025559-732043983-jule97.jpg,
Epipremnum aureum,399013981,https://www.inaturalist.org/observations/399013981,732023483,https://inaturalist-open-data.s3.amazonaws.com/photos/732023483/original.jpg,cc-by-nc,"(c) cheapskate77, some rights reserved (CC BY-NC)",cheapskate77,,2026-09-10,"Foxtail Dr, Greenacres, FL, US",needs_id,False,26.6426783588,-80.1417093885,1152,2048,no,aureum/inat-399013981-732023483-cheapskate77.jpg,
Epipremnum aureum,398969627,https://www.inaturalist.org/observations/398969627,731942598,https://inaturalist-open-data.s3.amazonaws.com/photos/731942598/original.jpg,cc-by-nc,"(c) Pitchrumpa Suriyapan, some rights reserved (CC BY-NC)",pitchrumpa,Pitchrumpa Suriyapan,2026-09-10,"Sanam Chan Road, Mueang Nakhon Pathom District, Nakhon Pathom, TH",needs_id,False,13.8201341582,100.0397065355,1152,2048,no,aureum/inat-398969627-731942598-pitchrumpa.jpg,
Epipremnum aureum,398954683,https://www.inaturalist.org/observations/398954683,731913967,https://inaturalist-open-data.s3.amazonaws.com/photos/731913967/original.jpg,cc-by-nc,"(c) Rittika Bhowmik, some rights reserved (CC BY-NC)",rittika2,Rittika Bhowmik,2025-06-10,"R7VG+VH5, Krishna Nagar, Agartala, Tripura 799001, India",research,False,23.844629945,91.2764833868,701,1426,no,aureum/inat-398954683-731913967-rittika2.jpg,
Epipremnum aureum,398951877,https://www.inaturalist.org/observations/398951877,731908334,https://inaturalist-open-data.s3.amazonaws.com/photos/731908334/original.jpg,cc-by-nc,"(c) anaemi_rmro, some rights reserved (CC BY-NC)",anaemi_rmro,,2026-06-30,"Santo Domingo Este, DO-SD, DO",research,False,18.4811186445,-69.8435233748,1152,2048,no,aureum/inat-398951877-731908334-anaemi_rmro.jpg,
Epipremnum aureum,398943339,https://www.inaturalist.org/observations/398943339,731892991,https://inaturalist-open-data.s3.amazonaws.com/photos/731892991/original.jpg,cc-by-nc,"(c) e-u, some rights reserved (CC BY-NC)",e-u,,2026-09-10,"Kenting National Park, Hengchun, Pingtung, TW",research,False,21.9363514846,120.7183062115,1536,2048,no,aureum/inat-398943339-731892991-e-u.jpg,
Epipremnum aureum,398819251,https://www.inaturalist.org/observations/398819251,731642717,https://inaturalist-open-data.s3.amazonaws.com/photos/731642717/original.jpg,cc-by-nc,"(c) Alan Harvey, some rights reserved (CC BY-NC)",awharvey,Alan Harvey,2022-03-12,"Kapalua, HI 96761, USA",needs_id,False,21.0139361111,-156.6342,768,1024,no,aureum/inat-398819251-731642717-awharvey.jpg,
Epipremnum aureum,398816699,https://www.inaturalist.org/observations/398816699,731642287,https://static.inaturalist.org/photos/731642287/original.jpg,all-rights-reserved,"(c) ray Shi, all rights reserved",ray29586,ray Shi,2026-09-09,"Holly Dr @ USF Myrtle Dr, Tampa, FL 33620, USA",needs_id,False,28.0648083333,-82.4110883333,1536,2048,no,aureum/inat-398816699-731642287-ray29586.jpg,
Epipremnum aureum,398792041,https://www.inaturalist.org/observations/398792041,731592441,https://static.inaturalist.org/photos/731592441/original.jpg,all-rights-reserved,"(c) Dustin Smith, all rights reserved",dustinsummer,Dustin Smith,2024-03-29,"Kauaʻi, Princeville, HI, US",research,False,22.2185166667,-159.58583,1536,2048,no,aureum/inat-398792041-731592441-dustinsummer.jpg,
Epipremnum aureum,398752748,https://www.inaturalist.org/observations/398752748,731504664,https://inaturalist-open-data.s3.amazonaws.com/photos/731504664/original.jpg,cc0,no rights reserved,terolinjama,Tero Linjama,2015-01-11,"Phuket, Thaimaa",needs_id,False,7.9774802575,98.3505259298,506,900,no,aureum/inat-398752748-731504664-terolinjama.jpg,
Epipremnum aureum,398734271,https://www.inaturalist.org/observations/398734271,731481145,https://inaturalist-open-data.s3.amazonaws.com/photos/731481145/original.jpg,cc-by-nc,"(c) krystal_op, some rights reserved (CC BY-NC)",krystal_op,,2026-09-09,"Tiverton Dr, Brandon, FL, US",research,False,27.9138040536,-82.3076219413,1152,2048,no,aureum/inat-398734271-731481145-krystal_op.jpg,
Epipremnum aureum,398734271,https://www.inaturalist.org/observations/398734271,731481172,https://inaturalist-open-data.s3.amazonaws.com/photos/731481172/original.jpg,cc-by-nc,"(c) krystal_op, some rights reserved (CC BY-NC)",krystal_op,,2026-09-09,"Tiverton Dr, Brandon, FL, US",research,False,27.9138040536,-82.3076219413,1536,2048,no,aureum/inat-398734271-731481172-krystal_op.jpg,
Epipremnum aureum,398734271,https://www.inaturalist.org/observations/398734271,731481182,https://inaturalist-open-data.s3.amazonaws.com/photos/731481182/original.jpg,cc-by-nc,"(c) krystal_op, some rights reserved (CC BY-NC)",krystal_op,,2026-09-09,"Tiverton Dr, Brandon, FL, US",research,False,27.9138040536,-82.3076219413,1536,2048,no,aureum/inat-398734271-731481182-krystal_op.jpg,
Epipremnum aureum,398734271,https://www.inaturalist.org/observations/398734271,731481175,https://inaturalist-open-data.s3.amazonaws.com/photos/731481175/original.jpg,cc-by-nc,"(c) krystal_op, some rights reserved (CC BY-NC)",krystal_op,,2026-09-09,"Tiverton Dr, Brandon, FL, US",research,False,27.9138040536,-82.3076219413,1536,2048,no,aureum/inat-398734271-731481175-krystal_op.jpg,
Epipremnum aureum,398734271,https://www.inaturalist.org/observations/398734271,731481184,https://inaturalist-open-data.s3.amazonaws.com/photos/731481184/original.jpg,cc-by-nc,"(c) krystal_op, some rights reserved (CC BY-NC)",krystal_op,,2026-09-09,"Tiverton Dr, Brandon, FL, US",research,False,27.9138040536,-82.3076219413,1536,2048,no,aureum/inat-398734271-731481184-krystal_op.jpg,
Epipremnum aureum,398715686,https://www.inaturalist.org/observations/398715686,731447786,https://inaturalist-open-data.s3.amazonaws.com/photos/731447786/original.jpg,cc-by-nc,"(c) marco-polo, some rights reserved (CC BY-NC)",marklovestrees,marco-polo,2024-01-04,"Río Grande, PR",research,False,18.3399916667,-65.7628783333,944,2048,no,aureum/inat-398715686-731447786-marklovestrees.jpg,
Epipremnum aureum,398710437,https://www.inaturalist.org/observations/398710437,731438389,https://inaturalist-open-data.s3.amazonaws.com/photos/731438389/original.jpg,cc-by-nc,"(c) marco-polo, some rights reserved (CC BY-NC)",marklovestrees,marco-polo,2024-01-04,"Río Grande, PR",research,False,18.33998,-65.7628783333,1536,2048,no,aureum/inat-398710437-731438389-marklovestrees.jpg,
Epipremnum aureum,398710437,https://www.inaturalist.org/observations/398710437,731448626,https://inaturalist-open-data.s3.amazonaws.com/photos/731448626/original.jpg,cc-by-nc,"(c) marco-polo, some rights reserved (CC BY-NC)",marklovestrees,marco-polo,2024-01-04,"Río Grande, PR",research,False,18.33998,-65.7628783333,946,2048,no,aureum/inat-398710437-731448626-marklovestrees.jpg,
Epipremnum aureum,398663059,https://www.inaturalist.org/observations/398663059,731347655,https://inaturalist-open-data.s3.amazonaws.com/photos/731347655/original.jpg,cc-by-nc,"(c) mac ph., some rights reserved (CC BY-NC)",mac86193,mac ph.,2026-09-09,"Pua District, Nan, TH",research,False,19.1651558955,100.9338557071,1152,2048,no,aureum/inat-398663059-731347655-mac86193.jpg,
Epipremnum aureum,398654817,https://www.inaturalist.org/observations/398654817,731333120,https://static.inaturalist.org/photos/731333120/original.jpg,all-rights-reserved,"(c) 黃天灶, all rights reserved",ssnp139,黃天灶,2026-09-09,813台灣高雄市左營區埤東里198號,research,False,22.6781333333,120.2912911111,1536,2048,no,aureum/inat-398654817-731333120-ssnp139.jpg,
Epipremnum aureum,398640514,https://www.inaturalist.org/observations/398640514,731305364,https://inaturalist-open-data.s3.amazonaws.com/photos/731305364/original.jpg,cc-by-nc-sa,"(c) 杜鵑花, some rights reserved (CC BY-NC-SA)",liubelinda,杜鵑花,2026-09-09,"Zhongshan District, Taipei City, TW",needs_id,False,25.0627056809,121.5393146764,1536,2048,no,aureum/inat-398640514-731305364-liubelinda.jpg,
Epipremnum aureum,398640132,https://www.inaturalist.org/observations/398640132,731304961,https://inaturalist-open-data.s3.amazonaws.com/photos/731304961/original.jpg,cc-by-nc,"(c) bbx2, some rights reserved (CC BY-NC)",bbx2,,2026-09-09,Mueang Nakhon Pathom District,needs_id,False,13.820306778,100.0407562256,1152,2048,no,aureum/inat-398640132-731304961-bbx2.jpg,
Epipremnum aureum,398607208,https://www.inaturalist.org/observations/398607208,731236714,https://inaturalist-open-data.s3.amazonaws.com/photos/731236714/original.jpg,cc-by-nc,"(c) Alanis Rodríguez Ortiz, some rights reserved (CC BY-NC)",alanis8705,Alanis Rodríguez Ortiz,2026-09-08,"PR-175, Trujillo Alto, PR, US",needs_id,False,18.3262383333,-66.0171138333,1536,2048,no,aureum/inat-398607208-731236714-alanis8705.jpg,
Epipremnum aureum,398573127,https://www.inaturalist.org/observations/398573127,731164722,https://inaturalist-open-data.s3.amazonaws.com/photos/731164722/original.jpg,cc-by-nc,"(c) Erick Morales Oyola, some rights reserved (CC BY-NC)",ejmoralesoyola,Erick Morales Oyola,2026-09-08,"Sarasota County, US-FL, US",needs_id,False,27.2713674215,-82.4356480681,1536,2048,no,aureum/inat-398573127-731164722-ejmoralesoyola.jpg,
Epipremnum aureum,398573127,https://www.inaturalist.org/observations/398573127,731164689,https://inaturalist-open-data.s3.amazonaws.com/photos/731164689/original.jpg,cc-by-nc,"(c) Erick Morales Oyola, some rights reserved (CC BY-NC)",ejmoralesoyola,Erick Morales Oyola,2026-09-08,"Sarasota County, US-FL, US",needs_id,False,27.2713674215,-82.4356480681,1536,2048,no,aureum/inat-398573127-731164689-ejmoralesoyola.jpg,
Epipremnum aureum,398569727,https://www.inaturalist.org/observations/398569727,731157454,https://inaturalist-open-data.s3.amazonaws.com/photos/731157454/original.jpg,cc0,no rights reserved,gabrielfialho,Gabriel Cardoso Fialho,2026-09-08,"Rua São Marcos, 2134-2136 - São Marcos, Salvador - BA, Brasil - São Marcos, Salvador - BA, 41253-247, Brasil",research,False,-12.9296963997,-38.4343548,1536,2048,no,aureum/inat-398569727-731157454-gabrielfialho.jpg,
Epipremnum aureum,398569279,https://www.inaturalist.org/observations/398569279,731156603,https://inaturalist-open-data.s3.amazonaws.com/photos/731156603/original.jpg,cc0,no rights reserved,gabrielfialho,Gabriel Cardoso Fialho,2026-09-08,"Rua São Marcos, 2134-2136 - São Marcos, Salvador - BA, Brasil - São Marcos, Salvador - BA, 41253-247, Brasil",research,False,-12.9296613099,-38.4345689043,1536,2048,no,aureum/inat-398569279-731156603-gabrielfialho.jpg,
Epipremnum aureum,398448229,https://www.inaturalist.org/observations/398448229,730926301,https://static.inaturalist.org/photos/730926301/original.jpg,all-rights-reserved,"(c) Luna, all rights reserved",lunalilac19,Luna,2026-08-06,"West Nusa Tenggara, ID",research,False,-8.3675783333,116.0777805,1536,2048,no,aureum/inat-398448229-730926301-lunalilac19.jpg,
Epipremnum aureum,398372168,https://www.inaturalist.org/observations/398372168,730781574,https://inaturalist-open-data.s3.amazonaws.com/photos/730781574/original.jpg,cc-by-nc,"(c) Shou Saito, some rights reserved (CC BY-NC)",shou_1221,Shou Saito,2026-02-16,"Unknown7, JP-SZ, JP",needs_id,True,26.7490846277,142.13149479,1365,2048,no,aureum/inat-398372168-730781574-shou_1221.jpg,
Epipremnum aureum,398279275,https://www.inaturalist.org/observations/398279275,730587300,https://inaturalist-open-data.s3.amazonaws.com/photos/730587300/original.jpg,cc-by-nc,"(c) anggun ludhfiyah, some rights reserved (CC BY-NC)",anncmay,anggun ludhfiyah,2026-09-02,"Kabupaten Aceh Tamiang, Aceh, Indonesia",needs_id,False,4.3252717167,98.0997476444,2048,1536,no,aureum/inat-398279275-730587300-anncmay.jpg,
Epipremnum aureum,398277089,https://www.inaturalist.org/observations/398277089,730590543,https://inaturalist-open-data.s3.amazonaws.com/photos/730590543/original.jpg,cc-by-nc,"(c) Francyel Mateus Alves, some rights reserved (CC BY-NC)",teleosteus,Francyel Mateus Alves,2026-09-05,"Av. Adhemar de Barros, S/N - Ondina, Salvador - BA, Brasil - Ondina, Salvador - BA, 40170-010, Brasil",research,False,-13.0045704857,-38.5100730881,1155,2048,no,aureum/inat-398277089-730590543-teleosteus.jpg,
Epipremnum aureum,398262750,https://www.inaturalist.org/observations/398262750,730561777,https://static.inaturalist.org/photos/730561777/original.jpg,all-rights-reserved,"(c) 古國順, all rights reserved",ku6777,古國順,2026-09-08,950台灣臺東縣臺東市東方大鎮,needs_id,False,22.7679433333,121.12421,1536,2048,no,aureum/inat-398262750-730561777-ku6777.jpg,
Epipremnum aureum,398256548,https://www.inaturalist.org/observations/398256548,730548915,https://static.inaturalist.org/photos/730548915/original.jpg,all-rights-reserved,"(c) keyur bhatti, all rights reserved",keyurbhatti,keyur bhatti,2026-09-08,Bardon,research,False,-27.4614124298,152.9740447998,1152,2048,no,aureum/inat-398256548-730548915-keyurbhatti.jpg,
Epipremnum aureum,398146999,https://www.inaturalist.org/observations/398146999,730333047,https://inaturalist-open-data.s3.amazonaws.com/photos/730333047/original.jpg,cc-by-nc,"(c) SandejieMariaClara, some rights reserved (CC BY-NC)",sandeji,SandejieMariaClara,2026-09-07,"Avenida Inhamã, Igarassu, PE, BR",research,False,-7.88403,-34.8932616667,1536,2048,no,aureum/inat-398146999-730333047-sandeji.jpg,
Epipremnum aureum,398067380,https://www.inaturalist.org/observations/398067380,730181612,https://inaturalist-open-data.s3.amazonaws.com/photos/730181612/original.jpg,cc-by-nc,"(c) Botond Boros, some rights reserved (CC BY-NC)",borosbobo,Botond Boros,2026-09-07,"Jalan Raya Pengosekan, Gianyar, Bali, ID",research,False,-8.5228783333,115.2631216667,1536,2048,no,aureum/inat-398067380-730181612-borosbobo.jpg,
Epipremnum aureum,398017949,https://www.inaturalist.org/observations/398017949,730087987,https://inaturalist-open-data.s3.amazonaws.com/photos/730087987/original.jpg,cc-by-nc,"(c) Franklin Charles Graham IV, some rights reserved (CC BY-NC)",franklincgrahamiv,Franklin Charles Graham IV,2026-02-21,"Campamento Piñones, Carolina, Loíza, Puerto Rico",research,False,18.4497194444,-65.9563833333,2048,1538,no,aureum/inat-398017949-730087987-franklincgrahamiv.jpg,
Epipremnum aureum,397996164,https://www.inaturalist.org/observations/397996164,730044197,https://inaturalist-open-data.s3.amazonaws.com/photos/730044197/original.jpg,cc-by,"(c) Hugh Chan, some rights reserved (CC BY)",nugn,Hugh Chan,2026-09-06,"Route des Ananas, French Polynesia, PF",research,False,-17.5206616667,-149.84662,1536,2048,no,aureum/inat-397996164-730044197-nugn.jpg,
Epipremnum aureum,397929766,https://www.inaturalist.org/observations/397929766,729906588,https://inaturalist-open-data.s3.amazonaws.com/photos/729906588/original.jpg,cc-by-nc,"(c) Alvaro Delgado, some rights reserved (CC BY-NC)",alvaro_delgado,Alvaro Delgado,2026-08-31,"Plazoleta Camilo Torres, Bucaramanga, Santander, CO",needs_id,False,7.1404127577,-73.1218360338,1152,2048,no,aureum/inat-397929766-729906588-alvaro_delgado.jpg,
Epipremnum aureum,397775634,https://www.inaturalist.org/observations/397775634,729604035,https://inaturalist-open-data.s3.amazonaws.com/photos/729604035/original.jpg,cc-by-nc,"(c) ssnp021-etcmis, some rights reserved (CC BY-NC)",ssnp021-etcmis,,2026-09-06,"壽山國家自然公園, 左營區, 高雄市, TW",research,False,22.6947762602,120.3040112714,1536,2048,no,aureum/inat-397775634-729604035-ssnp021-etcmis.jpg,
Epipremnum aureum,397773909,https://www.inaturalist.org/observations/397773909,729598211,https://inaturalist-open-data.s3.amazonaws.com/photos/729598211/original.jpg,cc-by-nc,"(c) Maks Syratt, some rights reserved (CC BY-NC)",makss,Maks Syratt,2026-08-29,"Kuala Lumpur, Federal Territory of Kuala Lumpur, Malaysia",research,False,3.150521586,101.701732702,1365,2048,no,aureum/inat-397773909-729598211-makss.jpg,
Epipremnum aureum,397708151,https://www.inaturalist.org/observations/397708151,729483003,https://inaturalist-open-data.s3.amazonaws.com/photos/729483003/original.jpg,cc-by-nc,"(c) Aishwarya, some rights reserved (CC BY-NC)",aishwaryaabirami,Aishwarya,2026-08-24,"23/11, Bara Karan, Teynampet, Chennai, Tamil Nadu 600086, India",needs_id,False,13.0505371898,80.2514127642,922,2048,no,aureum/inat-397708151-729483003-aishwaryaabirami.jpg,
Epipremnum aureum,397668939,https://www.inaturalist.org/observations/397668939,729403600,https://inaturalist-open-data.s3.amazonaws.com/photos/729403600/original.jpg,cc-by-nc,"(c) Keisha Athaya Sayidina, some rights reserved (CC BY-NC)",keisha32092,Keisha Athaya Sayidina,2026-09-05,"Jalan Wastukancana, Bandung, West Java, ID",needs_id,False,-6.9130900564,107.6099562861,1152,2048,no,aureum/inat-397668939-729403600-keisha32092.jpg,
Epipremnum aureum,397665111,https://www.inaturalist.org/observations/397665111,729395694,https://inaturalist-open-data.s3.amazonaws.com/photos/729395694/original.jpg,cc-by-nc,"(c) 蔡姿, some rights reserved (CC BY-NC)",naturalist152309,蔡姿,2026-09-06,"Anshan Ln, Namaxia District, Kaohsiung City, TW",needs_id,False,23.2188552179,120.692635938,1152,2048,no,aureum/inat-397665111-729395694-naturalist152309.jpg,
Epipremnum aureum,397636324,https://www.inaturalist.org/observations/397636324,729338166,https://inaturalist-open-data.s3.amazonaws.com/photos/729338166/original.jpg,cc-by-nc,"(c) John Morris, some rights reserved (CC BY-NC)",john97330,John Morris,2026-09-05,"Kauai County, US-HI, US",research,False,22.2170646715,-159.5875361867,1536,2048,no,aureum/inat-397636324-729338166-john97330.jpg,
Epipremnum aureum,397604696,https://www.inaturalist.org/observations/397604696,729272854,https://inaturalist-open-data.s3.amazonaws.com/photos/729272854/original.jpg,cc-by,"(c) Jeffrey Lee (he/him/his), some rights reserved (CC BY)",jeffreyleeisanaturalist,Jeffrey Lee (he/him/his),2026-09-04,"Lahaina, HI 96761, USA",needs_id,False,21.013393174,-156.6364903003,1536,2048,no,aureum/inat-397604696-729272854-jeffreyleeisanaturalist.jpg,
Epipremnum aureum,397604696,https://www.inaturalist.org/observations/397604696,729272912,https://inaturalist-open-data.s3.amazonaws.com/photos/729272912/original.jpg,cc-by,"(c) Jeffrey Lee (he/him/his), some rights reserved (CC BY)",jeffreyleeisanaturalist,Jeffrey Lee (he/him/his),2026-09-04,"Lahaina, HI 96761, USA",needs_id,False,21.013393174,-156.6364903003,2048,1536,no,aureum/inat-397604696-729272912-jeffreyleeisanaturalist.jpg,
Epipremnum aureum,397560645,https://www.inaturalist.org/observations/397560645,729170243,https://static.inaturalist.org/photos/729170243/original.jpg,all-rights-reserved,"(c) Mateo Juan, all rights reserved",mateojuan,Mateo Juan,2026-08-21,"Altagracia, Nicaragua",research,False,11.5184025469,-85.5675908095,1153,2048,no,aureum/inat-397560645-729170243-mateojuan.jpg,
Epipremnum aureum,397540402,https://www.inaturalist.org/observations/397540402,729144340,https://inaturalist-open-data.s3.amazonaws.com/photos/729144340/original.jpg,cc-by,"(c) xanderferret, some rights reserved (CC BY)",xanderferret,,2026-09-05,"Carrollwood, FL 33625, USA",research,False,28.0778789444,-82.5686874167,1536,2048,no,aureum/inat-397540402-729144340-xanderferret.jpg,
Epipremnum aureum,397532013,https://www.inaturalist.org/observations/397532013,729127779,https://inaturalist-open-data.s3.amazonaws.com/photos/729127779/original.jpg,cc-by-nc,"(c) jjspring, some rights reserved (CC BY-NC)",jjspring,,2026-06-15,"Kanoelehua Ave, Hilo, HI, US",needs_id,False,19.6894247172,-155.0658067102,1152,2048,no,aureum/inat-397532013-729127779-jjspring.jpg,
Epipremnum aureum,397494613,https://www.inaturalist.org/observations/397494613,729057358,https://static.inaturalist.org/photos/729057358/original.jpg,all-rights-reserved,"(c) Rhae laettner, all rights reserved",rhae2,Rhae laettner,2026-09-04,"Route 334, St. Thomas, United States Virgin Islands, US",research,False,18.354855,-64.9621583333,1536,2048,no,aureum/inat-397494613-729057358-rhae2.jpg,
Epipremnum aureum,397488155,https://www.inaturalist.org/observations/397488155,729044765,https://static.inaturalist.org/photos/729044765/original.jpg,all-rights-reserved,"(c) ddub, all rights reserved",ddub,,2026-08-25,"Maui County, US-HI, US",research,False,20.8747448353,-156.1861402519,1536,2048,no,aureum/inat-397488155-729044765-ddub.jpg,
Epipremnum aureum,397473751,https://www.inaturalist.org/observations/397473751,729017068,https://static.inaturalist.org/photos/729017068/original.jpg,all-rights-reserved,"(c) Michael L, all rights reserved",michael_l6,Michael L,2026-09-05,"Soi Tha It, Pak Kret District, Nonthaburi, TH",needs_id,False,13.897305,100.4774866667,1536,2048,no,aureum/inat-397473751-729017068-michael_l6.jpg,
Epipremnum aureum,397319430,https://www.inaturalist.org/observations/397319430,729691100,https://inaturalist-open-data.s3.amazonaws.com/photos/729691100/original.jpg,cc-by-nc,"(c) mekushka, some rights reserved (CC BY-NC)",mekushka,,2026-09-04,"Maui County, US-HI, US",needs_id,False,20.8821281835,-156.5370702415,1536,2048,no,aureum/inat-397319430-729691100-mekushka.jpg,
Epipremnum aureum,397193879,https://www.inaturalist.org/observations/397193879,728469937,https://static.inaturalist.org/photos/728469937/original.jpg,all-rights-reserved,"(c) Rachel Tablada, all rights reserved",rachelt2,Rachel Tablada,2026-08-31,"Hazel Rd, Naples, FL, US",needs_id,False,26.1478528333,-81.7633966667,1536,2048,no,aureum/inat-397193879-728469937-rachelt2.jpg,
Epipremnum aureum,397193879,https://www.inaturalist.org/observations/397193879,728469942,https://static.inaturalist.org/photos/728469942/original.jpg,all-rights-reserved,"(c) Rachel Tablada, all rights reserved",rachelt2,Rachel Tablada,2026-08-31,"Hazel Rd, Naples, FL, US",needs_id,False,26.1478528333,-81.7633966667,1536,2048,no,aureum/inat-397193879-728469942-rachelt2.jpg,
Epipremnum aureum,397109229,https://www.inaturalist.org/observations/397109229,728308225,https://inaturalist-open-data.s3.amazonaws.com/photos/728308225/original.jpg,cc-by-nc,"(c) Qiyan Guo, some rights reserved (CC BY-NC)",qiyan2,Qiyan Guo,2026-09-01,"Architecture Dr, Singapore, SG, SG",research,False,1.2966732198,103.7715263053,1152,2048,no,aureum/inat-397109229-728308225-qiyan2.jpg,
Epipremnum aureum,397073666,https://www.inaturalist.org/observations/397073666,728236609,https://inaturalist-open-data.s3.amazonaws.com/photos/728236609/original.jpg,cc-by,"(c) chiuluan, some rights reserved (CC BY)",chiuluan,,2026-08-19,335台灣桃園市大溪區,research,False,24.8878516667,121.2733816667,1536,2048,no,aureum/inat-397073666-728236609-chiuluan.jpg,
Epipremnum aureum,397073666,https://www.inaturalist.org/observations/397073666,728236608,https://inaturalist-open-data.s3.amazonaws.com/photos/728236608/original.jpg,cc-by,"(c) chiuluan, some rights reserved (CC BY)",chiuluan,,2026-08-19,335台灣桃園市大溪區,research,False,24.8878516667,121.2733816667,1536,2048,no,aureum/inat-397073666-728236608-chiuluan.jpg,
Epipremnum aureum,397073666,https://www.inaturalist.org/observations/397073666,728236610,https://inaturalist-open-data.s3.amazonaws.com/photos/728236610/original.jpg,cc-by,"(c) chiuluan, some rights reserved (CC BY)",chiuluan,,2026-08-19,335台灣桃園市大溪區,research,False,24.8878516667,121.2733816667,2048,1536,no,aureum/inat-397073666-728236610-chiuluan.jpg,
Epipremnum aureum,397058527,https://www.inaturalist.org/observations/397058527,728206049,https://inaturalist-open-data.s3.amazonaws.com/photos/728206049/original.jpg,cc-by-nc,"(c) alexis_wright, some rights reserved (CC BY-NC)",alexis_wright,,2026-09-04,"Nathan QLD 4111, Australia",needs_id,False,-27.55269488,153.05753756,1536,2048,no,aureum/inat-397058527-728206049-alexis_wright.jpg,
Epipremnum aureum,397022280,https://www.inaturalist.org/observations/397022280,728135915,https://inaturalist-open-data.s3.amazonaws.com/photos/728135915/original.jpg,cc-by-nc,"(c) Pacific Land &amp; Sea Foundation, some rights reserved (CC BY-NC)",pacificlandseafoundation,Pacific Land &amp; Sea Foundation,2026-09-03,"Malorua, VU-SE, VU",needs_id,False,-17.5419666667,168.2691366667,1536,2048,no,aureum/inat-397022280-728135915-pacificlandseafoundation.jpg,
Epipremnum aureum,396959072,https://www.inaturalist.org/observations/396959072,728002709,https://inaturalist-open-data.s3.amazonaws.com/photos/728002709/original.jpg,cc-by-nc,"(c) Ali Ahmed Didi, some rights reserved (CC BY-NC)",aldhee,Ali Ahmed Didi,2026-08-06,"Maradhoo, Addu City, Maldives",research,False,-0.6662833333,73.1219138889,1542,2048,no,aureum/inat-396959072-728002709-aldhee.jpg,
Epipremnum aureum,396930911,https://www.inaturalist.org/observations/396930911,727955016,https://inaturalist-open-data.s3.amazonaws.com/photos/727955016/original.jpg,cc-by-nc,"(c) yakubuf, some rights reserved (CC BY-NC)",yakubuf,,2026-09-03,"Ikere, Ekiti, NG",needs_id,False,7.4620553874,5.2963618746,1536,2048,no,aureum/inat-396930911-727955016-yakubuf.jpg,
Epipremnum aureum,396898787,https://www.inaturalist.org/observations/396898787,727896683,https://inaturalist-open-data.s3.amazonaws.com/photos/727896683/original.jpg,cc-by-nc,"(c) willowj2, some rights reserved (CC BY-NC)",willowj2,,2021-06-01,"Winding River Dr, Valrico, FL, US",needs_id,False,27.868355,-82.2547,1536,2048,no,aureum/inat-396898787-727896683-willowj2.jpg,
Epipremnum aureum,396890222,https://www.inaturalist.org/observations/396890222,727880343,https://inaturalist-open-data.s3.amazonaws.com/photos/727880343/original.jpg,cc-by-nc,"(c) sansaro s, some rights reserved (CC BY-NC)",sansaro,sansaro s,2026-09-03,"12-5-2, Revenue Ward No 12, Sharada Nagar, Ananthapur, Anantapur, Andhra Pradesh 515001, India",needs_id,False,14.6661783,77.6014086,1536,2048,no,aureum/inat-396890222-727880343-sansaro.jpg,
Epipremnum aureum,396882577,https://www.inaturalist.org/observations/396882577,727865067,https://inaturalist-open-data.s3.amazonaws.com/photos/727865067/original.jpg,cc-by-nc,"(c) naturalist188967, some rights reserved (CC BY-NC)",naturalist188967,,2026-09-03,"Architecture Dr, Singapore, SG, SG",research,False,1.2977390119,103.7702949852,1536,2048,no,aureum/inat-396882577-727865067-naturalist188967.jpg,
Epipremnum aureum,396801141,https://www.inaturalist.org/observations/396801141,727699049,https://inaturalist-open-data.s3.amazonaws.com/photos/727699049/original.jpg,cc-by-nc,"(c) Chiu Chiu train, some rights reserved (CC BY-NC)",pastinaca,Chiu Chiu train,2026-09-02,"Daan District, Taipei City, TW",needs_id,False,25.0348221667,121.5411966667,1536,2048,no,aureum/inat-396801141-727699049-pastinaca.jpg,
Epipremnum aureum,396646292,https://www.inaturalist.org/observations/396646292,727402570,https://inaturalist-open-data.s3.amazonaws.com/photos/727402570/original.jpg,cc-by-nc,"(c) ariaanagv, some rights reserved (CC BY-NC)",ariaanagv,,2026-09-02,"University of Puerto Rico - Río Piedras Campus, San Juan, PR, US",research,False,18.4013550451,-66.0493728712,1536,2048,no,aureum/inat-396646292-727402570-ariaanagv.jpg,
Epipremnum aureum,396618441,https://www.inaturalist.org/observations/396618441,727346739,https://inaturalist-open-data.s3.amazonaws.com/photos/727346739/original.jpg,cc-by-nc,"(c) biancalaurenn, some rights reserved (CC BY-NC)",biancalaurenn,,2026-09-02,"College Lane, Quezon City, Metro Manila, PH",needs_id,False,14.6386459379,121.0780689965,1152,2048,no,aureum/inat-396618441-727346739-biancalaurenn.jpg,
Epipremnum aureum,396602059,https://www.inaturalist.org/observations/396602059,727314130,https://inaturalist-open-data.s3.amazonaws.com/photos/727314130/original.jpg,cc-by-nc-sa,"(c) 杜鵑花, some rights reserved (CC BY-NC-SA)",liubelinda,杜鵑花,2026-09-02,"Longjiang Rd, Zhongshan District, Taipei City, TW",needs_id,False,25.0632055,121.5396716667,1536,2048,no,aureum/inat-396602059-727314130-liubelinda.jpg,
Epipremnum aureum,396572722,https://www.inaturalist.org/observations/396572722,727274188,https://inaturalist-open-data.s3.amazonaws.com/photos/727274188/original.jpg,cc-by-nc,"(c) 陳美慧, some rights reserved (CC BY-NC)",naturalist154287,陳美慧,2026-09-02,100台灣臺北市中正區南門,needs_id,False,25.0346112998,121.5154094249,1536,2048,no,aureum/inat-396572722-727274188-naturalist154287.jpg,
Epipremnum aureum,396552187,https://www.inaturalist.org/observations/396552187,727231702,https://inaturalist-open-data.s3.amazonaws.com/photos/727231702/original.jpg,cc-by-nc,"(c) Noah Butters, some rights reserved (CC BY-NC)",bloomingtmrw,Noah Butters,2023-07-24,"Saint Ann, Middlesex County, JM",needs_id,False,18.4170583469,-77.1397909769,785,1440,no,aureum/inat-396552187-727231702-bloomingtmrw.jpg,
Epipremnum aureum,396551270,https://www.inaturalist.org/observations/396551270,727229621,https://inaturalist-open-data.s3.amazonaws.com/photos/727229621/original.jpg,cc-by-nc,"(c) Noah Butters, some rights reserved (CC BY-NC)",bloomingtmrw,Noah Butters,2023-07-24,"Saint Ann, Middlesex County, JM",research,False,18.4169916667,-77.1398083333,479,598,no,aureum/inat-396551270-727229621-bloomingtmrw.jpg,
Epipremnum aureum,396322639,https://www.inaturalist.org/observations/396322639,726810668,https://inaturalist-open-data.s3.amazonaws.com/photos/726810668/original.jpg,cc-by-nc,"(c) Екатерина Панова, some rights reserved (CC BY-NC)",ekaterina_panova,Екатерина Панова,2026-09-01,"Jalan Ceylon, Kuala Lumpur, Kuala Lumpur, MY",needs_id,False,3.1484833333,101.706055,1536,2048,no,aureum/inat-396322639-726810668-ekaterina_panova.jpg,
Epipremnum aureum,396321614,https://www.inaturalist.org/observations/396321614,726807532,https://inaturalist-open-data.s3.amazonaws.com/photos/726807532/original.jpg,cc-by-nc,"(c) lecanorchis, some rights reserved (CC BY-NC)",lecanorchis,,2026-08-28,"Shiding District, New Taipei City, Taiwan 223",research,False,24.9811888889,121.6723388889,1542,2048,no,aureum/inat-396321614-726807532-lecanorchis.jpg,
Epipremnum aureum,396293674,https://www.inaturalist.org/observations/396293674,726754216,https://inaturalist-open-data.s3.amazonaws.com/photos/726754216/original.jpg,cc-by-nc,"(c) nyasenior, some rights reserved (CC BY-NC)",nyasenior,,2026-08-31,"W Palmetto Park Rd, Boca Raton, FL, US",research,False,26.3479333333,-80.19358,1536,2048,no,aureum/inat-396293674-726754216-nyasenior.jpg,
Epipremnum aureum,396274874,https://www.inaturalist.org/observations/396274874,726723924,https://inaturalist-open-data.s3.amazonaws.com/photos/726723924/original.jpg,cc-by-nc,"(c) Ryan, some rights reserved (CC BY-NC)",nova-rx,Ryan,2024-08-31,"SW 130th Ave, Davie, FL, US",research,False,26.0734338404,-80.3237651466,2048,1536,no,aureum/inat-396274874-726723924-nova-rx.jpg,
Epipremnum aureum,396169710,https://www.inaturalist.org/observations/396169710,726502860,https://static.inaturalist.org/photos/726502860/original.jpg,all-rights-reserved,"(c) Rachel Tablada, all rights reserved",rachelt2,Rachel Tablada,2026-08-31,"Hazel Rd, Naples, FL, US",research,False,26.1478528333,-81.7633966667,1536,2048,no,aureum/inat-396169710-726502860-rachelt2.jpg,
Epipremnum aureum,396169710,https://www.inaturalist.org/observations/396169710,726502902,https://static.inaturalist.org/photos/726502902/original.jpg,all-rights-reserved,"(c) Rachel Tablada, all rights reserved",rachelt2,Rachel Tablada,2026-08-31,"Hazel Rd, Naples, FL, US",research,False,26.1478528333,-81.7633966667,1536,2048,no,aureum/inat-396169710-726502902-rachelt2.jpg,
Epipremnum aureum,396141918,https://www.inaturalist.org/observations/396141918,726448982,https://inaturalist-open-data.s3.amazonaws.com/photos/726448982/original.jpg,cc-by-nc,"(c) jasminesilvennoinen, some rights reserved (CC BY-NC)",jasminesilvennoinen,,2026-08-31,"North Atlantic Ocean, FL, US",needs_id,False,26.4682614836,-80.0483335935,1152,2048,no,aureum/inat-396141918-726448982-jasminesilvennoinen.jpg,
Epipremnum aureum,396141918,https://www.inaturalist.org/observations/396141918,726449025,https://inaturalist-open-data.s3.amazonaws.com/photos/726449025/original.jpg,cc-by-nc,"(c) jasminesilvennoinen, some rights reserved (CC BY-NC)",jasminesilvennoinen,,2026-08-31,"North Atlantic Ocean, FL, US",needs_id,False,26.4682614836,-80.0483335935,1152,2048,no,aureum/inat-396141918-726449025-jasminesilvennoinen.jpg,
Epipremnum aureum,396118657,https://www.inaturalist.org/observations/396118657,726405823,https://inaturalist-open-data.s3.amazonaws.com/photos/726405823/original.jpg,cc-by,"(c) The Great Walter, some rights reserved (CC BY)",walter_de_lima,The Great Walter,2026-08-31,"Rua Doutor Renato Riggio, 1822 - Parque das Nacoes, Indaiatuba - SP, 13346-090, Brasil",research,False,-23.1129698484,-47.2276651114,1542,2048,no,aureum/inat-396118657-726405823-walter_de_lima.jpg,
Epipremnum aureum,396118657,https://www.inaturalist.org/observations/396118657,726405913,https://inaturalist-open-data.s3.amazonaws.com/photos/726405913/original.jpg,cc-by,"(c) The Great Walter, some rights reserved (CC BY)",walter_de_lima,The Great Walter,2026-08-31,"Rua Doutor Renato Riggio, 1822 - Parque das Nacoes, Indaiatuba - SP, 13346-090, Brasil",research,False,-23.1129698484,-47.2276651114,1542,2048,no,aureum/inat-396118657-726405913-walter_de_lima.jpg,
Epipremnum aureum,396117567,https://www.inaturalist.org/observations/396117567,726403885,https://inaturalist-open-data.s3.amazonaws.com/photos/726403885/original.jpg,cc-by-nc,"(c) Alanis Rodríguez Ortiz, some rights reserved (CC BY-NC)",alanis8705,Alanis Rodríguez Ortiz,2026-08-25,"Gurabo, PR, US",needs_id,False,18.2401866667,-66.0071722167,1536,2048,no,aureum/inat-396117567-726403885-alanis8705.jpg,
Epipremnum aureum,396117567,https://www.inaturalist.org/observations/396117567,726403882,https://inaturalist-open-data.s3.amazonaws.com/photos/726403882/original.jpg,cc-by-nc,"(c) Alanis Rodríguez Ortiz, some rights reserved (CC BY-NC)",alanis8705,Alanis Rodríguez Ortiz,2026-08-25,"Gurabo, PR, US",needs_id,False,18.2401866667,-66.0071722167,1536,2048,no,aureum/inat-396117567-726403882-alanis8705.jpg,
Epipremnum aureum,396117567,https://www.inaturalist.org/observations/396117567,726403891,https://inaturalist-open-data.s3.amazonaws.com/photos/726403891/original.jpg,cc-by-nc,"(c) Alanis Rodríguez Ortiz, some rights reserved (CC BY-NC)",alanis8705,Alanis Rodríguez Ortiz,2026-08-25,"Gurabo, PR, US",needs_id,False,18.2401866667,-66.0071722167,1536,2048,no,aureum/inat-396117567-726403891-alanis8705.jpg,
Epipremnum aureum,396043405,https://www.inaturalist.org/observations/396043405,726255194,https://inaturalist-open-data.s3.amazonaws.com/photos/726255194/original.jpg,cc-by,"(c) xanderferret, some rights reserved (CC BY)",xanderferret,,2026-08-30,"Carrollwood Village Phase II, Greater Carrollwood, FL, USA",research,False,28.0707149444,-82.5216064444,1536,2048,no,aureum/inat-396043405-726255194-xanderferret.jpg,
Epipremnum aureum,396043405,https://www.inaturalist.org/observations/396043405,726255218,https://inaturalist-open-data.s3.amazonaws.com/photos/726255218/original.jpg,cc-by,"(c) xanderferret, some rights reserved (CC BY)",xanderferret,,2026-08-30,"Carrollwood Village Phase II, Greater Carrollwood, FL, USA",research,False,28.0707149444,-82.5216064444,1536,2048,no,aureum/inat-396043405-726255218-xanderferret.jpg,
Epipremnum aureum,396036334,https://www.inaturalist.org/observations/396036334,726242880,https://inaturalist-open-data.s3.amazonaws.com/photos/726242880/original.jpg,cc-by-nc,"(c) Bhumi Thakor, some rights reserved (CC BY-NC)",bhumithakor4216,Bhumi Thakor,2026-08-30,"Bhalak, Gujarat 384315, India",needs_id,False,23.7198222222,72.6441361111,1542,2048,no,aureum/inat-396036334-726242880-bhumithakor4216.jpg,
Epipremnum aureum,396030589,https://www.inaturalist.org/observations/396030589,726230729,https://inaturalist-open-data.s3.amazonaws.com/photos/726230729/original.jpg,cc-by-nc,"(c) Ryan, some rights reserved (CC BY-NC)",nova-rx,Ryan,2026-08-30,"Dewey St, Hollywood, FL, US",research,False,26.0027777833,-80.1547,1536,2048,no,aureum/inat-396030589-726230729-nova-rx.jpg,
Epipremnum aureum,396030589,https://www.inaturalist.org/observations/396030589,726230723,https://inaturalist-open-data.s3.amazonaws.com/photos/726230723/original.jpg,cc-by-nc,"(c) Ryan, some rights reserved (CC BY-NC)",nova-rx,Ryan,2026-08-30,"Dewey St, Hollywood, FL, US",research,False,26.0027777833,-80.1547,1536,2048,no,aureum/inat-396030589-726230723-nova-rx.jpg,
Epipremnum aureum,396030511,https://www.inaturalist.org/observations/396030511,726230616,https://inaturalist-open-data.s3.amazonaws.com/photos/726230616/original.jpg,cc-by-nc,"(c) Ryan, some rights reserved (CC BY-NC)",nova-rx,Ryan,2026-08-30,"Madison St, Hollywood, FL, US",research,False,26.0062527833,-80.1543666667,1536,2048,no,aureum/inat-396030511-726230616-nova-rx.jpg,
Epipremnum aureum,396030511,https://www.inaturalist.org/observations/396030511,726230618,https://inaturalist-open-data.s3.amazonaws.com/photos/726230618/original.jpg,cc-by-nc,"(c) Ryan, some rights reserved (CC BY-NC)",nova-rx,Ryan,2026-08-30,"Madison St, Hollywood, FL, US",research,False,26.0062527833,-80.1543666667,1536,2048,no,aureum/inat-396030511-726230618-nova-rx.jpg,
Epipremnum aureum,396030511,https://www.inaturalist.org/observations/396030511,726230615,https://inaturalist-open-data.s3.amazonaws.com/photos/726230615/original.jpg,cc-by-nc,"(c) Ryan, some rights reserved (CC BY-NC)",nova-rx,Ryan,2026-08-30,"Madison St, Hollywood, FL, US",research,False,26.0062527833,-80.1543666667,1536,2048,no,aureum/inat-396030511-726230615-nova-rx.jpg,
Epipremnum aureum,396026488,https://www.inaturalist.org/observations/396026488,726222314,https://inaturalist-open-data.s3.amazonaws.com/photos/726222314/original.jpg,cc-by-nc,"(c) potatotel, some rights reserved (CC BY-NC)",potatotel,potatotel,2026-08-30,"Clementi Ave 4, Singapore, SG, SG",research,False,1.3228966667,103.7647783333,1536,2048,no,aureum/inat-396026488-726222314-potatotel.jpg,
Epipremnum aureum,395987401,https://www.inaturalist.org/observations/395987401,726142264,https://static.inaturalist.org/photos/726142264/original.jpg,all-rights-reserved,"(c) Summer Wu, all rights reserved",summer82,Summer Wu,2026-08-28,"臺灣島, 文山區, 臺北市, TW",research,False,24.9827966667,121.5549216667,1536,2048,no,aureum/inat-395987401-726142264-summer82.jpg,
Epipremnum aureum,395987401,https://www.inaturalist.org/observations/395987401,726142334,https://static.inaturalist.org/photos/726142334/original.jpg,all-rights-reserved,"(c) Summer Wu, all rights reserved",summer82,Summer Wu,2026-08-28,"臺灣島, 文山區, 臺北市, TW",research,False,24.9827966667,121.5549216667,1536,2048,no,aureum/inat-395987401-726142334-summer82.jpg,
Epipremnum aureum,395977630,https://www.inaturalist.org/observations/395977630,726121982,https://inaturalist-open-data.s3.amazonaws.com/photos/726121982/original.jpg,cc-by,"(c) Nathan Nguyen, some rights reserved (CC BY)",aflyingunicorn,Nathan Nguyen,2026-08-30,"Aiea Heights Dr, Aiea, HI, US",research,False,21.3982866667,-157.9019,1536,2048,no,aureum/inat-395977630-726121982-aflyingunicorn.jpg,
Epipremnum aureum,395942999,https://www.inaturalist.org/observations/395942999,726051993,https://inaturalist-open-data.s3.amazonaws.com/photos/726051993/original.jpg,cc-by-nc,"(c) Ryan, some rights reserved (CC BY-NC)",nova-rx,Ryan,2026-08-30,"Hollywood Blvd, Hollywood, FL, US",research,False,26.0113916667,-80.154275,1536,2048,no,aureum/inat-395942999-726051993-nova-rx.jpg,
Epipremnum aureum,395866075,https://www.inaturalist.org/observations/395866075,725901636,https://inaturalist-open-data.s3.amazonaws.com/photos/725901636/original.jpg,cc-by-nc,"(c) pkthomas88, some rights reserved (CC BY-NC)",pkthomas88,,2026-08-30,Palmer,needs_id,False,18.340795517,-65.7635726929,1536,2048,no,aureum/inat-395866075-725901636-pkthomas88.jpg,
Epipremnum aureum,395769001,https://www.inaturalist.org/observations/395769001,725713782,https://inaturalist-open-data.s3.amazonaws.com/photos/725713782/original.jpg,cc-by-nc-nd,"(c) Gaell Mainguy, some rights reserved (CC BY-NC-ND)",gaell,Gaell Mainguy,2026-07-27,"QWHH+XJH, Mae Tho, Mueang Tak District, Tak 63000, Thailand",research,False,16.7800527778,98.9288027778,1536,2048,no,aureum/inat-395769001-725713782-gaell.jpg,
Epipremnum aureum,395709855,https://www.inaturalist.org/observations/395709855,725596065,https://inaturalist-open-data.s3.amazonaws.com/photos/725596065/original.jpg,cc-by-nc,"(c) oldcarpet, some rights reserved (CC BY-NC)",oldcarpet,,2026-05-30,"Little Princess, Christiansted, United States Virgin Islands, US",needs_id,False,17.7466366667,-64.727355,1536,2048,no,aureum/inat-395709855-725596065-oldcarpet.jpg,
Epipremnum aureum,395691055,https://www.inaturalist.org/observations/395691055,725550715,https://inaturalist-open-data.s3.amazonaws.com/photos/725550715/original.jpg,cc-by-nc,"(c) anayya, some rights reserved (CC BY-NC)",keyzaauliafallaanayya,anayya,2026-08-30,"Muntilan, Kec. Muntilan, Kabupaten Magelang, Jawa Tengah, Indonesia",needs_id,False,-7.577611154,110.2727480964,1200,1600,no,aureum/inat-395691055-725550715-keyzaauliafallaanayya.jpg,
Epipremnum aureum,395679061,https://www.inaturalist.org/observations/395679061,725534796,https://static.inaturalist.org/photos/725534796/original.jpg,all-rights-reserved,"(c) 李江春, all rights reserved",ssnp007,李江春,2026-08-30,813台灣高雄市左營區埤東里198號,needs_id,False,22.6782066695,120.2913048863,1542,2048,no,aureum/inat-395679061-725534796-ssnp007.jpg,
Epipremnum aureum,395661276,https://www.inaturalist.org/observations/395661276,725496335,https://inaturalist-open-data.s3.amazonaws.com/photos/725496335/original.jpg,cc-by-nc,"(c) liadis1, some rights reserved (CC BY-NC)",liadis1,,2026-08-29,,needs_id,True,,,1536,2048,no,aureum/inat-395661276-725496335-liadis1.jpg,
Epipremnum aureum,395516942,https://www.inaturalist.org/observations/395516942,725229340,https://static.inaturalist.org/photos/725229340/original.jpg,all-rights-reserved,"(c) Johanna Berger, all rights reserved",johanna_be,Johanna Berger,2026-08-25,"Viñales, CU-PR, CU",needs_id,False,22.6229575081,-83.7061485578,1536,2048,no,aureum/inat-395516942-725229340-johanna_be.jpg,
Epipremnum aureum,395458516,https://www.inaturalist.org/observations/395458516,725119596,https://inaturalist-open-data.s3.amazonaws.com/photos/725119596/original.jpg,cc-by-nc-sa,"(c) 大俠, some rights reserved (CC BY-NC-SA)",kuman,大俠,2026-08-29,231台灣新北市新店區美城里碧潭,needs_id,False,24.9534859635,121.5334861233,2048,1536,no,aureum/inat-395458516-725119596-kuman.jpg,
Epipremnum aureum,395403891,https://www.inaturalist.org/observations/395403891,725013783,https://inaturalist-open-data.s3.amazonaws.com/photos/725013783/original.jpg,cc-by-nc,"(c) Cortney Bloomer, some rights reserved (CC BY-NC)",cortney21153,Cortney Bloomer,2026-07-18,"Kaumualii Hwy, Lāwai, HI, US",research,False,21.926410022,-159.5080618945,1152,2048,no,aureum/inat-395403891-725013783-cortney21153.jpg,
Epipremnum aureum,395352725,https://www.inaturalist.org/observations/395352725,724910994,https://inaturalist-open-data.s3.amazonaws.com/photos/724910994/original.jpg,cc-by-nc,"(c) groundtrutheco, some rights reserved (CC BY-NC)",groundtrutheco,,2026-08-28,"NW Fifth Ave, Boca Raton, FL, US",research,False,26.377875,-80.0915138333,2048,2048,no,aureum/inat-395352725-724910994-groundtrutheco.jpg,
Epipremnum aureum,395322127,https://www.inaturalist.org/observations/395322127,724848749,https://inaturalist-open-data.s3.amazonaws.com/photos/724848749/original.jpg,cc-by-nc,"(c) nyasenior, some rights reserved (CC BY-NC)",nyasenior,,2026-08-28,"Woodset Way, Boca Raton, FL, US",needs_id,False,26.3487916667,-80.223275,1536,2048,no,aureum/inat-395322127-724848749-nyasenior.jpg,
Epipremnum aureum,395168908,https://www.inaturalist.org/observations/395168908,724552405,https://inaturalist-open-data.s3.amazonaws.com/photos/724552405/original.jpg,cc-by-nc,"(c) Areeporn Eaksuk, some rights reserved (CC BY-NC)",areeporn,Areeporn Eaksuk,2026-08-02,"Soi Song Phon 5, Mueang Nakhon Pathom District, Nakhon Pathom, TH",research,False,13.8121047974,100.0387642553,1152,2048,no,aureum/inat-395168908-724552405-areeporn.jpg,
Epipremnum aureum,395159439,https://www.inaturalist.org/observations/395159439,724533165,https://inaturalist-open-data.s3.amazonaws.com/photos/724533165/original.jpg,cc-by,"(c) Richard Littauer, some rights reserved (CC BY)",richardlitt,Richard Littauer,2026-08-28,"Green Island QLD, Australia",research,False,-16.758715,145.974802,2000,1333,no,aureum/inat-395159439-724533165-richardlitt.jpg,
Epipremnum aureum,395159439,https://www.inaturalist.org/observations/395159439,724533170,https://inaturalist-open-data.s3.amazonaws.com/photos/724533170/original.jpg,cc-by,"(c) Richard Littauer, some rights reserved (CC BY)",richardlitt,Richard Littauer,2026-08-28,"Green Island QLD, Australia",research,False,-16.758715,145.974802,2000,1333,no,aureum/inat-395159439-724533170-richardlitt.jpg,
Epipremnum aureum,395126065,https://www.inaturalist.org/observations/395126065,724466748,https://inaturalist-open-data.s3.amazonaws.com/photos/724466748/original.jpg,cc-by-nc,"(c) Joe Pickford, some rights reserved (CC BY-NC)",joe_pickford,Joe Pickford,2026-08-28,"Central, SG",research,False,1.2893589688,103.8480995911,1152,2048,no,aureum/inat-395126065-724466748-joe_pickford.jpg,
Epipremnum aureum,395121048,https://www.inaturalist.org/observations/395121048,724455745,https://static.inaturalist.org/photos/724455745/original.jpg,all-rights-reserved,"(c) Mikeal Chan, all rights reserved",skywings99,Mikeal Chan,2026-08-27,"Central, SG",research,False,1.2665395368,103.8124121726,1153,2048,no,aureum/inat-395121048-724455745-skywings99.jpg,
Epipremnum aureum,395118237,https://www.inaturalist.org/observations/395118237,724449700,https://static.inaturalist.org/photos/724449700/original.jpg,all-rights-reserved,"(c) Dimitris Salas, all rights reserved",cinnamon325,Dimitris Salas,2026-07-19,"Wailua Homesteads, HI 96746, USA",research,False,22.0520083333,-159.3667138889,2048,1536,no,aureum/inat-395118237-724449700-cinnamon325.jpg,
Epipremnum aureum,395114224,https://www.inaturalist.org/observations/395114224,724441612,https://inaturalist-open-data.s3.amazonaws.com/photos/724441612/original.jpg,cc-by-nc,"(c) Bushra Tanweer, some rights reserved (CC BY-NC)",bushra89863,Bushra Tanweer,2026-08-28,"F9WX+JQ2, Nitai Nagar, Mukundapur, Kolkata, West Bengal 700099, India",research,False,22.4964870933,88.3990293369,1536,2048,no,aureum/inat-395114224-724441612-bushra89863.jpg,
Epipremnum aureum,395107650,https://www.inaturalist.org/observations/395107650,724428516,https://inaturalist-open-data.s3.amazonaws.com/photos/724428516/original.jpg,cc-by-nc,"(c) Ann Stafford, some rights reserved (CC BY-NC)",caymannature,Ann Stafford,2026-08-17,"Webster's Drive, George Town, George, KY",needs_id,False,19.2734083333,-81.3892283333,2048,1502,no,aureum/inat-395107650-724428516-caymannature.jpg,
Epipremnum aureum,395107650,https://www.inaturalist.org/observations/395107650,724428520,https://inaturalist-open-data.s3.amazonaws.com/photos/724428520/original.jpg,cc-by-nc,"(c) Ann Stafford, some rights reserved (CC BY-NC)",caymannature,Ann Stafford,2026-08-17,"Webster's Drive, George Town, George, KY",needs_id,False,19.2734083333,-81.3892283333,2048,1666,no,aureum/inat-395107650-724428520-caymannature.jpg,
Epipremnum aureum,395107650,https://www.inaturalist.org/observations/395107650,724428517,https://inaturalist-open-data.s3.amazonaws.com/photos/724428517/original.jpg,cc-by-nc,"(c) Ann Stafford, some rights reserved (CC BY-NC)",caymannature,Ann Stafford,2026-08-17,"Webster's Drive, George Town, George, KY",needs_id,False,19.2734083333,-81.3892283333,2048,1506,no,aureum/inat-395107650-724428517-caymannature.jpg,
Epipremnum aureum,394964843,https://www.inaturalist.org/observations/394964843,724142430,https://inaturalist-open-data.s3.amazonaws.com/photos/724142430/original.jpg,cc-by-nc,"(c) Sarah Sun, some rights reserved (CC BY-NC)",sarah_having_fun,Sarah Sun,2026-08-21,"Fitzroy Island QLD 4871, Australia",research,False,-16.9295455719,145.9900286627,2048,1365,no,aureum/inat-394964843-724142430-sarah_having_fun.jpg,
Epipremnum aureum,394950672,https://www.inaturalist.org/observations/394950672,724120489,https://inaturalist-open-data.s3.amazonaws.com/photos/724120489/original.jpg,cc-by-nc,"(c) hernandezbriany_, some rights reserved (CC BY-NC)",hernandezbriany_,,2026-08-25,"Gurabo, PR, US",research,False,18.240155,-66.0072111167,1536,2048,no,aureum/inat-394950672-724120489-hernandezbriany_.jpg,
Epipremnum aureum,394950672,https://www.inaturalist.org/observations/394950672,724120493,https://inaturalist-open-data.s3.amazonaws.com/photos/724120493/original.jpg,cc-by-nc,"(c) hernandezbriany_, some rights reserved (CC BY-NC)",hernandezbriany_,,2026-08-25,"Gurabo, PR, US",research,False,18.240155,-66.0072111167,1536,2048,no,aureum/inat-394950672-724120493-hernandezbriany_.jpg,
Epipremnum aureum,394950672,https://www.inaturalist.org/observations/394950672,724120484,https://inaturalist-open-data.s3.amazonaws.com/photos/724120484/original.jpg,cc-by-nc,"(c) hernandezbriany_, some rights reserved (CC BY-NC)",hernandezbriany_,,2026-08-25,"Gurabo, PR, US",research,False,18.240155,-66.0072111167,1536,2048,no,aureum/inat-394950672-724120484-hernandezbriany_.jpg,
Epipremnum aureum,394816748,https://www.inaturalist.org/observations/394816748,723854211,https://inaturalist-open-data.s3.amazonaws.com/photos/723854211/original.jpg,cc-by-nc,"(c) Suleyxis Ríos, some rights reserved (CC BY-NC)",suleyxis23,Suleyxis Ríos,2026-08-14,"Cayey, PR, US",research,False,18.1188595415,-66.1621305917,1152,2048,no,aureum/inat-394816748-723854211-suleyxis23.jpg,
Epipremnum aureum,394813492,https://www.inaturalist.org/observations/394813492,723846611,https://inaturalist-open-data.s3.amazonaws.com/photos/723846611/original.jpg,cc-by-nc,"(c) Mehkiah Ocean D. Bautista, some rights reserved (CC BY-NC)",mehkiah_ocean_d_,Mehkiah Ocean D. Bautista,2026-08-27,"College Lane, Quezon City, Metro Manila, PH",needs_id,False,14.6402283333,121.0769195,1536,2048,no,aureum/inat-394813492-723846611-mehkiah_ocean_d_.jpg,
Epipremnum aureum,394805317,https://www.inaturalist.org/observations/394805317,723831021,https://inaturalist-open-data.s3.amazonaws.com/photos/723831021/original.jpg,cc-by-nc,"(c) Suleyxis Ríos, some rights reserved (CC BY-NC)",suleyxis23,Suleyxis Ríos,2026-08-26,"Cayey, PR, US",research,False,18.1188566314,-66.1621297588,1152,2048,no,aureum/inat-394805317-723831021-suleyxis23.jpg,
Epipremnum aureum,394776935,https://www.inaturalist.org/observations/394776935,723773110,https://inaturalist-open-data.s3.amazonaws.com/photos/723773110/original.jpg,cc-by-nc,"(c) Suleyxis Ríos, some rights reserved (CC BY-NC)",suleyxis23,Suleyxis Ríos,2026-08-26,"Cayey, PR, US",research,False,18.1188558008,-66.1621295186,1152,2048,no,aureum/inat-394776935-723773110-suleyxis23.jpg,
Epipremnum aureum,394692646,https://www.inaturalist.org/observations/394692646,723609821,https://static.inaturalist.org/photos/723609821/original.jpg,all-rights-reserved,"(c) Natan de Freitas, all rights reserved",daygo_nf,Natan de Freitas,2026-08-26,"Av. Nossa Sra. da Penha, 407 - Ponto Final da Penha - Penha, João Pessoa - PB, 58047-010, Brasil",research,False,-7.1657277778,-34.7957416667,1537,2048,no,aureum/inat-394692646-723609821-daygo_nf.jpg,
Epipremnum aureum,394624126,https://www.inaturalist.org/observations/394624126,723477702,https://inaturalist-open-data.s3.amazonaws.com/photos/723477702/original.jpg,cc-by-nc,"(c) Keng Tong Lee, some rights reserved (CC BY-NC)",ktktttt,Keng Tong Lee,2026-08-26,"Singapore, SG, SG",research,False,1.2880583333,103.788795,1536,2048,no,aureum/inat-394624126-723477702-ktktttt.jpg,
Epipremnum aureum,394599106,https://www.inaturalist.org/observations/394599106,723428601,https://static.inaturalist.org/photos/723428601/original.jpg,all-rights-reserved,"(c) Frederik Leck Fischer, all rights reserved",arachon,Frederik Leck Fischer,2026-08-23,"Pococi, Limon, CR",needs_id,False,10.542155,-83.5018916667,1536,2048,no,aureum/inat-394599106-723428601-arachon.jpg,
Epipremnum aureum,394599106,https://www.inaturalist.org/observations/394599106,723428643,https://static.inaturalist.org/photos/723428643/original.jpg,all-rights-reserved,"(c) Frederik Leck Fischer, all rights reserved",arachon,Frederik Leck Fischer,2026-08-23,"Pococi, Limon, CR",needs_id,False,10.542155,-83.5018916667,1536,2048,no,aureum/inat-394599106-723428643-arachon.jpg,
Epipremnum aureum,394550558,https://www.inaturalist.org/observations/394550558,723329516,https://inaturalist-open-data.s3.amazonaws.com/photos/723329516/original.jpg,cc-by-nc,"(c) akamil, some rights reserved (CC BY-NC)",akamil,,2026-08-25,"Gurabo, PR, US",needs_id,False,18.2401966667,-66.00709445,1536,2048,no,aureum/inat-394550558-723329516-akamil.jpg,
Epipremnum aureum,394550558,https://www.inaturalist.org/observations/394550558,723329521,https://inaturalist-open-data.s3.amazonaws.com/photos/723329521/original.jpg,cc-by-nc,"(c) akamil, some rights reserved (CC BY-NC)",akamil,,2026-08-25,"Gurabo, PR, US",needs_id,False,18.2401966667,-66.00709445,1536,2048,no,aureum/inat-394550558-723329521-akamil.jpg,
Epipremnum aureum,394543105,https://www.inaturalist.org/observations/394543105,723314448,https://inaturalist-open-data.s3.amazonaws.com/photos/723314448/original.jpg,cc-by-nc,"(c) Bang Bang, some rights reserved (CC BY-NC)",prayogo,Bang Bang,2026-08-26,"67VG+45H FKIP - GSG Bridge, Kandang Limun, Muara Bangka Hulu, Bengkulu City, Bengkulu 38119, Indonesia",needs_id,False,-3.757265,102.2752,1536,2048,no,aureum/inat-394543105-723314448-prayogo.jpg,
Epipremnum aureum,394541797,https://www.inaturalist.org/observations/394541797,723313217,https://inaturalist-open-data.s3.amazonaws.com/photos/723313217/original.jpg,cc-by-nc,"(c) Bang Bang, some rights reserved (CC BY-NC)",prayogo,Bang Bang,2026-08-26,"67VF+6WG, Kandang Limun, Kec. Muara Bangka Hulu, Kota Bengkulu, Bengkulu 38119, Indonesia",needs_id,False,-3.7573216667,102.275035,1536,2048,no,aureum/inat-394541797-723313217-prayogo.jpg,
Epipremnum aureum,394460427,https://www.inaturalist.org/observations/394460427,723155384,https://inaturalist-open-data.s3.amazonaws.com/photos/723155384/original.jpg,cc-by-nc,"(c) Jadiel J. García Peña, some rights reserved (CC BY-NC)",jadielgarcia,Jadiel J. García Peña,2026-08-25,"Cayey, PR, US",needs_id,False,18.1190471667,-66.1602166667,2048,1536,no,aureum/inat-394460427-723155384-jadielgarcia.jpg,
Epipremnum aureum,394460427,https://www.inaturalist.org/observations/394460427,723155394,https://inaturalist-open-data.s3.amazonaws.com/photos/723155394/original.jpg,cc-by-nc,"(c) Jadiel J. García Peña, some rights reserved (CC BY-NC)",jadielgarcia,Jadiel J. García Peña,2026-08-25,"Cayey, PR, US",needs_id,False,18.1190471667,-66.1602166667,1536,2048,no,aureum/inat-394460427-723155394-jadielgarcia.jpg,
Epipremnum aureum,394460427,https://www.inaturalist.org/observations/394460427,723155395,https://inaturalist-open-data.s3.amazonaws.com/photos/723155395/original.jpg,cc-by-nc,"(c) Jadiel J. García Peña, some rights reserved (CC BY-NC)",jadielgarcia,Jadiel J. García Peña,2026-08-25,"Cayey, PR, US",needs_id,False,18.1190471667,-66.1602166667,1536,2048,no,aureum/inat-394460427-723155395-jadielgarcia.jpg,
Epipremnum aureum,394429924,https://www.inaturalist.org/observations/394429924,723098364,https://inaturalist-open-data.s3.amazonaws.com/photos/723098364/original.jpg,cc-by-nc,"(c) Dr. C. F. Chaudhari, some rights reserved (CC BY-NC)",drcfchaudhari,Dr. C. F. Chaudhari,2026-08-25,"WWF6+F3X, Vejalpore, Navsari, Gujarat 396450, India",research,False,20.9238433527,72.9099404812,1536,2048,no,aureum/inat-394429924-723098364-drcfchaudhari.jpg,
Epipremnum aureum,394429924,https://www.inaturalist.org/observations/394429924,723098471,https://inaturalist-open-data.s3.amazonaws.com/photos/723098471/original.jpg,cc-by-nc,"(c) Dr. C. F. Chaudhari, some rights reserved (CC BY-NC)",drcfchaudhari,Dr. C. F. Chaudhari,2026-08-25,"WWF6+F3X, Vejalpore, Navsari, Gujarat 396450, India",research,False,20.9238433527,72.9099404812,1536,2048,no,aureum/inat-394429924-723098471-drcfchaudhari.jpg,
Epipremnum aureum,394429924,https://www.inaturalist.org/observations/394429924,723099081,https://inaturalist-open-data.s3.amazonaws.com/photos/723099081/original.jpg,cc-by-nc,"(c) Dr. C. F. Chaudhari, some rights reserved (CC BY-NC)",drcfchaudhari,Dr. C. F. Chaudhari,2026-08-25,"WWF6+F3X, Vejalpore, Navsari, Gujarat 396450, India",research,False,20.9238433527,72.9099404812,1536,2048,no,aureum/inat-394429924-723099081-drcfchaudhari.jpg,
Epipremnum aureum,394384563,https://www.inaturalist.org/observations/394384563,723012429,https://inaturalist-open-data.s3.amazonaws.com/photos/723012429/original.jpg,cc-by-nc-sa,"(c) saba, some rights reserved (CC BY-NC-SA)",sabi,saba,2026-08-25,"Prima Square, Bandar Indah, 90000 Sandakan, Sabah, Malezya",needs_id,False,5.8558061784,118.0721950158,1536,2048,no,aureum/inat-394384563-723012429-sabi.jpg,
Epipremnum aureum,394384563,https://www.inaturalist.org/observations/394384563,723012467,https://inaturalist-open-data.s3.amazonaws.com/photos/723012467/original.jpg,cc-by-nc-sa,"(c) saba, some rights reserved (CC BY-NC-SA)",sabi,saba,2026-08-25,"Prima Square, Bandar Indah, 90000 Sandakan, Sabah, Malezya",needs_id,False,5.8558061784,118.0721950158,1536,2048,no,aureum/inat-394384563-723012467-sabi.jpg,
Epipremnum aureum,394384289,https://www.inaturalist.org/observations/394384289,723011799,https://inaturalist-open-data.s3.amazonaws.com/photos/723011799/original.jpg,cc-by-nc,"(c) kati lea, some rights reserved (CC BY-NC)",kati17614,kati lea,2026-07-30,"S Winners Cir, Davie, FL, US",research,False,26.0638205587,-80.3147591481,1536,2048,no,aureum/inat-394384289-723011799-kati17614.jpg,
Epipremnum aureum,394304581,https://www.inaturalist.org/observations/394304581,722850238,https://static.inaturalist.org/photos/722850238/original.jpg,all-rights-reserved,"(c) trustme3344, all rights reserved",trustme3344,,2026-08-20,"Zhongshan District, Taipei City, TW",research,False,25.0911680097,121.5395070614,1152,2048,no,aureum/inat-394304581-722850238-trustme3344.jpg,
Epipremnum aureum,394244974,https://www.inaturalist.org/observations/394244974,722727907,https://inaturalist-open-data.s3.amazonaws.com/photos/722727907/original.jpg,cc-by-nc,"(c) Sarah Sun, some rights reserved (CC BY-NC)",sarah_having_fun,Sarah Sun,2026-08-16,"Cairns QLD, Australia",research,False,-16.8988916667,145.7529305556,1536,2048,no,aureum/inat-394244974-722727907-sarah_having_fun.jpg,
Epipremnum aureum,394244974,https://www.inaturalist.org/observations/394244974,722727940,https://inaturalist-open-data.s3.amazonaws.com/photos/722727940/original.jpg,cc-by-nc,"(c) Sarah Sun, some rights reserved (CC BY-NC)",sarah_having_fun,Sarah Sun,2026-08-16,"Cairns QLD, Australia",research,False,-16.8988916667,145.7529305556,1536,2048,no,aureum/inat-394244974-722727940-sarah_having_fun.jpg,
Epipremnum aureum,394207590,https://www.inaturalist.org/observations/394207590,722661475,https://inaturalist-open-data.s3.amazonaws.com/photos/722661475/original.jpg,cc-by-nc,"(c) Francyel Mateus Alves, some rights reserved (CC BY-NC)",teleosteus,Francyel Mateus Alves,2026-08-23,Pituaçu,needs_id,False,-12.9616129918,-38.412004821,1155,2048,no,aureum/inat-394207590-722661475-teleosteus.jpg,
Epipremnum aureum,394207590,https://www.inaturalist.org/observations/394207590,722661552,https://inaturalist-open-data.s3.amazonaws.com/photos/722661552/original.jpg,cc-by-nc,"(c) Francyel Mateus Alves, some rights reserved (CC BY-NC)",teleosteus,Francyel Mateus Alves,2026-08-23,Pituaçu,needs_id,False,-12.9616129918,-38.412004821,1155,2048,no,aureum/inat-394207590-722661552-teleosteus.jpg,
Epipremnum aureum,394136431,https://www.inaturalist.org/observations/394136431,722502352,https://inaturalist-open-data.s3.amazonaws.com/photos/722502352/original.jpg,cc-by-nc,"(c) severalcreatures, some rights reserved (CC BY-NC)",severalcreatures,,2026-08-20,"Maleza Baja, Aguadilla 00603, Puerto Rico",needs_id,False,18.504295,-67.14285,1536,2048,no,aureum/inat-394136431-722502352-severalcreatures.jpg,
Epipremnum aureum,394136328,https://www.inaturalist.org/observations/394136328,722501541,https://inaturalist-open-data.s3.amazonaws.com/photos/722501541/original.jpg,cc-by-nc,"(c) severalcreatures, some rights reserved (CC BY-NC)",severalcreatures,,2026-08-20,"Aguadilla, PR",needs_id,False,18.5081011039,-67.1335550953,2048,1536,no,aureum/inat-394136328-722501541-severalcreatures.jpg,
Epipremnum aureum,394136326,https://www.inaturalist.org/observations/394136326,722501511,https://inaturalist-open-data.s3.amazonaws.com/photos/722501511/original.jpg,cc-by-nc,"(c) severalcreatures, some rights reserved (CC BY-NC)",severalcreatures,,2026-08-20,"Aguadilla, PR",needs_id,False,18.5081011039,-67.1335550953,1536,2048,no,aureum/inat-394136326-722501511-severalcreatures.jpg,
Epipremnum aureum,394136316,https://www.inaturalist.org/observations/394136316,722501488,https://inaturalist-open-data.s3.amazonaws.com/photos/722501488/original.jpg,cc-by-nc,"(c) severalcreatures, some rights reserved (CC BY-NC)",severalcreatures,,2026-08-20,"Aguadilla, PR",needs_id,False,18.5081011039,-67.1335550953,2048,1536,no,aureum/inat-394136316-722501488-severalcreatures.jpg,
Epipremnum aureum,394136315,https://www.inaturalist.org/observations/394136315,722501455,https://inaturalist-open-data.s3.amazonaws.com/photos/722501455/original.jpg,cc-by-nc,"(c) severalcreatures, some rights reserved (CC BY-NC)",severalcreatures,,2026-08-20,"Aguadilla, PR",needs_id,False,18.5081011039,-67.1335550953,2048,1536,no,aureum/inat-394136315-722501455-severalcreatures.jpg,
Epipremnum aureum,394116118,https://www.inaturalist.org/observations/394116118,722481046,https://inaturalist-open-data.s3.amazonaws.com/photos/722481046/original.jpg,cc-by-nc,"(c) Paulo Henrique, some rights reserved (CC BY-NC)",paulo18413,Paulo Henrique,2026-08-24,"Avenida Brasil, 85 - Xavier Maia, Rio Branco - AC, 69917-400, Brasil",needs_id,False,-9.939075,-67.8142283333,1542,2048,no,aureum/inat-394116118-722481046-paulo18413.jpg,
Epipremnum aureum,394044617,https://www.inaturalist.org/observations/394044617,722339174,https://static.inaturalist.org/photos/722339174/original.jpg,all-rights-reserved,"(c) Jeff Young, all rights reserved",jeffyoung,Jeff Young,2026-08-23,"Keanae Arboretum Walk, Haiku, HI, US",research,False,20.8552333333,-156.1498861667,1536,2048,no,aureum/inat-394044617-722339174-jeffyoung.jpg,
Epipremnum aureum,393603487,https://www.inaturalist.org/observations/393603487,721464983,https://inaturalist-open-data.s3.amazonaws.com/photos/721464983/original.jpg,cc-by-nc,"(c) sadielane202, some rights reserved (CC BY-NC)",sadielane202,,2026-08-15,"Arthurs Ct, Tarpon Springs, FL, US",research,False,28.138125,-82.77803,1536,2048,no,aureum/inat-393603487-721464983-sadielane202.jpg,
Epipremnum aureum,393502581,https://www.inaturalist.org/observations/393502581,721272424,https://static.inaturalist.org/photos/721272424/original.jpg,all-rights-reserved,"(c) Mikeal Chan, all rights reserved",skywings99,Mikeal Chan,2026-08-22,"ITE Coll East Adm Blk, Singapore",research,False,1.3376737937,103.9668470621,1153,2048,no,aureum/inat-393502581-721272424-skywings99.jpg,
Epipremnum aureum,393408460,https://www.inaturalist.org/observations/393408460,721093462,https://static.inaturalist.org/photos/721093462/original.jpg,all-rights-reserved,"(c) 古國順, all rights reserved",ku6777,古國順,2026-08-22,110台灣臺北市信義區福德國小,research,False,25.0378099,121.5855192,1536,2048,no,aureum/inat-393408460-721093462-ku6777.jpg,
Epipremnum aureum,393390985,https://www.inaturalist.org/observations/393390985,721058534,https://inaturalist-open-data.s3.amazonaws.com/photos/721058534/original.jpg,cc-by-nc,"(c) Nadya Arlena, some rights reserved (CC BY-NC)",nadyaarlena,Nadya Arlena,2026-07-26,"CR9F+PQR, Gajahan, Kec. Ps. Kliwon, Kota Surakarta, Jawa Tengah 57155, Indonesia",needs_id,False,-7.5805166667,110.824225,1152,2048,no,aureum/inat-393390985-721058534-nadyaarlena.jpg,
Epipremnum aureum,393346861,https://www.inaturalist.org/observations/393346861,720972546,https://static.inaturalist.org/photos/720972546/original.jpg,all-rights-reserved,"(c) 古國順, all rights reserved",ku6777,古國順,2026-08-22,110台灣臺北市信義區三犁里,needs_id,False,25.0268766667,121.5744066667,1536,2048,no,aureum/inat-393346861-720972546-ku6777.jpg,
Epipremnum aureum,393344063,https://www.inaturalist.org/observations/393344063,720967074,https://static.inaturalist.org/photos/720967074/original.jpg,all-rights-reserved,"(c) 古國順, all rights reserved",ku6777,古國順,2026-08-22,110台灣臺北市信義區2HGG+M6,needs_id,False,25.0272575,121.575352,1536,2048,no,aureum/inat-393344063-720967074-ku6777.jpg,
Epipremnum aureum,393268640,https://www.inaturalist.org/observations/393268640,720814191,https://inaturalist-open-data.s3.amazonaws.com/photos/720814191/original.jpg,cc-by-nc,"(c) Gideon Alves de Souza, some rights reserved (CC BY-NC)",gideon69508,Gideon Alves de Souza,2026-08-21,"Rua Maria da Paixão Santos, 15 - Gurigica, Vitória - ES, 29042-790, Brasil",needs_id,False,-20.3091839,-40.3049158,1536,2048,no,aureum/inat-393268640-720814191-gideon69508.jpg,
Epipremnum aureum,393183130,https://www.inaturalist.org/observations/393183130,720651249,https://inaturalist-open-data.s3.amazonaws.com/photos/720651249/original.jpg,cc-by-nc,"(c) Abraham Mejias, some rights reserved (CC BY-NC)",abraham_mejias,Abraham Mejias,2026-08-14,"Cayey, PR, US",needs_id,False,18.1198855573,-66.1623944101,2048,1152,no,aureum/inat-393183130-720651249-abraham_mejias.jpg,
Epipremnum aureum,393179157,https://www.inaturalist.org/observations/393179157,720643475,https://inaturalist-open-data.s3.amazonaws.com/photos/720643475/original.jpg,cc-by-nc,"(c) caija, some rights reserved (CC BY-NC)",caija,,2026-04-20,"Akwapem South, Eastern, GH",needs_id,False,5.8563033333,-0.1524721667,1536,2048,no,aureum/inat-393179157-720643475-caija.jpg,
Epipremnum aureum,393177167,https://www.inaturalist.org/observations/393177167,720639256,https://inaturalist-open-data.s3.amazonaws.com/photos/720639256/original.jpg,cc-by-nc,"(c) franflores12, some rights reserved (CC BY-NC)",franflores12,,2026-08-14,"Cayey, PR, US",needs_id,False,18.1200055,-66.1623388333,2048,1536,no,aureum/inat-393177167-720639256-franflores12.jpg,
Epipremnum aureum,393124614,https://www.inaturalist.org/observations/393124614,720538033,https://static.inaturalist.org/photos/720538033/original.jpg,all-rights-reserved,"(c) 古國順, all rights reserved",ku6777,古國順,2026-08-21,423台灣臺中市東勢區埤頭里7QQC+2V,research,False,24.2863283333,120.7730016667,1536,2048,no,aureum/inat-393124614-720538033-ku6777.jpg,
Epipremnum aureum,393011627,https://www.inaturalist.org/observations/393011627,720311480,https://inaturalist-open-data.s3.amazonaws.com/photos/720311480/original.jpg,cc-by-nc,"(c) Radhika, some rights reserved (CC BY-NC)",radhika_p,Radhika,2026-08-20,,needs_id,True,,,1536,2048,no,aureum/inat-393011627-720311480-radhika_p.jpg,
Epipremnum aureum,392996520,https://www.inaturalist.org/observations/392996520,720281247,https://inaturalist-open-data.s3.amazonaws.com/photos/720281247/original.jpg,cc-by-nc,"(c) nelwin_omar, some rights reserved (CC BY-NC)",nelwin_omar,nelwin_omar,2026-08-14,"Cayey, PR, US",needs_id,False,18.1198524922,-66.1623632671,1152,2048,no,aureum/inat-392996520-720281247-nelwin_omar.jpg,
Epipremnum aureum,392869300,https://www.inaturalist.org/observations/392869300,720036668,https://inaturalist-open-data.s3.amazonaws.com/photos/720036668/original.jpg,cc-by,"(c) nick_goldwater, some rights reserved (CC BY)",nick_goldwater,nick_goldwater,2026-08-19,"Niue, NU",needs_id,False,-19.1106445,-169.913025,1536,2048,no,aureum/inat-392869300-720036668-nick_goldwater.jpg,
Epipremnum aureum,392826973,https://www.inaturalist.org/observations/392826973,719952605,https://static.inaturalist.org/photos/719952605/original.jpg,all-rights-reserved,"(c) Guillaume RAMADE, all rights reserved",guillaume_ramade,Guillaume RAMADE,2026-08-19,"Saint-Barthélemy, Gustavia, BL",needs_id,False,17.91898,-62.85363,1536,2048,no,aureum/inat-392826973-719952605-guillaume_ramade.jpg,
Epipremnum aureum,392820268,https://www.inaturalist.org/observations/392820268,719939506,https://inaturalist-open-data.s3.amazonaws.com/photos/719939506/original.jpg,cc-by-nc,"(c) usanagood, some rights reserved (CC BY-NC)",usanagood,,2026-08-20,635台灣雲林縣東勢鄉月眉村,research,False,23.690865,120.2859166667,1536,2048,no,aureum/inat-392820268-719939506-usanagood.jpg,
Epipremnum aureum,392819654,https://www.inaturalist.org/observations/392819654,719938779,https://static.inaturalist.org/photos/719938779/original.jpg,all-rights-reserved,"(c) Evan Hockridge, all rights reserved",evan_hockridge,Evan Hockridge,2026-08-20,"Douglas, AU-QL, AU",needs_id,False,-16.4785137177,145.4632415771,1152,2048,no,aureum/inat-392819654-719938779-evan_hockridge.jpg,
Epipremnum aureum,392764049,https://www.inaturalist.org/observations/392764049,719826454,https://inaturalist-open-data.s3.amazonaws.com/photos/719826454/original.jpg,cc-by-nc,"(c) Salon1104, some rights reserved (CC BY-NC)",salon1104,Salon1104,2026-08-19,"Sabanalarga, Atlántico, Colombia",research,False,10.6307298,-74.93075385,1536,2048,no,aureum/inat-392764049-719826454-salon1104.jpg,
Epipremnum aureum,392748229,https://www.inaturalist.org/observations/392748229,719796357,https://inaturalist-open-data.s3.amazonaws.com/photos/719796357/original.jpg,cc-by-nc,"(c) Gideon Alves de Souza, some rights reserved (CC BY-NC)",gideon69508,Gideon Alves de Souza,2026-08-19,"Vitoria, BR-ES, BR",needs_id,False,-20.3097195,-40.3046325,1536,2048,no,aureum/inat-392748229-719796357-gideon69508.jpg,
Epipremnum aureum,392699729,https://www.inaturalist.org/observations/392699729,719701270,https://static.inaturalist.org/photos/719701270/original.jpg,all-rights-reserved,"(c) Porrhh, all rights reserved",porrhh,Porrhh,2025-11-28,HFJF+PJH ตำบล บ้านอิฐ อำเภอเมืองอ่างทอง อ่างทอง 14000 ประเทศไทย,needs_id,False,14.58229756,100.47396928,1536,2048,no,aureum/inat-392699729-719701270-porrhh.jpg,
Epipremnum aureum,392648275,https://www.inaturalist.org/observations/392648275,719605489,https://inaturalist-open-data.s3.amazonaws.com/photos/719605489/original.jpg,cc-by-nc,"(c) Trevor Mote, some rights reserved (CC BY-NC)",trevor_mote,Trevor Mote,2026-08-14,"Marina Pl, Boca Raton, FL, US",research,False,26.3329465663,-80.2124365666,1152,2048,no,aureum/inat-392648275-719605489-trevor_mote.jpg,
Epipremnum aureum,392564690,https://www.inaturalist.org/observations/392564690,719441011,https://static.inaturalist.org/photos/719441011/original.jpg,all-rights-reserved,"(c) 黃天灶, all rights reserved",ssnp139,黃天灶,2026-08-19,813台灣高雄市左營區半屏山公園,research,False,22.6928252778,120.3029761111,1536,2048,no,aureum/inat-392564690-719441011-ssnp139.jpg,
Epipremnum aureum,392506659,https://www.inaturalist.org/observations/392506659,719316406,https://static.inaturalist.org/photos/719316406/original.jpg,all-rights-reserved,"(c) Vincent W., all rights reserved",vinwin,Vincent W.,2026-08-15,"EL JARAL, Cortés, Honduras",needs_id,False,14.9350078394,-88.028126675,2048,1365,no,aureum/inat-392506659-719316406-vinwin.jpg,
Epipremnum aureum,392506659,https://www.inaturalist.org/observations/392506659,719316522,https://static.inaturalist.org/photos/719316522/original.jpg,all-rights-reserved,"(c) Vincent W., all rights reserved",vinwin,Vincent W.,2026-08-15,"EL JARAL, Cortés, Honduras",needs_id,False,14.9350078394,-88.028126675,1365,2048,no,aureum/inat-392506659-719316522-vinwin.jpg,
Epipremnum aureum,392368289,https://www.inaturalist.org/observations/392368289,719055491,https://inaturalist-open-data.s3.amazonaws.com/photos/719055491/original.jpg,cc0,no rights reserved,leaf0605,葉子,2026-03-07,台灣高雄市鼓山區龍子里高雄,research,False,22.6413669904,120.281602269,1536,2048,no,aureum/inat-392368289-719055491-leaf0605.jpg,
Epipremnum aureum,392360789,https://www.inaturalist.org/observations/392360789,719045360,https://inaturalist-open-data.s3.amazonaws.com/photos/719045360/original.jpg,cc-by-nc,"(c) Destiny Coleman, some rights reserved (CC BY-NC)",dolphinwhisperer414,Destiny Coleman,2026-08-18,"Mahogany Run Rd, St. Thomas, United States Virgin Islands, US",research,False,18.3554885164,-64.9033516087,1152,2048,no,aureum/inat-392360789-719045360-dolphinwhisperer414.jpg,
Epipremnum aureum,392343109,https://www.inaturalist.org/observations/392343109,719009715,https://inaturalist-open-data.s3.amazonaws.com/photos/719009715/original.jpg,cc-by-nc,"(c) นวพล กรกัน, some rights reserved (CC BY-NC)",naturalist194869,นวพล กรกัน,2026-08-18,ตำบล เมืองศรีไค อำเภอวารินชำราบ อุบลราชธานี 34190 ประเทศไทย,needs_id,False,15.1200733056,104.9103851111,1542,2048,no,aureum/inat-392343109-719009715-naturalist194869.jpg,
Epipremnum aureum,392321552,https://www.inaturalist.org/observations/392321552,718965549,https://inaturalist-open-data.s3.amazonaws.com/photos/718965549/original.jpg,cc-by-nc,"(c) Vedant Pawar, some rights reserved (CC BY-NC)",vedant_is_wild,Vedant Pawar,2026-08-18,"P22P+3JW, Umri Pragane Balapur, Shivani AirPort Area, Akola, Maharashtra 444104, India",research,False,20.7002284514,77.0365623012,1536,2048,no,aureum/inat-392321552-718965549-vedant_is_wild.jpg,
Epipremnum aureum,392316042,https://www.inaturalist.org/observations/392316042,718955075,https://inaturalist-open-data.s3.amazonaws.com/photos/718955075/original.jpg,cc-by-nc,"(c) อธิชา นักบุญ, some rights reserved (CC BY-NC)",naturalist171783,อธิชา นักบุญ,2026-08-18,"มหาวิทยาลัยอุบลราชธานี, อ.วารินชำราบ, จ.อุบลราชธานี, TH",research,False,15.1184484025,104.9077376567,1536,2048,no,aureum/inat-392316042-718955075-naturalist171783.jpg,
Epipremnum aureum,392315957,https://www.inaturalist.org/observations/392315957,718954873,https://inaturalist-open-data.s3.amazonaws.com/photos/718954873/original.jpg,cc-by-nc,"(c) อมรรัตน์ สุธรรมมา, some rights reserved (CC BY-NC)",naturalist100852,อมรรัตน์ สุธรรมมา,2026-08-18,"มหาวิทยาลัยอุบลราชธานี, อ.วารินชำราบ, จ.อุบลราชธานี, TH",research,False,15.1179945516,104.9077279308,1536,2048,no,aureum/inat-392315957-718954873-naturalist100852.jpg,
Epipremnum aureum,392310285,https://www.inaturalist.org/observations/392310285,718945324,https://inaturalist-open-data.s3.amazonaws.com/photos/718945324/original.jpg,cc-by-nc,"(c) อาทิตย์ แก้วคำพันธ์, some rights reserved (CC BY-NC)",naturalist153139,อาทิตย์ แก้วคำพันธ์,2026-08-18,ตำบล เมืองศรีไค อำเภอวารินชำราบ อุบลราชธานี 34190 ประเทศไทย,needs_id,False,15.12036719,104.90849608,1536,2048,no,aureum/inat-392310285-718945324-naturalist153139.jpg,
Epipremnum aureum,392309455,https://www.inaturalist.org/observations/392309455,718944241,https://static.inaturalist.org/photos/718944241/original.jpg,all-rights-reserved,"(c) 黃天灶, all rights reserved",ssnp139,黃天灶,2026-08-18,813台灣高雄市左營區埤東里198號,research,False,22.6781002778,120.2912755556,1536,2048,no,aureum/inat-392309455-718944241-ssnp139.jpg,
Epipremnum aureum,392284883,https://www.inaturalist.org/observations/392284883,718894102,https://inaturalist-open-data.s3.amazonaws.com/photos/718894102/original.jpg,cc-by-nc,"(c) J C, some rights reserved (CC BY-NC)",jessicacpr,J C,2026-08-18,"Xinglong Rd Sec 3 Ln 304, Wenshan District, Taipei City, TW",research,False,24.9927700487,121.5581563478,1152,2048,no,aureum/inat-392284883-718894102-jessicacpr.jpg,
Epipremnum aureum,392284650,https://www.inaturalist.org/observations/392284650,718893654,https://inaturalist-open-data.s3.amazonaws.com/photos/718893654/original.jpg,cc-by-nc,"(c) 江長鴻, some rights reserved (CC BY-NC)",naturalist111709,江長鴻,2026-08-18,"Xinglong Rd Sec 3 Ln 304, Wenshan District, Taipei City, TW",research,False,24.9927113881,121.5582381489,1152,2048,no,aureum/inat-392284650-718893654-naturalist111709.jpg,
Epipremnum aureum,392282702,https://www.inaturalist.org/observations/392282702,718889945,https://inaturalist-open-data.s3.amazonaws.com/photos/718889945/original.jpg,cc-by-nc,"(c) Miaa, some rights reserved (CC BY-NC)",yu_chieh_chang,Miaa,2026-08-18,"Xinglong Rd Sec 3 Ln 304, Wenshan District, Taipei City, TW",research,False,24.9926607426,121.5584797906,1152,2048,no,aureum/inat-392282702-718889945-yu_chieh_chang.jpg,
Epipremnum aureum,392279578,https://www.inaturalist.org/observations/392279578,718883545,https://inaturalist-open-data.s3.amazonaws.com/photos/718883545/original.jpg,cc-by-nc,"(c) Swim Shih, some rights reserved (CC BY-NC)",swim3,Swim Shih,2026-08-18,"Xinglong Rd Sec 3 Ln 304, Wenshan District, Taipei City, TW",research,False,24.9926000554,121.5583613144,1152,2048,no,aureum/inat-392279578-718883545-swim3.jpg,
Epipremnum aureum,392261116,https://www.inaturalist.org/observations/392261116,718845976,https://static.inaturalist.org/photos/718845976/original.jpg,all-rights-reserved,"(c) 李慧文, all rights reserved",ssnp144,李慧文,2026-08-18,"壽山國家自然公園, 鼓山區, 高雄市, TW",research,False,22.6293787915,120.2694733033,1536,2048,no,aureum/inat-392261116-718845976-ssnp144.jpg,
Epipremnum aureum,392143290,https://www.inaturalist.org/observations/392143290,718611980,https://inaturalist-open-data.s3.amazonaws.com/photos/718611980/original.jpg,cc-by-nc,"(c) Ben Kerridge, some rights reserved (CC BY-NC)",wafflefries,Ben Kerridge,2026-08-17,United States,needs_id,True,26.3071167298,-80.0850276151,1536,2048,no,aureum/inat-392143290-718611980-wafflefries.jpg,
Epipremnum aureum,392072335,https://www.inaturalist.org/observations/392072335,718476851,https://inaturalist-open-data.s3.amazonaws.com/photos/718476851/original.jpg,cc-by-nc,"(c) haileyshabo, some rights reserved (CC BY-NC)",haileyshabo,,2026-08-17,"Calle Guayabo Lodge, Turrialba, Cartago, CR",needs_id,False,9.9625916667,-83.7371833333,2048,1536,no,aureum/inat-392072335-718476851-haileyshabo.jpg,
Epipremnum aureum,392069117,https://www.inaturalist.org/observations/392069117,718470440,https://inaturalist-open-data.s3.amazonaws.com/photos/718470440/original.jpg,cc-by-nc,"(c) BlueSpriggan, some rights reserved (CC BY-NC)",bluespriggan,BlueSpriggan,2026-08-17,"SW 16th Ave, Boynton Beach, FL, US",research,False,26.5131548518,-80.0868362281,1536,2048,no,aureum/inat-392069117-718470440-bluespriggan.jpg,
Epipremnum aureum,391981729,https://www.inaturalist.org/observations/391981729,718302026,https://inaturalist-open-data.s3.amazonaws.com/photos/718302026/original.jpg,cc-by-nc,"(c) manzour absari, some rights reserved (CC BY-NC)",manzour1,manzour absari,2026-08-17,"W449+C45, Zamboanga City, Zamboanga del Sur, Philippines",research,False,6.90637892,122.11723771,1536,2048,no,aureum/inat-391981729-718302026-manzour1.jpg,
Epipremnum aureum,391947958,https://www.inaturalist.org/observations/391947958,718234785,https://inaturalist-open-data.s3.amazonaws.com/photos/718234785/original.jpg,cc-by-nc,"(c) Eugenia, some rights reserved (CC BY-NC)",euge25,Eugenia,2026-08-16,Puntarenas,research,False,9.6502952576,-85.0694122314,1536,2048,no,aureum/inat-391947958-718234785-euge25.jpg,
Epipremnum aureum,391898610,https://www.inaturalist.org/observations/391898610,718136972,https://inaturalist-open-data.s3.amazonaws.com/photos/718136972/original.jpg,cc-by-nc,"(c) isellarce, some rights reserved (CC BY-NC)",isellarce,,2026-08-14,"Camino Viejo Alejandrino, Guaynabo, PR, US",research,False,18.3578925995,-66.1091849329,1152,2048,no,aureum/inat-391898610-718136972-isellarce.jpg,
Epipremnum aureum,391892922,https://www.inaturalist.org/observations/391892922,718126481,https://inaturalist-open-data.s3.amazonaws.com/photos/718126481/original.jpg,cc-by-nc,"(c) kryosis, some rights reserved (CC BY-NC)",kryosis,,2026-04-22,"Duthie Ln, Christmas, FL, US",research,False,28.5657185037,-81.0241166651,1152,2048,no,aureum/inat-391892922-718126481-kryosis.jpg,
Epipremnum aureum,391880204,https://www.inaturalist.org/observations/391880204,718102584,https://inaturalist-open-data.s3.amazonaws.com/photos/718102584/original.jpg,cc-by-nc,"(c) Francyel Mateus Alves, some rights reserved (CC BY-NC)",teleosteus,Francyel Mateus Alves,2026-08-16,"Pituba, Salvador - BA, 41910, Brasil",needs_id,False,-12.9993171372,-38.4710730985,1155,2048,no,aureum/inat-391880204-718102584-teleosteus.jpg,
Epipremnum aureum,391867985,https://www.inaturalist.org/observations/391867985,718079176,https://inaturalist-open-data.s3.amazonaws.com/photos/718079176/original.jpg,cc-by-nc,"(c) Francyel Mateus Alves, some rights reserved (CC BY-NC)",teleosteus,Francyel Mateus Alves,2026-08-16,"2G3G+5G - Pituba, Salvador - BA, 40301-155, Brasil",research,False,-12.9968585019,-38.4740087762,1155,2048,no,aureum/inat-391867985-718079176-teleosteus.jpg,
Epipremnum aureum,391782868,https://www.inaturalist.org/observations/391782868,717918542,https://inaturalist-open-data.s3.amazonaws.com/photos/717918542/original.jpg,cc-by-nc,"(c) LIP HASKIN, some rights reserved (CC BY-NC)",lip_haskin,LIP HASKIN,2026-08-16,"Manila, Metro Manila, PH",research,False,14.5651937442,120.9882191402,1536,2048,no,aureum/inat-391782868-717918542-lip_haskin.jpg,
Epipremnum aureum,391653736,https://www.inaturalist.org/observations/391653736,717674532,https://inaturalist-open-data.s3.amazonaws.com/photos/717674532/original.jpg,cc-by-nc,"(c) mmartorell, some rights reserved (CC BY-NC)",mmartorell,,2026-08-13,"Calle El Tucán, Talamanca, Limon, CR",needs_id,False,9.6408221904,-82.7364042811,1365,2048,no,aureum/inat-391653736-717674532-mmartorell.jpg,
Epipremnum aureum,391648746,https://www.inaturalist.org/observations/391648746,717661773,https://inaturalist-open-data.s3.amazonaws.com/photos/717661773/original.jpg,cc-by-nc,"(c) estebanbranchereau, some rights reserved (CC BY-NC)",estebanbranchereau,,2026-08-04,"Îles Tuamotu-Gambier, PF",research,False,-15.8260418146,-148.2663571553,1536,2048,no,aureum/inat-391648746-717661773-estebanbranchereau.jpg,
Epipremnum aureum,391636921,https://www.inaturalist.org/observations/391636921,717643186,https://inaturalist-open-data.s3.amazonaws.com/photos/717643186/original.jpg,cc-by-nc,"(c) Dillon Freiburger, some rights reserved (CC BY-NC)",dillon_freiburger,Dillon Freiburger,2026-08-15,"Kuhio Hwy, Hā’ena, HI, US",research,False,22.2192495775,-159.5652071655,2048,1536,no,aureum/inat-391636921-717643186-dillon_freiburger.jpg,
Epipremnum aureum,391562815,https://www.inaturalist.org/observations/391562815,717495609,https://static.inaturalist.org/photos/717495609/original.jpg,all-rights-reserved,"(c) Maria Zane, all rights reserved",maria_zane,Maria Zane,2026-04-01,"Manaus, AM, BR",research,False,-3.0975689695,-59.9860507252,1536,2048,no,aureum/inat-391562815-717495609-maria_zane.jpg,
Epipremnum aureum,391562815,https://www.inaturalist.org/observations/391562815,717495616,https://static.inaturalist.org/photos/717495616/original.jpg,all-rights-reserved,"(c) Maria Zane, all rights reserved",maria_zane,Maria Zane,2026-04-01,"Manaus, AM, BR",research,False,-3.0975689695,-59.9860507252,1536,2048,no,aureum/inat-391562815-717495616-maria_zane.jpg,
Epipremnum aureum,391516816,https://www.inaturalist.org/observations/391516816,717405687,https://inaturalist-open-data.s3.amazonaws.com/photos/717405687/original.jpg,cc-by-nc,"(c) jkromannkristensen, some rights reserved (CC BY-NC)",jkromannkristensen,,2026-08-15,"Rue de Malavois, Dakar, SN",research,False,14.6667033333,-17.39752,1536,2048,no,aureum/inat-391516816-717405687-jkromannkristensen.jpg,
Epipremnum aureum,391516816,https://www.inaturalist.org/observations/391516816,717405592,https://inaturalist-open-data.s3.amazonaws.com/photos/717405592/original.jpg,cc-by-nc,"(c) jkromannkristensen, some rights reserved (CC BY-NC)",jkromannkristensen,,2026-08-15,"Rue de Malavois, Dakar, SN",research,False,14.6667033333,-17.39752,1536,2048,no,aureum/inat-391516816-717405592-jkromannkristensen.jpg,
Epipremnum aureum,391411938,https://www.inaturalist.org/observations/391411938,717197890,https://inaturalist-open-data.s3.amazonaws.com/photos/717197890/original.jpg,cc-by-nc,"(c) Oren Lowrie (Martell), some rights reserved (CC BY-NC)",oren42171,Oren Lowrie (Martell),2026-08-13,"Talamanca, CR-LI, CR",research,False,9.7343116667,-82.8338466667,1536,2048,no,aureum/inat-391411938-717197890-oren42171.jpg,
Epipremnum aureum,391411938,https://www.inaturalist.org/observations/391411938,717197879,https://inaturalist-open-data.s3.amazonaws.com/photos/717197879/original.jpg,cc-by-nc,"(c) Oren Lowrie (Martell), some rights reserved (CC BY-NC)",oren42171,Oren Lowrie (Martell),2026-08-13,"Talamanca, CR-LI, CR",research,False,9.7343116667,-82.8338466667,1536,2048,no,aureum/inat-391411938-717197879-oren42171.jpg,
Epipremnum aureum,391411938,https://www.inaturalist.org/observations/391411938,717197869,https://inaturalist-open-data.s3.amazonaws.com/photos/717197869/original.jpg,cc-by-nc,"(c) Oren Lowrie (Martell), some rights reserved (CC BY-NC)",oren42171,Oren Lowrie (Martell),2026-08-13,"Talamanca, CR-LI, CR",research,False,9.7343116667,-82.8338466667,1536,2048,no,aureum/inat-391411938-717197869-oren42171.jpg,
Epipremnum aureum,391359162,https://www.inaturalist.org/observations/391359162,717096586,https://inaturalist-open-data.s3.amazonaws.com/photos/717096586/original.jpg,cc-by-nc,"(c) free1754, some rights reserved (CC BY-NC)",free1754,,2026-08-15,"臺灣島, 虎尾鎮, 雲林縣, TW",research,False,23.713823118,120.4218755183,1536,2048,no,aureum/inat-391359162-717096586-free1754.jpg,
Epipremnum aureum,391301536,https://www.inaturalist.org/observations/391301536,716986496,https://inaturalist-open-data.s3.amazonaws.com/photos/716986496/original.jpg,cc-by-nc,"(c) nhaass, some rights reserved (CC BY-NC)",nhaass,,2026-08-15,"Wynnum Mangrove Boardwalk, Wynnum, QLD, AU",research,False,-27.4252615572,153.1672339389,1536,2048,no,aureum/inat-391301536-716986496-nhaass.jpg,
Epipremnum aureum,391269319,https://www.inaturalist.org/observations/391269319,716922103,https://inaturalist-open-data.s3.amazonaws.com/photos/716922103/original.jpg,cc-by-nc,"(c) Milo, some rights reserved (CC BY-NC)",milo_hr,Milo,2026-08-14,"87Q9+FJ, Luquillo 00773, Puerto Rico",research,False,18.3368791997,-65.7318324,1153,2048,no,aureum/inat-391269319-716922103-milo_hr.jpg,
Epipremnum aureum,391169417,https://www.inaturalist.org/observations/391169417,716814638,https://static.inaturalist.org/photos/716814638/original.jpg,all-rights-reserved,"(c) Gracie Triplett, all rights reserved",grackie_trip,Gracie Triplett,2026-06-27,"Overseas Hwy, Islamorada, FL, US",research,False,24.9781103545,-80.5516629224,1152,2048,no,aureum/inat-391169417-716814638-grackie_trip.jpg,
Epipremnum aureum,391114928,https://www.inaturalist.org/observations/391114928,716621778,https://inaturalist-open-data.s3.amazonaws.com/photos/716621778/original.jpg,cc-by-nc,"(c) Jadiel J. García Peña, some rights reserved (CC BY-NC)",jadielgarcia,Jadiel J. García Peña,2026-08-14,"Cayey, PR, US",research,False,18.1201033541,-66.1623321731,1536,2048,no,aureum/inat-391114928-716621778-jadielgarcia.jpg,
Epipremnum aureum,391114928,https://www.inaturalist.org/observations/391114928,716621751,https://inaturalist-open-data.s3.amazonaws.com/photos/716621751/original.jpg,cc-by-nc,"(c) Jadiel J. García Peña, some rights reserved (CC BY-NC)",jadielgarcia,Jadiel J. García Peña,2026-08-14,"Cayey, PR, US",research,False,18.1201033541,-66.1623321731,1536,2048,no,aureum/inat-391114928-716621751-jadielgarcia.jpg,
Epipremnum aureum,391113666,https://www.inaturalist.org/observations/391113666,716619313,https://inaturalist-open-data.s3.amazonaws.com/photos/716619313/original.jpg,cc-by-nc,"(c) Ana Rodríguez, some rights reserved (CC BY-NC)",anafernandaa2,Ana Rodríguez,2026-08-14,"Cayey, PR, US",research,False,18.1195506352,-66.1623686018,2048,1152,no,aureum/inat-391113666-716619313-anafernandaa2.jpg,
Epipremnum aureum,391113666,https://www.inaturalist.org/observations/391113666,716619318,https://inaturalist-open-data.s3.amazonaws.com/photos/716619318/original.jpg,cc-by-nc,"(c) Ana Rodríguez, some rights reserved (CC BY-NC)",anafernandaa2,Ana Rodríguez,2026-08-14,"Cayey, PR, US",research,False,18.1195506352,-66.1623686018,1536,2048,no,aureum/inat-391113666-716619318-anafernandaa2.jpg,
Epipremnum aureum,391082998,https://www.inaturalist.org/observations/391082998,716561270,https://inaturalist-open-data.s3.amazonaws.com/photos/716561270/original.jpg,cc-by-nc,"(c) lasquared, some rights reserved (CC BY-NC)",lasquared,,2026-08-13,"Calle Puerto Vargas, Talamanca, Limon, CR",research,False,9.7349116667,-82.8346466667,1536,2048,no,aureum/inat-391082998-716561270-lasquared.jpg,
Epipremnum aureum,391082998,https://www.inaturalist.org/observations/391082998,716561267,https://inaturalist-open-data.s3.amazonaws.com/photos/716561267/original.jpg,cc-by-nc,"(c) lasquared, some rights reserved (CC BY-NC)",lasquared,,2026-08-13,"Calle Puerto Vargas, Talamanca, Limon, CR",research,False,9.7349116667,-82.8346466667,1536,2048,no,aureum/inat-391082998-716561267-lasquared.jpg,
Epipremnum aureum,391059078,https://www.inaturalist.org/observations/391059078,716514488,https://inaturalist-open-data.s3.amazonaws.com/photos/716514488/original.jpg,cc-by-nc,"(c) cho_farmer, some rights reserved (CC BY-NC)",cho_farmer,,2026-07-31,"Zhongshan N Rd Sec 4 Ln 1 Aly 1, Zhongshan District, Taipei City, TW",research,False,25.0807728165,121.5276402135,1152,2048,no,aureum/inat-391059078-716514488-cho_farmer.jpg,
Epipremnum aureum,391037158,https://www.inaturalist.org/observations/391037158,716470221,https://inaturalist-open-data.s3.amazonaws.com/photos/716470221/original.jpg,cc-by-nc,"(c) Egbert Selwin Rose A, some rights reserved (CC BY-NC)",selwinrose,Egbert Selwin Rose A,2026-08-13,"Tiruchirappalli, Tamil Nadu, IN",research,False,10.8278716667,78.691505,1152,2048,no,aureum/inat-391037158-716470221-selwinrose.jpg,
Epipremnum aureum,391036888,https://www.inaturalist.org/observations/391036888,716469589,https://inaturalist-open-data.s3.amazonaws.com/photos/716469589/original.jpg,cc-by-nc,"(c) Egbert Selwin Rose A, some rights reserved (CC BY-NC)",selwinrose,Egbert Selwin Rose A,2026-08-13,"Tiruchirappalli, IN-AP, IN",research,False,10.8278833333,78.6915116667,1152,2048,no,aureum/inat-391036888-716469589-selwinrose.jpg,
Epipremnum aureum,391031127,https://www.inaturalist.org/observations/391031127,716458194,https://inaturalist-open-data.s3.amazonaws.com/photos/716458194/original.jpg,cc-by-nc,"(c) Heidi Rosendahl, some rights reserved (CC BY-NC)",heidi_rosendahl,Heidi Rosendahl,2026-06-16,"Fairway Dr N, Jupiter, FL, US",research,False,26.9414290815,-80.0755149673,1152,2048,no,aureum/inat-391031127-716458194-heidi_rosendahl.jpg,
Epipremnum aureum,391031127,https://www.inaturalist.org/observations/391031127,716458200,https://inaturalist-open-data.s3.amazonaws.com/photos/716458200/original.jpg,cc-by-nc,"(c) Heidi Rosendahl, some rights reserved (CC BY-NC)",heidi_rosendahl,Heidi Rosendahl,2026-06-16,"Fairway Dr N, Jupiter, FL, US",research,False,26.9414290815,-80.0755149673,1536,2048,no,aureum/inat-391031127-716458200-heidi_rosendahl.jpg,
Epipremnum aureum,391028201,https://www.inaturalist.org/observations/391028201,716451916,https://inaturalist-open-data.s3.amazonaws.com/photos/716451916/original.jpg,cc-by-nc,"(c) ethanvitorovich, some rights reserved (CC BY-NC)",ethanvitorovich,,2026-08-13,"Parque Nacional Cahuita, CR-LI-TA, CR-LI, CR",research,False,9.736325,-82.8387833333,1536,2048,no,aureum/inat-391028201-716451916-ethanvitorovich.jpg,
Epipremnum aureum,391025095,https://www.inaturalist.org/observations/391025095,716445781,https://inaturalist-open-data.s3.amazonaws.com/photos/716445781/original.jpg,cc-by-nc,"(c) haileyshabo, some rights reserved (CC BY-NC)",haileyshabo,,2026-08-13,"Parque Nacional Cahuita, CR-LI-TA, CR-LI, CR",research,False,9.7320633333,-82.8373116667,2048,1536,no,aureum/inat-391025095-716445781-haileyshabo.jpg,
Epipremnum aureum,391018967,https://www.inaturalist.org/observations/391018967,716433393,https://inaturalist-open-data.s3.amazonaws.com/photos/716433393/original.jpg,cc-by-nc,"(c) haileyshabo, some rights reserved (CC BY-NC)",haileyshabo,,2026-08-13,"Parque Nacional Cahuita, CR-LI-TA, CR-LI, CR",research,False,9.7358466667,-82.8381666667,1536,2048,no,aureum/inat-391018967-716433393-haileyshabo.jpg,
Epipremnum aureum,391005159,https://www.inaturalist.org/observations/391005159,716405963,https://inaturalist-open-data.s3.amazonaws.com/photos/716405963/original.jpg,cc-by-nc,"(c) Isaac Lopez, some rights reserved (CC BY-NC)",isaac25368,Isaac Lopez,2026-08-13,"Talamanca, Limon, CR",needs_id,False,9.6844795626,-82.807040034,1536,2048,no,aureum/inat-391005159-716405963-isaac25368.jpg,
Epipremnum aureum,391005000,https://www.inaturalist.org/observations/391005000,716405782,https://static.inaturalist.org/photos/716405782/original.jpg,all-rights-reserved,"(c) Toby Quillin, all rights reserved",toby_quillin,Toby Quillin,2026-08-13,"Parque Nacional Cahuita, CR-LI-TA, CR-LI, CR",needs_id,False,9.7349619,-82.834732,1536,2048,no,aureum/inat-391005000-716405782-toby_quillin.jpg,
Epipremnum aureum,391005000,https://www.inaturalist.org/observations/391005000,716405875,https://static.inaturalist.org/photos/716405875/original.jpg,all-rights-reserved,"(c) Toby Quillin, all rights reserved",toby_quillin,Toby Quillin,2026-08-13,"Parque Nacional Cahuita, CR-LI-TA, CR-LI, CR",needs_id,False,9.7349619,-82.834732,1536,2048,no,aureum/inat-391005000-716405875-toby_quillin.jpg,
Epipremnum aureum,391003652,https://www.inaturalist.org/observations/391003652,716403384,https://inaturalist-open-data.s3.amazonaws.com/photos/716403384/original.jpg,cc-by-nc,"(c) mickythegreat, some rights reserved (CC BY-NC)",mickythegreat,,2026-08-13,"Talamanca, CR-LI, CR",needs_id,False,9.7362883333,-82.838745,1536,2048,no,aureum/inat-391003652-716403384-mickythegreat.jpg,
Epipremnum aureum,391003157,https://www.inaturalist.org/observations/391003157,716402594,https://inaturalist-open-data.s3.amazonaws.com/photos/716402594/original.jpg,cc-by-nc,"(c) mickythegreat, some rights reserved (CC BY-NC)",mickythegreat,,2026-08-13,"Talamanca, CR-LI, CR",research,False,9.7359166667,-82.83718,1536,2048,no,aureum/inat-391003157-716402594-mickythegreat.jpg,
Epipremnum aureum,391001442,https://www.inaturalist.org/observations/391001442,716398751,https://inaturalist-open-data.s3.amazonaws.com/photos/716398751/original.jpg,cc-by-nc,"(c) Leah Choi, some rights reserved (CC BY-NC)",leah61320,Leah Choi,2026-08-13,"Calle Puerto Vargas, Talamanca, Limon, CR",research,False,9.735875,-82.8381716667,1536,2048,no,aureum/inat-391001442-716398751-leah61320.jpg,
Epipremnum aureum,390998155,https://www.inaturalist.org/observations/390998155,716391638,https://inaturalist-open-data.s3.amazonaws.com/photos/716391638/original.jpg,cc-by-nc,"(c) anniexie, some rights reserved (CC BY-NC)",anniexie,,2026-08-13,"Calle Puerto Vargas, Talamanca, Limon, CR",research,False,9.735855,-82.8380283333,1536,2048,no,aureum/inat-390998155-716391638-anniexie.jpg,
Epipremnum aureum,390994525,https://www.inaturalist.org/observations/390994525,716384706,https://inaturalist-open-data.s3.amazonaws.com/photos/716384706/original.jpg,cc-by-nc,"(c) chlo555, some rights reserved (CC BY-NC)",chlo555,,2026-08-13,"Calle Acacia, Vieques, PR, US",research,False,18.0995236519,-65.4733167552,1152,2048,no,aureum/inat-390994525-716384706-chlo555.jpg,
Epipremnum aureum,390994218,https://www.inaturalist.org/observations/390994218,716383986,https://inaturalist-open-data.s3.amazonaws.com/photos/716383986/original.jpg,cc-by-nc,"(c) Havin Yang, some rights reserved (CC BY-NC)",havin4,Havin Yang,2026-08-13,"Calle Puerto Vargas, Talamanca, Limon, CR",research,False,9.7358783333,-82.8383633333,1536,2048,no,aureum/inat-390994218-716383986-havin4.jpg,
Epipremnum aureum,390982942,https://www.inaturalist.org/observations/390982942,716343258,https://static.inaturalist.org/photos/716343258/original.jpg,all-rights-reserved,"(c) Vincent W., all rights reserved",vinwin,Vincent W.,2026-08-10,"San Pedro Sula, Departamento Cortés, Honduras",research,False,15.5074657052,-88.0558685004,2048,1365,no,aureum/inat-390982942-716343258-vinwin.jpg,
Epipremnum aureum,390971439,https://www.inaturalist.org/observations/390971439,716338165,https://inaturalist-open-data.s3.amazonaws.com/photos/716338165/original.jpg,cc-by-nc,"(c) Leah Choi, some rights reserved (CC BY-NC)",leah61320,Leah Choi,2026-08-13,"Calle Puerto Vargas, Talamanca, Limon, CR",research,False,9.7358716667,-82.8381633333,1536,2048,no,aureum/inat-390971439-716338165-leah61320.jpg,
Epipremnum aureum,390905952,https://www.inaturalist.org/observations/390905952,716207698,https://inaturalist-open-data.s3.amazonaws.com/photos/716207698/original.jpg,cc-by-nc,"(c) bkoilpillai, some rights reserved (CC BY-NC)",bkoilpillai,,2026-08-13,"Calle Puerto Vargas, Talamanca, Limon, CR",research,False,9.7346716667,-82.8351133333,1536,2048,no,aureum/inat-390905952-716207698-bkoilpillai.jpg,
Epipremnum aureum,390904372,https://www.inaturalist.org/observations/390904372,716204409,https://inaturalist-open-data.s3.amazonaws.com/photos/716204409/original.jpg,cc-by-nc,"(c) bkoilpillai, some rights reserved (CC BY-NC)",bkoilpillai,,2026-08-13,"Calle Puerto Vargas, Talamanca, Limon, CR",needs_id,False,9.7358633333,-82.8381666667,1536,2048,no,aureum/inat-390904372-716204409-bkoilpillai.jpg,
Epipremnum aureum,390856799,https://www.inaturalist.org/observations/390856799,716128221,https://inaturalist-open-data.s3.amazonaws.com/photos/716128221/original.jpg,cc-by-nc,"(c) Luis Jonniel, some rights reserved (CC BY-NC)",luis12622,Luis Jonniel,2026-08-12,"calle Zurna esquina calle Vinyater, San Juan, 00924, Puerto Rico",research,False,18.4072233,-66.0122917,1536,2048,no,aureum/inat-390856799-716128221-luis12622.jpg,
Epipremnum aureum,390740564,https://www.inaturalist.org/observations/390740564,715892430,https://static.inaturalist.org/photos/715892430/original.jpg,all-rights-reserved,"(c) cydork, all rights reserved",cydork,,2026-07-28,"Bangsar, Kuala Lumpur, Federal Territory of Kuala Lumpur, Malaysia",research,False,3.1429888289,101.6630360591,2048,1536,no,aureum/inat-390740564-715892430-cydork.jpg,
Epipremnum aureum,390732492,https://www.inaturalist.org/observations/390732492,715875830,https://inaturalist-open-data.s3.amazonaws.com/photos/715875830/original.jpg,cc-by-nc,"(c) jt83662, some rights reserved (CC BY-NC)",jt83662,,2026-08-12,"QQ2F+QCH Aneityum Airport (AUY), Aneityum Airport Inyeug (Mystery Island, Aneghowhat, Vanuatu",research,False,-20.2480168997,169.7739894,956,2048,no,aureum/inat-390732492-715875830-jt83662.jpg,
Epipremnum aureum,390686127,https://www.inaturalist.org/observations/390686127,715783571,https://static.inaturalist.org/photos/715783571/original.jpg,all-rights-reserved,"(c) 周明煌, all rights reserved",tony2148,周明煌,2026-08-11,600台灣嘉義市東區鹿寮里嘉義大學植物園,research,False,23.4743728,120.4902302997,1536,2048,no,aureum/inat-390686127-715783571-tony2148.jpg,
Epipremnum aureum,390640759,https://www.inaturalist.org/observations/390640759,715695507,https://inaturalist-open-data.s3.amazonaws.com/photos/715695507/original.jpg,cc-by-nc,"(c) pkracke, some rights reserved (CC BY-NC)",pkracke,,2026-08-12,Koloa,research,False,21.9495868683,-159.4659729004,1152,2048,no,aureum/inat-390640759-715695507-pkracke.jpg,
Epipremnum aureum,390627621,https://www.inaturalist.org/observations/390627621,715669778,https://inaturalist-open-data.s3.amazonaws.com/photos/715669778/original.jpg,cc-by-nc,"(c) Austin, some rights reserved (CC BY-NC)",plumeriapirate,Austin,2026-06-29,"Grandview Blvd, Kissimmee, FL, US",research,False,28.2555963378,-81.3879497023,1152,2048,no,aureum/inat-390627621-715669778-plumeriapirate.jpg,
Epipremnum aureum,390589910,https://www.inaturalist.org/observations/390589910,715597223,https://inaturalist-open-data.s3.amazonaws.com/photos/715597223/original.jpg,cc-by-nc,"(c) Xadiel Lopez, some rights reserved (CC BY-NC)",xadiel,Xadiel Lopez,2026-08-12,"San Juan, PR, US",research,False,18.4075246416,-66.0121491002,1152,2048,no,aureum/inat-390589910-715597223-xadiel.jpg,
Epipremnum aureum,390588582,https://www.inaturalist.org/observations/390588582,715595025,https://inaturalist-open-data.s3.amazonaws.com/photos/715595025/original.jpg,cc-by-nc,"(c) joeiryrivera, some rights reserved (CC BY-NC)",joeiryrivera,,2026-08-12,"calle Zurna esquina calle Vinyater, San Juan, 00924, Puerto Rico",research,False,18.4074548073,-66.0127504729,2048,2048,no,aureum/inat-390588582-715595025-joeiryrivera.jpg,
Epipremnum aureum,390588474,https://www.inaturalist.org/observations/390588474,715595038,https://inaturalist-open-data.s3.amazonaws.com/photos/715595038/original.jpg,cc-by-nc,"(c) Ant Ricardo, some rights reserved (CC BY-NC)",victoriaricardo,Ant Ricardo,2026-08-12,"calle Zurna esquina calle Vinyater, San Juan, 00924, Puerto Rico",research,False,18.4073017,-66.0119594,2048,2048,no,aureum/inat-390588474-715595038-victoriaricardo.jpg,
Epipremnum aureum,390588336,https://www.inaturalist.org/observations/390588336,715594477,https://inaturalist-open-data.s3.amazonaws.com/photos/715594477/original.jpg,cc-by-nc,"(c) mrgscience, some rights reserved (CC BY-NC)",mrgscience,,2026-08-12,"San Juan, PR, US",research,False,18.4077264112,-66.0126663386,1152,2048,no,aureum/inat-390588336-715594477-mrgscience.jpg,
Epipremnum aureum,390585319,https://www.inaturalist.org/observations/390585319,715585408,https://inaturalist-open-data.s3.amazonaws.com/photos/715585408/original.jpg,cc-by-nc-sa,"(c) 大俠, some rights reserved (CC BY-NC-SA)",kuman,大俠,2026-08-12,台灣臺北,research,False,24.9362628663,121.5415704048,2048,1536,no,aureum/inat-390585319-715585408-kuman.jpg,
Epipremnum aureum,390580857,https://www.inaturalist.org/observations/390580857,715579634,https://inaturalist-open-data.s3.amazonaws.com/photos/715579634/original.jpg,cc-by-nc,"(c) carson schwab, some rights reserved (CC BY-NC)",carson35849,carson schwab,2026-08-11,"4083 Sunbeam Rd., Jacksonville, FL 32257, USA",research,False,30.2068553997,-81.6122299,1536,2048,no,aureum/inat-390580857-715579634-carson35849.jpg,
Epipremnum aureum,390580857,https://www.inaturalist.org/observations/390580857,715579717,https://inaturalist-open-data.s3.amazonaws.com/photos/715579717/original.jpg,cc-by-nc,"(c) carson schwab, some rights reserved (CC BY-NC)",carson35849,carson schwab,2026-08-11,"4083 Sunbeam Rd., Jacksonville, FL 32257, USA",research,False,30.2068553997,-81.6122299,1536,2048,no,aureum/inat-390580857-715579717-carson35849.jpg,
Epipremnum aureum,390518748,https://www.inaturalist.org/observations/390518748,715463518,https://inaturalist-open-data.s3.amazonaws.com/photos/715463518/original.jpg,cc-by-nc,"(c) 歐陽秀華, some rights reserved (CC BY-NC)",sh1025,歐陽秀華,2026-08-12,966台灣臺東縣達仁鄉南田村,research,False,22.2715083333,120.8910055556,921,2048,no,aureum/inat-390518748-715463518-sh1025.jpg,
Epipremnum aureum,390518722,https://www.inaturalist.org/observations/390518722,715463455,https://static.inaturalist.org/photos/715463455/original.jpg,all-rights-reserved,"(c) 古國順, all rights reserved",ku6777,古國順,2026-08-12,966台灣臺東縣達仁鄉南田村,research,False,22.271701645,120.8909549564,1536,2048,no,aureum/inat-390518722-715463455-ku6777.jpg,
Epipremnum aureum,390514609,https://www.inaturalist.org/observations/390514609,715454942,https://inaturalist-open-data.s3.amazonaws.com/photos/715454942/original.jpg,cc-by-nc,"(c) 曾碧樺, some rights reserved (CC BY-NC)",esb25830,曾碧樺,2026-08-12,220台灣新北市板橋區致理科技大學(文化路),research,False,25.0206394635,121.4673945308,1536,2048,no,aureum/inat-390514609-715454942-esb25830.jpg,
Epipremnum aureum,390512485,https://www.inaturalist.org/observations/390512485,715451450,https://inaturalist-open-data.s3.amazonaws.com/photos/715451450/original.jpg,cc0,no rights reserved,gabrielfialho,Gabriel Cardoso Fialho,2026-08-12,"Localização: -12,930870, -38,434730",research,False,-12.930870049,-38.4347298369,899,1599,no,aureum/inat-390512485-715451450-gabrielfialho.jpg,
Epipremnum aureum,390438579,https://www.inaturalist.org/observations/390438579,715305244,https://inaturalist-open-data.s3.amazonaws.com/photos/715305244/original.jpg,cc0,no rights reserved,gabrielfialho,Gabriel Cardoso Fialho,2026-08-11,"Rua São Marcos, 2134-2136 - São Marcos, Salvador - BA, Brasil - São Marcos, Salvador - BA, 41253-247, Brasil",research,False,-12.9304871,-38.4345325997,1536,2048,no,aureum/inat-390438579-715305244-gabrielfialho.jpg,
Epipremnum aureum,390430281,https://www.inaturalist.org/observations/390430281,715289593,https://inaturalist-open-data.s3.amazonaws.com/photos/715289593/original.jpg,cc-by-nc,"(c) joshdcasey, some rights reserved (CC BY-NC)",joshdcasey,,2025-10-07,"Baldwin Ave, Makawao, HI, US",research,False,20.8549633333,-156.31108,1536,2048,no,aureum/inat-390430281-715289593-joshdcasey.jpg,
Epipremnum aureum,390426699,https://www.inaturalist.org/observations/390426699,715281513,https://inaturalist-open-data.s3.amazonaws.com/photos/715281513/original.jpg,cc-by-nc,"(c) davyswilliam, some rights reserved (CC BY-NC)",davyswilliam,,2026-08-11,"Rua Major Gote, Patos de Minas, MG, BR",research,False,-18.5754657701,-46.5143261133,1152,2048,no,aureum/inat-390426699-715281513-davyswilliam.jpg,
Epipremnum aureum,390426699,https://www.inaturalist.org/observations/390426699,715370888,https://inaturalist-open-data.s3.amazonaws.com/photos/715370888/original.jpg,cc-by-nc,"(c) davyswilliam, some rights reserved (CC BY-NC)",davyswilliam,,2026-08-11,"Rua Major Gote, Patos de Minas, MG, BR",research,False,-18.5754657701,-46.5143261133,1152,2048,no,aureum/inat-390426699-715370888-davyswilliam.jpg,
Epipremnum aureum,390426699,https://www.inaturalist.org/observations/390426699,715370861,https://inaturalist-open-data.s3.amazonaws.com/photos/715370861/original.jpg,cc-by-nc,"(c) davyswilliam, some rights reserved (CC BY-NC)",davyswilliam,,2026-08-11,"Rua Major Gote, Patos de Minas, MG, BR",research,False,-18.5754657701,-46.5143261133,1152,2048,no,aureum/inat-390426699-715370861-davyswilliam.jpg,
Epipremnum aureum,390426699,https://www.inaturalist.org/observations/390426699,715370864,https://inaturalist-open-data.s3.amazonaws.com/photos/715370864/original.jpg,cc-by-nc,"(c) davyswilliam, some rights reserved (CC BY-NC)",davyswilliam,,2026-08-11,"Rua Major Gote, Patos de Minas, MG, BR",research,False,-18.5754657701,-46.5143261133,1152,2048,no,aureum/inat-390426699-715370864-davyswilliam.jpg,
Epipremnum aureum,390268308,https://www.inaturalist.org/observations/390268308,714967508,https://static.inaturalist.org/photos/714967508/original.jpg,all-rights-reserved,"(c) Jimmy Tan, all rights reserved",jimmy513,Jimmy Tan,2026-08-11,"Singapore, SG, SG",research,False,1.2799666667,103.80365,2048,1536,no,aureum/inat-390268308-714967508-jimmy513.jpg,
Epipremnum aureum,390160795,https://www.inaturalist.org/observations/390160795,714760667,https://inaturalist-open-data.s3.amazonaws.com/photos/714760667/original.jpg,cc-by-nc,"(c) J. Adams, some rights reserved (CC BY-NC)",thelittleman,J. Adams,2026-08-08,"Anak Bukit Flyover, Singapore, SG, SG",research,False,1.3417412238,103.7796498623,1536,2048,no,aureum/inat-390160795-714760667-thelittleman.jpg,
Epipremnum aureum,390076872,https://www.inaturalist.org/observations/390076872,714592829,https://inaturalist-open-data.s3.amazonaws.com/photos/714592829/original.jpg,cc-by-nc,"(c) Julian Gonzalez, some rights reserved (CC BY-NC)",juliang_ai,Julian Gonzalez,2026-08-05,"74W9+F7H acuático Lares Park, Lares, 00669, Puerto Rico",research,False,18.2961972185,-66.8817722797,1542,2048,no,aureum/inat-390076872-714592829-juliang_ai.jpg,
Epipremnum aureum,390049550,https://www.inaturalist.org/observations/390049550,714746695,https://inaturalist-open-data.s3.amazonaws.com/photos/714746695/original.jpg,cc-by-nc-sa,"(c) Evan Centanni, some rights reserved (CC BY-NC-SA)",barbetsmith,Evan Centanni,2026-08-10,"Kaohsiung, TW-KH, TW",research,False,22.6528949738,120.2598114014,1536,2048,no,aureum/inat-390049550-714746695-barbetsmith.jpg,
Epipremnum aureum,389920804,https://www.inaturalist.org/observations/389920804,714290103,https://inaturalist-open-data.s3.amazonaws.com/photos/714290103/original.jpg,cc-by-nc,"(c) 趙均晏, some rights reserved (CC BY-NC)",naturalist154520,趙均晏,2026-08-10,"National Yang Ming Chiao Tung University - Jiaoda Campus, East District, Hsinchu City, TW",research,False,24.7875300469,120.9976005928,1536,2048,no,aureum/inat-389920804-714290103-naturalist154520.jpg,
Epipremnum aureum,389908103,https://www.inaturalist.org/observations/389908103,714266554,https://inaturalist-open-data.s3.amazonaws.com/photos/714266554/original.jpg,cc-by-nc,"(c) Trevor Lupton, some rights reserved (CC BY-NC)",trevorlupton,Trevor Lupton,2026-08-09,"Avatele, Niue",research,False,-19.1247291508,-169.9101747572,1536,2048,no,aureum/inat-389908103-714266554-trevorlupton.jpg,
Epipremnum aureum,389764835,https://www.inaturalist.org/observations/389764835,713977134,https://inaturalist-open-data.s3.amazonaws.com/photos/713977134/original.jpg,cc-by-nc,"(c) sebento, some rights reserved (CC BY-NC)",sebento,,2026-08-09,"Estey Ave, Naples, FL, US",research,False,26.141875,-81.760605,2048,1536,no,aureum/inat-389764835-713977134-sebento.jpg,
Epipremnum aureum,389708200,https://www.inaturalist.org/observations/389708200,713853681,https://inaturalist-open-data.s3.amazonaws.com/photos/713853681/original.jpg,cc-by,"(c) Marcin Zuwała, some rights reserved (CC BY)",zuwalamarcin921,Marcin Zuwała,2026-07-19,"Tajpej, Tajwan",research,False,25.1376388889,121.5113416667,1538,2048,no,aureum/inat-389708200-713853681-zuwalamarcin921.jpg,
Epipremnum aureum,389603421,https://www.inaturalist.org/observations/389603421,713668968,https://static.inaturalist.org/photos/713668968/original.jpg,all-rights-reserved,"(c) Anneka Goss, all rights reserved",annekagoss,Anneka Goss,2026-08-09,"Upward St, Parramatta Park, QLD, AU",research,False,-16.9187116667,145.765,1536,2048,no,aureum/inat-389603421-713668968-annekagoss.jpg,
Epipremnum aureum,389590042,https://www.inaturalist.org/observations/389590042,713642828,https://inaturalist-open-data.s3.amazonaws.com/photos/713642828/original.jpg,cc-by-nc,"(c) Tomioka Masafumi, some rights reserved (CC BY-NC)",rockfish17,Tomioka Masafumi,2026-08-09,"Chichijima Miyanohama, Ogasawara, Tokyo, JP",research,False,27.1025361667,142.195145,1536,2048,no,aureum/inat-389590042-713642828-rockfish17.jpg,
Epipremnum aureum,389525922,https://www.inaturalist.org/observations/389525922,713514588,https://inaturalist-open-data.s3.amazonaws.com/photos/713514588/original.jpg,cc-by-nc,"(c) dme911, some rights reserved (CC BY-NC)",dme911,,2026-08-09,"School Rd, Yandina, QLD, AU",needs_id,False,-26.5540215691,152.9584063202,1536,2048,no,aureum/inat-389525922-713514588-dme911.jpg,
Epipremnum aureum,389496600,https://www.inaturalist.org/observations/389496600,713458666,https://inaturalist-open-data.s3.amazonaws.com/photos/713458666/original.jpg,cc-by-nc,"(c) Haley, some rights reserved (CC BY-NC)",haleynoelx,Haley,2025-03-27,"Nature Trail, Lakeland, FL, US",research,False,28.1424583333,-81.9258883333,1536,2048,no,aureum/inat-389496600-713458666-haleynoelx.jpg,
Epipremnum aureum,389494834,https://www.inaturalist.org/observations/389494834,713529061,https://inaturalist-open-data.s3.amazonaws.com/photos/713529061/original.jpg,cc-by-nc,"(c) 吳美珠, some rights reserved (CC BY-NC)",wu168,吳美珠,2026-08-09,635台灣雲林縣東勢鄉月眉村,research,False,23.6905416667,120.2858316667,1536,2048,no,aureum/inat-389494834-713529061-wu168.jpg,
Epipremnum aureum,389488752,https://www.inaturalist.org/observations/389488752,713455728,https://static.inaturalist.org/photos/713455728/original.jpg,all-rights-reserved,"(c) 周明煌, all rights reserved",tony2148,周明煌,2026-08-08,600台灣嘉義市東區盧厝里,research,False,23.475404,120.4959273997,1536,2048,no,aureum/inat-389488752-713455728-tony2148.jpg,
Epipremnum aureum,389376517,https://www.inaturalist.org/observations/389376517,713224309,https://inaturalist-open-data.s3.amazonaws.com/photos/713224309/original.jpg,cc-by-nc,"(c) daisyh222, some rights reserved (CC BY-NC)",daisyh222,,2026-08-08,"Chelsea Road, Bridgetown, St. Michael, BB",research,False,13.0844028333,-59.606495,1536,2048,no,aureum/inat-389376517-713224309-daisyh222.jpg,
Epipremnum aureum,389258320,https://www.inaturalist.org/observations/389258320,712999279,https://inaturalist-open-data.s3.amazonaws.com/photos/712999279/original.jpg,cc-by-nc,"(c) Lauren Schur, some rights reserved (CC BY-NC)",loschur,Lauren Schur,2026-08-06,"Maui, Lahaina, HI, US",research,False,21.0139222167,-156.6354533333,1536,2048,no,aureum/inat-389258320-712999279-loschur.jpg,
Epipremnum aureum,389207928,https://www.inaturalist.org/observations/389207928,712899928,https://inaturalist-open-data.s3.amazonaws.com/photos/712899928/original.jpg,cc-by-nc,"(c) Alex Thornton, some rights reserved (CC BY-NC)",alexthornton76,Alex Thornton,2026-08-08,"Undine St, Port Douglas, QLD, AU",research,False,-16.52535,145.4635616667,1536,2048,no,aureum/inat-389207928-712899928-alexthornton76.jpg,
Epipremnum aureum,389189233,https://www.inaturalist.org/observations/389189233,712862473,https://static.inaturalist.org/photos/712862473/original.jpg,all-rights-reserved,"(c) Alex Armstrong, all rights reserved",davidarmstrong1,Alex Armstrong,2026-08-02,"HI, US",research,False,21.4342670537,-157.7887012902,1152,2048,no,aureum/inat-389189233-712862473-davidarmstrong1.jpg,
Epipremnum aureum,389180205,https://www.inaturalist.org/observations/389180205,712844322,https://inaturalist-open-data.s3.amazonaws.com/photos/712844322/original.jpg,cc0,no rights reserved,gabrielfialho,Gabriel Cardoso Fialho,2026-08-07,"Rua São Marcos, 2134-2136 - São Marcos, Salvador - BA, Brasil - São Marcos, Salvador - BA, 41253-247, Brasil",research,False,-12.9289477997,-38.4347753997,1536,2048,no,aureum/inat-389180205-712844322-gabrielfialho.jpg,
Epipremnum aureum,389039138,https://www.inaturalist.org/observations/389039138,712569152,https://static.inaturalist.org/photos/712569152/original.jpg,all-rights-reserved,"(c) nayyarn, all rights reserved",nayyarn,,2026-08-07,"Rua Maria Moreira do Espírito Santo, São Sebastião, SP, BR",research,False,-23.7988682497,-45.54367915,1152,2048,no,aureum/inat-389039138-712569152-nayyarn.jpg,
Epipremnum aureum,388848839,https://www.inaturalist.org/observations/388848839,712219726,https://static.inaturalist.org/photos/712219726/original.jpg,all-rights-reserved,"(c) Mateo Juan, all rights reserved",mateojuan,Mateo Juan,2026-08-06,"Masaya, NI-MS, NI",research,False,11.9510068893,-86.091003418,1536,2048,no,aureum/inat-388848839-712219726-mateojuan.jpg,
Epipremnum aureum,388788114,https://www.inaturalist.org/observations/388788114,712084033,https://inaturalist-open-data.s3.amazonaws.com/photos/712084033/original.jpg,cc-by-nc,"(c) carolina19r, some rights reserved (CC BY-NC)",carolina19r,,2026-08-01,"El Valle de Antón, Provincia de Coclé, Panamá",needs_id,False,8.6117702254,-80.1245221551,960,1280,no,aureum/inat-388788114-712084033-carolina19r.jpg,
Epipremnum aureum,388776983,https://www.inaturalist.org/observations/388776983,712079632,https://inaturalist-open-data.s3.amazonaws.com/photos/712079632/original.jpg,cc-by-nc,"(c) ┈✷◎்۫۫ Lara ✵ ┈❃۬◦۪۪̥, some rights reserved (CC BY-NC)",shyguyfrommario,┈✷◎்۫۫ Lara ✵ ┈❃۬◦۪۪̥,2026-08-06,"Salvador, BA, BR",research,False,-12.930765176,-38.4349408331,1536,2048,no,aureum/inat-388776983-712079632-shyguyfrommario.jpg,
Epipremnum aureum,388776051,https://www.inaturalist.org/observations/388776051,712078129,https://inaturalist-open-data.s3.amazonaws.com/photos/712078129/original.jpg,cc-by-nc,"(c) ┈✷◎்۫۫ Lara ✵ ┈❃۬◦۪۪̥, some rights reserved (CC BY-NC)",shyguyfrommario,┈✷◎்۫۫ Lara ✵ ┈❃۬◦۪۪̥,2026-08-06,"Salvador, BA, BR",research,False,-12.9270769694,-38.4354222783,1536,2048,no,aureum/inat-388776051-712078129-shyguyfrommario.jpg,
Epipremnum aureum,388548074,https://www.inaturalist.org/observations/388548074,711633185,https://inaturalist-open-data.s3.amazonaws.com/photos/711633185/original.jpg,cc-by-nc,"(c) kellywierengaphd, some rights reserved (CC BY-NC)",kellywierengaphd,,2026-08-05,"Halemanu Pl, ʻĀhuimanu, HI, US",research,False,21.4309796185,-157.8316931933,1536,2048,no,aureum/inat-388548074-711633185-kellywierengaphd.jpg,
Epipremnum aureum,388548074,https://www.inaturalist.org/observations/388548074,711633155,https://inaturalist-open-data.s3.amazonaws.com/photos/711633155/original.jpg,cc-by-nc,"(c) kellywierengaphd, some rights reserved (CC BY-NC)",kellywierengaphd,,2026-08-05,"Halemanu Pl, ʻĀhuimanu, HI, US",research,False,21.4309796185,-157.8316931933,1536,2048,no,aureum/inat-388548074-711633155-kellywierengaphd.jpg,
Epipremnum aureum,388532842,https://www.inaturalist.org/observations/388532842,711603004,https://inaturalist-open-data.s3.amazonaws.com/photos/711603004/original.jpg,cc-by-nc,"(c) Nicholas Gonzalez, some rights reserved (CC BY-NC)",nicholas_gonzalez2,Nicholas Gonzalez,2026-08-05,"Boca Raton, FL, US",research,False,26.3714285754,-80.1026608051,1152,2048,no,aureum/inat-388532842-711603004-nicholas_gonzalez2.jpg,
Epipremnum aureum,388478569,https://www.inaturalist.org/observations/388478569,711497835,https://inaturalist-open-data.s3.amazonaws.com/photos/711497835/original.jpg,cc-by-nc,"(c) Rigpa Agustina sosa, some rights reserved (CC BY-NC)",rigpa1,Rigpa Agustina sosa,2026-08-05,"FXJ5+3V - Aritaguá, Ilhéus - BA, Brasil",research,False,-14.51999762,-39.03988602,1536,2048,no,aureum/inat-388478569-711497835-rigpa1.jpg,
Epipremnum aureum,388471895,https://www.inaturalist.org/observations/388471895,711484635,https://inaturalist-open-data.s3.amazonaws.com/photos/711484635/original.jpg,cc-by,"(c) renjus box, some rights reserved (CC BY)",renju,renjus box,2026-07-31,"Q897+2WG, Thuravoor, Thuravoor Thekku, Kerala 688532, India",research,False,9.7685112,76.3151969997,2048,1743,no,aureum/inat-388471895-711484635-renju.jpg,
Epipremnum aureum,388452361,https://www.inaturalist.org/observations/388452361,711447720,https://inaturalist-open-data.s3.amazonaws.com/photos/711447720/original.jpg,cc-by-nc,"(c) Roger Rodriguez, some rights reserved (CC BY-NC)",roger34203,Roger Rodriguez,2026-08-05,"Pompano Beach, FL 33063, USA",research,False,26.25072835,-80.18955858,1536,2048,no,aureum/inat-388452361-711447720-roger34203.jpg,
Epipremnum aureum,388393943,https://www.inaturalist.org/observations/388393943,711334419,https://inaturalist-open-data.s3.amazonaws.com/photos/711334419/original.jpg,cc-by-nc,"(c) mcallstr, some rights reserved (CC BY-NC)",mcallstr,,2026-08-03,"Ka Haku Rd, Princeville, HI, US",research,False,22.2230777797,-159.4938059842,1536,2048,no,aureum/inat-388393943-711334419-mcallstr.jpg,
Epipremnum aureum,388303268,https://www.inaturalist.org/observations/388303268,711152501,https://inaturalist-open-data.s3.amazonaws.com/photos/711152501/original.jpg,cc-by-nc,"(c) Jessica Launay, some rights reserved (CC BY-NC)",citronnelle_50,Jessica Launay,2026-08-04,"Maya Kongo, Cayenne 97300, Guyane française",research,False,4.9435583333,-52.3252583333,1542,2048,no,aureum/inat-388303268-711152501-citronnelle_50.jpg,
Epipremnum aureum,388303268,https://www.inaturalist.org/observations/388303268,711152576,https://inaturalist-open-data.s3.amazonaws.com/photos/711152576/original.jpg,cc-by-nc,"(c) Jessica Launay, some rights reserved (CC BY-NC)",citronnelle_50,Jessica Launay,2026-08-04,"Maya Kongo, Cayenne 97300, Guyane française",research,False,4.9435583333,-52.3252583333,1542,2048,no,aureum/inat-388303268-711152576-citronnelle_50.jpg,
Epipremnum aureum,388275162,https://www.inaturalist.org/observations/388275162,711098148,https://inaturalist-open-data.s3.amazonaws.com/photos/711098148/original.jpg,cc-by-nc,"(c) treethan4, some rights reserved (CC BY-NC)",treethan4,,2026-07-30,,research,True,,,1536,2048,no,aureum/inat-388275162-711098148-treethan4.jpg,
Epipremnum aureum,388213110,https://www.inaturalist.org/observations/388213110,710978847,https://inaturalist-open-data.s3.amazonaws.com/photos/710978847/original.jpg,cc-by-nc,"(c) mettabeshay, some rights reserved (CC BY-NC)",mettabeshay,,2026-08-04,"Praca da Sé, Salvador, BA, BR",research,False,-12.9736525104,-38.5117039018,1152,2048,no,aureum/inat-388213110-710978847-mettabeshay.jpg,
Epipremnum aureum,388116726,https://www.inaturalist.org/observations/388116726,710785283,https://inaturalist-open-data.s3.amazonaws.com/photos/710785283/original.jpg,cc-by-nc,"(c) denizs, some rights reserved (CC BY-NC)",master_seafood8,denizs,2026-08-03,"Maui County, HI, USA",research,False,20.8711190065,-156.170028323,2048,1536,no,aureum/inat-388116726-710785283-master_seafood8.jpg,
Epipremnum aureum,388116726,https://www.inaturalist.org/observations/388116726,710785275,https://inaturalist-open-data.s3.amazonaws.com/photos/710785275/original.jpg,cc-by-nc,"(c) denizs, some rights reserved (CC BY-NC)",master_seafood8,denizs,2026-08-03,"Maui County, HI, USA",research,False,20.8711190065,-156.170028323,1536,2048,no,aureum/inat-388116726-710785275-master_seafood8.jpg,
Epipremnum aureum,388116726,https://www.inaturalist.org/observations/388116726,710785256,https://inaturalist-open-data.s3.amazonaws.com/photos/710785256/original.jpg,cc-by-nc,"(c) denizs, some rights reserved (CC BY-NC)",master_seafood8,denizs,2026-08-03,"Maui County, HI, USA",research,False,20.8711190065,-156.170028323,2048,1536,no,aureum/inat-388116726-710785256-master_seafood8.jpg,
Epipremnum aureum,388050419,https://www.inaturalist.org/observations/388050419,710657539,https://inaturalist-open-data.s3.amazonaws.com/photos/710657539/original.jpg,cc-by-nc,"(c) kellygilbert, some rights reserved (CC BY-NC)",kellygilbert,,2026-06-22,"Mae Taeng, TH-CM, TH",research,False,19.0684361667,99.0793916667,1536,2048,no,aureum/inat-388050419-710657539-kellygilbert.jpg,
Epipremnum aureum,388048746,https://www.inaturalist.org/observations/388048746,710654552,https://static.inaturalist.org/photos/710654552/original.jpg,all-rights-reserved,"(c) 周明煌, all rights reserved",tony2148,周明煌,2026-08-03,300台灣新竹市東區光明里,research,False,24.7923135997,120.9845964,1536,2048,no,aureum/inat-388048746-710654552-tony2148.jpg,
Epipremnum aureum,387983794,https://www.inaturalist.org/observations/387983794,710525591,https://inaturalist-open-data.s3.amazonaws.com/photos/710525591/original.jpg,cc-by-nc,"(c) Ethan, some rights reserved (CC BY-NC)",ethanabra,Ethan,2026-08-04,"Beerwah QLD 4519, Australia",research,False,-26.875457,152.959988,1153,2048,no,aureum/inat-387983794-710525591-ethanabra.jpg,
Epipremnum aureum,387983794,https://www.inaturalist.org/observations/387983794,710525665,https://inaturalist-open-data.s3.amazonaws.com/photos/710525665/original.jpg,cc-by-nc,"(c) Ethan, some rights reserved (CC BY-NC)",ethanabra,Ethan,2026-08-04,"Beerwah QLD 4519, Australia",research,False,-26.875457,152.959988,1199,2048,no,aureum/inat-387983794-710525665-ethanabra.jpg,
Epipremnum carolinense,371086948,https://www.inaturalist.org/observations/371086948,677985852,https://inaturalist-open-data.s3.amazonaws.com/photos/677985852/original.jpg,cc-by-nc,"(c) jarthurjohnson, some rights reserved (CC BY-NC)",jarthurjohnson,,2026-06-10,"Palau, PW",needs_id,False,7.4599534823,134.5685546032,1536,2048,no,carolinense/inat-371086948-677985852-jarthurjohnson.jpg,
Epipremnum ceramense,387799798,https://www.inaturalist.org/observations/387799798,710165363,https://static.inaturalist.org/photos/710165363/original.jpg,all-rights-reserved,"(c) Nadhifa Trihapsoro, all rights reserved",trihapsoro,Nadhifa Trihapsoro,2026-07-30,"CP88+GX3, Koli, Kec. Oba, Kota Tidore Kepulauan, Maluku Utara, Indonesia",research,False,0.4166070914,127.716881521,1155,2048,no,ceramense/inat-387799798-710165363-trihapsoro.jpg,
Epipremnum ceramense,387799798,https://www.inaturalist.org/observations/387799798,710165406,https://static.inaturalist.org/photos/710165406/original.jpg,all-rights-reserved,"(c) Nadhifa Trihapsoro, all rights reserved",trihapsoro,Nadhifa Trihapsoro,2026-07-30,"CP88+GX3, Koli, Kec. Oba, Kota Tidore Kepulauan, Maluku Utara, Indonesia",research,False,0.4166070914,127.716881521,1155,2048,no,ceramense/inat-387799798-710165406-trihapsoro.jpg,
Epipremnum ceramense,262904794,https://www.inaturalist.org/observations/262904794,472205515,https://static.inaturalist.org/photos/472205515/original.jpeg,all-rights-reserved,"(c) Nadhifa Trihapsoro, all rights reserved",trihapsoro,Nadhifa Trihapsoro,2025-02-16,"CP88+GX3, Koli, Kec. Oba, Kota Tidore Kepulauan, Maluku Utara, Indonesia",research,False,0.4163666667,127.7167472222,1155,2048,no,ceramense/inat-262904794-472205515-trihapsoro.jpeg,
Epipremnum falcifolium,368220029,https://www.inaturalist.org/observations/368220029,672519216,https://inaturalist-open-data.s3.amazonaws.com/photos/672519216/original.jpg,cc-by-nc,"(c) Dina Fransiska, some rights reserved (CC BY-NC)",dinafransiska,Dina Fransiska,2026-06-04,"Jalan Otto Iskandardinata, Bogor, West Java, ID",research,False,-6.6012176152,106.8021909849,1536,2048,no,falcifolium/inat-368220029-672519216-dinafransiska.jpg,
Epipremnum falcifolium,368220029,https://www.inaturalist.org/observations/368220029,672519197,https://inaturalist-open-data.s3.amazonaws.com/photos/672519197/original.jpg,cc-by-nc,"(c) Dina Fransiska, some rights reserved (CC BY-NC)",dinafransiska,Dina Fransiska,2026-06-04,"Jalan Otto Iskandardinata, Bogor, West Java, ID",research,False,-6.6012176152,106.8021909849,1536,2048,no,falcifolium/inat-368220029-672519197-dinafransiska.jpg,
Epipremnum falcifolium,334657421,https://www.inaturalist.org/observations/334657421,607783127,https://static.inaturalist.org/photos/607783127/original.jpg,all-rights-reserved,"(c) Laurio Leonald, all rights reserved",laurio,Laurio Leonald,2026-01-07,"9QWX+X6G, RT.04/RW.02, Paledang, Kecamatan Bogor Tengah, Kota Bogor, Jawa Barat, Indonesia",research,False,-6.6017618056,106.7984618889,1536,2048,no,falcifolium/inat-334657421-607783127-laurio.jpg,
Epipremnum giganteum,402705340,https://www.inaturalist.org/observations/402705340,739311755,https://inaturalist-open-data.s3.amazonaws.com/photos/739311755/original.jpg,cc-by-nc,"(c) Radu L., some rights reserved (CC BY-NC)",raduluchian,Radu L.,2026-09-23,"Ko Pha-Ngan Subdistrict, Ko Pha-ngan District, Surat Thani, Thailand",research,False,9.79841,100.021962,2048,1536,no,giganteum/inat-402705340-739311755-raduluchian.jpg,
Epipremnum giganteum,402705340,https://www.inaturalist.org/observations/402705340,739311813,https://inaturalist-open-data.s3.amazonaws.com/photos/739311813/original.jpg,cc-by-nc,"(c) Radu L., some rights reserved (CC BY-NC)",raduluchian,Radu L.,2026-09-23,"Ko Pha-Ngan Subdistrict, Ko Pha-ngan District, Surat Thani, Thailand",research,False,9.79841,100.021962,2048,1536,no,giganteum/inat-402705340-739311813-raduluchian.jpg,
Epipremnum giganteum,402705340,https://www.inaturalist.org/observations/402705340,739311871,https://inaturalist-open-data.s3.amazonaws.com/photos/739311871/original.jpg,cc-by-nc,"(c) Radu L., some rights reserved (CC BY-NC)",raduluchian,Radu L.,2026-09-23,"Ko Pha-Ngan Subdistrict, Ko Pha-ngan District, Surat Thani, Thailand",research,False,9.79841,100.021962,1536,2048,no,giganteum/inat-402705340-739311871-raduluchian.jpg,
Epipremnum giganteum,397756898,https://www.inaturalist.org/observations/397756898,729552108,https://inaturalist-open-data.s3.amazonaws.com/photos/729552108/original.jpg,cc-by-nc,"(c) Maks Syratt, some rights reserved (CC BY-NC)",makss,Maks Syratt,2026-08-28,"Bukit Tinggi, 28750 Bentong, Pahang, Malaysia",research,False,3.4171746842,101.8436724852,1365,2048,no,giganteum/inat-397756898-729552108-makss.jpg,
Epipremnum giganteum,395865895,https://www.inaturalist.org/observations/395865895,725900142,https://static.inaturalist.org/photos/725900142/original.jpg,all-rights-reserved,"(c) Ben Hsieh, all rights reserved",ben338,Ben Hsieh,2026-08-03,"Bukit Bendera, Pulau Pinang, Malaysia",research,False,5.4181638889,100.26245,1536,2048,no,giganteum/inat-395865895-725900142-ben338.jpg,
Epipremnum giganteum,395865895,https://www.inaturalist.org/observations/395865895,725900187,https://static.inaturalist.org/photos/725900187/original.jpg,all-rights-reserved,"(c) Ben Hsieh, all rights reserved",ben338,Ben Hsieh,2026-08-03,"Bukit Bendera, Pulau Pinang, Malaysia",research,False,5.4181638889,100.26245,1542,2048,no,giganteum/inat-395865895-725900187-ben338.jpg,
Epipremnum giganteum,393601795,https://www.inaturalist.org/observations/393601795,721452346,https://inaturalist-open-data.s3.amazonaws.com/photos/721452346/original.jpg,cc-by,"(c) Donald Davesne, some rights reserved (CC BY)",donalddavesne,Donald Davesne,2023-08-23,"Bukit Panjang, Singapore",research,False,1.3541175997,103.7759276,1536,2048,no,giganteum/inat-393601795-721452346-donalddavesne.jpg,
Epipremnum giganteum,389953920,https://www.inaturalist.org/observations/389953920,714353546,https://static.inaturalist.org/photos/714353546/original.jpg,all-rights-reserved,"(c) 寒月米狼, all rights reserved",gerrymars,寒月米狼,2026-08-02,马来西亚吉打瓜埠邮政编码: 07000,research,False,6.3498442,99.8729405,2048,1365,no,giganteum/inat-389953920-714353546-gerrymars.jpg,
Epipremnum giganteum,386778243,https://www.inaturalist.org/observations/386778243,708195544,https://static.inaturalist.org/photos/708195544/original.jpg,all-rights-reserved,"(c) Yu Kai Tan, all rights reserved",yu_kai3,Yu Kai Tan,2026-07-29,"C7QQ+FJ, 10470 George Town, Penang, Malaysia",research,False,5.4390222222,100.2893138889,1542,2048,no,giganteum/inat-386778243-708195544-yu_kai3.jpg,
Epipremnum giganteum,377075223,https://www.inaturalist.org/observations/377075223,689510761,https://inaturalist-open-data.s3.amazonaws.com/photos/689510761/original.jpg,cc-by-nc,"(c) leewm66, some rights reserved (CC BY-NC)",leewm66,,2026-07-01,"Bukit Panjang, Singapore",research,False,1.3483882862,103.7767009065,1536,2048,no,giganteum/inat-377075223-689510761-leewm66.jpg,
Epipremnum giganteum,375688463,https://www.inaturalist.org/observations/375688463,686925854,https://inaturalist-open-data.s3.amazonaws.com/photos/686925854/original.jpg,cc-by-nc,"(c) amirul syahmi, some rights reserved (CC BY-NC)",amirul-mi,amirul syahmi,2026-06-27,"C76G+X6 Pondok Rehat 2, Bukit Bendera, Pulau Pinang, Malaysia",research,False,5.4107127,100.2760655997,1536,2048,no,giganteum/inat-375688463-686925854-amirul-mi.jpg,
Epipremnum giganteum,375688463,https://www.inaturalist.org/observations/375688463,686925887,https://inaturalist-open-data.s3.amazonaws.com/photos/686925887/original.jpg,cc-by-nc,"(c) amirul syahmi, some rights reserved (CC BY-NC)",amirul-mi,amirul syahmi,2026-06-27,"C76G+X6 Pondok Rehat 2, Bukit Bendera, Pulau Pinang, Malaysia",research,False,5.4107127,100.2760655997,1536,2048,no,giganteum/inat-375688463-686925887-amirul-mi.jpg,
Epipremnum giganteum,375688463,https://www.inaturalist.org/observations/375688463,686925922,https://inaturalist-open-data.s3.amazonaws.com/photos/686925922/original.jpg,cc-by-nc,"(c) amirul syahmi, some rights reserved (CC BY-NC)",amirul-mi,amirul syahmi,2026-06-27,"C76G+X6 Pondok Rehat 2, Bukit Bendera, Pulau Pinang, Malaysia",research,False,5.4107127,100.2760655997,1536,2048,no,giganteum/inat-375688463-686925922-amirul-mi.jpg,
Epipremnum giganteum,373488763,https://www.inaturalist.org/observations/373488763,682576030,https://inaturalist-open-data.s3.amazonaws.com/photos/682576030/original.jpg,cc-by-nc,"(c) Refer Iqbal, some rights reserved (CC BY-NC)",referiqbal,Refer Iqbal,2026-06-01,"Kabupaten Mimika, Papua Tengah, Indonesia",needs_id,False,-4.5558555556,136.7750083333,1536,2048,no,giganteum/inat-373488763-682576030-referiqbal.jpg,
Epipremnum giganteum,373180565,https://www.inaturalist.org/observations/373180565,681984939,https://static.inaturalist.org/photos/681984939/original.jpg,all-rights-reserved,"(c) Kate Stelmakhova, all rights reserved",sstllm,Kate Stelmakhova,2026-06-18,"Dak Lua, Dong Nai, VN",needs_id,False,11.4409883333,107.4315416667,1536,2048,no,giganteum/inat-373180565-681984939-sstllm.jpg,
Epipremnum giganteum,361429854,https://www.inaturalist.org/observations/361429854,659608542,https://inaturalist-open-data.s3.amazonaws.com/photos/659608542/original.jpg,cc-by-nc,"(c) liana 86, some rights reserved (CC BY-NC)",liana80226,liana 86,2026-05-03,"Chenor, Pahang, Malaysia",research,False,3.4909884536,102.594903186,1536,2048,no,giganteum/inat-361429854-659608542-liana80226.jpg,
Epipremnum giganteum,361429854,https://www.inaturalist.org/observations/361429854,659608612,https://inaturalist-open-data.s3.amazonaws.com/photos/659608612/original.jpg,cc-by-nc,"(c) liana 86, some rights reserved (CC BY-NC)",liana80226,liana 86,2026-05-03,"Chenor, Pahang, Malaysia",research,False,3.4909884536,102.594903186,1536,2048,no,giganteum/inat-361429854-659608612-liana80226.jpg,
Epipremnum giganteum,358867860,https://www.inaturalist.org/observations/358867860,654713850,https://inaturalist-open-data.s3.amazonaws.com/photos/654713850/original.jpg,cc-by-nc,"(c) 10013 Shruti, some rights reserved (CC BY-NC)",shruti10013,10013 Shruti,2026-05-06,"Ko Yao District, Phang Nga, TH",research,False,8.1181277788,98.6216858657,1152,2048,no,giganteum/inat-358867860-654713850-shruti10013.jpg,
Epipremnum giganteum,358770016,https://www.inaturalist.org/observations/358770016,654522085,https://inaturalist-open-data.s3.amazonaws.com/photos/654522085/original.jpg,cc-by-nc,"(c) Spa12152Uraiphon, some rights reserved (CC BY-NC)",spa12152uraiphon,Spa12152Uraiphon,2026-05-06,"Ko Yao District, Phang Nga, TH",research,False,8.1180474811,98.6214504669,1152,2048,no,giganteum/inat-358770016-654522085-spa12152uraiphon.jpg,
Epipremnum giganteum,358617986,https://www.inaturalist.org/observations/358617986,654229657,https://inaturalist-open-data.s3.amazonaws.com/photos/654229657/original.jpg,cc-by-nc,"(c) Ratchada Yuenyongkeereemat, some rights reserved (CC BY-NC)",aioon_ry,Ratchada Yuenyongkeereemat,2026-05-05,4J9C+8V9 เกาะยาวน้อย อำเภอ เกาะยาว พังงา 82160 ประเทศไทย,research,False,8.118054,98.621544,1536,2048,no,giganteum/inat-358617986-654229657-aioon_ry.jpg,
Epipremnum giganteum,358617986,https://www.inaturalist.org/observations/358617986,654229705,https://inaturalist-open-data.s3.amazonaws.com/photos/654229705/original.jpg,cc-by-nc,"(c) Ratchada Yuenyongkeereemat, some rights reserved (CC BY-NC)",aioon_ry,Ratchada Yuenyongkeereemat,2026-05-05,4J9C+8V9 เกาะยาวน้อย อำเภอ เกาะยาว พังงา 82160 ประเทศไทย,research,False,8.118054,98.621544,1536,2048,no,giganteum/inat-358617986-654229705-aioon_ry.jpg,
Epipremnum giganteum,358485371,https://www.inaturalist.org/observations/358485371,653971654,https://inaturalist-open-data.s3.amazonaws.com/photos/653971654/original.jpg,cc-by-nc,"(c) paranee thongkaew, some rights reserved (CC BY-NC)",spa12022paranee,paranee thongkaew,2026-05-05,"Ko Yao District, Phang Nga, TH",research,False,8.1185859895,98.6216129998,1152,2048,no,giganteum/inat-358485371-653971654-spa12022paranee.jpg,
Epipremnum giganteum,358485371,https://www.inaturalist.org/observations/358485371,653971669,https://inaturalist-open-data.s3.amazonaws.com/photos/653971669/original.jpg,cc-by-nc,"(c) paranee thongkaew, some rights reserved (CC BY-NC)",spa12022paranee,paranee thongkaew,2026-05-05,"Ko Yao District, Phang Nga, TH",research,False,8.1185859895,98.6216129998,1536,2048,no,giganteum/inat-358485371-653971669-spa12022paranee.jpg,
Epipremnum giganteum,358485371,https://www.inaturalist.org/observations/358485371,653971664,https://inaturalist-open-data.s3.amazonaws.com/photos/653971664/original.jpg,cc-by-nc,"(c) paranee thongkaew, some rights reserved (CC BY-NC)",spa12022paranee,paranee thongkaew,2026-05-05,"Ko Yao District, Phang Nga, TH",research,False,8.1185859895,98.6216129998,1536,2048,no,giganteum/inat-358485371-653971664-spa12022paranee.jpg,
Epipremnum giganteum,358485371,https://www.inaturalist.org/observations/358485371,653971663,https://inaturalist-open-data.s3.amazonaws.com/photos/653971663/original.jpg,cc-by-nc,"(c) paranee thongkaew, some rights reserved (CC BY-NC)",spa12022paranee,paranee thongkaew,2026-05-05,"Ko Yao District, Phang Nga, TH",research,False,8.1185859895,98.6216129998,1536,2048,no,giganteum/inat-358485371-653971663-spa12022paranee.jpg,
Epipremnum giganteum,358485371,https://www.inaturalist.org/observations/358485371,653971671,https://inaturalist-open-data.s3.amazonaws.com/photos/653971671/original.jpg,cc-by-nc,"(c) paranee thongkaew, some rights reserved (CC BY-NC)",spa12022paranee,paranee thongkaew,2026-05-05,"Ko Yao District, Phang Nga, TH",research,False,8.1185859895,98.6216129998,1536,2048,no,giganteum/inat-358485371-653971671-spa12022paranee.jpg,
Epipremnum giganteum,355911352,https://www.inaturalist.org/observations/355911352,648997087,https://inaturalist-open-data.s3.amazonaws.com/photos/648997087/original.jpg,cc-by-nc,"(c) moss, some rights reserved (CC BY-NC)",mossphipps,moss,2026-04-24,"Ko Chang, Ko Chang District, Trat, Thailand",research,False,12.12038,102.2617816667,1536,2048,no,giganteum/inat-355911352-648997087-mossphipps.jpg,
Epipremnum giganteum,355911352,https://www.inaturalist.org/observations/355911352,648997132,https://inaturalist-open-data.s3.amazonaws.com/photos/648997132/original.jpg,cc-by-nc,"(c) moss, some rights reserved (CC BY-NC)",mossphipps,moss,2026-04-24,"Ko Chang, Ko Chang District, Trat, Thailand",research,False,12.12038,102.2617816667,1536,2048,no,giganteum/inat-355911352-648997132-mossphipps.jpg,
Epipremnum giganteum,355911352,https://www.inaturalist.org/observations/355911352,648997236,https://inaturalist-open-data.s3.amazonaws.com/photos/648997236/original.jpg,cc-by-nc,"(c) moss, some rights reserved (CC BY-NC)",mossphipps,moss,2026-04-24,"Ko Chang, Ko Chang District, Trat, Thailand",research,False,12.12038,102.2617816667,1536,2048,no,giganteum/inat-355911352-648997236-mossphipps.jpg,
Epipremnum giganteum,353983501,https://www.inaturalist.org/observations/353983501,645815243,https://static.inaturalist.org/photos/645815243/original.jpg,all-rights-reserved,"(c) Paisin Lekcharoen, all rights reserved",starling_sentinel,Paisin Lekcharoen,2026-04-24,"Thung Song District, Nakhon Si Thammarat, TH",research,False,8.1584445,99.6785666667,1536,2048,no,giganteum/inat-353983501-645815243-starling_sentinel.jpg,
Epipremnum giganteum,353983501,https://www.inaturalist.org/observations/353983501,645815236,https://static.inaturalist.org/photos/645815236/original.jpg,all-rights-reserved,"(c) Paisin Lekcharoen, all rights reserved",starling_sentinel,Paisin Lekcharoen,2026-04-24,"Thung Song District, Nakhon Si Thammarat, TH",research,False,8.1584445,99.6785666667,1536,2048,no,giganteum/inat-353983501-645815236-starling_sentinel.jpg,
Epipremnum giganteum,351640340,https://www.inaturalist.org/observations/351640340,641728437,https://inaturalist-open-data.s3.amazonaws.com/photos/641728437/original.jpg,cc-by-nc,"(c) Sxfrina, some rights reserved (CC BY-NC)",sxfrina,Sxfrina,2026-04-21,"28700 Bentong, Pahang, Malaysia",research,False,3.5260725852,101.9068324193,1152,2048,no,giganteum/inat-351640340-641728437-sxfrina.jpg,
Epipremnum giganteum,351639236,https://www.inaturalist.org/observations/351639236,641726268,https://inaturalist-open-data.s3.amazonaws.com/photos/641726268/original.jpg,cc-by-nc,"(c) Amar Yusuf, some rights reserved (CC BY-NC)",amar79260,Amar Yusuf,2026-04-21,"28700 Bentong, Pahang, Malaysia",research,False,3.5260725852,101.9068324193,2048,1536,no,giganteum/inat-351639236-641726268-amar79260.jpg,
Epipremnum giganteum,350704417,https://www.inaturalist.org/observations/350704417,639923866,https://inaturalist-open-data.s3.amazonaws.com/photos/639923866/original.jpg,cc-by-nc,"(c) Nurul Afzan, some rights reserved (CC BY-NC)",shanur08,Nurul Afzan,2026-04-18,"Lot 13, kampung baru sungai Chedung, 26500 Maran, Pahang, Malaysia",research,False,3.5828527984,102.7785148099,1536,2048,no,giganteum/inat-350704417-639923866-shanur08.jpg,
Epipremnum giganteum,350428283,https://www.inaturalist.org/observations/350428283,639384352,https://inaturalist-open-data.s3.amazonaws.com/photos/639384352/original.jpg,cc-by-nc,"(c) -, some rights reserved (CC BY-NC)",aryana_ayrell,-,2026-04-17,"27210 Kuala Lipis, Pahang, Malaysia",research,False,4.6819413498,102.0572983101,960,1280,no,giganteum/inat-350428283-639384352-aryana_ayrell.jpg,
Epipremnum giganteum,350427780,https://www.inaturalist.org/observations/350427780,639383576,https://inaturalist-open-data.s3.amazonaws.com/photos/639383576/original.jpg,cc-by-nc,"(c) Hannah Khairuddin, some rights reserved (CC BY-NC)",hannah34308,Hannah Khairuddin,2026-04-17,"Kompleks Pejabat Kerajaan Daerah Lipis, 27200 Kuala Lipis, Pahang, Malaysia",research,False,4.1791173206,102.0538094267,1536,2048,no,giganteum/inat-350427780-639383576-hannah34308.jpg,
Epipremnum giganteum,350414968,https://www.inaturalist.org/observations/350414968,639358860,https://inaturalist-open-data.s3.amazonaws.com/photos/639358860/original.jpg,cc-by-nc,"(c) Afiq Abu Bakar, some rights reserved (CC BY-NC)",afiq34759,Afiq Abu Bakar,2026-04-17,"Taman Negara Pahang, Raub, Pahang, MY",research,False,4.678795,102.0598916667,1536,2048,no,giganteum/inat-350414968-639358860-afiq34759.jpg,
Epipremnum giganteum,345229586,https://www.inaturalist.org/observations/345229586,629126801,https://inaturalist-open-data.s3.amazonaws.com/photos/629126801/original.jpg,cc-by-nc,"(c) elliot_meyers, some rights reserved (CC BY-NC)",elliot_meyers,,2026-02-19,"Nong Thale, Mueang Krabi District, Krabi, TH",research,False,8.0964644969,98.7546391072,1536,2048,no,giganteum/inat-345229586-629126801-elliot_meyers.jpg,
Epipremnum giganteum,345229586,https://www.inaturalist.org/observations/345229586,629126726,https://inaturalist-open-data.s3.amazonaws.com/photos/629126726/original.jpg,cc-by-nc,"(c) elliot_meyers, some rights reserved (CC BY-NC)",elliot_meyers,,2026-02-19,"Nong Thale, Mueang Krabi District, Krabi, TH",research,False,8.0964644969,98.7546391072,1536,2048,no,giganteum/inat-345229586-629126726-elliot_meyers.jpg,
Epipremnum giganteum,341694447,https://www.inaturalist.org/observations/341694447,622096507,https://inaturalist-open-data.s3.amazonaws.com/photos/622096507/original.jpg,cc-by-nc,"(c) 長鬃山羊, some rights reserved (CC BY-NC)",capricornis,長鬃山羊,2026-02-13,"Club Med Cherating Beach, 26080 Balok, Pahang, 馬來西亞",research,False,4.1401937,103.4078334,1536,2048,no,giganteum/inat-341694447-622096507-capricornis.jpg,
Epipremnum giganteum,341694447,https://www.inaturalist.org/observations/341694447,622097311,https://inaturalist-open-data.s3.amazonaws.com/photos/622097311/original.jpg,cc-by-nc,"(c) 長鬃山羊, some rights reserved (CC BY-NC)",capricornis,長鬃山羊,2026-02-13,"Club Med Cherating Beach, 26080 Balok, Pahang, 馬來西亞",research,False,4.1401937,103.4078334,1536,2048,no,giganteum/inat-341694447-622097311-capricornis.jpg,
Epipremnum giganteum,341694447,https://www.inaturalist.org/observations/341694447,622097350,https://inaturalist-open-data.s3.amazonaws.com/photos/622097350/original.jpg,cc-by-nc,"(c) 長鬃山羊, some rights reserved (CC BY-NC)",capricornis,長鬃山羊,2026-02-13,"Club Med Cherating Beach, 26080 Balok, Pahang, 馬來西亞",research,False,4.1401937,103.4078334,1536,2048,no,giganteum/inat-341694447-622097350-capricornis.jpg,
Epipremnum giganteum,341694447,https://www.inaturalist.org/observations/341694447,622097400,https://inaturalist-open-data.s3.amazonaws.com/photos/622097400/original.jpg,cc-by-nc,"(c) 長鬃山羊, some rights reserved (CC BY-NC)",capricornis,長鬃山羊,2026-02-13,"Club Med Cherating Beach, 26080 Balok, Pahang, 馬來西亞",research,False,4.1401937,103.4078334,1536,2048,no,giganteum/inat-341694447-622097400-capricornis.jpg,
Epipremnum giganteum,341234208,https://www.inaturalist.org/observations/341234208,621149628,https://inaturalist-open-data.s3.amazonaws.com/photos/621149628/original.jpg,cc-by-nc,"(c) annahaigh, some rights reserved (CC BY-NC)",annahaigh,,2026-03-04,"37PP+6CJ Mangrove, crab. Мангры с ползающими по ним крабами, R Dum Land, ที่ เจ ก ดำ, Tambon Sa Khu, 83110, Thailand",research,False,8.0839194444,98.2840027778,1152,2048,no,giganteum/inat-341234208-621149628-annahaigh.jpg,
Epipremnum giganteum,341234208,https://www.inaturalist.org/observations/341234208,621149643,https://inaturalist-open-data.s3.amazonaws.com/photos/621149643/original.jpg,cc-by-nc,"(c) annahaigh, some rights reserved (CC BY-NC)",annahaigh,,2026-03-04,"37PP+6CJ Mangrove, crab. Мангры с ползающими по ним крабами, R Dum Land, ที่ เจ ก ดำ, Tambon Sa Khu, 83110, Thailand",research,False,8.0839194444,98.2840027778,1152,2048,no,giganteum/inat-341234208-621149643-annahaigh.jpg,
Epipremnum giganteum,341234208,https://www.inaturalist.org/observations/341234208,621149671,https://inaturalist-open-data.s3.amazonaws.com/photos/621149671/original.jpg,cc-by-nc,"(c) annahaigh, some rights reserved (CC BY-NC)",annahaigh,,2026-03-04,"37PP+6CJ Mangrove, crab. Мангры с ползающими по ним крабами, R Dum Land, ที่ เจ ก ดำ, Tambon Sa Khu, 83110, Thailand",research,False,8.0839194444,98.2840027778,1152,2048,no,giganteum/inat-341234208-621149671-annahaigh.jpg,
Epipremnum giganteum,341234208,https://www.inaturalist.org/observations/341234208,621149690,https://inaturalist-open-data.s3.amazonaws.com/photos/621149690/original.jpg,cc-by-nc,"(c) annahaigh, some rights reserved (CC BY-NC)",annahaigh,,2026-03-04,"37PP+6CJ Mangrove, crab. Мангры с ползающими по ним крабами, R Dum Land, ที่ เจ ก ดำ, Tambon Sa Khu, 83110, Thailand",research,False,8.0839194444,98.2840027778,2048,1152,no,giganteum/inat-341234208-621149690-annahaigh.jpg,
Epipremnum giganteum,341234208,https://www.inaturalist.org/observations/341234208,621149706,https://inaturalist-open-data.s3.amazonaws.com/photos/621149706/original.jpg,cc-by-nc,"(c) annahaigh, some rights reserved (CC BY-NC)",annahaigh,,2026-03-04,"37PP+6CJ Mangrove, crab. Мангры с ползающими по ним крабами, R Dum Land, ที่ เจ ก ดำ, Tambon Sa Khu, 83110, Thailand",research,False,8.0839194444,98.2840027778,1152,2048,no,giganteum/inat-341234208-621149706-annahaigh.jpg,
Epipremnum giganteum,341234208,https://www.inaturalist.org/observations/341234208,621149724,https://inaturalist-open-data.s3.amazonaws.com/photos/621149724/original.jpg,cc-by-nc,"(c) annahaigh, some rights reserved (CC BY-NC)",annahaigh,,2026-03-04,"37PP+6CJ Mangrove, crab. Мангры с ползающими по ним крабами, R Dum Land, ที่ เจ ก ดำ, Tambon Sa Khu, 83110, Thailand",research,False,8.0839194444,98.2840027778,1152,2048,no,giganteum/inat-341234208-621149724-annahaigh.jpg,
Epipremnum giganteum,341234208,https://www.inaturalist.org/observations/341234208,621149737,https://inaturalist-open-data.s3.amazonaws.com/photos/621149737/original.jpg,cc-by-nc,"(c) annahaigh, some rights reserved (CC BY-NC)",annahaigh,,2026-03-04,"37PP+6CJ Mangrove, crab. Мангры с ползающими по ним крабами, R Dum Land, ที่ เจ ก ดำ, Tambon Sa Khu, 83110, Thailand",research,False,8.0839194444,98.2840027778,1152,2048,no,giganteum/inat-341234208-621149737-annahaigh.jpg,
Epipremnum giganteum,339295083,https://www.inaturalist.org/observations/339295083,617198435,https://inaturalist-open-data.s3.amazonaws.com/photos/617198435/original.jpg,cc-by-nc,"(c) elliot_meyers, some rights reserved (CC BY-NC)",elliot_meyers,,2026-02-19,"Nong Thale, Mueang Krabi District, Krabi, TH",research,False,8.0929899117,98.7675230939,1536,2048,no,giganteum/inat-339295083-617198435-elliot_meyers.jpg,
Epipremnum giganteum,339295083,https://www.inaturalist.org/observations/339295083,617198477,https://inaturalist-open-data.s3.amazonaws.com/photos/617198477/original.jpg,cc-by-nc,"(c) elliot_meyers, some rights reserved (CC BY-NC)",elliot_meyers,,2026-02-19,"Nong Thale, Mueang Krabi District, Krabi, TH",research,False,8.0929899117,98.7675230939,1536,2048,no,giganteum/inat-339295083-617198477-elliot_meyers.jpg,
Epipremnum giganteum,338986779,https://www.inaturalist.org/observations/338986779,616562773,https://inaturalist-open-data.s3.amazonaws.com/photos/616562773/original.jpg,cc-by-nc,"(c) mykenzi_k, some rights reserved (CC BY-NC)",mykenzi_k,,2026-02-14,"Mueang Krabi District, Krabi, TH",research,False,8.0086165316,98.8374204137,1152,2048,no,giganteum/inat-338986779-616562773-mykenzi_k.jpg,
Epipremnum giganteum,338410559,https://www.inaturalist.org/observations/338410559,615418812,https://inaturalist-open-data.s3.amazonaws.com/photos/615418812/original.jpg,cc-by-nc,"(c) Chris Chris, some rights reserved (CC BY-NC)",krzysztof43428,Chris Chris,2026-02-13,"PJ3W+6MM, Ko Tarutao, Mueang Satun District, Satun 91000, Thailand",research,False,6.7024014997,99.6480276,1536,2048,no,giganteum/inat-338410559-615418812-krzysztof43428.jpg,
Epipremnum giganteum,338410559,https://www.inaturalist.org/observations/338410559,615418821,https://inaturalist-open-data.s3.amazonaws.com/photos/615418821/original.jpg,cc-by-nc,"(c) Chris Chris, some rights reserved (CC BY-NC)",krzysztof43428,Chris Chris,2026-02-13,"PJ3W+6MM, Ko Tarutao, Mueang Satun District, Satun 91000, Thailand",research,False,6.7024014997,99.6480276,1536,2048,no,giganteum/inat-338410559-615418821-krzysztof43428.jpg,
Epipremnum giganteum,338410559,https://www.inaturalist.org/observations/338410559,615418837,https://inaturalist-open-data.s3.amazonaws.com/photos/615418837/original.jpg,cc-by-nc,"(c) Chris Chris, some rights reserved (CC BY-NC)",krzysztof43428,Chris Chris,2026-02-13,"PJ3W+6MM, Ko Tarutao, Mueang Satun District, Satun 91000, Thailand",research,False,6.7024014997,99.6480276,2048,1536,no,giganteum/inat-338410559-615418837-krzysztof43428.jpg,
Epipremnum giganteum,338410559,https://www.inaturalist.org/observations/338410559,615418841,https://inaturalist-open-data.s3.amazonaws.com/photos/615418841/original.jpg,cc-by-nc,"(c) Chris Chris, some rights reserved (CC BY-NC)",krzysztof43428,Chris Chris,2026-02-13,"PJ3W+6MM, Ko Tarutao, Mueang Satun District, Satun 91000, Thailand",research,False,6.7024014997,99.6480276,2048,1536,no,giganteum/inat-338410559-615418841-krzysztof43428.jpg,
Epipremnum giganteum,338410559,https://www.inaturalist.org/observations/338410559,615418854,https://inaturalist-open-data.s3.amazonaws.com/photos/615418854/original.jpg,cc-by-nc,"(c) Chris Chris, some rights reserved (CC BY-NC)",krzysztof43428,Chris Chris,2026-02-13,"PJ3W+6MM, Ko Tarutao, Mueang Satun District, Satun 91000, Thailand",research,False,6.7024014997,99.6480276,1536,2048,no,giganteum/inat-338410559-615418854-krzysztof43428.jpg,
Epipremnum giganteum,338410559,https://www.inaturalist.org/observations/338410559,615418867,https://inaturalist-open-data.s3.amazonaws.com/photos/615418867/original.jpg,cc-by-nc,"(c) Chris Chris, some rights reserved (CC BY-NC)",krzysztof43428,Chris Chris,2026-02-13,"PJ3W+6MM, Ko Tarutao, Mueang Satun District, Satun 91000, Thailand",research,False,6.7024014997,99.6480276,1536,2048,no,giganteum/inat-338410559-615418867-krzysztof43428.jpg,
Epipremnum giganteum,338384587,https://www.inaturalist.org/observations/338384587,615362561,https://static.inaturalist.org/photos/615362561/original.jpg,all-rights-reserved,"(c) LostInCR, all rights reserved",lostincr,LostInCR,2025-12-24,"Phước Xuân, Phước Sơn, Quảng Nam, Vietnam",research,False,15.5302316667,107.817215,2048,2048,no,giganteum/inat-338384587-615362561-lostincr.jpg,
Epipremnum giganteum,338384587,https://www.inaturalist.org/observations/338384587,615362571,https://static.inaturalist.org/photos/615362571/original.jpg,all-rights-reserved,"(c) LostInCR, all rights reserved",lostincr,LostInCR,2025-12-24,"Phước Xuân, Phước Sơn, Quảng Nam, Vietnam",research,False,15.5302316667,107.817215,2048,2048,no,giganteum/inat-338384587-615362571-lostincr.jpg,
Epipremnum giganteum,338139092,https://www.inaturalist.org/observations/338139092,614853681,https://static.inaturalist.org/photos/614853681/original.jpg,all-rights-reserved,"(c) LostInCR, all rights reserved",lostincr,LostInCR,2025-12-21,"Tân Trạch, Bố Trạch, Quảng Bình, Vietnam",research,False,17.5215986057,106.2843082972,2048,1365,no,giganteum/inat-338139092-614853681-lostincr.jpg,
Epipremnum giganteum,338139092,https://www.inaturalist.org/observations/338139092,614853699,https://static.inaturalist.org/photos/614853699/original.jpg,all-rights-reserved,"(c) LostInCR, all rights reserved",lostincr,LostInCR,2025-12-21,"Tân Trạch, Bố Trạch, Quảng Bình, Vietnam",research,False,17.5215986057,106.2843082972,1365,2048,no,giganteum/inat-338139092-614853699-lostincr.jpg,
Epipremnum giganteum,338139092,https://www.inaturalist.org/observations/338139092,614853692,https://static.inaturalist.org/photos/614853692/original.jpg,all-rights-reserved,"(c) LostInCR, all rights reserved",lostincr,LostInCR,2025-12-21,"Tân Trạch, Bố Trạch, Quảng Bình, Vietnam",research,False,17.5215986057,106.2843082972,1365,2048,no,giganteum/inat-338139092-614853692-lostincr.jpg,
Epipremnum giganteum,332709273,https://www.inaturalist.org/observations/332709273,603867848,https://static.inaturalist.org/photos/603867848/original.jpg,all-rights-reserved,"(c) Nicolas Pohl, all rights reserved",nicolas21367,Nicolas Pohl,2025-12-30,"Yao Noi Island, Ko Yao District, Phangnga, TH",research,False,8.1333528333,98.622245,1536,2048,no,giganteum/inat-332709273-603867848-nicolas21367.jpg,
Epipremnum giganteum,332709273,https://www.inaturalist.org/observations/332709273,603867547,https://static.inaturalist.org/photos/603867547/original.jpg,all-rights-reserved,"(c) Nicolas Pohl, all rights reserved",nicolas21367,Nicolas Pohl,2025-12-30,"Yao Noi Island, Ko Yao District, Phangnga, TH",research,False,8.1333528333,98.622245,1536,2048,no,giganteum/inat-332709273-603867547-nicolas21367.jpg,
Epipremnum giganteum,332709273,https://www.inaturalist.org/observations/332709273,603867905,https://static.inaturalist.org/photos/603867905/original.jpg,all-rights-reserved,"(c) Nicolas Pohl, all rights reserved",nicolas21367,Nicolas Pohl,2025-12-30,"Yao Noi Island, Ko Yao District, Phangnga, TH",research,False,8.1333528333,98.622245,1536,2048,no,giganteum/inat-332709273-603867905-nicolas21367.jpg,
Epipremnum giganteum,331152940,https://www.inaturalist.org/observations/331152940,600672333,https://inaturalist-open-data.s3.amazonaws.com/photos/600672333/original.jpg,cc-by-nc,"(c) mercury9nine, some rights reserved (CC BY-NC)",mercury9nine,,2025-12-18,"Singapore, SG, SG",research,False,1.345945,103.834975,1536,2048,no,giganteum/inat-331152940-600672333-mercury9nine.jpg,
Epipremnum giganteum,331152940,https://www.inaturalist.org/observations/331152940,600672322,https://inaturalist-open-data.s3.amazonaws.com/photos/600672322/original.jpg,cc-by-nc,"(c) mercury9nine, some rights reserved (CC BY-NC)",mercury9nine,,2025-12-18,"Singapore, SG, SG",research,False,1.345945,103.834975,1536,2048,no,giganteum/inat-331152940-600672322-mercury9nine.jpg,
Epipremnum giganteum,331152940,https://www.inaturalist.org/observations/331152940,600672326,https://inaturalist-open-data.s3.amazonaws.com/photos/600672326/original.jpg,cc-by-nc,"(c) mercury9nine, some rights reserved (CC BY-NC)",mercury9nine,,2025-12-18,"Singapore, SG, SG",research,False,1.345945,103.834975,1536,2048,no,giganteum/inat-331152940-600672326-mercury9nine.jpg,
Epipremnum giganteum,331108594,https://www.inaturalist.org/observations/331108594,600580770,https://static.inaturalist.org/photos/600580770/original.jpg,all-rights-reserved,"(c) Alexandre Pierre-Champoux, all rights reserved",wildaroidhunter,Alexandre Pierre-Champoux,2025-12-17,,research,True,,,1536,2048,no,giganteum/inat-331108594-600580770-wildaroidhunter.jpg,
Epipremnum giganteum,331108594,https://www.inaturalist.org/observations/331108594,600580786,https://static.inaturalist.org/photos/600580786/original.jpg,all-rights-reserved,"(c) Alexandre Pierre-Champoux, all rights reserved",wildaroidhunter,Alexandre Pierre-Champoux,2025-12-17,,research,True,,,1536,2048,no,giganteum/inat-331108594-600580786-wildaroidhunter.jpg,
Epipremnum giganteum,331108594,https://www.inaturalist.org/observations/331108594,600580797,https://static.inaturalist.org/photos/600580797/original.jpg,all-rights-reserved,"(c) Alexandre Pierre-Champoux, all rights reserved",wildaroidhunter,Alexandre Pierre-Champoux,2025-12-17,,research,True,,,1536,2048,no,giganteum/inat-331108594-600580797-wildaroidhunter.jpg,
Epipremnum giganteum,331108594,https://www.inaturalist.org/observations/331108594,600580814,https://static.inaturalist.org/photos/600580814/original.jpg,all-rights-reserved,"(c) Alexandre Pierre-Champoux, all rights reserved",wildaroidhunter,Alexandre Pierre-Champoux,2025-12-17,,research,True,,,1536,2048,no,giganteum/inat-331108594-600580814-wildaroidhunter.jpg,
Epipremnum giganteum,331108594,https://www.inaturalist.org/observations/331108594,600580832,https://static.inaturalist.org/photos/600580832/original.jpg,all-rights-reserved,"(c) Alexandre Pierre-Champoux, all rights reserved",wildaroidhunter,Alexandre Pierre-Champoux,2025-12-17,,research,True,,,1536,2048,no,giganteum/inat-331108594-600580832-wildaroidhunter.jpg,
Epipremnum giganteum,330604830,https://www.inaturalist.org/observations/330604830,599538287,https://inaturalist-open-data.s3.amazonaws.com/photos/599538287/original.jpg,cc-by-nc,"(c) Chris, some rights reserved (CC BY-NC)",chris16887,Chris,2023-11-17,"Ko Lanta Yai, Ko Lanta District, Krabi, Thailand",research,False,7.4706222222,99.0991666667,1538,2048,no,giganteum/inat-330604830-599538287-chris16887.jpg,
Epipremnum giganteum,328469862,https://www.inaturalist.org/observations/328469862,595218838,https://inaturalist-open-data.s3.amazonaws.com/photos/595218838/original.jpg,cc-by-nc,"(c) muangpaisuetrong, some rights reserved (CC BY-NC)",muangpaisuetrong,,2025-11-27,"Kanchanaburi, TH",research,True,14.3532164874,99.051772254,1536,2048,no,giganteum/inat-328469862-595218838-muangpaisuetrong.jpg,
Epipremnum giganteum,322750605,https://www.inaturalist.org/observations/322750605,583918532,https://inaturalist-open-data.s3.amazonaws.com/photos/583918532/original.jpg,cc-by-nc,"(c) surinkumar, some rights reserved (CC BY-NC)",surinkumar,,2025-10-24,,research,True,1.34578249,103.7100551241,2048,1366,no,giganteum/inat-322750605-583918532-surinkumar.jpg,
Epipremnum giganteum,322733013,https://www.inaturalist.org/observations/322733013,583885620,https://inaturalist-open-data.s3.amazonaws.com/photos/583885620/original.jpg,cc-by-nc,"(c) Gavin, some rights reserved (CC BY-NC)",gavin_n,Gavin,2025-09-13,"Bukit Panjang, Singapore",research,False,1.353312794,103.7796513364,2048,2048,no,giganteum/inat-322733013-583885620-gavin_n.jpg,
Epipremnum giganteum,322733013,https://www.inaturalist.org/observations/322733013,583885663,https://inaturalist-open-data.s3.amazonaws.com/photos/583885663/original.jpg,cc-by-nc,"(c) Gavin, some rights reserved (CC BY-NC)",gavin_n,Gavin,2025-09-13,"Bukit Panjang, Singapore",research,False,1.353312794,103.7796513364,2048,2048,no,giganteum/inat-322733013-583885663-gavin_n.jpg,
Epipremnum giganteum,322243532,https://www.inaturalist.org/observations/322243532,582910152,https://inaturalist-open-data.s3.amazonaws.com/photos/582910152/original.jpg,cc-by-nc,"(c) Gavin, some rights reserved (CC BY-NC)",gavin_n,Gavin,2025-09-13,"Bukit Panjang, Singapore",research,False,1.3496807526,103.7780252472,2048,2048,no,giganteum/inat-322243532-582910152-gavin_n.jpg,
Epipremnum giganteum,322243532,https://www.inaturalist.org/observations/322243532,582910184,https://inaturalist-open-data.s3.amazonaws.com/photos/582910184/original.jpg,cc-by-nc,"(c) Gavin, some rights reserved (CC BY-NC)",gavin_n,Gavin,2025-09-13,"Bukit Panjang, Singapore",research,False,1.3496807526,103.7780252472,2048,2048,no,giganteum/inat-322243532-582910184-gavin_n.jpg,
Epipremnum giganteum,321149472,https://www.inaturalist.org/observations/321149472,580759852,https://inaturalist-open-data.s3.amazonaws.com/photos/580759852/original.jpg,cc-by-nc,"(c) İsmail Arda Ergene, some rights reserved (CC BY-NC)",ismailardaergene,İsmail Arda Ergene,2025-10-16,"Central Catchment Nature Reserve, Singapore, SG, SG",research,False,1.361651655,103.8080853145,1536,2048,no,giganteum/inat-321149472-580759852-ismailardaergene.jpg,
Epipremnum giganteum,317179472,https://www.inaturalist.org/observations/317179472,573119513,https://inaturalist-open-data.s3.amazonaws.com/photos/573119513/original.jpg,cc-by-nc,"(c) กาญจนา คงบุญรักษ์, some rights reserved (CC BY-NC)",fb7329kanjana,กาญจนา คงบุญรักษ์,2025-09-28,4J9C+8V9 ตำบล เกาะยาวน้อย อำเภอ เกาะยาว พังงา 82160 ประเทศไทย,research,False,8.1180805556,98.6213,1536,2048,no,giganteum/inat-317179472-573119513-fb7329kanjana.jpg,
Epipremnum giganteum,317179472,https://www.inaturalist.org/observations/317179472,573119538,https://inaturalist-open-data.s3.amazonaws.com/photos/573119538/original.jpg,cc-by-nc,"(c) กาญจนา คงบุญรักษ์, some rights reserved (CC BY-NC)",fb7329kanjana,กาญจนา คงบุญรักษ์,2025-09-28,4J9C+8V9 ตำบล เกาะยาวน้อย อำเภอ เกาะยาว พังงา 82160 ประเทศไทย,research,False,8.1180805556,98.6213,1536,2048,no,giganteum/inat-317179472-573119538-fb7329kanjana.jpg,
Epipremnum giganteum,317179472,https://www.inaturalist.org/observations/317179472,573119549,https://inaturalist-open-data.s3.amazonaws.com/photos/573119549/original.jpg,cc-by-nc,"(c) กาญจนา คงบุญรักษ์, some rights reserved (CC BY-NC)",fb7329kanjana,กาญจนา คงบุญรักษ์,2025-09-28,4J9C+8V9 ตำบล เกาะยาวน้อย อำเภอ เกาะยาว พังงา 82160 ประเทศไทย,research,False,8.1180805556,98.6213,1536,2048,no,giganteum/inat-317179472-573119549-fb7329kanjana.jpg,
Epipremnum giganteum,317179472,https://www.inaturalist.org/observations/317179472,573119566,https://inaturalist-open-data.s3.amazonaws.com/photos/573119566/original.jpg,cc-by-nc,"(c) กาญจนา คงบุญรักษ์, some rights reserved (CC BY-NC)",fb7329kanjana,กาญจนา คงบุญรักษ์,2025-09-28,4J9C+8V9 ตำบล เกาะยาวน้อย อำเภอ เกาะยาว พังงา 82160 ประเทศไทย,research,False,8.1180805556,98.6213,1536,2048,no,giganteum/inat-317179472-573119566-fb7329kanjana.jpg,
Epipremnum giganteum,317165353,https://www.inaturalist.org/observations/317165353,573090913,https://inaturalist-open-data.s3.amazonaws.com/photos/573090913/original.jpg,cc-by-nc,"(c) Chayanit Suwanaporn, some rights reserved (CC BY-NC)",chayanit4,Chayanit Suwanaporn,2025-09-28,"4JCF+4XP, Ko Yao Noi, Ko Yao District, Phang Nga 82160, Thailand",research,False,8.1197143983,98.6250722408,2048,2048,no,giganteum/inat-317165353-573090913-chayanit4.jpg,
Epipremnum giganteum,307466298,https://www.inaturalist.org/observations/307466298,554591009,https://inaturalist-open-data.s3.amazonaws.com/photos/554591009/original.jpg,cc-by-nc,"(c) Ethan Beaver, some rights reserved (CC BY-NC)",ethanbeaver,Ethan Beaver,2025-08-17,,research,True,1.3246873314,103.6969230427,1536,2048,no,giganteum/inat-307466298-554591009-ethanbeaver.jpg,
Epipremnum giganteum,307466297,https://www.inaturalist.org/observations/307466297,554591006,https://inaturalist-open-data.s3.amazonaws.com/photos/554591006/original.jpg,cc-by-nc,"(c) Ethan Beaver, some rights reserved (CC BY-NC)",ethanbeaver,Ethan Beaver,2025-08-17,,research,True,1.3592875408,103.6264423971,1536,2048,no,giganteum/inat-307466297-554591006-ethanbeaver.jpg,
Epipremnum giganteum,307466297,https://www.inaturalist.org/observations/307466297,554591012,https://inaturalist-open-data.s3.amazonaws.com/photos/554591012/original.jpg,cc-by-nc,"(c) Ethan Beaver, some rights reserved (CC BY-NC)",ethanbeaver,Ethan Beaver,2025-08-17,,research,True,1.3592875408,103.6264423971,2048,1536,no,giganteum/inat-307466297-554591012-ethanbeaver.jpg,
Epipremnum giganteum,301157288,https://www.inaturalist.org/observations/301157288,542668570,https://inaturalist-open-data.s3.amazonaws.com/photos/542668570/original.jpg,cc-by,"(c) insect ID, some rights reserved (CC BY)",bykovskii,insect ID,2025-07-26,"Lộc Tiến, Tp. Bảo Lộc, Lâm Đồng, Вьетнам",research,False,11.5377288618,107.791288197,921,2048,no,giganteum/inat-301157288-542668570-bykovskii.jpg,
Epipremnum giganteum,295737029,https://www.inaturalist.org/observations/295737029,532424510,https://inaturalist-open-data.s3.amazonaws.com/photos/532424510/original.jpg,cc-by,"(c) insect ID, some rights reserved (CC BY)",bykovskii,insect ID,2025-05-31,"Lộc Tiến, Tp. Bảo Lộc, Lâm Đồng, Вьетнам",research,False,11.5377288618,107.791288197,921,2048,no,giganteum/inat-295737029-532424510-bykovskii.jpg,
Epipremnum giganteum,295737029,https://www.inaturalist.org/observations/295737029,532424569,https://inaturalist-open-data.s3.amazonaws.com/photos/532424569/original.jpg,cc-by,"(c) insect ID, some rights reserved (CC BY)",bykovskii,insect ID,2025-05-31,"Lộc Tiến, Tp. Bảo Lộc, Lâm Đồng, Вьетнам",research,False,11.5377288618,107.791288197,921,2048,no,giganteum/inat-295737029-532424569-bykovskii.jpg,
Epipremnum giganteum,291701824,https://www.inaturalist.org/observations/291701824,524855250,https://inaturalist-open-data.s3.amazonaws.com/photos/524855250/original.jpg,cc-by-nc,"(c) Foo Chuan Wei, some rights reserved (CC BY-NC)",cwfoo,Foo Chuan Wei,2025-06-05,"Bukit Panjang, Singapore",research,False,1.354469,103.776453,1536,2048,no,giganteum/inat-291701824-524855250-cwfoo.jpg,
Epipremnum giganteum,291701824,https://www.inaturalist.org/observations/291701824,524855251,https://inaturalist-open-data.s3.amazonaws.com/photos/524855251/original.jpg,cc-by-nc,"(c) Foo Chuan Wei, some rights reserved (CC BY-NC)",cwfoo,Foo Chuan Wei,2025-06-05,"Bukit Panjang, Singapore",research,False,1.354469,103.776453,2048,1536,no,giganteum/inat-291701824-524855251-cwfoo.jpg,
Epipremnum giganteum,290149433,https://www.inaturalist.org/observations/290149433,521929073,https://inaturalist-open-data.s3.amazonaws.com/photos/521929073/original.jpg,cc-by-nc-nd,"(c) Wangworn Sankamethawee, some rights reserved (CC BY-NC-ND)",wangworn,Wangworn Sankamethawee,2025-05-27,"Thung Khai, Yan Ta Khao District, Trang 92140, Thailand",research,False,7.4680593,99.6383106,2048,1365,no,giganteum/inat-290149433-521929073-wangworn.jpg,
Epipremnum giganteum,285291732,https://www.inaturalist.org/observations/285291732,512795878,https://static.inaturalist.org/photos/512795878/original.jpg,all-rights-reserved,"(c) Natthanon, all rights reserved",nonwiwat,Natthanon,2025-05-04,"Chaloem Phra Kiat Park, Yan Ta Khao District, Trang, TH",research,False,7.4663083333,99.6401283333,2048,1536,no,giganteum/inat-285291732-512795878-nonwiwat.jpg,
Epipremnum giganteum,277989744,https://www.inaturalist.org/observations/277989744,499152276,https://inaturalist-open-data.s3.amazonaws.com/photos/499152276/original.jpg,cc-by-nc,"(c) paranee thongkaew, some rights reserved (CC BY-NC)",spa12022paranee,paranee thongkaew,2025-05-03,"เกาะยาวน้อย, อ.เกาะยาว, จ.พังงา, TH",research,False,8.1206695,98.6242533333,1536,2048,no,giganteum/inat-277989744-499152276-spa12022paranee.jpg,
Epipremnum giganteum,277989744,https://www.inaturalist.org/observations/277989744,499152305,https://inaturalist-open-data.s3.amazonaws.com/photos/499152305/original.jpg,cc-by-nc,"(c) paranee thongkaew, some rights reserved (CC BY-NC)",spa12022paranee,paranee thongkaew,2025-05-03,"เกาะยาวน้อย, อ.เกาะยาว, จ.พังงา, TH",research,False,8.1206695,98.6242533333,1536,2048,no,giganteum/inat-277989744-499152305-spa12022paranee.jpg,
Epipremnum giganteum,277989744,https://www.inaturalist.org/observations/277989744,499152333,https://inaturalist-open-data.s3.amazonaws.com/photos/499152333/original.jpg,cc-by-nc,"(c) paranee thongkaew, some rights reserved (CC BY-NC)",spa12022paranee,paranee thongkaew,2025-05-03,"เกาะยาวน้อย, อ.เกาะยาว, จ.พังงา, TH",research,False,8.1206695,98.6242533333,1536,2048,no,giganteum/inat-277989744-499152333-spa12022paranee.jpg,
Epipremnum giganteum,277739439,https://www.inaturalist.org/observations/277739439,498698773,https://inaturalist-open-data.s3.amazonaws.com/photos/498698773/original.jpeg,cc-by-nc,"(c) Ratchada Yuenyongkeereemat, some rights reserved (CC BY-NC)",aioon_ry,Ratchada Yuenyongkeereemat,2025-05-02,4J9C+8V9 ตำบล เกาะยาวน้อย อำเภอ เกาะยาว พังงา 82160 ประเทศไทย,research,False,8.1180509722,98.6213719722,1536,2048,no,giganteum/inat-277739439-498698773-aioon_ry.jpeg,
Epipremnum giganteum,267320793,https://www.inaturalist.org/observations/267320793,480389097,https://inaturalist-open-data.s3.amazonaws.com/photos/480389097/original.jpg,cc0,no rights reserved,al_kordesch,Al Kordesch,2025-03-28,"Penang Hill, Ayer Itam, Penang, MY",research,False,5.4244616667,100.2673633333,1536,2048,no,giganteum/inat-267320793-480389097-al_kordesch.jpg,
Epipremnum giganteum,267320793,https://www.inaturalist.org/observations/267320793,480389110,https://inaturalist-open-data.s3.amazonaws.com/photos/480389110/original.jpg,cc0,no rights reserved,al_kordesch,Al Kordesch,2025-03-28,"Penang Hill, Ayer Itam, Penang, MY",research,False,5.4244616667,100.2673633333,1536,2048,no,giganteum/inat-267320793-480389110-al_kordesch.jpg,
Epipremnum giganteum,264990059,https://www.inaturalist.org/observations/264990059,475899737,https://inaturalist-open-data.s3.amazonaws.com/photos/475899737/original.jpg,cc-by-nc,"(c) Dean Zagorac, some rights reserved (CC BY-NC)",dzagorac,Dean Zagorac,2025-02-12,"Ao Nang, Mueang Krabi District, Krabi, Thailand",research,False,8.0178741997,98.8420952997,1273,2048,no,giganteum/inat-264990059-475899737-dzagorac.jpg,
Epipremnum giganteum,263064096,https://www.inaturalist.org/observations/263064096,472520602,https://inaturalist-open-data.s3.amazonaws.com/photos/472520602/original.jpg,cc-by-nc,"(c) mihailovujic, some rights reserved (CC BY-NC)",mihailovujic,,2025-02-25,"Ao Nang, Mueang Krabi District, Krabi, Thailand",research,False,8.0147048,98.8371072,1536,2048,no,giganteum/inat-263064096-472520602-mihailovujic.jpg,
Epipremnum giganteum,263043989,https://www.inaturalist.org/observations/263043989,472482600,https://static.inaturalist.org/photos/472482600/original.jpeg,all-rights-reserved,"(c) Alexandre Pierre-Champoux, all rights reserved",wildaroidhunter,Alexandre Pierre-Champoux,2025-02-20,"CQV5+VM2, Kam Lon, Lan Saka District, Nakhon Si Thammarat 80230, Thailand",research,False,8.4444484335,99.7587058693,1536,2048,no,giganteum/inat-263043989-472482600-wildaroidhunter.jpeg,
Epipremnum giganteum,263043989,https://www.inaturalist.org/observations/263043989,472482614,https://static.inaturalist.org/photos/472482614/original.jpeg,all-rights-reserved,"(c) Alexandre Pierre-Champoux, all rights reserved",wildaroidhunter,Alexandre Pierre-Champoux,2025-02-20,"CQV5+VM2, Kam Lon, Lan Saka District, Nakhon Si Thammarat 80230, Thailand",research,False,8.4444484335,99.7587058693,1536,2048,no,giganteum/inat-263043989-472482614-wildaroidhunter.jpeg,
Epipremnum giganteum,263043989,https://www.inaturalist.org/observations/263043989,472482626,https://static.inaturalist.org/photos/472482626/original.jpeg,all-rights-reserved,"(c) Alexandre Pierre-Champoux, all rights reserved",wildaroidhunter,Alexandre Pierre-Champoux,2025-02-20,"CQV5+VM2, Kam Lon, Lan Saka District, Nakhon Si Thammarat 80230, Thailand",research,False,8.4444484335,99.7587058693,1536,2048,no,giganteum/inat-263043989-472482626-wildaroidhunter.jpeg,
Epipremnum giganteum,263043989,https://www.inaturalist.org/observations/263043989,472482639,https://static.inaturalist.org/photos/472482639/original.jpeg,all-rights-reserved,"(c) Alexandre Pierre-Champoux, all rights reserved",wildaroidhunter,Alexandre Pierre-Champoux,2025-02-20,"CQV5+VM2, Kam Lon, Lan Saka District, Nakhon Si Thammarat 80230, Thailand",research,False,8.4444484335,99.7587058693,1536,2048,no,giganteum/inat-263043989-472482639-wildaroidhunter.jpeg,
Epipremnum giganteum,263043989,https://www.inaturalist.org/observations/263043989,472482654,https://static.inaturalist.org/photos/472482654/original.jpeg,all-rights-reserved,"(c) Alexandre Pierre-Champoux, all rights reserved",wildaroidhunter,Alexandre Pierre-Champoux,2025-02-20,"CQV5+VM2, Kam Lon, Lan Saka District, Nakhon Si Thammarat 80230, Thailand",research,False,8.4444484335,99.7587058693,1536,2048,no,giganteum/inat-263043989-472482654-wildaroidhunter.jpeg,
Epipremnum giganteum,263043989,https://www.inaturalist.org/observations/263043989,472482669,https://static.inaturalist.org/photos/472482669/original.jpeg,all-rights-reserved,"(c) Alexandre Pierre-Champoux, all rights reserved",wildaroidhunter,Alexandre Pierre-Champoux,2025-02-20,"CQV5+VM2, Kam Lon, Lan Saka District, Nakhon Si Thammarat 80230, Thailand",research,False,8.4444484335,99.7587058693,1536,2048,no,giganteum/inat-263043989-472482669-wildaroidhunter.jpeg,
Epipremnum giganteum,263043989,https://www.inaturalist.org/observations/263043989,472482684,https://static.inaturalist.org/photos/472482684/original.jpeg,all-rights-reserved,"(c) Alexandre Pierre-Champoux, all rights reserved",wildaroidhunter,Alexandre Pierre-Champoux,2025-02-20,"CQV5+VM2, Kam Lon, Lan Saka District, Nakhon Si Thammarat 80230, Thailand",research,False,8.4444484335,99.7587058693,1536,2048,no,giganteum/inat-263043989-472482684-wildaroidhunter.jpeg,
Epipremnum giganteum,263043989,https://www.inaturalist.org/observations/263043989,472482701,https://static.inaturalist.org/photos/472482701/original.jpeg,all-rights-reserved,"(c) Alexandre Pierre-Champoux, all rights reserved",wildaroidhunter,Alexandre Pierre-Champoux,2025-02-20,"CQV5+VM2, Kam Lon, Lan Saka District, Nakhon Si Thammarat 80230, Thailand",research,False,8.4444484335,99.7587058693,1536,2048,no,giganteum/inat-263043989-472482701-wildaroidhunter.jpeg,
Epipremnum giganteum,263043989,https://www.inaturalist.org/observations/263043989,472482726,https://static.inaturalist.org/photos/472482726/original.jpeg,all-rights-reserved,"(c) Alexandre Pierre-Champoux, all rights reserved",wildaroidhunter,Alexandre Pierre-Champoux,2025-02-20,"CQV5+VM2, Kam Lon, Lan Saka District, Nakhon Si Thammarat 80230, Thailand",research,False,8.4444484335,99.7587058693,1536,2048,no,giganteum/inat-263043989-472482726-wildaroidhunter.jpeg,
Epipremnum giganteum,263043989,https://www.inaturalist.org/observations/263043989,472482744,https://static.inaturalist.org/photos/472482744/original.jpeg,all-rights-reserved,"(c) Alexandre Pierre-Champoux, all rights reserved",wildaroidhunter,Alexandre Pierre-Champoux,2025-02-20,"CQV5+VM2, Kam Lon, Lan Saka District, Nakhon Si Thammarat 80230, Thailand",research,False,8.4444484335,99.7587058693,1536,2048,no,giganteum/inat-263043989-472482744-wildaroidhunter.jpeg,
Epipremnum giganteum,263043989,https://www.inaturalist.org/observations/263043989,472482762,https://static.inaturalist.org/photos/472482762/original.jpeg,all-rights-reserved,"(c) Alexandre Pierre-Champoux, all rights reserved",wildaroidhunter,Alexandre Pierre-Champoux,2025-02-20,"CQV5+VM2, Kam Lon, Lan Saka District, Nakhon Si Thammarat 80230, Thailand",research,False,8.4444484335,99.7587058693,1536,2048,no,giganteum/inat-263043989-472482762-wildaroidhunter.jpeg,
Epipremnum giganteum,263043989,https://www.inaturalist.org/observations/263043989,472482785,https://static.inaturalist.org/photos/472482785/original.jpeg,all-rights-reserved,"(c) Alexandre Pierre-Champoux, all rights reserved",wildaroidhunter,Alexandre Pierre-Champoux,2025-02-20,"CQV5+VM2, Kam Lon, Lan Saka District, Nakhon Si Thammarat 80230, Thailand",research,False,8.4444484335,99.7587058693,1536,2048,no,giganteum/inat-263043989-472482785-wildaroidhunter.jpeg,
Epipremnum giganteum,263043989,https://www.inaturalist.org/observations/263043989,472482810,https://static.inaturalist.org/photos/472482810/original.jpeg,all-rights-reserved,"(c) Alexandre Pierre-Champoux, all rights reserved",wildaroidhunter,Alexandre Pierre-Champoux,2025-02-20,"CQV5+VM2, Kam Lon, Lan Saka District, Nakhon Si Thammarat 80230, Thailand",research,False,8.4444484335,99.7587058693,1536,2048,no,giganteum/inat-263043989-472482810-wildaroidhunter.jpeg,
Epipremnum giganteum,263043989,https://www.inaturalist.org/observations/263043989,472482823,https://static.inaturalist.org/photos/472482823/original.jpeg,all-rights-reserved,"(c) Alexandre Pierre-Champoux, all rights reserved",wildaroidhunter,Alexandre Pierre-Champoux,2025-02-20,"CQV5+VM2, Kam Lon, Lan Saka District, Nakhon Si Thammarat 80230, Thailand",research,False,8.4444484335,99.7587058693,1536,2048,no,giganteum/inat-263043989-472482823-wildaroidhunter.jpeg,
Epipremnum giganteum,261416112,https://www.inaturalist.org/observations/261416112,469640896,https://inaturalist-open-data.s3.amazonaws.com/photos/469640896/original.jpg,cc-by-nc,"(c) Jasen Liu, some rights reserved (CC BY-NC)",jasen_liu,Jasen Liu,2019-07-31,"CGM9+W9X, Tham Nam Phut, Mueang Phang-nga District, Phang Nga 82000, Thailand",needs_id,False,8.43478,98.51827,2048,1536,no,giganteum/inat-261416112-469640896-jasen_liu.jpg,
Epipremnum giganteum,261416112,https://www.inaturalist.org/observations/261416112,469641174,https://inaturalist-open-data.s3.amazonaws.com/photos/469641174/original.jpg,cc-by-nc,"(c) Jasen Liu, some rights reserved (CC BY-NC)",jasen_liu,Jasen Liu,2019-07-31,"CGM9+W9X, Tham Nam Phut, Mueang Phang-nga District, Phang Nga 82000, Thailand",needs_id,False,8.43478,98.51827,1037,1705,no,giganteum/inat-261416112-469641174-jasen_liu.jpg,
Epipremnum giganteum,261416112,https://www.inaturalist.org/observations/261416112,469640902,https://inaturalist-open-data.s3.amazonaws.com/photos/469640902/original.jpg,cc-by-nc,"(c) Jasen Liu, some rights reserved (CC BY-NC)",jasen_liu,Jasen Liu,2019-07-31,"CGM9+W9X, Tham Nam Phut, Mueang Phang-nga District, Phang Nga 82000, Thailand",needs_id,False,8.43478,98.51827,2048,1536,no,giganteum/inat-261416112-469640902-jasen_liu.jpg,
Epipremnum giganteum,259079159,https://www.inaturalist.org/observations/259079159,464989980,https://static.inaturalist.org/photos/464989980/original.jpeg,all-rights-reserved,"(c) Alexandre Pierre-Champoux, all rights reserved",wildaroidhunter,Alexandre Pierre-Champoux,2024-12-13,"Mae Raem, Mae Rim District, Chiang Mai 50180, Thailand",research,False,18.9049076744,98.8882492483,1649,2048,no,giganteum/inat-259079159-464989980-wildaroidhunter.jpeg,
Epipremnum giganteum,253644941,https://www.inaturalist.org/observations/253644941,454205303,https://inaturalist-open-data.s3.amazonaws.com/photos/454205303/original.jpeg,cc-by-nc,"(c) Niran Anurakpongsathorn, some rights reserved (CC BY-NC)",niran_anurakpongsathorn,Niran Anurakpongsathorn,2024-11-30,"VRFG+4PG, Khao Wongkot, Kaeng Hang Maeo District, Chanthaburi 22160, Thailand",research,False,12.8726277778,101.8248527778,2048,1536,no,giganteum/inat-253644941-454205303-niran_anurakpongsathorn.jpeg,
Epipremnum giganteum,253644941,https://www.inaturalist.org/observations/253644941,454205324,https://inaturalist-open-data.s3.amazonaws.com/photos/454205324/original.jpeg,cc-by-nc,"(c) Niran Anurakpongsathorn, some rights reserved (CC BY-NC)",niran_anurakpongsathorn,Niran Anurakpongsathorn,2024-11-30,"VRFG+4PG, Khao Wongkot, Kaeng Hang Maeo District, Chanthaburi 22160, Thailand",research,False,12.8726277778,101.8248527778,2048,1536,no,giganteum/inat-253644941-454205324-niran_anurakpongsathorn.jpeg,
Epipremnum giganteum,251561171,https://www.inaturalist.org/observations/251561171,450142269,https://static.inaturalist.org/photos/450142269/original.jpeg,all-rights-reserved,"(c) Natthanon, all rights reserved",nonwiwat,Natthanon,2022-12-27,"Khao Pra-Bang Khram Wildlife Sanctuary, Khlong Thom, Krabi, TH",research,False,7.9269166667,99.2709416667,2048,1536,no,giganteum/inat-251561171-450142269-nonwiwat.jpeg,
Epipremnum giganteum,251561171,https://www.inaturalist.org/observations/251561171,450142293,https://static.inaturalist.org/photos/450142293/original.jpeg,all-rights-reserved,"(c) Natthanon, all rights reserved",nonwiwat,Natthanon,2022-12-27,"Khao Pra-Bang Khram Wildlife Sanctuary, Khlong Thom, Krabi, TH",research,False,7.9269166667,99.2709416667,2048,1536,no,giganteum/inat-251561171-450142293-nonwiwat.jpeg,
Epipremnum giganteum,244876752,https://www.inaturalist.org/observations/244876752,436881186,https://inaturalist-open-data.s3.amazonaws.com/photos/436881186/original.jpeg,cc-by-nc,"(c) Jeff Smith, some rights reserved (CC BY-NC)",jeff_dreamgreen,Jeff Smith,2024-09-30,"Khao Sok, Nong Yai, Chonburi, TH",needs_id,False,13.0744453,101.41838975,1536,2048,no,giganteum/inat-244876752-436881186-jeff_dreamgreen.jpeg,
Epipremnum giganteum,244876752,https://www.inaturalist.org/observations/244876752,436881269,https://inaturalist-open-data.s3.amazonaws.com/photos/436881269/original.jpeg,cc-by-nc,"(c) Jeff Smith, some rights reserved (CC BY-NC)",jeff_dreamgreen,Jeff Smith,2024-09-30,"Khao Sok, Nong Yai, Chonburi, TH",needs_id,False,13.0744453,101.41838975,1536,2048,no,giganteum/inat-244876752-436881269-jeff_dreamgreen.jpeg,
Epipremnum giganteum,244876752,https://www.inaturalist.org/observations/244876752,436881388,https://inaturalist-open-data.s3.amazonaws.com/photos/436881388/original.jpeg,cc-by-nc,"(c) Jeff Smith, some rights reserved (CC BY-NC)",jeff_dreamgreen,Jeff Smith,2024-09-30,"Khao Sok, Nong Yai, Chonburi, TH",needs_id,False,13.0744453,101.41838975,1536,2048,no,giganteum/inat-244876752-436881388-jeff_dreamgreen.jpeg,
Epipremnum giganteum,240466201,https://www.inaturalist.org/observations/240466201,428419733,https://static.inaturalist.org/photos/428419733/original.jpeg,all-rights-reserved,"(c) Oliver Ingold, all rights reserved",oli_in_gold,Oliver Ingold,2024-09-07,"Batu Caves, Batu Caves, Selangor, MY",research,False,3.2387883333,101.6851416667,1362,2048,no,giganteum/inat-240466201-428419733-oli_in_gold.jpeg,
Epipremnum giganteum,240466201,https://www.inaturalist.org/observations/240466201,428419785,https://static.inaturalist.org/photos/428419785/original.jpeg,all-rights-reserved,"(c) Oliver Ingold, all rights reserved",oli_in_gold,Oliver Ingold,2024-09-07,"Batu Caves, Batu Caves, Selangor, MY",research,False,3.2387883333,101.6851416667,1536,2048,no,giganteum/inat-240466201-428419785-oli_in_gold.jpeg,
Epipremnum giganteum,238371716,https://www.inaturalist.org/observations/238371716,424373337,https://inaturalist-open-data.s3.amazonaws.com/photos/424373337/original.jpeg,cc-by-nc,"(c) pavelkornev, some rights reserved (CC BY-NC)",pavelkornev,,2024-08-28,"V9XX+PH7 Khao Toh Sae exercise park, Tambon Ratsada, Amphoe Mueang Phuket, Chang Wat Phuket 83000, Thailand",research,False,7.8991121667,98.3984375,1536,2048,no,giganteum/inat-238371716-424373337-pavelkornev.jpeg,
Epipremnum giganteum,236674527,https://www.inaturalist.org/observations/236674527,421092156,https://inaturalist-open-data.s3.amazonaws.com/photos/421092156/original.jpeg,cc-by-nc,"(c) pavelkornev, some rights reserved (CC BY-NC)",pavelkornev,,2024-08-19,"Bang Thao Nok, Thalang District, Phuket 83110, Thailand",research,False,7.9626099997,98.3116365997,1536,2048,no,giganteum/inat-236674527-421092156-pavelkornev.jpeg,
Epipremnum giganteum,236674527,https://www.inaturalist.org/observations/236674527,421092172,https://inaturalist-open-data.s3.amazonaws.com/photos/421092172/original.jpeg,cc-by-nc,"(c) pavelkornev, some rights reserved (CC BY-NC)",pavelkornev,,2024-08-19,"Bang Thao Nok, Thalang District, Phuket 83110, Thailand",research,False,7.9626099997,98.3116365997,1536,2048,no,giganteum/inat-236674527-421092172-pavelkornev.jpeg,
Epipremnum giganteum,236674527,https://www.inaturalist.org/observations/236674527,421092189,https://inaturalist-open-data.s3.amazonaws.com/photos/421092189/original.jpeg,cc-by-nc,"(c) pavelkornev, some rights reserved (CC BY-NC)",pavelkornev,,2024-08-19,"Bang Thao Nok, Thalang District, Phuket 83110, Thailand",research,False,7.9626099997,98.3116365997,1536,2048,no,giganteum/inat-236674527-421092189-pavelkornev.jpeg,
Epipremnum giganteum,236674527,https://www.inaturalist.org/observations/236674527,421092200,https://inaturalist-open-data.s3.amazonaws.com/photos/421092200/original.jpeg,cc-by-nc,"(c) pavelkornev, some rights reserved (CC BY-NC)",pavelkornev,,2024-08-19,"Bang Thao Nok, Thalang District, Phuket 83110, Thailand",research,False,7.9626099997,98.3116365997,1536,2048,no,giganteum/inat-236674527-421092200-pavelkornev.jpeg,
Epipremnum giganteum,236674527,https://www.inaturalist.org/observations/236674527,421092215,https://inaturalist-open-data.s3.amazonaws.com/photos/421092215/original.jpeg,cc-by-nc,"(c) pavelkornev, some rights reserved (CC BY-NC)",pavelkornev,,2024-08-19,"Bang Thao Nok, Thalang District, Phuket 83110, Thailand",research,False,7.9626099997,98.3116365997,2048,1536,no,giganteum/inat-236674527-421092215-pavelkornev.jpeg,
Epipremnum giganteum,232179922,https://www.inaturalist.org/observations/232179922,412454441,https://inaturalist-open-data.s3.amazonaws.com/photos/412454441/original.jpg,cc-by-nc,"(c) tkp123, some rights reserved (CC BY-NC)",tkp123,,2024-06-06,,research,True,1.2262223758,103.6267367248,2048,1365,no,giganteum/inat-232179922-412454441-tkp123.jpg,
Epipremnum giganteum,227221685,https://www.inaturalist.org/observations/227221685,403070837,https://static.inaturalist.org/photos/403070837/original.jpg,all-rights-reserved,"(c) Karmila Norizan, all rights reserved",karmila_norizan,Karmila Norizan,2024-07-03,"Seksyen U10, Shah Alam, Selangor, MY",research,False,3.129975,101.4773283333,1536,2048,no,giganteum/inat-227221685-403070837-karmila_norizan.jpg,
Epipremnum giganteum,227221685,https://www.inaturalist.org/observations/227221685,403074621,https://static.inaturalist.org/photos/403074621/original.jpg,all-rights-reserved,"(c) Karmila Norizan, all rights reserved",karmila_norizan,Karmila Norizan,2024-07-03,"Seksyen U10, Shah Alam, Selangor, MY",research,False,3.129975,101.4773283333,1536,2048,no,giganteum/inat-227221685-403074621-karmila_norizan.jpg,
Epipremnum giganteum,210716315,https://www.inaturalist.org/observations/210716315,372670982,https://inaturalist-open-data.s3.amazonaws.com/photos/372670982/original.jpeg,cc-by-nc,"(c) adithep, some rights reserved (CC BY-NC)",adithep,,2024-04-28,"เลขที่ 64, ตำบล บ้านเกาะ อำเภอ พรหมคีรี นครศรีธรรมราช 80320 ประเทศไทย",research,False,8.5418494244,99.8423689976,899,2048,no,giganteum/inat-210716315-372670982-adithep.jpeg,
Epipremnum giganteum,205518813,https://www.inaturalist.org/observations/205518813,363405858,https://inaturalist-open-data.s3.amazonaws.com/photos/363405858/original.jpeg,cc-by-nc,"(c) marianna_vasile, some rights reserved (CC BY-NC)",marianna_vasile,,2024-03-26,"FXCR+W59, Na Mueang, Ko Samui District, Surat Thani 84140, Thailand",research,False,9.47160335,99.98969458,1536,2048,no,giganteum/inat-205518813-363405858-marianna_vasile.jpeg,
Epipremnum giganteum,205518813,https://www.inaturalist.org/observations/205518813,363405883,https://inaturalist-open-data.s3.amazonaws.com/photos/363405883/original.jpeg,cc-by-nc,"(c) marianna_vasile, some rights reserved (CC BY-NC)",marianna_vasile,,2024-03-26,"FXCR+W59, Na Mueang, Ko Samui District, Surat Thani 84140, Thailand",research,False,9.47160335,99.98969458,1536,2048,no,giganteum/inat-205518813-363405883-marianna_vasile.jpeg,
Epipremnum giganteum,205518813,https://www.inaturalist.org/observations/205518813,363405918,https://inaturalist-open-data.s3.amazonaws.com/photos/363405918/original.jpeg,cc-by-nc,"(c) marianna_vasile, some rights reserved (CC BY-NC)",marianna_vasile,,2024-03-26,"FXCR+W59, Na Mueang, Ko Samui District, Surat Thani 84140, Thailand",research,False,9.47160335,99.98969458,1536,2048,no,giganteum/inat-205518813-363405918-marianna_vasile.jpeg,
Epipremnum giganteum,205490165,https://www.inaturalist.org/observations/205490165,363353570,https://inaturalist-open-data.s3.amazonaws.com/photos/363353570/original.jpg,cc-by-nc,"(c) Hamrish Singh, some rights reserved (CC BY-NC)",hamrish_singh,Hamrish Singh,2024-04-05,"Langkawi Island, Langkawi, Kedah, MY",needs_id,False,6.4235633333,99.6683883333,1536,2048,no,giganteum/inat-205490165-363353570-hamrish_singh.jpg,
Epipremnum giganteum,198549028,https://www.inaturalist.org/observations/198549028,349976992,https://inaturalist-open-data.s3.amazonaws.com/photos/349976992/original.jpg,cc-by-nc,"(c) ylin11111111, some rights reserved (CC BY-NC)",ylin11111111,,2024-02-06,"武吉知马自然保护区, SG",research,False,1.3476710062,103.7763076516,1536,2048,no,giganteum/inat-198549028-349976992-ylin11111111.jpg,
Epipremnum giganteum,197761846,https://www.inaturalist.org/observations/197761846,348393166,https://inaturalist-open-data.s3.amazonaws.com/photos/348393166/original.jpeg,cc-by-nc,"(c) w4rid, some rights reserved (CC BY-NC)",w4rid,,2024-01-28,9FP8+QR4 ตำบล นาคา อำเภอ สุขสำราญ ระนอง 85120 ประเทศไทย,research,False,9.3851216667,98.4665283333,1536,2048,no,giganteum/inat-197761846-348393166-w4rid.jpeg,
Epipremnum giganteum,197761846,https://www.inaturalist.org/observations/197761846,348393196,https://inaturalist-open-data.s3.amazonaws.com/photos/348393196/original.jpeg,cc-by-nc,"(c) w4rid, some rights reserved (CC BY-NC)",w4rid,,2024-01-28,9FP8+QR4 ตำบล นาคา อำเภอ สุขสำราญ ระนอง 85120 ประเทศไทย,research,False,9.3851216667,98.4665283333,1536,2048,no,giganteum/inat-197761846-348393196-w4rid.jpeg,
Epipremnum giganteum,190069586,https://www.inaturalist.org/observations/190069586,333115633,https://static.inaturalist.org/photos/333115633/original.jpeg,all-rights-reserved,"(c) AZAMUDDEEN NASIR, all rights reserved",azamuddeen_nasir,AZAMUDDEEN NASIR,2023-11-05,"Sepang, MY-SL, MY",research,False,2.9172204,101.608134,1536,2048,no,giganteum/inat-190069586-333115633-azamuddeen_nasir.jpeg,
Epipremnum giganteum,190069586,https://www.inaturalist.org/observations/190069586,333115660,https://static.inaturalist.org/photos/333115660/original.jpeg,all-rights-reserved,"(c) AZAMUDDEEN NASIR, all rights reserved",azamuddeen_nasir,AZAMUDDEEN NASIR,2023-11-05,"Sepang, MY-SL, MY",research,False,2.9172204,101.608134,1536,2048,no,giganteum/inat-190069586-333115660-azamuddeen_nasir.jpeg,
Epipremnum giganteum,190069586,https://www.inaturalist.org/observations/190069586,333116336,https://static.inaturalist.org/photos/333116336/original.jpeg,all-rights-reserved,"(c) AZAMUDDEEN NASIR, all rights reserved",azamuddeen_nasir,AZAMUDDEEN NASIR,2023-11-05,"Sepang, MY-SL, MY",research,False,2.9172204,101.608134,1536,2048,no,giganteum/inat-190069586-333116336-azamuddeen_nasir.jpeg,
Epipremnum giganteum,189635410,https://www.inaturalist.org/observations/189635410,332255599,https://static.inaturalist.org/photos/332255599/original.jpeg,all-rights-reserved,"(c) Libbi Wu, all rights reserved",libbing_life,Libbi Wu,2023-10-31,"Penang Hill, 11500 Bukit Bendera, Penang, Malaysia",research,False,5.4084613,100.2773317,1152,2048,no,giganteum/inat-189635410-332255599-libbing_life.jpeg,
Epipremnum giganteum,189005916,https://www.inaturalist.org/observations/189005916,330975381,https://inaturalist-open-data.s3.amazonaws.com/photos/330975381/original.jpg,cc-by-nc,"(c) Hubert Szczygieł, some rights reserved (CC BY-NC)",hubertszcz,Hubert Szczygieł,2023-02-28,"Tân Phú District, Dong Nai, Vietnam",needs_id,False,11.4521990531,107.3792461997,2048,1365,no,giganteum/inat-189005916-330975381-hubertszcz.jpg,
Epipremnum giganteum,185863733,https://www.inaturalist.org/observations/185863733,324685559,https://inaturalist-open-data.s3.amazonaws.com/photos/324685559/original.jpeg,cc-by-nc,"(c) Akmal Idham, some rights reserved (CC BY-NC)",akmal_idham,Akmal Idham,2023-09-30,"Selangor, Malaysia",research,False,3.1786923287,101.4995202678,1365,2048,no,giganteum/inat-185863733-324685559-akmal_idham.jpeg,
Epipremnum giganteum,182766160,https://www.inaturalist.org/observations/182766160,318729483,https://inaturalist-open-data.s3.amazonaws.com/photos/318729483/original.jpeg,cc-by-sa,"(c) Ong Jyh Seng, some rights reserved (CC BY-SA)",ongzi,Ong Jyh Seng,2023-09-11,"Bukit Naning, 84200 Bukit Bakri, Johor, Malaysia",research,False,2.0327583333,102.754275,2048,1155,no,giganteum/inat-182766160-318729483-ongzi.jpeg,
Epipremnum giganteum,182766160,https://www.inaturalist.org/observations/182766160,318729503,https://inaturalist-open-data.s3.amazonaws.com/photos/318729503/original.jpeg,cc-by-sa,"(c) Ong Jyh Seng, some rights reserved (CC BY-SA)",ongzi,Ong Jyh Seng,2023-09-11,"Bukit Naning, 84200 Bukit Bakri, Johor, Malaysia",research,False,2.0327583333,102.754275,1155,2048,no,giganteum/inat-182766160-318729503-ongzi.jpeg,
Epipremnum giganteum,177271988,https://www.inaturalist.org/observations/177271988,308295519,https://static.inaturalist.org/photos/308295519/original.jpeg,all-rights-reserved,"(c) CiS88, all rights reserved",cis88,CiS88,2023-08-07,"Central Water Catchment, Singapore",research,False,1.3459645746,103.8350909203,1537,2048,no,giganteum/inat-177271988-308295519-cis88.jpeg,
Epipremnum giganteum,177271988,https://www.inaturalist.org/observations/177271988,308295682,https://static.inaturalist.org/photos/308295682/original.jpeg,all-rights-reserved,"(c) CiS88, all rights reserved",cis88,CiS88,2023-08-07,"Central Water Catchment, Singapore",research,False,1.3459645746,103.8350909203,1537,2048,no,giganteum/inat-177271988-308295682-cis88.jpeg,
Epipremnum giganteum,169740251,https://www.inaturalist.org/observations/169740251,294303342,https://inaturalist-open-data.s3.amazonaws.com/photos/294303342/original.jpeg,cc-by,"(c) scallions, some rights reserved (CC BY)",scallions,,2023-06-26,"Bukit Panjang, Singapore",research,False,1.3493027778,103.7784722222,2048,1536,no,giganteum/inat-169740251-294303342-scallions.jpeg,
Epipremnum giganteum,169740251,https://www.inaturalist.org/observations/169740251,294303347,https://inaturalist-open-data.s3.amazonaws.com/photos/294303347/original.jpeg,cc-by,"(c) scallions, some rights reserved (CC BY)",scallions,,2023-06-26,"Bukit Panjang, Singapore",research,False,1.3493027778,103.7784722222,1536,2048,no,giganteum/inat-169740251-294303347-scallions.jpeg,
Epipremnum giganteum,169740251,https://www.inaturalist.org/observations/169740251,294303356,https://inaturalist-open-data.s3.amazonaws.com/photos/294303356/original.jpeg,cc-by,"(c) scallions, some rights reserved (CC BY)",scallions,,2023-06-26,"Bukit Panjang, Singapore",research,False,1.3493027778,103.7784722222,1536,2048,no,giganteum/inat-169740251-294303356-scallions.jpeg,
Epipremnum giganteum,169740251,https://www.inaturalist.org/observations/169740251,294303364,https://inaturalist-open-data.s3.amazonaws.com/photos/294303364/original.jpeg,cc-by,"(c) scallions, some rights reserved (CC BY)",scallions,,2023-06-26,"Bukit Panjang, Singapore",research,False,1.3493027778,103.7784722222,1536,2048,no,giganteum/inat-169740251-294303364-scallions.jpeg,
Epipremnum giganteum,169225469,https://www.inaturalist.org/observations/169225469,293360427,https://inaturalist-open-data.s3.amazonaws.com/photos/293360427/original.jpeg,cc-by-nc,"(c) Gordon Chen, some rights reserved (CC BY-NC)",gordonb09b01026,Gordon Chen,2023-06-20,"Pak Nam, La-ngu District, Satun, Thailand",research,False,6.8354916667,99.7550055556,2048,1536,no,giganteum/inat-169225469-293360427-gordonb09b01026.jpeg,
Epipremnum giganteum,169225469,https://www.inaturalist.org/observations/169225469,293360452,https://inaturalist-open-data.s3.amazonaws.com/photos/293360452/original.jpeg,cc-by-nc,"(c) Gordon Chen, some rights reserved (CC BY-NC)",gordonb09b01026,Gordon Chen,2023-06-20,"Pak Nam, La-ngu District, Satun, Thailand",research,False,6.8354916667,99.7550055556,1536,2048,no,giganteum/inat-169225469-293360452-gordonb09b01026.jpeg,
Epipremnum giganteum,169225469,https://www.inaturalist.org/observations/169225469,293360480,https://inaturalist-open-data.s3.amazonaws.com/photos/293360480/original.jpeg,cc-by-nc,"(c) Gordon Chen, some rights reserved (CC BY-NC)",gordonb09b01026,Gordon Chen,2023-06-20,"Pak Nam, La-ngu District, Satun, Thailand",research,False,6.8354916667,99.7550055556,1536,2048,no,giganteum/inat-169225469-293360480-gordonb09b01026.jpeg,
Epipremnum giganteum,169225469,https://www.inaturalist.org/observations/169225469,293360508,https://inaturalist-open-data.s3.amazonaws.com/photos/293360508/original.jpeg,cc-by-nc,"(c) Gordon Chen, some rights reserved (CC BY-NC)",gordonb09b01026,Gordon Chen,2023-06-20,"Pak Nam, La-ngu District, Satun, Thailand",research,False,6.8354916667,99.7550055556,1536,2048,no,giganteum/inat-169225469-293360508-gordonb09b01026.jpeg,
Epipremnum giganteum,169225469,https://www.inaturalist.org/observations/169225469,293360538,https://inaturalist-open-data.s3.amazonaws.com/photos/293360538/original.jpeg,cc-by-nc,"(c) Gordon Chen, some rights reserved (CC BY-NC)",gordonb09b01026,Gordon Chen,2023-06-20,"Pak Nam, La-ngu District, Satun, Thailand",research,False,6.8354916667,99.7550055556,1536,2048,no,giganteum/inat-169225469-293360538-gordonb09b01026.jpeg,
Epipremnum giganteum,166729183,https://www.inaturalist.org/observations/166729183,288751960,https://inaturalist-open-data.s3.amazonaws.com/photos/288751960/original.jpg,cc-by-nc,"(c) dukexprize, some rights reserved (CC BY-NC)",dukexprize,,2023-06-09,"Central Water Catchment, Singapore",research,False,1.3561027778,103.8164222222,2032,2040,no,giganteum/inat-166729183-288751960-dukexprize.jpg,
Epipremnum giganteum,166729183,https://www.inaturalist.org/observations/166729183,288752031,https://inaturalist-open-data.s3.amazonaws.com/photos/288752031/original.jpg,cc-by-nc,"(c) dukexprize, some rights reserved (CC BY-NC)",dukexprize,,2023-06-09,"Central Water Catchment, Singapore",research,False,1.3561027778,103.8164222222,1401,2048,no,giganteum/inat-166729183-288752031-dukexprize.jpg,
Epipremnum giganteum,165703783,https://www.inaturalist.org/observations/165703783,286868187,https://inaturalist-open-data.s3.amazonaws.com/photos/286868187/original.jpg,cc-by-nc,"(c) Biometrio Earth, some rights reserved (CC BY-NC)",biometrio,Biometrio Earth,2023-05-27,"Central Water Catchment, Singapur",research,False,1.356227713,103.816571,676,676,no,giganteum/inat-165703783-286868187-biometrio.jpg,
Epipremnum giganteum,162943056,https://www.inaturalist.org/observations/162943056,281777976,https://static.inaturalist.org/photos/281777976/original.jpg,all-rights-reserved,"(c) Saroj Ruchisansakun, all rights reserved",sarojruchisansakun,Saroj Ruchisansakun,2023-05-21,"406, อ.ควนกาหลง, จ.สตูล, TH",needs_id,False,6.84627,100.1058055,1536,2048,no,giganteum/inat-162943056-281777976-sarojruchisansakun.jpg,
Epipremnum giganteum,162655484,https://www.inaturalist.org/observations/162655484,281263026,https://static.inaturalist.org/photos/281263026/original.jpeg,all-rights-reserved,"(c) Anna Smoot Lim, all rights reserved",anna_alpine,Anna Smoot Lim,2023-05-20,"Tembeling, Pahang, Malaysia",research,False,4.4273023636,102.4128824472,1536,2048,no,giganteum/inat-162655484-281263026-anna_alpine.jpeg,
Epipremnum giganteum,162655484,https://www.inaturalist.org/observations/162655484,281263064,https://static.inaturalist.org/photos/281263064/original.jpeg,all-rights-reserved,"(c) Anna Smoot Lim, all rights reserved",anna_alpine,Anna Smoot Lim,2023-05-20,"Tembeling, Pahang, Malaysia",research,False,4.4273023636,102.4128824472,1536,2048,no,giganteum/inat-162655484-281263064-anna_alpine.jpeg,
Epipremnum giganteum,161366272,https://www.inaturalist.org/observations/161366272,278918958,https://static.inaturalist.org/photos/278918958/original.jpg,all-rights-reserved,"(c) Saroj Ruchisansakun, all rights reserved",sarojruchisansakun,Saroj Ruchisansakun,2023-05-12,"2135, ศรีเมืองใหม่, จ.อุบลราชธานี, TH",needs_id,False,15.52432,105.4293283333,2048,1536,no,giganteum/inat-161366272-278918958-sarojruchisansakun.jpg,
Epipremnum giganteum,160033701,https://www.inaturalist.org/observations/160033701,276526027,https://inaturalist-open-data.s3.amazonaws.com/photos/276526027/original.jpeg,cc-by-nc,"(c) Татьяна Химера, some rights reserved (CC BY-NC)",tatiana_chimera,Татьяна Химера,2014-02-12,"Ko Chang, Ko Chang District, Trat, Таиланд",research,False,12.0625335967,102.3103051383,2048,1536,no,giganteum/inat-160033701-276526027-tatiana_chimera.jpeg,
Epipremnum giganteum,157021433,https://www.inaturalist.org/observations/157021433,271561437,https://inaturalist-open-data.s3.amazonaws.com/photos/271561437/original.jpeg,cc-by-nc,"(c) Akmal Idham, some rights reserved (CC BY-NC)",akmal_idham,Akmal Idham,2023-04-28,"Petaling, MY-SL, MY",research,False,3.1745777778,101.4994527778,1542,2048,no,giganteum/inat-157021433-271561437-akmal_idham.jpeg,
Epipremnum giganteum,151390350,https://www.inaturalist.org/observations/151390350,261206427,https://inaturalist-open-data.s3.amazonaws.com/photos/261206427/original.jpg,cc-by-nc,"(c) nolliecilliers, some rights reserved (CC BY-NC)",nolliecilliers,,2023-03-17,"Hat Noppharat Thara – Mu Ko Phi Phi National Park, Mueang Krabi, Krabi, TH",needs_id,False,8.0164333333,98.8295533333,1536,2048,no,giganteum/inat-151390350-261206427-nolliecilliers.jpg,
Epipremnum giganteum,151389654,https://www.inaturalist.org/observations/151389654,261205079,https://inaturalist-open-data.s3.amazonaws.com/photos/261205079/original.jpg,cc-by-nc,"(c) nolliecilliers, some rights reserved (CC BY-NC)",nolliecilliers,,2023-03-17,"Hat Noppharat Thara – Mu Ko Phi Phi National Park, Mueang Krabi, Krabi, TH",research,False,8.01593055,98.8296583333,1536,2048,no,giganteum/inat-151389654-261205079-nolliecilliers.jpg,
Epipremnum giganteum,151389432,https://www.inaturalist.org/observations/151389432,261204580,https://inaturalist-open-data.s3.amazonaws.com/photos/261204580/original.jpg,cc-by-nc,"(c) Tinus Oberholzer, some rights reserved (CC BY-NC)",tinusoberholzer,Tinus Oberholzer,2023-03-16,"Hat Noppharat Thara – Mu Ko Phi Phi National Park, Mueang Krabi, Krabi, TH",research,False,8.01013055,98.8412083333,1536,2048,no,giganteum/inat-151389432-261204580-tinusoberholzer.jpg,
Epipremnum giganteum,151389432,https://www.inaturalist.org/observations/151389432,261204660,https://inaturalist-open-data.s3.amazonaws.com/photos/261204660/original.jpg,cc-by-nc,"(c) Tinus Oberholzer, some rights reserved (CC BY-NC)",tinusoberholzer,Tinus Oberholzer,2023-03-16,"Hat Noppharat Thara – Mu Ko Phi Phi National Park, Mueang Krabi, Krabi, TH",research,False,8.01013055,98.8412083333,1536,2048,no,giganteum/inat-151389432-261204660-tinusoberholzer.jpg,
Epipremnum giganteum,151349176,https://www.inaturalist.org/observations/151349176,261127331,https://inaturalist-open-data.s3.amazonaws.com/photos/261127331/original.jpg,cc-by-nc,"(c) nolliecilliers, some rights reserved (CC BY-NC)",nolliecilliers,,2023-03-16,"Hat Noppharat Thara – Mu Ko Phi Phi National Park, Mueang Krabi, Krabi, TH",research,False,8.0131333333,98.847755,1536,2048,no,giganteum/inat-151349176-261127331-nolliecilliers.jpg,
Epipremnum giganteum,151349176,https://www.inaturalist.org/observations/151349176,261127359,https://inaturalist-open-data.s3.amazonaws.com/photos/261127359/original.jpg,cc-by-nc,"(c) nolliecilliers, some rights reserved (CC BY-NC)",nolliecilliers,,2023-03-16,"Hat Noppharat Thara – Mu Ko Phi Phi National Park, Mueang Krabi, Krabi, TH",research,False,8.0131333333,98.847755,1536,2048,no,giganteum/inat-151349176-261127359-nolliecilliers.jpg,
Epipremnum giganteum,151349176,https://www.inaturalist.org/observations/151349176,261127374,https://inaturalist-open-data.s3.amazonaws.com/photos/261127374/original.jpg,cc-by-nc,"(c) nolliecilliers, some rights reserved (CC BY-NC)",nolliecilliers,,2023-03-16,"Hat Noppharat Thara – Mu Ko Phi Phi National Park, Mueang Krabi, Krabi, TH",research,False,8.0131333333,98.847755,1536,2048,no,giganteum/inat-151349176-261127374-nolliecilliers.jpg,
Epipremnum giganteum,151280523,https://www.inaturalist.org/observations/151280523,260998211,https://inaturalist-open-data.s3.amazonaws.com/photos/260998211/original.jpg,cc-by-nc,"(c) nolliecilliers, some rights reserved (CC BY-NC)",nolliecilliers,,2023-03-16,"Hat Noppharat Thara – Mu Ko Phi Phi National Park, Mueang Krabi, Krabi, TH",research,False,8.0067472167,98.8415216667,1536,2048,no,giganteum/inat-151280523-260998211-nolliecilliers.jpg,
Epipremnum giganteum,151280523,https://www.inaturalist.org/observations/151280523,260998228,https://inaturalist-open-data.s3.amazonaws.com/photos/260998228/original.jpg,cc-by-nc,"(c) nolliecilliers, some rights reserved (CC BY-NC)",nolliecilliers,,2023-03-16,"Hat Noppharat Thara – Mu Ko Phi Phi National Park, Mueang Krabi, Krabi, TH",research,False,8.0067472167,98.8415216667,1536,2048,no,giganteum/inat-151280523-260998228-nolliecilliers.jpg,
Epipremnum giganteum,151279053,https://www.inaturalist.org/observations/151279053,260998051,https://inaturalist-open-data.s3.amazonaws.com/photos/260998051/original.jpg,cc-by-nc,"(c) nolliecilliers, some rights reserved (CC BY-NC)",nolliecilliers,,2023-03-16,"Hat Noppharat Thara – Mu Ko Phi Phi National Park, Mueang Krabi, Krabi, TH",research,False,8.0070888833,98.841025,1536,2048,no,giganteum/inat-151279053-260998051-nolliecilliers.jpg,
Epipremnum giganteum,151279053,https://www.inaturalist.org/observations/151279053,260998078,https://inaturalist-open-data.s3.amazonaws.com/photos/260998078/original.jpg,cc-by-nc,"(c) nolliecilliers, some rights reserved (CC BY-NC)",nolliecilliers,,2023-03-16,"Hat Noppharat Thara – Mu Ko Phi Phi National Park, Mueang Krabi, Krabi, TH",research,False,8.0070888833,98.841025,1536,2048,no,giganteum/inat-151279053-260998078-nolliecilliers.jpg,
Epipremnum giganteum,151168141,https://www.inaturalist.org/observations/151168141,260785979,https://inaturalist-open-data.s3.amazonaws.com/photos/260785979/original.jpg,cc-by-nc,"(c) nolliecilliers, some rights reserved (CC BY-NC)",nolliecilliers,,2023-03-11,"Phan Waterfall Forest Park, Amphoe Palian, Trang, TH",needs_id,False,7.3097633333,99.808455,1536,2048,no,giganteum/inat-151168141-260785979-nolliecilliers.jpg,
Epipremnum giganteum,151168141,https://www.inaturalist.org/observations/151168141,260785991,https://inaturalist-open-data.s3.amazonaws.com/photos/260785991/original.jpg,cc-by-nc,"(c) nolliecilliers, some rights reserved (CC BY-NC)",nolliecilliers,,2023-03-11,"Phan Waterfall Forest Park, Amphoe Palian, Trang, TH",needs_id,False,7.3097633333,99.808455,1536,2048,no,giganteum/inat-151168141-260785991-nolliecilliers.jpg,
Epipremnum giganteum,151168141,https://www.inaturalist.org/observations/151168141,260786005,https://inaturalist-open-data.s3.amazonaws.com/photos/260786005/original.jpg,cc-by-nc,"(c) nolliecilliers, some rights reserved (CC BY-NC)",nolliecilliers,,2023-03-11,"Phan Waterfall Forest Park, Amphoe Palian, Trang, TH",needs_id,False,7.3097633333,99.808455,1536,2048,no,giganteum/inat-151168141-260786005-nolliecilliers.jpg,
Epipremnum giganteum,151086338,https://www.inaturalist.org/observations/151086338,260634245,https://inaturalist-open-data.s3.amazonaws.com/photos/260634245/original.jpg,cc-by-nc,"(c) nolliecilliers, some rights reserved (CC BY-NC)",nolliecilliers,,2023-03-11,"Phan Waterfall Forest Park, Amphoe Palian, Trang, TH",research,False,7.30997,99.808005,1536,2048,no,giganteum/inat-151086338-260634245-nolliecilliers.jpg,
Epipremnum giganteum,151086338,https://www.inaturalist.org/observations/151086338,260634287,https://inaturalist-open-data.s3.amazonaws.com/photos/260634287/original.jpg,cc-by-nc,"(c) nolliecilliers, some rights reserved (CC BY-NC)",nolliecilliers,,2023-03-11,"Phan Waterfall Forest Park, Amphoe Palian, Trang, TH",research,False,7.30997,99.808005,1536,2048,no,giganteum/inat-151086338-260634287-nolliecilliers.jpg,
Epipremnum giganteum,151085420,https://www.inaturalist.org/observations/151085420,260632576,https://inaturalist-open-data.s3.amazonaws.com/photos/260632576/original.jpg,cc-by-nc,"(c) nolliecilliers, some rights reserved (CC BY-NC)",nolliecilliers,,2023-03-11,"Palian, Amphoe Palian, Trang, TH",research,False,7.3116033333,99.808555,1536,2048,no,giganteum/inat-151085420-260632576-nolliecilliers.jpg,
Epipremnum giganteum,148898374,https://www.inaturalist.org/observations/148898374,256493036,https://inaturalist-open-data.s3.amazonaws.com/photos/256493036/original.jpeg,cc-by,"(c) luluchouette, some rights reserved (CC BY)",luluchouette,,2023-01-31,"Saravane, Laos",research,False,15.5279996248,106.2725451669,2048,1536,no,giganteum/inat-148898374-256493036-luluchouette.jpeg,
Epipremnum giganteum,148898374,https://www.inaturalist.org/observations/148898374,256493015,https://inaturalist-open-data.s3.amazonaws.com/photos/256493015/original.jpeg,cc-by,"(c) luluchouette, some rights reserved (CC BY)",luluchouette,,2023-01-31,"Saravane, Laos",research,False,15.5279996248,106.2725451669,2048,1536,no,giganteum/inat-148898374-256493015-luluchouette.jpeg,
Epipremnum giganteum,148898374,https://www.inaturalist.org/observations/148898374,256493030,https://inaturalist-open-data.s3.amazonaws.com/photos/256493030/original.jpeg,cc-by,"(c) luluchouette, some rights reserved (CC BY)",luluchouette,,2023-01-31,"Saravane, Laos",research,False,15.5279996248,106.2725451669,2048,1536,no,giganteum/inat-148898374-256493030-luluchouette.jpeg,
Epipremnum giganteum,148898374,https://www.inaturalist.org/observations/148898374,256493088,https://inaturalist-open-data.s3.amazonaws.com/photos/256493088/original.jpeg,cc-by,"(c) luluchouette, some rights reserved (CC BY)",luluchouette,,2023-01-31,"Saravane, Laos",research,False,15.5279996248,106.2725451669,2048,1536,no,giganteum/inat-148898374-256493088-luluchouette.jpeg,
Epipremnum giganteum,148898374,https://www.inaturalist.org/observations/148898374,256493263,https://inaturalist-open-data.s3.amazonaws.com/photos/256493263/original.jpeg,cc-by,"(c) luluchouette, some rights reserved (CC BY)",luluchouette,,2023-01-31,"Saravane, Laos",research,False,15.5279996248,106.2725451669,2048,1536,no,giganteum/inat-148898374-256493263-luluchouette.jpeg,
Epipremnum giganteum,146944724,https://www.inaturalist.org/observations/146944724,252768896,https://static.inaturalist.org/photos/252768896/original.jpeg,all-rights-reserved,"(c) AZAMUDDEEN NASIR, all rights reserved",azamuddeen_nasir,AZAMUDDEEN NASIR,2023-01-20,"Selangor, MY",research,True,3.5023566227,101.2124262931,1536,2048,no,giganteum/inat-146944724-252768896-azamuddeen_nasir.jpeg,
Epipremnum giganteum,146944724,https://www.inaturalist.org/observations/146944724,252768902,https://static.inaturalist.org/photos/252768902/original.jpeg,all-rights-reserved,"(c) AZAMUDDEEN NASIR, all rights reserved",azamuddeen_nasir,AZAMUDDEEN NASIR,2023-01-20,"Selangor, MY",research,True,3.5023566227,101.2124262931,1536,2048,no,giganteum/inat-146944724-252768902-azamuddeen_nasir.jpeg,
Epipremnum giganteum,146944724,https://www.inaturalist.org/observations/146944724,252768913,https://static.inaturalist.org/photos/252768913/original.jpeg,all-rights-reserved,"(c) AZAMUDDEEN NASIR, all rights reserved",azamuddeen_nasir,AZAMUDDEEN NASIR,2023-01-20,"Selangor, MY",research,True,3.5023566227,101.2124262931,1536,2048,no,giganteum/inat-146944724-252768913-azamuddeen_nasir.jpeg,
Epipremnum giganteum,146944724,https://www.inaturalist.org/observations/146944724,252768949,https://static.inaturalist.org/photos/252768949/original.jpeg,all-rights-reserved,"(c) AZAMUDDEEN NASIR, all rights reserved",azamuddeen_nasir,AZAMUDDEEN NASIR,2023-01-20,"Selangor, MY",research,True,3.5023566227,101.2124262931,1536,2048,no,giganteum/inat-146944724-252768949-azamuddeen_nasir.jpeg,
Epipremnum giganteum,146396759,https://www.inaturalist.org/observations/146396759,251681358,https://static.inaturalist.org/photos/251681358/original.jpg,all-rights-reserved,"(c) David Tng, all rights reserved",davidtng,David Tng,2023-01-10,"Bukit Timah, Singapore",research,False,1.354016413,103.7760936094,1536,2048,no,giganteum/inat-146396759-251681358-davidtng.jpg,
Epipremnum giganteum,146396759,https://www.inaturalist.org/observations/146396759,251681352,https://static.inaturalist.org/photos/251681352/original.jpg,all-rights-reserved,"(c) David Tng, all rights reserved",davidtng,David Tng,2023-01-10,"Bukit Timah, Singapore",research,False,1.354016413,103.7760936094,1536,2048,no,giganteum/inat-146396759-251681352-davidtng.jpg,
Epipremnum giganteum,146396759,https://www.inaturalist.org/observations/146396759,251681365,https://static.inaturalist.org/photos/251681365/original.jpg,all-rights-reserved,"(c) David Tng, all rights reserved",davidtng,David Tng,2023-01-10,"Bukit Timah, Singapore",research,False,1.354016413,103.7760936094,1536,2048,no,giganteum/inat-146396759-251681365-davidtng.jpg,
Epipremnum giganteum,143490722,https://www.inaturalist.org/observations/143490722,246093129,https://inaturalist-open-data.s3.amazonaws.com/photos/246093129/original.jpeg,cc-by,"(c) Sarka Masova, some rights reserved (CC BY)",eeuforiee,Sarka Masova,2022-12-02,"945R+HCM, Tha Kradan, Si Sawat District, Kanchanaburi 71250, Thajsko",research,False,14.35965,99.142694,945,2048,no,giganteum/inat-143490722-246093129-eeuforiee.jpeg,
Epipremnum giganteum,133608008,https://www.inaturalist.org/observations/133608008,227607525,https://inaturalist-open-data.s3.amazonaws.com/photos/227607525/original.jpg,cc-by,"(c) scallions, some rights reserved (CC BY)",scallions,,2022-09-04,"Hindhede Nature Park, SG",research,False,1.3519383333,103.7765883333,1536,2048,no,giganteum/inat-133608008-227607525-scallions.jpg,
Epipremnum giganteum,133608008,https://www.inaturalist.org/observations/133608008,227607648,https://inaturalist-open-data.s3.amazonaws.com/photos/227607648/original.jpg,cc-by,"(c) scallions, some rights reserved (CC BY)",scallions,,2022-09-04,"Hindhede Nature Park, SG",research,False,1.3519383333,103.7765883333,1536,2048,no,giganteum/inat-133608008-227607648-scallions.jpg,
Epipremnum giganteum,133608008,https://www.inaturalist.org/observations/133608008,227607808,https://inaturalist-open-data.s3.amazonaws.com/photos/227607808/original.jpg,cc-by,"(c) scallions, some rights reserved (CC BY)",scallions,,2022-09-04,"Hindhede Nature Park, SG",research,False,1.3519383333,103.7765883333,2048,1536,no,giganteum/inat-133608008-227607808-scallions.jpg,
Epipremnum giganteum,133206787,https://www.inaturalist.org/observations/133206787,226860858,https://inaturalist-open-data.s3.amazonaws.com/photos/226860858/original.jpeg,cc-by-nc,"(c) phoebezhouhuixin, some rights reserved (CC BY-NC)",phoebezhouhuixin,,2022-09-01,Bukit Timah Nature Reserve,research,False,1.3540669548,103.7769453228,1536,2048,no,giganteum/inat-133206787-226860858-phoebezhouhuixin.jpeg,
Epipremnum giganteum,116552911,https://www.inaturalist.org/observations/116552911,196753566,https://inaturalist-open-data.s3.amazonaws.com/photos/196753566/original.jpg,cc-by-nc,"(c) Punnawis Onrthammarat, some rights reserved (CC BY-NC)",punvius_othmerius,Punnawis Onrthammarat,2020-12-26,"Soi Sut Sai-Matthawang Uthit, Amphoe Hat Yai, Songkhla, TH",research,False,7.0138603724,100.5190810214,1365,2048,no,giganteum/inat-116552911-196753566-punvius_othmerius.jpg,
Epipremnum giganteum,104470750,https://www.inaturalist.org/observations/104470750,175052454,https://inaturalist-open-data.s3.amazonaws.com/photos/175052454/original.jpeg,cc-by,"(c) luluchouette, some rights reserved (CC BY)",luluchouette,,2021-12-21,"Sao Thong Chai, Kantharalak District, Si Sa Ket, Thailand",research,False,14.431634365,104.7026031074,2048,1536,no,giganteum/inat-104470750-175052454-luluchouette.jpeg,
Epipremnum giganteum,104470750,https://www.inaturalist.org/observations/104470750,175052445,https://inaturalist-open-data.s3.amazonaws.com/photos/175052445/original.jpeg,cc-by,"(c) luluchouette, some rights reserved (CC BY)",luluchouette,,2021-12-21,"Sao Thong Chai, Kantharalak District, Si Sa Ket, Thailand",research,False,14.431634365,104.7026031074,2048,1536,no,giganteum/inat-104470750-175052445-luluchouette.jpeg,
Epipremnum giganteum,104470750,https://www.inaturalist.org/observations/104470750,175052434,https://inaturalist-open-data.s3.amazonaws.com/photos/175052434/original.jpeg,cc-by,"(c) luluchouette, some rights reserved (CC BY)",luluchouette,,2021-12-21,"Sao Thong Chai, Kantharalak District, Si Sa Ket, Thailand",research,False,14.431634365,104.7026031074,2048,1536,no,giganteum/inat-104470750-175052434-luluchouette.jpeg,
Epipremnum giganteum,97111943,https://www.inaturalist.org/observations/97111943,161437984,https://inaturalist-open-data.s3.amazonaws.com/photos/161437984/original.jpeg,cc-by-nc,"(c) 黑乎乎君, some rights reserved (CC BY-NC)",apesama,黑乎乎君,2021-10-03,马来西亚雪兰莪邮政编码: 40170,research,False,3.1266469953,101.4723052978,1536,2048,no,giganteum/inat-97111943-161437984-apesama.jpeg,
Epipremnum giganteum,97111943,https://www.inaturalist.org/observations/97111943,161438013,https://inaturalist-open-data.s3.amazonaws.com/photos/161438013/original.jpeg,cc-by-nc,"(c) 黑乎乎君, some rights reserved (CC BY-NC)",apesama,黑乎乎君,2021-10-03,马来西亚雪兰莪邮政编码: 40170,research,False,3.1266469953,101.4723052978,1536,2048,no,giganteum/inat-97111943-161438013-apesama.jpeg,
Epipremnum giganteum,97111943,https://www.inaturalist.org/observations/97111943,161438035,https://inaturalist-open-data.s3.amazonaws.com/photos/161438035/original.jpeg,cc-by-nc,"(c) 黑乎乎君, some rights reserved (CC BY-NC)",apesama,黑乎乎君,2021-10-03,马来西亚雪兰莪邮政编码: 40170,research,False,3.1266469953,101.4723052978,1536,2048,no,giganteum/inat-97111943-161438035-apesama.jpeg,
Epipremnum giganteum,97111943,https://www.inaturalist.org/observations/97111943,161438050,https://inaturalist-open-data.s3.amazonaws.com/photos/161438050/original.jpeg,cc-by-nc,"(c) 黑乎乎君, some rights reserved (CC BY-NC)",apesama,黑乎乎君,2021-10-03,马来西亚雪兰莪邮政编码: 40170,research,False,3.1266469953,101.4723052978,1536,2048,no,giganteum/inat-97111943-161438050-apesama.jpeg,
Epipremnum giganteum,89167168,https://www.inaturalist.org/observations/89167168,147219254,https://inaturalist-open-data.s3.amazonaws.com/photos/147219254/original.jpg,cc-by,"(c) Cheongweei Gan, some rights reserved (CC BY)",gancw1,Cheongweei Gan,2021-07-30,"Bukit Timah nature Reserve, Singapore",research,False,1.3548817,103.7750556,2048,1536,no,giganteum/inat-89167168-147219254-gancw1.jpg,
Epipremnum giganteum,73185165,https://www.inaturalist.org/observations/73185165,119453569,https://static.inaturalist.org/photos/119453569/original.jpg,all-rights-reserved,"(c) sylb, all rights reserved",sylb,,2007-05-19,"Hindhede Dr, Singapour 589318",research,False,1.3540562,103.7769454,2047,1365,no,giganteum/inat-73185165-119453569-sylb.jpg,
Epipremnum giganteum,72425371,https://www.inaturalist.org/observations/72425371,118081813,https://inaturalist-open-data.s3.amazonaws.com/photos/118081813/original.jpg,cc0,no rights reserved,jeanpaulboerekamps,Jean-Paul Boerekamps,2004-03-21,"Pulau Perhentian Besar, Pulau Perhentian, Terengganu, MY",research,False,5.8947949583,102.7455059023,411,1057,no,giganteum/inat-72425371-118081813-jeanpaulboerekamps.jpg,
Epipremnum giganteum,64512489,https://www.inaturalist.org/observations/64512489,103730282,https://inaturalist-open-data.s3.amazonaws.com/photos/103730282/original.jpeg,cc-by-nc,"(c) usebcm, some rights reserved (CC BY-NC)",usebcm,,2020-11-09,Nature Reserve,research,False,1.3476632653,103.8355499606,1536,2048,no,giganteum/inat-64512489-103730282-usebcm.jpeg,
Epipremnum giganteum,64512489,https://www.inaturalist.org/observations/64512489,103730271,https://inaturalist-open-data.s3.amazonaws.com/photos/103730271/original.jpeg,cc-by-nc,"(c) usebcm, some rights reserved (CC BY-NC)",usebcm,,2020-11-09,Nature Reserve,research,False,1.3476632653,103.8355499606,1536,2048,no,giganteum/inat-64512489-103730271-usebcm.jpeg,
Epipremnum giganteum,63144965,https://www.inaturalist.org/observations/63144965,101293836,https://static.inaturalist.org/photos/101293836/original.jpeg,all-rights-reserved,"(c) Nur Thohiroh, all rights reserved",nur_thohiroh,Nur Thohiroh,2020-10-21,Sintok,research,False,6.4502276572,100.4958838597,2048,967,no,giganteum/inat-63144965-101293836-nur_thohiroh.jpeg,
Epipremnum giganteum,63144965,https://www.inaturalist.org/observations/63144965,101293844,https://static.inaturalist.org/photos/101293844/original.jpeg,all-rights-reserved,"(c) Nur Thohiroh, all rights reserved",nur_thohiroh,Nur Thohiroh,2020-10-21,Sintok,research,False,6.4502276572,100.4958838597,967,2048,no,giganteum/inat-63144965-101293844-nur_thohiroh.jpeg,
Epipremnum giganteum,63144965,https://www.inaturalist.org/observations/63144965,101293849,https://static.inaturalist.org/photos/101293849/original.jpeg,all-rights-reserved,"(c) Nur Thohiroh, all rights reserved",nur_thohiroh,Nur Thohiroh,2020-10-21,Sintok,research,False,6.4502276572,100.4958838597,967,2048,no,giganteum/inat-63144965-101293849-nur_thohiroh.jpeg,
Epipremnum giganteum,43866034,https://www.inaturalist.org/observations/43866034,69568949,https://inaturalist-open-data.s3.amazonaws.com/photos/69568949/original.jpg,cc-by-nc,"(c) Troos van der Merwe, some rights reserved (CC BY-NC)",troos,Troos van der Merwe,2020-02-08,"Bukit Timah Nature Reserve, Singapore, Singapore, SG",research,False,1.35583333,103.77726667,1536,2048,no,giganteum/inat-43866034-69568949-troos.jpg,
Epipremnum giganteum,43866034,https://www.inaturalist.org/observations/43866034,69568964,https://inaturalist-open-data.s3.amazonaws.com/photos/69568964/original.jpg,cc-by-nc,"(c) Troos van der Merwe, some rights reserved (CC BY-NC)",troos,Troos van der Merwe,2020-02-08,"Bukit Timah Nature Reserve, Singapore, Singapore, SG",research,False,1.35583333,103.77726667,1536,2048,no,giganteum/inat-43866034-69568964-troos.jpg,
Epipremnum giganteum,479582,https://www.inaturalist.org/observations/479582,605377,https://inaturalist-open-data.s3.amazonaws.com/photos/605377/original.jpg,cc-by-nc,"(c) Dylan, some rights reserved (CC BY-NC)",resslerd,Dylan,2013-10-03,"3740–3898 Manoa Rd, Honolulu, HI, US",needs_id,False,21.334507,-157.802153,720,960,no,giganteum/inat-479582-605377-resslerd.jpg,
Epipremnum meeboldii,146472709,https://www.inaturalist.org/observations/146472709,251830503,https://inaturalist-open-data.s3.amazonaws.com/photos/251830503/original.jpeg,cc-by-nc,"(c) Aniruddha Singhamahapatra, some rights reserved (CC BY-NC)",aniruddha_singhamahapatra,Aniruddha Singhamahapatra,2023-01-06,"Karbi Anglong, IN-AS, IN",needs_id,False,26.4803929722,93.4178909722,1536,2048,no,meeboldii/inat-146472709-251830503-aniruddha_singhamahapatra.jpeg,
Epipremnum meeboldii,146472709,https://www.inaturalist.org/observations/146472709,251832996,https://inaturalist-open-data.s3.amazonaws.com/photos/251832996/original.jpeg,cc-by-nc,"(c) Aniruddha Singhamahapatra, some rights reserved (CC BY-NC)",aniruddha_singhamahapatra,Aniruddha Singhamahapatra,2023-01-06,"Karbi Anglong, IN-AS, IN",needs_id,False,26.4803929722,93.4178909722,1536,2048,no,meeboldii/inat-146472709-251832996-aniruddha_singhamahapatra.jpeg,
Epipremnum meeboldii,146472709,https://www.inaturalist.org/observations/146472709,251833031,https://inaturalist-open-data.s3.amazonaws.com/photos/251833031/original.jpeg,cc-by-nc,"(c) Aniruddha Singhamahapatra, some rights reserved (CC BY-NC)",aniruddha_singhamahapatra,Aniruddha Singhamahapatra,2023-01-06,"Karbi Anglong, IN-AS, IN",needs_id,False,26.4803929722,93.4178909722,1536,2048,no,meeboldii/inat-146472709-251833031-aniruddha_singhamahapatra.jpeg,
Epipremnum nobile,400178439,https://www.inaturalist.org/observations/400178439,734301798,https://inaturalist-open-data.s3.amazonaws.com/photos/734301798/original.jpg,cc-by-nc-nd,"(c) Nur Herjayanti, some rights reserved (CC BY-NC-ND)",kol_pinesangkang,Nur Herjayanti,2025-05-26,"6GXR+3M6 Air Terjun Saluopa, Leboni, Pamona Pusalemba, Kabupaten Poso, Sulawesi Tengah 94663, Indonesia",research,False,-1.7523353,120.5416256,2048,1365,no,nobile/inat-400178439-734301798-kol_pinesangkang.jpg,
Epipremnum nobile,400178439,https://www.inaturalist.org/observations/400178439,734301797,https://inaturalist-open-data.s3.amazonaws.com/photos/734301797/original.jpg,cc-by-nc-nd,"(c) Nur Herjayanti, some rights reserved (CC BY-NC-ND)",kol_pinesangkang,Nur Herjayanti,2025-05-26,"6GXR+3M6 Air Terjun Saluopa, Leboni, Pamona Pusalemba, Kabupaten Poso, Sulawesi Tengah 94663, Indonesia",research,False,-1.7523353,120.5416256,2048,1365,no,nobile/inat-400178439-734301797-kol_pinesangkang.jpg,
Epipremnum nobile,400178439,https://www.inaturalist.org/observations/400178439,734301789,https://inaturalist-open-data.s3.amazonaws.com/photos/734301789/original.jpg,cc-by-nc-nd,"(c) Nur Herjayanti, some rights reserved (CC BY-NC-ND)",kol_pinesangkang,Nur Herjayanti,2025-05-26,"6GXR+3M6 Air Terjun Saluopa, Leboni, Pamona Pusalemba, Kabupaten Poso, Sulawesi Tengah 94663, Indonesia",research,False,-1.7523353,120.5416256,2048,1365,no,nobile/inat-400178439-734301789-kol_pinesangkang.jpg,
Epipremnum nobile,198138516,https://www.inaturalist.org/observations/198138516,349153636,https://inaturalist-open-data.s3.amazonaws.com/photos/349153636/original.jpeg,cc-by-nc,"(c) Naufal Urfi Dhiya'ulhaq, some rights reserved (CC BY-NC)",naufalurfi,Naufal Urfi Dhiya'ulhaq,2023-12-24,"Palopo City, South Sulawesi, Indonesia",needs_id,False,-2.95403092,120.07014471,2048,1365,no,nobile/inat-198138516-349153636-naufalurfi.jpeg,
Epipremnum nobile,197758795,https://www.inaturalist.org/observations/197758795,348385026,https://inaturalist-open-data.s3.amazonaws.com/photos/348385026/original.jpeg,cc-by-nc,"(c) Naufal Urfi Dhiya'ulhaq, some rights reserved (CC BY-NC)",naufalurfi,Naufal Urfi Dhiya'ulhaq,2023-12-22,"Sulawesi Tengah, ID",needs_id,True,-2.272219708,120.7193672184,2048,1365,no,nobile/inat-197758795-348385026-naufalurfi.jpeg,
Epipremnum pinnatum,404684084,https://www.inaturalist.org/observations/404684084,743211212,https://inaturalist-open-data.s3.amazonaws.com/photos/743211212/original.jpg,cc-by-nc,"(c) charles3cwang, some rights reserved (CC BY-NC)",charles3cwang,,2026-09-30,"Baoshan Rd, East District, Hsinchu City, TW",needs_id,False,24.7895466667,120.9785,1536,2048,no,pinnatum/inat-404684084-743211212-charles3cwang.jpg,
Epipremnum pinnatum,404667202,https://www.inaturalist.org/observations/404667202,743179292,https://static.inaturalist.org/photos/743179292/original.jpg,all-rights-reserved,"(c) Anand Chaudhary, all rights reserved",ananding,Anand Chaudhary,2026-09-29,"P7WJ+WM9 Char Kose Jhadi, Bharaul, Koshi Province 56700, Nepal",needs_id,False,26.7801678,87.222891,1536,2048,no,pinnatum/inat-404667202-743179292-ananding.jpg,
Epipremnum pinnatum,404659659,https://www.inaturalist.org/observations/404659659,743164186,https://inaturalist-open-data.s3.amazonaws.com/photos/743164186/original.jpg,cc-by-nc,"(c) Cooper Mooney, some rights reserved (CC BY-NC)",mooney_c,Cooper Mooney,2026-09-30,"Cape Tribulation, QLD, AU",research,False,-16.0893746288,145.4631250121,1152,2048,no,pinnatum/inat-404659659-743164186-mooney_c.jpg,
Epipremnum pinnatum,404659659,https://www.inaturalist.org/observations/404659659,743164194,https://inaturalist-open-data.s3.amazonaws.com/photos/743164194/original.jpg,cc-by-nc,"(c) Cooper Mooney, some rights reserved (CC BY-NC)",mooney_c,Cooper Mooney,2026-09-30,"Cape Tribulation, QLD, AU",research,False,-16.0893746288,145.4631250121,1536,2048,no,pinnatum/inat-404659659-743164194-mooney_c.jpg,
Epipremnum pinnatum,404659659,https://www.inaturalist.org/observations/404659659,743164185,https://inaturalist-open-data.s3.amazonaws.com/photos/743164185/original.jpg,cc-by-nc,"(c) Cooper Mooney, some rights reserved (CC BY-NC)",mooney_c,Cooper Mooney,2026-09-30,"Cape Tribulation, QLD, AU",research,False,-16.0893746288,145.4631250121,1536,2048,no,pinnatum/inat-404659659-743164185-mooney_c.jpg,
Epipremnum pinnatum,404659659,https://www.inaturalist.org/observations/404659659,743164220,https://inaturalist-open-data.s3.amazonaws.com/photos/743164220/original.jpg,cc-by-nc,"(c) Cooper Mooney, some rights reserved (CC BY-NC)",mooney_c,Cooper Mooney,2026-09-30,"Cape Tribulation, QLD, AU",research,False,-16.0893746288,145.4631250121,1536,2048,no,pinnatum/inat-404659659-743164220-mooney_c.jpg,
Epipremnum pinnatum,404624925,https://www.inaturalist.org/observations/404624925,743095281,https://inaturalist-open-data.s3.amazonaws.com/photos/743095281/original.jpg,cc-by-nc,"(c) TACUEL, MARY KRIS C., some rights reserved (CC BY-NC)",tacuel_,"TACUEL, MARY KRIS C.",2026-09-30,"Paz Adriano Hall, Loyola Heights, Quezon City, 1108 Metro Manila, Philippines",research,False,14.64361668,121.07737354,1542,2048,no,pinnatum/inat-404624925-743095281-tacuel_.jpg,
Epipremnum pinnatum,404583276,https://www.inaturalist.org/observations/404583276,743001724,https://inaturalist-open-data.s3.amazonaws.com/photos/743001724/original.jpg,cc-by,"(c) Lucas Christofides, some rights reserved (CC BY)",lucaschristo,Lucas Christofides,2026-09-26,"Lake Eacham QLD, Australia",research,False,-17.28203,145.6277033333,2048,1536,no,pinnatum/inat-404583276-743001724-lucaschristo.jpg,
Epipremnum pinnatum,404583276,https://www.inaturalist.org/observations/404583276,743001771,https://inaturalist-open-data.s3.amazonaws.com/photos/743001771/original.jpg,cc-by,"(c) Lucas Christofides, some rights reserved (CC BY)",lucaschristo,Lucas Christofides,2026-09-26,"Lake Eacham QLD, Australia",research,False,-17.28203,145.6277033333,2048,1536,no,pinnatum/inat-404583276-743001771-lucaschristo.jpg,
Epipremnum pinnatum,404583109,https://www.inaturalist.org/observations/404583109,742992675,https://inaturalist-open-data.s3.amazonaws.com/photos/742992675/original.jpg,cc-by,"(c) Lucas Christofides, some rights reserved (CC BY)",lucaschristo,Lucas Christofides,2026-09-23,"Etty Bay QLD 4858, Australia",research,False,-17.56106,146.0904816667,2048,1536,no,pinnatum/inat-404583109-742992675-lucaschristo.jpg,
Epipremnum pinnatum,404583109,https://www.inaturalist.org/observations/404583109,742992813,https://inaturalist-open-data.s3.amazonaws.com/photos/742992813/original.jpg,cc-by,"(c) Lucas Christofides, some rights reserved (CC BY)",lucaschristo,Lucas Christofides,2026-09-23,"Etty Bay QLD 4858, Australia",research,False,-17.56106,146.0904816667,2048,1536,no,pinnatum/inat-404583109-742992813-lucaschristo.jpg,
Epipremnum pinnatum,404485257,https://www.inaturalist.org/observations/404485257,742809162,https://inaturalist-open-data.s3.amazonaws.com/photos/742809162/original.jpg,cc-by,"(c) Krzysztof Ziarnek, some rights reserved (CC BY)",kenraiz,Krzysztof Ziarnek,2025-02-16,"Deshaies, Gwadelupa",research,False,16.3136123962,-61.7901604396,2048,1536,no,pinnatum/inat-404485257-742809162-kenraiz.jpg,
Epipremnum pinnatum,404180324,https://www.inaturalist.org/observations/404180324,742207543,https://static.inaturalist.org/photos/742207543/original.jpg,all-rights-reserved,"(c) 米嬸, all rights reserved",miaunt,米嬸,2026-09-21,353台灣苗栗縣南庄鄉南江村,needs_id,False,24.5840604389,121.0208928958,1152,2048,no,pinnatum/inat-404180324-742207543-miaunt.jpg,
Epipremnum pinnatum,404143516,https://www.inaturalist.org/observations/404143516,742131998,https://inaturalist-open-data.s3.amazonaws.com/photos/742131998/original.jpg,cc-by-nc,"(c) Gia Astor, some rights reserved (CC BY-NC)",gmeastor,Gia Astor,2026-09-28,"Kennon Road, Tuba, Cordillera, PH",research,False,16.2851037789,120.5834830053,1152,2048,no,pinnatum/inat-404143516-742131998-gmeastor.jpg,
Epipremnum pinnatum,404083146,https://www.inaturalist.org/observations/404083146,742012544,https://inaturalist-open-data.s3.amazonaws.com/photos/742012544/original.jpg,cc-by-nc,"(c) kynthedrel1997, some rights reserved (CC BY-NC)",kynthedrel1997,,2026-09-28,"Bacan, Banga, Aklan, Philippines",research,False,11.6322527778,122.3323444444,2048,1536,no,pinnatum/inat-404083146-742012544-kynthedrel1997.jpg,
Epipremnum pinnatum,404056874,https://www.inaturalist.org/observations/404056874,741960249,https://static.inaturalist.org/photos/741960249/original.jpg,all-rights-reserved,"(c) 古國順, all rights reserved",ku6777,古國順,2026-09-28,603台灣嘉義縣梅山鄉碧湖村,needs_id,False,23.5741633333,120.6252266667,1536,2048,no,pinnatum/inat-404056874-741960249-ku6777.jpg,
Epipremnum pinnatum,403730645,https://www.inaturalist.org/observations/403730645,741319304,https://inaturalist-open-data.s3.amazonaws.com/photos/741319304/original.jpg,cc-by-nc,"(c) Shiue Ken, some rights reserved (CC BY-NC)",shiue1,Shiue Ken,2026-09-27,116台灣臺北市文山區憲光公寓,needs_id,False,24.99833,121.5430266667,1536,2048,no,pinnatum/inat-403730645-741319304-shiue1.jpg,
Epipremnum pinnatum,403730645,https://www.inaturalist.org/observations/403730645,741319703,https://inaturalist-open-data.s3.amazonaws.com/photos/741319703/original.jpg,cc-by-nc,"(c) Shiue Ken, some rights reserved (CC BY-NC)",shiue1,Shiue Ken,2026-09-27,116台灣臺北市文山區憲光公寓,needs_id,False,24.99833,121.5430266667,1536,2048,no,pinnatum/inat-403730645-741319703-shiue1.jpg,
Epipremnum pinnatum,403728443,https://www.inaturalist.org/observations/403728443,741314755,https://inaturalist-open-data.s3.amazonaws.com/photos/741314755/original.jpg,cc-by-nc,"(c) cjy7, some rights reserved (CC BY-NC)",cjy7,,2026-09-23,"Zhoumei St Ln 196, Beitou District, Taipei City, TW",needs_id,False,25.1032971667,121.505495,1536,2048,no,pinnatum/inat-403728443-741314755-cjy7.jpg,
Epipremnum pinnatum,403504136,https://www.inaturalist.org/observations/403504136,740869875,https://inaturalist-open-data.s3.amazonaws.com/photos/740869875/original.jpg,cc-by-nc,"(c) Aliza Saleem, some rights reserved (CC BY-NC)",aliza60156,Aliza Saleem,2026-09-26,"H 573C, Old Rajinder Nagar, Palam Vihar, Gurugram, Delhi, 110060, India",needs_id,False,28.6415255,77.19130506,1542,2048,no,pinnatum/inat-403504136-740869875-aliza60156.jpg,
Epipremnum pinnatum,403305014,https://www.inaturalist.org/observations/403305014,740464630,https://static.inaturalist.org/photos/740464630/original.jpg,all-rights-reserved,"(c) 陳志豪, all rights reserved",zhi-hao,陳志豪,2026-03-31,"New Taipei, TW-NT-TP, TW",research,False,24.9252740175,121.8259398953,1536,2048,no,pinnatum/inat-403305014-740464630-zhi-hao.jpg,
Epipremnum pinnatum,403196192,https://www.inaturalist.org/observations/403196192,740263988,https://inaturalist-open-data.s3.amazonaws.com/photos/740263988/original.jpg,cc-by-nc,"(c) 張子見, some rights reserved (CC BY-NC)",jacob7349,張子見,2026-09-25,"Linan Rd, Wanrong Township, Hualien County, TW",research,False,23.7162909028,121.3973508401,1152,2048,no,pinnatum/inat-403196192-740263988-jacob7349.jpg,
Epipremnum pinnatum,403182272,https://www.inaturalist.org/observations/403182272,740236431,https://inaturalist-open-data.s3.amazonaws.com/photos/740236431/original.jpg,cc-by-nc,"(c) usaviah, some rights reserved (CC BY-NC)",usaviah,,2026-09-25,"臺灣島, 坪林區, 新北市, TW",needs_id,False,24.9259720833,121.683724412,1536,2048,no,pinnatum/inat-403182272-740236431-usaviah.jpg,
Epipremnum pinnatum,403174221,https://www.inaturalist.org/observations/403174221,740221048,https://inaturalist-open-data.s3.amazonaws.com/photos/740221048/original.jpg,cc-by-nc,"(c) usaviah, some rights reserved (CC BY-NC)",usaviah,,2026-09-25,"臺灣島, 坪林區, 新北市, TW",needs_id,False,24.9225068158,121.6818025253,1536,2048,no,pinnatum/inat-403174221-740221048-usaviah.jpg,
Epipremnum pinnatum,402873302,https://www.inaturalist.org/observations/402873302,739630122,https://inaturalist-open-data.s3.amazonaws.com/photos/739630122/original.jpg,cc-by-nc,"(c) syoshinsyalv35, some rights reserved (CC BY-NC)",syoshinsyalv35,,2026-09-23,"Petir Rd, Singapore, SG, SG",research,False,1.3750768648,103.7763101365,1536,2048,no,pinnatum/inat-402873302-739630122-syoshinsyalv35.jpg,
Epipremnum pinnatum,402873302,https://www.inaturalist.org/observations/402873302,739630135,https://inaturalist-open-data.s3.amazonaws.com/photos/739630135/original.jpg,cc-by-nc,"(c) syoshinsyalv35, some rights reserved (CC BY-NC)",syoshinsyalv35,,2026-09-23,"Petir Rd, Singapore, SG, SG",research,False,1.3750768648,103.7763101365,1536,2048,no,pinnatum/inat-402873302-739630135-syoshinsyalv35.jpg,
Epipremnum pinnatum,402842594,https://www.inaturalist.org/observations/402842594,739567602,https://inaturalist-open-data.s3.amazonaws.com/photos/739567602/original.jpg,cc-by,"(c) Krzysztof Ziarnek, some rights reserved (CC BY)",kenraiz,Krzysztof Ziarnek,2025-02-16,"Deshaies, Gwadelupa",research,False,16.3148337067,-61.7938349387,1363,2048,no,pinnatum/inat-402842594-739567602-kenraiz.jpg,
Epipremnum pinnatum,402842594,https://www.inaturalist.org/observations/402842594,739567595,https://inaturalist-open-data.s3.amazonaws.com/photos/739567595/original.jpg,cc-by,"(c) Krzysztof Ziarnek, some rights reserved (CC BY)",kenraiz,Krzysztof Ziarnek,2025-02-16,"Deshaies, Gwadelupa",research,False,16.3148337067,-61.7938349387,2048,1536,no,pinnatum/inat-402842594-739567595-kenraiz.jpg,
Epipremnum pinnatum,402561717,https://www.inaturalist.org/observations/402561717,739022437,https://inaturalist-open-data.s3.amazonaws.com/photos/739022437/original.jpg,cc-by-nc,"(c) hoplo96, some rights reserved (CC BY-NC)",hoplo96,,2026-09-20,"Kutini-Payamu (Iron Range) National Park, Iron Range, QLD, AU",research,False,-12.7122366667,143.2894583333,1536,2048,no,pinnatum/inat-402561717-739022437-hoplo96.jpg,
Epipremnum pinnatum,402561717,https://www.inaturalist.org/observations/402561717,739022495,https://inaturalist-open-data.s3.amazonaws.com/photos/739022495/original.jpg,cc-by-nc,"(c) hoplo96, some rights reserved (CC BY-NC)",hoplo96,,2026-09-20,"Kutini-Payamu (Iron Range) National Park, Iron Range, QLD, AU",research,False,-12.7122366667,143.2894583333,2048,1536,no,pinnatum/inat-402561717-739022495-hoplo96.jpg,
Epipremnum pinnatum,402494017,https://www.inaturalist.org/observations/402494017,738880117,https://inaturalist-open-data.s3.amazonaws.com/photos/738880117/original.jpg,cc-by-nc,"(c) 洪阿愷, some rights reserved (CC BY-NC)",rrrkai,洪阿愷,2026-09-22,"947台灣屏東縣滿州鄉, 加都魯溪",research,False,22.020925,120.8067388889,1772,1772,no,pinnatum/inat-402494017-738880117-rrrkai.jpg,
Epipremnum pinnatum,402494017,https://www.inaturalist.org/observations/402494017,738880123,https://inaturalist-open-data.s3.amazonaws.com/photos/738880123/original.jpg,cc-by-nc,"(c) 洪阿愷, some rights reserved (CC BY-NC)",rrrkai,洪阿愷,2026-09-22,"947台灣屏東縣滿州鄉, 加都魯溪",research,False,22.020925,120.8067388889,1772,1772,no,pinnatum/inat-402494017-738880123-rrrkai.jpg,
Epipremnum pinnatum,402494017,https://www.inaturalist.org/observations/402494017,738880127,https://inaturalist-open-data.s3.amazonaws.com/photos/738880127/original.jpg,cc-by-nc,"(c) 洪阿愷, some rights reserved (CC BY-NC)",rrrkai,洪阿愷,2026-09-22,"947台灣屏東縣滿州鄉, 加都魯溪",research,False,22.020925,120.8067388889,1772,1772,no,pinnatum/inat-402494017-738880127-rrrkai.jpg,
Epipremnum pinnatum,402494014,https://www.inaturalist.org/observations/402494014,738880002,https://inaturalist-open-data.s3.amazonaws.com/photos/738880002/original.jpg,cc-by-nc,"(c) 洪阿愷, some rights reserved (CC BY-NC)",rrrkai,洪阿愷,2026-09-22,"947台灣屏東縣滿州鄉, 加都魯溪",research,False,22.0208,120.8067472222,1772,1772,no,pinnatum/inat-402494014-738880002-rrrkai.jpg,
Epipremnum pinnatum,402494014,https://www.inaturalist.org/observations/402494014,738879990,https://inaturalist-open-data.s3.amazonaws.com/photos/738879990/original.jpg,cc-by-nc,"(c) 洪阿愷, some rights reserved (CC BY-NC)",rrrkai,洪阿愷,2026-09-22,"947台灣屏東縣滿州鄉, 加都魯溪",research,False,22.0208,120.8067472222,1772,1772,no,pinnatum/inat-402494014-738879990-rrrkai.jpg,
Epipremnum pinnatum,402494014,https://www.inaturalist.org/observations/402494014,738880045,https://inaturalist-open-data.s3.amazonaws.com/photos/738880045/original.jpg,cc-by-nc,"(c) 洪阿愷, some rights reserved (CC BY-NC)",rrrkai,洪阿愷,2026-09-22,"947台灣屏東縣滿州鄉, 加都魯溪",research,False,22.0208,120.8067472222,1772,1772,no,pinnatum/inat-402494014-738880045-rrrkai.jpg,
Epipremnum pinnatum,402494014,https://www.inaturalist.org/observations/402494014,738880017,https://inaturalist-open-data.s3.amazonaws.com/photos/738880017/original.jpg,cc-by-nc,"(c) 洪阿愷, some rights reserved (CC BY-NC)",rrrkai,洪阿愷,2026-09-22,"947台灣屏東縣滿州鄉, 加都魯溪",research,False,22.0208,120.8067472222,1772,1772,no,pinnatum/inat-402494014-738880017-rrrkai.jpg,
Epipremnum pinnatum,402406838,https://www.inaturalist.org/observations/402406838,738728523,https://inaturalist-open-data.s3.amazonaws.com/photos/738728523/original.jpg,cc-by-nc,"(c) Siri Nallaparaju, some rights reserved (CC BY-NC)",siri_n,Siri Nallaparaju,2026-09-17,"Ko Samui District, Surat Thani, TH",research,False,9.4829533333,99.9946283333,1536,2048,no,pinnatum/inat-402406838-738728523-siri_n.jpg,
Epipremnum pinnatum,402391250,https://www.inaturalist.org/observations/402391250,738697841,https://static.inaturalist.org/photos/738697841/original.jpg,all-rights-reserved,"(c) 古國順, all rights reserved",ku6777,古國順,2026-09-22,646台灣雲林縣古坑鄉桂林村26-2號,research,False,23.608025,120.61077,1536,2048,no,pinnatum/inat-402391250-738697841-ku6777.jpg,
Epipremnum pinnatum,402379945,https://www.inaturalist.org/observations/402379945,738676039,https://inaturalist-open-data.s3.amazonaws.com/photos/738676039/original.jpg,cc-by,"(c) Andrew Allen, some rights reserved (CC BY)",andrew_allen,Andrew Allen,2026-09-22,"Daintree National Park, Cape Tribulation, QLD, AU",needs_id,False,-16.1387333333,145.43982,1536,2048,no,pinnatum/inat-402379945-738676039-andrew_allen.jpg,
Epipremnum pinnatum,402338747,https://www.inaturalist.org/observations/402338747,738591084,https://static.inaturalist.org/photos/738591084/original.jpg,all-rights-reserved,"(c) Alex Cheng, all rights reserved",chungher,Alex Cheng,2026-09-20,"臺灣島, 冬山鄉, 宜蘭縣, TW",needs_id,False,24.6331833333,121.72905,1536,2048,no,pinnatum/inat-402338747-738591084-chungher.jpg,
Epipremnum pinnatum,402152038,https://www.inaturalist.org/observations/402152038,738225217,https://inaturalist-open-data.s3.amazonaws.com/photos/738225217/original.jpg,cc-by-nc,"(c) Asrabhishe, some rights reserved (CC BY-NC)",asrabhishek,Asrabhishe,2026-09-21,"Q1/1-132, Gangotri Nagar, Prayagraj, Uttar Pradesh 211008, India",needs_id,False,25.4070215,81.8451471,1542,2048,no,pinnatum/inat-402152038-738225217-asrabhishek.jpg,
Epipremnum pinnatum,402152038,https://www.inaturalist.org/observations/402152038,738225255,https://inaturalist-open-data.s3.amazonaws.com/photos/738225255/original.jpg,cc-by-nc,"(c) Asrabhishe, some rights reserved (CC BY-NC)",asrabhishek,Asrabhishe,2026-09-21,"Q1/1-132, Gangotri Nagar, Prayagraj, Uttar Pradesh 211008, India",needs_id,False,25.4070215,81.8451471,1542,2048,no,pinnatum/inat-402152038-738225255-asrabhishek.jpg,
Epipremnum pinnatum,402140331,https://www.inaturalist.org/observations/402140331,738200874,https://inaturalist-open-data.s3.amazonaws.com/photos/738200874/original.jpg,cc-by-nc,"(c) ambikab, some rights reserved (CC BY-NC)",ambikab,,2026-09-21,"Gianyar, Bali, ID",research,False,-8.5007310612,115.2768867708,1536,2048,no,pinnatum/inat-402140331-738200874-ambikab.jpg,
Epipremnum pinnatum,402097768,https://www.inaturalist.org/observations/402097768,738118120,https://inaturalist-open-data.s3.amazonaws.com/photos/738118120/original.jpg,cc-by-nc,"(c) Claire Cox, some rights reserved (CC BY-NC)",coxc,Claire Cox,2026-09-21,"Iron Range, AU-QL-CK, AU-QL, AU",research,False,-12.7143850327,143.2846221924,2048,1536,no,pinnatum/inat-402097768-738118120-coxc.jpg,
Epipremnum pinnatum,401910090,https://www.inaturalist.org/observations/401910090,737735524,https://static.inaturalist.org/photos/737735524/original.jpg,all-rights-reserved,"(c) Damion Laren Whyte, all rights reserved",damionwhyte,Damion Laren Whyte,2026-09-19,"9943+H68, Windsor, Jamaica",research,False,18.3540573,-77.6466965,1536,2048,no,pinnatum/inat-401910090-737735524-damionwhyte.jpg,
Epipremnum pinnatum,401910090,https://www.inaturalist.org/observations/401910090,737735589,https://static.inaturalist.org/photos/737735589/original.jpg,all-rights-reserved,"(c) Damion Laren Whyte, all rights reserved",damionwhyte,Damion Laren Whyte,2026-09-19,"9943+H68, Windsor, Jamaica",research,False,18.3540573,-77.6466965,1536,2048,no,pinnatum/inat-401910090-737735589-damionwhyte.jpg,
Epipremnum pinnatum,401910090,https://www.inaturalist.org/observations/401910090,737735656,https://static.inaturalist.org/photos/737735656/original.jpg,all-rights-reserved,"(c) Damion Laren Whyte, all rights reserved",damionwhyte,Damion Laren Whyte,2026-09-19,"9943+H68, Windsor, Jamaica",research,False,18.3540573,-77.6466965,1536,2048,no,pinnatum/inat-401910090-737735656-damionwhyte.jpg,
Epipremnum pinnatum,401910090,https://www.inaturalist.org/observations/401910090,737735714,https://static.inaturalist.org/photos/737735714/original.jpg,all-rights-reserved,"(c) Damion Laren Whyte, all rights reserved",damionwhyte,Damion Laren Whyte,2026-09-19,"9943+H68, Windsor, Jamaica",research,False,18.3540573,-77.6466965,1536,2048,no,pinnatum/inat-401910090-737735714-damionwhyte.jpg,
Epipremnum pinnatum,401796125,https://www.inaturalist.org/observations/401796125,737514403,https://inaturalist-open-data.s3.amazonaws.com/photos/737514403/original.jpg,cc-by-nc,"(c) malcolmcheng, some rights reserved (CC BY-NC)",malcolmcheng,,2026-09-20,香港九龍橫頭磡宏照樓,needs_id,False,22.3403633,114.1881755,1536,2048,no,pinnatum/inat-401796125-737514403-malcolmcheng.jpg,
Epipremnum pinnatum,401785210,https://www.inaturalist.org/observations/401785210,737492551,https://inaturalist-open-data.s3.amazonaws.com/photos/737492551/original.jpg,cc-by-nc,"(c) Tash, some rights reserved (CC BY-NC)",tashmarksthespot,Tash,2026-08-03,"Daintree National Park, Cow Bay, QLD, AU",research,False,-16.2373300803,145.4315516846,2048,1365,no,pinnatum/inat-401785210-737492551-tashmarksthespot.jpg,
Epipremnum pinnatum,401785210,https://www.inaturalist.org/observations/401785210,737492571,https://inaturalist-open-data.s3.amazonaws.com/photos/737492571/original.jpg,cc-by-nc,"(c) Tash, some rights reserved (CC BY-NC)",tashmarksthespot,Tash,2026-08-03,"Daintree National Park, Cow Bay, QLD, AU",research,False,-16.2373300803,145.4315516846,2048,1365,no,pinnatum/inat-401785210-737492571-tashmarksthespot.jpg,
Epipremnum pinnatum,401785210,https://www.inaturalist.org/observations/401785210,737492591,https://inaturalist-open-data.s3.amazonaws.com/photos/737492591/original.jpg,cc-by-nc,"(c) Tash, some rights reserved (CC BY-NC)",tashmarksthespot,Tash,2026-08-03,"Daintree National Park, Cow Bay, QLD, AU",research,False,-16.2373300803,145.4315516846,2048,1365,no,pinnatum/inat-401785210-737492591-tashmarksthespot.jpg,
Epipremnum pinnatum,401749699,https://www.inaturalist.org/observations/401749699,737419071,https://inaturalist-open-data.s3.amazonaws.com/photos/737419071/original.jpg,cc-by-nc,"(c) scottjmorrissey, some rights reserved (CC BY-NC)",scottjmorrissey,,2026-09-20,"Lake Barrine Cct, Lake Barrine, QLD, AU",research,False,-17.2553916667,145.6321716667,1536,2048,no,pinnatum/inat-401749699-737419071-scottjmorrissey.jpg,
Epipremnum pinnatum,401544086,https://www.inaturalist.org/observations/401544086,737019057,https://static.inaturalist.org/photos/737019057/original.jpg,all-rights-reserved,"(c) 吳威, all rights reserved",turtle_fish,吳威,2026-09-19,"Fuyang St, Daan District, Taipei City, TW",needs_id,False,25.0159449577,121.557419393,1536,2048,no,pinnatum/inat-401544086-737019057-turtle_fish.jpg,
Epipremnum pinnatum,401472628,https://www.inaturalist.org/observations/401472628,736879315,https://inaturalist-open-data.s3.amazonaws.com/photos/736879315/original.jpg,cc-by-nc,"(c) Shiue Ken, some rights reserved (CC BY-NC)",shiue1,Shiue Ken,2026-09-19,116台灣臺北市文山區憲光公寓,research,False,24.9986316667,121.542875,1536,2048,no,pinnatum/inat-401472628-736879315-shiue1.jpg,
Epipremnum pinnatum,401472628,https://www.inaturalist.org/observations/401472628,736879570,https://inaturalist-open-data.s3.amazonaws.com/photos/736879570/original.jpg,cc-by-nc,"(c) Shiue Ken, some rights reserved (CC BY-NC)",shiue1,Shiue Ken,2026-09-19,116台灣臺北市文山區憲光公寓,research,False,24.9986316667,121.542875,1536,2048,no,pinnatum/inat-401472628-736879570-shiue1.jpg,
Epipremnum pinnatum,401472628,https://www.inaturalist.org/observations/401472628,736879609,https://inaturalist-open-data.s3.amazonaws.com/photos/736879609/original.jpg,cc-by-nc,"(c) Shiue Ken, some rights reserved (CC BY-NC)",shiue1,Shiue Ken,2026-09-19,116台灣臺北市文山區憲光公寓,research,False,24.9986316667,121.542875,1536,2048,no,pinnatum/inat-401472628-736879609-shiue1.jpg,
Epipremnum pinnatum,401472628,https://www.inaturalist.org/observations/401472628,736880007,https://inaturalist-open-data.s3.amazonaws.com/photos/736880007/original.jpg,cc-by-nc,"(c) Shiue Ken, some rights reserved (CC BY-NC)",shiue1,Shiue Ken,2026-09-19,116台灣臺北市文山區憲光公寓,research,False,24.9986316667,121.542875,1536,2048,no,pinnatum/inat-401472628-736880007-shiue1.jpg,
Epipremnum pinnatum,401452043,https://www.inaturalist.org/observations/401452043,736837727,https://inaturalist-open-data.s3.amazonaws.com/photos/736837727/original.jpg,cc-by,"(c) Andrew Allen, some rights reserved (CC BY)",andrew_allen,Andrew Allen,2026-09-19,"Mount Kooyong Rd, Julatten, QLD, AU",needs_id,False,-16.5944201287,145.3387687365,1536,2048,no,pinnatum/inat-401452043-736837727-andrew_allen.jpg,
Epipremnum pinnatum,401430537,https://www.inaturalist.org/observations/401430537,736793765,https://inaturalist-open-data.s3.amazonaws.com/photos/736793765/original.jpg,cc-by-nc,"(c) tanate_ttt, some rights reserved (CC BY-NC)",tanate_ttt,,2026-09-18,"Thetsaban 4 Road, Phato District, Chumphon, TH",needs_id,False,9.784105,98.778245,1536,2048,no,pinnatum/inat-401430537-736793765-tanate_ttt.jpg,
Epipremnum pinnatum,401271426,https://www.inaturalist.org/observations/401271426,736479020,https://static.inaturalist.org/photos/736479020/original.jpg,all-rights-reserved,"(c) 红糖Iris, all rights reserved",brownsugar_iris,红糖Iris,2026-09-13,"Haikou, CN-HA, CN",research,False,19.91,110.39,2048,1365,no,pinnatum/inat-401271426-736479020-brownsugar_iris.jpg,
Epipremnum pinnatum,401246834,https://www.inaturalist.org/observations/401246834,736436672,https://inaturalist-open-data.s3.amazonaws.com/photos/736436672/original.jpg,cc-by-nc,"(c) Romnick T. Taladro, LPT, some rights reserved (CC BY-NC)",nickology,"Romnick T. Taladro, LPT",2026-09-18,"Banga, Western Visayas, PH",research,False,11.6331982671,122.3321322314,2048,2048,no,pinnatum/inat-401246834-736436672-nickology.jpg,
Epipremnum pinnatum,401208259,https://www.inaturalist.org/observations/401208259,736365015,https://inaturalist-open-data.s3.amazonaws.com/photos/736365015/original.jpg,cc-by-nc,"(c) Bipasha David, some rights reserved (CC BY-NC)",prof_bipasha_david_,Bipasha David,2026-09-18,"CR7W+M6V, Mahewa East, Mirakhpur Kachhar, Prayagraj, Uttar Pradesh 211007, India",research,False,25.414435273,81.84590891,1536,2048,no,pinnatum/inat-401208259-736365015-prof_bipasha_david_.jpg,
Epipremnum pinnatum,401191317,https://www.inaturalist.org/observations/401191317,736332269,https://inaturalist-open-data.s3.amazonaws.com/photos/736332269/original.jpg,cc-by-nc,"(c) jkhjung78, some rights reserved (CC BY-NC)",jkhjung78,,2026-09-18,"Singapore, SG, SG",needs_id,False,1.2778836062,103.8629840239,1152,2048,no,pinnatum/inat-401191317-736332269-jkhjung78.jpg,
Epipremnum pinnatum,400705783,https://www.inaturalist.org/observations/400705783,735369681,https://inaturalist-open-data.s3.amazonaws.com/photos/735369681/original.jpg,cc-by-nc,"(c) Girija Balan, some rights reserved (CC BY-NC)",girija6,Girija Balan,2026-09-16,"Putheri, Tamil Nadu 629001, India",research,False,8.1849055556,77.4287666667,2048,2048,no,pinnatum/inat-400705783-735369681-girija6.jpg,
Epipremnum pinnatum,400681512,https://www.inaturalist.org/observations/400681512,735320491,https://inaturalist-open-data.s3.amazonaws.com/photos/735320491/original.jpg,cc-by-nc,"(c) Abinaya Abinaya, some rights reserved (CC BY-NC)",abinaya6,Abinaya Abinaya,2026-09-16,"Putheri, Tamil Nadu 629001, India",research,False,8.1848365,77.4287831,1536,2048,no,pinnatum/inat-400681512-735320491-abinaya6.jpg,
Epipremnum pinnatum,400645946,https://www.inaturalist.org/observations/400645946,735259778,https://static.inaturalist.org/photos/735259778/original.jpg,all-rights-reserved,"(c) 古國順, all rights reserved",ku6777,古國順,2026-09-16,643台灣雲林縣林內鄉湖本村,needs_id,False,23.721575,120.6258583333,1536,2048,no,pinnatum/inat-400645946-735259778-ku6777.jpg,
Epipremnum pinnatum,400623260,https://www.inaturalist.org/observations/400623260,735212020,https://inaturalist-open-data.s3.amazonaws.com/photos/735212020/original.jpg,cc-by-nc,"(c) Shiue Ken, some rights reserved (CC BY-NC)",shiue1,Shiue Ken,2026-09-12,116台灣臺北市文山區憲光公寓,needs_id,False,24.9984465,121.5430565,1536,2048,no,pinnatum/inat-400623260-735212020-shiue1.jpg,
Epipremnum pinnatum,400623260,https://www.inaturalist.org/observations/400623260,735212064,https://inaturalist-open-data.s3.amazonaws.com/photos/735212064/original.jpg,cc-by-nc,"(c) Shiue Ken, some rights reserved (CC BY-NC)",shiue1,Shiue Ken,2026-09-12,116台灣臺北市文山區憲光公寓,needs_id,False,24.9984465,121.5430565,1536,2048,no,pinnatum/inat-400623260-735212064-shiue1.jpg,
Epipremnum pinnatum,400623260,https://www.inaturalist.org/observations/400623260,735212091,https://inaturalist-open-data.s3.amazonaws.com/photos/735212091/original.jpg,cc-by-nc,"(c) Shiue Ken, some rights reserved (CC BY-NC)",shiue1,Shiue Ken,2026-09-12,116台灣臺北市文山區憲光公寓,needs_id,False,24.9984465,121.5430565,1536,2048,no,pinnatum/inat-400623260-735212091-shiue1.jpg,
Epipremnum pinnatum,400444927,https://www.inaturalist.org/observations/400444927,734848887,https://static.inaturalist.org/photos/734848887/original.jpg,all-rights-reserved,"(c) 米嬸, all rights reserved",miaunt,米嬸,2026-09-11,315台灣新竹縣峨眉鄉七星村60-8號,research,False,24.6548444444,121.0247277778,1152,2048,no,pinnatum/inat-400444927-734848887-miaunt.jpg,
Epipremnum pinnatum,400373473,https://www.inaturalist.org/observations/400373473,734703942,https://inaturalist-open-data.s3.amazonaws.com/photos/734703942/original.jpg,cc-by-nc-sa,"(c) 杜鵑花, some rights reserved (CC BY-NC-SA)",liubelinda,杜鵑花,2026-09-15,"Xiyuan Rd, Xindian District, New Taipei City, TW",research,False,24.9788383333,121.52413,1536,2048,no,pinnatum/inat-400373473-734703942-liubelinda.jpg,
Epipremnum pinnatum,400373473,https://www.inaturalist.org/observations/400373473,734703943,https://inaturalist-open-data.s3.amazonaws.com/photos/734703943/original.jpg,cc-by-nc-sa,"(c) 杜鵑花, some rights reserved (CC BY-NC-SA)",liubelinda,杜鵑花,2026-09-15,"Xiyuan Rd, Xindian District, New Taipei City, TW",research,False,24.9788383333,121.52413,1536,2048,no,pinnatum/inat-400373473-734703943-liubelinda.jpg,
Epipremnum pinnatum,400363417,https://www.inaturalist.org/observations/400363417,734681969,https://inaturalist-open-data.s3.amazonaws.com/photos/734681969/original.jpg,cc-by-nc,"(c) ecojimmy, some rights reserved (CC BY-NC)",ecojimmy,,2026-09-15,"Vanuatu, VU",research,False,-15.3782466667,167.174605,1536,2048,no,pinnatum/inat-400363417-734681969-ecojimmy.jpg,
Epipremnum pinnatum,400363285,https://www.inaturalist.org/observations/400363285,734681650,https://inaturalist-open-data.s3.amazonaws.com/photos/734681650/original.jpg,cc-by-nc,"(c) ecojimmy, some rights reserved (CC BY-NC)",ecojimmy,,2026-09-15,"Vanuatu, VU",research,False,-15.3782533333,167.174775,1536,2048,no,pinnatum/inat-400363285-734681650-ecojimmy.jpg,
Epipremnum pinnatum,400363285,https://www.inaturalist.org/observations/400363285,734681597,https://inaturalist-open-data.s3.amazonaws.com/photos/734681597/original.jpg,cc-by-nc,"(c) ecojimmy, some rights reserved (CC BY-NC)",ecojimmy,,2026-09-15,"Vanuatu, VU",research,False,-15.3782533333,167.174775,1536,2048,no,pinnatum/inat-400363285-734681597-ecojimmy.jpg,
Epipremnum pinnatum,400125057,https://www.inaturalist.org/observations/400125057,734181503,https://inaturalist-open-data.s3.amazonaws.com/photos/734181503/original.jpg,cc-by-nc,"(c) freesiahsu, some rights reserved (CC BY-NC)",freesiahsu,,2026-09-12,Taiwan,research,True,24.9683940713,121.732826876,1536,2048,no,pinnatum/inat-400125057-734181503-freesiahsu.jpg,
Epipremnum pinnatum,399847697,https://www.inaturalist.org/observations/399847697,733650346,https://inaturalist-open-data.s3.amazonaws.com/photos/733650346/original.jpg,cc-by-nc,"(c) dark winy (黑泥事務所), some rights reserved (CC BY-NC)",darkwiny2026,dark winy (黑泥事務所),2026-09-13,544台灣南投縣國姓鄉梅子林,needs_id,False,24.062899,120.9454851997,2048,1536,no,pinnatum/inat-399847697-733650346-darkwiny2026.jpg,
Epipremnum pinnatum,399823074,https://www.inaturalist.org/observations/399823074,733599686,https://inaturalist-open-data.s3.amazonaws.com/photos/733599686/original.jpg,cc-by-nc,"(c) tidbitbit, some rights reserved (CC BY-NC)",tidbitbit,,2026-09-13,Kota Kinabalu,needs_id,False,5.9875383377,116.0895309448,1536,2048,no,pinnatum/inat-399823074-733599686-tidbitbit.jpg,
Epipremnum pinnatum,399790002,https://www.inaturalist.org/observations/399790002,733532748,https://inaturalist-open-data.s3.amazonaws.com/photos/733532748/original.jpg,cc-by-nc,"(c) ecojimmy, some rights reserved (CC BY-NC)",ecojimmy,,2026-09-13,"Vanuatu, VU",needs_id,False,-15.3131666667,167.1698916667,1536,2048,no,pinnatum/inat-399790002-733532748-ecojimmy.jpg,
Epipremnum pinnatum,399782978,https://www.inaturalist.org/observations/399782978,733519271,https://inaturalist-open-data.s3.amazonaws.com/photos/733519271/original.jpg,cc-by-nc,"(c) maoneow, some rights reserved (CC BY-NC)",maoneow,,2026-09-12,232台灣新北市坪林區粗窟里,needs_id,False,24.9035321322,121.6743578017,664,2048,no,pinnatum/inat-399782978-733519271-maoneow.jpg,
Epipremnum pinnatum,399744360,https://www.inaturalist.org/observations/399744360,733441892,https://inaturalist-open-data.s3.amazonaws.com/photos/733441892/original.jpg,cc-by-nc,"(c) maoneow, some rights reserved (CC BY-NC)",maoneow,,2026-09-12,232台灣新北市坪林區粗窟里,needs_id,False,24.8653970858,121.6613229364,2048,1536,no,pinnatum/inat-399744360-733441892-maoneow.jpg,
Epipremnum pinnatum,399744360,https://www.inaturalist.org/observations/399744360,733442142,https://inaturalist-open-data.s3.amazonaws.com/photos/733442142/original.jpg,cc-by-nc,"(c) maoneow, some rights reserved (CC BY-NC)",maoneow,,2026-09-12,232台灣新北市坪林區粗窟里,needs_id,False,24.8653970858,121.6613229364,1536,2048,no,pinnatum/inat-399744360-733442142-maoneow.jpg,
Epipremnum pinnatum,399688660,https://www.inaturalist.org/observations/399688660,733322000,https://static.inaturalist.org/photos/733322000/original.jpg,all-rights-reserved,"(c) Steven Wang, all rights reserved",stevenw12339,Steven Wang,2025-12-11,"Wulai District, New Taipei City, Taiwan 233",needs_id,False,24.8530968092,121.5519138049,2048,1365,no,pinnatum/inat-399688660-733322000-stevenw12339.jpg,
Epipremnum pinnatum,399472292,https://www.inaturalist.org/observations/399472292,732917717,https://inaturalist-open-data.s3.amazonaws.com/photos/732917717/original.jpg,cc-by-nc,"(c) Hc Chien, some rights reserved (CC BY-NC)",amadeus999,Hc Chien,2026-09-12,315台灣新竹縣峨眉鄉七星村60-8號,needs_id,False,24.6559222222,121.0241777778,1542,2048,no,pinnatum/inat-399472292-732917717-amadeus999.jpg,
Epipremnum pinnatum,399472292,https://www.inaturalist.org/observations/399472292,732917746,https://inaturalist-open-data.s3.amazonaws.com/photos/732917746/original.jpg,cc-by-nc,"(c) Hc Chien, some rights reserved (CC BY-NC)",amadeus999,Hc Chien,2026-09-12,315台灣新竹縣峨眉鄉七星村60-8號,needs_id,False,24.6559222222,121.0241777778,1538,2048,no,pinnatum/inat-399472292-732917746-amadeus999.jpg,
Epipremnum pinnatum,399434000,https://www.inaturalist.org/observations/399434000,732841309,https://inaturalist-open-data.s3.amazonaws.com/photos/732841309/original.jpg,cc-by-nc,"(c) 黃舒梅, some rights reserved (CC BY-NC)",naturalist142211,黃舒梅,2026-09-12,"Minquan Rd, East District, Chiayi City, TW",needs_id,False,23.4839134541,120.467427001,1152,2048,no,pinnatum/inat-399434000-732841309-naturalist142211.jpg,
Epipremnum pinnatum,399402402,https://www.inaturalist.org/observations/399402402,732766921,https://inaturalist-open-data.s3.amazonaws.com/photos/732766921/original.jpg,cc-by-nc,"(c) rivendel, some rights reserved (CC BY-NC)",rivendel,,2026-09-11,"Iron Range QLD 4892, Australia",research,False,-12.7102816667,143.2921,1171,2048,no,pinnatum/inat-399402402-732766921-rivendel.jpg,
Epipremnum pinnatum,399402402,https://www.inaturalist.org/observations/399402402,732766937,https://inaturalist-open-data.s3.amazonaws.com/photos/732766937/original.jpg,cc-by-nc,"(c) rivendel, some rights reserved (CC BY-NC)",rivendel,,2026-09-11,"Iron Range QLD 4892, Australia",research,False,-12.7102816667,143.2921,849,2048,no,pinnatum/inat-399402402-732766937-rivendel.jpg,
Epipremnum pinnatum,398995378,https://www.inaturalist.org/observations/398995378,731989294,https://static.inaturalist.org/photos/731989294/original.jpg,all-rights-reserved,"(c) 米嬸, all rights reserved",miaunt,米嬸,2026-09-07,315台灣新竹縣峨眉鄉七星村60-8號,needs_id,False,24.6548444444,121.0247277778,1152,2048,no,pinnatum/inat-398995378-731989294-miaunt.jpg,
Epipremnum pinnatum,398924681,https://www.inaturalist.org/observations/398924681,731859098,https://inaturalist-open-data.s3.amazonaws.com/photos/731859098/original.jpg,cc-by-nc,"(c) djwitherall, some rights reserved (CC BY-NC)",djwitherall,,2026-09-10,"Iron Range, QLD, AU",needs_id,False,-12.7815466667,143.313995,1536,2048,no,pinnatum/inat-398924681-731859098-djwitherall.jpg,
Epipremnum pinnatum,398924681,https://www.inaturalist.org/observations/398924681,731859154,https://inaturalist-open-data.s3.amazonaws.com/photos/731859154/original.jpg,cc-by-nc,"(c) djwitherall, some rights reserved (CC BY-NC)",djwitherall,,2026-09-10,"Iron Range, QLD, AU",needs_id,False,-12.7815466667,143.313995,1536,2048,no,pinnatum/inat-398924681-731859154-djwitherall.jpg,
Epipremnum pinnatum,398924681,https://www.inaturalist.org/observations/398924681,731859197,https://inaturalist-open-data.s3.amazonaws.com/photos/731859197/original.jpg,cc-by-nc,"(c) djwitherall, some rights reserved (CC BY-NC)",djwitherall,,2026-09-10,"Iron Range, QLD, AU",needs_id,False,-12.7815466667,143.313995,1536,2048,no,pinnatum/inat-398924681-731859197-djwitherall.jpg,
Epipremnum pinnatum,398670017,https://www.inaturalist.org/observations/398670017,731361469,https://inaturalist-open-data.s3.amazonaws.com/photos/731361469/original.jpg,cc-by-nc,"(c) Girija Balan, some rights reserved (CC BY-NC)",girija6,Girija Balan,2026-09-09,"Putheri, Tamil Nadu 629001, India",needs_id,False,8.18509457,77.42777868,1536,2048,no,pinnatum/inat-398670017-731361469-girija6.jpg,
Epipremnum pinnatum,398374027,https://www.inaturalist.org/observations/398374027,730786438,https://inaturalist-open-data.s3.amazonaws.com/photos/730786438/original.jpg,cc-by-nc,"(c) Parth Yadav, some rights reserved (CC BY-NC)",parthbeejro,Parth Yadav,2026-05-22,"Bhopal, Madhya Pradesh, IN",needs_id,False,23.15195,77.40473,1536,2048,no,pinnatum/inat-398374027-730786438-parthbeejro.jpg,
Epipremnum pinnatum,398350722,https://www.inaturalist.org/observations/398350722,730741135,https://inaturalist-open-data.s3.amazonaws.com/photos/730741135/original.jpg,cc-by-nc,"(c) Rheygie W. Saguing, some rights reserved (CC BY-NC)",riji,Rheygie W. Saguing,2026-09-08,"HF95+V23, Lumbo, Alubijid, Misamis Oriental, Philippines",needs_id,False,8.5707146888,124.4574802369,1536,2048,no,pinnatum/inat-398350722-730741135-riji.jpg,
Epipremnum pinnatum,398350722,https://www.inaturalist.org/observations/398350722,730741162,https://inaturalist-open-data.s3.amazonaws.com/photos/730741162/original.jpg,cc-by-nc,"(c) Rheygie W. Saguing, some rights reserved (CC BY-NC)",riji,Rheygie W. Saguing,2026-09-08,"HF95+V23, Lumbo, Alubijid, Misamis Oriental, Philippines",needs_id,False,8.5707146888,124.4574802369,1536,2048,no,pinnatum/inat-398350722-730741162-riji.jpg,
Epipremnum pinnatum,398350722,https://www.inaturalist.org/observations/398350722,730741196,https://inaturalist-open-data.s3.amazonaws.com/photos/730741196/original.jpg,cc-by-nc,"(c) Rheygie W. Saguing, some rights reserved (CC BY-NC)",riji,Rheygie W. Saguing,2026-09-08,"HF95+V23, Lumbo, Alubijid, Misamis Oriental, Philippines",needs_id,False,8.5707146888,124.4574802369,1536,2048,no,pinnatum/inat-398350722-730741196-riji.jpg,
Epipremnum pinnatum,398350722,https://www.inaturalist.org/observations/398350722,730741232,https://inaturalist-open-data.s3.amazonaws.com/photos/730741232/original.jpg,cc-by-nc,"(c) Rheygie W. Saguing, some rights reserved (CC BY-NC)",riji,Rheygie W. Saguing,2026-09-08,"HF95+V23, Lumbo, Alubijid, Misamis Oriental, Philippines",needs_id,False,8.5707146888,124.4574802369,1536,2048,no,pinnatum/inat-398350722-730741232-riji.jpg,
Epipremnum pinnatum,398350308,https://www.inaturalist.org/observations/398350308,730740091,https://inaturalist-open-data.s3.amazonaws.com/photos/730740091/original.jpg,cc-by-nc,"(c) polingtwn, some rights reserved (CC BY-NC)",polingtwn,,2026-09-08,"臺灣島, 瑞芳區, 新北市, TW",research,False,25.1064388333,121.8598466667,1536,2048,no,pinnatum/inat-398350308-730740091-polingtwn.jpg,
Epipremnum pinnatum,398067590,https://www.inaturalist.org/observations/398067590,730182073,https://inaturalist-open-data.s3.amazonaws.com/photos/730182073/original.jpg,cc-by-nc,"(c) Botond Boros, some rights reserved (CC BY-NC)",borosbobo,Botond Boros,2026-09-07,"Gianyar, Bali, ID",needs_id,False,-8.51852,115.2584533333,1536,2048,no,pinnatum/inat-398067590-730182073-borosbobo.jpg,
Epipremnum pinnatum,398030468,https://www.inaturalist.org/observations/398030468,730112295,https://static.inaturalist.org/photos/730112295/original.jpg,all-rights-reserved,"(c) depressed_tornado, all rights reserved",depressed_tornado,depressed_tornado,2026-09-04,"Clementi St 13, Singapore, SG, SG",needs_id,False,1.3249666667,103.7713866667,1152,2048,no,pinnatum/inat-398030468-730112295-depressed_tornado.jpg,
Epipremnum pinnatum,398030468,https://www.inaturalist.org/observations/398030468,730112266,https://static.inaturalist.org/photos/730112266/original.jpg,all-rights-reserved,"(c) depressed_tornado, all rights reserved",depressed_tornado,depressed_tornado,2026-09-04,"Clementi St 13, Singapore, SG, SG",needs_id,False,1.3249666667,103.7713866667,1152,2048,no,pinnatum/inat-398030468-730112266-depressed_tornado.jpg,
Epipremnum pinnatum,397993160,https://www.inaturalist.org/observations/397993160,730037737,https://inaturalist-open-data.s3.amazonaws.com/photos/730037737/original.jpg,cc-by-nc,"(c) Aspen Shih, some rights reserved (CC BY-NC)",aspensea,Aspen Shih,2026-07-18,"Xinyi Rd Sec 5 Ln 150, Xinyi District, Taipei City, TW",needs_id,False,25.0269721667,121.5729533333,1536,2048,no,pinnatum/inat-397993160-730037737-aspensea.jpg,
Epipremnum pinnatum,397786200,https://www.inaturalist.org/observations/397786200,729614670,https://inaturalist-open-data.s3.amazonaws.com/photos/729614670/original.jpg,cc-by-nc,"(c) Sonia Molino, some rights reserved (CC BY-NC)",soniamolino,Sonia Molino,2026-08-21,"New Taipei, New Taipei City, Taiwan",needs_id,False,25.06016941,121.81894217,2048,1365,no,pinnatum/inat-397786200-729614670-soniamolino.jpg,
Epipremnum pinnatum,397773905,https://www.inaturalist.org/observations/397773905,729597974,https://inaturalist-open-data.s3.amazonaws.com/photos/729597974/original.jpg,cc-by-nc,"(c) Maks Syratt, some rights reserved (CC BY-NC)",makss,Maks Syratt,2026-08-29,"Kuala Lumpur, Federal Territory of Kuala Lumpur, Malaysia",needs_id,False,3.150521586,101.701732702,2048,1365,no,pinnatum/inat-397773905-729597974-makss.jpg,
Epipremnum pinnatum,397672830,https://www.inaturalist.org/observations/397672830,729411215,https://inaturalist-open-data.s3.amazonaws.com/photos/729411215/original.jpg,cc-by-nc,"(c) arthurlsw, some rights reserved (CC BY-NC)",arthurlsw,,2026-09-06,"臺灣島, 公館鄉, 苗栗縣, TW",needs_id,False,24.5286966667,120.8656616667,1536,2048,no,pinnatum/inat-397672830-729411215-arthurlsw.jpg,
Epipremnum pinnatum,397672830,https://www.inaturalist.org/observations/397672830,729411515,https://inaturalist-open-data.s3.amazonaws.com/photos/729411515/original.jpg,cc-by-nc,"(c) arthurlsw, some rights reserved (CC BY-NC)",arthurlsw,,2026-09-06,"臺灣島, 公館鄉, 苗栗縣, TW",needs_id,False,24.5286966667,120.8656616667,1536,2048,no,pinnatum/inat-397672830-729411515-arthurlsw.jpg,
Epipremnum pinnatum,397480061,https://www.inaturalist.org/observations/397480061,729029401,https://static.inaturalist.org/photos/729029401/original.jpg,all-rights-reserved,"(c) Emilio Valbuena-Ureña, all rights reserved",emiliovalbuena,Emilio Valbuena-Ureña,2026-08-17,"Upper Daintree QLD 4873, Australia",research,False,-16.252261631,145.3080148995,2048,1536,no,pinnatum/inat-397480061-729029401-emiliovalbuena.jpg,
Epipremnum pinnatum,397480061,https://www.inaturalist.org/observations/397480061,729029463,https://static.inaturalist.org/photos/729029463/original.jpg,all-rights-reserved,"(c) Emilio Valbuena-Ureña, all rights reserved",emiliovalbuena,Emilio Valbuena-Ureña,2026-08-17,"Upper Daintree QLD 4873, Australia",research,False,-16.252261631,145.3080148995,1536,2048,no,pinnatum/inat-397480061-729029463-emiliovalbuena.jpg,
Epipremnum pinnatum,397471706,https://www.inaturalist.org/observations/397471706,729006041,https://inaturalist-open-data.s3.amazonaws.com/photos/729006041/original.jpg,cc-by-nc,"(c) 风织雾, some rights reserved (CC BY-NC)",windoffog,风织雾,2026-09-05,中国海南省海口市龙华区,needs_id,False,19.9554247592,110.3604012121,2048,1536,no,pinnatum/inat-397471706-729006041-windoffog.jpg,
Epipremnum pinnatum,397405566,https://www.inaturalist.org/observations/397405566,728879344,https://inaturalist-open-data.s3.amazonaws.com/photos/728879344/original.jpg,cc-by-nc,"(c) Malcolm Tattersall, some rights reserved (CC BY-NC)",malcolm_in_townsville,Malcolm Tattersall,2026-08-18,"Iron Range QLD 4892, Australia",needs_id,False,-12.7104106778,143.2931969339,1600,1200,no,pinnatum/inat-397405566-728879344-malcolm_in_townsville.jpg,
Epipremnum pinnatum,397385401,https://www.inaturalist.org/observations/397385401,728844856,https://inaturalist-open-data.s3.amazonaws.com/photos/728844856/original.jpg,cc-by-nc,"(c) hejor1, some rights reserved (CC BY-NC)",hejor1,,2026-09-05,"Samui Island, Ko Samui District, Surat Thani, TH",research,False,9.5107616667,100.0084833333,1536,2048,no,pinnatum/inat-397385401-728844856-hejor1.jpg,
Epipremnum pinnatum,397385401,https://www.inaturalist.org/observations/397385401,728844894,https://inaturalist-open-data.s3.amazonaws.com/photos/728844894/original.jpg,cc-by-nc,"(c) hejor1, some rights reserved (CC BY-NC)",hejor1,,2026-09-05,"Samui Island, Ko Samui District, Surat Thani, TH",research,False,9.5107616667,100.0084833333,1536,2048,no,pinnatum/inat-397385401-728844894-hejor1.jpg,
Epipremnum pinnatum,397357277,https://www.inaturalist.org/observations/397357277,728790750,https://inaturalist-open-data.s3.amazonaws.com/photos/728790750/original.jpg,cc-by-nc,"(c) 張睿引, some rights reserved (CC BY-NC)",ra31rain,張睿引,2026-09-01,"Bitan Rd, Xindian District, New Taipei City, TW",research,False,24.9547295015,121.5344232968,1152,2048,no,pinnatum/inat-397357277-728790750-ra31rain.jpg,
Epipremnum pinnatum,397235680,https://www.inaturalist.org/observations/397235680,728549778,https://inaturalist-open-data.s3.amazonaws.com/photos/728549778/original.jpg,cc-by-nc,"(c) kultasiipi, some rights reserved (CC BY-NC)",kultasiipi,,2026-09-04,"Syndicate, QLD, AU",research,False,-16.4712083333,145.3305666667,1536,2048,no,pinnatum/inat-397235680-728549778-kultasiipi.jpg,
Epipremnum pinnatum,397139964,https://www.inaturalist.org/observations/397139964,728366512,https://inaturalist-open-data.s3.amazonaws.com/photos/728366512/original.jpg,cc-by-nc,"(c) Malcolm Tattersall, some rights reserved (CC BY-NC)",malcolm_in_townsville,Malcolm Tattersall,2026-08-18,"Iron Range QLD 4892, Australia",research,False,-12.7100967,143.292403,1350,1800,no,pinnatum/inat-397139964-728366512-malcolm_in_townsville.jpg,
Epipremnum pinnatum,397085115,https://www.inaturalist.org/observations/397085115,728259520,https://inaturalist-open-data.s3.amazonaws.com/photos/728259520/original.jpg,cc-by-nc,"(c) cjy7, some rights reserved (CC BY-NC)",cjy7,,2026-09-04,"臺灣島, 五股區, 新北市, TW",research,False,25.0707333333,121.4354166667,1536,2048,no,pinnatum/inat-397085115-728259520-cjy7.jpg,
Epipremnum pinnatum,397085115,https://www.inaturalist.org/observations/397085115,728259572,https://inaturalist-open-data.s3.amazonaws.com/photos/728259572/original.jpg,cc-by-nc,"(c) cjy7, some rights reserved (CC BY-NC)",cjy7,,2026-09-04,"臺灣島, 五股區, 新北市, TW",research,False,25.0707333333,121.4354166667,1536,2048,no,pinnatum/inat-397085115-728259572-cjy7.jpg,
Epipremnum pinnatum,397069281,https://www.inaturalist.org/observations/397069281,728228701,https://inaturalist-open-data.s3.amazonaws.com/photos/728228701/original.jpg,cc-by-nc,"(c) Maks Syratt, some rights reserved (CC BY-NC)",makss,Maks Syratt,2026-09-04,"Pasir Ris, Singapore",research,False,1.3790207997,103.9525473,1536,2048,no,pinnatum/inat-397069281-728228701-makss.jpg,
Epipremnum pinnatum,396862660,https://www.inaturalist.org/observations/396862660,727824385,https://inaturalist-open-data.s3.amazonaws.com/photos/727824385/original.jpg,cc-by-nc,"(c) Thipthunya Seelamai, some rights reserved (CC BY-NC)",thipthunya,Thipthunya Seelamai,2026-09-03,"มหาวิทยาลัยอุบลราชธานี, อ.วารินชำราบ, จ.อุบลราชธานี, TH",needs_id,False,15.1211934313,104.9082069919,1536,2048,no,pinnatum/inat-396862660-727824385-thipthunya.jpg,
Epipremnum pinnatum,396814717,https://www.inaturalist.org/observations/396814717,727728422,https://inaturalist-open-data.s3.amazonaws.com/photos/727728422/original.jpg,cc-by-nc,"(c) 王學哲, some rights reserved (CC BY-NC)",jobwang,王學哲,2012-11-09,"Taiwan, TW",research,True,23.9727354785,120.8651826097,1050,1575,no,pinnatum/inat-396814717-727728422-jobwang.jpg,
Epipremnum pinnatum,396598040,https://www.inaturalist.org/observations/396598040,727307406,https://inaturalist-open-data.s3.amazonaws.com/photos/727307406/original.jpg,cc-by-nc,"(c) nirawan69230340942, some rights reserved (CC BY-NC)",nirawan69230340942,,2026-09-02,"มหาวิทยาลัยอุบลราชธานี, อ.วารินชำราบ, จ.อุบลราชธานี, TH",research,False,15.1207155299,104.9083048798,1536,2048,no,pinnatum/inat-396598040-727307406-nirawan69230340942.jpg,
Epipremnum pinnatum,396292685,https://www.inaturalist.org/observations/396292685,726752555,https://inaturalist-open-data.s3.amazonaws.com/photos/726752555/original.jpg,cc-by-nc,"(c) ธีรชัย พรหมเสนา, some rights reserved (CC BY-NC)",naturalist176542,ธีรชัย พรหมเสนา,2026-09-01,"มหาวิทยาลัยอุบลราชธานี, อ.วารินชำราบ, จ.อุบลราชธานี, TH",research,False,15.120628504,104.9082724726,1536,2048,no,pinnatum/inat-396292685-726752555-naturalist176542.jpg,
Epipremnum pinnatum,396283004,https://www.inaturalist.org/observations/396283004,726730108,https://static.inaturalist.org/photos/726730108/original.jpg,all-rights-reserved,"(c) Bo-hao Chen, all rights reserved",liana_chen,Bo-hao Chen,2026-05-21,847台灣高雄市甲仙區,needs_id,False,23.0806055556,120.6190333333,2048,1536,no,pinnatum/inat-396283004-726730108-liana_chen.jpg,
Epipremnum pinnatum,396282982,https://www.inaturalist.org/observations/396282982,726729591,https://static.inaturalist.org/photos/726729591/original.jpg,all-rights-reserved,"(c) Bo-hao Chen, all rights reserved",liana_chen,Bo-hao Chen,2026-05-21,847台灣高雄市甲仙區,needs_id,False,23.0804416667,120.6191638889,2048,1536,no,pinnatum/inat-396282982-726729591-liana_chen.jpg,
Epipremnum pinnatum,396261753,https://www.inaturalist.org/observations/396261753,726690497,https://static.inaturalist.org/photos/726690497/original.jpg,all-rights-reserved,"(c) Brandon Najarian, all rights reserved",atp_synthaz3,Brandon Najarian,2026-08-31,"Nuuanu Ave + Kawananakoa Pl, Honolulu, HI 96817, USA",needs_id,False,21.3250361111,-157.8465666667,1542,2048,no,pinnatum/inat-396261753-726690497-atp_synthaz3.jpg,
Epipremnum pinnatum,396261753,https://www.inaturalist.org/observations/396261753,726690532,https://static.inaturalist.org/photos/726690532/original.jpg,all-rights-reserved,"(c) Brandon Najarian, all rights reserved",atp_synthaz3,Brandon Najarian,2026-08-31,"Nuuanu Ave + Kawananakoa Pl, Honolulu, HI 96817, USA",needs_id,False,21.3250361111,-157.8465666667,1542,2048,no,pinnatum/inat-396261753-726690532-atp_synthaz3.jpg,
Epipremnum pinnatum,396093706,https://www.inaturalist.org/observations/396093706,726357688,https://static.inaturalist.org/photos/726357688/original.jpg,all-rights-reserved,"(c) 米嬸, all rights reserved",miaunt,米嬸,2026-08-26,353台灣苗栗縣南庄鄉東河村,research,False,24.6071777778,121.0526777778,1152,2048,no,pinnatum/inat-396093706-726357688-miaunt.jpg,
Epipremnum pinnatum,396064336,https://www.inaturalist.org/observations/396064336,726298342,https://inaturalist-open-data.s3.amazonaws.com/photos/726298342/original.jpg,cc-by-nc,"(c) Pacific Land &amp; Sea Foundation, some rights reserved (CC BY-NC)",pacificlandseafoundation,Pacific Land &amp; Sea Foundation,2026-08-31,"Eton, VU-SE, VU",research,False,-17.78292,168.4477866667,1536,2048,no,pinnatum/inat-396064336-726298342-pacificlandseafoundation.jpg,
Epipremnum pinnatum,396064019,https://www.inaturalist.org/observations/396064019,726297618,https://inaturalist-open-data.s3.amazonaws.com/photos/726297618/original.jpg,cc-by-nc,"(c) Pacific Land &amp; Sea Foundation, some rights reserved (CC BY-NC)",pacificlandseafoundation,Pacific Land &amp; Sea Foundation,2026-08-31,"Eton, VU-SE, VU",research,False,-17.782795,168.4478133333,1536,2048,no,pinnatum/inat-396064019-726297618-pacificlandseafoundation.jpg,
Epipremnum pinnatum,396063956,https://www.inaturalist.org/observations/396063956,726297454,https://inaturalist-open-data.s3.amazonaws.com/photos/726297454/original.jpg,cc-by-nc,"(c) Pacific Land &amp; Sea Foundation, some rights reserved (CC BY-NC)",pacificlandseafoundation,Pacific Land &amp; Sea Foundation,2026-08-31,"Eton, VU-SE, VU",research,False,-17.7827416667,168.44783,1536,2048,no,pinnatum/inat-396063956-726297454-pacificlandseafoundation.jpg,
Epipremnum pinnatum,396001407,https://www.inaturalist.org/observations/396001407,726153862,https://inaturalist-open-data.s3.amazonaws.com/photos/726153862/original.jpg,cc-by-nc,"(c) freesiahsu, some rights reserved (CC BY-NC)",freesiahsu,,2026-08-30,台灣臺北,research,False,24.8342893997,121.4665392997,1536,2048,no,pinnatum/inat-396001407-726153862-freesiahsu.jpg,
Epipremnum pinnatum,395801953,https://www.inaturalist.org/observations/395801953,725778291,https://inaturalist-open-data.s3.amazonaws.com/photos/725778291/original.jpg,cc-by-nc,"(c) shawnchiang, some rights reserved (CC BY-NC)",shawnchiang,,2026-08-01,"Liuqiu Township, Pingtung County, TW",research,False,22.3377416667,120.3630966667,1536,2048,no,pinnatum/inat-395801953-725778291-shawnchiang.jpg,
Epipremnum pinnatum,395510904,https://www.inaturalist.org/observations/395510904,725204867,https://inaturalist-open-data.s3.amazonaws.com/photos/725204867/original.jpg,cc-by-nc,"(c) János Vörösbaranyi, some rights reserved (CC BY-NC)",vbjanos,János Vörösbaranyi,2026-08-22,"Syndicate QLD 4873, Australia",needs_id,False,-16.4707181531,145.3232059404,2048,1365,no,pinnatum/inat-395510904-725204867-vbjanos.jpg,
Epipremnum pinnatum,395510904,https://www.inaturalist.org/observations/395510904,725204962,https://inaturalist-open-data.s3.amazonaws.com/photos/725204962/original.jpg,cc-by-nc,"(c) János Vörösbaranyi, some rights reserved (CC BY-NC)",vbjanos,János Vörösbaranyi,2026-08-22,"Syndicate QLD 4873, Australia",needs_id,False,-16.4707181531,145.3232059404,2048,1365,no,pinnatum/inat-395510904-725204962-vbjanos.jpg,
Epipremnum pinnatum,395446229,https://www.inaturalist.org/observations/395446229,725093972,https://inaturalist-open-data.s3.amazonaws.com/photos/725093972/original.jpg,cc-by-nc-sa,"(c) 大俠, some rights reserved (CC BY-NC-SA)",kuman,大俠,2026-08-29,231台灣新北市新店區美城里碧潭,research,False,24.9538823389,121.533695055,2048,1536,no,pinnatum/inat-395446229-725093972-kuman.jpg,
Epipremnum pinnatum,395213091,https://www.inaturalist.org/observations/395213091,724636284,https://inaturalist-open-data.s3.amazonaws.com/photos/724636284/original.jpg,cc-by-nc,"(c) Romnick T. Taladro, LPT, some rights reserved (CC BY-NC)",nickology,"Romnick T. Taladro, LPT",2024-03-12,"Pudiot, Tangalan, Aklan, Philippines",needs_id,False,11.7401039069,122.2623021528,1536,2048,no,pinnatum/inat-395213091-724636284-nickology.jpg,
Epipremnum pinnatum,395079532,https://www.inaturalist.org/observations/395079532,724370605,https://inaturalist-open-data.s3.amazonaws.com/photos/724370605/original.jpg,cc-by,"(c) Damien O'Donnell, some rights reserved (CC BY)",doddrum,Damien O'Donnell,2026-08-27,"Bellbird Park QLD 4300, Australia",needs_id,False,-27.6324916667,152.9075027778,1537,2048,no,pinnatum/inat-395079532-724370605-doddrum.jpg,
Epipremnum pinnatum,395079532,https://www.inaturalist.org/observations/395079532,724370713,https://inaturalist-open-data.s3.amazonaws.com/photos/724370713/original.jpg,cc-by,"(c) Damien O'Donnell, some rights reserved (CC BY)",doddrum,Damien O'Donnell,2026-08-27,"Bellbird Park QLD 4300, Australia",needs_id,False,-27.6324916667,152.9075027778,1537,2048,no,pinnatum/inat-395079532-724370713-doddrum.jpg,
Epipremnum pinnatum,395079532,https://www.inaturalist.org/observations/395079532,724370799,https://inaturalist-open-data.s3.amazonaws.com/photos/724370799/original.jpg,cc-by,"(c) Damien O'Donnell, some rights reserved (CC BY)",doddrum,Damien O'Donnell,2026-08-27,"Bellbird Park QLD 4300, Australia",needs_id,False,-27.6324916667,152.9075027778,1537,2048,no,pinnatum/inat-395079532-724370799-doddrum.jpg,
Epipremnum pinnatum,395079532,https://www.inaturalist.org/observations/395079532,724370910,https://inaturalist-open-data.s3.amazonaws.com/photos/724370910/original.jpg,cc-by,"(c) Damien O'Donnell, some rights reserved (CC BY)",doddrum,Damien O'Donnell,2026-08-27,"Bellbird Park QLD 4300, Australia",needs_id,False,-27.6324916667,152.9075027778,1537,2048,no,pinnatum/inat-395079532-724370910-doddrum.jpg,
Epipremnum pinnatum,394934727,https://www.inaturalist.org/observations/394934727,724087005,https://inaturalist-open-data.s3.amazonaws.com/photos/724087005/original.jpg,cc-by-nc,"(c) Sarah Sun, some rights reserved (CC BY-NC)",sarah_having_fun,Sarah Sun,2026-08-16,"Cairns QLD, Australia",research,False,-16.8967970081,145.7514437442,1365,2048,no,pinnatum/inat-394934727-724087005-sarah_having_fun.jpg,
Epipremnum pinnatum,394934727,https://www.inaturalist.org/observations/394934727,724086996,https://inaturalist-open-data.s3.amazonaws.com/photos/724086996/original.jpg,cc-by-nc,"(c) Sarah Sun, some rights reserved (CC BY-NC)",sarah_having_fun,Sarah Sun,2026-08-16,"Cairns QLD, Australia",research,False,-16.8967970081,145.7514437442,2048,1365,no,pinnatum/inat-394934727-724086996-sarah_having_fun.jpg,
Epipremnum pinnatum,394934727,https://www.inaturalist.org/observations/394934727,724087016,https://inaturalist-open-data.s3.amazonaws.com/photos/724087016/original.jpg,cc-by-nc,"(c) Sarah Sun, some rights reserved (CC BY-NC)",sarah_having_fun,Sarah Sun,2026-08-16,"Cairns QLD, Australia",research,False,-16.8967970081,145.7514437442,1365,2048,no,pinnatum/inat-394934727-724087016-sarah_having_fun.jpg,
Epipremnum pinnatum,394931585,https://www.inaturalist.org/observations/394931585,724082940,https://inaturalist-open-data.s3.amazonaws.com/photos/724082940/original.jpg,cc-by-nc,"(c) charolais, some rights reserved (CC BY-NC)",charolais,,2026-08-27,"Cow Bay QLD 4873, Australia",research,False,-16.23890005,145.43323185,1536,2048,no,pinnatum/inat-394931585-724082940-charolais.jpg,
Epipremnum pinnatum,394931585,https://www.inaturalist.org/observations/394931585,724083048,https://inaturalist-open-data.s3.amazonaws.com/photos/724083048/original.jpg,cc-by-nc,"(c) charolais, some rights reserved (CC BY-NC)",charolais,,2026-08-27,"Cow Bay QLD 4873, Australia",research,False,-16.23890005,145.43323185,1536,2048,no,pinnatum/inat-394931585-724083048-charolais.jpg,
Epipremnum pinnatum,394931585,https://www.inaturalist.org/observations/394931585,724083173,https://inaturalist-open-data.s3.amazonaws.com/photos/724083173/original.jpg,cc-by-nc,"(c) charolais, some rights reserved (CC BY-NC)",charolais,,2026-08-27,"Cow Bay QLD 4873, Australia",research,False,-16.23890005,145.43323185,1536,2048,no,pinnatum/inat-394931585-724083173-charolais.jpg,
Epipremnum pinnatum,394899854,https://www.inaturalist.org/observations/394899854,724022233,https://inaturalist-open-data.s3.amazonaws.com/photos/724022233/original.jpg,cc-by-nc,"(c) Bipasha David, some rights reserved (CC BY-NC)",prof_bipasha_david_,Bipasha David,2026-08-27,"CR7W+7HW, Naini, Prayagraj, Mirakhpur Kachhar, Uttar Pradesh 211007, India",research,False,25.4129877344,81.8462207168,1536,2048,no,pinnatum/inat-394899854-724022233-prof_bipasha_david_.jpg,
Epipremnum pinnatum,394887230,https://www.inaturalist.org/observations/394887230,723997281,https://inaturalist-open-data.s3.amazonaws.com/photos/723997281/original.jpg,cc-by-nc,"(c) ธนวรรณ สุริหาร, some rights reserved (CC BY-NC)",naturalist112422,ธนวรรณ สุริหาร,2026-08-27,"มหาวิทยาลัยอุบลราชธานี, อ.วารินชำราบ, จ.อุบลราชธานี, TH",research,False,15.1212495323,104.908208402,1536,2048,no,pinnatum/inat-394887230-723997281-naturalist112422.jpg,
Epipremnum pinnatum,394619263,https://www.inaturalist.org/observations/394619263,723468632,https://static.inaturalist.org/photos/723468632/original.jpg,all-rights-reserved,"(c) SARMAN HADJURI, all rights reserved",sarman1,SARMAN HADJURI,2026-08-12,"3H8W+H7H, Talomo, Davao City, Davao del Sur, Philippines",needs_id,False,7.0665777778,125.5960111111,1152,2048,no,pinnatum/inat-394619263-723468632-sarman1.jpg,
Epipremnum pinnatum,394619263,https://www.inaturalist.org/observations/394619263,723468650,https://static.inaturalist.org/photos/723468650/original.jpg,all-rights-reserved,"(c) SARMAN HADJURI, all rights reserved",sarman1,SARMAN HADJURI,2026-08-12,"3H8W+H7H, Talomo, Davao City, Davao del Sur, Philippines",needs_id,False,7.0665777778,125.5960111111,1152,2048,no,pinnatum/inat-394619263-723468650-sarman1.jpg,
Epipremnum pinnatum,394392180,https://www.inaturalist.org/observations/394392180,723026778,https://inaturalist-open-data.s3.amazonaws.com/photos/723026778/original.jpg,cc-by-nc,"(c) Dariusz Kamiński, some rights reserved (CC BY-NC)",szuwarek,Dariusz Kamiński,2026-08-25,"XHGH+QM, 89308 Kundasang, Sabah, Malezja",research,False,5.9767402,116.5791511,1153,2048,no,pinnatum/inat-394392180-723026778-szuwarek.jpg,
Epipremnum pinnatum,394392180,https://www.inaturalist.org/observations/394392180,723026814,https://inaturalist-open-data.s3.amazonaws.com/photos/723026814/original.jpg,cc-by-nc,"(c) Dariusz Kamiński, some rights reserved (CC BY-NC)",szuwarek,Dariusz Kamiński,2026-08-25,"XHGH+QM, 89308 Kundasang, Sabah, Malezja",research,False,5.9767402,116.5791511,1153,2048,no,pinnatum/inat-394392180-723026814-szuwarek.jpg,
Epipremnum pinnatum,394386230,https://www.inaturalist.org/observations/394386230,723015606,https://static.inaturalist.org/photos/723015606/original.jpg,all-rights-reserved,"(c) Mikeal Chan, all rights reserved",skywings99,Mikeal Chan,2026-08-25,"Central, SG",needs_id,False,1.2868532318,103.7795678526,1153,2048,no,pinnatum/inat-394386230-723015606-skywings99.jpg,
Epipremnum pinnatum,394373619,https://www.inaturalist.org/observations/394373619,722987733,https://inaturalist-open-data.s3.amazonaws.com/photos/722987733/original.jpg,cc-by-nc,"(c) Sarah Sun, some rights reserved (CC BY-NC)",sarah_having_fun,Sarah Sun,2026-08-17,"Cairns QLD, Australia",research,False,-16.902523269,145.7520930658,1536,2048,no,pinnatum/inat-394373619-722987733-sarah_having_fun.jpg,
Epipremnum pinnatum,394373619,https://www.inaturalist.org/observations/394373619,722987742,https://inaturalist-open-data.s3.amazonaws.com/photos/722987742/original.jpg,cc-by-nc,"(c) Sarah Sun, some rights reserved (CC BY-NC)",sarah_having_fun,Sarah Sun,2026-08-17,"Cairns QLD, Australia",research,False,-16.902523269,145.7520930658,1536,2048,no,pinnatum/inat-394373619-722987742-sarah_having_fun.jpg,
Epipremnum pinnatum,394373619,https://www.inaturalist.org/observations/394373619,722987749,https://inaturalist-open-data.s3.amazonaws.com/photos/722987749/original.jpg,cc-by-nc,"(c) Sarah Sun, some rights reserved (CC BY-NC)",sarah_having_fun,Sarah Sun,2026-08-17,"Cairns QLD, Australia",research,False,-16.902523269,145.7520930658,1536,2048,no,pinnatum/inat-394373619-722987749-sarah_having_fun.jpg,
Epipremnum pinnatum,394373619,https://www.inaturalist.org/observations/394373619,722987764,https://inaturalist-open-data.s3.amazonaws.com/photos/722987764/original.jpg,cc-by-nc,"(c) Sarah Sun, some rights reserved (CC BY-NC)",sarah_having_fun,Sarah Sun,2026-08-17,"Cairns QLD, Australia",research,False,-16.902523269,145.7520930658,1536,2048,no,pinnatum/inat-394373619-722987764-sarah_having_fun.jpg,
Epipremnum pinnatum,394136320,https://www.inaturalist.org/observations/394136320,722501489,https://inaturalist-open-data.s3.amazonaws.com/photos/722501489/original.jpg,cc-by-nc,"(c) severalcreatures, some rights reserved (CC BY-NC)",severalcreatures,,2026-08-20,"Aguadilla, PR",needs_id,False,18.5081011039,-67.1335550953,2048,1536,no,pinnatum/inat-394136320-722501489-severalcreatures.jpg,
Epipremnum pinnatum,394115317,https://www.inaturalist.org/observations/394115317,722479679,https://inaturalist-open-data.s3.amazonaws.com/photos/722479679/original.jpg,cc-by-nc,"(c) Allyson, some rights reserved (CC BY-NC)",schmieds,Allyson,2026-08-24,"M327+W4M, Diliman, Quezon City, Metro Manila, Philippines",research,False,14.6529638889,121.0621861111,2048,1536,no,pinnatum/inat-394115317-722479679-schmieds.jpg,
Epipremnum pinnatum,394092665,https://www.inaturalist.org/observations/394092665,722433703,https://inaturalist-open-data.s3.amazonaws.com/photos/722433703/original.jpg,cc-by-nc,"(c) charolais, some rights reserved (CC BY-NC)",charolais,,2026-08-23,"Lake Barrine QLD 4884, Australia",research,False,-17.24531808,145.64120775,1536,2048,no,pinnatum/inat-394092665-722433703-charolais.jpg,
Epipremnum pinnatum,394092665,https://www.inaturalist.org/observations/394092665,722433845,https://inaturalist-open-data.s3.amazonaws.com/photos/722433845/original.jpg,cc-by-nc,"(c) charolais, some rights reserved (CC BY-NC)",charolais,,2026-08-23,"Lake Barrine QLD 4884, Australia",research,False,-17.24531808,145.64120775,1536,2048,no,pinnatum/inat-394092665-722433845-charolais.jpg,
Epipremnum pinnatum,394092665,https://www.inaturalist.org/observations/394092665,722433969,https://inaturalist-open-data.s3.amazonaws.com/photos/722433969/original.jpg,cc-by-nc,"(c) charolais, some rights reserved (CC BY-NC)",charolais,,2026-08-23,"Lake Barrine QLD 4884, Australia",research,False,-17.24531808,145.64120775,1536,2048,no,pinnatum/inat-394092665-722433969-charolais.jpg,
Epipremnum pinnatum,394038776,https://www.inaturalist.org/observations/394038776,722329113,https://inaturalist-open-data.s3.amazonaws.com/photos/722329113/original.jpg,cc-by-nc,"(c) abecket, some rights reserved (CC BY-NC)",abecket,,2026-08-24,"11 Victoria Ave hail 'n' ride, Glen Eden QLD 4680, Australia",research,False,-23.9012313,151.2639832,1536,2048,no,pinnatum/inat-394038776-722329113-abecket.jpg,
Epipremnum pinnatum,394038776,https://www.inaturalist.org/observations/394038776,722329139,https://inaturalist-open-data.s3.amazonaws.com/photos/722329139/original.jpg,cc-by-nc,"(c) abecket, some rights reserved (CC BY-NC)",abecket,,2026-08-24,"11 Victoria Ave hail 'n' ride, Glen Eden QLD 4680, Australia",research,False,-23.9012313,151.2639832,1536,2048,no,pinnatum/inat-394038776-722329139-abecket.jpg,
Epipremnum pinnatum,394037348,https://www.inaturalist.org/observations/394037348,722326772,https://inaturalist-open-data.s3.amazonaws.com/photos/722326772/original.jpg,cc-by-nc,"(c) Pavan S, some rights reserved (CC BY-NC)",pavan92231,Pavan S,2026-08-22,"Hyderabad, Telangana, IN",needs_id,False,17.5200931449,78.3585015871,1152,2048,no,pinnatum/inat-394037348-722326772-pavan92231.jpg,
Epipremnum pinnatum,393871124,https://www.inaturalist.org/observations/393871124,721991647,https://static.inaturalist.org/photos/721991647/original.jpg,all-rights-reserved,"(c) Ben Hsieh, all rights reserved",ben338,Ben Hsieh,2026-07-31,"Ipoh, Perak, Malaysia",research,False,4.6043361111,101.1297138889,1542,2048,no,pinnatum/inat-393871124-721991647-ben338.jpg,
Epipremnum pinnatum,393871124,https://www.inaturalist.org/observations/393871124,721991654,https://static.inaturalist.org/photos/721991654/original.jpg,all-rights-reserved,"(c) Ben Hsieh, all rights reserved",ben338,Ben Hsieh,2026-07-31,"Ipoh, Perak, Malaysia",research,False,4.6043361111,101.1297138889,1536,2048,no,pinnatum/inat-393871124-721991654-ben338.jpg,
Epipremnum pinnatum,393737510,https://www.inaturalist.org/observations/393737510,721735816,https://inaturalist-open-data.s3.amazonaws.com/photos/721735816/original.jpg,cc-by-nc,"(c) hejor1, some rights reserved (CC BY-NC)",hejor1,,2026-08-23,"G2X5+WX9, Mae Nam, Ko Samui District, Surat Thani 84320, Thailand",needs_id,False,9.5488833333,100.008625,1365,2048,no,pinnatum/inat-393737510-721735816-hejor1.jpg,
Epipremnum pinnatum,393737510,https://www.inaturalist.org/observations/393737510,721735847,https://inaturalist-open-data.s3.amazonaws.com/photos/721735847/original.jpg,cc-by-nc,"(c) hejor1, some rights reserved (CC BY-NC)",hejor1,,2026-08-23,"G2X5+WX9, Mae Nam, Ko Samui District, Surat Thani 84320, Thailand",needs_id,False,9.5488833333,100.008625,1365,2048,no,pinnatum/inat-393737510-721735847-hejor1.jpg,
Epipremnum pinnatum,393677184,https://www.inaturalist.org/observations/393677184,721614701,https://inaturalist-open-data.s3.amazonaws.com/photos/721614701/original.jpg,cc-by-nc,"(c) deliachen, some rights reserved (CC BY-NC)",deliachen,,2026-08-23,"Dadongshi, Shitan Township, Miaoli County, TW",research,False,24.5215783333,120.9392866667,1536,2048,no,pinnatum/inat-393677184-721614701-deliachen.jpg,
Epipremnum pinnatum,393677184,https://www.inaturalist.org/observations/393677184,721614693,https://inaturalist-open-data.s3.amazonaws.com/photos/721614693/original.jpg,cc-by-nc,"(c) deliachen, some rights reserved (CC BY-NC)",deliachen,,2026-08-23,"Dadongshi, Shitan Township, Miaoli County, TW",research,False,24.5215783333,120.9392866667,1536,2048,no,pinnatum/inat-393677184-721614693-deliachen.jpg,
Epipremnum pinnatum,393652097,https://www.inaturalist.org/observations/393652097,721564145,https://inaturalist-open-data.s3.amazonaws.com/photos/721564145/original.jpg,cc-by-nc,"(c) whale_shark1004, some rights reserved (CC BY-NC)",whale_shark1004,,2026-08-23,"Xinshan Bridge, Shitan Township, Miaoli County, TW",research,False,24.5242921973,120.936353571,1152,2048,no,pinnatum/inat-393652097-721564145-whale_shark1004.jpg,
Epipremnum pinnatum,393512805,https://www.inaturalist.org/observations/393512805,721291440,https://static.inaturalist.org/photos/721291440/original.jpg,all-rights-reserved,"(c) mohan pspk, all rights reserved",mohansuvala,mohan pspk,2026-08-21,"South Andaman, Andaman and Nicobar Islands, IN",research,False,11.9873533333,92.95932,1536,2048,no,pinnatum/inat-393512805-721291440-mohansuvala.jpg,
Epipremnum pinnatum,393414688,https://www.inaturalist.org/observations/393414688,721103675,https://inaturalist-open-data.s3.amazonaws.com/photos/721103675/original.jpg,cc-by-nc,"(c) kima486, some rights reserved (CC BY-NC)",kima486,,2026-08-22,"Yishun, Singapore",research,False,1.4003666667,103.8196861111,1536,2048,no,pinnatum/inat-393414688-721103675-kima486.jpg,
Epipremnum pinnatum,393407976,https://www.inaturalist.org/observations/393407976,721092358,https://static.inaturalist.org/photos/721092358/original.jpg,all-rights-reserved,"(c) 古國順, all rights reserved",ku6777,古國順,2026-08-22,115台灣臺北市南港區九如里,research,False,25.0307916667,121.5918883333,1536,2048,no,pinnatum/inat-393407976-721092358-ku6777.jpg,
Epipremnum pinnatum,393399454,https://www.inaturalist.org/observations/393399454,721075308,https://static.inaturalist.org/photos/721075308/original.jpg,all-rights-reserved,"(c) 古國順, all rights reserved",ku6777,古國順,2026-08-22,115台灣臺北市南港區九如里,needs_id,False,25.0233766667,121.5851683333,1536,2048,no,pinnatum/inat-393399454-721075308-ku6777.jpg,
Epipremnum pinnatum,393382304,https://www.inaturalist.org/observations/393382304,721041990,https://static.inaturalist.org/photos/721041990/original.jpg,all-rights-reserved,"(c) 古國順, all rights reserved",ku6777,古國順,2026-08-22,110台灣臺北市信義區六合里,needs_id,False,25.023535,121.5837116667,1536,2048,no,pinnatum/inat-393382304-721041990-ku6777.jpg,
Epipremnum pinnatum,393152075,https://www.inaturalist.org/observations/393152075,720590584,https://static.inaturalist.org/photos/720590584/original.jpg,all-rights-reserved,"(c) 古國順, all rights reserved",ku6777,古國順,2026-08-21,362台灣苗栗縣頭屋鄉鳴鳳村,needs_id,False,24.5780983333,120.92625,1536,2048,no,pinnatum/inat-393152075-720590584-ku6777.jpg,
Epipremnum pinnatum,393073372,https://www.inaturalist.org/observations/393073372,720434671,https://inaturalist-open-data.s3.amazonaws.com/photos/720434671/original.jpg,cc-by-nc,"(c) phibbles, some rights reserved (CC BY-NC)",phibbles,,2026-08-20,"Gianyar, Bali, ID",research,False,-8.5274533333,115.3055283333,1536,2048,no,pinnatum/inat-393073372-720434671-phibbles.jpg,
Epipremnum pinnatum,393073354,https://www.inaturalist.org/observations/393073354,720434630,https://inaturalist-open-data.s3.amazonaws.com/photos/720434630/original.jpg,cc-by-nc,"(c) phibbles, some rights reserved (CC BY-NC)",phibbles,,2026-08-20,"Gianyar, Bali, ID",research,False,-8.5274916667,115.3054666667,1536,2048,no,pinnatum/inat-393073354-720434630-phibbles.jpg,
Epipremnum pinnatum,392895777,https://www.inaturalist.org/observations/392895777,720088855,https://inaturalist-open-data.s3.amazonaws.com/photos/720088855/original.jpg,cc-by-nc,"(c) scottjmorrissey, some rights reserved (CC BY-NC)",scottjmorrissey,,2026-05-09,"Daintree, AU-QL-DG, AU-QL, AU",needs_id,False,-16.2368377588,145.4296422722,1365,2048,no,pinnatum/inat-392895777-720088855-scottjmorrissey.jpg,
Epipremnum pinnatum,392638026,https://www.inaturalist.org/observations/392638026,719586526,https://static.inaturalist.org/photos/719586526/original.jpg,all-rights-reserved,"(c) 周明煌, all rights reserved",tony2148,周明煌,2026-08-17,555台灣南投縣魚池鄉日月潭纜車站(青年活動中心),research,False,23.8529143997,120.937718,1536,2048,no,pinnatum/inat-392638026-719586526-tony2148.jpg,
Epipremnum pinnatum,392314059,https://www.inaturalist.org/observations/392314059,718951430,https://inaturalist-open-data.s3.amazonaws.com/photos/718951430/original.jpg,cc-by-nc,"(c) yanisathaweephan, some rights reserved (CC BY-NC)",yanisathaweephan,,2026-08-18,"Warin Chamrap District, Ubon Ratchathani, TH",research,False,15.1206833333,104.908425,1536,2048,no,pinnatum/inat-392314059-718951430-yanisathaweephan.jpg,
Epipremnum pinnatum,392292286,https://www.inaturalist.org/observations/392292286,718908756,https://inaturalist-open-data.s3.amazonaws.com/photos/718908756/original.jpg,cc-by-nc,"(c) Corinne THOMAS / Etienne VILLARET, some rights reserved (CC BY-NC)",coconut-etiennus,Corinne THOMAS / Etienne VILLARET,2026-08-16,TO,research,False,-21.3927193219,-174.9426496092,1410,2048,no,pinnatum/inat-392292286-718908756-coconut-etiennus.jpg,
Epipremnum pinnatum,392106090,https://www.inaturalist.org/observations/392106090,718539524,https://inaturalist-open-data.s3.amazonaws.com/photos/718539524/original.jpg,cc-by-nc,"(c) phibbles, some rights reserved (CC BY-NC)",phibbles,,2026-08-17,"Jero Gadung, Gianyar, Bali, ID",needs_id,False,-8.503795441,115.2704748083,1536,2048,no,pinnatum/inat-392106090-718539524-phibbles.jpg,
Epipremnum pinnatum,392062870,https://www.inaturalist.org/observations/392062870,718457977,https://inaturalist-open-data.s3.amazonaws.com/photos/718457977/original.jpg,cc-by-nc,"(c) Wiktoria Niewidok, some rights reserved (CC BY-NC)",wiktorianie,Wiktoria Niewidok,2026-02-15,"Ko Lanta District, Krabi, TH",research,False,7.53357,99.0709445,1536,2048,no,pinnatum/inat-392062870-718457977-wiktorianie.jpg,
Epipremnum pinnatum,392033695,https://www.inaturalist.org/observations/392033695,718399490,https://inaturalist-open-data.s3.amazonaws.com/photos/718399490/original.jpg,cc-by-nc-sa,"(c) 大俠, some rights reserved (CC BY-NC-SA)",kuman,大俠,2026-08-17,233台灣新北市烏來區,research,False,24.848364108,121.5695365979,2048,1536,no,pinnatum/inat-392033695-718399490-kuman.jpg,
Epipremnum pinnatum,392033689,https://www.inaturalist.org/observations/392033689,718399469,https://inaturalist-open-data.s3.amazonaws.com/photos/718399469/original.jpg,cc-by-nc-sa,"(c) 大俠, some rights reserved (CC BY-NC-SA)",kuman,大俠,2026-08-17,233台灣新北市烏來區,needs_id,False,24.848364108,121.5695365979,2048,1536,no,pinnatum/inat-392033689-718399469-kuman.jpg,
Epipremnum pinnatum,391981622,https://www.inaturalist.org/observations/391981622,718301795,https://inaturalist-open-data.s3.amazonaws.com/photos/718301795/original.jpg,cc-by-nc,"(c) manzour absari, some rights reserved (CC BY-NC)",manzour1,manzour absari,2026-08-17,"W449+C45, Zamboanga City, Zamboanga del Sur, Philippines",needs_id,False,6.90635839,122.11732869,1536,2048,no,pinnatum/inat-391981622-718301795-manzour1.jpg,
Epipremnum pinnatum,391739045,https://www.inaturalist.org/observations/391739045,717839191,https://inaturalist-open-data.s3.amazonaws.com/photos/717839191/original.jpg,cc-by-nc,"(c) Leah Ricciarelli, some rights reserved (CC BY-NC)",leahricciarelli,Leah Ricciarelli,2026-07-09,"Syndicate, QLD, AU",research,False,-16.4711666667,145.33432,1536,2048,no,pinnatum/inat-391739045-717839191-leahricciarelli.jpg,
Epipremnum pinnatum,391737781,https://www.inaturalist.org/observations/391737781,717837046,https://inaturalist-open-data.s3.amazonaws.com/photos/717837046/original.jpg,cc-by-nc,"(c) taiwan_habu, some rights reserved (CC BY-NC)",taiwan_habu,taiwan_habu,2026-08-15,"Yulin, TW-TA, TW",research,False,23.7624414,120.6036285997,1536,2048,no,pinnatum/inat-391737781-717837046-taiwan_habu.jpg,
Epipremnum pinnatum,391662561,https://www.inaturalist.org/observations/391662561,717693003,https://inaturalist-open-data.s3.amazonaws.com/photos/717693003/original.jpg,cc-by-nc,"(c) mouse791, some rights reserved (CC BY-NC)",mouse791,,2026-08-16,Kewarra Beach,needs_id,False,-16.7861766815,145.6763458252,1152,2048,no,pinnatum/inat-391662561-717693003-mouse791.jpg,
Epipremnum pinnatum,391559123,https://www.inaturalist.org/observations/391559123,717489185,https://inaturalist-open-data.s3.amazonaws.com/photos/717489185/original.jpg,cc-by-nc-sa,"(c) saba, some rights reserved (CC BY-NC-SA)",sabi,saba,2026-08-15,"Tongod District, Sabah, Malezya",needs_id,False,5.4163465162,116.796784848,1536,2048,no,pinnatum/inat-391559123-717489185-sabi.jpg,
Epipremnum pinnatum,391559123,https://www.inaturalist.org/observations/391559123,717489233,https://inaturalist-open-data.s3.amazonaws.com/photos/717489233/original.jpg,cc-by-nc-sa,"(c) saba, some rights reserved (CC BY-NC-SA)",sabi,saba,2026-08-15,"Tongod District, Sabah, Malezya",needs_id,False,5.4163465162,116.796784848,1536,2048,no,pinnatum/inat-391559123-717489233-sabi.jpg,
Epipremnum pinnatum,391559123,https://www.inaturalist.org/observations/391559123,717489268,https://inaturalist-open-data.s3.amazonaws.com/photos/717489268/original.jpg,cc-by-nc-sa,"(c) saba, some rights reserved (CC BY-NC-SA)",sabi,saba,2026-08-15,"Tongod District, Sabah, Malezya",needs_id,False,5.4163465162,116.796784848,1536,2048,no,pinnatum/inat-391559123-717489268-sabi.jpg,
Epipremnum pinnatum,391493921,https://www.inaturalist.org/observations/391493921,717360163,https://static.inaturalist.org/photos/717360163/original.jpg,all-rights-reserved,"(c) Ruth Ripley, all rights reserved",ripleyrm,Ruth Ripley,2004-11-29,sorabora,needs_id,False,7.35652,81.00003,2048,1524,no,pinnatum/inat-391493921-717360163-ripleyrm.jpg,
Epipremnum pinnatum,391313919,https://www.inaturalist.org/observations/391313919,717009723,https://inaturalist-open-data.s3.amazonaws.com/photos/717009723/original.jpg,cc-by-nc,"(c) thineshselgum, some rights reserved (CC BY-NC)",thineshselgum,,2026-08-15,"Singapore Island, Singapore, SG, SG",research,False,1.2993022858,103.9092674172,1536,2048,no,pinnatum/inat-391313919-717009723-thineshselgum.jpg,
Epipremnum pinnatum,391313919,https://www.inaturalist.org/observations/391313919,717009738,https://inaturalist-open-data.s3.amazonaws.com/photos/717009738/original.jpg,cc-by-nc,"(c) thineshselgum, some rights reserved (CC BY-NC)",thineshselgum,,2026-08-15,"Singapore Island, Singapore, SG, SG",research,False,1.2993022858,103.9092674172,1536,2048,no,pinnatum/inat-391313919-717009738-thineshselgum.jpg,
Epipremnum pinnatum,391313919,https://www.inaturalist.org/observations/391313919,717009751,https://inaturalist-open-data.s3.amazonaws.com/photos/717009751/original.jpg,cc-by-nc,"(c) thineshselgum, some rights reserved (CC BY-NC)",thineshselgum,,2026-08-15,"Singapore Island, Singapore, SG, SG",research,False,1.2993022858,103.9092674172,1536,2048,no,pinnatum/inat-391313919-717009751-thineshselgum.jpg,
Epipremnum pinnatum,390847372,https://www.inaturalist.org/observations/390847372,716098894,https://static.inaturalist.org/photos/716098894/original.jpg,all-rights-reserved,"(c) Sean, all rights reserved",sh0nf0x,Sean,2026-08-13,"Syndicate, QLD, AU",research,False,-16.4693166667,145.3262933333,2048,1365,no,pinnatum/inat-390847372-716098894-sh0nf0x.jpg,
Epipremnum pinnatum,390780266,https://www.inaturalist.org/observations/390780266,715894418,https://inaturalist-open-data.s3.amazonaws.com/photos/715894418/original.jpg,cc-by-nc,"(c) 洪阿愷, some rights reserved (CC BY-NC)",rrrkai,洪阿愷,2026-08-11," 947台灣屏東縣滿州鄉, 加都魯溪",research,False,22.0224861111,120.8055944444,1772,1772,no,pinnatum/inat-390780266-715894418-rrrkai.jpg,
Epipremnum pinnatum,390780266,https://www.inaturalist.org/observations/390780266,715894416,https://inaturalist-open-data.s3.amazonaws.com/photos/715894416/original.jpg,cc-by-nc,"(c) 洪阿愷, some rights reserved (CC BY-NC)",rrrkai,洪阿愷,2026-08-11," 947台灣屏東縣滿州鄉, 加都魯溪",research,False,22.0224861111,120.8055944444,1772,1772,no,pinnatum/inat-390780266-715894416-rrrkai.jpg,
Epipremnum pinnatum,390780266,https://www.inaturalist.org/observations/390780266,715894445,https://inaturalist-open-data.s3.amazonaws.com/photos/715894445/original.jpg,cc-by-nc,"(c) 洪阿愷, some rights reserved (CC BY-NC)",rrrkai,洪阿愷,2026-08-11," 947台灣屏東縣滿州鄉, 加都魯溪",research,False,22.0224861111,120.8055944444,1772,1772,no,pinnatum/inat-390780266-715894445-rrrkai.jpg,
Epipremnum pinnatum,390780266,https://www.inaturalist.org/observations/390780266,715894443,https://inaturalist-open-data.s3.amazonaws.com/photos/715894443/original.jpg,cc-by-nc,"(c) 洪阿愷, some rights reserved (CC BY-NC)",rrrkai,洪阿愷,2026-08-11," 947台灣屏東縣滿州鄉, 加都魯溪",research,False,22.0224861111,120.8055944444,1772,1772,no,pinnatum/inat-390780266-715894443-rrrkai.jpg,
Epipremnum pinnatum,390780266,https://www.inaturalist.org/observations/390780266,715894408,https://inaturalist-open-data.s3.amazonaws.com/photos/715894408/original.jpg,cc-by-nc,"(c) 洪阿愷, some rights reserved (CC BY-NC)",rrrkai,洪阿愷,2026-08-11," 947台灣屏東縣滿州鄉, 加都魯溪",research,False,22.0224861111,120.8055944444,1772,1772,no,pinnatum/inat-390780266-715894408-rrrkai.jpg,
Epipremnum pinnatum,390746603,https://www.inaturalist.org/observations/390746603,715904810,https://inaturalist-open-data.s3.amazonaws.com/photos/715904810/original.jpg,cc-by-nc,"(c) herb-chen, some rights reserved (CC BY-NC)",herb-chen,,2026-08-13,226台灣新北市平溪區十分瀑布(月桃寮),needs_id,False,25.0487928,121.7852541,1538,2048,no,pinnatum/inat-390746603-715904810-herb-chen.jpg,
Epipremnum pinnatum,390746603,https://www.inaturalist.org/observations/390746603,715904842,https://inaturalist-open-data.s3.amazonaws.com/photos/715904842/original.jpg,cc-by-nc,"(c) herb-chen, some rights reserved (CC BY-NC)",herb-chen,,2026-08-13,226台灣新北市平溪區十分瀑布(月桃寮),needs_id,False,25.0487928,121.7852541,2048,1538,no,pinnatum/inat-390746603-715904842-herb-chen.jpg,
Epipremnum pinnatum,390746603,https://www.inaturalist.org/observations/390746603,715904880,https://inaturalist-open-data.s3.amazonaws.com/photos/715904880/original.jpg,cc-by-nc,"(c) herb-chen, some rights reserved (CC BY-NC)",herb-chen,,2026-08-13,226台灣新北市平溪區十分瀑布(月桃寮),needs_id,False,25.0487928,121.7852541,1538,2048,no,pinnatum/inat-390746603-715904880-herb-chen.jpg,
Epipremnum pinnatum,390700388,https://www.inaturalist.org/observations/390700388,715811470,https://static.inaturalist.org/photos/715811470/original.jpg,all-rights-reserved,"(c) 古國順, all rights reserved",ku6777,古國順,2026-08-13,966台灣臺東縣達仁鄉森永村,research,False,22.2812453,120.8669406,1536,2048,no,pinnatum/inat-390700388-715811470-ku6777.jpg,
Epipremnum pinnatum,390529271,https://www.inaturalist.org/observations/390529271,715484110,https://inaturalist-open-data.s3.amazonaws.com/photos/715484110/original.jpg,cc-by-nc,"(c) Alex Thornton, some rights reserved (CC BY-NC)",alexthornton76,Alex Thornton,2026-08-10,"Douglas, AU-QL, AU",research,False,-16.0878305,145.4606333333,1536,2048,no,pinnatum/inat-390529271-715484110-alexthornton76.jpg,
Epipremnum pinnatum,390461083,https://www.inaturalist.org/observations/390461083,715353113,https://static.inaturalist.org/photos/715353113/original.jpg,all-rights-reserved,"(c) 周明煌, all rights reserved",tony2148,周明煌,2026-08-11,600台灣嘉義市東區鹿寮里,research,False,23.4740238,120.4934374997,1536,2048,no,pinnatum/inat-390461083-715353113-tony2148.jpg,
Epipremnum pinnatum,390461083,https://www.inaturalist.org/observations/390461083,715353165,https://static.inaturalist.org/photos/715353165/original.jpg,all-rights-reserved,"(c) 周明煌, all rights reserved",tony2148,周明煌,2026-08-11,600台灣嘉義市東區鹿寮里,research,False,23.4740238,120.4934374997,1536,2048,no,pinnatum/inat-390461083-715353165-tony2148.jpg,
Epipremnum pinnatum,390461083,https://www.inaturalist.org/observations/390461083,715353224,https://static.inaturalist.org/photos/715353224/original.jpg,all-rights-reserved,"(c) 周明煌, all rights reserved",tony2148,周明煌,2026-08-11,600台灣嘉義市東區鹿寮里,research,False,23.4740238,120.4934374997,1536,2048,no,pinnatum/inat-390461083-715353224-tony2148.jpg,
Epipremnum pinnatum,390288598,https://www.inaturalist.org/observations/390288598,715006981,https://static.inaturalist.org/photos/715006981/original.jpg,all-rights-reserved,"(c) 古國順, all rights reserved",ku6777,古國順,2026-08-11,"Hualien, TW-TA, TW",research,False,23.3110283333,121.248175,1536,2048,no,pinnatum/inat-390288598-715006981-ku6777.jpg,
Epipremnum pinnatum,390288358,https://www.inaturalist.org/observations/390288358,715006686,https://static.inaturalist.org/photos/715006686/original.jpg,all-rights-reserved,"(c) 米嬸, all rights reserved",miaunt,米嬸,2026-08-05,352台灣苗栗縣三灣鄉大河村,research,False,24.5921377745,120.9722517058,1152,2048,no,pinnatum/inat-390288358-715006686-miaunt.jpg,
Epipremnum pinnatum,390279754,https://www.inaturalist.org/observations/390279754,714989474,https://static.inaturalist.org/photos/714989474/original.jpg,all-rights-reserved,"(c) 古國順, all rights reserved",ku6777,古國順,2026-08-11,981台灣花蓮縣玉里鎮長良里,research,False,23.2959326,121.2756906,1536,2048,no,pinnatum/inat-390279754-714989474-ku6777.jpg,
Epipremnum pinnatum,389965381,https://www.inaturalist.org/observations/389965381,714377717,https://static.inaturalist.org/photos/714377717/original.jpg,all-rights-reserved,"(c) Sean, all rights reserved",sh0nf0x,Sean,2026-08-09,"Cow Bay, QLD, AU",research,False,-16.23965,145.4331366667,2048,1365,no,pinnatum/inat-389965381-714377717-sh0nf0x.jpg,
Epipremnum pinnatum,389897491,https://www.inaturalist.org/observations/389897491,714242573,https://inaturalist-open-data.s3.amazonaws.com/photos/714242573/original.jpg,cc-by-nc,"(c) 新北市生態服務給付(上傳), some rights reserved (CC BY-NC)",inatpesnewtaipei001,新北市生態服務給付(上傳),2026-08-01,227台灣新北市雙溪區,research,False,24.9971842,121.822098,1280,1280,no,pinnatum/inat-389897491-714242573-inatpesnewtaipei001.jpg,
Epipremnum pinnatum,389606888,https://www.inaturalist.org/observations/389606888,713675426,https://static.inaturalist.org/photos/713675426/original.jpg,all-rights-reserved,"(c) Sean, all rights reserved",sh0nf0x,Sean,2026-08-08,"Collins Ave, Edge Hill, QLD, AU",research,False,-16.8976216667,145.7513433333,2048,1365,no,pinnatum/inat-389606888-713675426-sh0nf0x.jpg,
Epipremnum pinnatum,389603678,https://www.inaturalist.org/observations/389603678,713669402,https://static.inaturalist.org/photos/713669402/original.jpg,all-rights-reserved,"(c) Sean, all rights reserved",sh0nf0x,Sean,2026-08-08,"Collins Ave, Edge Hill, QLD, AU",needs_id,False,-16.89798,145.7510983333,2048,1365,no,pinnatum/inat-389603678-713669402-sh0nf0x.jpg,
Epipremnum pinnatum,389603670,https://www.inaturalist.org/observations/389603670,713669365,https://static.inaturalist.org/photos/713669365/original.jpg,all-rights-reserved,"(c) Anneka Goss, all rights reserved",annekagoss,Anneka Goss,2026-08-09,"Mossman Gorge Rd, Syndicate, QLD, AU",research,False,-16.4744871424,145.33385118,1152,2048,no,pinnatum/inat-389603670-713669365-annekagoss.jpg,
Epipremnum pinnatum,389603659,https://www.inaturalist.org/observations/389603659,713669340,https://static.inaturalist.org/photos/713669340/original.jpg,all-rights-reserved,"(c) Sean, all rights reserved",sh0nf0x,Sean,2026-08-08,"Collins Ave, Edge Hill, QLD, AU",research,False,-16.89798,145.7510983333,1365,2048,no,pinnatum/inat-389603659-713669340-sh0nf0x.jpg,
Epipremnum pinnatum,389603123,https://www.inaturalist.org/observations/389603123,713668418,https://static.inaturalist.org/photos/713668418/original.jpg,all-rights-reserved,"(c) Sean, all rights reserved",sh0nf0x,Sean,2026-08-08,"Collins Ave, Edge Hill, QLD, AU",research,False,-16.8976216667,145.7513433333,1365,2048,no,pinnatum/inat-389603123-713668418-sh0nf0x.jpg,
Epipremnum pinnatum,389498230,https://www.inaturalist.org/observations/389498230,713461707,https://static.inaturalist.org/photos/713461707/original.jpg,all-rights-reserved,"(c) 周明煌, all rights reserved",tony2148,周明煌,2026-08-08,600台灣嘉義市東區鹿寮里,research,False,23.474437,120.4930171,1536,2048,no,pinnatum/inat-389498230-713461707-tony2148.jpg,
Epipremnum pinnatum,389498209,https://www.inaturalist.org/observations/389498209,713461661,https://static.inaturalist.org/photos/713461661/original.jpg,all-rights-reserved,"(c) 周明煌, all rights reserved",tony2148,周明煌,2026-08-08,600台灣嘉義市東區鹿寮里,research,False,23.4744145,120.4930456,1536,2048,no,pinnatum/inat-389498209-713461661-tony2148.jpg,
Epipremnum pinnatum,389268131,https://www.inaturalist.org/observations/389268131,713017849,https://static.inaturalist.org/photos/713017849/original.jpg,all-rights-reserved,"(c) 古國順, all rights reserved",ku6777,古國順,2026-08-08,646台灣雲林縣古坑鄉草嶺村JP46+8Q,research,False,23.6063816667,120.7121366667,1536,2048,no,pinnatum/inat-389268131-713017849-ku6777.jpg,
Epipremnum pinnatum,389259689,https://www.inaturalist.org/observations/389259689,713001906,https://static.inaturalist.org/photos/713001906/original.jpg,all-rights-reserved,"(c) 古國順, all rights reserved",ku6777,古國順,2026-08-08,646台灣雲林縣古坑鄉九芎神木,research,False,23.6139901,120.7200861,1536,2048,no,pinnatum/inat-389259689-713001906-ku6777.jpg,
Epipremnum pinnatum,389254863,https://www.inaturalist.org/observations/389254863,712992865,https://static.inaturalist.org/photos/712992865/original.jpg,all-rights-reserved,"(c) 米嬸, all rights reserved",miaunt,米嬸,2026-08-01,353台灣苗栗縣南庄鄉東河村8-1號號,research,False,24.6167833333,121.0412138889,1152,2048,no,pinnatum/inat-389254863-712992865-miaunt.jpg,
Epipremnum pinnatum,389242597,https://www.inaturalist.org/observations/389242597,712970284,https://inaturalist-open-data.s3.amazonaws.com/photos/712970284/original.jpg,cc-by-nc,"(c) Bipasha David, some rights reserved (CC BY-NC)",prof_bipasha_david_,Bipasha David,2026-08-08,"Mirakhpur Kachhar, Uttar Pradesh, India",needs_id,False,25.4069766296,81.8472010642,1536,2048,no,pinnatum/inat-389242597-712970284-prof_bipasha_david_.jpg,
Epipremnum pinnatum,389235389,https://www.inaturalist.org/observations/389235389,712955428,https://inaturalist-open-data.s3.amazonaws.com/photos/712955428/original.jpg,cc-by-nc,"(c) Hc Chien, some rights reserved (CC BY-NC)",amadeus999,Hc Chien,2026-08-08,315台灣新竹縣峨眉鄉七星村60-8號,research,False,24.6561277778,121.024675,1538,2048,no,pinnatum/inat-389235389-712955428-amadeus999.jpg,
Epipremnum pinnatum,389235389,https://www.inaturalist.org/observations/389235389,712955454,https://inaturalist-open-data.s3.amazonaws.com/photos/712955454/original.jpg,cc-by-nc,"(c) Hc Chien, some rights reserved (CC BY-NC)",amadeus999,Hc Chien,2026-08-08,315台灣新竹縣峨眉鄉七星村60-8號,research,False,24.6561277778,121.024675,1536,2048,no,pinnatum/inat-389235389-712955454-amadeus999.jpg,
Epipremnum pinnatum,389146995,https://www.inaturalist.org/observations/389146995,712778226,https://inaturalist-open-data.s3.amazonaws.com/photos/712778226/original.jpg,cc-by-nc,"(c) dream_play_connect, some rights reserved (CC BY-NC)",dream_play_connect,,2026-08-08,"Fiji, FJ",research,False,-16.9277117575,177.3595171998,1536,2048,no,pinnatum/inat-389146995-712778226-dream_play_connect.jpg,
Epipremnum pinnatum,388715827,https://www.inaturalist.org/observations/388715827,711963613,https://static.inaturalist.org/photos/711963613/original.jpg,all-rights-reserved,"(c) Kelcie Troutman, all rights reserved",kelciet,Kelcie Troutman,2016-07-01,"Kingshill, United States Virgin Islands, US",needs_id,False,17.7333957936,-64.8093200914,1365,2048,no,pinnatum/inat-388715827-711963613-kelciet.jpg,
Epipremnum pinnatum,388695480,https://www.inaturalist.org/observations/388695480,711923349,https://inaturalist-open-data.s3.amazonaws.com/photos/711923349/original.jpg,cc-by-nc,"(c) jakehedge, some rights reserved (CC BY-NC)",jakehedge,,2026-08-03,"Daintree National Park, Diwan, QLD, AU",research,False,-16.207725,145.4292616667,1365,2048,no,pinnatum/inat-388695480-711923349-jakehedge.jpg,
Epipremnum pinnatum,388695480,https://www.inaturalist.org/observations/388695480,711923234,https://inaturalist-open-data.s3.amazonaws.com/photos/711923234/original.jpg,cc-by-nc,"(c) jakehedge, some rights reserved (CC BY-NC)",jakehedge,,2026-08-03,"Daintree National Park, Diwan, QLD, AU",research,False,-16.207725,145.4292616667,2048,1365,no,pinnatum/inat-388695480-711923234-jakehedge.jpg,
Epipremnum pinnatum,388695480,https://www.inaturalist.org/observations/388695480,711923276,https://inaturalist-open-data.s3.amazonaws.com/photos/711923276/original.jpg,cc-by-nc,"(c) jakehedge, some rights reserved (CC BY-NC)",jakehedge,,2026-08-03,"Daintree National Park, Diwan, QLD, AU",research,False,-16.207725,145.4292616667,2048,1365,no,pinnatum/inat-388695480-711923276-jakehedge.jpg,
Epipremnum pinnatum,388671904,https://www.inaturalist.org/observations/388671904,711947350,https://inaturalist-open-data.s3.amazonaws.com/photos/711947350/original.jpg,cc-by-nc,"(c) eastsooke, some rights reserved (CC BY-NC)",eastsooke,,2026-08-06,"Cape Tribulation Rd, Cape Tribulation, QLD, AU",research,False,-16.123025,145.4568633333,1536,2048,no,pinnatum/inat-388671904-711947350-eastsooke.jpg,
Epipremnum pinnatum,388454704,https://www.inaturalist.org/observations/388454704,711452530,https://static.inaturalist.org/photos/711452530/original.jpg,all-rights-reserved,"(c) 米嬸, all rights reserved",miaunt,米嬸,2026-07-27,353台灣苗栗縣南庄鄉東河村,research,False,24.5609805556,121.0376305556,1152,2048,no,pinnatum/inat-388454704-711452530-miaunt.jpg,
Epipremnum pinnatum,388404749,https://www.inaturalist.org/observations/388404749,711356887,https://inaturalist-open-data.s3.amazonaws.com/photos/711356887/original.jpg,cc-by-nc,"(c) leelovesnature1111, some rights reserved (CC BY-NC)",leelovesnature1111,,2026-08-04,"Keolani Pl, Kahului, HI, US",needs_id,False,20.893705,-156.4376666667,1536,2048,no,pinnatum/inat-388404749-711356887-leelovesnature1111.jpg,
Epipremnum pinnatum,388387380,https://www.inaturalist.org/observations/388387380,711321180,https://static.inaturalist.org/photos/711321180/original.jpg,all-rights-reserved,"(c) 朱明珍, all rights reserved",d9805004,朱明珍,2026-08-05,"臺灣島, 烏來區, 新北市, TW",needs_id,False,24.77873,121.5000916667,1536,2048,no,pinnatum/inat-388387380-711321180-d9805004.jpg,
Epipremnum pinnatum,388387380,https://www.inaturalist.org/observations/388387380,711321219,https://static.inaturalist.org/photos/711321219/original.jpg,all-rights-reserved,"(c) 朱明珍, all rights reserved",d9805004,朱明珍,2026-08-05,"臺灣島, 烏來區, 新北市, TW",needs_id,False,24.77873,121.5000916667,1536,2048,no,pinnatum/inat-388387380-711321219-d9805004.jpg,
Epipremnum pinnatum,388387380,https://www.inaturalist.org/observations/388387380,711321269,https://static.inaturalist.org/photos/711321269/original.jpg,all-rights-reserved,"(c) 朱明珍, all rights reserved",d9805004,朱明珍,2026-08-05,"臺灣島, 烏來區, 新北市, TW",needs_id,False,24.77873,121.5000916667,1536,2048,no,pinnatum/inat-388387380-711321269-d9805004.jpg,
Epipremnum pinnatum,388387380,https://www.inaturalist.org/observations/388387380,711321484,https://static.inaturalist.org/photos/711321484/original.jpg,all-rights-reserved,"(c) 朱明珍, all rights reserved",d9805004,朱明珍,2026-08-05,"臺灣島, 烏來區, 新北市, TW",needs_id,False,24.77873,121.5000916667,1536,2048,no,pinnatum/inat-388387380-711321484-d9805004.jpg,
Epipremnum pinnatum,388188731,https://www.inaturalist.org/observations/388188731,710931792,https://inaturalist-open-data.s3.amazonaws.com/photos/710931792/original.jpg,cc-by-nc,"(c) tuyin, some rights reserved (CC BY-NC)",tuyin,,2026-08-03,972台灣花蓮縣秀林鄉崇德村,research,False,24.2192055556,121.6892,2048,1536,no,pinnatum/inat-388188731-710931792-tuyin.jpg,
Epipremnum pinnatum,388065566,https://www.inaturalist.org/observations/388065566,710685823,https://static.inaturalist.org/photos/710685823/original.jpg,all-rights-reserved,"(c) Jabez Flores, all rights reserved",angusmaps,Jabez Flores,2026-08-04,"Sto. Domingo, Bay, Laguna, Philippines",research,False,14.1749469722,121.263878,1536,2048,no,pinnatum/inat-388065566-710685823-angusmaps.jpg,
Epipremnum pinnatum,388060971,https://www.inaturalist.org/observations/388060971,710677241,https://inaturalist-open-data.s3.amazonaws.com/photos/710677241/original.jpg,cc-by-nc,"(c) andydrews, some rights reserved (CC BY-NC)",andydrews,,2026-08-04,"Wat Phnom Playground, Phnom Penh, Phnom Penh, KH",research,False,11.5763072159,104.9239725487,1536,2048,no,pinnatum/inat-388060971-710677241-andydrews.jpg,
Epipremnum pinnatum,388027906,https://www.inaturalist.org/observations/388027906,710611440,https://inaturalist-open-data.s3.amazonaws.com/photos/710611440/original.jpg,cc-by-nc,"(c) yanfumu, some rights reserved (CC BY-NC)",yanfumu,,2026-08-04,"Goodwood Park Hotel, 新加坡, SG, SG",needs_id,False,1.3090419478,103.8348832614,1536,2048,no,pinnatum/inat-388027906-710611440-yanfumu.jpg,
Epipremnum pinnatum,388027906,https://www.inaturalist.org/observations/388027906,710611524,https://inaturalist-open-data.s3.amazonaws.com/photos/710611524/original.jpg,cc-by-nc,"(c) yanfumu, some rights reserved (CC BY-NC)",yanfumu,,2026-08-04,"Goodwood Park Hotel, 新加坡, SG, SG",needs_id,False,1.3090419478,103.8348832614,1536,2048,no,pinnatum/inat-388027906-710611524-yanfumu.jpg,
Epipremnum pinnatum,388027906,https://www.inaturalist.org/observations/388027906,710611606,https://inaturalist-open-data.s3.amazonaws.com/photos/710611606/original.jpg,cc-by-nc,"(c) yanfumu, some rights reserved (CC BY-NC)",yanfumu,,2026-08-04,"Goodwood Park Hotel, 新加坡, SG, SG",needs_id,False,1.3090419478,103.8348832614,1536,2048,no,pinnatum/inat-388027906-710611606-yanfumu.jpg,
Epipremnum pinnatum,388027906,https://www.inaturalist.org/observations/388027906,710611681,https://inaturalist-open-data.s3.amazonaws.com/photos/710611681/original.jpg,cc-by-nc,"(c) yanfumu, some rights reserved (CC BY-NC)",yanfumu,,2026-08-04,"Goodwood Park Hotel, 新加坡, SG, SG",needs_id,False,1.3090419478,103.8348832614,1536,2048,no,pinnatum/inat-388027906-710611681-yanfumu.jpg,
Epipremnum pinnatum,387810118,https://www.inaturalist.org/observations/387810118,710184919,https://static.inaturalist.org/photos/710184919/original.jpg,all-rights-reserved,"(c) 古國順, all rights reserved",ku6777,古國順,2026-08-03,555台灣南投縣魚池鄉十三哩,research,False,23.887555,120.8954,1536,2048,no,pinnatum/inat-387810118-710184919-ku6777.jpg,
Epipremnum pinnatum,387798569,https://www.inaturalist.org/observations/387798569,710163205,https://static.inaturalist.org/photos/710163205/original.jpg,all-rights-reserved,"(c) Nadhifa Trihapsoro, all rights reserved",trihapsoro,Nadhifa Trihapsoro,2026-07-30,"CP88+GX3, Koli, Kec. Oba, Kota Tidore Kepulauan, Maluku Utara, Indonesia",research,False,0.4164820367,127.7173411846,1155,2048,no,pinnatum/inat-387798569-710163205-trihapsoro.jpg,
Epipremnum pinnatum,387798025,https://www.inaturalist.org/observations/387798025,710161925,https://static.inaturalist.org/photos/710161925/original.jpg,all-rights-reserved,"(c) Nadhifa Trihapsoro, all rights reserved",trihapsoro,Nadhifa Trihapsoro,2026-07-30,"Koli, Kec. Oba, Kota Tidore Kepulauan, Maluku Utara, Indonesia",research,False,0.41722633,127.7172999457,1155,2048,no,pinnatum/inat-387798025-710161925-trihapsoro.jpg,
Epipremnum pinnatum,387794869,https://www.inaturalist.org/observations/387794869,710155686,https://static.inaturalist.org/photos/710155686/original.jpg,all-rights-reserved,"(c) Nadhifa Trihapsoro, all rights reserved",trihapsoro,Nadhifa Trihapsoro,2026-07-30,"CP88+GX3, Koli, Kec. Oba, Kota Tidore Kepulauan, Maluku Utara, Indonesia",research,False,0.4161447579,127.716463767,1155,2048,no,pinnatum/inat-387794869-710155686-trihapsoro.jpg,
Epipremnum pinnatum,387737704,https://www.inaturalist.org/observations/387737704,710042184,https://static.inaturalist.org/photos/710042184/original.jpg,all-rights-reserved,"(c) 古國順, all rights reserved",ku6777,古國順,2026-08-03,553台灣南投縣水里鄉車埕村,research,False,23.8464933333,120.8668433333,1536,2048,no,pinnatum/inat-387737704-710042184-ku6777.jpg,
Epipremnum pinnatum,387593394,https://www.inaturalist.org/observations/387593394,709763668,https://static.inaturalist.org/photos/709763668/original.jpg,all-rights-reserved,"(c) Ilya Gomyranov, all rights reserved",gomyranov,Ilya Gomyranov,2026-08-02,"臺灣島, район Пинси, Новый Тайбэй, TW",research,False,25.0472388333,121.7842716667,1536,2048,no,pinnatum/inat-387593394-709763668-gomyranov.jpg,
Epipremnum pinnatum,387553568,https://www.inaturalist.org/observations/387553568,709684414,https://inaturalist-open-data.s3.amazonaws.com/photos/709684414/original.jpg,cc-by-nc,"(c) Bruno Menezes, some rights reserved (CC BY-NC)",brugzito,Bruno Menezes,2026-08-02,"Umari, Bom Jardim - PE, Brasil",research,False,-7.83278774,-35.64937177,1536,2048,no,pinnatum/inat-387553568-709684414-brugzito.jpg,
Epipremnum pinnatum,387523928,https://www.inaturalist.org/observations/387523928,709636631,https://static.inaturalist.org/photos/709636631/original.jpg,all-rights-reserved,"(c) 塗清祥, all rights reserved",naturalist76891,塗清祥,2026-08-02,557台灣南投縣竹山鎮JMXG+QQ,research,False,23.6517450997,120.6771281,2048,2048,no,pinnatum/inat-387523928-709636631-naturalist76891.jpg,
Epipremnum pinnatum,387523928,https://www.inaturalist.org/observations/387523928,709637040,https://static.inaturalist.org/photos/709637040/original.jpg,all-rights-reserved,"(c) 塗清祥, all rights reserved",naturalist76891,塗清祥,2026-08-02,557台灣南投縣竹山鎮JMXG+QQ,research,False,23.6517450997,120.6771281,2048,2048,no,pinnatum/inat-387523928-709637040-naturalist76891.jpg,
Epipremnum pinnatum,387523928,https://www.inaturalist.org/observations/387523928,709637331,https://static.inaturalist.org/photos/709637331/original.jpg,all-rights-reserved,"(c) 塗清祥, all rights reserved",naturalist76891,塗清祥,2026-08-02,557台灣南投縣竹山鎮JMXG+QQ,research,False,23.6517450997,120.6771281,2048,2048,no,pinnatum/inat-387523928-709637331-naturalist76891.jpg,
Epipremnum pinnatum,387523928,https://www.inaturalist.org/observations/387523928,709637619,https://static.inaturalist.org/photos/709637619/original.jpg,all-rights-reserved,"(c) 塗清祥, all rights reserved",naturalist76891,塗清祥,2026-08-02,557台灣南投縣竹山鎮JMXG+QQ,research,False,23.6517450997,120.6771281,2048,2048,no,pinnatum/inat-387523928-709637619-naturalist76891.jpg,
Epipremnum pinnatum,387451964,https://www.inaturalist.org/observations/387451964,709494995,https://inaturalist-open-data.s3.amazonaws.com/photos/709494995/original.jpg,cc-by-nc,"(c) sammy0908sammy0908, some rights reserved (CC BY-NC)",sammy0908sammy0908,,2026-08-02,"漁港環保公園, 北區, 新竹市, TW",research,False,24.8430833333,120.92472,1536,2048,no,pinnatum/inat-387451964-709494995-sammy0908sammy0908.jpg,
Epipremnum pinnatum,387451964,https://www.inaturalist.org/observations/387451964,709494952,https://inaturalist-open-data.s3.amazonaws.com/photos/709494952/original.jpg,cc-by-nc,"(c) sammy0908sammy0908, some rights reserved (CC BY-NC)",sammy0908sammy0908,,2026-08-02,"漁港環保公園, 北區, 新竹市, TW",research,False,24.8430833333,120.92472,1536,2048,no,pinnatum/inat-387451964-709494952-sammy0908sammy0908.jpg,
Epipremnum pinnatum,387342904,https://www.inaturalist.org/observations/387342904,710167386,https://inaturalist-open-data.s3.amazonaws.com/photos/710167386/original.jpg,cc-by-nc,"(c) Alex Patia, some rights reserved (CC BY-NC)",apatia,Alex Patia,2026-08-01,"Kauaʻi, Princeville, HI, US",needs_id,False,22.2115916667,-159.4769283333,1536,2048,no,pinnatum/inat-387342904-710167386-apatia.jpg,
Epipremnum pinnatum,387132367,https://www.inaturalist.org/observations/387132367,708876850,https://inaturalist-open-data.s3.amazonaws.com/photos/708876850/original.jpg,cc-by-nc,"(c) julesbrittan, some rights reserved (CC BY-NC)",julesbrittan,,2026-07-22,"Hickory Rd, Cow Bay, QLD, AU",research,False,-16.2255576657,145.4156225594,1152,2048,no,pinnatum/inat-387132367-708876850-julesbrittan.jpg,
Epipremnum pinnatum,387067828,https://www.inaturalist.org/observations/387067828,708748415,https://inaturalist-open-data.s3.amazonaws.com/photos/708748415/original.jpg,cc-by-nc,"(c) blue3n, some rights reserved (CC BY-NC)",blue3n,,2026-08-01,Thành phố Hồ Chí Minh,needs_id,False,10.7654237747,106.6794967651,1536,2048,no,pinnatum/inat-387067828-708748415-blue3n.jpg,
Epipremnum pinnatum,386933747,https://www.inaturalist.org/observations/386933747,708456973,https://inaturalist-open-data.s3.amazonaws.com/photos/708456973/original.jpg,cc-by-nc,"(c) 洪阿愷, some rights reserved (CC BY-NC)",rrrkai,洪阿愷,2026-07-31,"843台灣高雄市美濃區, 雙連潭",research,False,22.94955,120.6021194444,1772,1772,no,pinnatum/inat-386933747-708456973-rrrkai.jpg,
Epipremnum pinnatum,386933747,https://www.inaturalist.org/observations/386933747,708456968,https://inaturalist-open-data.s3.amazonaws.com/photos/708456968/original.jpg,cc-by-nc,"(c) 洪阿愷, some rights reserved (CC BY-NC)",rrrkai,洪阿愷,2026-07-31,"843台灣高雄市美濃區, 雙連潭",research,False,22.94955,120.6021194444,1772,1772,no,pinnatum/inat-386933747-708456968-rrrkai.jpg,
Epipremnum pinnatum,386933747,https://www.inaturalist.org/observations/386933747,708456972,https://inaturalist-open-data.s3.amazonaws.com/photos/708456972/original.jpg,cc-by-nc,"(c) 洪阿愷, some rights reserved (CC BY-NC)",rrrkai,洪阿愷,2026-07-31,"843台灣高雄市美濃區, 雙連潭",research,False,22.94955,120.6021194444,1772,1772,no,pinnatum/inat-386933747-708456972-rrrkai.jpg,
Epipremnum pinnatum,386922077,https://www.inaturalist.org/observations/386922077,708471639,https://static.inaturalist.org/photos/708471639/original.jpg,all-rights-reserved,"(c) Antanas Petraška, all rights reserved",antanas4,Antanas Petraška,2026-07-31,"Central Malekula, Vanuatu",research,False,-16.0913267907,167.4104783311,1536,2048,no,pinnatum/inat-386922077-708471639-antanas4.jpg,
Epipremnum pinnatum,386735180,https://www.inaturalist.org/observations/386735180,708109781,https://static.inaturalist.org/photos/708109781/original.jpg,all-rights-reserved,"(c) 古國順, all rights reserved",ku6777,古國順,2026-07-31,646台灣雲林縣古坑鄉草嶺村,research,False,23.6138,120.7009216667,1536,2048,no,pinnatum/inat-386735180-708109781-ku6777.jpg,
Epipremnum pinnatum,386701176,https://www.inaturalist.org/observations/386701176,708043397,https://inaturalist-open-data.s3.amazonaws.com/photos/708043397/original.jpg,cc-by-nc,"(c) Zydrunas, some rights reserved (CC BY-NC)",zydrunas72,Zydrunas,2026-07-31,"Central Malekula, Vanuatu",research,False,-16.088385305,167.4047984183,2048,1536,no,pinnatum/inat-386701176-708043397-zydrunas72.jpg,
Epipremnum pinnatum,386568722,https://www.inaturalist.org/observations/386568722,708016048,https://static.inaturalist.org/photos/708016048/original.jpg,all-rights-reserved,"(c) Pedro Siqueira, all rights reserved",pedro1386,Pedro Siqueira,2026-07-29,"Gov. Portela, Miguel Pereira - RJ, 26900-000, Brasil",research,False,-22.4900462,-43.5213799,1155,2048,no,pinnatum/inat-386568722-708016048-pedro1386.jpg,
Epipremnum pinnatum,386554018,https://www.inaturalist.org/observations/386554018,707774031,https://static.inaturalist.org/photos/707774031/original.jpg,all-rights-reserved,"(c) 米嬸, all rights reserved",miaunt,米嬸,2026-07-20,353台灣苗栗縣南庄鄉東河村,research,False,24.6064305556,121.0530361111,1152,2048,no,pinnatum/inat-386554018-707774031-miaunt.jpg,
Epipremnum pinnatum,386549125,https://www.inaturalist.org/observations/386549125,707764227,https://inaturalist-open-data.s3.amazonaws.com/photos/707764227/original.jpg,cc-by-nc,"(c) Ulfi Faizah, some rights reserved (CC BY-NC)",ulfi_faizah,Ulfi Faizah,2026-07-30,"PQMM+PGX, Mulyorejo, Surabaya, East Java 60115, Indonesia",research,False,-7.2653788997,112.783793,2048,1536,no,pinnatum/inat-386549125-707764227-ulfi_faizah.jpg,
Epipremnum pinnatum,386549125,https://www.inaturalist.org/observations/386549125,707764274,https://inaturalist-open-data.s3.amazonaws.com/photos/707764274/original.jpg,cc-by-nc,"(c) Ulfi Faizah, some rights reserved (CC BY-NC)",ulfi_faizah,Ulfi Faizah,2026-07-30,"PQMM+PGX, Mulyorejo, Surabaya, East Java 60115, Indonesia",research,False,-7.2653788997,112.783793,2048,1536,no,pinnatum/inat-386549125-707764274-ulfi_faizah.jpg,
Epipremnum pinnatum,386528350,https://www.inaturalist.org/observations/386528350,708713217,https://inaturalist-open-data.s3.amazonaws.com/photos/708713217/original.jpg,cc-by-nc,"(c) JJ Huang, some rights reserved (CC BY-NC)",jjhuang711,JJ Huang,2026-07-30,,needs_id,True,,,1536,2048,no,pinnatum/inat-386528350-708713217-jjhuang711.jpg,
Epipremnum pinnatum,386501462,https://www.inaturalist.org/observations/386501462,707666991,https://static.inaturalist.org/photos/707666991/original.jpg,all-rights-reserved,"(c) Jabez Flores, all rights reserved",angusmaps,Jabez Flores,2026-07-27,"Malabag, Silang, Cavite, Philippines",research,False,14.14655,120.9674066667,2048,1365,no,pinnatum/inat-386501462-707666991-angusmaps.jpg,
Epipremnum pinnatum,386501091,https://www.inaturalist.org/observations/386501091,707670853,https://static.inaturalist.org/photos/707670853/original.jpg,all-rights-reserved,"(c) 古國順, all rights reserved",ku6777,古國順,2026-07-30,646台灣雲林縣古坑鄉JM3W+86,research,False,23.60385,120.6938383333,1536,2048,no,pinnatum/inat-386501091-707670853-ku6777.jpg,
Epipremnum pinnatum,386212096,https://www.inaturalist.org/observations/386212096,707117056,https://inaturalist-open-data.s3.amazonaws.com/photos/707117056/original.jpg,cc-by-nc,"(c) maoneow, some rights reserved (CC BY-NC)",maoneow,,2026-07-09,台灣臺北,research,False,25.1541712,121.5389627997,1536,2048,no,pinnatum/inat-386212096-707117056-maoneow.jpg,
Epipremnum pinnatum,386167637,https://www.inaturalist.org/observations/386167637,707033966,https://inaturalist-open-data.s3.amazonaws.com/photos/707033966/original.jpg,cc-by-nc,"(c) 歐陽秀華, some rights reserved (CC BY-NC)",sh1025,歐陽秀華,2026-07-29,646台灣雲林縣古坑鄉華山村49-1號,research,False,23.5943738,120.5958432,924,2048,no,pinnatum/inat-386167637-707033966-sh1025.jpg,
Epipremnum pinnatum,385884270,https://www.inaturalist.org/observations/385884270,706489103,https://inaturalist-open-data.s3.amazonaws.com/photos/706489103/original.jpg,cc-by-nc,"(c) 陈夏煜, some rights reserved (CC BY-NC)",wuhuuuu,陈夏煜,2026-07-28,"Penampang, MY-SA, MY",needs_id,False,5.946214,116.110099,1536,2048,no,pinnatum/inat-385884270-706489103-wuhuuuu.jpg,
Epipremnum pinnatum,385727038,https://www.inaturalist.org/observations/385727038,706175952,https://inaturalist-open-data.s3.amazonaws.com/photos/706175952/original.jpg,cc-by-nc-sa,"(c) Shivam Bhatt, some rights reserved (CC BY-NC-SA)",smkbhatt,Shivam Bhatt,2026-05-20,"Bitung, North Sulawesi, ID",research,False,1.5651633333,125.1695416667,1152,2048,no,pinnatum/inat-385727038-706175952-smkbhatt.jpg,
Epipremnum pinnatum,385727038,https://www.inaturalist.org/observations/385727038,706175972,https://inaturalist-open-data.s3.amazonaws.com/photos/706175972/original.jpg,cc-by-nc-sa,"(c) Shivam Bhatt, some rights reserved (CC BY-NC-SA)",smkbhatt,Shivam Bhatt,2026-05-20,"Bitung, North Sulawesi, ID",research,False,1.5651633333,125.1695416667,1152,2048,no,pinnatum/inat-385727038-706175972-smkbhatt.jpg,
Epipremnum pinnatum,385599267,https://www.inaturalist.org/observations/385599267,705940609,https://inaturalist-open-data.s3.amazonaws.com/photos/705940609/original.jpg,cc-by-nc,"(c) Bipasha David, some rights reserved (CC BY-NC)",prof_bipasha_david_,Bipasha David,2026-07-27,"CR7W+4JG, Naini, Prayagraj, Uttar Pradesh 211007, India",research,False,25.4127615171,81.8466565758,1536,2048,no,pinnatum/inat-385599267-705940609-prof_bipasha_david_.jpg,
Epipremnum pinnatum,385599267,https://www.inaturalist.org/observations/385599267,705940656,https://inaturalist-open-data.s3.amazonaws.com/photos/705940656/original.jpg,cc-by-nc,"(c) Bipasha David, some rights reserved (CC BY-NC)",prof_bipasha_david_,Bipasha David,2026-07-27,"CR7W+4JG, Naini, Prayagraj, Uttar Pradesh 211007, India",research,False,25.4127615171,81.8466565758,1536,2048,no,pinnatum/inat-385599267-705940656-prof_bipasha_david_.jpg,
Epipremnum pinnatum,385577875,https://www.inaturalist.org/observations/385577875,705899559,https://inaturalist-open-data.s3.amazonaws.com/photos/705899559/original.jpg,cc-by-nc,"(c) xieminnicki, some rights reserved (CC BY-NC)",xieminnicki,,2026-07-27,"Gongmei Road Hainan Free Trade Ganglingshui Li'an International Education Innovative Test Area (Binhai Campus), Lingshui, Hainan",research,False,18.4037971494,110.0179290769,1536,2048,no,pinnatum/inat-385577875-705899559-xieminnicki.jpg,
Epipremnum pinnatum,385573692,https://www.inaturalist.org/observations/385573692,705891524,https://static.inaturalist.org/photos/705891524/original.jpg,all-rights-reserved,"(c) 古國順, all rights reserved",ku6777,古國順,2026-07-27,646台灣雲林縣古坑鄉10-1號,research,False,23.6188616667,120.6207383333,1536,2048,no,pinnatum/inat-385573692-705891524-ku6777.jpg,
Epipremnum pinnatum,385565894,https://www.inaturalist.org/observations/385565894,705898528,https://static.inaturalist.org/photos/705898528/original.jpg,all-rights-reserved,"(c) 古國順, all rights reserved",ku6777,古國順,2026-07-27,646台灣雲林縣古坑鄉10-1號,research,False,23.6194166667,120.6211016667,1536,2048,no,pinnatum/inat-385565894-705898528-ku6777.jpg,
Epipremnum pinnatum,385555466,https://www.inaturalist.org/observations/385555466,705855967,https://inaturalist-open-data.s3.amazonaws.com/photos/705855967/original.jpg,cc-by-nc,"(c) Ben Zerante, some rights reserved (CC BY-NC)",benzerante,Ben Zerante,2026-07-24,"3M7Q+9Q8 The Retreat National Park, Village Green, Nassau, The Bahamas",research,False,25.063422,-77.3105445,2048,1689,no,pinnatum/inat-385555466-705855967-benzerante.jpg,
Epipremnum pinnatum,385481097,https://www.inaturalist.org/observations/385481097,705712697,https://inaturalist-open-data.s3.amazonaws.com/photos/705712697/original.jpg,cc-by-nc,"(c) Akmal Idham, some rights reserved (CC BY-NC)",akmal_idham,Akmal Idham,2026-07-24,"Marudi, Sarawak, Malaysia",needs_id,False,3.1558465678,115.356596522,2048,1368,no,pinnatum/inat-385481097-705712697-akmal_idham.jpg,
Epipremnum pinnatum,385347595,https://www.inaturalist.org/observations/385347595,705453017,https://static.inaturalist.org/photos/705453017/original.jpg,all-rights-reserved,"(c) Rinkesh kumar, all rights reserved",rinkeshkumar,Rinkesh kumar,2026-07-25,"Alfanagar, Rajasthan 323021, India",research,False,25.2795075997,75.7106382,945,2048,no,pinnatum/inat-385347595-705453017-rinkeshkumar.jpg,
Epipremnum pinnatum,385251824,https://www.inaturalist.org/observations/385251824,705281957,https://static.inaturalist.org/photos/705281957/original.jpg,all-rights-reserved,"(c) 米嬸, all rights reserved",miaunt,米嬸,2026-07-19,353台灣苗栗縣南庄鄉東河村,research,False,24.6063416667,121.0519611111,1152,2048,no,pinnatum/inat-385251824-705281957-miaunt.jpg,
Epipremnum pinnatum,385230532,https://www.inaturalist.org/observations/385230532,705250546,https://inaturalist-open-data.s3.amazonaws.com/photos/705250546/original.jpg,cc-by-nc,"(c) usernameforinaturalist, some rights reserved (CC BY-NC)",usernameforinaturalist,,2026-07-26,"Shilin District, Taipei City, TW",research,False,25.1368611667,121.5354533333,2048,1536,no,pinnatum/inat-385230532-705250546-usernameforinaturalist.jpg,
Epipremnum pinnatum,385230469,https://www.inaturalist.org/observations/385230469,705250436,https://inaturalist-open-data.s3.amazonaws.com/photos/705250436/original.jpg,cc-by-nc,"(c) usernameforinaturalist, some rights reserved (CC BY-NC)",usernameforinaturalist,,2026-07-26,"Shilin District, Taipei City, TW",research,False,25.1370195,121.535745,2048,1536,no,pinnatum/inat-385230469-705250436-usernameforinaturalist.jpg,
Epipremnum pinnatum,385230421,https://www.inaturalist.org/observations/385230421,705250330,https://inaturalist-open-data.s3.amazonaws.com/photos/705250330/original.jpg,cc-by-nc,"(c) usernameforinaturalist, some rights reserved (CC BY-NC)",usernameforinaturalist,,2026-07-26,"Shilin District, Taipei City, TW",research,False,25.1370221667,121.535745,2048,1536,no,pinnatum/inat-385230421-705250330-usernameforinaturalist.jpg,
Epipremnum pinnatum,385229931,https://www.inaturalist.org/observations/385229931,705241537,https://inaturalist-open-data.s3.amazonaws.com/photos/705241537/original.jpg,cc-by-nc,"(c) 胡正恆, some rights reserved (CC BY-NC)",huxx0058,胡正恆,2026-07-08,帛琉雅拉爾德州,needs_id,False,7.6094305556,134.6194777222,1217,2048,no,pinnatum/inat-385229931-705241537-huxx0058.jpg,
Epipremnum pinnatum,385229931,https://www.inaturalist.org/observations/385229931,705241572,https://inaturalist-open-data.s3.amazonaws.com/photos/705241572/original.jpg,cc-by-nc,"(c) 胡正恆, some rights reserved (CC BY-NC)",huxx0058,胡正恆,2026-07-08,帛琉雅拉爾德州,needs_id,False,7.6094305556,134.6194777222,2048,1536,no,pinnatum/inat-385229931-705241572-huxx0058.jpg,
Epipremnum pinnatum,385209260,https://www.inaturalist.org/observations/385209260,705210082,https://inaturalist-open-data.s3.amazonaws.com/photos/705210082/original.jpg,cc-by-nc,"(c) 潘立傑 LICHIEH_PAN, some rights reserved (CC BY-NC)",johnnypantw,潘立傑 LICHIEH_PAN,2026-07-25,353台灣苗栗縣南庄鄉西村,research,False,24.6047666667,120.9923,1542,2048,no,pinnatum/inat-385209260-705210082-johnnypantw.jpg,
Epipremnum pinnatum,385209260,https://www.inaturalist.org/observations/385209260,705210165,https://inaturalist-open-data.s3.amazonaws.com/photos/705210165/original.jpg,cc-by-nc,"(c) 潘立傑 LICHIEH_PAN, some rights reserved (CC BY-NC)",johnnypantw,潘立傑 LICHIEH_PAN,2026-07-25,353台灣苗栗縣南庄鄉西村,research,False,24.6047666667,120.9923,1542,2048,no,pinnatum/inat-385209260-705210165-johnnypantw.jpg,
Epipremnum pinnatum,384855069,https://www.inaturalist.org/observations/384855069,704527995,https://inaturalist-open-data.s3.amazonaws.com/photos/704527995/original.jpg,cc-by-nc,"(c) Hc Chien, some rights reserved (CC BY-NC)",amadeus999,Hc Chien,2026-07-25,315台灣新竹縣峨眉鄉七星村94號,research,False,24.6557388889,121.024125,1538,2048,no,pinnatum/inat-384855069-704527995-amadeus999.jpg,
Epipremnum pinnatum,384855069,https://www.inaturalist.org/observations/384855069,704528034,https://inaturalist-open-data.s3.amazonaws.com/photos/704528034/original.jpg,cc-by-nc,"(c) Hc Chien, some rights reserved (CC BY-NC)",amadeus999,Hc Chien,2026-07-25,315台灣新竹縣峨眉鄉七星村94號,research,False,24.6557388889,121.024125,1538,2048,no,pinnatum/inat-384855069-704528034-amadeus999.jpg,
Epipremnum pinnatum,384848926,https://www.inaturalist.org/observations/384848926,704516661,https://inaturalist-open-data.s3.amazonaws.com/photos/704516661/original.jpg,cc-by-nc,"(c) Hc Chien, some rights reserved (CC BY-NC)",amadeus999,Hc Chien,2026-07-25,315台灣新竹縣峨眉鄉七星村60-8號,research,False,24.6548722222,121.0255416667,1538,2048,no,pinnatum/inat-384848926-704516661-amadeus999.jpg,
Epipremnum pinnatum,384848926,https://www.inaturalist.org/observations/384848926,704516687,https://inaturalist-open-data.s3.amazonaws.com/photos/704516687/original.jpg,cc-by-nc,"(c) Hc Chien, some rights reserved (CC BY-NC)",amadeus999,Hc Chien,2026-07-25,315台灣新竹縣峨眉鄉七星村60-8號,research,False,24.6548722222,121.0255416667,1538,2048,no,pinnatum/inat-384848926-704516687-amadeus999.jpg,
Epipremnum pinnatum,384841272,https://www.inaturalist.org/observations/384841272,704497811,https://inaturalist-open-data.s3.amazonaws.com/photos/704497811/original.jpg,cc-by-nc-sa,"(c) 大俠, some rights reserved (CC BY-NC-SA)",kuman,大俠,2026-07-25,116台灣臺北市文山區政大一街210巷,research,False,24.9846239,121.5849809,2048,1536,no,pinnatum/inat-384841272-704497811-kuman.jpg,
Epipremnum pinnatum,384757705,https://www.inaturalist.org/observations/384757705,704340666,https://static.inaturalist.org/photos/704340666/original.jpg,all-rights-reserved,"(c) Julie Butera, all rights reserved",juliewulie,Julie Butera,2026-07-25,"Platypus Cl, Kuranda, QLD, AU",needs_id,False,-16.8474216667,145.6280366667,1536,2048,no,pinnatum/inat-384757705-704340666-juliewulie.jpg,
Epipremnum pinnatum,384482452,https://www.inaturalist.org/observations/384482452,703812830,https://inaturalist-open-data.s3.amazonaws.com/photos/703812830/original.jpg,cc-by-nc,"(c) Daniel Petersen och Peter Sullivan, some rights reserved (CC BY-NC)",daniel_petersen,Daniel Petersen och Peter Sullivan,2026-07-24,"Taketomi, Okinawa, JP",research,False,24.3904339658,123.8042660425,1536,2048,no,pinnatum/inat-384482452-703812830-daniel_petersen.jpg,
Epipremnum pinnatum,384482452,https://www.inaturalist.org/observations/384482452,703812829,https://inaturalist-open-data.s3.amazonaws.com/photos/703812829/original.jpg,cc-by-nc,"(c) Daniel Petersen och Peter Sullivan, some rights reserved (CC BY-NC)",daniel_petersen,Daniel Petersen och Peter Sullivan,2026-07-24,"Taketomi, Okinawa, JP",research,False,24.3904339658,123.8042660425,1536,2048,no,pinnatum/inat-384482452-703812829-daniel_petersen.jpg,
Epipremnum pinnatum,384482153,https://www.inaturalist.org/observations/384482153,703812237,https://inaturalist-open-data.s3.amazonaws.com/photos/703812237/original.jpg,cc-by-nc,"(c) Daniel Petersen och Peter Sullivan, some rights reserved (CC BY-NC)",daniel_petersen,Daniel Petersen och Peter Sullivan,2026-07-24,"Taketomi, JP-ON, JP",research,False,24.3951536715,123.8022626751,1536,2048,no,pinnatum/inat-384482153-703812237-daniel_petersen.jpg,
Epipremnum pinnatum,384482153,https://www.inaturalist.org/observations/384482153,703812250,https://inaturalist-open-data.s3.amazonaws.com/photos/703812250/original.jpg,cc-by-nc,"(c) Daniel Petersen och Peter Sullivan, some rights reserved (CC BY-NC)",daniel_petersen,Daniel Petersen och Peter Sullivan,2026-07-24,"Taketomi, JP-ON, JP",research,False,24.3951536715,123.8022626751,1536,2048,no,pinnatum/inat-384482153-703812250-daniel_petersen.jpg,
Epipremnum pinnatum,384385136,https://www.inaturalist.org/observations/384385136,739594196,https://inaturalist-open-data.s3.amazonaws.com/photos/739594196/original.jpg,cc-by-nc,"(c) Kimberly Reyes, some rights reserved (CC BY-NC)",kimberly28074,Kimberly Reyes,2026-07-23,"Barrio Pueblo, Caguas, Puerto Rico",needs_id,False,18.2430079569,-66.0279376355,1542,2048,no,pinnatum/inat-384385136-739594196-kimberly28074.jpg,
Epipremnum pinnatum,384249996,https://www.inaturalist.org/observations/384249996,703359423,https://static.inaturalist.org/photos/703359423/original.jpg,all-rights-reserved,"(c) 米嬸, all rights reserved",miaunt,米嬸,2026-07-17,353台灣苗栗縣南庄鄉東河村,research,False,24.6082166667,121.0359805556,1152,2048,no,pinnatum/inat-384249996-703359423-miaunt.jpg,
Epipremnum pinnatum,384217116,https://www.inaturalist.org/observations/384217116,703298942,https://static.inaturalist.org/photos/703298942/original.jpg,all-rights-reserved,"(c) Gilvanio Santos, all rights reserved",gilvanio,Gilvanio Santos,2026-07-23,"Petrolina, BR-PE, BR",research,False,-9.38111347,-40.48651091,1536,2048,no,pinnatum/inat-384217116-703298942-gilvanio.jpg,
Epipremnum pinnatum,384088669,https://www.inaturalist.org/observations/384088669,703046336,https://inaturalist-open-data.s3.amazonaws.com/photos/703046336/original.jpg,cc-by-nc,"(c) atcgnyc, some rights reserved (CC BY-NC)",atcgnyc,atcgnyc,2026-07-22,"Kanealole Trail, Honolulu, HI, US",needs_id,False,21.3174966667,-157.8265966667,1536,2048,no,pinnatum/inat-384088669-703046336-atcgnyc.jpg,
Epipremnum pinnatum,383850724,https://www.inaturalist.org/observations/383850724,702590613,https://static.inaturalist.org/photos/702590613/original.jpg,all-rights-reserved,"(c) 古國順, all rights reserved",ku6777,古國順,2026-07-22,646台灣雲林縣古坑鄉華山村1-7號,research,False,23.594845,120.6129483333,1536,2048,no,pinnatum/inat-383850724-702590613-ku6777.jpg,
Epipremnum pinnatum,383830752,https://www.inaturalist.org/observations/383830752,702549988,https://inaturalist-open-data.s3.amazonaws.com/photos/702549988/original.jpg,cc-by-nc,"(c) estherhulum, some rights reserved (CC BY-NC)",estherhulum,,2026-07-22,"Port Moresby National Capital District, Papua New Guinea",research,False,-9.4056399186,147.165880166,2048,1536,no,pinnatum/inat-383830752-702549988-estherhulum.jpg,
Epipremnum pinnatum,383786586,https://www.inaturalist.org/observations/383786586,702879869,https://inaturalist-open-data.s3.amazonaws.com/photos/702879869/original.jpg,cc-by-nc,"(c) Jason Smith, some rights reserved (CC BY-NC)",jsmithnc1,Jason Smith,2026-07-21,"Calle Luis Muñoz Marín, Culebra, PR, US",needs_id,False,18.3084333333,-65.3041133333,1536,2048,no,pinnatum/inat-383786586-702879869-jsmithnc1.jpg,
Epipremnum pinnatum,383755719,https://www.inaturalist.org/observations/383755719,702402238,https://static.inaturalist.org/photos/702402238/original.jpg,all-rights-reserved,"(c) 周明煌, all rights reserved",tony2148,周明煌,2026-07-19,208台灣新北市金山區三界里6JP9+4M,research,False,25.2362269722,121.6185229722,1536,2048,no,pinnatum/inat-383755719-702402238-tony2148.jpg,
Epipremnum pinnatum,383536048,https://www.inaturalist.org/observations/383536048,701987354,https://inaturalist-open-data.s3.amazonaws.com/photos/701987354/original.jpg,cc-by-nc,"(c) peterwu, some rights reserved (CC BY-NC)",peterwu,,2026-07-18,"Mecherchar, 帛琉, PW",needs_id,False,7.1624611667,134.37448,1536,2048,no,pinnatum/inat-383536048-701987354-peterwu.jpg,
Epipremnum pinnatum,383456841,https://www.inaturalist.org/observations/383456841,701833057,https://inaturalist-open-data.s3.amazonaws.com/photos/701833057/original.jpg,cc-by-nc,"(c) Luis Mata, some rights reserved (CC BY-NC)",lmata,Luis Mata,2026-07-21,"Ba, FJ-W, FJ",needs_id,False,-17.3683527438,177.1370652506,1536,2048,no,pinnatum/inat-383456841-701833057-lmata.jpg,
Epipremnum pinnatum,383456841,https://www.inaturalist.org/observations/383456841,701833112,https://inaturalist-open-data.s3.amazonaws.com/photos/701833112/original.jpg,cc-by-nc,"(c) Luis Mata, some rights reserved (CC BY-NC)",lmata,Luis Mata,2026-07-21,"Ba, FJ-W, FJ",needs_id,False,-17.3683527438,177.1370652506,1536,2048,no,pinnatum/inat-383456841-701833112-lmata.jpg,
Epipremnum pinnatum,383456841,https://www.inaturalist.org/observations/383456841,701833171,https://inaturalist-open-data.s3.amazonaws.com/photos/701833171/original.jpg,cc-by-nc,"(c) Luis Mata, some rights reserved (CC BY-NC)",lmata,Luis Mata,2026-07-21,"Ba, FJ-W, FJ",needs_id,False,-17.3683527438,177.1370652506,2048,1536,no,pinnatum/inat-383456841-701833171-lmata.jpg,
Epipremnum pinnatum,383456788,https://www.inaturalist.org/observations/383456788,701832926,https://inaturalist-open-data.s3.amazonaws.com/photos/701832926/original.jpg,cc-by-nc,"(c) Luis Mata, some rights reserved (CC BY-NC)",lmata,Luis Mata,2026-07-21,"Ba, FJ-W, FJ",needs_id,False,-17.3683497682,177.137058126,2048,1536,no,pinnatum/inat-383456788-701832926-lmata.jpg,
Epipremnum pinnatum,383456788,https://www.inaturalist.org/observations/383456788,701833005,https://inaturalist-open-data.s3.amazonaws.com/photos/701833005/original.jpg,cc-by-nc,"(c) Luis Mata, some rights reserved (CC BY-NC)",lmata,Luis Mata,2026-07-21,"Ba, FJ-W, FJ",needs_id,False,-17.3683497682,177.137058126,1536,2048,no,pinnatum/inat-383456788-701833005-lmata.jpg,
Epipremnum pinnatum,383214041,https://www.inaturalist.org/observations/383214041,701366239,https://static.inaturalist.org/photos/701366239/original.jpg,all-rights-reserved,"(c) Shane Richards, all rights reserved",shanerichards,Shane Richards,2026-07-20,"Cow Bay, QLD, AU",research,False,-16.239650244,145.4341201105,1152,2048,no,pinnatum/inat-383214041-701366239-shanerichards.jpg,
Epipremnum pinnatum,383190820,https://www.inaturalist.org/observations/383190820,701321398,https://static.inaturalist.org/photos/701321398/original.jpg,all-rights-reserved,"(c) 古國順, all rights reserved",ku6777,古國順,2026-07-20,646台灣雲林縣古坑鄉桂林村,research,False,23.6031883333,120.6140316667,1536,2048,no,pinnatum/inat-383190820-701321398-ku6777.jpg,
Epipremnum pinnatum,383036389,https://www.inaturalist.org/observations/383036389,701018215,https://static.inaturalist.org/photos/701018215/original.jpg,all-rights-reserved,"(c) 何晟瑋 Andrew He, all rights reserved",hersway,何晟瑋 Andrew He,2026-04-25,"Pulau Bali, Kabupaten Buleleng, Bali, ID",research,False,-8.2653666667,115.0914611667,1536,2048,no,pinnatum/inat-383036389-701018215-hersway.jpg,
Epipremnum pinnatum,383025978,https://www.inaturalist.org/observations/383025978,700998489,https://static.inaturalist.org/photos/700998489/original.jpg,all-rights-reserved,"(c) 何晟瑋 Andrew He, all rights reserved",hersway,何晟瑋 Andrew He,2026-04-25,"Pulau Bali, Kabupaten Buleleng, Bali, ID",research,False,-8.266255,115.0918805,1536,2048,no,pinnatum/inat-383025978-700998489-hersway.jpg,
Epipremnum pinnatum,383025978,https://www.inaturalist.org/observations/383025978,700998369,https://static.inaturalist.org/photos/700998369/original.jpg,all-rights-reserved,"(c) 何晟瑋 Andrew He, all rights reserved",hersway,何晟瑋 Andrew He,2026-04-25,"Pulau Bali, Kabupaten Buleleng, Bali, ID",research,False,-8.266255,115.0918805,1536,2048,no,pinnatum/inat-383025978-700998369-hersway.jpg,
Epipremnum pinnatum,383025978,https://www.inaturalist.org/observations/383025978,700998850,https://static.inaturalist.org/photos/700998850/original.jpg,all-rights-reserved,"(c) 何晟瑋 Andrew He, all rights reserved",hersway,何晟瑋 Andrew He,2026-04-25,"Pulau Bali, Kabupaten Buleleng, Bali, ID",research,False,-8.266255,115.0918805,1536,2048,no,pinnatum/inat-383025978-700998850-hersway.jpg,
Epipremnum pinnatum,383004276,https://www.inaturalist.org/observations/383004276,700954631,https://inaturalist-open-data.s3.amazonaws.com/photos/700954631/original.jpg,cc-by-nc,"(c) joneswurf, some rights reserved (CC BY-NC)",joneswurf,,2026-07-19,"Taiwan, Xinzhuang District, New Taipei City, TW",research,False,25.0299030487,121.4004562245,2048,1536,no,pinnatum/inat-383004276-700954631-joneswurf.jpg,
Epipremnum pinnatum,382955193,https://www.inaturalist.org/observations/382955193,700864241,https://inaturalist-open-data.s3.amazonaws.com/photos/700864241/original.jpg,cc-by-nc,"(c) Michal Hroneš, some rights reserved (CC BY-NC)",michal_hrones,Michal Hroneš,2026-07-19,"Clementi Rd, Singapore, SG, SG",research,False,1.3260533333,103.7749116667,1536,2048,no,pinnatum/inat-382955193-700864241-michal_hrones.jpg,
Epipremnum pinnatum,382955193,https://www.inaturalist.org/observations/382955193,700864249,https://inaturalist-open-data.s3.amazonaws.com/photos/700864249/original.jpg,cc-by-nc,"(c) Michal Hroneš, some rights reserved (CC BY-NC)",michal_hrones,Michal Hroneš,2026-07-19,"Clementi Rd, Singapore, SG, SG",research,False,1.3260533333,103.7749116667,1536,2048,no,pinnatum/inat-382955193-700864249-michal_hrones.jpg,
Epipremnum pinnatum,382775392,https://www.inaturalist.org/observations/382775392,700500038,https://inaturalist-open-data.s3.amazonaws.com/photos/700500038/original.jpg,cc-by,"(c) M Rutherford, some rights reserved (CC BY)",lobotaniser,M Rutherford,2026-07-14,"Tuamasaga, Samoa",needs_id,False,-14.014174507,-171.7366922723,1536,2048,no,pinnatum/inat-382775392-700500038-lobotaniser.jpg,
Epipremnum pinnatum,382750883,https://www.inaturalist.org/observations/382750883,700469716,https://inaturalist-open-data.s3.amazonaws.com/photos/700469716/original.jpg,cc-by-nc,"(c) ivansmirnov, some rights reserved (CC BY-NC)",ivansmirnov,,2026-07-19,"Red Peak Station, National Park, Barron Gorge, Smithfield QLD 4878, Австралия",research,False,-16.8494776,145.6691575,2048,1536,no,pinnatum/inat-382750883-700469716-ivansmirnov.jpg,
Epipremnum pinnatum,382746303,https://www.inaturalist.org/observations/382746303,700453281,https://inaturalist-open-data.s3.amazonaws.com/photos/700453281/original.jpg,cc-by,"(c) M Rutherford, some rights reserved (CC BY)",lobotaniser,M Rutherford,2026-07-13,"Va'a-o-Fonoti, Samoa",needs_id,False,-13.9552416667,-171.51986,1536,2048,no,pinnatum/inat-382746303-700453281-lobotaniser.jpg,
Epipremnum pinnatum,382554375,https://www.inaturalist.org/observations/382554375,700096399,https://inaturalist-open-data.s3.amazonaws.com/photos/700096399/original.jpg,cc-by-nc,"(c) usaviah, some rights reserved (CC BY-NC)",usaviah,,2026-07-18,"臺灣島, 美濃區, 高雄市, TW",research,False,22.9312320043,120.5968422637,2048,1536,no,pinnatum/inat-382554375-700096399-usaviah.jpg,
Epipremnum pinnatum,382521214,https://www.inaturalist.org/observations/382521214,700031421,https://inaturalist-open-data.s3.amazonaws.com/photos/700031421/original.jpg,cc-by-nc,"(c) liushengyu, some rights reserved (CC BY-NC)",liushengyu,liushengyu,2026-07-18,363台灣苗栗縣公館鄉,research,False,24.4597055556,120.8394555556,1536,2048,no,pinnatum/inat-382521214-700031421-liushengyu.jpg,
Epipremnum pinnatum,382347564,https://www.inaturalist.org/observations/382347564,699697063,https://inaturalist-open-data.s3.amazonaws.com/photos/699697063/original.jpg,cc-by-nc,"(c) navyavyas, some rights reserved (CC BY-NC)",navyavyas,,2026-07-17,"St Xaviers School Road, Ahmedabad, Gujarat, IN",research,False,23.0331333333,72.5518416667,1536,2048,no,pinnatum/inat-382347564-699697063-navyavyas.jpg,
Epipremnum pinnatum,382347564,https://www.inaturalist.org/observations/382347564,699697064,https://inaturalist-open-data.s3.amazonaws.com/photos/699697064/original.jpg,cc-by-nc,"(c) navyavyas, some rights reserved (CC BY-NC)",navyavyas,,2026-07-17,"St Xaviers School Road, Ahmedabad, Gujarat, IN",research,False,23.0331333333,72.5518416667,1536,2048,no,pinnatum/inat-382347564-699697064-navyavyas.jpg,
Epipremnum pinnatum,382225251,https://www.inaturalist.org/observations/382225251,699468390,https://static.inaturalist.org/photos/699468390/original.jpg,all-rights-reserved,"(c) 周明煌, all rights reserved",tony2148,周明煌,2026-07-17,600台灣嘉義市東區鹿寮里,research,False,23.4744978,120.4929891,1536,2048,no,pinnatum/inat-382225251-699468390-tony2148.jpg,
Epipremnum pinnatum,382209999,https://www.inaturalist.org/observations/382209999,699438086,https://static.inaturalist.org/photos/699438086/original.jpg,all-rights-reserved,"(c) 周明煌, all rights reserved",tony2148,周明煌,2026-07-17,600台灣嘉義市東區鹿寮里,research,False,23.4744355997,120.4929903,1536,2048,no,pinnatum/inat-382209999-699438086-tony2148.jpg,
Epipremnum pinnatum,382209114,https://www.inaturalist.org/observations/382209114,699436149,https://inaturalist-open-data.s3.amazonaws.com/photos/699436149/original.jpg,cc-by-nc,"(c) pratyeka, some rights reserved (CC BY-NC)",pratyeka,,2026-07-17,"Candikuning, Baturiti, Tabanan Regency, Bali, Indonesia",needs_id,False,-8.2727667997,115.1519353,946,2048,no,pinnatum/inat-382209114-699436149-pratyeka.jpg,
Epipremnum pinnatum,382209114,https://www.inaturalist.org/observations/382209114,699436178,https://inaturalist-open-data.s3.amazonaws.com/photos/699436178/original.jpg,cc-by-nc,"(c) pratyeka, some rights reserved (CC BY-NC)",pratyeka,,2026-07-17,"Candikuning, Baturiti, Tabanan Regency, Bali, Indonesia",needs_id,False,-8.2727667997,115.1519353,946,2048,no,pinnatum/inat-382209114-699436178-pratyeka.jpg,
Epipremnum pinnatum,382209114,https://www.inaturalist.org/observations/382209114,699436205,https://inaturalist-open-data.s3.amazonaws.com/photos/699436205/original.jpg,cc-by-nc,"(c) pratyeka, some rights reserved (CC BY-NC)",pratyeka,,2026-07-17,"Candikuning, Baturiti, Tabanan Regency, Bali, Indonesia",needs_id,False,-8.2727667997,115.1519353,946,2048,no,pinnatum/inat-382209114-699436205-pratyeka.jpg,
Epipremnum pinnatum,382209114,https://www.inaturalist.org/observations/382209114,699436232,https://inaturalist-open-data.s3.amazonaws.com/photos/699436232/original.jpg,cc-by-nc,"(c) pratyeka, some rights reserved (CC BY-NC)",pratyeka,,2026-07-17,"Candikuning, Baturiti, Tabanan Regency, Bali, Indonesia",needs_id,False,-8.2727667997,115.1519353,946,2048,no,pinnatum/inat-382209114-699436232-pratyeka.jpg,
Epipremnum pinnatum,381958671,https://www.inaturalist.org/observations/381958671,698953732,https://static.inaturalist.org/photos/698953732/original.jpg,all-rights-reserved,"(c) 周明煌, all rights reserved",tony2148,周明煌,2026-07-16,600台灣嘉義市東區民權五福街口[幸福巴士],research,False,23.4838953,120.4674586,1536,2048,no,pinnatum/inat-381958671-698953732-tony2148.jpg,
Epipremnum pinnatum,381858301,https://www.inaturalist.org/observations/381858301,698757514,https://inaturalist-open-data.s3.amazonaws.com/photos/698757514/original.jpg,cc-by-nc,"(c) Zana Cobhita, some rights reserved (CC BY-NC)",zanacobhita,Zana Cobhita,2026-07-16,"Jalan Fatahillah 2, Depok, West Java, ID",needs_id,False,-6.3672583333,106.8020783333,1152,2048,no,pinnatum/inat-381858301-698757514-zanacobhita.jpg,
Epipremnum pinnatum,381858301,https://www.inaturalist.org/observations/381858301,698757513,https://inaturalist-open-data.s3.amazonaws.com/photos/698757513/original.jpg,cc-by-nc,"(c) Zana Cobhita, some rights reserved (CC BY-NC)",zanacobhita,Zana Cobhita,2026-07-16,"Jalan Fatahillah 2, Depok, West Java, ID",needs_id,False,-6.3672583333,106.8020783333,1152,2048,no,pinnatum/inat-381858301-698757513-zanacobhita.jpg,
Epipremnum pinnatum,381710725,https://www.inaturalist.org/observations/381710725,698472277,https://inaturalist-open-data.s3.amazonaws.com/photos/698472277/original.jpg,cc-by-nc,"(c) Jackson Dittrich, some rights reserved (CC BY-NC)",hoogentack,Jackson Dittrich,2026-07-15,"Calle del Sol, San Juan, PR, US",needs_id,False,18.4659190317,-66.1200607406,1152,2048,no,pinnatum/inat-381710725-698472277-hoogentack.jpg,
Epipremnum pinnatum,381639789,https://www.inaturalist.org/observations/381639789,698335706,https://inaturalist-open-data.s3.amazonaws.com/photos/698335706/original.jpg,cc-by-nc,"(c) kalikasam, some rights reserved (CC BY-NC)",kalikasam,,2026-07-15,"Hon. Benito Soliven Avenue, Pasig, Metro Manila, PH",research,False,14.6065133333,121.1015778333,1536,2048,no,pinnatum/inat-381639789-698335706-kalikasam.jpg,
Epipremnum pinnatum,381639789,https://www.inaturalist.org/observations/381639789,698335711,https://inaturalist-open-data.s3.amazonaws.com/photos/698335711/original.jpg,cc-by-nc,"(c) kalikasam, some rights reserved (CC BY-NC)",kalikasam,,2026-07-15,"Hon. Benito Soliven Avenue, Pasig, Metro Manila, PH",research,False,14.6065133333,121.1015778333,1536,2048,no,pinnatum/inat-381639789-698335711-kalikasam.jpg,
Epipremnum pinnatum,381639789,https://www.inaturalist.org/observations/381639789,698335705,https://inaturalist-open-data.s3.amazonaws.com/photos/698335705/original.jpg,cc-by-nc,"(c) kalikasam, some rights reserved (CC BY-NC)",kalikasam,,2026-07-15,"Hon. Benito Soliven Avenue, Pasig, Metro Manila, PH",research,False,14.6065133333,121.1015778333,1536,2048,no,pinnatum/inat-381639789-698335705-kalikasam.jpg,
Epipremnum pinnatum,381639789,https://www.inaturalist.org/observations/381639789,698335708,https://inaturalist-open-data.s3.amazonaws.com/photos/698335708/original.jpg,cc-by-nc,"(c) kalikasam, some rights reserved (CC BY-NC)",kalikasam,,2026-07-15,"Hon. Benito Soliven Avenue, Pasig, Metro Manila, PH",research,False,14.6065133333,121.1015778333,1536,2048,no,pinnatum/inat-381639789-698335708-kalikasam.jpg,
Epipremnum pinnatum,381639789,https://www.inaturalist.org/observations/381639789,698335713,https://inaturalist-open-data.s3.amazonaws.com/photos/698335713/original.jpg,cc-by-nc,"(c) kalikasam, some rights reserved (CC BY-NC)",kalikasam,,2026-07-15,"Hon. Benito Soliven Avenue, Pasig, Metro Manila, PH",research,False,14.6065133333,121.1015778333,1536,2048,no,pinnatum/inat-381639789-698335713-kalikasam.jpg,
Epipremnum pinnatum,381638762,https://www.inaturalist.org/observations/381638762,698333954,https://inaturalist-open-data.s3.amazonaws.com/photos/698333954/original.jpg,cc-by-nc,"(c) jostockton, some rights reserved (CC BY-NC)",jostockton,,2026-07-12,"Collins Ave, Edge Hill, QLD, AU",needs_id,False,-16.900505,145.7488383333,1536,2048,no,pinnatum/inat-381638762-698333954-jostockton.jpg,
Epipremnum pinnatum,381617500,https://www.inaturalist.org/observations/381617500,698292286,https://inaturalist-open-data.s3.amazonaws.com/photos/698292286/original.jpg,cc-by-nc,"(c) pratyeka, some rights reserved (CC BY-NC)",pratyeka,,2026-07-15,"R8G3+2H, Bantang, Kintamani, Bangli Regency, Bali 80652, Indonesia",needs_id,False,-8.1760857997,115.3017279,379,606,no,pinnatum/inat-381617500-698292286-pratyeka.jpg,
Epipremnum pinnatum,381617500,https://www.inaturalist.org/observations/381617500,698292323,https://inaturalist-open-data.s3.amazonaws.com/photos/698292323/original.jpg,cc-by-nc,"(c) pratyeka, some rights reserved (CC BY-NC)",pratyeka,,2026-07-15,"R8G3+2H, Bantang, Kintamani, Bangli Regency, Bali 80652, Indonesia",needs_id,False,-8.1760857997,115.3017279,2048,946,no,pinnatum/inat-381617500-698292323-pratyeka.jpg,
Epipremnum pinnatum,381600833,https://www.inaturalist.org/observations/381600833,698260804,https://inaturalist-open-data.s3.amazonaws.com/photos/698260804/original.jpg,cc-by,"(c) avocat, some rights reserved (CC BY)",avocat,,2026-06-09,"Kairuku-Hiri District, Central Province, Papua New Guinea",needs_id,False,-9.4363416667,147.364669445,1762,2048,no,pinnatum/inat-381600833-698260804-avocat.jpg,
Epipremnum pinnatum,381514384,https://www.inaturalist.org/observations/381514384,698089693,https://static.inaturalist.org/photos/698089693/original.jpg,all-rights-reserved,"(c) 周明煌, all rights reserved",tony2148,周明煌,2026-07-13,607台灣嘉義縣大埔鄉西興村,research,False,23.2304782,120.5390594997,1536,2048,no,pinnatum/inat-381514384-698089693-tony2148.jpg,
Epipremnum pinnatum,381276502,https://www.inaturalist.org/observations/381276502,697629238,https://inaturalist-open-data.s3.amazonaws.com/photos/697629238/original.jpg,cc-by-nc,"(c) 歐陽秀華, some rights reserved (CC BY-NC)",sh1025,歐陽秀華,2026-07-14,"Chiayi County, TW-TA, TW",research,False,23.3837638889,120.5943861111,921,2048,no,pinnatum/inat-381276502-697629238-sh1025.jpg,
Epipremnum pinnatum,381273334,https://www.inaturalist.org/observations/381273334,697694312,https://inaturalist-open-data.s3.amazonaws.com/photos/697694312/original.jpg,cc-by-nc,"(c) 歐陽秀華, some rights reserved (CC BY-NC)",sh1025,歐陽秀華,2026-07-14,"Chiayi County, TW-TA, TW",research,False,23.3770416667,120.5907633333,924,2048,no,pinnatum/inat-381273334-697694312-sh1025.jpg,
Epipremnum pinnatum,381269125,https://www.inaturalist.org/observations/381269125,697614352,https://static.inaturalist.org/photos/697614352/original.jpg,all-rights-reserved,"(c) 古國順, all rights reserved",ku6777,古國順,2026-07-14,606台灣嘉義縣中埔鄉內蕉子湖,research,False,23.3844685,120.5784539,1536,2048,no,pinnatum/inat-381269125-697614352-ku6777.jpg,
Epipremnum pinnatum,381265923,https://www.inaturalist.org/observations/381265923,697607645,https://static.inaturalist.org/photos/697607645/original.jpg,all-rights-reserved,"(c) 古國順, all rights reserved",ku6777,古國順,2026-07-14,606台灣嘉義縣中埔鄉石硦村,research,False,23.38379,120.59428,1536,2048,no,pinnatum/inat-381265923-697607645-ku6777.jpg,
Epipremnum pinnatum,381242938,https://www.inaturalist.org/observations/381242938,697610814,https://static.inaturalist.org/photos/697610814/original.jpg,all-rights-reserved,"(c) 古國順, all rights reserved",ku6777,古國順,2026-07-14,"Chiayi County, TW-TA, TW",research,False,23.3803116667,120.5870166667,1536,2048,no,pinnatum/inat-381242938-697610814-ku6777.jpg,
Epipremnum pinnatum,381228714,https://www.inaturalist.org/observations/381228714,697535035,https://static.inaturalist.org/photos/697535035/original.jpg,all-rights-reserved,"(c) 古國順, all rights reserved",ku6777,古國順,2026-07-14,606台灣嘉義縣中埔鄉中崙村,research,False,23.3733333333,120.5848616667,1536,2048,no,pinnatum/inat-381228714-697535035-ku6777.jpg,
Epipremnum pinnatum,380940472,https://www.inaturalist.org/observations/380940472,696980355,https://static.inaturalist.org/photos/696980355/original.jpg,all-rights-reserved,"(c) Thanakit Suparat, all rights reserved",thanakitsuparat,Thanakit Suparat,2026-06-11,ซอย โยธาธิการ ตำบล หมูสี อำเภอปากช่อง นครราชสีมา 30130 ประเทศไทย,research,False,14.5479302,101.4199419,2048,1536,no,pinnatum/inat-380940472-696980355-thanakitsuparat.jpg,
Epipremnum pinnatum,380913607,https://www.inaturalist.org/observations/380913607,696925515,https://inaturalist-open-data.s3.amazonaws.com/photos/696925515/original.jpg,cc-by-nc,"(c) 歐陽秀華, some rights reserved (CC BY-NC)",sh1025,歐陽秀華,2026-07-13,733台灣臺南市東山區南勢里7G67+PW,research,False,23.2618583333,120.5148733333,924,2048,no,pinnatum/inat-380913607-696925515-sh1025.jpg,
Epipremnum pinnatum,380880652,https://www.inaturalist.org/observations/380880652,696859808,https://inaturalist-open-data.s3.amazonaws.com/photos/696859808/original.jpg,cc-by-nc,"(c) 歐陽秀華, some rights reserved (CC BY-NC)",sh1025,歐陽秀華,2026-07-13,733台灣臺南市東山區凍腳,research,False,23.2735366667,120.5083333333,924,2048,no,pinnatum/inat-380880652-696859808-sh1025.jpg,
Epipremnum pinnatum,380880339,https://www.inaturalist.org/observations/380880339,696859060,https://static.inaturalist.org/photos/696859060/original.jpg,all-rights-reserved,"(c) 古國順, all rights reserved",ku6777,古國順,2026-07-13,733台灣臺南市東山區凍腳,research,False,23.2735,120.5083683333,1536,2048,no,pinnatum/inat-380880339-696859060-ku6777.jpg,
Epipremnum pinnatum,380605989,https://www.inaturalist.org/observations/380605989,696331745,https://static.inaturalist.org/photos/696331745/original.jpg,all-rights-reserved,"(c) 米嬸, all rights reserved",miaunt,米嬸,2026-07-05,353台灣苗栗縣南庄鄉蓬萊村53之6號,research,False,24.5496444444,120.9716777778,1152,2048,no,pinnatum/inat-380605989-696331745-miaunt.jpg,
Epipremnum pinnatum,380555917,https://www.inaturalist.org/observations/380555917,696235075,https://inaturalist-open-data.s3.amazonaws.com/photos/696235075/original.jpg,cc-by-nc,"(c) Marita Sydes, some rights reserved (CC BY-NC)",msydes,Marita Sydes,2026-07-11,"Cairns Botanic Gardens, Edge Hill, QLD, AU",needs_id,False,-16.90097,145.7498783333,1536,2048,no,pinnatum/inat-380555917-696235075-msydes.jpg,
Epipremnum pinnatum,380555917,https://www.inaturalist.org/observations/380555917,696235110,https://inaturalist-open-data.s3.amazonaws.com/photos/696235110/original.jpg,cc-by-nc,"(c) Marita Sydes, some rights reserved (CC BY-NC)",msydes,Marita Sydes,2026-07-11,"Cairns Botanic Gardens, Edge Hill, QLD, AU",needs_id,False,-16.90097,145.7498783333,1536,2048,no,pinnatum/inat-380555917-696235110-msydes.jpg,
Epipremnum pinnatum,380409165,https://www.inaturalist.org/observations/380409165,695949237,https://inaturalist-open-data.s3.amazonaws.com/photos/695949237/original.jpg,cc-by-sa,"(c) cristianol1456, some rights reserved (CC BY-SA)",cristianol1456,,2026-07-11,Bica Parque Zoobotânico Arruda Câmara,research,False,-7.1140469534,-34.8772174492,1152,2048,no,pinnatum/inat-380409165-695949237-cristianol1456.jpg,
Epipremnum pinnatum,380409165,https://www.inaturalist.org/observations/380409165,695949307,https://inaturalist-open-data.s3.amazonaws.com/photos/695949307/original.jpg,cc-by-sa,"(c) cristianol1456, some rights reserved (CC BY-SA)",cristianol1456,,2026-07-11,Bica Parque Zoobotânico Arruda Câmara,research,False,-7.1140469534,-34.8772174492,1152,2048,no,pinnatum/inat-380409165-695949307-cristianol1456.jpg,
Epipremnum pinnatum,380409165,https://www.inaturalist.org/observations/380409165,695949450,https://inaturalist-open-data.s3.amazonaws.com/photos/695949450/original.jpg,cc-by-sa,"(c) cristianol1456, some rights reserved (CC BY-SA)",cristianol1456,,2026-07-11,Bica Parque Zoobotânico Arruda Câmara,research,False,-7.1140469534,-34.8772174492,1152,2048,no,pinnatum/inat-380409165-695949450-cristianol1456.jpg,
Epipremnum pinnatum,380409165,https://www.inaturalist.org/observations/380409165,695949505,https://inaturalist-open-data.s3.amazonaws.com/photos/695949505/original.jpg,cc-by-sa,"(c) cristianol1456, some rights reserved (CC BY-SA)",cristianol1456,,2026-07-11,Bica Parque Zoobotânico Arruda Câmara,research,False,-7.1140469534,-34.8772174492,1152,2048,no,pinnatum/inat-380409165-695949505-cristianol1456.jpg,
Epipremnum pinnatum,380275224,https://www.inaturalist.org/observations/380275224,695698427,https://inaturalist-open-data.s3.amazonaws.com/photos/695698427/original.jpg,cc-by,"(c) Gabriel, some rights reserved (CC BY)",miqeri,Gabriel,2026-07-10,"Bulusan Lake Footway, Bulusan, Bicol, PH",needs_id,False,12.7504916667,124.0946971667,1726,1726,no,pinnatum/inat-380275224-695698427-miqeri.jpg,
Epipremnum pinnatum,380007477,https://www.inaturalist.org/observations/380007477,695171198,https://static.inaturalist.org/photos/695171198/original.jpg,all-rights-reserved,"(c) 米嬸, all rights reserved",miaunt,米嬸,2026-07-03,314台灣新竹縣北埔鄉外坪村,research,False,24.6357361385,121.0743349046,1152,2048,no,pinnatum/inat-380007477-695171198-miaunt.jpg,
Epipremnum pinnatum,379963327,https://www.inaturalist.org/observations/379963327,695087436,https://inaturalist-open-data.s3.amazonaws.com/photos/695087436/original.jpg,cc-by-nc,"(c) puputgemoi, some rights reserved (CC BY-NC)",puputgemoi,,2026-07-09,"Sleman Regency, Special Region of Yogyakarta, Indonesia",needs_id,False,-7.588987,110.421303,960,1280,no,pinnatum/inat-379963327-695087436-puputgemoi.jpg,
Epipremnum pinnatum,379638826,https://www.inaturalist.org/observations/379638826,694458932,https://inaturalist-open-data.s3.amazonaws.com/photos/694458932/original.jpg,cc-by-nc,"(c) Linus Brinker, some rights reserved (CC BY-NC)",aeithalis,Linus Brinker,2026-07-09,"Lake Eacham, QLD, AU",research,False,-17.2818716667,145.62732,1536,2048,no,pinnatum/inat-379638826-694458932-aeithalis.jpg,
Epipremnum pinnatum,379636061,https://www.inaturalist.org/observations/379636061,694453334,https://inaturalist-open-data.s3.amazonaws.com/photos/694453334/original.jpg,cc-by-nc,"(c) Linus Brinker, some rights reserved (CC BY-NC)",aeithalis,Linus Brinker,2026-07-09,"Lake Eacham, QLD, AU",research,False,-17.28635,145.621445,1536,2048,no,pinnatum/inat-379636061-694453334-aeithalis.jpg,
Epipremnum pinnatum,379635978,https://www.inaturalist.org/observations/379635978,694453162,https://inaturalist-open-data.s3.amazonaws.com/photos/694453162/original.jpg,cc-by-nc,"(c) Linus Brinker, some rights reserved (CC BY-NC)",aeithalis,Linus Brinker,2026-07-09,"Lake Eacham, QLD, AU",research,False,-17.28703,145.621855,1536,2048,no,pinnatum/inat-379635978-694453162-aeithalis.jpg,
Epipremnum pinnatum,379627195,https://www.inaturalist.org/observations/379627195,694436229,https://static.inaturalist.org/photos/694436229/original.jpg,all-rights-reserved,"(c) Yi-ting Liao, all rights reserved",naturalist55604,Yi-ting Liao,2026-07-09,553台灣南投縣水里鄉玉峰村,research,False,23.8085222222,120.8339222222,1536,2048,no,pinnatum/inat-379627195-694436229-naturalist55604.jpg,
Epipremnum pinnatum,379532335,https://www.inaturalist.org/observations/379532335,694249937,https://inaturalist-open-data.s3.amazonaws.com/photos/694249937/original.jpg,cc-by-nc,"(c) Linus Brinker, some rights reserved (CC BY-NC)",aeithalis,Linus Brinker,2026-07-08,"Wooroonooran, QLD, AU",research,False,-17.6113,145.79425,1536,2048,no,pinnatum/inat-379532335-694249937-aeithalis.jpg,
Epipremnum pinnatum,379532335,https://www.inaturalist.org/observations/379532335,694249950,https://inaturalist-open-data.s3.amazonaws.com/photos/694249950/original.jpg,cc-by-nc,"(c) Linus Brinker, some rights reserved (CC BY-NC)",aeithalis,Linus Brinker,2026-07-08,"Wooroonooran, QLD, AU",research,False,-17.6113,145.79425,1536,2048,no,pinnatum/inat-379532335-694249950-aeithalis.jpg,
Epipremnum pinnatum,379332004,https://www.inaturalist.org/observations/379332004,693869650,https://static.inaturalist.org/photos/693869650/original.jpg,all-rights-reserved,"(c) Tim Hogan, all rights reserved",tim1466,Tim Hogan,2026-07-05,"Xiaoyi Village, Wulai District, New Taipei City, Taiwan 233",research,False,24.8445064944,121.6108454389,1153,2048,no,pinnatum/inat-379332004-693869650-tim1466.jpg,
Epipremnum pinnatum,379318147,https://www.inaturalist.org/observations/379318147,693843171,https://static.inaturalist.org/photos/693843171/original.jpg,all-rights-reserved,"(c) 古國順, all rights reserved",ku6777,古國順,2026-07-08,646台灣雲林縣古坑鄉桂林村1-15號,research,False,23.59641,120.6150916667,1536,2048,no,pinnatum/inat-379318147-693843171-ku6777.jpg,
Epipremnum pinnatum,379265870,https://www.inaturalist.org/observations/379265870,693738074,https://inaturalist-open-data.s3.amazonaws.com/photos/693738074/original.jpg,cc-by-nc,"(c) 歐陽秀華, some rights reserved (CC BY-NC)",sh1025,歐陽秀華,2026-07-08,646台灣雲林縣古坑鄉華山咖啡大街,research,False,23.5939566667,120.599805,924,2048,no,pinnatum/inat-379265870-693738074-sh1025.jpg,
Epipremnum pinnatum,379207853,https://www.inaturalist.org/observations/379207853,693623133,https://static.inaturalist.org/photos/693623133/original.jpg,all-rights-reserved,"(c) Ken Shih, all rights reserved",kenshih,Ken Shih,2026-07-08,Zhongshan District,research,False,25.0815944672,121.5282516479,1152,2048,no,pinnatum/inat-379207853-693623133-kenshih.jpg,
Epipremnum pinnatum,379020027,https://www.inaturalist.org/observations/379020027,693265303,https://inaturalist-open-data.s3.amazonaws.com/photos/693265303/original.jpg,cc-by-nc,"(c) 陳品君, some rights reserved (CC BY-NC)",naturalist151837,陳品君,2026-07-07,976台灣花蓮縣光復鄉東富村,research,False,23.6542316667,121.458325,1542,2048,no,pinnatum/inat-379020027-693265303-naturalist151837.jpg,
Epipremnum pinnatum,378569270,https://www.inaturalist.org/observations/378569270,692388262,https://inaturalist-open-data.s3.amazonaws.com/photos/692388262/original.jpg,cc-by-nc,"(c) Marita Sydes, some rights reserved (CC BY-NC)",msydes,Marita Sydes,2026-07-05,"Great Barrier Reef, Dunk, QLD, AU",research,False,-17.9345966667,146.1448055,1536,2048,no,pinnatum/inat-378569270-692388262-msydes.jpg,
Epipremnum pinnatum,378569270,https://www.inaturalist.org/observations/378569270,692388479,https://inaturalist-open-data.s3.amazonaws.com/photos/692388479/original.jpg,cc-by-nc,"(c) Marita Sydes, some rights reserved (CC BY-NC)",msydes,Marita Sydes,2026-07-05,"Great Barrier Reef, Dunk, QLD, AU",research,False,-17.9345966667,146.1448055,1536,2048,no,pinnatum/inat-378569270-692388479-msydes.jpg,
Epipremnum pinnatum,378569270,https://www.inaturalist.org/observations/378569270,692389099,https://inaturalist-open-data.s3.amazonaws.com/photos/692389099/original.jpg,cc-by-nc,"(c) Marita Sydes, some rights reserved (CC BY-NC)",msydes,Marita Sydes,2026-07-05,"Great Barrier Reef, Dunk, QLD, AU",research,False,-17.9345966667,146.1448055,1536,2048,no,pinnatum/inat-378569270-692389099-msydes.jpg,
Epipremnum pinnatum,378397562,https://www.inaturalist.org/observations/378397562,692059772,https://inaturalist-open-data.s3.amazonaws.com/photos/692059772/original.jpg,cc-by-nc,"(c) 連亮惟, some rights reserved (CC BY-NC)",abies_kawakamii,連亮惟,2026-07-05,"蘭嶼, 蘭嶼鄉, 臺東縣, TW",research,False,22.0042027833,121.5829383333,1536,2048,no,pinnatum/inat-378397562-692059772-abies_kawakamii.jpg,
Epipremnum pinnatum,378397562,https://www.inaturalist.org/observations/378397562,692059854,https://inaturalist-open-data.s3.amazonaws.com/photos/692059854/original.jpg,cc-by-nc,"(c) 連亮惟, some rights reserved (CC BY-NC)",abies_kawakamii,連亮惟,2026-07-05,"蘭嶼, 蘭嶼鄉, 臺東縣, TW",research,False,22.0042027833,121.5829383333,1536,2048,no,pinnatum/inat-378397562-692059854-abies_kawakamii.jpg,
Epipremnum pinnatum,378099666,https://www.inaturalist.org/observations/378099666,691483991,https://static.inaturalist.org/photos/691483991/original.jpg,all-rights-reserved,"(c) ihenglan, all rights reserved",ihenglan,,2026-07-04,952台灣臺東縣蘭嶼鄉雙獅岩,research,False,22.0829899,121.566462,1536,2048,no,pinnatum/inat-378099666-691483991-ihenglan.jpg,
Epipremnum pinnatum,377979866,https://www.inaturalist.org/observations/377979866,691259119,https://inaturalist-open-data.s3.amazonaws.com/photos/691259119/original.jpg,cc-by-nc,"(c) Rene, some rights reserved (CC BY-NC)",rvraders,Rene,2026-07-04,"Danbulla QLD 4872, Australia",research,False,-17.1775305556,145.6590111111,1536,2048,no,pinnatum/inat-377979866-691259119-rvraders.jpg,
Epipremnum pinnatum,377930582,https://www.inaturalist.org/observations/377930582,691165942,https://inaturalist-open-data.s3.amazonaws.com/photos/691165942/original.jpg,cc-by-nc,"(c) 方偉宇, some rights reserved (CC BY-NC)",naturalist184225,方偉宇,2026-07-02,"臺灣島, 烏來區, 新北市, TW",research,False,24.8471166667,121.585105,2048,1536,no,pinnatum/inat-377930582-691165942-naturalist184225.jpg,
Epipremnum pinnatum,377710603,https://www.inaturalist.org/observations/377710603,690738822,https://static.inaturalist.org/photos/690738822/original.jpg,all-rights-reserved,"(c) 周明煌, all rights reserved",tony2148,周明煌,2026-06-28,233台灣新北市烏來區信賢里,research,False,24.8309262,121.5295947,2048,1536,no,pinnatum/inat-377710603-690738822-tony2148.jpg,
Epipremnum pinnatum,377688428,https://www.inaturalist.org/observations/377688428,690697487,https://inaturalist-open-data.s3.amazonaws.com/photos/690697487/original.jpg,cc-by-nc,"(c) 方偉宇, some rights reserved (CC BY-NC)",naturalist184225,方偉宇,2026-07-03,"臺灣島, 雙溪區, 新北市, TW",research,False,24.9299366667,121.8155216667,1536,2048,no,pinnatum/inat-377688428-690697487-naturalist184225.jpg,
Epipremnum pinnatum,377648843,https://www.inaturalist.org/observations/377648843,690622955,https://static.inaturalist.org/photos/690622955/original.jpg,all-rights-reserved,"(c) Chadley Beranek, all rights reserved",chadprirodaberachester,Chadley Beranek,2026-06-30,"C64V+5RR, Manga'asi, Vanuatu",research,False,-17.5950601997,168.2466043997,1536,2048,no,pinnatum/inat-377648843-690622955-chadprirodaberachester.jpg,
Epipremnum pinnatum,377633965,https://www.inaturalist.org/observations/377633965,690580402,https://inaturalist-open-data.s3.amazonaws.com/photos/690580402/original.jpg,cc-by-nc,"(c) Penny Wang, some rights reserved (CC BY-NC)",pennywang,Penny Wang,2026-04-23,"New Taipei, New Taipei City, Taiwan",research,False,25.0411895,121.4156225,2048,1536,no,pinnatum/inat-377633965-690580402-pennywang.jpg,
Epipremnum pinnatum,377633965,https://www.inaturalist.org/observations/377633965,690580396,https://inaturalist-open-data.s3.amazonaws.com/photos/690580396/original.jpg,cc-by-nc,"(c) Penny Wang, some rights reserved (CC BY-NC)",pennywang,Penny Wang,2026-04-23,"New Taipei, New Taipei City, Taiwan",research,False,25.0411895,121.4156225,2048,1536,no,pinnatum/inat-377633965-690580396-pennywang.jpg,
Epipremnum pinnatum,377380282,https://www.inaturalist.org/observations/377380282,690096507,https://static.inaturalist.org/photos/690096507/original.jpg,all-rights-reserved,"(c) jameschien, all rights reserved",jameschien,,2026-07-02,台灣臺北,research,False,25.0905541775,121.5814442255,2048,1365,no,pinnatum/inat-377380282-690096507-jameschien.jpg,
Epipremnum pinnatum,376984827,https://www.inaturalist.org/observations/376984827,689330701,https://inaturalist-open-data.s3.amazonaws.com/photos/689330701/original.jpg,cc-by-nc,"(c) jg2030, some rights reserved (CC BY-NC)",jg2030,,2025-10-18,"Sanxia District, New Taipei City, TW",research,False,24.8478237574,121.4522832144,1152,2048,no,pinnatum/inat-376984827-689330701-jg2030.jpg,
Epipremnum pinnatum,376933525,https://www.inaturalist.org/observations/376933525,689230104,https://static.inaturalist.org/photos/689230104/original.jpg,all-rights-reserved,"(c) Phillip Gillette, all rights reserved",phillipgillette,Phillip Gillette,2026-06-29,"110, Taiwan, Taipei City, Xinyi District, Sanli Village, 雲頂一座",research,False,25.0274606,121.5710868997,1153,2048,no,pinnatum/inat-376933525-689230104-phillipgillette.jpg,
Epipremnum pinnatum,376832715,https://www.inaturalist.org/observations/376832715,689040254,https://inaturalist-open-data.s3.amazonaws.com/photos/689040254/original.jpg,cc-by-nc,"(c) Chiara, some rights reserved (CC BY-NC)",chiara_wllr,Chiara,2026-02-20,"Diwan QLD 4873, Australien",research,False,-16.213775,145.404615,1651,1253,no,pinnatum/inat-376832715-689040254-chiara_wllr.jpg,
Epipremnum pinnatum,376832715,https://www.inaturalist.org/observations/376832715,689040291,https://inaturalist-open-data.s3.amazonaws.com/photos/689040291/original.jpg,cc-by-nc,"(c) Chiara, some rights reserved (CC BY-NC)",chiara_wllr,Chiara,2026-02-20,"Diwan QLD 4873, Australien",research,False,-16.213775,145.404615,1143,1506,no,pinnatum/inat-376832715-689040291-chiara_wllr.jpg,
Epipremnum pinnatum,376781297,https://www.inaturalist.org/observations/376781297,688940661,https://inaturalist-open-data.s3.amazonaws.com/photos/688940661/original.jpg,cc-by-nc,"(c) Stargazer, some rights reserved (CC BY-NC)",skystargazer,Stargazer,2025-08-05,"Guangzhou, Guangdong, China",needs_id,False,23.18223804,113.36701334,2048,1365,no,pinnatum/inat-376781297-688940661-skystargazer.jpg,
Epipremnum pinnatum,376781297,https://www.inaturalist.org/observations/376781297,688940663,https://inaturalist-open-data.s3.amazonaws.com/photos/688940663/original.jpg,cc-by-nc,"(c) Stargazer, some rights reserved (CC BY-NC)",skystargazer,Stargazer,2025-08-05,"Guangzhou, Guangdong, China",needs_id,False,23.18223804,113.36701334,2048,1365,no,pinnatum/inat-376781297-688940663-skystargazer.jpg,
Epipremnum pinnatum,376777080,https://www.inaturalist.org/observations/376777080,688934286,https://inaturalist-open-data.s3.amazonaws.com/photos/688934286/original.jpg,cc-by-nc,"(c) Marita Sydes, some rights reserved (CC BY-NC)",msydes,Marita Sydes,2026-06-30,"Crater Lakes National Park, Lake Eacham, QLD, AU",research,False,-17.2831366667,145.6289216667,1536,2048,no,pinnatum/inat-376777080-688934286-msydes.jpg,
Epipremnum pinnatum,376777080,https://www.inaturalist.org/observations/376777080,688934381,https://inaturalist-open-data.s3.amazonaws.com/photos/688934381/original.jpg,cc-by-nc,"(c) Marita Sydes, some rights reserved (CC BY-NC)",msydes,Marita Sydes,2026-06-30,"Crater Lakes National Park, Lake Eacham, QLD, AU",research,False,-17.2831366667,145.6289216667,1536,2048,no,pinnatum/inat-376777080-688934381-msydes.jpg,
Epipremnum pinnatum,376549783,https://www.inaturalist.org/observations/376549783,688490608,https://static.inaturalist.org/photos/688490608/original.jpg,all-rights-reserved,"(c) 米嬸, all rights reserved",miaunt,米嬸,2026-06-24,353台灣苗栗縣南庄鄉東河村,research,False,24.606675,121.0519611111,1152,2048,no,pinnatum/inat-376549783-688490608-miaunt.jpg,
Epipremnum pinnatum,376524913,https://www.inaturalist.org/observations/376524913,688434823,https://inaturalist-open-data.s3.amazonaws.com/photos/688434823/original.jpg,cc-by,"(c) portioid, some rights reserved (CC BY)",portioid,portioid,2026-06-28,"Hualien, Taiwan",research,False,24.0318325328,121.5598004403,2048,1777,no,pinnatum/inat-376524913-688434823-portioid.jpg,
Epipremnum pinnatum,376501443,https://www.inaturalist.org/observations/376501443,688397048,https://inaturalist-open-data.s3.amazonaws.com/photos/688397048/original.jpg,cc-by,"(c) Gabriel, some rights reserved (CC BY)",miqeri,Gabriel,2026-06-28,"San Lorenzo Ruiz (Imelda), Bicol, PH",needs_id,False,14.0344954032,122.859433396,2048,2048,no,pinnatum/inat-376501443-688397048-miqeri.jpg,
Epipremnum pinnatum,376460708,https://www.inaturalist.org/observations/376460708,688320288,https://inaturalist-open-data.s3.amazonaws.com/photos/688320288/original.jpg,cc-by-nc,"(c) Chen Shu, some rights reserved (CC BY-NC)",chenshu,Chen Shu,2026-06-29,558台灣南投縣鹿谷鄉溪頭,research,False,23.6731194444,120.7979972222,1152,2048,no,pinnatum/inat-376460708-688320288-chenshu.jpg,
Epipremnum pinnatum,376460708,https://www.inaturalist.org/observations/376460708,688320306,https://inaturalist-open-data.s3.amazonaws.com/photos/688320306/original.jpg,cc-by-nc,"(c) Chen Shu, some rights reserved (CC BY-NC)",chenshu,Chen Shu,2026-06-29,558台灣南投縣鹿谷鄉溪頭,research,False,23.6731194444,120.7979972222,1152,2048,no,pinnatum/inat-376460708-688320306-chenshu.jpg,
Epipremnum pinnatum,376436590,https://www.inaturalist.org/observations/376436590,688271944,https://inaturalist-open-data.s3.amazonaws.com/photos/688271944/original.jpg,cc-by-nc,"(c) shiuan_86, some rights reserved (CC BY-NC)",shiuan_86,,2026-06-29,"臺灣島, 信義區, 臺北市, TW",needs_id,False,25.0225976103,121.5705425912,1536,2048,no,pinnatum/inat-376436590-688271944-shiuan_86.jpg,
Epipremnum pinnatum,376401327,https://www.inaturalist.org/observations/376401327,688195467,https://static.inaturalist.org/photos/688195467/original.jpg,all-rights-reserved,"(c) ꦩꦸꦲꦩ꧀ꦩꦢ꧀ꦕꦺꦴꦅꦫꦸꦢ꧀ꦢꦶꦱ꧀ꦄꦗ꦳ꦶꦱ꧀, all rights reserved",mchoi_azis,ꦩꦸꦲꦩ꧀ꦩꦢ꧀ꦕꦺꦴꦅꦫꦸꦢ꧀ꦢꦶꦱ꧀ꦄꦗ꦳ꦶꦱ꧀,2026-06-27,"Kudus, Jawa Tengah, Indonesia",research,False,-6.6625166667,110.9057833333,1536,2048,no,pinnatum/inat-376401327-688195467-mchoi_azis.jpg,
Epipremnum pinnatum,376195165,https://www.inaturalist.org/observations/376195165,687795145,https://inaturalist-open-data.s3.amazonaws.com/photos/687795145/original.jpg,cc-by-nc,"(c) Alex Yu, some rights reserved (CC BY-NC)",picklejar,Alex Yu,2026-06-24,"Ōgimi, Okinawa, Japan",needs_id,False,26.7045027778,128.1480861111,2048,2048,no,pinnatum/inat-376195165-687795145-picklejar.jpg,
Epipremnum pinnatum,376165909,https://www.inaturalist.org/observations/376165909,687740026,https://inaturalist-open-data.s3.amazonaws.com/photos/687740026/original.jpg,cc-by-nc-sa,"(c) 大俠, some rights reserved (CC BY-NC-SA)",kuman,大俠,2026-06-28,台灣臺北,research,False,24.9084051453,121.4239249281,2048,1536,no,pinnatum/inat-376165909-687740026-kuman.jpg,
Epipremnum pinnatum,376058961,https://www.inaturalist.org/observations/376058961,687545782,https://static.inaturalist.org/photos/687545782/original.jpg,all-rights-reserved,"(c) 王筱媛, all rights reserved",inaturalist9487,王筱媛,2026-06-28,111台灣臺北市士林區惠濟宮,research,False,25.1020248,121.5308175,1536,2048,no,pinnatum/inat-376058961-687545782-inaturalist9487.jpg,
Epipremnum pinnatum,376016019,https://www.inaturalist.org/observations/376016019,687458114,https://static.inaturalist.org/photos/687458114/original.jpg,all-rights-reserved,"(c) Billy pastihappy, all rights reserved",billy_pastihappy,Billy pastihappy,2026-06-28,"Pule Gundes II, Sidoharjo, Kec. Tepus, Kabupaten Gunungkidul, Daerah Istimewa Yogyakarta, Indonesia",research,False,-8.1464861111,110.6077,1536,2048,no,pinnatum/inat-376016019-687458114-billy_pastihappy.jpg,
Epipremnum pinnatum,376016019,https://www.inaturalist.org/observations/376016019,687458168,https://static.inaturalist.org/photos/687458168/original.jpg,all-rights-reserved,"(c) Billy pastihappy, all rights reserved",billy_pastihappy,Billy pastihappy,2026-06-28,"Pule Gundes II, Sidoharjo, Kec. Tepus, Kabupaten Gunungkidul, Daerah Istimewa Yogyakarta, Indonesia",research,False,-8.1464861111,110.6077,1536,2048,no,pinnatum/inat-376016019-687458168-billy_pastihappy.jpg,
Epipremnum pinnatum,375785413,https://www.inaturalist.org/observations/375785413,687027154,https://inaturalist-open-data.s3.amazonaws.com/photos/687027154/original.jpg,cc-by-nc,"(c) Ben G., some rights reserved (CC BY-NC)",betagamma,Ben G.,2026-06-27,"Shilin District, Taipei City, TW",research,False,25.1580278333,121.56703,1536,2048,no,pinnatum/inat-375785413-687027154-betagamma.jpg,
Epipremnum pinnatum,375772287,https://www.inaturalist.org/observations/375772287,687001517,https://static.inaturalist.org/photos/687001517/original.jpg,all-rights-reserved,"(c) 周明煌, all rights reserved",tony2148,周明煌,2026-06-27,262台灣宜蘭縣礁溪鄉玉石村,research,False,24.8386986997,121.7720134,1536,2048,no,pinnatum/inat-375772287-687001517-tony2148.jpg,
Epipremnum pinnatum,375762313,https://www.inaturalist.org/observations/375762313,686982123,https://inaturalist-open-data.s3.amazonaws.com/photos/686982123/original.jpg,cc-by-nc,"(c) carnnical, some rights reserved (CC BY-NC)",carnnical,,2026-06-27,"Kabupaten Bandung Barat, West Java, ID",needs_id,False,-6.8313173236,107.6564198129,1152,2048,no,pinnatum/inat-375762313-686982123-carnnical.jpg,
Epipremnum pinnatum,375746415,https://www.inaturalist.org/observations/375746415,686951938,https://inaturalist-open-data.s3.amazonaws.com/photos/686951938/original.jpg,cc-by,"(c) smathichong, some rights reserved (CC BY)",smathichong,,2026-06-13,"Track Fatu Leo, Kabupaten Kupang, East Nusa Tenggara, ID",research,False,-9.9528883333,123.8607033333,2048,1536,no,pinnatum/inat-375746415-686951938-smathichong.jpg,
Epipremnum pinnatum,375746415,https://www.inaturalist.org/observations/375746415,686951765,https://inaturalist-open-data.s3.amazonaws.com/photos/686951765/original.jpg,cc-by,"(c) smathichong, some rights reserved (CC BY)",smathichong,,2026-06-13,"Track Fatu Leo, Kabupaten Kupang, East Nusa Tenggara, ID",research,False,-9.9528883333,123.8607033333,1536,2048,no,pinnatum/inat-375746415-686951765-smathichong.jpg,
Epipremnum pinnatum,375486373,https://www.inaturalist.org/observations/375486373,686442695,https://inaturalist-open-data.s3.amazonaws.com/photos/686442695/original.jpg,cc-by-nc,"(c) Wich’yanan (Jay) Limparungpatthanakij, some rights reserved (CC BY-NC)",plains-wanderer,Wich’yanan (Jay) Limparungpatthanakij,2026-06-26,"Thonburirom Park, Khwaeng Bang Mot, Khet Thung Khru, Krung Thep Maha Nakhon 10140, Thailand",research,False,13.6518429722,100.491826,1536,2048,no,pinnatum/inat-375486373-686442695-plains-wanderer.jpg,
Epipremnum pinnatum,375486373,https://www.inaturalist.org/observations/375486373,686442853,https://inaturalist-open-data.s3.amazonaws.com/photos/686442853/original.jpg,cc-by-nc,"(c) Wich’yanan (Jay) Limparungpatthanakij, some rights reserved (CC BY-NC)",plains-wanderer,Wich’yanan (Jay) Limparungpatthanakij,2026-06-26,"Thonburirom Park, Khwaeng Bang Mot, Khet Thung Khru, Krung Thep Maha Nakhon 10140, Thailand",research,False,13.6518429722,100.491826,1536,2048,no,pinnatum/inat-375486373-686442853-plains-wanderer.jpg,
Epipremnum pinnatum,375478406,https://www.inaturalist.org/observations/375478406,686427132,https://inaturalist-open-data.s3.amazonaws.com/photos/686427132/original.jpg,cc-by-nc,"(c) dexter9z, some rights reserved (CC BY-NC)",dexter9z,,2026-06-26,"Borneo, Kota Kinabalu, Sabah, MY",research,False,5.9551963583,116.0435058084,1536,2048,no,pinnatum/inat-375478406-686427132-dexter9z.jpg,
Epipremnum pinnatum,375183695,https://www.inaturalist.org/observations/375183695,685845040,https://inaturalist-open-data.s3.amazonaws.com/photos/685845040/original.jpg,cc-by-nc,"(c) Ben G., some rights reserved (CC BY-NC)",betagamma,Ben G.,2026-06-25,"Lugu Township, Nantou County, TW",research,False,23.7282916667,120.788795,1536,2048,no,pinnatum/inat-375183695-685845040-betagamma.jpg,
Epipremnum pinnatum,375182966,https://www.inaturalist.org/observations/375182966,685843687,https://inaturalist-open-data.s3.amazonaws.com/photos/685843687/original.jpg,cc-by-nc,"(c) Ben G., some rights reserved (CC BY-NC)",betagamma,Ben G.,2026-06-25,"Renyi Rd, Lugu Township, Nantou County, TW",research,False,23.7298916667,120.7881616667,1536,2048,no,pinnatum/inat-375182966-685843687-betagamma.jpg,
Epipremnum pinnatum,375119822,https://www.inaturalist.org/observations/375119822,685719973,https://inaturalist-open-data.s3.amazonaws.com/photos/685719973/original.jpg,cc-by-nc,"(c) 簡淑娟, some rights reserved (CC BY-NC)",jennyjian1108,簡淑娟,2026-06-25,"臺灣島, 中正區, 基隆市, TW",research,False,25.1441630784,121.746904449,1536,2048,no,pinnatum/inat-375119822-685719973-jennyjian1108.jpg,
Epipremnum pinnatum,375095946,https://www.inaturalist.org/observations/375095946,685673869,https://static.inaturalist.org/photos/685673869/original.jpg,all-rights-reserved,"(c) 米嬸, all rights reserved",miaunt,米嬸,2026-06-19,大隘,research,False,24.6275238582,121.1014647782,1152,2048,no,pinnatum/inat-375095946-685673869-miaunt.jpg,
Epipremnum pinnatum,374818701,https://www.inaturalist.org/observations/374818701,685167163,https://static.inaturalist.org/photos/685167163/original.jpg,all-rights-reserved,"(c) 張哲綸（Che-Lun Chang）, all rights reserved",che_lun,張哲綸（Che-Lun Chang）,2026-06-24,"Taitung, TW-TA, TW",research,True,22.9464804861,121.0267576819,1536,2048,no,pinnatum/inat-374818701-685167163-che_lun.jpg,
Epipremnum pinnatum,374800509,https://www.inaturalist.org/observations/374800509,685105985,https://inaturalist-open-data.s3.amazonaws.com/photos/685105985/original.jpg,cc-by-nc,"(c) lecanorchis, some rights reserved (CC BY-NC)",lecanorchis,,2026-06-08,"Batong Malake, Los Baños, Laguna, Philippines",research,False,14.166175,121.2405138889,1542,2048,no,pinnatum/inat-374800509-685105985-lecanorchis.jpg,
Epipremnum pinnatum,374792409,https://www.inaturalist.org/observations/374792409,685090507,https://inaturalist-open-data.s3.amazonaws.com/photos/685090507/original.jpg,cc-by-nc,"(c) 簡淑娟, some rights reserved (CC BY-NC)",jennyjian1108,簡淑娟,2026-06-24,"臺灣島, 中山區, 臺北市, TW",research,False,25.0848413473,121.5482712419,1536,2048,no,pinnatum/inat-374792409-685090507-jennyjian1108.jpg,
Epipremnum pinnatum,374627622,https://www.inaturalist.org/observations/374627622,684767690,https://inaturalist-open-data.s3.amazonaws.com/photos/684767690/original.jpg,cc-by-nc,"(c) Aliaksandr Mialik, some rights reserved (CC BY-NC)",aliaksandarmialik,Aliaksandr Mialik,2026-06-23,"Ngũ Hành Sơn, VN-DA, VN",needs_id,False,16.00405222,108.26303458,1536,2048,no,pinnatum/inat-374627622-684767690-aliaksandarmialik.jpg,
Epipremnum pinnatum,374606628,https://www.inaturalist.org/observations/374606628,684729586,https://static.inaturalist.org/photos/684729586/original.jpg,all-rights-reserved,"(c) 周明煌, all rights reserved",tony2148,周明煌,2026-06-22,237台灣新北市三峽區有木里,research,False,24.8192592,121.4533906997,1536,2048,no,pinnatum/inat-374606628-684729586-tony2148.jpg,
Epipremnum pinnatum,374491583,https://www.inaturalist.org/observations/374491583,684508178,https://static.inaturalist.org/photos/684508178/original.jpg,all-rights-reserved,"(c) 古國順, all rights reserved",ku6777,古國順,2026-06-23,264台灣宜蘭縣員山鄉下粗溪口,research,False,24.7065233333,121.6596066667,1536,2048,no,pinnatum/inat-374491583-684508178-ku6777.jpg,
Epipremnum pinnatum,374488634,https://www.inaturalist.org/observations/374488634,684499912,https://inaturalist-open-data.s3.amazonaws.com/photos/684499912/original.jpg,cc-by-nc,"(c) lecanorchis, some rights reserved (CC BY-NC)",lecanorchis,,2026-06-05,"Zabali, Baler, Aurora, Philippines",research,False,15.7400361111,121.571675,1542,2048,no,pinnatum/inat-374488634-684499912-lecanorchis.jpg,
Epipremnum pinnatum,374450426,https://www.inaturalist.org/observations/374450426,684428839,https://static.inaturalist.org/photos/684428839/original.jpg,all-rights-reserved,"(c) 周明煌, all rights reserved",tony2148,周明煌,2026-06-22,237台灣新北市三峽區RCCX+VM,research,False,24.8217661,121.4492017,1536,2048,no,pinnatum/inat-374450426-684428839-tony2148.jpg,
Epipremnum pinnatum,374388512,https://www.inaturalist.org/observations/374388512,684304173,https://static.inaturalist.org/photos/684304173/original.jpg,all-rights-reserved,"(c) 古國順, all rights reserved",ku6777,古國順,2026-06-22,"New Taipei, TW-NT-TP, TW",research,False,24.903435,121.765315,1536,2048,no,pinnatum/inat-374388512-684304173-ku6777.jpg,
Epipremnum pinnatum,374228344,https://www.inaturalist.org/observations/374228344,683994536,https://static.inaturalist.org/photos/683994536/original.jpg,all-rights-reserved,"(c) 古國順, all rights reserved",ku6777,古國順,2026-06-22,232台灣新北市坪林區協德宮牌樓[新巴士],research,False,24.9325216667,121.7074983333,1536,2048,no,pinnatum/inat-374228344-683994536-ku6777.jpg,
Epipremnum pinnatum,374143716,https://www.inaturalist.org/observations/374143716,683824955,https://static.inaturalist.org/photos/683824955/original.jpg,all-rights-reserved,"(c) ꦩꦸꦲꦩ꧀ꦩꦢ꧀ꦕꦺꦴꦅꦫꦸꦢ꧀ꦢꦶꦱ꧀ꦄꦗ꦳ꦶꦱ꧀, all rights reserved",mchoi_azis,ꦩꦸꦲꦩ꧀ꦩꦢ꧀ꦕꦺꦴꦅꦫꦸꦢ꧀ꦢꦶꦱ꧀ꦄꦗ꦳ꦶꦱ꧀,2026-06-21,"Kudus Regency, Central Java, Indonesia",needs_id,False,-6.6265033333,110.8969883333,2048,1536,no,pinnatum/inat-374143716-683824955-mchoi_azis.jpg,
Epipremnum pinnatum,373778465,https://www.inaturalist.org/observations/373778465,683124730,https://inaturalist-open-data.s3.amazonaws.com/photos/683124730/original.jpg,cc-by-nc,"(c) Lachlan Walker, some rights reserved (CC BY-NC)",bludfish,Lachlan Walker,2026-06-20,"Hinchinbrook, Girringun, AU-QL, AU",research,False,-18.5887333333,145.8043805556,2048,1152,no,pinnatum/inat-373778465-683124730-bludfish.jpg,
Epipremnum pinnatum,373545622,https://www.inaturalist.org/observations/373545622,682683107,https://inaturalist-open-data.s3.amazonaws.com/photos/682683107/original.jpg,cc-by-nc,"(c) Maria Veronica, some rights reserved (CC BY-NC)",maria9685,Maria Veronica,2026-06-20,"19th Avenue, Quezon City, Metro Manila, PH",needs_id,False,14.6164083333,121.0646278333,1536,2048,no,pinnatum/inat-373545622-682683107-maria9685.jpg,
Epipremnum pinnatum,373484082,https://www.inaturalist.org/observations/373484082,682567193,https://static.inaturalist.org/photos/682567193/original.jpg,all-rights-reserved,"(c) Marcus Ormerod, all rights reserved",marcus_horticulture_,Marcus Ormerod,2025-10-30,"Mount Hypipamee, AU-QL-AT, AU-QL, AU",needs_id,False,-17.4268024423,145.4858063033,1152,2048,no,pinnatum/inat-373484082-682567193-marcus_horticulture_.jpg,
Epipremnum pinnatum,373151143,https://www.inaturalist.org/observations/373151143,681927735,https://inaturalist-open-data.s3.amazonaws.com/photos/681927735/original.jpg,cc-by-nc,"(c) sitimuzayanah, some rights reserved (CC BY-NC)",sitimuzayanah,,2026-06-04,"Tugu Kujang, Tegallega, Kecamatan Bogor Tengah, Kota Bogor, Jawa Barat, Indonesia",research,False,-6.6010640543,106.804408282,1536,2048,no,pinnatum/inat-373151143-681927735-sitimuzayanah.jpg,
Epipremnum pinnatum,373151143,https://www.inaturalist.org/observations/373151143,681927774,https://inaturalist-open-data.s3.amazonaws.com/photos/681927774/original.jpg,cc-by-nc,"(c) sitimuzayanah, some rights reserved (CC BY-NC)",sitimuzayanah,,2026-06-04,"Tugu Kujang, Tegallega, Kecamatan Bogor Tengah, Kota Bogor, Jawa Barat, Indonesia",research,False,-6.6010640543,106.804408282,1536,2048,no,pinnatum/inat-373151143-681927774-sitimuzayanah.jpg,
Epipremnum pinnatum,372963026,https://www.inaturalist.org/observations/372963026,681562436,https://inaturalist-open-data.s3.amazonaws.com/photos/681562436/original.jpg,cc-by-nc,"(c) Knip1102, some rights reserved (CC BY-NC)",knip1102,Knip1102,2026-06-18,"Sudipen, Ilocos, PH",needs_id,False,16.8765982613,120.4678173737,1536,2048,no,pinnatum/inat-372963026-681562436-knip1102.jpg,
Epipremnum pinnatum,372901039,https://www.inaturalist.org/observations/372901039,681448425,https://inaturalist-open-data.s3.amazonaws.com/photos/681448425/original.jpg,cc-by-nc,"(c) Ben G., some rights reserved (CC BY-NC)",betagamma,Ben G.,2026-06-18,"Jing'an Rd Sec 3 Ln 392, Pingxi District, New Taipei City, TW",research,False,25.0488471667,121.7848883333,1536,2048,no,pinnatum/inat-372901039-681448425-betagamma.jpg,
Epipremnum pinnatum,372900859,https://www.inaturalist.org/observations/372900859,681448222,https://inaturalist-open-data.s3.amazonaws.com/photos/681448222/original.jpg,cc-by-nc,"(c) Ben G., some rights reserved (CC BY-NC)",betagamma,Ben G.,2026-06-18,"Pingxi District, New Taipei City, TW",research,False,25.0486195,121.78785,1536,2048,no,pinnatum/inat-372900859-681448222-betagamma.jpg,
Epipremnum pinnatum,372863429,https://www.inaturalist.org/observations/372863429,681379163,https://static.inaturalist.org/photos/681379163/original.jpg,all-rights-reserved,"(c) 古國順, all rights reserved",ku6777,古國順,2026-06-18,354台灣苗栗縣獅潭鄉竹木村,research,False,24.4637333333,120.8912816667,1536,2048,no,pinnatum/inat-372863429-681379163-ku6777.jpg,
Epipremnum pinnatum,372643589,https://www.inaturalist.org/observations/372643589,680928467,https://inaturalist-open-data.s3.amazonaws.com/photos/680928467/original.jpg,cc-by-nc,"(c) tkp123, some rights reserved (CC BY-NC)",tkp123,,2026-06-12,"Zhaoqing, CN-GD, CN",research,True,23.0662248647,112.509337412,2048,1365,no,pinnatum/inat-372643589-680928467-tkp123.jpg,
Epipremnum pinnatum,372557792,https://www.inaturalist.org/observations/372557792,680800301,https://inaturalist-open-data.s3.amazonaws.com/photos/680800301/original.jpg,cc-by-nc,"(c) bakyatus soleha, some rights reserved (CC BY-NC)",bakyatus,bakyatus soleha,2026-06-04,"Bogor, West Java, ID",needs_id,False,-6.60123,106.7957466667,1536,2048,no,pinnatum/inat-372557792-680800301-bakyatus.jpg,
Epipremnum pinnatum,372536659,https://www.inaturalist.org/observations/372536659,680760955,https://inaturalist-open-data.s3.amazonaws.com/photos/680760955/original.jpg,cc-by-nc,"(c) 梁士明, some rights reserved (CC BY-NC)",ssnp099,梁士明,2026-06-17,台湾省糖厂街15巷,research,False,23.65833186,121.42134583,1536,2048,no,pinnatum/inat-372536659-680760955-ssnp099.jpg,
Epipremnum pinnatum,372193014,https://www.inaturalist.org/observations/372193014,680100554,https://inaturalist-open-data.s3.amazonaws.com/photos/680100554/original.jpg,cc-by-nc,"(c) Asih Radhianitya, some rights reserved (CC BY-NC)",kolomnama,Asih Radhianitya,2026-06-16,"Central Jakarta, Jakarta, ID",needs_id,False,-6.2223249838,106.8044616774,1536,2048,no,pinnatum/inat-372193014-680100554-kolomnama.jpg,
Epipremnum pinnatum,371488617,https://www.inaturalist.org/observations/371488617,678743688,https://inaturalist-open-data.s3.amazonaws.com/photos/678743688/original.jpg,cc-by-nc,"(c) major_wd, some rights reserved (CC BY-NC)",major_wd,,2026-06-14,"D. V. Rufino Street, Quezon City, Metro Manila, PH",research,False,14.5949966667,121.0650111667,1536,2048,no,pinnatum/inat-371488617-678743688-major_wd.jpg,
Epipremnum pinnatum,371488617,https://www.inaturalist.org/observations/371488617,678743677,https://inaturalist-open-data.s3.amazonaws.com/photos/678743677/original.jpg,cc-by-nc,"(c) major_wd, some rights reserved (CC BY-NC)",major_wd,,2026-06-14,"D. V. Rufino Street, Quezon City, Metro Manila, PH",research,False,14.5949966667,121.0650111667,1536,2048,no,pinnatum/inat-371488617-678743677-major_wd.jpg,
Epipremnum pinnatum,371488617,https://www.inaturalist.org/observations/371488617,678743676,https://inaturalist-open-data.s3.amazonaws.com/photos/678743676/original.jpg,cc-by-nc,"(c) major_wd, some rights reserved (CC BY-NC)",major_wd,,2026-06-14,"D. V. Rufino Street, Quezon City, Metro Manila, PH",research,False,14.5949966667,121.0650111667,1536,2048,no,pinnatum/inat-371488617-678743676-major_wd.jpg,
Epipremnum pinnatum,371122921,https://www.inaturalist.org/observations/371122921,678056825,https://static.inaturalist.org/photos/678056825/original.jpg,all-rights-reserved,"(c) kumorebi, all rights reserved",kumorebi,,2026-06-13,"Luodong Township, Yilan County, TW",research,False,24.6721466667,121.7653966667,1152,2048,no,pinnatum/inat-371122921-678056825-kumorebi.jpg,
Epipremnum pinnatum,371122921,https://www.inaturalist.org/observations/371122921,678056828,https://static.inaturalist.org/photos/678056828/original.jpg,all-rights-reserved,"(c) kumorebi, all rights reserved",kumorebi,,2026-06-13,"Luodong Township, Yilan County, TW",research,False,24.6721466667,121.7653966667,1152,2048,no,pinnatum/inat-371122921-678056828-kumorebi.jpg,
Epipremnum pinnatum,371122921,https://www.inaturalist.org/observations/371122921,678056829,https://static.inaturalist.org/photos/678056829/original.jpg,all-rights-reserved,"(c) kumorebi, all rights reserved",kumorebi,,2026-06-13,"Luodong Township, Yilan County, TW",research,False,24.6721466667,121.7653966667,1152,2048,no,pinnatum/inat-371122921-678056829-kumorebi.jpg,
Epipremnum pinnatum,370867831,https://www.inaturalist.org/observations/370867831,677567622,https://static.inaturalist.org/photos/677567622/original.jpg,all-rights-reserved,"(c) Carlotta Bonaldi, all rights reserved",carlib3,Carlotta Bonaldi,2026-06-08,"Sarraméa, Nuova Caledonia",research,False,-21.6408961349,165.8396724612,1536,2048,no,pinnatum/inat-370867831-677567622-carlib3.jpg,
Epipremnum pinnatum,370831506,https://www.inaturalist.org/observations/370831506,677496963,https://inaturalist-open-data.s3.amazonaws.com/photos/677496963/original.jpg,cc-by-nc,"(c) jarthurjohnson, some rights reserved (CC BY-NC)",jarthurjohnson,,2026-06-12,"Palau, PW",needs_id,False,7.7198266804,134.6108669383,1152,2048,no,pinnatum/inat-370831506-677496963-jarthurjohnson.jpg,
Epipremnum pinnatum,370750337,https://www.inaturalist.org/observations/370750337,677331175,https://static.inaturalist.org/photos/677331175/original.jpg,all-rights-reserved,"(c) adrian_bothe, all rights reserved",adrian_bothe,,2025-11-27,"Shuri, 1 Chome Shuritonokuracho, Naha, Präfektur Okinawa, Japan",research,False,26.2181698029,127.7179742828,1000,750,no,pinnatum/inat-370750337-677331175-adrian_bothe.jpg,
Epipremnum pinnatum,370750329,https://www.inaturalist.org/observations/370750329,677331106,https://static.inaturalist.org/photos/677331106/original.jpg,all-rights-reserved,"(c) adrian_bothe, all rights reserved",adrian_bothe,,2025-11-27,"Shuri, 1 Chome Shuritonokuracho, Naha, Präfektur Okinawa, Japan",research,False,26.2193351728,127.7176550999,1000,750,no,pinnatum/inat-370750329-677331106-adrian_bothe.jpg,
Epipremnum pinnatum,370750329,https://www.inaturalist.org/observations/370750329,677331105,https://static.inaturalist.org/photos/677331105/original.jpg,all-rights-reserved,"(c) adrian_bothe, all rights reserved",adrian_bothe,,2025-11-27,"Shuri, 1 Chome Shuritonokuracho, Naha, Präfektur Okinawa, Japan",research,False,26.2193351728,127.7176550999,1000,750,no,pinnatum/inat-370750329-677331105-adrian_bothe.jpg,
Epipremnum pinnatum,369950289,https://www.inaturalist.org/observations/369950289,675810595,https://inaturalist-open-data.s3.amazonaws.com/photos/675810595/original.jpg,cc-by-nc,"(c) daphyyyuuhh, some rights reserved (CC BY-NC)",daphyyyuuhh,,2026-06-09,"Loyola Heights, Quezon City, Metro Manila, Philippines",needs_id,False,14.6451483333,121.0820333333,1542,2048,no,pinnatum/inat-369950289-675810595-daphyyyuuhh.jpg,
Epipremnum pinnatum,369917048,https://www.inaturalist.org/observations/369917048,675744976,https://static.inaturalist.org/photos/675744976/original.jpg,all-rights-reserved,"(c) 米嬸, all rights reserved",miaunt,米嬸,2026-06-06,353台灣苗栗縣南庄鄉東河村,research,False,24.6104111111,121.0346611111,1152,2048,no,pinnatum/inat-369917048-675744976-miaunt.jpg,
Epipremnum pinnatum,369906988,https://www.inaturalist.org/observations/369906988,675726032,https://inaturalist-open-data.s3.amazonaws.com/photos/675726032/original.jpg,cc-by-nc,"(c) Matthew B, some rights reserved (CC BY-NC)",matthewbarton256,Matthew B,2026-01-28,Philippines,research,True,6.8818583534,125.0928837791,1152,2048,no,pinnatum/inat-369906988-675726032-matthewbarton256.jpg,
Epipremnum pinnatum,369688441,https://www.inaturalist.org/observations/369688441,675298564,https://inaturalist-open-data.s3.amazonaws.com/photos/675298564/original.jpg,cc-by-nc-sa,"(c) 大俠, some rights reserved (CC BY-NC-SA)",kuman,大俠,2026-06-07,231台灣新北市新店區美城里碧潭,research,False,24.9541352478,121.533695055,1536,2048,no,pinnatum/inat-369688441-675298564-kuman.jpg,
Epipremnum pinnatum,369553788,https://www.inaturalist.org/observations/369553788,675047930,https://inaturalist-open-data.s3.amazonaws.com/photos/675047930/original.jpg,cc-by-nc,"(c) Ludovico Maggi, some rights reserved (CC BY-NC)",ludovico_maggi_,Ludovico Maggi,2026-06-08,"Mambukimba Main Street, Raja Ampat, West Papua, ID",research,False,-0.5651434377,130.5161726495,1152,2048,no,pinnatum/inat-369553788-675047930-ludovico_maggi_.jpg,
Epipremnum pinnatum,369545118,https://www.inaturalist.org/observations/369545118,675030073,https://inaturalist-open-data.s3.amazonaws.com/photos/675030073/original.jpg,cc-by-nc,"(c) Muthia Rahman, some rights reserved (CC BY-NC)",muthiarahman,Muthia Rahman,2026-06-04,"RT.04/RW.02, Paledang, Kecamatan Bogor Tengah, Kota Bogor, Jawa Barat, Indonesia",needs_id,False,-6.597628929,106.799569577,1536,2048,no,pinnatum/inat-369545118-675030073-muthiarahman.jpg,
Epipremnum pinnatum,369545118,https://www.inaturalist.org/observations/369545118,675030136,https://inaturalist-open-data.s3.amazonaws.com/photos/675030136/original.jpg,cc-by-nc,"(c) Muthia Rahman, some rights reserved (CC BY-NC)",muthiarahman,Muthia Rahman,2026-06-04,"RT.04/RW.02, Paledang, Kecamatan Bogor Tengah, Kota Bogor, Jawa Barat, Indonesia",needs_id,False,-6.597628929,106.799569577,1536,2048,no,pinnatum/inat-369545118-675030136-muthiarahman.jpg,
Epipremnum pinnatum,369545118,https://www.inaturalist.org/observations/369545118,675030195,https://inaturalist-open-data.s3.amazonaws.com/photos/675030195/original.jpg,cc-by-nc,"(c) Muthia Rahman, some rights reserved (CC BY-NC)",muthiarahman,Muthia Rahman,2026-06-04,"RT.04/RW.02, Paledang, Kecamatan Bogor Tengah, Kota Bogor, Jawa Barat, Indonesia",needs_id,False,-6.597628929,106.799569577,1536,2048,no,pinnatum/inat-369545118-675030195-muthiarahman.jpg,
Epipremnum pinnatum,369542912,https://www.inaturalist.org/observations/369542912,675025199,https://inaturalist-open-data.s3.amazonaws.com/photos/675025199/original.jpg,cc-by-nc,"(c) Dyonn Ayala, some rights reserved (CC BY-NC)",zanndoli_dy,Dyonn Ayala,2026-04-23,"Cayey, PR, US",research,False,18.1184655252,-66.1623911163,1152,2048,no,pinnatum/inat-369542912-675025199-zanndoli_dy.jpg,
Epipremnum pinnatum,369501936,https://www.inaturalist.org/observations/369501936,674946274,https://static.inaturalist.org/photos/674946274/original.jpg,all-rights-reserved,"(c) 周明煌, all rights reserved",tony2148,周明煌,2026-06-07,600台灣嘉義市東區民權五福街口[幸福巴士],research,False,23.4838896,120.4674358997,1536,2048,no,pinnatum/inat-369501936-674946274-tony2148.jpg,
Epipremnum pinnatum,369306845,https://www.inaturalist.org/observations/369306845,674582205,https://inaturalist-open-data.s3.amazonaws.com/photos/674582205/original.jpg,cc-by-nc,"(c) pixelcoriolis, some rights reserved (CC BY-NC)",pixelcoriolis,,2026-06-07,"Seaview St, Mission Beach, QLD, AU",research,False,-17.8711726377,146.1031051354,1152,2048,no,pinnatum/inat-369306845-674582205-pixelcoriolis.jpg,
Epipremnum pinnatum,369265683,https://www.inaturalist.org/observations/369265683,674507723,https://inaturalist-open-data.s3.amazonaws.com/photos/674507723/original.jpg,cc-by-nc,"(c) Malte Sellin, some rights reserved (CC BY-NC)",maltesellin,Malte Sellin,2026-06-07,"Tojo Una-Una Regency, Central Sulawesi, ID",needs_id,False,-0.2830883333,122.0114222167,1536,2048,no,pinnatum/inat-369265683-674507723-maltesellin.jpg,
Epipremnum pinnatum,369228216,https://www.inaturalist.org/observations/369228216,674437233,https://inaturalist-open-data.s3.amazonaws.com/photos/674437233/original.jpg,cc-by-nc,"(c) sandyliu111, some rights reserved (CC BY-NC)",sandyliu111,,2026-06-07,"滿月圓國家森林遊樂區, 三峽區, 新北市, TW",research,False,24.8234497365,121.4492955498,1536,2048,no,pinnatum/inat-369228216-674437233-sandyliu111.jpg,
Epipremnum pinnatum,369228012,https://www.inaturalist.org/observations/369228012,674436703,https://inaturalist-open-data.s3.amazonaws.com/photos/674436703/original.jpg,cc-by-nc,"(c) lisahuang, some rights reserved (CC BY-NC)",lisahuang,,2026-06-07,"滿月圓國家森林遊樂區, 三峽區, 新北市, TW",research,False,24.8233739015,121.4492172153,1536,2048,no,pinnatum/inat-369228012-674436703-lisahuang.jpg,
Epipremnum pinnatum,369200577,https://www.inaturalist.org/observations/369200577,674383444,https://inaturalist-open-data.s3.amazonaws.com/photos/674383444/original.jpg,cc-by-nc,"(c) naturalist175845, some rights reserved (CC BY-NC)",naturalist175845,,2026-06-07,"Sanxia District, New Taipei City, TW",needs_id,False,24.8271033333,121.44722,1536,2048,no,pinnatum/inat-369200577-674383444-naturalist175845.jpg,
Epipremnum pinnatum,369191631,https://www.inaturalist.org/observations/369191631,674364000,https://inaturalist-open-data.s3.amazonaws.com/photos/674364000/original.jpg,cc-by-nc,"(c) chingxi, some rights reserved (CC BY-NC)",chingxi,,2026-06-07,"New Taipei, TW-NT-TP, TW",research,False,24.8348783333,121.44597,1536,2048,no,pinnatum/inat-369191631-674364000-chingxi.jpg,
Epipremnum pinnatum,369190714,https://www.inaturalist.org/observations/369190714,674362257,https://inaturalist-open-data.s3.amazonaws.com/photos/674362257/original.jpg,cc-by-nc,"(c) k34215, some rights reserved (CC BY-NC)",k34215,,2026-06-07,"Nazai Industrial Rd, Sanxia District, New Taipei City, TW",needs_id,False,24.8348116667,121.4458383333,1536,2048,no,pinnatum/inat-369190714-674362257-k34215.jpg,
Epipremnum pinnatum,369190714,https://www.inaturalist.org/observations/369190714,674362324,https://inaturalist-open-data.s3.amazonaws.com/photos/674362324/original.jpg,cc-by-nc,"(c) k34215, some rights reserved (CC BY-NC)",k34215,,2026-06-07,"Nazai Industrial Rd, Sanxia District, New Taipei City, TW",needs_id,False,24.8348116667,121.4458383333,1536,2048,no,pinnatum/inat-369190714-674362324-k34215.jpg,
Epipremnum pinnatum,369190714,https://www.inaturalist.org/observations/369190714,674362301,https://inaturalist-open-data.s3.amazonaws.com/photos/674362301/original.jpg,cc-by-nc,"(c) k34215, some rights reserved (CC BY-NC)",k34215,,2026-06-07,"Nazai Industrial Rd, Sanxia District, New Taipei City, TW",needs_id,False,24.8348116667,121.4458383333,1536,2048,no,pinnatum/inat-369190714-674362301-k34215.jpg,
Epipremnum pinnatum,369190714,https://www.inaturalist.org/observations/369190714,674362327,https://inaturalist-open-data.s3.amazonaws.com/photos/674362327/original.jpg,cc-by-nc,"(c) k34215, some rights reserved (CC BY-NC)",k34215,,2026-06-07,"Nazai Industrial Rd, Sanxia District, New Taipei City, TW",needs_id,False,24.8348116667,121.4458383333,1536,2048,no,pinnatum/inat-369190714-674362327-k34215.jpg,
Epipremnum pinnatum,368943843,https://www.inaturalist.org/observations/368943843,673895952,https://static.inaturalist.org/photos/673895952/original.jpg,all-rights-reserved,"(c) 米嬸, all rights reserved",miaunt,米嬸,2026-06-04,353台灣苗栗縣南庄鄉東河村,research,False,24.5609805556,121.0376305556,1152,2048,no,pinnatum/inat-368943843-673895952-miaunt.jpg,
Epipremnum pinnatum,368928048,https://www.inaturalist.org/observations/368928048,673867267,https://inaturalist-open-data.s3.amazonaws.com/photos/673867267/original.jpg,cc-by-nc,"(c) Ruby Lin, some rights reserved (CC BY-NC)",ruby_lin1,Ruby Lin,2026-06-06,"Sanxia District, New Taipei City, TW",research,False,24.8204536406,121.4499485295,1152,2048,no,pinnatum/inat-368928048-673867267-ruby_lin1.jpg,
Epipremnum pinnatum,368904156,https://www.inaturalist.org/observations/368904156,673824154,https://inaturalist-open-data.s3.amazonaws.com/photos/673824154/original.jpg,cc-by-nc-nd,"(c) Bill de Belin, some rights reserved (CC BY-NC-ND)",poppyde,Bill de Belin,2016-08-17,"Cow Bay QLD 4873, Australia",research,False,-16.238226785,145.4308807814,2048,1365,no,pinnatum/inat-368904156-673824154-poppyde.jpg,
Epipremnum pinnatum,368891032,https://www.inaturalist.org/observations/368891032,673800744,https://inaturalist-open-data.s3.amazonaws.com/photos/673800744/original.jpg,cc-by-nc,"(c) 陳豊鍾, some rights reserved (CC BY-NC)",jimchen1,陳豊鍾,2026-06-06,233台灣新北市烏來區信賢里,research,False,24.820025,121.5151,1542,2048,no,pinnatum/inat-368891032-673800744-jimchen1.jpg,
Epipremnum pinnatum,368876257,https://www.inaturalist.org/observations/368876257,673773552,https://inaturalist-open-data.s3.amazonaws.com/photos/673773552/original.jpg,cc-by-nc,"(c) 賴香伶, some rights reserved (CC BY-NC)",naturalist127801,賴香伶,2026-06-06,"Youmu, Sanxia District, New Taipei City, TW",research,False,24.8337133333,121.44587,1536,2048,no,pinnatum/inat-368876257-673773552-naturalist127801.jpg,
Epipremnum silvaticum,328251209,https://www.inaturalist.org/observations/328251209,594766990,https://inaturalist-open-data.s3.amazonaws.com/photos/594766990/original.jpg,cc-by-nc,"(c) Lucía, some rights reserved (CC BY-NC)",lus,Lucía,2025-03-30,"Agam Regency, West Sumatra, Indonesia",needs_id,False,-0.2404797476,100.3570922153,1536,2048,no,silvaticum/inat-328251209-594766990-lus.jpg,
Epipremnum silvaticum,267466217,https://www.inaturalist.org/observations/267466217,480666724,https://inaturalist-open-data.s3.amazonaws.com/photos/480666724/original.jpeg,cc-by-nc-sa,"(c) Alponsin, some rights reserved (CC BY-NC-SA)",alponsin,Alponsin,2025-03-29,"3FP8+84V, Limau Manis, Kec. Pauh, Kota Padang, Sumatera Barat 25175, Indonesia",research,False,-0.912048332,100.4697688669,1536,2048,no,silvaticum/inat-267466217-480666724-alponsin.jpeg,
Epipremnum silvaticum,144150916,https://www.inaturalist.org/observations/144150916,247349206,https://inaturalist-open-data.s3.amazonaws.com/photos/247349206/original.jpeg,cc-by-nc,"(c) Naufal Urfi Dhiya'ulhaq, some rights reserved (CC BY-NC)",naufalurfi,Naufal Urfi Dhiya'ulhaq,2022-12-11,"Muaro Jambi Regency, Jambi, Indonesia",needs_id,False,-1.6163214501,103.5158182399,2048,1536,no,silvaticum/inat-144150916-247349206-naufalurfi.jpeg,
Epipremnum silvaticum,141374325,https://www.inaturalist.org/observations/141374325,242179121,https://inaturalist-open-data.s3.amazonaws.com/photos/242179121/original.jpg,cc-by-nc,"(c) Naufal Urfi Dhiya'ulhaq, some rights reserved (CC BY-NC)",naufalurfi,Naufal Urfi Dhiya'ulhaq,2022-11-06,"Jambi City, Jambi, Indonesia",needs_id,False,-1.67734563,103.55907934,1536,2048,no,silvaticum/inat-141374325-242179121-naufalurfi.jpg,
