species,taxon_id,observation_id,observation_url,quality_grade,observed_on,place_guess,obscured,latitude,longitude,observer_login,observer_name,licence,photos
Epipremnum amplissimum,69222,402910839,https://www.inaturalist.org/observations/402910839,research,2026-09-21,"Litchfield Park NT 0822, Australia",False,-13.1994846158,130.6992743859,stellafish,Stella Fish,cc-by,3
Epipremnum amplissimum,69222,396077927,https://www.inaturalist.org/observations/396077927,research,2026-08-30,"Litchfield Park, NT, AU",False,-13.1482707913,130.6756545614,ljiscool,,cc-by-nc,3
Epipremnum amplissimum,69222,385565526,https://www.inaturalist.org/observations/385565526,research,2026-07-27,"Bamaga QLD 4876, Australia",False,-10.89194633,142.38892516,sworboys,,cc-by-nc,2
Epipremnum amplissimum,69222,378276980,https://www.inaturalist.org/observations/378276980,research,2026-07-05,"Litchfield, Cox-Finniss, AU-NT, AU",False,-13.1958232401,130.6990174111,dashdown,Dan Ashdown,,2
Epipremnum amplissimum,69222,357685381,https://www.inaturalist.org/observations/357685381,research,2026-03-22,"Malmal East New Britain Province, Papua New Guinea",False,-5.6499116667,151.5127116667,birdexplorers,Bird Explorers,cc-by-nc,1
Epipremnum amplissimum,69222,351377372,https://www.inaturalist.org/observations/351377372,research,2026-04-11,"Tjaetaba Waterfall Walk, Litchfield National Park, Northern Territory",False,-13.2002861111,130.6999527778,thebeachcomber,Thomas Mesaglio,cc-by,3
Epipremnum amplissimum,69222,345662907,https://www.inaturalist.org/observations/345662907,research,2026-03-25,"Kabupaten Keerom, Papua, Indonesia",False,-2.9600166667,140.8113277778,referiqbal,Refer Iqbal,cc-by-nc,1
Epipremnum amplissimum,69222,341331345,https://www.inaturalist.org/observations/341331345,research,2026-03-04,"Hoʻomaluhia Botanical Garden, Kaneohe, HI, US",False,21.386995,-157.8100583333,getxoutxthere,Charlie Cole,,1
Epipremnum amplissimum,69222,340765231,https://www.inaturalist.org/observations/340765231,research,2026-03-01,"53V4+6CJ, Kebar Tengah, Kebar, Manokwari Regency, West Papua 98372, Indonesia",False,-0.8073722222,133.0554583333,abduelhakim,Hakim,cc-by-nc,1
Epipremnum amplissimum,69222,338301178,https://www.inaturalist.org/observations/338301178,needs_id,2026-02-05,"Соронг, Sorong City, Southwest Papua, Индонезия",False,-0.8761629,131.255828,svetlanarussia,Светлана Царахова,cc0,1
Epipremnum amplissimum,69222,337377301,https://www.inaturalist.org/observations/337377301,research,2010-04-20,"Gulung Mardrulk NT 0852, Australia",False,-13.47079,132.464641,tropicbreeze,Zig Madycki,cc-by-nc-nd,2
Epipremnum amplissimum,69222,336927794,https://www.inaturalist.org/observations/336927794,research,2026-01-07,"Raja Ampat Regency, Southwest Papua, Indonesia",False,-0.4192983333,130.786515,cclborneo,Chien Lee,cc-by-nc,1
Epipremnum amplissimum,69222,336444966,https://www.inaturalist.org/observations/336444966,needs_id,2026-01-27,"Madang, PG",True,-5.0102855867,145.6222033971,tiffany_beachy,,cc-by-nc,2
Epipremnum amplissimum,69222,335513640,https://www.inaturalist.org/observations/335513640,research,2025-01-22,"Berry Springs NT 0838, Australien",False,-12.7038623346,130.9949886394,uwekozina,uwekozina,cc-by-nc,1
Epipremnum amplissimum,69222,322377491,https://www.inaturalist.org/observations/322377491,research,2025-10-19,"Litchfield Park NT 0822, Australia",False,-13.1637989997,130.6839023997,ilze11,Ilze Keevy,,1
Epipremnum amplissimum,69222,321796518,https://www.inaturalist.org/observations/321796518,research,2025-10-19,"Litchfield Park NT 0822, Australia",False,-13.1637989997,130.6839023997,nic79676,Nic Van Zyl,cc-by-nc,2
Epipremnum amplissimum,69222,320955476,https://www.inaturalist.org/observations/320955476,research,2025-10-14,"Jayapura, ID-PA, ID",False,-2.5098593628,140.1185274589,rich_fuller,Richard Fuller,cc0,1
Epipremnum amplissimum,69222,318165940,https://www.inaturalist.org/observations/318165940,research,2024-08-18,"Litchfield Park NT 0822, Australia",False,-13.1637305556,130.6840222222,jacopo_cristoni,Jacopo Cristoni,cc-by-nc,1
Epipremnum amplissimum,69222,311476146,https://www.inaturalist.org/observations/311476146,research,2025-07-25,"Kota Sorong, Papua Bar., Indonesia",False,-0.917643,131.3386538997,haniristiawan,Hani Ristiawan,cc-by-nc,1
Epipremnum amplissimum,69222,303050812,https://www.inaturalist.org/observations/303050812,research,2025-07-25,"Northern Territory, AU",False,-13.0777343441,130.812275447,proteaceaejim,James Christie,cc-by-nc,1
Epipremnum amplissimum,69222,303010598,https://www.inaturalist.org/observations/303010598,needs_id,2011-06-25,"Cow Bay QLD, Australia",False,-16.2388282061,145.432840717,gwarn2526,Geoff Warn,cc-by-nc,1
Epipremnum amplissimum,69222,302292020,https://www.inaturalist.org/observations/302292020,research,2025-07-30,"Cook, AU-QL, AU",False,-11.0074538,142.39979412,sworboys,,cc-by-nc,3
Epipremnum amplissimum,69222,291194658,https://www.inaturalist.org/observations/291194658,research,2025-06-20,"Litchfield National Park, Litchfield Park, NT, AU",False,-13.1637195,130.6839133333,arctyler,Tyler Wilce,cc-by-nc,4
Epipremnum amplissimum,69222,287720262,https://www.inaturalist.org/observations/287720262,research,2025-06-07,"Litchfield Park, NT, AU",False,-13.1638111667,130.6839133333,tjeales,Tony Eales,cc-by-nc,2
Epipremnum amplissimum,69222,264598127,https://www.inaturalist.org/observations/264598127,research,2014-12-19,"Seepage spring to Wenlock River, Mapoon QLD, Australia",False,-12.3070414774,141.9009688303,searley_j,Jason Searle,cc-by-nc,3
Epipremnum amplissimum,69222,264598125,https://www.inaturalist.org/observations/264598125,research,2014-12-19,"Seepage spring to Wenlock River, Mapoon QLD, Australia",False,-12.3074980944,141.9000559023,searley_j,Jason Searle,cc-by-nc,2
Epipremnum amplissimum,69222,264448949,https://www.inaturalist.org/observations/264448949,research,2014-09-05,"Springhead E of Mapoon Rd QLD, Australia",False,-12.2985241897,141.9007839797,searley_j,Jason Searle,cc-by-nc,2
Epipremnum amplissimum,69222,261610638,https://www.inaturalist.org/observations/261610638,research,2025-02-14,"Litchfield National Park, Litchfield Park, NT, AU",False,-13.1636092192,130.6839672195,argonauta,Rosario Douglas,cc-by-nc,2
Epipremnum amplissimum,69222,258096505,https://www.inaturalist.org/observations/258096505,research,2025-01-06,"Pulau Waigeo, Raja Ampat, West Papua, ID",False,-0.41903,130.786405,abbyhyde,Abby Hyde,cc0,1
Epipremnum amplissimum,69222,255145501,https://www.inaturalist.org/observations/255145501,research,2024-12-07,"Tjaetaba Falls trail, Litchfield NP, Northern Territory",False,-13.2001861111,130.7000722222,thebeachcomber,Thomas Mesaglio,cc-by,4
Epipremnum amplissimum,69222,254261811,https://www.inaturalist.org/observations/254261811,research,2024-12-06,"FQ8F+CH5, Limau Asri, Mimika Baru, Mimika Regency, Papua 99963, Indonesia",False,-4.5339407997,136.7749991,imamthidayat,Imam Taufik Hidayat,cc-by-nc,1
Epipremnum amplissimum,69222,246885117,https://www.inaturalist.org/observations/246885117,research,2024-10-12,"Litchfield National Park, Litchfield Park, NT, AU",False,-13.1969010265,130.7005657744,jmag1,Josh Magro,cc-by-nc,1
Epipremnum amplissimum,69222,236287459,https://www.inaturalist.org/observations/236287459,needs_id,2023-07-19,"Woi New Ireland Province, Papua New Guinea",False,-2.667387,150.200432,markcollins04,,cc-by-nc,1
Epipremnum amplissimum,69222,227467713,https://www.inaturalist.org/observations/227467713,research,2015-11-17,"Bertiehaugh Springs, QLD 4874, Australia",False,-12.2478503673,142.154386872,searley_j,Jason Searle,cc-by-nc,1
Epipremnum amplissimum,69222,225048803,https://www.inaturalist.org/observations/225048803,research,2012-08-26,"Litchfield Park NT 0822, Australia",False,-13.119502042,130.6716829458,johneichler,John Eichler,cc-by-nc,1
Epipremnum amplissimum,69222,205620140,https://www.inaturalist.org/observations/205620140,research,2023-10-24,"Mapoon QLD 4874, Australia",False,-12.2686777084,141.9215209008,lorcanmc,Colour Blind Flora Enthusiast,cc-by-nc,3
Epipremnum amplissimum,69222,200600788,https://www.inaturalist.org/observations/200600788,research,2023-07-29,"Litchfield Park NT 0822, Australia",False,-13.1973058523,130.6994751673,chrisc,Chris Chadwick,cc-by-nc,3
Epipremnum amplissimum,69222,192795728,https://www.inaturalist.org/observations/192795728,research,2023-10-21,"Malagufuk, Sorong Regency, West Papua, Indonesia",False,-0.7789,131.6411,nyoni-pete,Pete Woodall,cc-by,1
Epipremnum amplissimum,69222,192706283,https://www.inaturalist.org/observations/192706283,research,2023-11-02,"Pulau Waigeo, Raja Ampat, West Papua, ID",False,-0.419801509,130.7864992657,jeanpaulboerekamps,Jean-Paul Boerekamps,cc0,2
Epipremnum amplissimum,69222,179776364,https://www.inaturalist.org/observations/179776364,research,2023-07-19,"East Halmahera Regency, North Maluku, Indonesia",False,1.0158719717,128.3001180283,avocat,,cc-by,2
Epipremnum amplissimum,69222,179124269,https://www.inaturalist.org/observations/179124269,research,2023-08-19,"Litchfield Park NT 0822, Australia",False,-13.1638605997,130.6839146,whittie,,cc-by-nc,1
Epipremnum amplissimum,69222,170592614,https://www.inaturalist.org/observations/170592614,research,2023-07-01,"Litchfield National Park, Litchfield Park, NT, AU",False,-13.1973123351,130.6992394307,bennybotany85,bennybotany85,cc-by-nc,2
Epipremnum amplissimum,69222,170455696,https://www.inaturalist.org/observations/170455696,research,2023-07-01,"Litchfield National Park, Litchfield Park, NT, AU",False,-13.1955717255,130.6990171878,bennybotany85,bennybotany85,cc-by-nc,3
Epipremnum amplissimum,69222,168425879,https://www.inaturalist.org/observations/168425879,research,2023-06-18,"Litchfield Park NT 0822, Australia",False,-13.1652163889,130.6836347222,parkera80,Andrew Parker,cc-by,1
Epipremnum amplissimum,69222,168257044,https://www.inaturalist.org/observations/168257044,research,2023-06-18,"Litchfield Park NT 0822, Australia",False,-13.165234,130.683784,tropicbreeze,Zig Madycki,cc-by-nc-nd,2
Epipremnum amplissimum,69222,152912369,https://www.inaturalist.org/observations/152912369,research,2022-07-01,"Cook, AU-QL, AU",True,-12.2828859794,141.9264079453,searley_j,Jason Searle,cc-by-nc,1
Epipremnum amplissimum,69222,125428662,https://www.inaturalist.org/observations/125428662,research,2011-09-14,"Gulung Mardrulk NT 0852, Australia",False,-13.53461,133.14598,tropicbreeze,Zig Madycki,cc-by-nc-nd,1
Epipremnum amplissimum,69222,125423410,https://www.inaturalist.org/observations/125423410,research,2010-04-11,"Kakadu NT 0822, Australia",False,-13.31548,132.43727,tropicbreeze,Zig Madycki,cc-by-nc-nd,1
Epipremnum amplissimum,69222,108919703,https://www.inaturalist.org/observations/108919703,research,2022-03-18,"Litchfield National Park, Litchfield Park, NT, AU",False,-13.120625,130.670595,jamesalexpark,James Park,cc-by-nc,3
Epipremnum amplissimum,69222,75239397,https://www.inaturalist.org/observations/75239397,research,2021-04-24,"Litchfield Park NT 0822, Australia",False,-13.12212,130.6684,tropicbreeze,Zig Madycki,cc-by-nc-nd,3
Epipremnum amplissimum,69222,37225118,https://www.inaturalist.org/observations/37225118,research,2011-09-03,"Gulung Mardrulk NT 0852, Australia",False,-13.49844,132.57983,tropicbreeze,Zig Madycki,cc-by-nc-nd,1
Epipremnum amplissimum,69222,20987159,https://www.inaturalist.org/observations/20987159,research,2010-02-07,"Kakadu NT 0822, Australia",False,-13.56003,132.29564,tropicbreeze,Zig Madycki,cc-by-nc-nd,5
Epipremnum amplissimum,69222,20722129,https://www.inaturalist.org/observations/20722129,research,2019-02-23,"Litchfield Park NT 0822, Australia",False,-13.19971,130.69961,tropicbreeze,Zig Madycki,cc-by-nc-nd,4
Epipremnum amplissimum,69222,16477680,https://www.inaturalist.org/observations/16477680,research,2009-10-19,"Mapoon QLD 4874, Australia",False,-12.2921931999,142.1642524,coenobita,,cc-by,2
Epipremnum aureum,69223,404659049,https://www.inaturalist.org/observations/404659049,needs_id,2026-09-28,"Pedro Roberto Dr, Santa Rita, Guam, US",False,13.4019503772,144.679182977,finnnewman,Finn Newman,cc-by-nc,5
Epipremnum aureum,69223,404647338,https://www.inaturalist.org/observations/404647338,needs_id,2026-09-30,811台灣高雄市楠梓區後勁國小,False,22.7221838,120.3131167,ku6777,古國順,,1
Epipremnum aureum,69223,404645954,https://www.inaturalist.org/observations/404645954,needs_id,2026-09-29,"322 National Road, Guilin, Guangxi Zhuangzu Zizhiqu, CN",False,25.4053166667,110.3158716667,unacheng003,徐夕珵,cc-by-nc,1
Epipremnum aureum,69223,404645080,https://www.inaturalist.org/observations/404645080,needs_id,2026-09-30,Jose Quiboloy National High School,False,7.1307219911,125.3823119402,supangandurian,RACHELANN,cc-by-nc,3
Epipremnum aureum,69223,404632241,https://www.inaturalist.org/observations/404632241,needs_id,2026-09-30,"Kec. Cidahu, Kabupaten Sukabumi, Jawa Barat, Indonesia",False,-6.77358,106.7272714,siti_aisyah22,,cc-by-nc,1
Epipremnum aureum,69223,404628155,https://www.inaturalist.org/observations/404628155,research,2026-09-30,"大慶, 南區, 臺中市, TW",False,24.118671847,120.6480430015,zongyi1,zongyi Tsai,cc-by-nc,1
Epipremnum aureum,69223,404615805,https://www.inaturalist.org/observations/404615805,needs_id,2026-09-30,"Singapore, SG, SG",False,1.2801028505,103.8036713292,jc42485,JC,cc-by-nc,2
Epipremnum aureum,69223,404575429,https://www.inaturalist.org/observations/404575429,needs_id,2026-09-29,"Davao City, Davao, PH",False,7.1317243082,125.3787876717,panigon_durian,Stephany Panigon,cc-by-nc,1
Epipremnum aureum,69223,404573665,https://www.inaturalist.org/observations/404573665,needs_id,2026-09-29,"Sandalfoot Cove, FL, USA",False,26.347700124,-80.1942612603,jaykeller,Jay L. Keller,,1
Epipremnum aureum,69223,404540927,https://www.inaturalist.org/observations/404540927,needs_id,2026-09-29,"Fort Smith, AR 72903, USA",False,35.37164465,-94.37973538,priya02,Priya Bhanot,cc-by-nc,2
Epipremnum aureum,69223,404535060,https://www.inaturalist.org/observations/404535060,needs_id,2014-05-21,"Coimbatore, Tamil Nadu, IN",False,11.075640701,76.9889885882,shandeep,,cc-by-nc,1
Epipremnum aureum,69223,404514722,https://www.inaturalist.org/observations/404514722,research,2026-09-19,"Davie, FL, USA",False,26.0732607173,-80.3227898449,bcur155,,cc-by,1
Epipremnum aureum,69223,404461129,https://www.inaturalist.org/observations/404461129,research,2026-09-29,"Baoshan Rd Ln 145, East District, Hsinchu City, TW",False,24.791905,120.97638,charles3cwang,,cc-by-nc,2
Epipremnum aureum,69223,404454990,https://www.inaturalist.org/observations/404454990,research,2026-09-29,Lake Wales,False,27.8515548706,-81.4806747437,curlyoxathome,,cc-by-nc,1
Epipremnum aureum,69223,404438558,https://www.inaturalist.org/observations/404438558,research,2013-06-06,"Hawaii County, HI, USA",False,19.8627642034,-155.1519513124,david_moore7,David Moore,cc-by-nc,1
Epipremnum aureum,69223,404406429,https://www.inaturalist.org/observations/404406429,research,2026-05-29,"Gushan District, Kaohsiung City, TW",False,22.6289619675,120.2695636176,jiaheng1111,,cc-by-nc,1
Epipremnum aureum,69223,404406352,https://www.inaturalist.org/observations/404406352,needs_id,2026-09-29,"Dampe - Pitipana Rd, කොළඹ, Sri Lanka",False,6.8220629,80.0424728,yashadi_mabulage,,cc-by-nc,1
Epipremnum aureum,69223,404397152,https://www.inaturalist.org/observations/404397152,needs_id,2022-07-19,"Islands, HK",False,22.3008216667,114.0168305,dothankpy,,cc-by-nc,1
Epipremnum aureum,69223,404378540,https://www.inaturalist.org/observations/404378540,research,2026-09-29,"Blk S12, Singapore",False,1.29501128,103.77782551,heng8053,heng jun kai,cc-by-nc,1
Epipremnum aureum,69223,404376555,https://www.inaturalist.org/observations/404376555,needs_id,2026-09-23,"6P9J+6H5, Jayabakti, Kec. Cidahu, Kabupaten Sukabumi, Jawa Barat 43358, Indonesia",False,-6.7819847,106.7314841,suci10502,Suci Aditia,cc-by-nc,1
Epipremnum aureum,69223,404376069,https://www.inaturalist.org/observations/404376069,needs_id,2026-09-23,"Sukabumi Regency, West Java, Indonesia",False,-6.7818551389,106.7311553889,helva18_08,,cc-by-nc,1
Epipremnum aureum,69223,404376067,https://www.inaturalist.org/observations/404376067,needs_id,2026-09-23,"Sukabumi, Jawa Barat, Indonesia",False,-6.7818450833,106.7311782778,helva18_08,,cc-by-nc,1
Epipremnum aureum,69223,404323119,https://www.inaturalist.org/observations/404323119,needs_id,2026-08-25,"Îles du Vent, French Polynesia",False,-17.68528,-149.305875,radinis,,cc-by-nc,1
Epipremnum aureum,69223,404299468,https://www.inaturalist.org/observations/404299468,needs_id,2026-09-25,"Sarasota, FL, US",False,27.3260731261,-82.5399482964,zayliio,,cc-by-nc,3
Epipremnum aureum,69223,404260919,https://www.inaturalist.org/observations/404260919,needs_id,2026-09-28,"Shawnee County, US-KS, US",False,38.987310907,-95.6828216284,susannajo,,cc-by-nc,1
Epipremnum aureum,69223,404168608,https://www.inaturalist.org/observations/404168608,research,2026-09-28,"La Réunion, Saint-Pierre, RE",False,-21.3054101843,55.4893684431,anaelletlm,,,1
Epipremnum aureum,69223,404159142,https://www.inaturalist.org/observations/404159142,needs_id,2026-09-25,"Estrada Cetur 02 - Tarumã, Manaus - AM, 69022-242, Brasil",False,-3.0074739444,-60.0747680556,caja-manga,Cajá-manga,cc-by,2
Epipremnum aureum,69223,404126543,https://www.inaturalist.org/observations/404126543,needs_id,2026-09-28,"49FC+GPF, Calinan District, Davao City, Davao del Sur, Philippines",False,7.1226356333,125.3702179333,sabroso_durian,Jaica Sabroso,cc-by-nc,1
Epipremnum aureum,69223,403872998,https://www.inaturalist.org/observations/403872998,needs_id,2026-09-26,"North St, Tarpon Springs, FL, US",False,28.1449524152,-82.7836419043,dyeingforflowers,,,1
Epipremnum aureum,69223,403868423,https://www.inaturalist.org/observations/403868423,needs_id,2026-08-15,"Long Key Natural Area, Davie, FL, USA",False,26.0756760238,-80.3254887385,stevewalternature,,cc-by-nc,1
Epipremnum aureum,69223,403865805,https://www.inaturalist.org/observations/403865805,research,2026-08-15,"Long Key Natural Area, Davie, FL, USA",False,26.0756525199,-80.3256614896,stevewalternature,,cc-by-nc,2
Epipremnum aureum,69223,403843064,https://www.inaturalist.org/observations/403843064,needs_id,2026-07-01,"Belle Terre Pkwy, Palm Coast, FL, US",False,29.562545,-81.2403217,us7039578321,Gregory,cc-by-nc,1
Epipremnum aureum,69223,403836946,https://www.inaturalist.org/observations/403836946,needs_id,2026-09-27,"FFQQ+JJC, Chhattisgarh 491332, India",False,21.489062593,81.4890624583,komal_kk_sahu,Komal Sahu,cc-by-nc,1
Epipremnum aureum,69223,403809255,https://www.inaturalist.org/observations/403809255,needs_id,2026-09-27,426台灣臺中市新社區崑山里,False,24.23857728,120.76937367,yu-chen,祐,cc-by,1
Epipremnum aureum,69223,403798115,https://www.inaturalist.org/observations/403798115,needs_id,2026-09-27,"Road Number 32, Nanded, Maharashtra, IN",False,19.1855783333,77.2957,drarvindchavhan,Dr. Arvind Chavhan,,1
Epipremnum aureum,69223,403796268,https://www.inaturalist.org/observations/403796268,needs_id,2026-07-11,"Pine Creek Yarrabah Rd, Glen Boughton, QLD, AU",False,-16.9420071609,145.8166785304,miagrundy,Mia,,1
Epipremnum aureum,69223,403728058,https://www.inaturalist.org/observations/403728058,research,2026-09-26,"Puailima St, Aiea, HI, US",False,21.3940816623,-157.9364106051,suspiciouslylargehungryfish,,cc-by-nc,1
Epipremnum aureum,69223,403726061,https://www.inaturalist.org/observations/403726061,research,2026-09-21,"Xavierville Avenue, Quezon City, Metro Manila, PH",False,14.6341341187,121.0731880904,nickology,"Romnick T. Taladro, LPT",cc-by-nc,1
Epipremnum aureum,69223,403646300,https://www.inaturalist.org/observations/403646300,needs_id,2026-09-26,"LA-1082, Bush, LA, US",False,30.6169462909,-90.0227902355,dogree2,,cc-by-nc,1
Epipremnum aureum,69223,403598462,https://www.inaturalist.org/observations/403598462,needs_id,2026-09-26,"Union Park, FL, USA",False,28.57844578,-81.24164795,crasher35,,cc-by-nc,2
Epipremnum aureum,69223,403483906,https://www.inaturalist.org/observations/403483906,needs_id,2026-09-26,"Chenggong S Rd, Qiaotou District, Kaohsiung City, TW",False,22.7389637523,120.3175855099,naturalist152627,,cc-by-nc,1
Epipremnum aureum,69223,403483886,https://www.inaturalist.org/observations/403483886,needs_id,2026-09-26,"Chenggong S Rd, Qiaotou District, Kaohsiung City, TW",False,22.7389031401,120.3178191465,naturalist152627,,cc-by-nc,1
Epipremnum aureum,69223,403273002,https://www.inaturalist.org/observations/403273002,research,2026-09-24,"CT II - Goiabeiras, Vitória - ES, 29075-053, Brasil",False,-20.2723821,-40.3060862997,luannds,Luan Nascimento,cc-by-nc,3
Epipremnum aureum,69223,403224643,https://www.inaturalist.org/observations/403224643,research,2026-09-25,"十八尖山森林公園, 東區, 新竹市, TW",False,24.7906135135,120.9896525168,tinglin,,cc-by-nc,1
Epipremnum aureum,69223,403214332,https://www.inaturalist.org/observations/403214332,needs_id,2026-09-25,Xuefu Village,False,25.0157012939,121.5360107422,carnifex-r,Carnifex R,cc-by-nc,1
Epipremnum aureum,69223,403080757,https://www.inaturalist.org/observations/403080757,research,2026-09-23,"Rua Transatlantico, Manaus, AM, BR",False,-3.0341397659,-60.092738843,lirio17,Kayna (Gigi),cc-by-nc,1
Epipremnum aureum,69223,403075987,https://www.inaturalist.org/observations/403075987,research,2026-09-23,"Honolulu County, US-HI, US",False,21.3464862537,-157.8206671292,thejoyofnature,,cc-by-nc,1
Epipremnum aureum,69223,403059145,https://www.inaturalist.org/observations/403059145,research,2026-09-24,"Rosa Elze, São Cristóvão - SE, Brasil",False,-10.9255827,-37.1019328,maria6762,Maria Inalda,cc-by-nc,1
Epipremnum aureum,69223,403058850,https://www.inaturalist.org/observations/403058850,needs_id,2026-09-24,Tumwater,False,46.9969482422,-122.9093322754,hudsondammtk,,cc-by-nc,1
Epipremnum aureum,69223,403033063,https://www.inaturalist.org/observations/403033063,research,2026-09-24,"Recife, BR-PE, BR",False,-8.0536986729,-34.8875128223,sandeji,SandejieMariaClara,cc-by-nc,1
Epipremnum aureum,69223,403031316,https://www.inaturalist.org/observations/403031316,needs_id,2026-09-24,"Recife, BR-PE, BR",False,-8.0544568732,-34.8878530777,sandeji,SandejieMariaClara,cc-by-nc,1
Epipremnum aureum,69223,403007885,https://www.inaturalist.org/observations/403007885,needs_id,2026-09-24,Timon,False,-5.0880951881,-42.841342926,lucia41133,lucia fatima,cc-by-nc,1
Epipremnum aureum,69223,402914910,https://www.inaturalist.org/observations/402914910,needs_id,2026-09-24,"Cejlon, Sabaragamuwa, LK",False,6.9913966667,80.4191966667,lostincr,LostInCR,,2
Epipremnum aureum,69223,402907274,https://www.inaturalist.org/observations/402907274,needs_id,2026-09-23,"Route de ceinture, French Polynesia, PF",False,-17.5183666667,-149.8503716667,adamscubapix,Adam Trinklein,cc-by-nc,1
Epipremnum aureum,69223,402813978,https://www.inaturalist.org/observations/402813978,needs_id,2026-09-23,"Gold Leaf Dr, Hampstead, NC, US",False,34.4001948717,-77.6646005432,serenity_mayfield,Serenity Mayfield,cc-by-nc,1
Epipremnum aureum,69223,402762829,https://www.inaturalist.org/observations/402762829,needs_id,2026-09-23,"Yatiyanthota, LK-KE, LK",False,6.9938,80.412095,lostincr,LostInCR,,2
Epipremnum aureum,69223,402662413,https://www.inaturalist.org/observations/402662413,needs_id,2026-09-23,新加坡,False,1.2751345634,103.8069915771,imlam,CS Lam,cc-by-nc,1
Epipremnum aureum,69223,402654423,https://www.inaturalist.org/observations/402654423,needs_id,2026-09-22,,True,,,sumano,,cc-by-nc,1
Epipremnum aureum,69223,402651094,https://www.inaturalist.org/observations/402651094,needs_id,2026-09-23,"6P9J+6H5, Jayabakti, Kec. Cidahu, Kabupaten Sukabumi, Jawa Barat 43358, Indonesia",False,-6.7819847,106.7314841,wulan34656,Wulan Sari,cc-by-nc,1
Epipremnum aureum,69223,402579302,https://www.inaturalist.org/observations/402579302,needs_id,2026-09-22,"Riverbank @ Aquero Blvd, Laredo, TX 78045, USA",False,27.6071064,-99.5301983,sheerz,,cc-by-nc,1
Epipremnum aureum,69223,402539734,https://www.inaturalist.org/observations/402539734,needs_id,2026-09-22,"US 441 & Northwest 76th Place, Coconut Creek, FL 33073, USA",False,26.3251833333,-80.20065,jondel54,Jonathan De Los Rios,cc-by-nc,5
Epipremnum aureum,69223,402481679,https://www.inaturalist.org/observations/402481679,research,2026-09-22,"PR-834, Río, PR, US",False,18.315595553,-66.0959258855,liz1881,,cc-by-nc,1
Epipremnum aureum,69223,402376424,https://www.inaturalist.org/observations/402376424,research,2026-09-18,"Maui, Hana, HI, US",False,20.68333,-156.0304111667,sarahlippmann,,cc-by-nc,1
Epipremnum aureum,69223,402376318,https://www.inaturalist.org/observations/402376318,research,2026-09-18,"Maui, Hana, HI, US",False,20.683355,-156.0302583333,sarahlippmann,,cc-by-nc,2
Epipremnum aureum,69223,402323154,https://www.inaturalist.org/observations/402323154,research,2026-09-22,"國立清華大學, 東區, 新竹市, TW",False,24.7894431237,120.9936650237,naturalist170356,張愷恩,cc-by-nc,1
Epipremnum aureum,69223,402315280,https://www.inaturalist.org/observations/402315280,needs_id,2026-09-20,"Fluvial Vallarta, Puerto Vallarta, Jal., México",False,20.6443052,-105.2317311,raqqxel,Raquel,cc-by-nc,1
Epipremnum aureum,69223,402307243,https://www.inaturalist.org/observations/402307243,needs_id,2026-09-04,"20th Ave S, Saint Petersburg, FL, US",False,27.7498486782,-82.6987389738,emily15598,emily g,cc-by-nc,1
Epipremnum aureum,69223,402297573,https://www.inaturalist.org/observations/402297573,needs_id,2026-09-21,"West Loch Estate, HI 96706, USA",False,21.35641679,-158.02465194,elisabeth24024,Elisabeth,cc-by-nc,1
Epipremnum aureum,69223,402270896,https://www.inaturalist.org/observations/402270896,needs_id,2026-09-20,"Powathil Hall & Research Centre, St. Berchmans College Autonomous, Changanassery, Keralam 686101, India",False,9.4515426018,76.5393223241,akshara56786,Akshara Prasad,cc-by-nc,1
Epipremnum aureum,69223,402220122,https://www.inaturalist.org/observations/402220122,needs_id,2026-09-21,"Calle 27a. Poniente, Tapachula, Chis., MX",False,14.92087,-92.2622083333,fridap24,,cc-by-nc,1
Epipremnum aureum,69223,402183810,https://www.inaturalist.org/observations/402183810,research,2026-09-19,"Limeira, SP, BR",False,-22.5693009848,-47.4011710297,mdcardoso,,cc-by-nc,1
Epipremnum aureum,69223,402151882,https://www.inaturalist.org/observations/402151882,research,2026-09-19,"CR9W+2WV Residential Quarters- AAIDU, Naini, Prayagraj, Uttar Pradesh 211007, India",False,25.4176067753,81.8472962826,asrabhishek,Asrabhishe,cc-by-nc,2
Epipremnum aureum,69223,402121726,https://www.inaturalist.org/observations/402121726,research,2026-09-21,Jashore,False,23.1691036224,89.1692199707,qsm,,cc-by-nc,1
Epipremnum aureum,69223,401955548,https://www.inaturalist.org/observations/401955548,needs_id,2026-09-19,"Tantalus Dr, Honolulu, HI, US",False,21.3310048711,-157.8168797509,aeknel,Alex Kinsella,cc-by-nc,1
Epipremnum aureum,69223,401901102,https://www.inaturalist.org/observations/401901102,research,2026-09-20,"CXX7+8GR, El Higo, Provincia de Panamá Oeste, Panamá",False,8.4480935,-80.0366409,joel32266,Joel Lazo,cc-by-nc,1
Epipremnum aureum,69223,401843138,https://www.inaturalist.org/observations/401843138,needs_id,2026-09-20,"Le Thanh Ton, Sai Gon, Ho Chi Minh City, VN",False,10.7788716667,106.7031383333,tsudakazutoshi,,cc-by-nc,1
Epipremnum aureum,69223,401810357,https://www.inaturalist.org/observations/401810357,needs_id,2026-09-20,"Yamaganipalle, Andhra Pradesh, India",False,12.8016516667,78.30561,srinivas5331,Srinivas podili,cc-by-nc,1
Epipremnum aureum,69223,401773231,https://www.inaturalist.org/observations/401773231,needs_id,2026-09-18,"CR7W+7HW, 211007, Naini, Prayagraj, Mirakhpur Kachhar, Uttar Pradesh 211007, India",False,25.4132412063,81.8466324359,prof_bipasha_david_,Bipasha David,cc-by-nc,1
Epipremnum aureum,69223,401666284,https://www.inaturalist.org/observations/401666284,research,2026-09-18,"Rua São Caetano do Sul, 205 - Champagnat, Londrina - PR, 86062-000, Brasil",False,-23.3083967225,-51.1830902472,fiammasoler,,cc-by-nc,1
Epipremnum aureum,69223,401604833,https://www.inaturalist.org/observations/401604833,needs_id,2026-09-19,"Avenida Costera, San José, Escuintla, GT",False,13.9148718124,-90.8940801627,gladys_vasquez,,cc-by-nc,3
Epipremnum aureum,69223,401538257,https://www.inaturalist.org/observations/401538257,research,2026-09-19,"Limeira, SP, BR",False,-22.5693122555,-47.4012797251,mdcardoso,,cc-by-nc,1
Epipremnum aureum,69223,401536139,https://www.inaturalist.org/observations/401536139,research,2026-09-19,"Melbourne, FL, US",False,28.0671111667,-80.6224533333,deepikasound,Deepika Soundararajan,cc-by-nc,1
Epipremnum aureum,69223,401488155,https://www.inaturalist.org/observations/401488155,needs_id,2026-09-19,"Rampura Bridge, Dhaka 1212, Bangladesh",False,23.7678694444,90.4215166667,nazmul_abir,N Z,,1
Epipremnum aureum,69223,401482883,https://www.inaturalist.org/observations/401482883,needs_id,2026-09-19,"SHUATS, Mahewa East, Prayagraj, Uttar Pradesh, India",False,25.4122315995,81.8495074932,foreocean,Khirsagar Sahu,cc-by-nc,1
Epipremnum aureum,69223,401457740,https://www.inaturalist.org/observations/401457740,needs_id,2026-09-19,"十八尖山森林公園, 東區, 新竹市, TW",False,24.7951860676,120.9837508572,ken25758,Ken Liao,cc-by-nc,1
Epipremnum aureum,69223,401423964,https://www.inaturalist.org/observations/401423964,research,2026-09-16,"Iron Range QLD 4892, Australia",False,-12.7125839,143.2890524997,themoojuice,Dr Spood dude,,2
Epipremnum aureum,69223,401371844,https://www.inaturalist.org/observations/401371844,research,2026-09-18,"Rua Deputado Nilson Ribas, Londrina, PR, BR",False,-23.3063466667,-51.1838833333,giuliarcgeo,Giulia Codato,cc-by-nc,1
Epipremnum aureum,69223,401334931,https://www.inaturalist.org/observations/401334931,needs_id,2026-09-18,"Warwick, BM",False,32.2661985,-64.79482374,ivanna39849,Ivanna Young,cc-by-nc,1
Epipremnum aureum,69223,401292523,https://www.inaturalist.org/observations/401292523,research,2026-09-18,"Rua Olavo Bilac, Londrina, PR, BR",False,-23.3062768646,-51.1841584953,patricia_paula_shinobu,Patricia Fernandes Paula Shinobu,cc-by-nc,1
Epipremnum aureum,69223,401243102,https://www.inaturalist.org/observations/401243102,needs_id,2026-09-18,"CR7W+MXG, Naini, Mirakhpur Kachhar, Prayagraj, Uttar Pradesh 211007, India",False,25.4141257798,81.8475879729,prof_bipasha_david_,Bipasha David,cc-by-nc,1
Epipremnum aureum,69223,401223645,https://www.inaturalist.org/observations/401223645,research,2026-09-18,"Rua São Caetano do Sul, 205 - Champagnat, Londrina - PR, 86062-000, Brasil",False,-23.3095477195,-51.1831821967,denichaves,Denise,cc-by-nc,1
Epipremnum aureum,69223,401221097,https://www.inaturalist.org/observations/401221097,research,2026-09-18,"Rua São Bernardo do Campo, Londrina, PR, BR",False,-23.3093935673,-51.1833880333,luciano93853,Luciano Xavier,cc-by-nc,1
Epipremnum aureum,69223,401218071,https://www.inaturalist.org/observations/401218071,needs_id,2026-09-18,"4GW7+89J, Hudasa, Karnataka 581186, India",False,15.1482399,74.5136203997,swapnil_desai,Swapnil Desai,,1
Epipremnum aureum,69223,401216151,https://www.inaturalist.org/observations/401216151,research,2026-09-18,"Rua Deputado Nilson Ribas, 826 - Champagnat, Londrina - PR, 86062-090, Brasil",False,-23.3063235871,-51.1838184389,jrafageo,José Rafael Vilela da Silva,cc-by-nc,1
Epipremnum aureum,69223,401215261,https://www.inaturalist.org/observations/401215261,needs_id,2026-09-18,ร่มเย็น อำเภอ คลองใหญ่ ตราด 23110 ประเทศไทย,False,11.7661656028,102.8868384194,prempakorn,เปรมปกรณ์ นิรันต์เรือง,cc-by-nc,1
Epipremnum aureum,69223,401213594,https://www.inaturalist.org/observations/401213594,needs_id,2026-09-18,คลองสะบ้า อำเภอ คลองใหญ่ ตราด ประเทศไทย,False,11.7548340333,102.8963576333,phimontirat,Phimontirat waitchaykay,cc-by-nc,1
Epipremnum aureum,69223,401204824,https://www.inaturalist.org/observations/401204824,needs_id,2026-09-18,"41, Sarvoday Nagar, Society, Visnagar, Gujarat 384315, India",False,23.7012694444,72.5395222222,bhumithakor4216,Bhumi Thakor,cc-by-nc,1
Epipremnum aureum,69223,401151080,https://www.inaturalist.org/observations/401151080,needs_id,2026-06-18,"Gold Coast QLD, Australia",False,-28.1249600602,153.4713468701,joelkoen,,cc-by,3
Epipremnum aureum,69223,401151074,https://www.inaturalist.org/observations/401151074,needs_id,2026-09-09,"Gold Coast QLD, Australia",False,-27.9990495834,153.430136824,joelkoen,,cc-by,2
Epipremnum aureum,69223,401151060,https://www.inaturalist.org/observations/401151060,research,2026-09-13,"Gold Coast QLD, Australia",False,-28.1336985715,153.4717668034,joelkoen,,cc-by,4
Epipremnum aureum,69223,401133572,https://www.inaturalist.org/observations/401133572,research,2026-09-16,"Oakland Park, FL, USA",False,26.1687722222,-80.1613333333,coreytcallaghan,Corey Callaghan,cc-by-nc,1
Epipremnum aureum,69223,401048516,https://www.inaturalist.org/observations/401048516,research,2026-09-17,Kāneʻohe,False,21.3901100159,-157.7994995117,cascadiaisforplants,,cc-by-nc,1
Epipremnum aureum,69223,400998796,https://www.inaturalist.org/observations/400998796,research,2026-09-17,"HH74+9F - Curió-Utinga, Belém - Pará, Brazil",False,-1.4365733997,-48.4436531997,alexlees,Alexander Lees,cc-by,1
Epipremnum aureum,69223,400969782,https://www.inaturalist.org/observations/400969782,research,2026-09-17,"Southern Islands, Singapore",False,1.259402907,103.8075496629,skywings99,Mikeal Chan,,1
Epipremnum aureum,69223,400953536,https://www.inaturalist.org/observations/400953536,research,2026-09-17,"Rua Praia do Amor, Tibau Do Sul, RN, BR",False,-6.2313335952,-35.0426122355,sebastianhacher,Sebastián Hacher,cc-by-nc,1
Epipremnum aureum,69223,400933414,https://www.inaturalist.org/observations/400933414,needs_id,2026-09-17,"Chitradurga, Karnataka, IN",False,13.95466241,76.6339628463,dr__chandrashekar_s_y_,Dr. Chandrashekar S.Y. KSNUAHS Shivamogga,cc-by-nc,1
Epipremnum aureum,69223,400930651,https://www.inaturalist.org/observations/400930651,research,2026-09-17,"臺灣島, 中正區, 臺北市, TW",False,25.0370892082,121.524499646,yusheng1823,林育陞,cc-by-nc,1
Epipremnum aureum,69223,400929580,https://www.inaturalist.org/observations/400929580,research,2026-09-17,Kaafu Atoll,False,4.2870941162,73.5535964966,alina14575,Alina,cc-by-nc,1
Epipremnum aureum,69223,400910368,https://www.inaturalist.org/observations/400910368,needs_id,2026-09-17,"Kuala Lumpur, MY-KL-KL, MY",False,3.172831,101.704513,ehee47,DV,cc-by,1
Epipremnum aureum,69223,400908641,https://www.inaturalist.org/observations/400908641,research,2026-09-17,"CW66+5JJ, Arail Uparhar, Prayagraj, Uttar Pradesh 211019, India",False,25.4104638882,81.9115700573,abha6,Abha Jeurkar,cc-by-nc,1
Epipremnum aureum,69223,400897552,https://www.inaturalist.org/observations/400897552,needs_id,2026-08-17,"Pā'ea, French Polynesia",False,-17.6602235709,-149.5793351515,radinis,,cc-by-nc,1
Epipremnum aureum,69223,400894888,https://www.inaturalist.org/observations/400894888,research,2026-09-17,"Le Loi, Hai Chau, Da Nang, VN",False,16.0751337558,108.2200183534,buttonmushroom,ButtonMushroom,cc-by-nc,1
Epipremnum aureum,69223,400888785,https://www.inaturalist.org/observations/400888785,research,2026-09-17,"127, E.W.S colony, Sector 1, Paloura, Jammu, 181121",False,32.7637758,74.8349044,payal82992,Payal Kumari,cc-by-nc,1
Epipremnum aureum,69223,400783747,https://www.inaturalist.org/observations/400783747,research,2026-09-16,king edward VII hall,False,1.2931000968,103.7810538423,catherine40492,catherine,cc-by-nc,1
Epipremnum aureum,69223,400762835,https://www.inaturalist.org/observations/400762835,research,2026-02-19,"Mueang Krabi District, Krabi, TH",False,8.0385028333,98.8443133333,wiktorianie,Wiktoria Niewidok,cc-by-nc,1
Epipremnum aureum,69223,400704680,https://www.inaturalist.org/observations/400704680,needs_id,2026-09-16,"Avenida Vitória, 45 - Gurigica, Vitória - ES, 29050-800, Brasil",False,-20.3091533333,-40.307265,lucas_wellington,lucas wellington pereira da silva,cc-by-nc,1
Epipremnum aureum,69223,400701540,https://www.inaturalist.org/observations/400701540,needs_id,2026-09-16,"Le Lac Rd, Boca Raton, FL, US",False,26.411028754,-80.1396466577,trevor_mote,Trevor Mote,cc-by-nc,1
Epipremnum aureum,69223,400636790,https://www.inaturalist.org/observations/400636790,needs_id,2026-09-16,香港九龍荔枝角盈暉臺3座,False,22.3415831,114.1377595997,kasskass59,Kass Chan,cc-by-nc,2
Epipremnum aureum,69223,400623531,https://www.inaturalist.org/observations/400623531,needs_id,2026-09-16,"V83H+38X, Bhadole, Maharashtra 416112, India",False,16.85261047,74.32833246,raghunandan3,Raghunandan Patil,cc-by-nc,1
Epipremnum aureum,69223,400475804,https://www.inaturalist.org/observations/400475804,research,2026-08-28,"Jiang Wei-Shui Freeway, Shiding District, New Taipei City, TW",False,24.9814783333,121.67177,aquatica,Aquatica Mentha,,2
Epipremnum aureum,69223,400447329,https://www.inaturalist.org/observations/400447329,research,2026-09-15,"Central, SG",False,1.2686311479,103.8176173344,skywings99,Mikeal Chan,,1
Epipremnum aureum,69223,400446969,https://www.inaturalist.org/observations/400446969,research,2026-09-15,"The Pearl @ Mt Faber, Singapore",False,1.2767307616,103.8278710842,skywings99,Mikeal Chan,,1
Epipremnum aureum,69223,400423326,https://www.inaturalist.org/observations/400423326,research,2026-09-15,"國立清華大學, 東區, 新竹市, TW",False,24.7920616667,120.992805,zorasu,,cc-by-nc,1
Epipremnum aureum,69223,400403146,https://www.inaturalist.org/observations/400403146,needs_id,2026-09-14,"Waikamoi Ridge Trail, Haiku, HI, US",False,20.8742166667,-156.1865216667,melkweed,Oli W,cc-by-nc,1
Epipremnum aureum,69223,400403137,https://www.inaturalist.org/observations/400403137,research,2026-09-14,"Waikamoi Ridge Trail, Haiku, HI, US",False,20.874055,-156.18657,melkweed,Oli W,cc-by-nc,1
Epipremnum aureum,69223,400401194,https://www.inaturalist.org/observations/400401194,research,2026-09-15,"Kuala Lumpur, MY-KL-KL, MY",False,3.172511,101.674435,ehee47,DV,cc-by,1
Epipremnum aureum,69223,400400938,https://www.inaturalist.org/observations/400400938,research,2026-09-15,"國立清華大學, 東區, 新竹市, TW",False,24.7898298828,120.9938522285,andy-,黃冠維,cc-by-nc,1
Epipremnum aureum,69223,400376268,https://www.inaturalist.org/observations/400376268,needs_id,2026-09-15,"臺中市立臺中女子高級中等學校, 西區, 臺中市, TW",False,24.1355862922,120.6763040132,naturalist37511,21004朱彥錡,cc-by-nc,1
Epipremnum aureum,69223,400375963,https://www.inaturalist.org/observations/400375963,research,2026-09-15,"臺中市立臺中女子高級中等學校, 西區, 臺中市, TW",False,24.1354137664,120.6766002572,naturalist37511,21004朱彥錡,cc-by-nc,1
Epipremnum aureum,69223,400356160,https://www.inaturalist.org/observations/400356160,needs_id,2026-07-18,"Kairuku-Hiri District, Central Province, Papua New Guinea",False,-9.4059337738,147.2723593082,tmccarthey,,cc-by-nc,1
Epipremnum aureum,69223,400207710,https://www.inaturalist.org/observations/400207710,needs_id,2026-09-13,"S Rosemary Ave, West Palm Beach, FL, US",False,26.7081372177,-80.0571201299,cindy62715,Cindy Hodges,cc-by-nc,1
Epipremnum aureum,69223,400128611,https://www.inaturalist.org/observations/400128611,needs_id,2026-08-31,"臺灣島, 板橋區, 新北市, TW",False,25.0189789067,121.471372386,how1027lin,,cc-by-nc,1
Epipremnum aureum,69223,400095986,https://www.inaturalist.org/observations/400095986,research,2026-09-14,813台灣高雄市左營區埤東里198號,False,22.6781083333,120.2912555556,ssnp139,黃天灶,,1
Epipremnum aureum,69223,400071636,https://www.inaturalist.org/observations/400071636,needs_id,2026-09-14,"Cyberjaya, Selangor, MY",False,2.9100053103,101.6209423134,aiman_azmi,Aiman Azmi,cc-by-nc-sa,1
Epipremnum aureum,69223,400004240,https://www.inaturalist.org/observations/400004240,needs_id,2026-09-13,"Spring Creek Dr, Sarasota, FL, US",False,27.3057378418,-82.534368616,isilwen87,,cc-by-nc,1
Epipremnum aureum,69223,399951480,https://www.inaturalist.org/observations/399951480,research,2026-09-13,"Zhongxin St, Beitou District, Taipei City, TW",False,25.1382033108,121.5109270347,radtklau,,cc-by-nc,1
Epipremnum aureum,69223,399937641,https://www.inaturalist.org/observations/399937641,research,2026-09-10,"Puerto Rico, Punta Santiago, PR, US",False,18.1665333333,-65.7431716667,alyssa_jc,alyssa_jc,cc-by-nc,2
Epipremnum aureum,69223,399863611,https://www.inaturalist.org/observations/399863611,needs_id,2026-09-13,600台灣嘉義市東區,False,23.4814094254,120.4708760174,turtle_fish,吳威,,1
Epipremnum aureum,69223,399862784,https://www.inaturalist.org/observations/399862784,needs_id,2026-09-13,"Mirakhpur Kachhar, Uttar Pradesh, India",False,25.4069766296,81.8472010642,prof_bipasha_david_,Bipasha David,cc-by-nc,1
Epipremnum aureum,69223,399789430,https://www.inaturalist.org/observations/399789430,needs_id,2026-08-22,"Jalan Kartika Plaza, Kabupaten Badung, Bali, ID",False,-8.7282833333,115.1694633333,phibbles,,cc-by-nc,1
Epipremnum aureum,69223,399762711,https://www.inaturalist.org/observations/399762711,needs_id,2026-09-13,"臺灣島, 左營區, 高雄市, TW",False,22.6775283481,120.2917143656,ssnp140,王美秀,cc-by-nc-sa,1
Epipremnum aureum,69223,399731331,https://www.inaturalist.org/observations/399731331,research,2026-09-13,Saipan,False,15.1868515015,145.743270874,fljt88,,cc-by-nc,1
Epipremnum aureum,69223,399727032,https://www.inaturalist.org/observations/399727032,needs_id,2024-01-04,"El Portal Trail, Río Grande, PR, US",False,18.3399916667,-65.7628783333,marklovestrees,marco-polo,cc-by-nc,1
Epipremnum aureum,69223,399721190,https://www.inaturalist.org/observations/399721190,needs_id,2026-09-12,"S Pipeline Rd, Fort Worth, TX, US",False,32.8211721457,-97.094840458,lizzi_hicks,,cc-by-nc,1
Epipremnum aureum,69223,399688554,https://www.inaturalist.org/observations/399688554,needs_id,2025-12-11,"Wulai District, New Taipei City, Taiwan 233",False,24.848475,121.5513222222,stevenw12339,Steven Wang,,1
Epipremnum aureum,69223,399676375,https://www.inaturalist.org/observations/399676375,needs_id,2026-09-13,"Faleolo, Samoa",False,-13.8259566155,-172.0283580552,dulagarl,,cc-by-nc,1
Epipremnum aureum,69223,399554853,https://www.inaturalist.org/observations/399554853,needs_id,2026-09-12,"Fourth St N, Saint Petersburg, FL, US",False,27.7904632134,-82.6376490937,matt56271,Matt Bonilla,cc-by-nc,1
Epipremnum aureum,69223,399419202,https://www.inaturalist.org/observations/399419202,needs_id,2026-09-12,"Bagayam, Tamil Nadu 632002, India",False,12.878390383,79.1292936914,akshay94411,AKSHAY KUMAR,cc-by-nc,1
Epipremnum aureum,69223,399216797,https://www.inaturalist.org/observations/399216797,needs_id,2026-07-19,"Nanhai District, Foshan, Guangdong Province, China",False,23.1386938012,113.0160862497,zmp,MP Zhou,cc-by-nc,2
Epipremnum aureum,69223,399186800,https://www.inaturalist.org/observations/399186800,research,2026-09-10,"Maui County, US-HI, US",False,20.8785100533,-156.2003776936,simcartographer,Harrison Cole,cc-by,1
Epipremnum aureum,69223,399149676,https://www.inaturalist.org/observations/399149676,research,2026-07-17,"São Luiz, RR, BR",False,1.0219805,-60.0373,imaculada_ramalho,Imaculada Ramalho,,2
Epipremnum aureum,69223,399087621,https://www.inaturalist.org/observations/399087621,needs_id,2026-08-26,"Holly Fern Chase, Ormond Beach, FL, US",False,29.2600227718,-81.1598435219,joe41804,Joe Chance,cc-by-nc,1
Epipremnum aureum,69223,399025559,https://www.inaturalist.org/observations/399025559,research,2026-09-10,"Baisha Rd, Hengchun Township, Pingtung County, TW",False,21.9363845722,120.7182536828,jule97,,cc-by-nc,1
Epipremnum aureum,69223,399013981,https://www.inaturalist.org/observations/399013981,needs_id,2026-09-10,"Foxtail Dr, Greenacres, FL, US",False,26.6426783588,-80.1417093885,cheapskate77,,cc-by-nc,1
Epipremnum aureum,69223,398969627,https://www.inaturalist.org/observations/398969627,needs_id,2026-09-10,"Sanam Chan Road, Mueang Nakhon Pathom District, Nakhon Pathom, TH",False,13.8201341582,100.0397065355,pitchrumpa,Pitchrumpa Suriyapan,cc-by-nc,1
Epipremnum aureum,69223,398954683,https://www.inaturalist.org/observations/398954683,research,2025-06-10,"R7VG+VH5, Krishna Nagar, Agartala, Tripura 799001, India",False,23.844629945,91.2764833868,rittika2,Rittika Bhowmik,cc-by-nc,1
Epipremnum aureum,69223,398951877,https://www.inaturalist.org/observations/398951877,research,2026-06-30,"Santo Domingo Este, DO-SD, DO",False,18.4811186445,-69.8435233748,anaemi_rmro,,cc-by-nc,1
Epipremnum aureum,69223,398943339,https://www.inaturalist.org/observations/398943339,research,2026-09-10,"Kenting National Park, Hengchun, Pingtung, TW",False,21.9363514846,120.7183062115,e-u,,cc-by-nc,1
Epipremnum aureum,69223,398819251,https://www.inaturalist.org/observations/398819251,needs_id,2022-03-12,"Kapalua, HI 96761, USA",False,21.0139361111,-156.6342,awharvey,Alan Harvey,cc-by-nc,1
Epipremnum aureum,69223,398816699,https://www.inaturalist.org/observations/398816699,needs_id,2026-09-09,"Holly Dr @ USF Myrtle Dr, Tampa, FL 33620, USA",False,28.0648083333,-82.4110883333,ray29586,ray Shi,,1
Epipremnum aureum,69223,398792041,https://www.inaturalist.org/observations/398792041,research,2024-03-29,"Kauaʻi, Princeville, HI, US",False,22.2185166667,-159.58583,dustinsummer,Dustin Smith,,1
Epipremnum aureum,69223,398752748,https://www.inaturalist.org/observations/398752748,needs_id,2015-01-11,"Phuket, Thaimaa",False,7.9774802575,98.3505259298,terolinjama,Tero Linjama,cc0,1
Epipremnum aureum,69223,398734271,https://www.inaturalist.org/observations/398734271,research,2026-09-09,"Tiverton Dr, Brandon, FL, US",False,27.9138040536,-82.3076219413,krystal_op,,cc-by-nc,5
Epipremnum aureum,69223,398715686,https://www.inaturalist.org/observations/398715686,research,2024-01-04,"Río Grande, PR",False,18.3399916667,-65.7628783333,marklovestrees,marco-polo,cc-by-nc,1
Epipremnum aureum,69223,398710437,https://www.inaturalist.org/observations/398710437,research,2024-01-04,"Río Grande, PR",False,18.33998,-65.7628783333,marklovestrees,marco-polo,cc-by-nc,2
Epipremnum aureum,69223,398663059,https://www.inaturalist.org/observations/398663059,research,2026-09-09,"Pua District, Nan, TH",False,19.1651558955,100.9338557071,mac86193,mac ph.,cc-by-nc,1
Epipremnum aureum,69223,398654817,https://www.inaturalist.org/observations/398654817,research,2026-09-09,813台灣高雄市左營區埤東里198號,False,22.6781333333,120.2912911111,ssnp139,黃天灶,,1
Epipremnum aureum,69223,398640514,https://www.inaturalist.org/observations/398640514,needs_id,2026-09-09,"Zhongshan District, Taipei City, TW",False,25.0627056809,121.5393146764,liubelinda,杜鵑花,cc-by-nc,1
Epipremnum aureum,69223,398640132,https://www.inaturalist.org/observations/398640132,needs_id,2026-09-09,Mueang Nakhon Pathom District,False,13.820306778,100.0407562256,bbx2,,cc-by-nc,1
Epipremnum aureum,69223,398607208,https://www.inaturalist.org/observations/398607208,needs_id,2026-09-08,"PR-175, Trujillo Alto, PR, US",False,18.3262383333,-66.0171138333,alanis8705,Alanis Rodríguez Ortiz,cc-by-nc,1
Epipremnum aureum,69223,398573127,https://www.inaturalist.org/observations/398573127,needs_id,2026-09-08,"Sarasota County, US-FL, US",False,27.2713674215,-82.4356480681,ejmoralesoyola,Erick Morales Oyola,cc-by-nc,2
Epipremnum aureum,69223,398569727,https://www.inaturalist.org/observations/398569727,research,2026-09-08,"Rua São Marcos, 2134-2136 - São Marcos, Salvador - BA, Brasil - São Marcos, Salvador - BA, 41253-247, Brasil",False,-12.9296963997,-38.4343548,gabrielfialho,Gabriel Cardoso Fialho,cc0,1
Epipremnum aureum,69223,398569279,https://www.inaturalist.org/observations/398569279,research,2026-09-08,"Rua São Marcos, 2134-2136 - São Marcos, Salvador - BA, Brasil - São Marcos, Salvador - BA, 41253-247, Brasil",False,-12.9296613099,-38.4345689043,gabrielfialho,Gabriel Cardoso Fialho,cc0,1
Epipremnum aureum,69223,398448229,https://www.inaturalist.org/observations/398448229,research,2026-08-06,"West Nusa Tenggara, ID",False,-8.3675783333,116.0777805,lunalilac19,Luna,,1
Epipremnum aureum,69223,398372168,https://www.inaturalist.org/observations/398372168,needs_id,2026-02-16,"Unknown7, JP-SZ, JP",True,26.7490846277,142.13149479,shou_1221,Shou Saito,cc-by-nc,1
Epipremnum aureum,69223,398279275,https://www.inaturalist.org/observations/398279275,needs_id,2026-09-02,"Kabupaten Aceh Tamiang, Aceh, Indonesia",False,4.3252717167,98.0997476444,anncmay,anggun ludhfiyah,cc-by-nc,1
Epipremnum aureum,69223,398277089,https://www.inaturalist.org/observations/398277089,research,2026-09-05,"Av. Adhemar de Barros, S/N - Ondina, Salvador - BA, Brasil - Ondina, Salvador - BA, 40170-010, Brasil",False,-13.0045704857,-38.5100730881,teleosteus,Francyel Mateus Alves,cc-by-nc,1
Epipremnum aureum,69223,398262750,https://www.inaturalist.org/observations/398262750,needs_id,2026-09-08,950台灣臺東縣臺東市東方大鎮,False,22.7679433333,121.12421,ku6777,古國順,,1
Epipremnum aureum,69223,398256548,https://www.inaturalist.org/observations/398256548,research,2026-09-08,Bardon,False,-27.4614124298,152.9740447998,keyurbhatti,keyur bhatti,,1
Epipremnum aureum,69223,398146999,https://www.inaturalist.org/observations/398146999,research,2026-09-07,"Avenida Inhamã, Igarassu, PE, BR",False,-7.88403,-34.8932616667,sandeji,SandejieMariaClara,cc-by-nc,1
Epipremnum aureum,69223,398067380,https://www.inaturalist.org/observations/398067380,research,2026-09-07,"Jalan Raya Pengosekan, Gianyar, Bali, ID",False,-8.5228783333,115.2631216667,borosbobo,Botond Boros,cc-by-nc,1
Epipremnum aureum,69223,398017949,https://www.inaturalist.org/observations/398017949,research,2026-02-21,"Campamento Piñones, Carolina, Loíza, Puerto Rico",False,18.4497194444,-65.9563833333,franklincgrahamiv,Franklin Charles Graham IV,cc-by-nc,1
Epipremnum aureum,69223,397996164,https://www.inaturalist.org/observations/397996164,research,2026-09-06,"Route des Ananas, French Polynesia, PF",False,-17.5206616667,-149.84662,nugn,Hugh Chan,cc-by,1
Epipremnum aureum,69223,397929766,https://www.inaturalist.org/observations/397929766,needs_id,2026-08-31,"Plazoleta Camilo Torres, Bucaramanga, Santander, CO",False,7.1404127577,-73.1218360338,alvaro_delgado,Alvaro Delgado,cc-by-nc,1
Epipremnum aureum,69223,397775634,https://www.inaturalist.org/observations/397775634,research,2026-09-06,"壽山國家自然公園, 左營區, 高雄市, TW",False,22.6947762602,120.3040112714,ssnp021-etcmis,,cc-by-nc,1
Epipremnum aureum,69223,397773909,https://www.inaturalist.org/observations/397773909,research,2026-08-29,"Kuala Lumpur, Federal Territory of Kuala Lumpur, Malaysia",False,3.150521586,101.701732702,makss,Maks Syratt,cc-by-nc,1
Epipremnum aureum,69223,397708151,https://www.inaturalist.org/observations/397708151,needs_id,2026-08-24,"23/11, Bara Karan, Teynampet, Chennai, Tamil Nadu 600086, India",False,13.0505371898,80.2514127642,aishwaryaabirami,Aishwarya,cc-by-nc,1
Epipremnum aureum,69223,397668939,https://www.inaturalist.org/observations/397668939,needs_id,2026-09-05,"Jalan Wastukancana, Bandung, West Java, ID",False,-6.9130900564,107.6099562861,keisha32092,Keisha Athaya Sayidina,cc-by-nc,1
Epipremnum aureum,69223,397665111,https://www.inaturalist.org/observations/397665111,needs_id,2026-09-06,"Anshan Ln, Namaxia District, Kaohsiung City, TW",False,23.2188552179,120.692635938,naturalist152309,蔡姿,cc-by-nc,1
Epipremnum aureum,69223,397636324,https://www.inaturalist.org/observations/397636324,research,2026-09-05,"Kauai County, US-HI, US",False,22.2170646715,-159.5875361867,john97330,John Morris,cc-by-nc,1
Epipremnum aureum,69223,397604696,https://www.inaturalist.org/observations/397604696,needs_id,2026-09-04,"Lahaina, HI 96761, USA",False,21.013393174,-156.6364903003,jeffreyleeisanaturalist,Jeffrey Lee (he/him/his),cc-by,2
Epipremnum aureum,69223,397560645,https://www.inaturalist.org/observations/397560645,research,2026-08-21,"Altagracia, Nicaragua",False,11.5184025469,-85.5675908095,mateojuan,Mateo Juan,,1
Epipremnum aureum,69223,397540402,https://www.inaturalist.org/observations/397540402,research,2026-09-05,"Carrollwood, FL 33625, USA",False,28.0778789444,-82.5686874167,xanderferret,,cc-by,1
Epipremnum aureum,69223,397532013,https://www.inaturalist.org/observations/397532013,needs_id,2026-06-15,"Kanoelehua Ave, Hilo, HI, US",False,19.6894247172,-155.0658067102,jjspring,,cc-by-nc,1
Epipremnum aureum,69223,397494613,https://www.inaturalist.org/observations/397494613,research,2026-09-04,"Route 334, St. Thomas, United States Virgin Islands, US",False,18.354855,-64.9621583333,rhae2,Rhae laettner,,1
Epipremnum aureum,69223,397488155,https://www.inaturalist.org/observations/397488155,research,2026-08-25,"Maui County, US-HI, US",False,20.8747448353,-156.1861402519,ddub,,,1
Epipremnum aureum,69223,397473751,https://www.inaturalist.org/observations/397473751,needs_id,2026-09-05,"Soi Tha It, Pak Kret District, Nonthaburi, TH",False,13.897305,100.4774866667,michael_l6,Michael L,,1
Epipremnum aureum,69223,397319430,https://www.inaturalist.org/observations/397319430,needs_id,2026-09-04,"Maui County, US-HI, US",False,20.8821281835,-156.5370702415,mekushka,,cc-by-nc,1
Epipremnum aureum,69223,397193879,https://www.inaturalist.org/observations/397193879,needs_id,2026-08-31,"Hazel Rd, Naples, FL, US",False,26.1478528333,-81.7633966667,rachelt2,Rachel Tablada,,2
Epipremnum aureum,69223,397109229,https://www.inaturalist.org/observations/397109229,research,2026-09-01,"Architecture Dr, Singapore, SG, SG",False,1.2966732198,103.7715263053,qiyan2,Qiyan Guo,cc-by-nc,1
Epipremnum aureum,69223,397073666,https://www.inaturalist.org/observations/397073666,research,2026-08-19,335台灣桃園市大溪區,False,24.8878516667,121.2733816667,chiuluan,,cc-by,3
Epipremnum aureum,69223,397058527,https://www.inaturalist.org/observations/397058527,needs_id,2026-09-04,"Nathan QLD 4111, Australia",False,-27.55269488,153.05753756,alexis_wright,,cc-by-nc,1
Epipremnum aureum,69223,397022280,https://www.inaturalist.org/observations/397022280,needs_id,2026-09-03,"Malorua, VU-SE, VU",False,-17.5419666667,168.2691366667,pacificlandseafoundation,Pacific Land &amp; Sea Foundation,cc-by-nc,1
Epipremnum aureum,69223,396959072,https://www.inaturalist.org/observations/396959072,research,2026-08-06,"Maradhoo, Addu City, Maldives",False,-0.6662833333,73.1219138889,aldhee,Ali Ahmed Didi,cc-by-nc,1
Epipremnum aureum,69223,396930911,https://www.inaturalist.org/observations/396930911,needs_id,2026-09-03,"Ikere, Ekiti, NG",False,7.4620553874,5.2963618746,yakubuf,,cc-by-nc,1
Epipremnum aureum,69223,396898787,https://www.inaturalist.org/observations/396898787,needs_id,2021-06-01,"Winding River Dr, Valrico, FL, US",False,27.868355,-82.2547,willowj2,,cc-by-nc,1
Epipremnum aureum,69223,396890222,https://www.inaturalist.org/observations/396890222,needs_id,2026-09-03,"12-5-2, Revenue Ward No 12, Sharada Nagar, Ananthapur, Anantapur, Andhra Pradesh 515001, India",False,14.6661783,77.6014086,sansaro,sansaro s,cc-by-nc,1
Epipremnum aureum,69223,396882577,https://www.inaturalist.org/observations/396882577,research,2026-09-03,"Architecture Dr, Singapore, SG, SG",False,1.2977390119,103.7702949852,naturalist188967,,cc-by-nc,1
Epipremnum aureum,69223,396801141,https://www.inaturalist.org/observations/396801141,needs_id,2026-09-02,"Daan District, Taipei City, TW",False,25.0348221667,121.5411966667,pastinaca,Chiu Chiu train,cc-by-nc,1
Epipremnum aureum,69223,396646292,https://www.inaturalist.org/observations/396646292,research,2026-09-02,"University of Puerto Rico - Río Piedras Campus, San Juan, PR, US",False,18.4013550451,-66.0493728712,ariaanagv,,cc-by-nc,1
Epipremnum aureum,69223,396618441,https://www.inaturalist.org/observations/396618441,needs_id,2026-09-02,"College Lane, Quezon City, Metro Manila, PH",False,14.6386459379,121.0780689965,biancalaurenn,,cc-by-nc,1
Epipremnum aureum,69223,396602059,https://www.inaturalist.org/observations/396602059,needs_id,2026-09-02,"Longjiang Rd, Zhongshan District, Taipei City, TW",False,25.0632055,121.5396716667,liubelinda,杜鵑花,cc-by-nc,1
Epipremnum aureum,69223,396572722,https://www.inaturalist.org/observations/396572722,needs_id,2026-09-02,100台灣臺北市中正區南門,False,25.0346112998,121.5154094249,naturalist154287,陳美慧,cc-by-nc,1
Epipremnum aureum,69223,396552187,https://www.inaturalist.org/observations/396552187,needs_id,2023-07-24,"Saint Ann, Middlesex County, JM",False,18.4170583469,-77.1397909769,bloomingtmrw,Noah Butters,cc-by-nc,1
Epipremnum aureum,69223,396551270,https://www.inaturalist.org/observations/396551270,research,2023-07-24,"Saint Ann, Middlesex County, JM",False,18.4169916667,-77.1398083333,bloomingtmrw,Noah Butters,cc-by-nc,1
Epipremnum aureum,69223,396322639,https://www.inaturalist.org/observations/396322639,needs_id,2026-09-01,"Jalan Ceylon, Kuala Lumpur, Kuala Lumpur, MY",False,3.1484833333,101.706055,ekaterina_panova,Екатерина Панова,cc-by-nc,1
Epipremnum aureum,69223,396321614,https://www.inaturalist.org/observations/396321614,research,2026-08-28,"Shiding District, New Taipei City, Taiwan 223",False,24.9811888889,121.6723388889,lecanorchis,,cc-by-nc-nd,1
Epipremnum aureum,69223,396293674,https://www.inaturalist.org/observations/396293674,research,2026-08-31,"W Palmetto Park Rd, Boca Raton, FL, US",False,26.3479333333,-80.19358,nyasenior,,cc-by-nc,1
Epipremnum aureum,69223,396274874,https://www.inaturalist.org/observations/396274874,research,2024-08-31,"SW 130th Ave, Davie, FL, US",False,26.0734338404,-80.3237651466,nova-rx,Ryan,cc0,1
Epipremnum aureum,69223,396169710,https://www.inaturalist.org/observations/396169710,research,2026-08-31,"Hazel Rd, Naples, FL, US",False,26.1478528333,-81.7633966667,rachelt2,Rachel Tablada,,2
Epipremnum aureum,69223,396141918,https://www.inaturalist.org/observations/396141918,needs_id,2026-08-31,"North Atlantic Ocean, FL, US",False,26.4682614836,-80.0483335935,jasminesilvennoinen,,cc-by-nc,2
Epipremnum aureum,69223,396118657,https://www.inaturalist.org/observations/396118657,research,2026-08-31,"Rua Doutor Renato Riggio, 1822 - Parque das Nacoes, Indaiatuba - SP, 13346-090, Brasil",False,-23.1129698484,-47.2276651114,walter_de_lima,The Great Walter,cc-by,2
Epipremnum aureum,69223,396117567,https://www.inaturalist.org/observations/396117567,needs_id,2026-08-25,"Gurabo, PR, US",False,18.2401866667,-66.0071722167,alanis8705,Alanis Rodríguez Ortiz,cc-by-nc,3
Epipremnum aureum,69223,396043405,https://www.inaturalist.org/observations/396043405,research,2026-08-30,"Carrollwood Village Phase II, Greater Carrollwood, FL, USA",False,28.0707149444,-82.5216064444,xanderferret,,cc-by,2
Epipremnum aureum,69223,396036334,https://www.inaturalist.org/observations/396036334,needs_id,2026-08-30,"Bhalak, Gujarat 384315, India",False,23.7198222222,72.6441361111,bhumithakor4216,Bhumi Thakor,cc-by-nc,1
Epipremnum aureum,69223,396030589,https://www.inaturalist.org/observations/396030589,research,2026-08-30,"Dewey St, Hollywood, FL, US",False,26.0027777833,-80.1547,nova-rx,Ryan,cc0,2
Epipremnum aureum,69223,396030511,https://www.inaturalist.org/observations/396030511,research,2026-08-30,"Madison St, Hollywood, FL, US",False,26.0062527833,-80.1543666667,nova-rx,Ryan,cc0,3
Epipremnum aureum,69223,396026488,https://www.inaturalist.org/observations/396026488,research,2026-08-30,"Clementi Ave 4, Singapore, SG, SG",False,1.3228966667,103.7647783333,potatotel,potatotel,cc-by-nc,1
Epipremnum aureum,69223,395987401,https://www.inaturalist.org/observations/395987401,research,2026-08-28,"臺灣島, 文山區, 臺北市, TW",False,24.9827966667,121.5549216667,summer82,Summer Wu,,2
Epipremnum aureum,69223,395977630,https://www.inaturalist.org/observations/395977630,research,2026-08-30,"Aiea Heights Dr, Aiea, HI, US",False,21.3982866667,-157.9019,aflyingunicorn,Nathan Nguyen,cc-by,1
Epipremnum aureum,69223,395942999,https://www.inaturalist.org/observations/395942999,research,2026-08-30,"Hollywood Blvd, Hollywood, FL, US",False,26.0113916667,-80.154275,nova-rx,Ryan,cc0,1
Epipremnum aureum,69223,395866075,https://www.inaturalist.org/observations/395866075,needs_id,2026-08-30,Palmer,False,18.340795517,-65.7635726929,pkthomas88,,cc-by-nc,1
Epipremnum aureum,69223,395769001,https://www.inaturalist.org/observations/395769001,research,2026-07-27,"QWHH+XJH, Mae Tho, Mueang Tak District, Tak 63000, Thailand",False,16.7800527778,98.9288027778,gaell,Gaell Mainguy,cc-by-nc-nd,1
Epipremnum aureum,69223,395709855,https://www.inaturalist.org/observations/395709855,needs_id,2026-05-30,"Little Princess, Christiansted, United States Virgin Islands, US",False,17.7466366667,-64.727355,oldcarpet,,cc-by-nc,1
Epipremnum aureum,69223,395691055,https://www.inaturalist.org/observations/395691055,needs_id,2026-08-30,"Muntilan, Kec. Muntilan, Kabupaten Magelang, Jawa Tengah, Indonesia",False,-7.577611154,110.2727480964,keyzaauliafallaanayya,anayya,cc-by-nc,1
Epipremnum aureum,69223,395679061,https://www.inaturalist.org/observations/395679061,needs_id,2026-08-30,813台灣高雄市左營區埤東里198號,False,22.6782066695,120.2913048863,ssnp007,李江春,,1
Epipremnum aureum,69223,395661276,https://www.inaturalist.org/observations/395661276,needs_id,2026-08-29,,True,,,liadis1,,cc-by-nc,1
Epipremnum aureum,69223,395516942,https://www.inaturalist.org/observations/395516942,needs_id,2026-08-25,"Viñales, CU-PR, CU",False,22.6229575081,-83.7061485578,johanna_be,Johanna Berger,,1
Epipremnum aureum,69223,395458516,https://www.inaturalist.org/observations/395458516,needs_id,2026-08-29,231台灣新北市新店區美城里碧潭,False,24.9534859635,121.5334861233,kuman,大俠,cc-by-nc-sa,1
Epipremnum aureum,69223,395403891,https://www.inaturalist.org/observations/395403891,research,2026-07-18,"Kaumualii Hwy, Lāwai, HI, US",False,21.926410022,-159.5080618945,cortney21153,Cortney Bloomer,cc-by-nc,1
Epipremnum aureum,69223,395352725,https://www.inaturalist.org/observations/395352725,research,2026-08-28,"NW Fifth Ave, Boca Raton, FL, US",False,26.377875,-80.0915138333,groundtrutheco,,cc-by-nc,1
Epipremnum aureum,69223,395322127,https://www.inaturalist.org/observations/395322127,needs_id,2026-08-28,"Woodset Way, Boca Raton, FL, US",False,26.3487916667,-80.223275,nyasenior,,cc-by-nc,1
Epipremnum aureum,69223,395168908,https://www.inaturalist.org/observations/395168908,research,2026-08-02,"Soi Song Phon 5, Mueang Nakhon Pathom District, Nakhon Pathom, TH",False,13.8121047974,100.0387642553,areeporn,Areeporn Eaksuk,cc-by-nc,1
Epipremnum aureum,69223,395159439,https://www.inaturalist.org/observations/395159439,research,2026-08-28,"Green Island QLD, Australia",False,-16.758715,145.974802,richardlitt,Richard Littauer,cc0,2
Epipremnum aureum,69223,395126065,https://www.inaturalist.org/observations/395126065,research,2026-08-28,"Central, SG",False,1.2893589688,103.8480995911,joe_pickford,Joe Pickford,cc-by-nc,1
Epipremnum aureum,69223,395121048,https://www.inaturalist.org/observations/395121048,research,2026-08-27,"Central, SG",False,1.2665395368,103.8124121726,skywings99,Mikeal Chan,,1
Epipremnum aureum,69223,395118237,https://www.inaturalist.org/observations/395118237,research,2026-07-19,"Wailua Homesteads, HI 96746, USA",False,22.0520083333,-159.3667138889,cinnamon325,Dimitris Salas,,1
Epipremnum aureum,69223,395114224,https://www.inaturalist.org/observations/395114224,research,2026-08-28,"F9WX+JQ2, Nitai Nagar, Mukundapur, Kolkata, West Bengal 700099, India",False,22.4964870933,88.3990293369,bushra89863,Bushra Tanweer,cc-by-nc,1
Epipremnum aureum,69223,395107650,https://www.inaturalist.org/observations/395107650,needs_id,2026-08-17,"Webster's Drive, George Town, George, KY",False,19.2734083333,-81.3892283333,caymannature,Ann Stafford,cc-by-nc,3
Epipremnum aureum,69223,394964843,https://www.inaturalist.org/observations/394964843,research,2026-08-21,"Fitzroy Island QLD 4871, Australia",False,-16.9295455719,145.9900286627,sarah_having_fun,Sarah Sun,cc-by-nc,1
Epipremnum aureum,69223,394950672,https://www.inaturalist.org/observations/394950672,research,2026-08-25,"Gurabo, PR, US",False,18.240155,-66.0072111167,hernandezbriany_,,cc-by-nc,3
Epipremnum aureum,69223,394816748,https://www.inaturalist.org/observations/394816748,research,2026-08-14,"Cayey, PR, US",False,18.1188595415,-66.1621305917,suleyxis23,Suleyxis Ríos,cc-by-nc,1
Epipremnum aureum,69223,394813492,https://www.inaturalist.org/observations/394813492,needs_id,2026-08-27,"College Lane, Quezon City, Metro Manila, PH",False,14.6402283333,121.0769195,mehkiah_ocean_d_,Mehkiah Ocean D. Bautista,cc-by-nc,1
Epipremnum aureum,69223,394805317,https://www.inaturalist.org/observations/394805317,research,2026-08-26,"Cayey, PR, US",False,18.1188566314,-66.1621297588,suleyxis23,Suleyxis Ríos,cc-by-nc,1
Epipremnum aureum,69223,394776935,https://www.inaturalist.org/observations/394776935,research,2026-08-26,"Cayey, PR, US",False,18.1188558008,-66.1621295186,suleyxis23,Suleyxis Ríos,cc-by-nc,1
Epipremnum aureum,69223,394692646,https://www.inaturalist.org/observations/394692646,research,2026-08-26,"Av. Nossa Sra. da Penha, 407 - Ponto Final da Penha - Penha, João Pessoa - PB, 58047-010, Brasil",False,-7.1657277778,-34.7957416667,daygo_nf,Natan de Freitas,cc-by-nc,1
Epipremnum aureum,69223,394624126,https://www.inaturalist.org/observations/394624126,research,2026-08-26,"Singapore, SG, SG",False,1.2880583333,103.788795,ktktttt,Keng Tong Lee,cc-by-nc,1
Epipremnum aureum,69223,394599106,https://www.inaturalist.org/observations/394599106,needs_id,2026-08-23,"Pococi, Limon, CR",False,10.542155,-83.5018916667,arachon,Frederik Leck Fischer,cc-by-nc,2
Epipremnum aureum,69223,394550558,https://www.inaturalist.org/observations/394550558,needs_id,2026-08-25,"Gurabo, PR, US",False,18.2401966667,-66.00709445,akamil,,cc-by-nc,2
Epipremnum aureum,69223,394543105,https://www.inaturalist.org/observations/394543105,needs_id,2026-08-26,"67VG+45H FKIP - GSG Bridge, Kandang Limun, Muara Bangka Hulu, Bengkulu City, Bengkulu 38119, Indonesia",False,-3.757265,102.2752,prayogo,Bang Bang,cc-by-nc,1
Epipremnum aureum,69223,394541797,https://www.inaturalist.org/observations/394541797,needs_id,2026-08-26,"67VF+6WG, Kandang Limun, Kec. Muara Bangka Hulu, Kota Bengkulu, Bengkulu 38119, Indonesia",False,-3.7573216667,102.275035,prayogo,Bang Bang,cc-by-nc,1
Epipremnum aureum,69223,394460427,https://www.inaturalist.org/observations/394460427,needs_id,2026-08-25,"Cayey, PR, US",False,18.1190471667,-66.1602166667,jadielgarcia,Jadiel J. García Peña,cc-by-nc,3
Epipremnum aureum,69223,394429924,https://www.inaturalist.org/observations/394429924,research,2026-08-25,"WWF6+F3X, Vejalpore, Navsari, Gujarat 396450, India",False,20.9238433527,72.9099404812,drcfchaudhari,Dr. C. F. Chaudhari,cc-by-nc,3
Epipremnum aureum,69223,394384563,https://www.inaturalist.org/observations/394384563,needs_id,2026-08-25,"Prima Square, Bandar Indah, 90000 Sandakan, Sabah, Malezya",False,5.8558061784,118.0721950158,sabi,saba,cc-by-nc-sa,2
Epipremnum aureum,69223,394384289,https://www.inaturalist.org/observations/394384289,research,2026-07-30,"S Winners Cir, Davie, FL, US",False,26.0638205587,-80.3147591481,kati17614,kati lea,cc-by-nc,1
Epipremnum aureum,69223,394304581,https://www.inaturalist.org/observations/394304581,research,2026-08-20,"Zhongshan District, Taipei City, TW",False,25.0911680097,121.5395070614,trustme3344,,,1
Epipremnum aureum,69223,394244974,https://www.inaturalist.org/observations/394244974,research,2026-08-16,"Cairns QLD, Australia",False,-16.8988916667,145.7529305556,sarah_having_fun,Sarah Sun,cc-by-nc,2
Epipremnum aureum,69223,394207590,https://www.inaturalist.org/observations/394207590,needs_id,2026-08-23,Pituaçu,False,-12.9616129918,-38.412004821,teleosteus,Francyel Mateus Alves,cc-by-nc,2
Epipremnum aureum,69223,394136431,https://www.inaturalist.org/observations/394136431,needs_id,2026-08-20,"Maleza Baja, Aguadilla 00603, Puerto Rico",False,18.504295,-67.14285,severalcreatures,,cc-by-nc,1
Epipremnum aureum,69223,394136328,https://www.inaturalist.org/observations/394136328,needs_id,2026-08-20,"Aguadilla, PR",False,18.5081011039,-67.1335550953,severalcreatures,,cc-by-nc,1
Epipremnum aureum,69223,394136326,https://www.inaturalist.org/observations/394136326,needs_id,2026-08-20,"Aguadilla, PR",False,18.5081011039,-67.1335550953,severalcreatures,,cc-by-nc,1
Epipremnum aureum,69223,394136316,https://www.inaturalist.org/observations/394136316,needs_id,2026-08-20,"Aguadilla, PR",False,18.5081011039,-67.1335550953,severalcreatures,,cc-by-nc,1
Epipremnum aureum,69223,394136315,https://www.inaturalist.org/observations/394136315,needs_id,2026-08-20,"Aguadilla, PR",False,18.5081011039,-67.1335550953,severalcreatures,,cc-by-nc,1
Epipremnum aureum,69223,394116118,https://www.inaturalist.org/observations/394116118,needs_id,2026-08-24,"Avenida Brasil, 85 - Xavier Maia, Rio Branco - AC, 69917-400, Brasil",False,-9.939075,-67.8142283333,paulo18413,Paulo Henrique,cc-by-nc,1
Epipremnum aureum,69223,394044617,https://www.inaturalist.org/observations/394044617,research,2026-08-23,"Keanae Arboretum Walk, Haiku, HI, US",False,20.8552333333,-156.1498861667,jeffyoung,Jeff Young,,1
Epipremnum aureum,69223,393603487,https://www.inaturalist.org/observations/393603487,research,2026-08-15,"Arthurs Ct, Tarpon Springs, FL, US",False,28.138125,-82.77803,sadielane202,,cc-by-nc,1
Epipremnum aureum,69223,393502581,https://www.inaturalist.org/observations/393502581,research,2026-08-22,"ITE Coll East Adm Blk, Singapore",False,1.3376737937,103.9668470621,skywings99,Mikeal Chan,,1
Epipremnum aureum,69223,393408460,https://www.inaturalist.org/observations/393408460,research,2026-08-22,110台灣臺北市信義區福德國小,False,25.0378099,121.5855192,ku6777,古國順,,1
Epipremnum aureum,69223,393390985,https://www.inaturalist.org/observations/393390985,needs_id,2026-07-26,"CR9F+PQR, Gajahan, Kec. Ps. Kliwon, Kota Surakarta, Jawa Tengah 57155, Indonesia",False,-7.5805166667,110.824225,nadyaarlena,Nadya Arlena,cc-by-nc,1
Epipremnum aureum,69223,393346861,https://www.inaturalist.org/observations/393346861,needs_id,2026-08-22,110台灣臺北市信義區三犁里,False,25.0268766667,121.5744066667,ku6777,古國順,,1
Epipremnum aureum,69223,393344063,https://www.inaturalist.org/observations/393344063,needs_id,2026-08-22,110台灣臺北市信義區2HGG+M6,False,25.0272575,121.575352,ku6777,古國順,,1
Epipremnum aureum,69223,393268640,https://www.inaturalist.org/observations/393268640,needs_id,2026-08-21,"Rua Maria da Paixão Santos, 15 - Gurigica, Vitória - ES, 29042-790, Brasil",False,-20.3091839,-40.3049158,gideon69508,Gideon Alves de Souza,cc-by-nc,1
Epipremnum aureum,69223,393183130,https://www.inaturalist.org/observations/393183130,needs_id,2026-08-14,"Cayey, PR, US",False,18.1198855573,-66.1623944101,abraham_mejias,Abraham Mejias,cc-by-nc,1
Epipremnum aureum,69223,393179157,https://www.inaturalist.org/observations/393179157,needs_id,2026-04-20,"Akwapem South, Eastern, GH",False,5.8563033333,-0.1524721667,caija,,cc-by-nc,1
Epipremnum aureum,69223,393177167,https://www.inaturalist.org/observations/393177167,needs_id,2026-08-14,"Cayey, PR, US",False,18.1200055,-66.1623388333,franflores12,,cc-by-nc,1
Epipremnum aureum,69223,393124614,https://www.inaturalist.org/observations/393124614,research,2026-08-21,423台灣臺中市東勢區埤頭里7QQC+2V,False,24.2863283333,120.7730016667,ku6777,古國順,,1
Epipremnum aureum,69223,393011627,https://www.inaturalist.org/observations/393011627,needs_id,2026-08-20,,True,,,radhika_p,Radhika,cc-by-nc,1
Epipremnum aureum,69223,392996520,https://www.inaturalist.org/observations/392996520,needs_id,2026-08-14,"Cayey, PR, US",False,18.1198524922,-66.1623632671,nelwin_omar,nelwin_omar,cc-by-nc,1
Epipremnum aureum,69223,392869300,https://www.inaturalist.org/observations/392869300,needs_id,2026-08-19,"Niue, NU",False,-19.1106445,-169.913025,nick_goldwater,nick_goldwater,cc-by,1
Epipremnum aureum,69223,392826973,https://www.inaturalist.org/observations/392826973,needs_id,2026-08-19,"Saint-Barthélemy, Gustavia, BL",False,17.91898,-62.85363,guillaume_ramade,Guillaume RAMADE,,1
Epipremnum aureum,69223,392820268,https://www.inaturalist.org/observations/392820268,research,2026-08-20,635台灣雲林縣東勢鄉月眉村,False,23.690865,120.2859166667,usanagood,,cc-by-nc,1
Epipremnum aureum,69223,392819654,https://www.inaturalist.org/observations/392819654,needs_id,2026-08-20,"Douglas, AU-QL, AU",False,-16.4785137177,145.4632415771,evan_hockridge,Evan Hockridge,,1
Epipremnum aureum,69223,392764049,https://www.inaturalist.org/observations/392764049,research,2026-08-19,"Sabanalarga, Atlántico, Colombia",False,10.6307298,-74.93075385,salon1104,Salon1104,cc-by-nc,1
Epipremnum aureum,69223,392748229,https://www.inaturalist.org/observations/392748229,needs_id,2026-08-19,"Vitoria, BR-ES, BR",False,-20.3097195,-40.3046325,gideon69508,Gideon Alves de Souza,cc-by-nc,1
Epipremnum aureum,69223,392699729,https://www.inaturalist.org/observations/392699729,needs_id,2025-11-28,HFJF+PJH ตำบล บ้านอิฐ อำเภอเมืองอ่างทอง อ่างทอง 14000 ประเทศไทย,False,14.58229756,100.47396928,porrhh,Porrhh,cc-by-nc,1
Epipremnum aureum,69223,392648275,https://www.inaturalist.org/observations/392648275,research,2026-08-14,"Marina Pl, Boca Raton, FL, US",False,26.3329465663,-80.2124365666,trevor_mote,Trevor Mote,cc-by-nc,1
Epipremnum aureum,69223,392564690,https://www.inaturalist.org/observations/392564690,research,2026-08-19,813台灣高雄市左營區半屏山公園,False,22.6928252778,120.3029761111,ssnp139,黃天灶,,1
Epipremnum aureum,69223,392506659,https://www.inaturalist.org/observations/392506659,needs_id,2026-08-15,"EL JARAL, Cortés, Honduras",False,14.9350078394,-88.028126675,vinwin,Vincent W.,cc-by,2
Epipremnum aureum,69223,392368289,https://www.inaturalist.org/observations/392368289,research,2026-03-07,台灣高雄市鼓山區龍子里高雄,False,22.6413669904,120.281602269,leaf0605,葉子,cc0,1
Epipremnum aureum,69223,392360789,https://www.inaturalist.org/observations/392360789,research,2026-08-18,"Mahogany Run Rd, St. Thomas, United States Virgin Islands, US",False,18.3554885164,-64.9033516087,dolphinwhisperer414,Destiny Coleman,cc-by-nc,1
Epipremnum aureum,69223,392343109,https://www.inaturalist.org/observations/392343109,needs_id,2026-08-18,ตำบล เมืองศรีไค อำเภอวารินชำราบ อุบลราชธานี 34190 ประเทศไทย,False,15.1200733056,104.9103851111,naturalist194869,นวพล กรกัน,cc-by-nc,1
Epipremnum aureum,69223,392321552,https://www.inaturalist.org/observations/392321552,research,2026-08-18,"P22P+3JW, Umri Pragane Balapur, Shivani AirPort Area, Akola, Maharashtra 444104, India",False,20.7002284514,77.0365623012,vedant_is_wild,Vedant Pawar,cc-by-nc,1
Epipremnum aureum,69223,392316042,https://www.inaturalist.org/observations/392316042,research,2026-08-18,"มหาวิทยาลัยอุบลราชธานี, อ.วารินชำราบ, จ.อุบลราชธานี, TH",False,15.1184484025,104.9077376567,naturalist171783,อธิชา นักบุญ,cc-by-nc,1
Epipremnum aureum,69223,392315957,https://www.inaturalist.org/observations/392315957,research,2026-08-18,"มหาวิทยาลัยอุบลราชธานี, อ.วารินชำราบ, จ.อุบลราชธานี, TH",False,15.1179945516,104.9077279308,naturalist100852,อมรรัตน์ สุธรรมมา,cc-by-nc,1
Epipremnum aureum,69223,392310285,https://www.inaturalist.org/observations/392310285,needs_id,2026-08-18,ตำบล เมืองศรีไค อำเภอวารินชำราบ อุบลราชธานี 34190 ประเทศไทย,False,15.12036719,104.90849608,naturalist153139,อาทิตย์ แก้วคำพันธ์,cc-by-nc,1
Epipremnum aureum,69223,392309455,https://www.inaturalist.org/observations/392309455,research,2026-08-18,813台灣高雄市左營區埤東里198號,False,22.6781002778,120.2912755556,ssnp139,黃天灶,,1
Epipremnum aureum,69223,392284883,https://www.inaturalist.org/observations/392284883,research,2026-08-18,"Xinglong Rd Sec 3 Ln 304, Wenshan District, Taipei City, TW",False,24.9927700487,121.5581563478,jessicacpr,J C,cc-by-nc,1
Epipremnum aureum,69223,392284650,https://www.inaturalist.org/observations/392284650,research,2026-08-18,"Xinglong Rd Sec 3 Ln 304, Wenshan District, Taipei City, TW",False,24.9927113881,121.5582381489,naturalist111709,江長鴻,cc-by-nc,1
Epipremnum aureum,69223,392282702,https://www.inaturalist.org/observations/392282702,research,2026-08-18,"Xinglong Rd Sec 3 Ln 304, Wenshan District, Taipei City, TW",False,24.9926607426,121.5584797906,yu_chieh_chang,Miaa,cc-by-nc,1
Epipremnum aureum,69223,392279578,https://www.inaturalist.org/observations/392279578,research,2026-08-18,"Xinglong Rd Sec 3 Ln 304, Wenshan District, Taipei City, TW",False,24.9926000554,121.5583613144,swim3,Swim Shih,cc-by-nc,1
Epipremnum aureum,69223,392261116,https://www.inaturalist.org/observations/392261116,research,2026-08-18,"壽山國家自然公園, 鼓山區, 高雄市, TW",False,22.6293787915,120.2694733033,ssnp144,李慧文,,1
Epipremnum aureum,69223,392143290,https://www.inaturalist.org/observations/392143290,needs_id,2026-08-17,United States,True,26.3071167298,-80.0850276151,wafflefries,Ben Kerridge,cc-by-nc,1
Epipremnum aureum,69223,392072335,https://www.inaturalist.org/observations/392072335,needs_id,2026-08-17,"Calle Guayabo Lodge, Turrialba, Cartago, CR",False,9.9625916667,-83.7371833333,haileyshabo,,cc-by-nc,1
Epipremnum aureum,69223,392069117,https://www.inaturalist.org/observations/392069117,research,2026-08-17,"SW 16th Ave, Boynton Beach, FL, US",False,26.5131548518,-80.0868362281,bluespriggan,BlueSpriggan,cc-by-nc,1
Epipremnum aureum,69223,391981729,https://www.inaturalist.org/observations/391981729,research,2026-08-17,"W449+C45, Zamboanga City, Zamboanga del Sur, Philippines",False,6.90637892,122.11723771,manzour1,manzour absari,cc-by-nc,1
Epipremnum aureum,69223,391947958,https://www.inaturalist.org/observations/391947958,research,2026-08-16,Puntarenas,False,9.6502952576,-85.0694122314,euge25,Eugenia,cc-by-nc,1
Epipremnum aureum,69223,391898610,https://www.inaturalist.org/observations/391898610,research,2026-08-14,"Camino Viejo Alejandrino, Guaynabo, PR, US",False,18.3578925995,-66.1091849329,isellarce,,cc-by-nc,1
Epipremnum aureum,69223,391892922,https://www.inaturalist.org/observations/391892922,research,2026-04-22,"Duthie Ln, Christmas, FL, US",False,28.5657185037,-81.0241166651,kryosis,,cc-by-nc,1
Epipremnum aureum,69223,391880204,https://www.inaturalist.org/observations/391880204,needs_id,2026-08-16,"Pituba, Salvador - BA, 41910, Brasil",False,-12.9993171372,-38.4710730985,teleosteus,Francyel Mateus Alves,cc-by-nc,1
Epipremnum aureum,69223,391867985,https://www.inaturalist.org/observations/391867985,research,2026-08-16,"2G3G+5G - Pituba, Salvador - BA, 40301-155, Brasil",False,-12.9968585019,-38.4740087762,teleosteus,Francyel Mateus Alves,cc-by-nc,1
Epipremnum aureum,69223,391782868,https://www.inaturalist.org/observations/391782868,research,2026-08-16,"Manila, Metro Manila, PH",False,14.5651937442,120.9882191402,lip_haskin,LIP HASKIN,cc-by-nc,1
Epipremnum aureum,69223,391653736,https://www.inaturalist.org/observations/391653736,needs_id,2026-08-13,"Calle El Tucán, Talamanca, Limon, CR",False,9.6408221904,-82.7364042811,mmartorell,,cc-by-nc,1
Epipremnum aureum,69223,391648746,https://www.inaturalist.org/observations/391648746,research,2026-08-04,"Îles Tuamotu-Gambier, PF",False,-15.8260418146,-148.2663571553,estebanbranchereau,,cc-by-nc,1
Epipremnum aureum,69223,391636921,https://www.inaturalist.org/observations/391636921,research,2026-08-15,"Kuhio Hwy, Hā’ena, HI, US",False,22.2192495775,-159.5652071655,dillon_freiburger,Dillon Freiburger,cc-by-nc,1
Epipremnum aureum,69223,391562815,https://www.inaturalist.org/observations/391562815,research,2026-04-01,"Manaus, AM, BR",False,-3.0975689695,-59.9860507252,maria_zane,Maria Zane,,2
Epipremnum aureum,69223,391516816,https://www.inaturalist.org/observations/391516816,research,2026-08-15,"Rue de Malavois, Dakar, SN",False,14.6667033333,-17.39752,jkromannkristensen,,cc-by-nc,2
Epipremnum aureum,69223,391411938,https://www.inaturalist.org/observations/391411938,research,2026-08-13,"Talamanca, CR-LI, CR",False,9.7343116667,-82.8338466667,oren42171,Oren Lowrie (Martell),cc-by-nc,3
Epipremnum aureum,69223,391359162,https://www.inaturalist.org/observations/391359162,research,2026-08-15,"臺灣島, 虎尾鎮, 雲林縣, TW",False,23.713823118,120.4218755183,free1754,,cc-by-nc,1
Epipremnum aureum,69223,391301536,https://www.inaturalist.org/observations/391301536,research,2026-08-15,"Wynnum Mangrove Boardwalk, Wynnum, QLD, AU",False,-27.4252615572,153.1672339389,nhaass,,cc-by-nc,1
Epipremnum aureum,69223,391269319,https://www.inaturalist.org/observations/391269319,research,2026-08-14,"87Q9+FJ, Luquillo 00773, Puerto Rico",False,18.3368791997,-65.7318324,milo_hr,Milo,cc-by-nc,1
Epipremnum aureum,69223,391169417,https://www.inaturalist.org/observations/391169417,research,2026-06-27,"Overseas Hwy, Islamorada, FL, US",False,24.9781103545,-80.5516629224,grackie_trip,Gracie Triplett,,1
Epipremnum aureum,69223,391114928,https://www.inaturalist.org/observations/391114928,research,2026-08-14,"Cayey, PR, US",False,18.1201033541,-66.1623321731,jadielgarcia,Jadiel J. García Peña,cc-by-nc,2
Epipremnum aureum,69223,391113666,https://www.inaturalist.org/observations/391113666,research,2026-08-14,"Cayey, PR, US",False,18.1195506352,-66.1623686018,anafernandaa2,Ana Rodríguez,cc-by-nc,2
Epipremnum aureum,69223,391082998,https://www.inaturalist.org/observations/391082998,research,2026-08-13,"Calle Puerto Vargas, Talamanca, Limon, CR",False,9.7349116667,-82.8346466667,lasquared,,cc-by-nc,2
Epipremnum aureum,69223,391059078,https://www.inaturalist.org/observations/391059078,research,2026-07-31,"Zhongshan N Rd Sec 4 Ln 1 Aly 1, Zhongshan District, Taipei City, TW",False,25.0807728165,121.5276402135,cho_farmer,,cc-by-nc,1
Epipremnum aureum,69223,391037158,https://www.inaturalist.org/observations/391037158,research,2026-08-13,"Tiruchirappalli, Tamil Nadu, IN",False,10.8278716667,78.691505,selwinrose,Egbert Selwin Rose A,cc-by-nc,1
Epipremnum aureum,69223,391036888,https://www.inaturalist.org/observations/391036888,research,2026-08-13,"Tiruchirappalli, IN-AP, IN",False,10.8278833333,78.6915116667,selwinrose,Egbert Selwin Rose A,cc-by-nc,1
Epipremnum aureum,69223,391031127,https://www.inaturalist.org/observations/391031127,research,2026-06-16,"Fairway Dr N, Jupiter, FL, US",False,26.9414290815,-80.0755149673,heidi_rosendahl,Heidi Rosendahl,cc-by-nc,2
Epipremnum aureum,69223,391028201,https://www.inaturalist.org/observations/391028201,research,2026-08-13,"Parque Nacional Cahuita, CR-LI-TA, CR-LI, CR",False,9.736325,-82.8387833333,ethanvitorovich,,cc-by-nc,1
Epipremnum aureum,69223,391025095,https://www.inaturalist.org/observations/391025095,research,2026-08-13,"Parque Nacional Cahuita, CR-LI-TA, CR-LI, CR",False,9.7320633333,-82.8373116667,haileyshabo,,cc-by-nc,1
Epipremnum aureum,69223,391018967,https://www.inaturalist.org/observations/391018967,research,2026-08-13,"Parque Nacional Cahuita, CR-LI-TA, CR-LI, CR",False,9.7358466667,-82.8381666667,haileyshabo,,cc-by-nc,1
Epipremnum aureum,69223,391005159,https://www.inaturalist.org/observations/391005159,needs_id,2026-08-13,"Talamanca, Limon, CR",False,9.6844795626,-82.807040034,isaac25368,Isaac Lopez,cc-by-nc,1
Epipremnum aureum,69223,391005000,https://www.inaturalist.org/observations/391005000,needs_id,2026-08-13,"Parque Nacional Cahuita, CR-LI-TA, CR-LI, CR",False,9.7349619,-82.834732,toby_quillin,Toby Quillin,,2
Epipremnum aureum,69223,391003652,https://www.inaturalist.org/observations/391003652,needs_id,2026-08-13,"Talamanca, CR-LI, CR",False,9.7362883333,-82.838745,mickythegreat,,cc-by-nc,1
Epipremnum aureum,69223,391003157,https://www.inaturalist.org/observations/391003157,research,2026-08-13,"Talamanca, CR-LI, CR",False,9.7359166667,-82.83718,mickythegreat,,cc-by-nc,1
Epipremnum aureum,69223,391001442,https://www.inaturalist.org/observations/391001442,research,2026-08-13,"Calle Puerto Vargas, Talamanca, Limon, CR",False,9.735875,-82.8381716667,leah61320,Leah Choi,cc-by-nc,1
Epipremnum aureum,69223,390998155,https://www.inaturalist.org/observations/390998155,research,2026-08-13,"Calle Puerto Vargas, Talamanca, Limon, CR",False,9.735855,-82.8380283333,anniexie,,cc-by-nc,1
Epipremnum aureum,69223,390994525,https://www.inaturalist.org/observations/390994525,research,2026-08-13,"Calle Acacia, Vieques, PR, US",False,18.0995236519,-65.4733167552,chlo555,,cc-by-nc,1
Epipremnum aureum,69223,390994218,https://www.inaturalist.org/observations/390994218,research,2026-08-13,"Calle Puerto Vargas, Talamanca, Limon, CR",False,9.7358783333,-82.8383633333,havin4,Havin Yang,cc-by-nc,1
Epipremnum aureum,69223,390982942,https://www.inaturalist.org/observations/390982942,research,2026-08-10,"San Pedro Sula, Departamento Cortés, Honduras",False,15.5074657052,-88.0558685004,vinwin,Vincent W.,cc-by,1
Epipremnum aureum,69223,390971439,https://www.inaturalist.org/observations/390971439,research,2026-08-13,"Calle Puerto Vargas, Talamanca, Limon, CR",False,9.7358716667,-82.8381633333,leah61320,Leah Choi,cc-by-nc,1
Epipremnum aureum,69223,390905952,https://www.inaturalist.org/observations/390905952,research,2026-08-13,"Calle Puerto Vargas, Talamanca, Limon, CR",False,9.7346716667,-82.8351133333,bkoilpillai,,cc-by-nc,1
Epipremnum aureum,69223,390904372,https://www.inaturalist.org/observations/390904372,needs_id,2026-08-13,"Calle Puerto Vargas, Talamanca, Limon, CR",False,9.7358633333,-82.8381666667,bkoilpillai,,cc-by-nc,1
Epipremnum aureum,69223,390856799,https://www.inaturalist.org/observations/390856799,research,2026-08-12,"calle Zurna esquina calle Vinyater, San Juan, 00924, Puerto Rico",False,18.4072233,-66.0122917,luis12622,Luis Jonniel,cc-by-nc,1
Epipremnum aureum,69223,390740564,https://www.inaturalist.org/observations/390740564,research,2026-07-28,"Bangsar, Kuala Lumpur, Federal Territory of Kuala Lumpur, Malaysia",False,3.1429888289,101.6630360591,cydork,,,1
Epipremnum aureum,69223,390732492,https://www.inaturalist.org/observations/390732492,research,2026-08-12,"QQ2F+QCH Aneityum Airport (AUY), Aneityum Airport Inyeug (Mystery Island, Aneghowhat, Vanuatu",False,-20.2480168997,169.7739894,jt83662,,cc-by-nc,1
Epipremnum aureum,69223,390686127,https://www.inaturalist.org/observations/390686127,research,2026-08-11,600台灣嘉義市東區鹿寮里嘉義大學植物園,False,23.4743728,120.4902302997,tony2148,周明煌,,1
Epipremnum aureum,69223,390640759,https://www.inaturalist.org/observations/390640759,research,2026-08-12,Koloa,False,21.9495868683,-159.4659729004,pkracke,,cc-by-nc,1
Epipremnum aureum,69223,390627621,https://www.inaturalist.org/observations/390627621,research,2026-06-29,"Grandview Blvd, Kissimmee, FL, US",False,28.2555963378,-81.3879497023,plumeriapirate,Austin,cc-by-nc,1
Epipremnum aureum,69223,390589910,https://www.inaturalist.org/observations/390589910,research,2026-08-12,"San Juan, PR, US",False,18.4075246416,-66.0121491002,xadiel,Xadiel Lopez,cc-by-nc,1
Epipremnum aureum,69223,390588582,https://www.inaturalist.org/observations/390588582,research,2026-08-12,"calle Zurna esquina calle Vinyater, San Juan, 00924, Puerto Rico",False,18.4074548073,-66.0127504729,joeiryrivera,,cc-by-nc,1
Epipremnum aureum,69223,390588474,https://www.inaturalist.org/observations/390588474,research,2026-08-12,"calle Zurna esquina calle Vinyater, San Juan, 00924, Puerto Rico",False,18.4073017,-66.0119594,victoriaricardo,Ant Ricardo,cc-by-nc,1
Epipremnum aureum,69223,390588336,https://www.inaturalist.org/observations/390588336,research,2026-08-12,"San Juan, PR, US",False,18.4077264112,-66.0126663386,mrgscience,,cc-by-nc,1
Epipremnum aureum,69223,390585319,https://www.inaturalist.org/observations/390585319,research,2026-08-12,台灣臺北,False,24.9362628663,121.5415704048,kuman,大俠,cc-by-nc-sa,1
Epipremnum aureum,69223,390580857,https://www.inaturalist.org/observations/390580857,research,2026-08-11,"4083 Sunbeam Rd., Jacksonville, FL 32257, USA",False,30.2068553997,-81.6122299,carson35849,carson schwab,cc-by-nc,2
Epipremnum aureum,69223,390518748,https://www.inaturalist.org/observations/390518748,research,2026-08-12,966台灣臺東縣達仁鄉南田村,False,22.2715083333,120.8910055556,sh1025,歐陽秀華,cc-by-nc,1
Epipremnum aureum,69223,390518722,https://www.inaturalist.org/observations/390518722,research,2026-08-12,966台灣臺東縣達仁鄉南田村,False,22.271701645,120.8909549564,ku6777,古國順,,1
Epipremnum aureum,69223,390514609,https://www.inaturalist.org/observations/390514609,research,2026-08-12,220台灣新北市板橋區致理科技大學(文化路),False,25.0206394635,121.4673945308,esb25830,曾碧樺,cc-by-nc,1
Epipremnum aureum,69223,390512485,https://www.inaturalist.org/observations/390512485,research,2026-08-12,"Localização: -12,930870, -38,434730",False,-12.930870049,-38.4347298369,gabrielfialho,Gabriel Cardoso Fialho,cc0,1
Epipremnum aureum,69223,390438579,https://www.inaturalist.org/observations/390438579,research,2026-08-11,"Rua São Marcos, 2134-2136 - São Marcos, Salvador - BA, Brasil - São Marcos, Salvador - BA, 41253-247, Brasil",False,-12.9304871,-38.4345325997,gabrielfialho,Gabriel Cardoso Fialho,cc0,1
Epipremnum aureum,69223,390430281,https://www.inaturalist.org/observations/390430281,research,2025-10-07,"Baldwin Ave, Makawao, HI, US",False,20.8549633333,-156.31108,joshdcasey,,cc-by-nc,1
Epipremnum aureum,69223,390426699,https://www.inaturalist.org/observations/390426699,research,2026-08-11,"Rua Major Gote, Patos de Minas, MG, BR",False,-18.5754657701,-46.5143261133,davyswilliam,,cc-by-nc,4
Epipremnum aureum,69223,390268308,https://www.inaturalist.org/observations/390268308,research,2026-08-11,"Singapore, SG, SG",False,1.2799666667,103.80365,jimmy513,Jimmy Tan,,1
Epipremnum aureum,69223,390160795,https://www.inaturalist.org/observations/390160795,research,2026-08-08,"Anak Bukit Flyover, Singapore, SG, SG",False,1.3417412238,103.7796498623,thelittleman,J. Adams,cc-by-nc,1
Epipremnum aureum,69223,390076872,https://www.inaturalist.org/observations/390076872,research,2026-08-05,"74W9+F7H acuático Lares Park, Lares, 00669, Puerto Rico",False,18.2961972185,-66.8817722797,juliang_ai,Julian Gonzalez,cc-by-nc,1
Epipremnum aureum,69223,390049550,https://www.inaturalist.org/observations/390049550,research,2026-08-10,"Kaohsiung, TW-KH, TW",False,22.6528949738,120.2598114014,barbetsmith,Evan Centanni,cc0,1
Epipremnum aureum,69223,389920804,https://www.inaturalist.org/observations/389920804,research,2026-08-10,"National Yang Ming Chiao Tung University - Jiaoda Campus, East District, Hsinchu City, TW",False,24.7875300469,120.9976005928,naturalist154520,趙均晏,cc-by-nc,1
Epipremnum aureum,69223,389908103,https://www.inaturalist.org/observations/389908103,research,2026-08-09,"Avatele, Niue",False,-19.1247291508,-169.9101747572,trevorlupton,Trevor Lupton,cc-by-nc,1
Epipremnum aureum,69223,389764835,https://www.inaturalist.org/observations/389764835,research,2026-08-09,"Estey Ave, Naples, FL, US",False,26.141875,-81.760605,sebento,,cc-by-nc,1
Epipremnum aureum,69223,389708200,https://www.inaturalist.org/observations/389708200,research,2026-07-19,"Tajpej, Tajwan",False,25.1376388889,121.5113416667,zuwalamarcin921,Marcin Zuwała,cc-by,1
Epipremnum aureum,69223,389603421,https://www.inaturalist.org/observations/389603421,research,2026-08-09,"Upward St, Parramatta Park, QLD, AU",False,-16.9187116667,145.765,annekagoss,Anneka Goss,,1
Epipremnum aureum,69223,389590042,https://www.inaturalist.org/observations/389590042,research,2026-08-09,"Chichijima Miyanohama, Ogasawara, Tokyo, JP",False,27.1025361667,142.195145,rockfish17,Tomioka Masafumi,cc-by-nc,1
Epipremnum aureum,69223,389525922,https://www.inaturalist.org/observations/389525922,needs_id,2026-08-09,"School Rd, Yandina, QLD, AU",False,-26.5540215691,152.9584063202,dme911,,cc-by-nc,1
Epipremnum aureum,69223,389496600,https://www.inaturalist.org/observations/389496600,research,2025-03-27,"Nature Trail, Lakeland, FL, US",False,28.1424583333,-81.9258883333,haleynoelx,Haley,cc-by-nc,1
Epipremnum aureum,69223,389494834,https://www.inaturalist.org/observations/389494834,research,2026-08-09,635台灣雲林縣東勢鄉月眉村,False,23.6905416667,120.2858316667,wu168,吳美珠,cc-by-nc,1
Epipremnum aureum,69223,389488752,https://www.inaturalist.org/observations/389488752,research,2026-08-08,600台灣嘉義市東區盧厝里,False,23.475404,120.4959273997,tony2148,周明煌,,1
Epipremnum aureum,69223,389376517,https://www.inaturalist.org/observations/389376517,research,2026-08-08,"Chelsea Road, Bridgetown, St. Michael, BB",False,13.0844028333,-59.606495,daisyh222,,cc-by-nc,1
Epipremnum aureum,69223,389258320,https://www.inaturalist.org/observations/389258320,research,2026-08-06,"Maui, Lahaina, HI, US",False,21.0139222167,-156.6354533333,loschur,Lauren Schur,cc-by-nc,1
Epipremnum aureum,69223,389207928,https://www.inaturalist.org/observations/389207928,research,2026-08-08,"Undine St, Port Douglas, QLD, AU",False,-16.52535,145.4635616667,alexthornton76,Alex Thornton,cc-by-nc,1
Epipremnum aureum,69223,389189233,https://www.inaturalist.org/observations/389189233,research,2026-08-02,"HI, US",False,21.4342670537,-157.7887012902,davidarmstrong1,Alex Armstrong,,1
Epipremnum aureum,69223,389180205,https://www.inaturalist.org/observations/389180205,research,2026-08-07,"Rua São Marcos, 2134-2136 - São Marcos, Salvador - BA, Brasil - São Marcos, Salvador - BA, 41253-247, Brasil",False,-12.9289477997,-38.4347753997,gabrielfialho,Gabriel Cardoso Fialho,cc0,1
Epipremnum aureum,69223,389039138,https://www.inaturalist.org/observations/389039138,research,2026-08-07,"Rua Maria Moreira do Espírito Santo, São Sebastião, SP, BR",False,-23.7988682497,-45.54367915,nayyarn,,,1
Epipremnum aureum,69223,388848839,https://www.inaturalist.org/observations/388848839,research,2026-08-06,"Masaya, NI-MS, NI",False,11.9510068893,-86.091003418,mateojuan,Mateo Juan,,1
Epipremnum aureum,69223,388788114,https://www.inaturalist.org/observations/388788114,needs_id,2026-08-01,"El Valle de Antón, Provincia de Coclé, Panamá",False,8.6117702254,-80.1245221551,carolina19r,,cc-by-nc,1
Epipremnum aureum,69223,388776983,https://www.inaturalist.org/observations/388776983,research,2026-08-06,"Salvador, BA, BR",False,-12.930765176,-38.4349408331,shyguyfrommario,┈✷◎்۫۫ Lara ✵ ┈❃۬◦۪۪̥,cc-by-nc,1
Epipremnum aureum,69223,388776051,https://www.inaturalist.org/observations/388776051,research,2026-08-06,"Salvador, BA, BR",False,-12.9270769694,-38.4354222783,shyguyfrommario,┈✷◎்۫۫ Lara ✵ ┈❃۬◦۪۪̥,cc-by-nc,1
Epipremnum aureum,69223,388548074,https://www.inaturalist.org/observations/388548074,research,2026-08-05,"Halemanu Pl, ʻĀhuimanu, HI, US",False,21.4309796185,-157.8316931933,kellywierengaphd,,cc-by-nc,2
Epipremnum aureum,69223,388532842,https://www.inaturalist.org/observations/388532842,research,2026-08-05,"Boca Raton, FL, US",False,26.3714285754,-80.1026608051,nicholas_gonzalez2,Nicholas Gonzalez,cc-by-nc,1
Epipremnum aureum,69223,388478569,https://www.inaturalist.org/observations/388478569,research,2026-08-05,"FXJ5+3V - Aritaguá, Ilhéus - BA, Brasil",False,-14.51999762,-39.03988602,rigpa1,Rigpa Agustina sosa,cc-by-nc,1
Epipremnum aureum,69223,388471895,https://www.inaturalist.org/observations/388471895,research,2026-07-31,"Q897+2WG, Thuravoor, Thuravoor Thekku, Kerala 688532, India",False,9.7685112,76.3151969997,renju,renjus box,cc-by,1
Epipremnum aureum,69223,388452361,https://www.inaturalist.org/observations/388452361,research,2026-08-05,"Pompano Beach, FL 33063, USA",False,26.25072835,-80.18955858,roger34203,Roger Rodriguez,cc-by-nc,1
Epipremnum aureum,69223,388393943,https://www.inaturalist.org/observations/388393943,research,2026-08-03,"Ka Haku Rd, Princeville, HI, US",False,22.2230777797,-159.4938059842,mcallstr,,cc-by-nc,1
Epipremnum aureum,69223,388303268,https://www.inaturalist.org/observations/388303268,research,2026-08-04,"Maya Kongo, Cayenne 97300, Guyane française",False,4.9435583333,-52.3252583333,citronnelle_50,Jessica Launay,cc-by-nc,2
Epipremnum aureum,69223,388275162,https://www.inaturalist.org/observations/388275162,research,2026-07-30,,True,,,treethan4,,cc-by-nc,1
Epipremnum aureum,69223,388213110,https://www.inaturalist.org/observations/388213110,research,2026-08-04,"Praca da Sé, Salvador, BA, BR",False,-12.9736525104,-38.5117039018,mettabeshay,,cc-by-nc,1
Epipremnum aureum,69223,388116726,https://www.inaturalist.org/observations/388116726,research,2026-08-03,"Maui County, HI, USA",False,20.8711190065,-156.170028323,master_seafood8,denizs,cc-by,3
Epipremnum aureum,69223,388050419,https://www.inaturalist.org/observations/388050419,research,2026-06-22,"Mae Taeng, TH-CM, TH",False,19.0684361667,99.0793916667,kellygilbert,,cc-by-nc,1
Epipremnum aureum,69223,388048746,https://www.inaturalist.org/observations/388048746,research,2026-08-03,300台灣新竹市東區光明里,False,24.7923135997,120.9845964,tony2148,周明煌,,1
Epipremnum aureum,69223,387983794,https://www.inaturalist.org/observations/387983794,research,2026-08-04,"Beerwah QLD 4519, Australia",False,-26.875457,152.959988,ethanabra,Ethan,cc-by-nc,2
Epipremnum aureum,69223,387937389,https://www.inaturalist.org/observations/387937389,research,2026-07-30,"Hilo, HI 96720, USA",False,19.721878,-155.0989305,michaelpamperin,Michael Pamperin,,1
Epipremnum aureum,69223,387898052,https://www.inaturalist.org/observations/387898052,research,2026-08-03,"Pasaur, Chhattisgarh, India",False,21.81911349,83.31201284,vivek_patel,Vivek Patel,cc-by-nc,1
Epipremnum aureum,69223,387767875,https://www.inaturalist.org/observations/387767875,research,2026-08-01,"Malang, East Java, ID",False,-7.929987282,112.6227503981,reivawisdharilla,,cc-by-nc,1
Epipremnum aureum,69223,387626216,https://www.inaturalist.org/observations/387626216,research,2026-07-30,"Liberia, Guanacaste, CR",False,10.444920842,-85.4417636705,admisra,,cc-by-nc,1
Epipremnum aureum,69223,387559638,https://www.inaturalist.org/observations/387559638,research,2026-08-02,"339H+3V Buatong Waterfall, Tambon Mae Ho Phra, Amphoe Mae Taeng, Chang Wat Chiang Mai 50150, תאילנד",False,19.0686204,99.0795100997,nitzan4,Nitzan Caspi,,1
Epipremnum aureum,69223,387499440,https://www.inaturalist.org/observations/387499440,research,2026-08-02,"SMAN 3 Dan 5, Merdeka, Kec. Sumur Bandung, Kota Bandung, Jawa Barat, Indonesia",False,-6.9123256607,107.6150335371,benedictus_christopher,,cc-by-nc,1
Epipremnum aureum,69223,387454271,https://www.inaturalist.org/observations/387454271,research,2026-08-02,"Bruce Hwy, El Arish, QLD, AU",False,-17.7956568258,146.011115638,mmagne,,cc-by-nc,1
Epipremnum aureum,69223,387439910,https://www.inaturalist.org/observations/387439910,research,2026-08-01,"Kaohsiung, TW-KH, TW",False,22.64093338,120.26777529,ssnp179,洪雅婷,cc-by-nc,1
Epipremnum aureum,69223,387436151,https://www.inaturalist.org/observations/387436151,research,2026-08-02,635台灣雲林縣東勢鄉月眉村,False,23.6906383333,120.2859416667,ku6777,古國順,,1
Epipremnum aureum,69223,387377358,https://www.inaturalist.org/observations/387377358,research,2026-08-01,"Kulai, Johore, MY",False,1.6191664421,103.6177104551,yuna_pang,Yuna Pang,cc-by-nc,1
Epipremnum aureum,69223,387246536,https://www.inaturalist.org/observations/387246536,research,2025-11-03,"Hawkes Cay Blvd, Marathon, FL, US",False,24.7760583333,-80.9092416667,lizzie_a_russell,Lizzie Russell,cc-by-nc,1
Epipremnum aureum,69223,387158846,https://www.inaturalist.org/observations/387158846,research,2026-08-01,,True,32.2124757877,-64.7161161334,jenninoregon,,,2
Epipremnum aureum,69223,387141953,https://www.inaturalist.org/observations/387141953,research,2026-08-01,"Jalan Belitung, Bandung, West Java, ID",False,-6.9128133333,107.61508,syahirahlux_xvii,putri Syahirah mahardika,cc-by-nc,1
Epipremnum aureum,69223,387101881,https://www.inaturalist.org/observations/387101881,research,2026-08-01,"Toormina NSW 2452, Australia",False,-30.34278942,153.08714144,nicklambert,Nick Lambert,cc-by-nc-sa,3
Epipremnum aureum,69223,387101821,https://www.inaturalist.org/observations/387101821,research,2026-08-01,"Toormina NSW 2452, Australia",False,-30.34299858,153.08728546,nicklambert,Nick Lambert,cc-by-nc-sa,1
Epipremnum aureum,69223,387086172,https://www.inaturalist.org/observations/387086172,research,2026-08-01,"Taman Muhibbah, 81400 Kulai, Johor, 馬來西亞",False,1.6191115,103.6176747997,hao_caco3,Tan Wei Hao,cc-by-nc,4
Epipremnum aureum,69223,387081972,https://www.inaturalist.org/observations/387081972,research,2026-08-01,"Foon Yew High School Kulai, Taman Muhibbah, 81400 Kulai, Johor, 马来西亚",False,1.6184764001,103.6149365455,chongjun,,cc-by-nc,2
Epipremnum aureum,69223,387035838,https://www.inaturalist.org/observations/387035838,research,2026-07-30,"Liberia, Guanacaste, CR",False,10.444920842,-85.4417636705,admisra,,cc-by-nc,1
Epipremnum aureum,69223,387029932,https://www.inaturalist.org/observations/387029932,needs_id,2026-07-30,"Calle Rincón de la Vieja, Liberia, Guanacaste, CR",False,10.7522419794,-85.3797224724,jimena65481,Jimena Davalos,cc-by-nc,1
Epipremnum aureum,69223,387011480,https://www.inaturalist.org/observations/387011480,research,2025-08-18,"Arara St, Kuranda, QLD, AU",False,-16.8187391026,145.6387108519,heatherbb,,cc-by-nc,1
Epipremnum aureum,69223,387009597,https://www.inaturalist.org/observations/387009597,research,2026-07-31,600台灣嘉義市東區東川里FFM9+4H,False,23.482178,120.4691978,tony2148,周明煌,,2
Epipremnum aureum,69223,386918903,https://www.inaturalist.org/observations/386918903,research,2026-08-01,"Fuxing Rd Sec 4, East District, Taichung City, TW",False,24.1363144871,120.6877403543,sharon930104,,cc-by-nc,1
Epipremnum aureum,69223,386839741,https://www.inaturalist.org/observations/386839741,research,2026-07-31,"Jalan Merdeka, Blitar, East Java, ID",False,-8.0993104378,112.1615920949,htimsl,,cc-by-nc,1
Epipremnum aureum,69223,386819853,https://www.inaturalist.org/observations/386819853,research,2026-07-31,"Maputo, Maputo City, MZ",False,-25.97155,32.573025,arctyler,Tyler Wilce,cc-by-nc,1
Epipremnum aureum,69223,386813665,https://www.inaturalist.org/observations/386813665,research,2026-07-30,"New path, French Polynesia, PF",False,-16.7798216667,-151.0242471667,emilie_moritz,Emilie Moritz,cc-by-nc,1
Epipremnum aureum,69223,386598267,https://www.inaturalist.org/observations/386598267,research,2026-07-30,"Parque Juan Santamaria, Provincia de Alajuela, Alajuela, Arroyo, Costa Rica",False,10.0168793516,-84.2145344988,a10311,A CG,cc-by-nc,1
Epipremnum aureum,69223,386522428,https://www.inaturalist.org/observations/386522428,research,2026-07-30,"Toguchi, Kitanakagusuku, Okinawa, JP",False,26.3104783333,127.8056716667,tne-omm,Tね,cc-by-nc,1
Epipremnum aureum,69223,386515859,https://www.inaturalist.org/observations/386515859,research,2026-06-16,"Jupiter, FL, US",False,26.9414053774,-80.0755211954,heidi_rosendahl,Heidi Rosendahl,cc-by-nc,1
Epipremnum aureum,69223,386479175,https://www.inaturalist.org/observations/386479175,research,2026-07-29,"SMAN 3 Dan 5, Merdeka, Kec. Sumur Bandung, Kota Bandung, Jawa Barat, Indonesia",False,-6.9123256607,107.6150335371,aghnila_zahra,Aghnila Zahra Hazqie,cc-by-nc,1
Epipremnum aureum,69223,386444199,https://www.inaturalist.org/observations/386444199,research,2026-07-24,"Ko‘olau Forest Reserve, Haiku, HI, US",False,20.8753474059,-156.1863982758,dan_iovino25,,cc-by-nc,1
Epipremnum aureum,69223,386387678,https://www.inaturalist.org/observations/386387678,research,2026-07-27,"SR-A1A, Satellite Beach, FL, US",False,28.1695216667,-80.5883333333,jasminetori,Jasmine M.,cc-by-nc,4
Epipremnum aureum,69223,386255742,https://www.inaturalist.org/observations/386255742,research,2026-07-29,"Hôtel de ville, Ouangani 97670, Mayotte",False,-12.8488357235,45.1378826424,dvdsdd,David Naslès,,1
Epipremnum aureum,69223,386213558,https://www.inaturalist.org/observations/386213558,research,2026-07-29,"Arts Building, Mukund Das Colony, Thakurpukur, Kolkata, West Bengal 700063, India",False,22.4639309,88.3079372,debangshu,,cc-by-nc,1
Epipremnum aureum,69223,386201330,https://www.inaturalist.org/observations/386201330,research,2026-07-29,"臺北市文山區辛亥雙語教育學校, 文山區, 臺北市, TW",False,25.0063638833,121.5601116667,mitchell-hsieh,Hsieh Mitchell,,1
Epipremnum aureum,69223,386177095,https://www.inaturalist.org/observations/386177095,research,2026-07-29,"Takua Pa, TH-PG, TH",False,8.635184288,98.2447280884,cybermiro,,cc-by-nc,1
Epipremnum aureum,69223,386130085,https://www.inaturalist.org/observations/386130085,research,2026-07-28,"San Rafael, San José Province, Escazú, Costa Rica",False,9.9357548701,-84.1432504356,danielgarrigues,Daniel Garrigues,,1
Epipremnum aureum,69223,386096997,https://www.inaturalist.org/observations/386096997,needs_id,2026-07-28,"Universidade de Blumenau - Campus 1 - Central, Blumenau, SC, BR",False,-26.9060936334,-49.0802042086,isadora32980,Isadora Gretter,cc-by-nc,1
Epipremnum aureum,69223,386052892,https://www.inaturalist.org/observations/386052892,research,2026-06-30,"Waiomao Rd, Honolulu, HI, US",False,21.3118333333,-157.7815383333,derekschinke,,cc-by-nc,1
Epipremnum aureum,69223,385919895,https://www.inaturalist.org/observations/385919895,research,2026-07-28,"Shenaokeng Rd Ln 6, Xinyi District, Keelung City, TW",False,25.1333863963,121.7763990175,esunbank26863,Nonexistent,cc-by-nc,1
Epipremnum aureum,69223,385856121,https://www.inaturalist.org/observations/385856121,research,2026-07-22,"Cayo District, Belize",False,17.1505138889,-89.0581805556,flyingember,,cc-by-nc,1
Epipremnum aureum,69223,385830028,https://www.inaturalist.org/observations/385830028,research,2026-07-27,"Honolulu Watershed Forest Reserve, Kailua, HI, US",False,21.3292616667,-157.7914716667,taiseitaiseitaisei,,cc-by-nc,1
Epipremnum aureum,69223,385807604,https://www.inaturalist.org/observations/385807604,research,2026-07-27,"Coral Springs, FL, US",False,26.2449764794,-80.2704582166,alanagrace,,cc-by-nc,1
Epipremnum aureum,69223,385774153,https://www.inaturalist.org/observations/385774153,research,2026-07-20,"Cayo District, Belize",False,17.1507666667,-89.0588983333,flyingember,,cc-by-nc,1
Epipremnum aureum,69223,385773954,https://www.inaturalist.org/observations/385773954,research,2026-07-19,"Cayo District, Belize",False,17.1505066667,-89.05845,flyingember,,cc-by-nc,2
Epipremnum aureum,69223,385773945,https://www.inaturalist.org/observations/385773945,research,2026-07-19,"Cayo District, Belize",False,17.1505983333,-89.0584483333,flyingember,,cc-by-nc,1
Epipremnum aureum,69223,385753718,https://www.inaturalist.org/observations/385753718,research,2026-07-27,"Lagoa da Conceição, Florianópolis - SC, Brasil",False,-27.5950641389,-48.4783477778,fernandojunges,Fernando Junges,cc-by-nc,2
Epipremnum aureum,69223,385670308,https://www.inaturalist.org/observations/385670308,research,2026-07-23,"Rosa Elze, São Cristóvão - SE, Brasil",False,-10.9256500622,-37.1006510407,klayver,Klayver Santos,cc-by-nc,2
Epipremnum aureum,69223,385604919,https://www.inaturalist.org/observations/385604919,research,2026-07-27,"Bueng Kong Wa, Khlong Sam, Khlong Luang District, Pathum Thani 12120, Thailand",False,14.1238855997,100.6636984,poomba,,cc-by-nc,1
Epipremnum aureum,69223,385604846,https://www.inaturalist.org/observations/385604846,research,2026-07-27,"Bueng Kong Wa, Khlong Sam, Khlong Luang District, Pathum Thani 12120, Thailand",False,14.1238980997,100.6636874997,poomba,,cc-by-nc,2
Epipremnum aureum,69223,385555474,https://www.inaturalist.org/observations/385555474,research,2026-07-24,"3M7Q+9Q8 The Retreat National Park, Village Green, Nassau, The Bahamas",False,25.063422,-77.3105445,benzerante,Ben Zerante,cc-by-nc,1
Epipremnum aureum,69223,385543355,https://www.inaturalist.org/observations/385543355,research,2026-07-26,"Nuuanu - Punchbowl, Honolulu, HI, USA",False,21.3659630378,-157.7940683439,damienxw,Damien Wallace,cc0,1
Epipremnum aureum,69223,385540576,https://www.inaturalist.org/observations/385540576,research,2026-07-27,"CQ @ Clarke Quay, Singapore, SG, SG",False,1.2909216191,103.8465232814,cactus_brevi_manu,Emanuela Visco,cc-by-nc,2
Epipremnum aureum,69223,385410851,https://www.inaturalist.org/observations/385410851,research,2026-07-26,Kaneohe,False,21.3728122711,-157.7906188965,gutschow,Oliver,cc-by-nc,1
Epipremnum aureum,69223,385396009,https://www.inaturalist.org/observations/385396009,research,2026-07-26,"Parque Italia, San José, San José, CR",False,9.9305461942,-84.0655267409,johasarapiqui,,cc-by-nc,2
Epipremnum aureum,69223,385159779,https://www.inaturalist.org/observations/385159779,research,2026-07-26,"Nago, JP-ON, JP",False,26.5407218933,127.9358139038,trevorah,,cc-by-nc,1
Epipremnum aureum,69223,385127079,https://www.inaturalist.org/observations/385127079,research,2026-07-25,"Alakahi Pl, Papaikou, HI, US",False,19.8063383333,-155.0932916667,atcgnyc,atcgnyc,cc-by-nc,1
Epipremnum aureum,69223,385120109,https://www.inaturalist.org/observations/385120109,research,2026-07-18,"San Cristobal, Ecuador",False,-0.9108888889,-89.5703194444,jodiboe,jodiboe,,1
Epipremnum aureum,69223,384821271,https://www.inaturalist.org/observations/384821271,research,2026-07-25,"Wusstig, Guam",False,13.54731545,144.87153833,sgambino,Kåna Sgambelluri,cc-by-nc,1
Epipremnum aureum,69223,384794008,https://www.inaturalist.org/observations/384794008,needs_id,2026-07-25,"Fahang Drive, Northern Mariana Islands, MP",False,15.1861783333,145.7594616667,jeremiah_dlg,,cc-by-nc,1
Epipremnum aureum,69223,384545063,https://www.inaturalist.org/observations/384545063,research,2026-07-24,Meerut,False,29.0008449554,77.6940536499,utkarshi_,,cc-by-nc,1
Epipremnum aureum,69223,384531615,https://www.inaturalist.org/observations/384531615,research,2026-07-24,"3PR3+59C, गदिया लोनीपार, उत्तर प्रदेश 212110, भारत",False,25.0904025669,81.703559719,ayushpandey1,Ayush Pandey,cc-by-nc,2
Epipremnum aureum,69223,384506087,https://www.inaturalist.org/observations/384506087,research,2026-07-24,Santiago City,False,16.7120990753,121.5681838989,nathanthegoat,,cc-by-nc,1
Epipremnum aureum,69223,384454148,https://www.inaturalist.org/observations/384454148,research,2026-07-23,"Key West, FL 33040, USA",False,24.5513243868,-81.8005623305,birdwatcher312,Braydon L,cc-by-nc,2
Epipremnum aureum,69223,384433175,https://www.inaturalist.org/observations/384433175,research,2026-07-23,"Davie, FL 33330, USA",False,26.0773722022,-80.3244362399,loganstratt191,Logan Stratton,,1
Epipremnum aureum,69223,384392966,https://www.inaturalist.org/observations/384392966,research,2026-07-23,"Leona Heights, FL 33772, USA",False,27.8510209722,-82.8062549722,noahvondauber,Noah Von Dauber,cc-by-nc,1
Epipremnum aureum,69223,384328733,https://www.inaturalist.org/observations/384328733,research,2025-09-17,"Manele Rd, Lanai City, HI, US",False,20.7415616667,-156.89723,lee_jones1,Lee Jones,,1
Epipremnum aureum,69223,384326683,https://www.inaturalist.org/observations/384326683,research,2025-09-17,"Manele Bay Rd, Lanai City, HI, US",False,20.7416333333,-156.897675,lee_jones1,Lee Jones,,1
Epipremnum aureum,69223,384238894,https://www.inaturalist.org/observations/384238894,research,2026-07-23,"SW 130th Ave, Davie, FL, US",False,26.075509947,-80.3251852731,clarasarantopoulos,Clara Sarantopoulos,cc-by-nc,2
Epipremnum aureum,69223,384230793,https://www.inaturalist.org/observations/384230793,research,2026-07-23,"Q1/1-181, Gangotri Nagar, Prayagraj, Uttar Pradesh 211008, India",False,25.4072761471,81.8467243016,prof_bipasha_david_,Bipasha David,cc-by-nc,1
Epipremnum aureum,69223,384220930,https://www.inaturalist.org/observations/384220930,research,2026-07-23,"PR-191, Río Grande, PR, US",False,18.3125857874,-65.7703904329,abbey_n,Abbey Noah,,1
Epipremnum aureum,69223,384143569,https://www.inaturalist.org/observations/384143569,research,2026-07-23,"臺灣島, 平鎮區, 桃園市, TW",False,24.9257834716,121.2411754421,ben861997,,cc-by-nc,1
Epipremnum aureum,69223,384139661,https://www.inaturalist.org/observations/384139661,research,2026-07-22,"Guam, 66010",False,13.2390283333,144.6539466667,nicou671,,cc-by-nc,2
Epipremnum aureum,69223,384137559,https://www.inaturalist.org/observations/384137559,research,2026-07-23,"県道79号, Ishigaki, Okinawa, JP",False,24.442378458,124.1415169813,daniel_petersen,Daniel Petersen och Peter Sullivan,cc-by-nc,2
Epipremnum aureum,69223,384137452,https://www.inaturalist.org/observations/384137452,research,2026-07-23,"県道79号, Ishigaki, Okinawa, JP",False,24.4423861634,124.1415157158,daniel_petersen,Daniel Petersen och Peter Sullivan,cc-by-nc,3
Epipremnum aureum,69223,384117301,https://www.inaturalist.org/observations/384117301,research,2026-07-22,"Maunalaha Trail, Honolulu, HI, US",False,21.3162866667,-157.8267366667,atcgnyc,atcgnyc,cc-by-nc,1
Epipremnum aureum,69223,384070853,https://www.inaturalist.org/observations/384070853,research,2026-07-11,"WWQW+9JC, San José, San Pedro, Costa Rica",False,9.9380591997,-84.0531516,luiscaldera,Luis Caldera,cc-by-nc,1
Epipremnum aureum,69223,384012518,https://www.inaturalist.org/observations/384012518,research,2026-07-22,"Matoury 97351, Guyane française",False,4.8555617383,-52.3298502713,matoury51,N.Bello,cc-by-nc,1
Epipremnum aureum,69223,383898469,https://www.inaturalist.org/observations/383898469,research,2025-06-19,"Huamalani Rd, Kaaawa, HI, US",False,21.5537916667,-157.8558966667,cindy42599,Cindy Cherry,cc-by-nc,1
Epipremnum aureum,69223,383786264,https://www.inaturalist.org/observations/383786264,research,2026-07-21,"Calle Escudero, Culebra, PR, US",False,18.30347,-65.3009633333,jsmithnc1,Jason Smith,cc-by-nc,1
Epipremnum aureum,69223,383723520,https://www.inaturalist.org/observations/383723520,research,2026-07-10,"Wailua Homesteads, HI 96746, USA",False,22.0449138889,-159.3592055556,julezjewelz,Julia,cc-by-nc,1
Epipremnum aureum,69223,383623756,https://www.inaturalist.org/observations/383623756,research,2026-07-21,"Florida, US",True,26.1214832636,-80.2146233575,scienceeye,Science Eye,cc-by-nc,2
Epipremnum aureum,69223,383526726,https://www.inaturalist.org/observations/383526726,research,2026-07-20,"Penn National Rd, Seffner, FL, US",False,28.0007583333,-82.2689966667,heff29,,cc-by-nc,1
Epipremnum aureum,69223,383499298,https://www.inaturalist.org/observations/383499298,research,2026-07-21,"Port Macquarie-Hastings - Pt A, AU-NS, AU",False,-31.4686888889,152.9237111111,voidzrye,Reuben,cc-by-nc,8
Epipremnum aureum,69223,383489015,https://www.inaturalist.org/observations/383489015,research,2026-07-20,"Aguadilla, PR, US",False,18.5052383333,-67.1407555,esegovia14,,cc-by-nc,1
Epipremnum aureum,69223,383468363,https://www.inaturalist.org/observations/383468363,research,2026-07-20,Tampa,False,28.0037021637,-82.4677047729,lizziebearson,,cc-by-nc,1
Epipremnum aureum,69223,383456132,https://www.inaturalist.org/observations/383456132,research,2026-07-20,"Bay Shore Rd, Sarasota, FL, US",False,27.3677791119,-82.5565823642,emily77057,emmy,cc-by-nc,1
Epipremnum aureum,69223,383443490,https://www.inaturalist.org/observations/383443490,research,2026-07-21,"臺灣島, 文山區, 臺北市, TW",False,24.981760929,121.571589288,yenliang,Yen-liang Chang,cc-by-nc,1
Epipremnum aureum,69223,383339345,https://www.inaturalist.org/observations/383339345,research,2026-07-05,"Finca Santa Bárbara, isla Isabela, Galápagos, Ecuador",False,-0.8408475997,-91.0225324997,profe_mire,Ana Mireya Guerrero G.,cc-by-nc,1
Epipremnum aureum,69223,383316595,https://www.inaturalist.org/observations/383316595,needs_id,2026-07-16,"Rua Prof. Ernani Pires de Mello, 58, São Domingos - São Domingos, Niterói - RJ, 24020-005, Brasil",False,-22.8983087,-43.1262132,giovanna_roque,Giovanna Roque de Castro,cc-by-nc,3
Epipremnum aureum,69223,383211627,https://www.inaturalist.org/observations/383211627,research,2026-07-19,"RT-30, Lahaina, HI, US",False,21.0142166667,-156.6346133333,sfuji-oak-a,Shawn Fujioka,,1
Epipremnum aureum,69223,383191599,https://www.inaturalist.org/observations/383191599,research,2026-07-20,"臺灣島, 烏來區, 新北市, TW",False,24.7750854464,121.4925041555,wasigracia,簡滿君,,1
Epipremnum aureum,69223,383187264,https://www.inaturalist.org/observations/383187264,research,2026-07-20,646台灣雲林縣古坑鄉下蟾蜍嶺,False,23.614555,120.60566,ku6777,古國順,,1
Epipremnum aureum,69223,383164714,https://www.inaturalist.org/observations/383164714,research,2026-07-20,"Jing Xing Lu 263 Xiang, Wenshan District, Taipei City, TW",False,24.9919869996,121.5463499308,kaoaf550116,,,1
Epipremnum aureum,69223,382993987,https://www.inaturalist.org/observations/382993987,research,2026-07-19,"Quentin Ave, Boynton Beach, FL, US",False,26.5331845755,-80.1016811785,tigwid,,cc-by-nc,1
Epipremnum aureum,69223,382962526,https://www.inaturalist.org/observations/382962526,research,2026-07-19,"Quentin Ave, Boynton Beach, FL, US",False,26.5330074734,-80.1026841722,erinpeters25,,cc-by-nc,1
Epipremnum aureum,69223,382955458,https://www.inaturalist.org/observations/382955458,research,2026-07-19,"Quentin Ave, Boynton Beach, FL, US",False,26.5338905403,-80.1032680382,bgunnoe,,cc-by-nc,1
Epipremnum aureum,69223,382935894,https://www.inaturalist.org/observations/382935894,research,2026-07-15,"壽山國家自然公園, 鼓山區, 高雄市, TW",False,22.6578166667,120.260405,ssnp197_joyku,,cc-by-nc,4
Epipremnum aureum,69223,382790675,https://www.inaturalist.org/observations/382790675,needs_id,2026-07-03,"Imetang, Ngarchelong, 帛琉",False,7.7018111111,134.6413555556,huxx0058,胡正恆,cc-by-nc-nd,2
Epipremnum aureum,69223,382782862,https://www.inaturalist.org/observations/382782862,research,2026-07-18,"PR-191, Río Grande, PR, US",False,18.3126366667,-65.7705083333,adelina_salikh,Adelina Salikhova,cc-by-nc,1
Epipremnum aureum,69223,382733412,https://www.inaturalist.org/observations/382733412,research,2026-07-11,"Apia, Samoa",False,-13.8653437468,-171.7659334076,lobotaniser,M Rutherford,cc-by-nc,1
Epipremnum aureum,69223,382697276,https://www.inaturalist.org/observations/382697276,research,2025-08-04,"Maui County, HI, USA",False,20.8751183167,-156.1865166667,tengxiang_wang,Tengxiang Wang,,2
Epipremnum aureum,69223,382657156,https://www.inaturalist.org/observations/382657156,research,2026-07-18,West Palm Beach,False,26.7289237976,-80.1176452637,imeg,ImEg,cc-by-nc,1
Epipremnum aureum,69223,382643116,https://www.inaturalist.org/observations/382643116,research,2026-07-17,"Avenida André Araújo, Manaus, AM, BR",False,-3.104811639,-60.0055630579,gabriela_morais,Gabriela morais,cc-by-nc,1
Epipremnum aureum,69223,382607855,https://www.inaturalist.org/observations/382607855,research,2026-07-18,"Rodovia AL - 101 Norte, Maragogi, AL, BR",False,-8.9188078686,-35.1549814991,maripaivas,,cc-by-nc,1
Epipremnum aureum,69223,382494671,https://www.inaturalist.org/observations/382494671,research,2026-07-17,"Ko‘olau Forest Reserve, Haiku, HI, US",False,20.8203133333,-156.1355138333,mrs_chili6,,cc-by-nc,5
Epipremnum aureum,69223,382479747,https://www.inaturalist.org/observations/382479747,research,2026-07-18,"5J7R+2MW, Ngangkruk, Pilangrejo, Kec. Nglipar, Kabupaten Gunungkidul, Daerah Istimewa Yogyakarta 55852, Indonesia",False,-7.8372212,110.6417343,putranuswantoro,Putra Nuswantoro,cc-by-nc,1
Epipremnum aureum,69223,382421124,https://www.inaturalist.org/observations/382421124,research,2026-07-18,"Palawan, El Nido, Mimaropa, PH",False,11.1620648281,119.39780019,jules_cadiou,Jules Cadiou,cc-by-nc,1
Epipremnum aureum,69223,382408763,https://www.inaturalist.org/observations/382408763,research,2023-10-06,"Honolulu County, US-HI, US",False,21.3344833333,-157.8004133333,sad_eyed_boy,,cc-by-nc,1
Epipremnum aureum,69223,382400486,https://www.inaturalist.org/observations/382400486,research,2026-03-25,"FV9H+48R, Aguadilla, 00603, Puerto Rico",False,18.4686991723,-67.121710293,dummy_2004,Johann S. Rivera Vargas,cc-by-nc,1
Epipremnum aureum,69223,382239532,https://www.inaturalist.org/observations/382239532,research,2026-07-17,"KGRAA16, KGRAA16, Puthenkotta, Attakulangara, Thiruvananthapuram, Kerala 695002, India",False,8.4796833333,76.9585472222,arnavbirding,Arnav Jeyapandian,,2
Epipremnum aureum,69223,382222629,https://www.inaturalist.org/observations/382222629,research,2026-07-17,600台灣嘉義市東區盧厝里,False,23.4750693997,120.494938,tony2148,周明煌,,2
Epipremnum aureum,69223,382156391,https://www.inaturalist.org/observations/382156391,research,2026-07-16,"NW 24th Pl, Pembroke Pines, FL, US",False,26.028649909,-80.4049854,chlo555,,cc-by-nc,1
Epipremnum aureum,69223,382082260,https://www.inaturalist.org/observations/382082260,research,2026-07-16,"Manatee Bay Dr, Boynton Beach, FL, US",False,26.5433720044,-80.0550485559,atrapheagen,,cc-by-nc,1
Epipremnum aureum,69223,382064892,https://www.inaturalist.org/observations/382064892,research,2026-07-16,"Hotel Villa Lapas, Garabito, Puntarenas, CR",False,9.756075,-84.6103583333,el-markos,Mark Wagner,cc-by,1
Epipremnum aureum,69223,382064760,https://www.inaturalist.org/observations/382064760,research,2026-07-16,"Hotel Villa Lapas, Garabito, Puntarenas, CR",False,9.756255,-84.6107116667,el-markos,Mark Wagner,cc-by,1
Epipremnum aureum,69223,381940324,https://www.inaturalist.org/observations/381940324,research,2026-07-16,600台灣嘉義市東區東川里FFM9+4H,False,23.4823887997,120.4688538997,tony2148,周明煌,,1
Epipremnum aureum,69223,381899708,https://www.inaturalist.org/observations/381899708,research,2026-07-16,804台灣高雄市鼓山區鼓岩里,False,22.6400987,120.2698417,ssnp147,hsehse gg,,2
Epipremnum aureum,69223,381835982,https://www.inaturalist.org/observations/381835982,research,2026-07-13,"São Cristóvão, SE, BR",False,-10.926519161,-37.0999974997,ana__rita,,cc-by-nc,1
Epipremnum aureum,69223,381823641,https://www.inaturalist.org/observations/381823641,research,2026-07-15,"NE 18th Pl, Cape Coral, FL, US",False,26.723204182,-81.9355078839,robert8260,Robert Davis,cc-by-nc,1
Epipremnum aureum,69223,381769402,https://www.inaturalist.org/observations/381769402,research,2025-10-16,"Sandvik Street, Kinondoni, TZ",False,-6.7494,39.278245,jadyn_mounce,Jadyn Mounce,cc-by-nc,1
Epipremnum aureum,69223,381751058,https://www.inaturalist.org/observations/381751058,research,2026-07-15,"Várzea, Recife - State of Pernambuco, Brésil",False,-8.0648967,-34.9626447,vincentcarlier,Vincent Carlier,cc-by-nc,1
Epipremnum aureum,69223,381686797,https://www.inaturalist.org/observations/381686797,research,2026-07-15,"Nature Coast Botanical Gardens and Nursery, Spring Hill, FL, US",False,28.4592556274,-82.6207397202,marybethlowe,Marybeth Lowe,,2
Epipremnum aureum,69223,381587320,https://www.inaturalist.org/observations/381587320,research,2026-07-14,"KGRAA16, KGRAA16, Puthenkotta, Attakulangara, Thiruvananthapuram, Kerala 695002, India",False,8.4796805556,76.9585472222,arnavbirding,Arnav Jeyapandian,,4
Epipremnum aureum,69223,381575995,https://www.inaturalist.org/observations/381575995,research,2026-07-13,"Hulhumalé, Maldives",False,4.2159361111,73.5414916667,aldhee,Ali Ahmed Didi,cc-by-nc,1
Epipremnum aureum,69223,381433318,https://www.inaturalist.org/observations/381433318,research,2026-07-14,"Oakhurst Rd + 137th St, Florida 33776, USA",False,27.8550399722,-82.826929,noahvondauber,Noah Von Dauber,cc-by-nc,1
Epipremnum aureum,69223,381433255,https://www.inaturalist.org/observations/381433255,research,2026-07-14,"Oakhurst Rd + 137th St, Florida 33776, USA",False,27.8550399722,-82.826929,noahvondauber,Noah Von Dauber,cc-by-nc,1
Epipremnum aureum,69223,381428902,https://www.inaturalist.org/observations/381428902,research,2026-07-14,"Oakhurst Rd + 137th St, Florida 33776, USA",False,27.8550085249,-82.8269278631,noahvondauber,Noah Von Dauber,cc-by-nc,2
Epipremnum aureum,69223,381391848,https://www.inaturalist.org/observations/381391848,research,2026-07-14,"Atlantic Boulevard & Hemingway Circle, Margate, FL 33063, USA",False,26.23523187,-80.19320643,ryanc571,,cc-by-nc,1
Epipremnum aureum,69223,381177446,https://www.inaturalist.org/observations/381177446,research,2026-07-13,"VCX6+76, San Cayetano, Norte de Santander, Colombia",False,7.89764165,-72.5900767833,jesus11409,Jesus Duran,cc-by-nc,1
Epipremnum aureum,69223,381123263,https://www.inaturalist.org/observations/381123263,research,2026-07-13,"PR-191, Río Grande, PR, US",False,18.3126231007,-65.770467934,hoogentack,Jackson Dittrich,cc-by-nc,1
Epipremnum aureum,69223,381041771,https://www.inaturalist.org/observations/381041771,research,2026-07-13,"PR-191, Río Grande, PR, US",False,18.3125946082,-65.7704229667,hoogentack,Jackson Dittrich,cc-by-nc,1
Epipremnum aureum,69223,380886001,https://www.inaturalist.org/observations/380886001,research,2026-07-09,Saint Thomas Barbados,False,13.1944108,-59.5866479997,lintonarneaud,Linton_Arneaud,cc-by-nd,3
Epipremnum aureum,69223,380782669,https://www.inaturalist.org/observations/380782669,research,2026-07-10,"Ba-05, 090313 Guayaquil, Ecuador",False,-2.1837663,-79.87752946,kabirbosques,Kabir Montesinos,cc-by,2
Epipremnum aureum,69223,380735791,https://www.inaturalist.org/observations/380735791,research,2026-03-24,"33000 La Entrada, République dominicaine",False,19.558751,-69.9104930997,laylahnox,Laylah Tardif,cc-by-nc,1
Epipremnum aureum,69223,380557101,https://www.inaturalist.org/observations/380557101,needs_id,2026-07-12,"Best St at Close St, Parkes NSW 2870, Australia",False,-33.1417692,148.1599858,karri37428,Karri Smith,cc-by-nc,1
Epipremnum aureum,69223,380508086,https://www.inaturalist.org/observations/380508086,research,2026-06-20,"Sarona Cir, Royal Palm Beach, FL, US",False,26.6879948285,-80.2110821701,twohandunk,,cc-by-nc,1
Epipremnum aureum,69223,380480342,https://www.inaturalist.org/observations/380480342,research,2026-06-26,"São Cristóvão, SE, BR",False,-10.9245216667,-37.1019166667,clarisseguerrera,,cc-by-nc,1
Epipremnum aureum,69223,380467535,https://www.inaturalist.org/observations/380467535,research,2026-07-11,"Lemon Ave, Vero Beach, FL, US",False,27.63483,-80.39363,jimw3,James K. Wetterer,cc-by-nc,2
Epipremnum aureum,69223,380375992,https://www.inaturalist.org/observations/380375992,research,2026-07-11,"Vía 618, Aguirre, Puntarenas, CR",False,9.3983206961,-84.155421846,cinammino,,cc-by-nc,1
Epipremnum aureum,69223,380222083,https://www.inaturalist.org/observations/380222083,research,2026-07-11,"Xingye Quick Line, Zhuhai, Guangdong, CN",False,22.292759941,113.5626386941,noctilucula,Noctilucula,cc-by-nc,1
Epipremnum aureum,69223,380195356,https://www.inaturalist.org/observations/380195356,research,2026-07-10,"Kapahi Rd, Kapaʻa, HI, US",False,22.1035166667,-159.3432783333,drewby_doo_,Drew Dispennette,cc-by-nc,3
Epipremnum aureum,69223,380152021,https://www.inaturalist.org/observations/380152021,research,2026-07-10,"Whistling Pines Ln, Boca Raton, FL, US",False,26.3453592712,-80.2290132411,emanuellegarrido,,cc-by-nc,1
Epipremnum aureum,69223,380149755,https://www.inaturalist.org/observations/380149755,research,2026-06-21,"Haena, HI 96746, USA",False,22.2219916667,-159.5697944444,nickmoore91,Nick Moore,cc0,1
Epipremnum aureum,69223,380149738,https://www.inaturalist.org/observations/380149738,research,2026-06-21,"Wailua Homesteads, HI 96746, USA",False,22.0527611111,-159.3652944444,nickmoore91,Nick Moore,cc0,1
Epipremnum aureum,69223,380035111,https://www.inaturalist.org/observations/380035111,needs_id,2025-12-13,"Mastic St, Islamorada, FL, US",False,24.9188619387,-80.6357731485,charismaticcashew,Jack,cc-by-nc,1
Epipremnum aureum,69223,379928598,https://www.inaturalist.org/observations/379928598,research,2026-06-26,"Mona Mona, QLD, AU",False,-16.7366687145,145.5171389165,david_linked,,cc-by-nc,1
Epipremnum aureum,69223,379880486,https://www.inaturalist.org/observations/379880486,research,2026-07-10,"Maoweiqi, Luzhu District, Taoyuan City, TW",False,25.0823788718,121.3472037391,naturalist151631,汪主光,cc-by-nc,1
Epipremnum aureum,69223,379809515,https://www.inaturalist.org/observations/379809515,research,2026-07-09,"PR-191, Río Grande, PR, US",False,18.3216452403,-65.7694811871,vandybugs,Julian Hillyer,cc-by-nc,1
Epipremnum aureum,69223,379657517,https://www.inaturalist.org/observations/379657517,research,2026-07-05,"Mjini, Mjini, TZ",False,-6.1610111667,39.1882583333,spuddybike,JD Johnson,,1
Epipremnum aureum,69223,379626667,https://www.inaturalist.org/observations/379626667,research,2026-07-05,"Arayur, Kerala, India",False,8.353358819,77.1204939131,sai_shankar,Sai Shankar g nair,,1
Epipremnum aureum,69223,379618470,https://www.inaturalist.org/observations/379618470,research,2026-06-26,"Swaraj Dweep, South Andaman, Andaman and Nicobar Islands, IN",False,12.0381198826,92.9833940134,priya_2696,,cc-by-nc,2
Epipremnum aureum,69223,379601278,https://www.inaturalist.org/observations/379601278,research,2026-07-09,"Great Barrier Reef, Fitzroy Island, QLD, AU",False,-16.92848,145.9901416667,msydes,Marita Sydes,cc-by-nc,2
Epipremnum aureum,69223,379544795,https://www.inaturalist.org/observations/379544795,needs_id,2026-06-25,"มหาวิทยาลัยเกษตรศาสตร์, เขตจตุจักร, กรุงเทพมหานคร, TH",False,13.8469966667,100.5705633333,thanitnan,Thanitnan NANTA,cc-by-nc,1
Epipremnum aureum,69223,379388218,https://www.inaturalist.org/observations/379388218,needs_id,2026-07-08,St. Joseph,False,13.2001895905,-59.5643348694,kdun,,cc-by-nc,1
Epipremnum aureum,69223,379283920,https://www.inaturalist.org/observations/379283920,research,2026-07-07,"Maui, Haiku-Pauwela, HI, US",False,20.9054144341,-156.2977343604,nina47371,Nina Freeman,cc-by-nc,1
Epipremnum aureum,69223,379255249,https://www.inaturalist.org/observations/379255249,research,2026-07-06,"Rosa Elze, São Cristóvão - SE, Brasil",False,-10.9250344596,-37.1016659215,maria_luiza70154,Maria Luiza Benitez Freitas,cc-by-nc,1
Epipremnum aureum,69223,379088186,https://www.inaturalist.org/observations/379088186,research,2026-07-07,"Santa Cruz, CR-GU, CR",False,10.0345965521,-85.7401139773,kenthej,,cc-by-nc,1
Epipremnum aureum,69223,379006655,https://www.inaturalist.org/observations/379006655,research,2026-07-07,"FX2F+JGP, Khalor, West Bengal 711303, India",False,22.451075,87.97355,mario37030,David Murmu,cc-by-nc,1
Epipremnum aureum,69223,378971046,https://www.inaturalist.org/observations/378971046,research,2026-07-06,"Cocoa Beach, FL 32931, USA",False,28.3304527778,-80.6114722222,nathaniel_i,Nathaniel Isabella,cc0,1
Epipremnum aureum,69223,378956138,https://www.inaturalist.org/observations/378956138,research,2026-07-07,Zhongshan District,False,25.0807361603,121.5247421265,kenshih,Ken Shih,,1
Epipremnum aureum,69223,378925271,https://www.inaturalist.org/observations/378925271,research,2026-07-06,"Kaneohe, HI 96744, USA",False,21.3672027778,-157.7932083333,dpflicxs,Danny,,1
Epipremnum aureum,69223,378921192,https://www.inaturalist.org/observations/378921192,research,2026-06-28,"Xapuri, AC, 69930-000, Brasil",False,-10.657865931,-68.5034978762,yanzin,Yan Matos,cc-by-nc,2
Epipremnum aureum,69223,378872953,https://www.inaturalist.org/observations/378872953,research,2026-05-23,"Zakimi, Yomitan, Nakagami District, Okinawa 904-0301, Japan",False,26.4077476322,127.7426408454,shadymushroom,Sandie,,1
Epipremnum aureum,69223,378871469,https://www.inaturalist.org/observations/378871469,research,2026-07-05,"XMR3+2M7, Provincia de Alajuela, Atenas, Matías, Costa Rica",False,9.9892157889,-84.3460888778,davidtng,David Tng,cc-by-nc,2
Epipremnum aureum,69223,378793348,https://www.inaturalist.org/observations/378793348,research,2026-07-06,"PR-983, Luquillo, PR, US",False,18.3388682893,-65.7314650477,jlemos,Julia Lemos,cc-by-nc,2
Epipremnum aureum,69223,378767069,https://www.inaturalist.org/observations/378767069,research,2026-07-06,Cevicos,False,18.9251365662,-69.9473953247,vonhalwig,,cc-by-nc,1
Epipremnum aureum,69223,378757938,https://www.inaturalist.org/observations/378757938,needs_id,2019-10-25,"Ao Nang, Mueang Krabi District, Krabi, Thailand",False,8.0350472222,98.8165888889,sahilzutshi,Sahil - Abu Birder 🦩,,1
Epipremnum aureum,69223,378678892,https://www.inaturalist.org/observations/378678892,research,2026-07-06,"Conway Rd, Palm Grove, QLD, AU",False,-20.4172866667,148.6832583333,ashbabii96,Ayeesha Hodges,cc-by-nc,5
Epipremnum aureum,69223,378556174,https://www.inaturalist.org/observations/378556174,research,2026-04-13,"Universidade Federal de Sergipe, São Cristóvão, SE, BR",False,-10.9241666667,-37.1016111667,jameloca_com,,cc-by-nc,1
Epipremnum aureum,69223,378336014,https://www.inaturalist.org/observations/378336014,research,2026-07-05,"Davao City, Davao, PH",False,7.2085369191,125.4770314308,jaycel1,Jaycel Deguito,cc-by-nc,1
Epipremnum aureum,69223,378256039,https://www.inaturalist.org/observations/378256039,research,2026-06-30,"Rosa Elze, São Cristóvão - SE, Brasil",False,-10.926242,-37.1009689722,mk1rk3a,Maria Victória | Zootecnista,cc-by-nc,1
Epipremnum aureum,69223,377994315,https://www.inaturalist.org/observations/377994315,research,2026-06-30,"Kalalau Trail, Princeville, HI, US",False,22.22155,-159.5815716667,servedio,Maria Servedio,cc-by-nc,1
Epipremnum aureum,69223,377926960,https://www.inaturalist.org/observations/377926960,research,2026-07-03,"Maunawili Rd, Kailua, HI, US",False,21.3541583333,-157.7640533333,emily_foster133,,cc-by-nc,1
Epipremnum aureum,69223,377896783,https://www.inaturalist.org/observations/377896783,research,2026-07-03,"9WQ6+96G, Ocho Rios, Jamaica",False,18.3894176,-77.091175,damionwhyte,Damion Laren Whyte,,1
Epipremnum aureum,69223,377841057,https://www.inaturalist.org/observations/377841057,research,2026-07-03,Maui County,False,20.9122028351,-156.2430114746,kristina683,Kristina Glass,,1
Epipremnum aureum,69223,377700180,https://www.inaturalist.org/observations/377700180,research,2025-07-19,"Trastevere, Rome, Metropolitan City of Rome Capital, Italy",False,41.8927030444,12.4644762388,anonimouspug,Anonimous Pug,cc-by-nc,1
Epipremnum aureum,69223,377655858,https://www.inaturalist.org/observations/377655858,research,2026-07-03,"Lanyu Township, Taitung County, TW",False,22.0283971667,121.5771783333,h_erectus,K. REN,cc-by-nc,1
Epipremnum aureum,69223,377494530,https://www.inaturalist.org/observations/377494530,research,2026-06-28,"Saint Peter, MS",False,16.7626081803,-62.2155791025,trunkfish_mni,,cc-by-nc,1
Epipremnum aureum,69223,377446079,https://www.inaturalist.org/observations/377446079,research,2026-06-25,"Chuchat Kamphu Road, Chatuchak District, Bangkok, TH",False,13.8470416667,100.5706033333,thanatchapon,Thanatchapon BOUDTHAISONG,cc-by-nc,1
Epipremnum aureum,69223,377393825,https://www.inaturalist.org/observations/377393825,research,2025-08-02,"Várzea, Recife - State of Pernambuco, Brazil",False,-8.0514125671,-34.9736106509,anonimouspug,Anonimous Pug,cc-by-nc,1
Epipremnum aureum,69223,377393824,https://www.inaturalist.org/observations/377393824,research,2025-08-02,"Várzea, Recife - State of Pernambuco, Brazil",False,-8.0514357865,-34.9736445729,anonimouspug,Anonimous Pug,cc-by-nc,1
Epipremnum aureum,69223,377342895,https://www.inaturalist.org/observations/377342895,research,2026-07-01,"Limón Province, Cocles, Costa Rica",False,9.6508779444,-82.7373657222,leytonjfreid,Leyton Reid,cc-by-nc,1
Epipremnum aureum,69223,377130684,https://www.inaturalist.org/observations/377130684,research,2026-07-01,"Av. Mal. Cândido Rondon, 1303-1399 - Jabutiana, Aracaju - SE, Brazil - Jabotiana, Aracaju - SE, 49081-120, Brasil",False,-10.9236646,-37.0955302,marcelama,,,1
Epipremnum aureum,69223,377122302,https://www.inaturalist.org/observations/377122302,research,2026-07-01,"Av. Mal. Cândido Rondon, 1303-1399 - Jabutiana, Aracaju - SE, Brazil - Jabotiana, Aracaju - SE, 49081-120, Brasil",False,-10.9236646,-37.0955302,marcelama,,,1
Epipremnum aureum,69223,377107404,https://www.inaturalist.org/observations/377107404,research,2026-07-01,"Gorge Rd, Finch Hatton, QLD, AU",False,-21.0841888333,148.6356366667,aeithalis,Linus Brinker,cc-by-nc,1
Epipremnum aureum,69223,377056165,https://www.inaturalist.org/observations/377056165,research,2026-06-22,"Kawela Bay, HI 96731, USA",False,21.6996222222,-158.0054472222,ryan_durand,Ryan Durand,cc-by-nc,1
Epipremnum aureum,69223,377050387,https://www.inaturalist.org/observations/377050387,research,2026-07-01,"Taketomi, Taketomi, Okinawa, JP",False,24.32992,124.086875,zach33008,Zach Rumm,cc-by-nc,1
Epipremnum aureum,69223,377049993,https://www.inaturalist.org/observations/377049993,research,2026-06-22,"Koolauloa, Hauula, HI, USA",False,21.5579555556,-157.8668222222,ryan_durand,Ryan Durand,cc-by-nc,2
Epipremnum aureum,69223,377049974,https://www.inaturalist.org/observations/377049974,research,2026-06-22,"Koolauloa, Hauula, HI, USA",False,21.5579555556,-157.8667444444,ryan_durand,Ryan Durand,cc-by-nc,2
Epipremnum aureum,69223,377049972,https://www.inaturalist.org/observations/377049972,research,2026-06-22,"Koolauloa, Hauula, HI, USA",False,21.5578444444,-157.8667138889,ryan_durand,Ryan Durand,cc-by-nc,1
Epipremnum aureum,69223,377045791,https://www.inaturalist.org/observations/377045791,research,2026-06-25,"Soi Chom Thong 13 Yaek 8, Chom Thong District, Bangkok, TH",False,13.6912809591,100.4683302781,mguarisc,,cc-by-nc,1
Epipremnum carolinense,1144561,371086948,https://www.inaturalist.org/observations/371086948,needs_id,2026-06-10,"Palau, PW",False,7.4599534823,134.5685546032,jarthurjohnson,,cc-by-nc,1
Epipremnum ceramense,69225,387799798,https://www.inaturalist.org/observations/387799798,research,2026-07-30,"CP88+GX3, Koli, Kec. Oba, Kota Tidore Kepulauan, Maluku Utara, Indonesia",False,0.4166070914,127.716881521,trihapsoro,Nadhifa Trihapsoro,,2
Epipremnum ceramense,69225,262904794,https://www.inaturalist.org/observations/262904794,research,2025-02-16,"CP88+GX3, Koli, Kec. Oba, Kota Tidore Kepulauan, Maluku Utara, Indonesia",False,0.4163666667,127.7167472222,trihapsoro,Nadhifa Trihapsoro,,1
Epipremnum falcifolium,1592398,368220029,https://www.inaturalist.org/observations/368220029,research,2026-06-04,"Jalan Otto Iskandardinata, Bogor, West Java, ID",False,-6.6012176152,106.8021909849,dinafransiska,Dina Fransiska,cc-by-nc,2
Epipremnum falcifolium,1592398,334657421,https://www.inaturalist.org/observations/334657421,research,2026-01-07,"9QWX+X6G, RT.04/RW.02, Paledang, Kecamatan Bogor Tengah, Kota Bogor, Jawa Barat, Indonesia",False,-6.6017618056,106.7984618889,laurio,Laurio Leonald,,1
Epipremnum giganteum,425608,402705340,https://www.inaturalist.org/observations/402705340,research,2026-09-23,"Ko Pha-Ngan Subdistrict, Ko Pha-ngan District, Surat Thani, Thailand",False,9.79841,100.021962,raduluchian,Radu L.,cc-by-nc,3
Epipremnum giganteum,425608,397756898,https://www.inaturalist.org/observations/397756898,research,2026-08-28,"Bukit Tinggi, 28750 Bentong, Pahang, Malaysia",False,3.4171746842,101.8436724852,makss,Maks Syratt,cc-by-nc,1
Epipremnum giganteum,425608,395865895,https://www.inaturalist.org/observations/395865895,research,2026-08-03,"Bukit Bendera, Pulau Pinang, Malaysia",False,5.4181638889,100.26245,ben338,Ben Hsieh,,2
Epipremnum giganteum,425608,393601795,https://www.inaturalist.org/observations/393601795,research,2023-08-23,"Bukit Panjang, Singapore",False,1.3541175997,103.7759276,donalddavesne,Donald Davesne,cc-by,1
Epipremnum giganteum,425608,389953920,https://www.inaturalist.org/observations/389953920,research,2026-08-02,马来西亚吉打瓜埠邮政编码: 07000,False,6.3498442,99.8729405,gerrymars,寒月米狼,,1
Epipremnum giganteum,425608,386778243,https://www.inaturalist.org/observations/386778243,research,2026-07-29,"C7QQ+FJ, 10470 George Town, Penang, Malaysia",False,5.4390222222,100.2893138889,yu_kai3,Yu Kai Tan,,1
Epipremnum giganteum,425608,377075223,https://www.inaturalist.org/observations/377075223,research,2026-07-01,"Bukit Panjang, Singapore",False,1.3483882862,103.7767009065,leewm66,,cc-by-nc,1
Epipremnum giganteum,425608,375688463,https://www.inaturalist.org/observations/375688463,research,2026-06-27,"C76G+X6 Pondok Rehat 2, Bukit Bendera, Pulau Pinang, Malaysia",False,5.4107127,100.2760655997,amirul-mi,amirul syahmi,cc-by-nc,3
Epipremnum giganteum,425608,373488763,https://www.inaturalist.org/observations/373488763,needs_id,2026-06-01,"Kabupaten Mimika, Papua Tengah, Indonesia",False,-4.5558555556,136.7750083333,referiqbal,Refer Iqbal,cc-by-nc,1
Epipremnum giganteum,425608,373180565,https://www.inaturalist.org/observations/373180565,needs_id,2026-06-18,"Dak Lua, Dong Nai, VN",False,11.4409883333,107.4315416667,sstllm,Kate Stelmakhova,,1
Epipremnum giganteum,425608,361429854,https://www.inaturalist.org/observations/361429854,research,2026-05-03,"Chenor, Pahang, Malaysia",False,3.4909884536,102.594903186,liana80226,liana 86,cc-by-nc,2
Epipremnum giganteum,425608,358867860,https://www.inaturalist.org/observations/358867860,research,2026-05-06,"Ko Yao District, Phang Nga, TH",False,8.1181277788,98.6216858657,shruti10013,10013 Shruti,cc-by-nc,1
Epipremnum giganteum,425608,358770016,https://www.inaturalist.org/observations/358770016,research,2026-05-06,"Ko Yao District, Phang Nga, TH",False,8.1180474811,98.6214504669,spa12152uraiphon,Spa12152Uraiphon,cc-by-nc,1
Epipremnum giganteum,425608,358617986,https://www.inaturalist.org/observations/358617986,research,2026-05-05,4J9C+8V9 เกาะยาวน้อย อำเภอ เกาะยาว พังงา 82160 ประเทศไทย,False,8.118054,98.621544,aioon_ry,Ratchada Yuenyongkeereemat,cc-by-nc,2
Epipremnum giganteum,425608,358485371,https://www.inaturalist.org/observations/358485371,research,2026-05-05,"Ko Yao District, Phang Nga, TH",False,8.1185859895,98.6216129998,spa12022paranee,paranee thongkaew,cc-by-nc,5
Epipremnum giganteum,425608,355911352,https://www.inaturalist.org/observations/355911352,research,2026-04-24,"Ko Chang, Ko Chang District, Trat, Thailand",False,12.12038,102.2617816667,mossphipps,moss,cc-by-nc,3
Epipremnum giganteum,425608,353983501,https://www.inaturalist.org/observations/353983501,research,2026-04-24,"Thung Song District, Nakhon Si Thammarat, TH",False,8.1584445,99.6785666667,starling_sentinel,Paisin Lekcharoen,,2
Epipremnum giganteum,425608,351640340,https://www.inaturalist.org/observations/351640340,research,2026-04-21,"28700 Bentong, Pahang, Malaysia",False,3.5260725852,101.9068324193,sxfrina,Sxfrina,cc-by-nc,1
Epipremnum giganteum,425608,351639236,https://www.inaturalist.org/observations/351639236,research,2026-04-21,"28700 Bentong, Pahang, Malaysia",False,3.5260725852,101.9068324193,amar79260,Amar Yusuf,cc-by-nc,1
Epipremnum giganteum,425608,350704417,https://www.inaturalist.org/observations/350704417,research,2026-04-18,"Lot 13, kampung baru sungai Chedung, 26500 Maran, Pahang, Malaysia",False,3.5828527984,102.7785148099,shanur08,Nurul Afzan,cc-by-nc,1
Epipremnum giganteum,425608,350428283,https://www.inaturalist.org/observations/350428283,research,2026-04-17,"27210 Kuala Lipis, Pahang, Malaysia",False,4.6819413498,102.0572983101,aryana_ayrell,-,cc-by-nc,1
Epipremnum giganteum,425608,350427780,https://www.inaturalist.org/observations/350427780,research,2026-04-17,"Kompleks Pejabat Kerajaan Daerah Lipis, 27200 Kuala Lipis, Pahang, Malaysia",False,4.1791173206,102.0538094267,hannah34308,Hannah Khairuddin,cc-by-nc,1
Epipremnum giganteum,425608,350414968,https://www.inaturalist.org/observations/350414968,research,2026-04-17,"Taman Negara Pahang, Raub, Pahang, MY",False,4.678795,102.0598916667,afiq34759,Afiq Abu Bakar,cc-by-nc,1
Epipremnum giganteum,425608,345229586,https://www.inaturalist.org/observations/345229586,research,2026-02-19,"Nong Thale, Mueang Krabi District, Krabi, TH",False,8.0964644969,98.7546391072,elliot_meyers,,cc-by-nc,2
Epipremnum giganteum,425608,341694447,https://www.inaturalist.org/observations/341694447,research,2026-02-13,"Club Med Cherating Beach, 26080 Balok, Pahang, 馬來西亞",False,4.1401937,103.4078334,capricornis,長鬃山羊,cc-by-nc,4
Epipremnum giganteum,425608,341234208,https://www.inaturalist.org/observations/341234208,research,2026-03-04,"37PP+6CJ Mangrove, crab. Мангры с ползающими по ним крабами, R Dum Land, ที่ เจ ก ดำ, Tambon Sa Khu, 83110, Thailand",False,8.0839194444,98.2840027778,annahaigh,,cc-by-nc,7
Epipremnum giganteum,425608,339295083,https://www.inaturalist.org/observations/339295083,research,2026-02-19,"Nong Thale, Mueang Krabi District, Krabi, TH",False,8.0929899117,98.7675230939,elliot_meyers,,cc-by-nc,2
Epipremnum giganteum,425608,338986779,https://www.inaturalist.org/observations/338986779,research,2026-02-14,"Mueang Krabi District, Krabi, TH",False,8.0086165316,98.8374204137,mykenzi_k,,cc-by-nc,1
Epipremnum giganteum,425608,338410559,https://www.inaturalist.org/observations/338410559,research,2026-02-13,"PJ3W+6MM, Ko Tarutao, Mueang Satun District, Satun 91000, Thailand",False,6.7024014997,99.6480276,krzysztof43428,Chris Chris,cc-by-nc,6
Epipremnum giganteum,425608,338384587,https://www.inaturalist.org/observations/338384587,research,2025-12-24,"Phước Xuân, Phước Sơn, Quảng Nam, Vietnam",False,15.5302316667,107.817215,lostincr,LostInCR,,2
Epipremnum giganteum,425608,338139092,https://www.inaturalist.org/observations/338139092,research,2025-12-21,"Tân Trạch, Bố Trạch, Quảng Bình, Vietnam",False,17.5215986057,106.2843082972,lostincr,LostInCR,,3
Epipremnum giganteum,425608,332709273,https://www.inaturalist.org/observations/332709273,research,2025-12-30,"Yao Noi Island, Ko Yao District, Phangnga, TH",False,8.1333528333,98.622245,nicolas21367,Nicolas Pohl,,3
Epipremnum giganteum,425608,331152940,https://www.inaturalist.org/observations/331152940,research,2025-12-18,"Singapore, SG, SG",False,1.345945,103.834975,mercury9nine,,cc-by-nc,3
Epipremnum giganteum,425608,331108594,https://www.inaturalist.org/observations/331108594,research,2025-12-17,,True,,,wildaroidhunter,Alexandre Pierre-Champoux,cc-by-nc,5
Epipremnum giganteum,425608,330604830,https://www.inaturalist.org/observations/330604830,research,2023-11-17,"Ko Lanta Yai, Ko Lanta District, Krabi, Thailand",False,7.4706222222,99.0991666667,chris16887,Chris,cc-by-nc,1
Epipremnum giganteum,425608,328469862,https://www.inaturalist.org/observations/328469862,research,2025-11-27,"Kanchanaburi, TH",True,14.3532164874,99.051772254,muangpaisuetrong,,cc-by-nc,1
Epipremnum giganteum,425608,322750605,https://www.inaturalist.org/observations/322750605,research,2025-10-24,,True,1.34578249,103.7100551241,surinkumar,,cc-by-nc,1
Epipremnum giganteum,425608,322733013,https://www.inaturalist.org/observations/322733013,research,2025-09-13,"Bukit Panjang, Singapore",False,1.353312794,103.7796513364,gavin_n,Gavin,cc0,2
Epipremnum giganteum,425608,322243532,https://www.inaturalist.org/observations/322243532,research,2025-09-13,"Bukit Panjang, Singapore",False,1.3496807526,103.7780252472,gavin_n,Gavin,cc0,2
Epipremnum giganteum,425608,321149472,https://www.inaturalist.org/observations/321149472,research,2025-10-16,"Central Catchment Nature Reserve, Singapore, SG, SG",False,1.361651655,103.8080853145,ismailardaergene,İsmail Arda Ergene,cc-by-nc,1
Epipremnum giganteum,425608,317179472,https://www.inaturalist.org/observations/317179472,research,2025-09-28,4J9C+8V9 ตำบล เกาะยาวน้อย อำเภอ เกาะยาว พังงา 82160 ประเทศไทย,False,8.1180805556,98.6213,fb7329kanjana,กาญจนา คงบุญรักษ์,cc-by-nc,4
Epipremnum giganteum,425608,317165353,https://www.inaturalist.org/observations/317165353,research,2025-09-28,"4JCF+4XP, Ko Yao Noi, Ko Yao District, Phang Nga 82160, Thailand",False,8.1197143983,98.6250722408,chayanit4,Chayanit Suwanaporn,cc-by-nc,1
Epipremnum giganteum,425608,307466298,https://www.inaturalist.org/observations/307466298,research,2025-08-17,,True,1.3246873314,103.6969230427,ethanbeaver,Ethan Beaver,cc-by-nc,1
Epipremnum giganteum,425608,307466297,https://www.inaturalist.org/observations/307466297,research,2025-08-17,,True,1.3592875408,103.6264423971,ethanbeaver,Ethan Beaver,cc-by-nc,2
Epipremnum giganteum,425608,301157288,https://www.inaturalist.org/observations/301157288,research,2025-07-26,"Lộc Tiến, Tp. Bảo Lộc, Lâm Đồng, Вьетнам",False,11.5377288618,107.791288197,bykovskii,insect ID,cc-by,1
Epipremnum giganteum,425608,295737029,https://www.inaturalist.org/observations/295737029,research,2025-05-31,"Lộc Tiến, Tp. Bảo Lộc, Lâm Đồng, Вьетнам",False,11.5377288618,107.791288197,bykovskii,insect ID,cc-by,2
Epipremnum giganteum,425608,291701824,https://www.inaturalist.org/observations/291701824,research,2025-06-05,"Bukit Panjang, Singapore",False,1.354469,103.776453,cwfoo,Foo Chuan Wei,cc-by-nc,2
Epipremnum giganteum,425608,290149433,https://www.inaturalist.org/observations/290149433,research,2025-05-27,"Thung Khai, Yan Ta Khao District, Trang 92140, Thailand",False,7.4680593,99.6383106,wangworn,Wangworn Sankamethawee,cc-by-nc,1
Epipremnum giganteum,425608,285291732,https://www.inaturalist.org/observations/285291732,research,2025-05-04,"Chaloem Phra Kiat Park, Yan Ta Khao District, Trang, TH",False,7.4663083333,99.6401283333,nonwiwat,Natthanon,,1
Epipremnum giganteum,425608,277989744,https://www.inaturalist.org/observations/277989744,research,2025-05-03,"เกาะยาวน้อย, อ.เกาะยาว, จ.พังงา, TH",False,8.1206695,98.6242533333,spa12022paranee,paranee thongkaew,cc-by-nc,3
Epipremnum giganteum,425608,277739439,https://www.inaturalist.org/observations/277739439,research,2025-05-02,4J9C+8V9 ตำบล เกาะยาวน้อย อำเภอ เกาะยาว พังงา 82160 ประเทศไทย,False,8.1180509722,98.6213719722,aioon_ry,Ratchada Yuenyongkeereemat,cc-by-nc,1
Epipremnum giganteum,425608,267320793,https://www.inaturalist.org/observations/267320793,research,2025-03-28,"Penang Hill, Ayer Itam, Penang, MY",False,5.4244616667,100.2673633333,al_kordesch,Al Kordesch,cc0,2
Epipremnum giganteum,425608,264990059,https://www.inaturalist.org/observations/264990059,research,2025-02-12,"Ao Nang, Mueang Krabi District, Krabi, Thailand",False,8.0178741997,98.8420952997,dzagorac,Dean Zagorac,cc-by-nc,1
Epipremnum giganteum,425608,263064096,https://www.inaturalist.org/observations/263064096,research,2025-02-25,"Ao Nang, Mueang Krabi District, Krabi, Thailand",False,8.0147048,98.8371072,mihailovujic,,cc-by-nc,1
Epipremnum giganteum,425608,263043989,https://www.inaturalist.org/observations/263043989,research,2025-02-20,"CQV5+VM2, Kam Lon, Lan Saka District, Nakhon Si Thammarat 80230, Thailand",False,8.4444484335,99.7587058693,wildaroidhunter,Alexandre Pierre-Champoux,cc-by-nc,14
Epipremnum giganteum,425608,261416112,https://www.inaturalist.org/observations/261416112,needs_id,2019-07-31,"CGM9+W9X, Tham Nam Phut, Mueang Phang-nga District, Phang Nga 82000, Thailand",False,8.43478,98.51827,jasen_liu,Jasen Liu,cc-by-nc,3
Epipremnum giganteum,425608,259079159,https://www.inaturalist.org/observations/259079159,research,2024-12-13,"Mae Raem, Mae Rim District, Chiang Mai 50180, Thailand",False,18.9049076744,98.8882492483,wildaroidhunter,Alexandre Pierre-Champoux,cc-by-nc,1
Epipremnum giganteum,425608,253644941,https://www.inaturalist.org/observations/253644941,research,2024-11-30,"VRFG+4PG, Khao Wongkot, Kaeng Hang Maeo District, Chanthaburi 22160, Thailand",False,12.8726277778,101.8248527778,niran_anurakpongsathorn,Niran Anurakpongsathorn,cc-by-nc,2
Epipremnum giganteum,425608,251561171,https://www.inaturalist.org/observations/251561171,research,2022-12-27,"Khao Pra-Bang Khram Wildlife Sanctuary, Khlong Thom, Krabi, TH",False,7.9269166667,99.2709416667,nonwiwat,Natthanon,,2
Epipremnum giganteum,425608,244876752,https://www.inaturalist.org/observations/244876752,needs_id,2024-09-30,"Khao Sok, Nong Yai, Chonburi, TH",False,13.0744453,101.41838975,jeff_dreamgreen,Jeff Smith,cc-by-nc,3
Epipremnum giganteum,425608,240466201,https://www.inaturalist.org/observations/240466201,research,2024-09-07,"Batu Caves, Batu Caves, Selangor, MY",False,3.2387883333,101.6851416667,oli_in_gold,Oliver Ingold,,2
Epipremnum giganteum,425608,238371716,https://www.inaturalist.org/observations/238371716,research,2024-08-28,"V9XX+PH7 Khao Toh Sae exercise park, Tambon Ratsada, Amphoe Mueang Phuket, Chang Wat Phuket 83000, Thailand",False,7.8991121667,98.3984375,pavelkornev,,cc-by-nc,1
Epipremnum giganteum,425608,236674527,https://www.inaturalist.org/observations/236674527,research,2024-08-19,"Bang Thao Nok, Thalang District, Phuket 83110, Thailand",False,7.9626099997,98.3116365997,pavelkornev,,cc-by-nc,5
Epipremnum giganteum,425608,232179922,https://www.inaturalist.org/observations/232179922,research,2024-06-06,,True,1.2262223758,103.6267367248,tkp123,,cc-by-nc,1
Epipremnum giganteum,425608,227221685,https://www.inaturalist.org/observations/227221685,research,2024-07-03,"Seksyen U10, Shah Alam, Selangor, MY",False,3.129975,101.4773283333,karmila_norizan,Karmila Norizan,,2
Epipremnum giganteum,425608,210716315,https://www.inaturalist.org/observations/210716315,research,2024-04-28,"เลขที่ 64, ตำบล บ้านเกาะ อำเภอ พรหมคีรี นครศรีธรรมราช 80320 ประเทศไทย",False,8.5418494244,99.8423689976,adithep,,cc-by-nc,1
Epipremnum giganteum,425608,205518813,https://www.inaturalist.org/observations/205518813,research,2024-03-26,"FXCR+W59, Na Mueang, Ko Samui District, Surat Thani 84140, Thailand",False,9.47160335,99.98969458,marianna_vasile,,cc-by-nc,3
Epipremnum giganteum,425608,205490165,https://www.inaturalist.org/observations/205490165,needs_id,2024-04-05,"Langkawi Island, Langkawi, Kedah, MY",False,6.4235633333,99.6683883333,hamrish_singh,Hamrish Singh,cc-by-nc,1
Epipremnum giganteum,425608,198549028,https://www.inaturalist.org/observations/198549028,research,2024-02-06,"武吉知马自然保护区, SG",False,1.3476710062,103.7763076516,ylin11111111,,cc-by-nc,1
Epipremnum giganteum,425608,197761846,https://www.inaturalist.org/observations/197761846,research,2024-01-28,9FP8+QR4 ตำบล นาคา อำเภอ สุขสำราญ ระนอง 85120 ประเทศไทย,False,9.3851216667,98.4665283333,w4rid,,cc-by-nc,2
Epipremnum giganteum,425608,190069586,https://www.inaturalist.org/observations/190069586,research,2023-11-05,"Sepang, MY-SL, MY",False,2.9172204,101.608134,azamuddeen_nasir,AZAMUDDEEN NASIR,,3
Epipremnum giganteum,425608,189635410,https://www.inaturalist.org/observations/189635410,research,2023-10-31,"Penang Hill, 11500 Bukit Bendera, Penang, Malaysia",False,5.4084613,100.2773317,libbing_life,Libbi Wu,,1
Epipremnum giganteum,425608,189005916,https://www.inaturalist.org/observations/189005916,needs_id,2023-02-28,"Tân Phú District, Dong Nai, Vietnam",False,11.4521990531,107.3792461997,hubertszcz,Hubert Szczygieł,cc-by-nc,1
Epipremnum giganteum,425608,185863733,https://www.inaturalist.org/observations/185863733,research,2023-09-30,"Selangor, Malaysia",False,3.1786923287,101.4995202678,akmal_idham,Akmal Idham,cc-by-nc,1
Epipremnum giganteum,425608,182766160,https://www.inaturalist.org/observations/182766160,research,2023-09-11,"Bukit Naning, 84200 Bukit Bakri, Johor, Malaysia",False,2.0327583333,102.754275,ongzi,Ong Jyh Seng,cc-by-sa,2
Epipremnum giganteum,425608,177271988,https://www.inaturalist.org/observations/177271988,research,2023-08-07,"Central Water Catchment, Singapore",False,1.3459645746,103.8350909203,cis88,CiS88,,2
Epipremnum giganteum,425608,169740251,https://www.inaturalist.org/observations/169740251,research,2023-06-26,"Bukit Panjang, Singapore",False,1.3493027778,103.7784722222,scallions,,cc-by,4
Epipremnum giganteum,425608,169225469,https://www.inaturalist.org/observations/169225469,research,2023-06-20,"Pak Nam, La-ngu District, Satun, Thailand",False,6.8354916667,99.7550055556,gordonb09b01026,Gordon Chen,cc-by-nc,5
Epipremnum giganteum,425608,166729183,https://www.inaturalist.org/observations/166729183,research,2023-06-09,"Central Water Catchment, Singapore",False,1.3561027778,103.8164222222,dukexprize,,cc-by-nc,2
Epipremnum giganteum,425608,165703783,https://www.inaturalist.org/observations/165703783,research,2023-05-27,"Central Water Catchment, Singapur",False,1.356227713,103.816571,biometrio,Biometrio Earth,cc-by-nc,1
Epipremnum giganteum,425608,162943056,https://www.inaturalist.org/observations/162943056,needs_id,2023-05-21,"406, อ.ควนกาหลง, จ.สตูล, TH",False,6.84627,100.1058055,sarojruchisansakun,Saroj Ruchisansakun,,1
Epipremnum giganteum,425608,162655484,https://www.inaturalist.org/observations/162655484,research,2023-05-20,"Tembeling, Pahang, Malaysia",False,4.4273023636,102.4128824472,anna_alpine,Anna Smoot Lim,,2
Epipremnum giganteum,425608,161366272,https://www.inaturalist.org/observations/161366272,needs_id,2023-05-12,"2135, ศรีเมืองใหม่, จ.อุบลราชธานี, TH",False,15.52432,105.4293283333,sarojruchisansakun,Saroj Ruchisansakun,,1
Epipremnum giganteum,425608,160033701,https://www.inaturalist.org/observations/160033701,research,2014-02-12,"Ko Chang, Ko Chang District, Trat, Таиланд",False,12.0625335967,102.3103051383,tatiana_chimera,Татьяна Химера,cc-by-nc,1
Epipremnum giganteum,425608,157021433,https://www.inaturalist.org/observations/157021433,research,2023-04-28,"Petaling, MY-SL, MY",False,3.1745777778,101.4994527778,akmal_idham,Akmal Idham,cc-by-nc,1
Epipremnum giganteum,425608,151390350,https://www.inaturalist.org/observations/151390350,needs_id,2023-03-17,"Hat Noppharat Thara – Mu Ko Phi Phi National Park, Mueang Krabi, Krabi, TH",False,8.0164333333,98.8295533333,nolliecilliers,,cc-by-nc,1
Epipremnum giganteum,425608,151389654,https://www.inaturalist.org/observations/151389654,research,2023-03-17,"Hat Noppharat Thara – Mu Ko Phi Phi National Park, Mueang Krabi, Krabi, TH",False,8.01593055,98.8296583333,nolliecilliers,,cc-by-nc,1
Epipremnum giganteum,425608,151389432,https://www.inaturalist.org/observations/151389432,research,2023-03-16,"Hat Noppharat Thara – Mu Ko Phi Phi National Park, Mueang Krabi, Krabi, TH",False,8.01013055,98.8412083333,tinusoberholzer,Tinus Oberholzer,cc-by-nc,2
Epipremnum giganteum,425608,151349176,https://www.inaturalist.org/observations/151349176,research,2023-03-16,"Hat Noppharat Thara – Mu Ko Phi Phi National Park, Mueang Krabi, Krabi, TH",False,8.0131333333,98.847755,nolliecilliers,,cc-by-nc,3
Epipremnum giganteum,425608,151280523,https://www.inaturalist.org/observations/151280523,research,2023-03-16,"Hat Noppharat Thara – Mu Ko Phi Phi National Park, Mueang Krabi, Krabi, TH",False,8.0067472167,98.8415216667,nolliecilliers,,cc-by-nc,2
Epipremnum giganteum,425608,151279053,https://www.inaturalist.org/observations/151279053,research,2023-03-16,"Hat Noppharat Thara – Mu Ko Phi Phi National Park, Mueang Krabi, Krabi, TH",False,8.0070888833,98.841025,nolliecilliers,,cc-by-nc,2
Epipremnum giganteum,425608,151168141,https://www.inaturalist.org/observations/151168141,needs_id,2023-03-11,"Phan Waterfall Forest Park, Amphoe Palian, Trang, TH",False,7.3097633333,99.808455,nolliecilliers,,cc-by-nc,3
Epipremnum giganteum,425608,151086338,https://www.inaturalist.org/observations/151086338,research,2023-03-11,"Phan Waterfall Forest Park, Amphoe Palian, Trang, TH",False,7.30997,99.808005,nolliecilliers,,cc-by-nc,2
Epipremnum giganteum,425608,151085420,https://www.inaturalist.org/observations/151085420,research,2023-03-11,"Palian, Amphoe Palian, Trang, TH",False,7.3116033333,99.808555,nolliecilliers,,cc-by-nc,1
Epipremnum giganteum,425608,148898374,https://www.inaturalist.org/observations/148898374,research,2023-01-31,"Saravane, Laos",False,15.5279996248,106.2725451669,luluchouette,,cc-by,5
Epipremnum giganteum,425608,146944724,https://www.inaturalist.org/observations/146944724,research,2023-01-20,"Selangor, MY",True,3.5023566227,101.2124262931,azamuddeen_nasir,AZAMUDDEEN NASIR,,4
Epipremnum giganteum,425608,146396759,https://www.inaturalist.org/observations/146396759,research,2023-01-10,"Bukit Timah, Singapore",False,1.354016413,103.7760936094,davidtng,David Tng,cc-by-nc,3
Epipremnum giganteum,425608,143490722,https://www.inaturalist.org/observations/143490722,research,2022-12-02,"945R+HCM, Tha Kradan, Si Sawat District, Kanchanaburi 71250, Thajsko",False,14.35965,99.142694,eeuforiee,Sarka Masova,cc-by,1
Epipremnum giganteum,425608,133608008,https://www.inaturalist.org/observations/133608008,research,2022-09-04,"Hindhede Nature Park, SG",False,1.3519383333,103.7765883333,scallions,,cc-by,3
Epipremnum giganteum,425608,133206787,https://www.inaturalist.org/observations/133206787,research,2022-09-01,Bukit Timah Nature Reserve,False,1.3540669548,103.7769453228,phoebezhouhuixin,,cc-by-nc,1
Epipremnum giganteum,425608,116552911,https://www.inaturalist.org/observations/116552911,research,2020-12-26,"Soi Sut Sai-Matthawang Uthit, Amphoe Hat Yai, Songkhla, TH",False,7.0138603724,100.5190810214,punvius_othmerius,Punnawis Onrthammarat,cc-by-nc,1
Epipremnum giganteum,425608,104470750,https://www.inaturalist.org/observations/104470750,research,2021-12-21,"Sao Thong Chai, Kantharalak District, Si Sa Ket, Thailand",False,14.431634365,104.7026031074,luluchouette,,cc-by,3
Epipremnum giganteum,425608,97111943,https://www.inaturalist.org/observations/97111943,research,2021-10-03,马来西亚雪兰莪邮政编码: 40170,False,3.1266469953,101.4723052978,apesama,黑乎乎君,cc-by-nc,4
Epipremnum giganteum,425608,89167168,https://www.inaturalist.org/observations/89167168,research,2021-07-30,"Bukit Timah nature Reserve, Singapore",False,1.3548817,103.7750556,gancw1,Cheongweei Gan,cc0,1
Epipremnum giganteum,425608,73185165,https://www.inaturalist.org/observations/73185165,research,2007-05-19,"Hindhede Dr, Singapour 589318",False,1.3540562,103.7769454,sylb,,,1
Epipremnum giganteum,425608,72425371,https://www.inaturalist.org/observations/72425371,research,2004-03-21,"Pulau Perhentian Besar, Pulau Perhentian, Terengganu, MY",False,5.8947949583,102.7455059023,jeanpaulboerekamps,Jean-Paul Boerekamps,cc0,1
Epipremnum giganteum,425608,64512489,https://www.inaturalist.org/observations/64512489,research,2020-11-09,Nature Reserve,False,1.3476632653,103.8355499606,usebcm,,,2
Epipremnum giganteum,425608,63144965,https://www.inaturalist.org/observations/63144965,research,2020-10-21,Sintok,False,6.4502276572,100.4958838597,nur_thohiroh,Nur Thohiroh,,3
Epipremnum giganteum,425608,43866034,https://www.inaturalist.org/observations/43866034,research,2020-02-08,"Bukit Timah Nature Reserve, Singapore, Singapore, SG",False,1.35583333,103.77726667,troos,Troos van der Merwe,cc-by-nc,2
Epipremnum giganteum,425608,479582,https://www.inaturalist.org/observations/479582,needs_id,2013-10-03,"3740–3898 Manoa Rd, Honolulu, HI, US",False,21.334507,-157.802153,resslerd,Dylan,cc-by-nc,1
Epipremnum meeboldii,1677832,146472709,https://www.inaturalist.org/observations/146472709,needs_id,2023-01-06,"Karbi Anglong, IN-AS, IN",False,26.4803929722,93.4178909722,aniruddha_singhamahapatra,Aniruddha Singhamahapatra,cc-by-nc,3
Epipremnum nobile,1706052,400178439,https://www.inaturalist.org/observations/400178439,research,2025-05-26,"6GXR+3M6 Air Terjun Saluopa, Leboni, Pamona Pusalemba, Kabupaten Poso, Sulawesi Tengah 94663, Indonesia",False,-1.7523353,120.5416256,kol_pinesangkang,Nur Herjayanti,cc-by-nc-nd,3
Epipremnum nobile,1706052,198138516,https://www.inaturalist.org/observations/198138516,needs_id,2023-12-24,"Palopo City, South Sulawesi, Indonesia",False,-2.95403092,120.07014471,naufalurfi,Naufal Urfi Dhiya'ulhaq,cc-by-nc,1
Epipremnum nobile,1706052,197758795,https://www.inaturalist.org/observations/197758795,needs_id,2023-12-22,"Sulawesi Tengah, ID",True,-2.272219708,120.7193672184,naufalurfi,Naufal Urfi Dhiya'ulhaq,cc-by-nc,1
Epipremnum pinnatum,124423,404684084,https://www.inaturalist.org/observations/404684084,needs_id,2026-09-30,"Baoshan Rd, East District, Hsinchu City, TW",False,24.7895466667,120.9785,charles3cwang,,cc-by-nc,1
Epipremnum pinnatum,124423,404667202,https://www.inaturalist.org/observations/404667202,needs_id,2026-09-29,"P7WJ+WM9 Char Kose Jhadi, Bharaul, Koshi Province 56700, Nepal",False,26.7801678,87.222891,ananding,Anand Chaudhary,,1
Epipremnum pinnatum,124423,404659659,https://www.inaturalist.org/observations/404659659,research,2026-09-30,"Cape Tribulation, QLD, AU",False,-16.0893746288,145.4631250121,mooney_c,Cooper Mooney,cc-by-nc,4
Epipremnum pinnatum,124423,404624925,https://www.inaturalist.org/observations/404624925,research,2026-09-30,"Paz Adriano Hall, Loyola Heights, Quezon City, 1108 Metro Manila, Philippines",False,14.64361668,121.07737354,tacuel_,"TACUEL, MARY KRIS C.",cc-by-nc,1
Epipremnum pinnatum,124423,404583276,https://www.inaturalist.org/observations/404583276,research,2026-09-26,"Lake Eacham QLD, Australia",False,-17.28203,145.6277033333,lucaschristo,Lucas Christofides,cc-by,2
Epipremnum pinnatum,124423,404583109,https://www.inaturalist.org/observations/404583109,research,2026-09-23,"Etty Bay QLD 4858, Australia",False,-17.56106,146.0904816667,lucaschristo,Lucas Christofides,cc-by,2
Epipremnum pinnatum,124423,404485257,https://www.inaturalist.org/observations/404485257,research,2025-02-16,"Deshaies, Gwadelupa",False,16.3136123962,-61.7901604396,kenraiz,Krzysztof Ziarnek,cc-by-nc,1
Epipremnum pinnatum,124423,404180324,https://www.inaturalist.org/observations/404180324,needs_id,2026-09-21,353台灣苗栗縣南庄鄉南江村,False,24.5840604389,121.0208928958,miaunt,米嬸,,1
Epipremnum pinnatum,124423,404143516,https://www.inaturalist.org/observations/404143516,research,2026-09-28,"Kennon Road, Tuba, Cordillera, PH",False,16.2851037789,120.5834830053,gmeastor,Gia Astor,cc-by-nc,1
Epipremnum pinnatum,124423,404083146,https://www.inaturalist.org/observations/404083146,research,2026-09-28,"Bacan, Banga, Aklan, Philippines",False,11.6322527778,122.3323444444,kynthedrel1997,,cc-by-nc,1
Epipremnum pinnatum,124423,404056874,https://www.inaturalist.org/observations/404056874,needs_id,2026-09-28,603台灣嘉義縣梅山鄉碧湖村,False,23.5741633333,120.6252266667,ku6777,古國順,,1
Epipremnum pinnatum,124423,403730645,https://www.inaturalist.org/observations/403730645,needs_id,2026-09-27,116台灣臺北市文山區憲光公寓,False,24.99833,121.5430266667,shiue1,Shiue Ken,cc-by-nc,2
Epipremnum pinnatum,124423,403728443,https://www.inaturalist.org/observations/403728443,needs_id,2026-09-23,"Zhoumei St Ln 196, Beitou District, Taipei City, TW",False,25.1032971667,121.505495,cjy7,,cc-by-nc,1
Epipremnum pinnatum,124423,403504136,https://www.inaturalist.org/observations/403504136,needs_id,2026-09-26,"H 573C, Old Rajinder Nagar, Palam Vihar, Gurugram, Delhi, 110060, India",False,28.6415255,77.19130506,aliza60156,Aliza Saleem,cc-by-nc,1
Epipremnum pinnatum,124423,403305014,https://www.inaturalist.org/observations/403305014,research,2026-03-31,"New Taipei, TW-NT-TP, TW",False,24.9252740175,121.8259398953,zhi-hao,陳志豪,,1
Epipremnum pinnatum,124423,403196192,https://www.inaturalist.org/observations/403196192,research,2026-09-25,"Linan Rd, Wanrong Township, Hualien County, TW",False,23.7162909028,121.3973508401,jacob7349,張子見,cc-by-nc,1
Epipremnum pinnatum,124423,403182272,https://www.inaturalist.org/observations/403182272,needs_id,2026-09-25,"臺灣島, 坪林區, 新北市, TW",False,24.9259720833,121.683724412,usaviah,,cc-by-nc,1
Epipremnum pinnatum,124423,403174221,https://www.inaturalist.org/observations/403174221,needs_id,2026-09-25,"臺灣島, 坪林區, 新北市, TW",False,24.9225068158,121.6818025253,usaviah,,cc-by-nc,1
Epipremnum pinnatum,124423,402873302,https://www.inaturalist.org/observations/402873302,research,2026-09-23,"Petir Rd, Singapore, SG, SG",False,1.3750768648,103.7763101365,syoshinsyalv35,,cc-by-nc,2
Epipremnum pinnatum,124423,402842594,https://www.inaturalist.org/observations/402842594,research,2025-02-16,"Deshaies, Gwadelupa",False,16.3148337067,-61.7938349387,kenraiz,Krzysztof Ziarnek,cc-by-nc,2
Epipremnum pinnatum,124423,402561717,https://www.inaturalist.org/observations/402561717,research,2026-09-20,"Kutini-Payamu (Iron Range) National Park, Iron Range, QLD, AU",False,-12.7122366667,143.2894583333,hoplo96,,cc-by-nc,2
Epipremnum pinnatum,124423,402494017,https://www.inaturalist.org/observations/402494017,research,2026-09-22,"947台灣屏東縣滿州鄉, 加都魯溪",False,22.020925,120.8067388889,rrrkai,洪阿愷,cc-by-nc,3
Epipremnum pinnatum,124423,402494014,https://www.inaturalist.org/observations/402494014,research,2026-09-22,"947台灣屏東縣滿州鄉, 加都魯溪",False,22.0208,120.8067472222,rrrkai,洪阿愷,cc-by-nc,4
Epipremnum pinnatum,124423,402406838,https://www.inaturalist.org/observations/402406838,research,2026-09-17,"Ko Samui District, Surat Thani, TH",False,9.4829533333,99.9946283333,siri_n,Siri Nallaparaju,cc-by-nc,1
Epipremnum pinnatum,124423,402391250,https://www.inaturalist.org/observations/402391250,research,2026-09-22,646台灣雲林縣古坑鄉桂林村26-2號,False,23.608025,120.61077,ku6777,古國順,,1
Epipremnum pinnatum,124423,402379945,https://www.inaturalist.org/observations/402379945,needs_id,2026-09-22,"Daintree National Park, Cape Tribulation, QLD, AU",False,-16.1387333333,145.43982,andrew_allen,Andrew Allen,cc-by,1
Epipremnum pinnatum,124423,402338747,https://www.inaturalist.org/observations/402338747,needs_id,2026-09-20,"臺灣島, 冬山鄉, 宜蘭縣, TW",False,24.6331833333,121.72905,chungher,Alex Cheng,,1
Epipremnum pinnatum,124423,402152038,https://www.inaturalist.org/observations/402152038,needs_id,2026-09-21,"Q1/1-132, Gangotri Nagar, Prayagraj, Uttar Pradesh 211008, India",False,25.4070215,81.8451471,asrabhishek,Asrabhishe,cc-by-nc,2
Epipremnum pinnatum,124423,402140331,https://www.inaturalist.org/observations/402140331,research,2026-09-21,"Gianyar, Bali, ID",False,-8.5007310612,115.2768867708,ambikab,,cc-by-nc,1
Epipremnum pinnatum,124423,402097768,https://www.inaturalist.org/observations/402097768,research,2026-09-21,"Iron Range, AU-QL-CK, AU-QL, AU",False,-12.7143850327,143.2846221924,coxc,Claire Cox,cc-by-nc,1
Epipremnum pinnatum,124423,401910090,https://www.inaturalist.org/observations/401910090,research,2026-09-19,"9943+H68, Windsor, Jamaica",False,18.3540573,-77.6466965,damionwhyte,Damion Laren Whyte,,4
Epipremnum pinnatum,124423,401796125,https://www.inaturalist.org/observations/401796125,needs_id,2026-09-20,香港九龍橫頭磡宏照樓,False,22.3403633,114.1881755,malcolmcheng,,cc-by-nc,1
Epipremnum pinnatum,124423,401785210,https://www.inaturalist.org/observations/401785210,research,2026-08-03,"Daintree National Park, Cow Bay, QLD, AU",False,-16.2373300803,145.4315516846,tashmarksthespot,Tash,cc-by-nc,3
Epipremnum pinnatum,124423,401749699,https://www.inaturalist.org/observations/401749699,research,2026-09-20,"Lake Barrine Cct, Lake Barrine, QLD, AU",False,-17.2553916667,145.6321716667,scottjmorrissey,,cc-by-nc,1
Epipremnum pinnatum,124423,401544086,https://www.inaturalist.org/observations/401544086,needs_id,2026-09-19,"Fuyang St, Daan District, Taipei City, TW",False,25.0159449577,121.557419393,turtle_fish,吳威,,1
Epipremnum pinnatum,124423,401472628,https://www.inaturalist.org/observations/401472628,research,2026-09-19,116台灣臺北市文山區憲光公寓,False,24.9986316667,121.542875,shiue1,Shiue Ken,cc-by-nc,4
Epipremnum pinnatum,124423,401452043,https://www.inaturalist.org/observations/401452043,needs_id,2026-09-19,"Mount Kooyong Rd, Julatten, QLD, AU",False,-16.5944201287,145.3387687365,andrew_allen,Andrew Allen,cc-by,1
Epipremnum pinnatum,124423,401430537,https://www.inaturalist.org/observations/401430537,needs_id,2026-09-18,"Thetsaban 4 Road, Phato District, Chumphon, TH",False,9.784105,98.778245,tanate_ttt,,cc-by-nc,1
Epipremnum pinnatum,124423,401271426,https://www.inaturalist.org/observations/401271426,research,2026-09-13,"Haikou, CN-HA, CN",False,19.91,110.39,brownsugar_iris,红糖Iris,,1
Epipremnum pinnatum,124423,401246834,https://www.inaturalist.org/observations/401246834,research,2026-09-18,"Banga, Western Visayas, PH",False,11.6331982671,122.3321322314,nickology,"Romnick T. Taladro, LPT",cc-by-nc,1
Epipremnum pinnatum,124423,401208259,https://www.inaturalist.org/observations/401208259,research,2026-09-18,"CR7W+M6V, Mahewa East, Mirakhpur Kachhar, Prayagraj, Uttar Pradesh 211007, India",False,25.414435273,81.84590891,prof_bipasha_david_,Bipasha David,cc-by-nc,1
Epipremnum pinnatum,124423,401191317,https://www.inaturalist.org/observations/401191317,needs_id,2026-09-18,"Singapore, SG, SG",False,1.2778836062,103.8629840239,jkhjung78,,,1
Epipremnum pinnatum,124423,400705783,https://www.inaturalist.org/observations/400705783,research,2026-09-16,"Putheri, Tamil Nadu 629001, India",False,8.1849055556,77.4287666667,girija6,Girija Balan,cc-by-nc,1
Epipremnum pinnatum,124423,400681512,https://www.inaturalist.org/observations/400681512,research,2026-09-16,"Putheri, Tamil Nadu 629001, India",False,8.1848365,77.4287831,abinaya6,Abinaya Abinaya,cc-by-nc,1
Epipremnum pinnatum,124423,400645946,https://www.inaturalist.org/observations/400645946,needs_id,2026-09-16,643台灣雲林縣林內鄉湖本村,False,23.721575,120.6258583333,ku6777,古國順,,1
Epipremnum pinnatum,124423,400623260,https://www.inaturalist.org/observations/400623260,needs_id,2026-09-12,116台灣臺北市文山區憲光公寓,False,24.9984465,121.5430565,shiue1,Shiue Ken,cc-by-nc,3
Epipremnum pinnatum,124423,400444927,https://www.inaturalist.org/observations/400444927,research,2026-09-11,315台灣新竹縣峨眉鄉七星村60-8號,False,24.6548444444,121.0247277778,miaunt,米嬸,,1
Epipremnum pinnatum,124423,400373473,https://www.inaturalist.org/observations/400373473,research,2026-09-15,"Xiyuan Rd, Xindian District, New Taipei City, TW",False,24.9788383333,121.52413,liubelinda,杜鵑花,cc-by-nc,2
Epipremnum pinnatum,124423,400363417,https://www.inaturalist.org/observations/400363417,research,2026-09-15,"Vanuatu, VU",False,-15.3782466667,167.174605,ecojimmy,,cc-by-nc,1
Epipremnum pinnatum,124423,400363285,https://www.inaturalist.org/observations/400363285,research,2026-09-15,"Vanuatu, VU",False,-15.3782533333,167.174775,ecojimmy,,cc-by-nc,2
Epipremnum pinnatum,124423,400125057,https://www.inaturalist.org/observations/400125057,research,2026-09-12,Taiwan,True,24.9683940713,121.732826876,freesiahsu,,cc-by-nc,1
Epipremnum pinnatum,124423,399847697,https://www.inaturalist.org/observations/399847697,needs_id,2026-09-13,544台灣南投縣國姓鄉梅子林,False,24.062899,120.9454851997,darkwiny2026,dark winy (黑泥事務所),cc-by-nc,1
Epipremnum pinnatum,124423,399823074,https://www.inaturalist.org/observations/399823074,needs_id,2026-09-13,Kota Kinabalu,False,5.9875383377,116.0895309448,tidbitbit,,cc-by-nc,1
Epipremnum pinnatum,124423,399790002,https://www.inaturalist.org/observations/399790002,needs_id,2026-09-13,"Vanuatu, VU",False,-15.3131666667,167.1698916667,ecojimmy,,cc-by-nc,1
Epipremnum pinnatum,124423,399782978,https://www.inaturalist.org/observations/399782978,needs_id,2026-09-12,232台灣新北市坪林區粗窟里,False,24.9035321322,121.6743578017,maoneow,,cc-by-nc,1
Epipremnum pinnatum,124423,399744360,https://www.inaturalist.org/observations/399744360,needs_id,2026-09-12,232台灣新北市坪林區粗窟里,False,24.8653970858,121.6613229364,maoneow,,cc-by-nc,2
Epipremnum pinnatum,124423,399688660,https://www.inaturalist.org/observations/399688660,needs_id,2025-12-11,"Wulai District, New Taipei City, Taiwan 233",False,24.8530968092,121.5519138049,stevenw12339,Steven Wang,,1
Epipremnum pinnatum,124423,399472292,https://www.inaturalist.org/observations/399472292,needs_id,2026-09-12,315台灣新竹縣峨眉鄉七星村60-8號,False,24.6559222222,121.0241777778,amadeus999,Hc Chien,cc-by-nc,2
Epipremnum pinnatum,124423,399434000,https://www.inaturalist.org/observations/399434000,needs_id,2026-09-12,"Minquan Rd, East District, Chiayi City, TW",False,23.4839134541,120.467427001,naturalist142211,黃舒梅,cc-by-nc,1
Epipremnum pinnatum,124423,399402402,https://www.inaturalist.org/observations/399402402,research,2026-09-11,"Iron Range QLD 4892, Australia",False,-12.7102816667,143.2921,rivendel,,cc-by-nc,2
Epipremnum pinnatum,124423,398995378,https://www.inaturalist.org/observations/398995378,needs_id,2026-09-07,315台灣新竹縣峨眉鄉七星村60-8號,False,24.6548444444,121.0247277778,miaunt,米嬸,,1
Epipremnum pinnatum,124423,398924681,https://www.inaturalist.org/observations/398924681,needs_id,2026-09-10,"Iron Range, QLD, AU",False,-12.7815466667,143.313995,djwitherall,,cc-by-nc,3
Epipremnum pinnatum,124423,398670017,https://www.inaturalist.org/observations/398670017,needs_id,2026-09-09,"Putheri, Tamil Nadu 629001, India",False,8.18509457,77.42777868,girija6,Girija Balan,cc-by-nc,1
Epipremnum pinnatum,124423,398374027,https://www.inaturalist.org/observations/398374027,needs_id,2026-05-22,"Bhopal, Madhya Pradesh, IN",False,23.15195,77.40473,parthbeejro,Parth Yadav,cc-by-nc,1
Epipremnum pinnatum,124423,398350722,https://www.inaturalist.org/observations/398350722,needs_id,2026-09-08,"HF95+V23, Lumbo, Alubijid, Misamis Oriental, Philippines",False,8.5707146888,124.4574802369,riji,Rheygie W. Saguing,cc-by-nc,4
Epipremnum pinnatum,124423,398350308,https://www.inaturalist.org/observations/398350308,research,2026-09-08,"臺灣島, 瑞芳區, 新北市, TW",False,25.1064388333,121.8598466667,polingtwn,,cc-by-nc,1
Epipremnum pinnatum,124423,398067590,https://www.inaturalist.org/observations/398067590,needs_id,2026-09-07,"Gianyar, Bali, ID",False,-8.51852,115.2584533333,borosbobo,Botond Boros,cc-by-nc,1
Epipremnum pinnatum,124423,398030468,https://www.inaturalist.org/observations/398030468,needs_id,2026-09-04,"Clementi St 13, Singapore, SG, SG",False,1.3249666667,103.7713866667,depressed_tornado,depressed_tornado,,2
Epipremnum pinnatum,124423,397993160,https://www.inaturalist.org/observations/397993160,needs_id,2026-07-18,"Xinyi Rd Sec 5 Ln 150, Xinyi District, Taipei City, TW",False,25.0269721667,121.5729533333,aspensea,Aspen Shih,cc-by-nc,1
Epipremnum pinnatum,124423,397786200,https://www.inaturalist.org/observations/397786200,needs_id,2026-08-21,"New Taipei, New Taipei City, Taiwan",False,25.06016941,121.81894217,soniamolino,Sonia Molino,cc-by-nc,1
Epipremnum pinnatum,124423,397773905,https://www.inaturalist.org/observations/397773905,needs_id,2026-08-29,"Kuala Lumpur, Federal Territory of Kuala Lumpur, Malaysia",False,3.150521586,101.701732702,makss,Maks Syratt,cc-by-nc,1
Epipremnum pinnatum,124423,397672830,https://www.inaturalist.org/observations/397672830,needs_id,2026-09-06,"臺灣島, 公館鄉, 苗栗縣, TW",False,24.5286966667,120.8656616667,arthurlsw,,cc-by-nc,2
Epipremnum pinnatum,124423,397480061,https://www.inaturalist.org/observations/397480061,research,2026-08-17,"Upper Daintree QLD 4873, Australia",False,-16.252261631,145.3080148995,emiliovalbuena,Emilio Valbuena-Ureña,,2
Epipremnum pinnatum,124423,397471706,https://www.inaturalist.org/observations/397471706,needs_id,2026-09-05,中国海南省海口市龙华区,False,19.9554247592,110.3604012121,windoffog,风织雾,cc-by-nc,1
Epipremnum pinnatum,124423,397405566,https://www.inaturalist.org/observations/397405566,needs_id,2026-08-18,"Iron Range QLD 4892, Australia",False,-12.7104106778,143.2931969339,malcolm_in_townsville,Malcolm Tattersall,cc-by-nc,1
Epipremnum pinnatum,124423,397385401,https://www.inaturalist.org/observations/397385401,research,2026-09-05,"Samui Island, Ko Samui District, Surat Thani, TH",False,9.5107616667,100.0084833333,hejor1,,cc-by-nc,2
Epipremnum pinnatum,124423,397357277,https://www.inaturalist.org/observations/397357277,research,2026-09-01,"Bitan Rd, Xindian District, New Taipei City, TW",False,24.9547295015,121.5344232968,ra31rain,張睿引,cc-by-nc,1
Epipremnum pinnatum,124423,397235680,https://www.inaturalist.org/observations/397235680,research,2026-09-04,"Syndicate, QLD, AU",False,-16.4712083333,145.3305666667,kultasiipi,,cc-by-nc,1
Epipremnum pinnatum,124423,397139964,https://www.inaturalist.org/observations/397139964,research,2026-08-18,"Iron Range QLD 4892, Australia",False,-12.7100967,143.292403,malcolm_in_townsville,Malcolm Tattersall,cc-by-nc,1
Epipremnum pinnatum,124423,397085115,https://www.inaturalist.org/observations/397085115,research,2026-09-04,"臺灣島, 五股區, 新北市, TW",False,25.0707333333,121.4354166667,cjy7,,cc-by-nc,2
Epipremnum pinnatum,124423,397069281,https://www.inaturalist.org/observations/397069281,research,2026-09-04,"Pasir Ris, Singapore",False,1.3790207997,103.9525473,makss,Maks Syratt,cc-by-nc,1
Epipremnum pinnatum,124423,396862660,https://www.inaturalist.org/observations/396862660,needs_id,2026-09-03,"มหาวิทยาลัยอุบลราชธานี, อ.วารินชำราบ, จ.อุบลราชธานี, TH",False,15.1211934313,104.9082069919,thipthunya,Thipthunya Seelamai,cc-by-nc,1
Epipremnum pinnatum,124423,396814717,https://www.inaturalist.org/observations/396814717,research,2012-11-09,"Taiwan, TW",True,23.9727354785,120.8651826097,jobwang,王學哲,cc-by-nc,1
Epipremnum pinnatum,124423,396598040,https://www.inaturalist.org/observations/396598040,research,2026-09-02,"มหาวิทยาลัยอุบลราชธานี, อ.วารินชำราบ, จ.อุบลราชธานี, TH",False,15.1207155299,104.9083048798,nirawan69230340942,,cc-by-nc,1
Epipremnum pinnatum,124423,396292685,https://www.inaturalist.org/observations/396292685,research,2026-09-01,"มหาวิทยาลัยอุบลราชธานี, อ.วารินชำราบ, จ.อุบลราชธานี, TH",False,15.120628504,104.9082724726,naturalist176542,ธีรชัย พรหมเสนา,cc-by-nc,1
Epipremnum pinnatum,124423,396283004,https://www.inaturalist.org/observations/396283004,needs_id,2026-05-21,847台灣高雄市甲仙區,False,23.0806055556,120.6190333333,liana_chen,Bo-hao Chen,,1
Epipremnum pinnatum,124423,396282982,https://www.inaturalist.org/observations/396282982,needs_id,2026-05-21,847台灣高雄市甲仙區,False,23.0804416667,120.6191638889,liana_chen,Bo-hao Chen,,1
Epipremnum pinnatum,124423,396261753,https://www.inaturalist.org/observations/396261753,needs_id,2026-08-31,"Nuuanu Ave + Kawananakoa Pl, Honolulu, HI 96817, USA",False,21.3250361111,-157.8465666667,atp_synthaz3,Brandon Najarian,cc-by,2
Epipremnum pinnatum,124423,396093706,https://www.inaturalist.org/observations/396093706,research,2026-08-26,353台灣苗栗縣南庄鄉東河村,False,24.6071777778,121.0526777778,miaunt,米嬸,,1
Epipremnum pinnatum,124423,396064336,https://www.inaturalist.org/observations/396064336,research,2026-08-31,"Eton, VU-SE, VU",False,-17.78292,168.4477866667,pacificlandseafoundation,Pacific Land &amp; Sea Foundation,cc-by-nc,1
Epipremnum pinnatum,124423,396064019,https://www.inaturalist.org/observations/396064019,research,2026-08-31,"Eton, VU-SE, VU",False,-17.782795,168.4478133333,pacificlandseafoundation,Pacific Land &amp; Sea Foundation,cc-by-nc,1
Epipremnum pinnatum,124423,396063956,https://www.inaturalist.org/observations/396063956,research,2026-08-31,"Eton, VU-SE, VU",False,-17.7827416667,168.44783,pacificlandseafoundation,Pacific Land &amp; Sea Foundation,cc-by-nc,1
Epipremnum pinnatum,124423,396001407,https://www.inaturalist.org/observations/396001407,research,2026-08-30,台灣臺北,False,24.8342893997,121.4665392997,freesiahsu,,cc-by-nc,1
Epipremnum pinnatum,124423,395801953,https://www.inaturalist.org/observations/395801953,research,2026-08-01,"Liuqiu Township, Pingtung County, TW",False,22.3377416667,120.3630966667,shawnchiang,,cc-by-nc,1
Epipremnum pinnatum,124423,395510904,https://www.inaturalist.org/observations/395510904,needs_id,2026-08-22,"Syndicate QLD 4873, Australia",False,-16.4707181531,145.3232059404,vbjanos,János Vörösbaranyi,cc-by-nc,2
Epipremnum pinnatum,124423,395446229,https://www.inaturalist.org/observations/395446229,research,2026-08-29,231台灣新北市新店區美城里碧潭,False,24.9538823389,121.533695055,kuman,大俠,cc-by-nc-sa,1
Epipremnum pinnatum,124423,395213091,https://www.inaturalist.org/observations/395213091,needs_id,2024-03-12,"Pudiot, Tangalan, Aklan, Philippines",False,11.7401039069,122.2623021528,nickology,"Romnick T. Taladro, LPT",cc-by-nc,1
Epipremnum pinnatum,124423,395079532,https://www.inaturalist.org/observations/395079532,needs_id,2026-08-27,"Bellbird Park QLD 4300, Australia",False,-27.6324916667,152.9075027778,doddrum,Damien O'Donnell,cc-by,4
Epipremnum pinnatum,124423,394934727,https://www.inaturalist.org/observations/394934727,research,2026-08-16,"Cairns QLD, Australia",False,-16.8967970081,145.7514437442,sarah_having_fun,Sarah Sun,cc-by-nc,3
Epipremnum pinnatum,124423,394931585,https://www.inaturalist.org/observations/394931585,research,2026-08-27,"Cow Bay QLD 4873, Australia",False,-16.23890005,145.43323185,charolais,,cc-by-nc,3
Epipremnum pinnatum,124423,394899854,https://www.inaturalist.org/observations/394899854,research,2026-08-27,"CR7W+7HW, Naini, Prayagraj, Mirakhpur Kachhar, Uttar Pradesh 211007, India",False,25.4129877344,81.8462207168,prof_bipasha_david_,Bipasha David,cc-by-nc,1
Epipremnum pinnatum,124423,394887230,https://www.inaturalist.org/observations/394887230,research,2026-08-27,"มหาวิทยาลัยอุบลราชธานี, อ.วารินชำราบ, จ.อุบลราชธานี, TH",False,15.1212495323,104.908208402,naturalist112422,ธนวรรณ สุริหาร,cc-by-nc,1
Epipremnum pinnatum,124423,394619263,https://www.inaturalist.org/observations/394619263,needs_id,2026-08-12,"3H8W+H7H, Talomo, Davao City, Davao del Sur, Philippines",False,7.0665777778,125.5960111111,sarman1,SARMAN HADJURI,,2
Epipremnum pinnatum,124423,394392180,https://www.inaturalist.org/observations/394392180,research,2026-08-25,"XHGH+QM, 89308 Kundasang, Sabah, Malezja",False,5.9767402,116.5791511,szuwarek,Dariusz Kamiński,cc-by-nc,2
Epipremnum pinnatum,124423,394386230,https://www.inaturalist.org/observations/394386230,needs_id,2026-08-25,"Central, SG",False,1.2868532318,103.7795678526,skywings99,Mikeal Chan,,1
Epipremnum pinnatum,124423,394373619,https://www.inaturalist.org/observations/394373619,research,2026-08-17,"Cairns QLD, Australia",False,-16.902523269,145.7520930658,sarah_having_fun,Sarah Sun,cc-by-nc,4
Epipremnum pinnatum,124423,394136320,https://www.inaturalist.org/observations/394136320,needs_id,2026-08-20,"Aguadilla, PR",False,18.5081011039,-67.1335550953,severalcreatures,,cc-by-nc,1
Epipremnum pinnatum,124423,394115317,https://www.inaturalist.org/observations/394115317,research,2026-08-24,"M327+W4M, Diliman, Quezon City, Metro Manila, Philippines",False,14.6529638889,121.0621861111,schmieds,Allyson,cc-by-nc,1
Epipremnum pinnatum,124423,394092665,https://www.inaturalist.org/observations/394092665,research,2026-08-23,"Lake Barrine QLD 4884, Australia",False,-17.24531808,145.64120775,charolais,,cc-by-nc,3
Epipremnum pinnatum,124423,394038776,https://www.inaturalist.org/observations/394038776,research,2026-08-24,"11 Victoria Ave hail 'n' ride, Glen Eden QLD 4680, Australia",False,-23.9012313,151.2639832,abecket,,cc-by-nc,2
Epipremnum pinnatum,124423,394037348,https://www.inaturalist.org/observations/394037348,needs_id,2026-08-22,"Hyderabad, Telangana, IN",False,17.5200931449,78.3585015871,pavan92231,Pavan S,cc-by-nc,1
Epipremnum pinnatum,124423,393871124,https://www.inaturalist.org/observations/393871124,research,2026-07-31,"Ipoh, Perak, Malaysia",False,4.6043361111,101.1297138889,ben338,Ben Hsieh,,2
Epipremnum pinnatum,124423,393737510,https://www.inaturalist.org/observations/393737510,needs_id,2026-08-23,"G2X5+WX9, Mae Nam, Ko Samui District, Surat Thani 84320, Thailand",False,9.5488833333,100.008625,hejor1,,cc-by-nc,2
Epipremnum pinnatum,124423,393677184,https://www.inaturalist.org/observations/393677184,research,2026-08-23,"Dadongshi, Shitan Township, Miaoli County, TW",False,24.5215783333,120.9392866667,deliachen,,cc-by-nc,2
Epipremnum pinnatum,124423,393652097,https://www.inaturalist.org/observations/393652097,research,2026-08-23,"Xinshan Bridge, Shitan Township, Miaoli County, TW",False,24.5242921973,120.936353571,whale_shark1004,,cc-by-nc,1
Epipremnum pinnatum,124423,393512805,https://www.inaturalist.org/observations/393512805,research,2026-08-21,"South Andaman, Andaman and Nicobar Islands, IN",False,11.9873533333,92.95932,mohansuvala,mohan pspk,,1
Epipremnum pinnatum,124423,393414688,https://www.inaturalist.org/observations/393414688,research,2026-08-22,"Yishun, Singapore",False,1.4003666667,103.8196861111,kima486,,cc-by-nc,1
Epipremnum pinnatum,124423,393407976,https://www.inaturalist.org/observations/393407976,research,2026-08-22,115台灣臺北市南港區九如里,False,25.0307916667,121.5918883333,ku6777,古國順,,1
Epipremnum pinnatum,124423,393399454,https://www.inaturalist.org/observations/393399454,needs_id,2026-08-22,115台灣臺北市南港區九如里,False,25.0233766667,121.5851683333,ku6777,古國順,,1
Epipremnum pinnatum,124423,393382304,https://www.inaturalist.org/observations/393382304,needs_id,2026-08-22,110台灣臺北市信義區六合里,False,25.023535,121.5837116667,ku6777,古國順,,1
Epipremnum pinnatum,124423,393152075,https://www.inaturalist.org/observations/393152075,needs_id,2026-08-21,362台灣苗栗縣頭屋鄉鳴鳳村,False,24.5780983333,120.92625,ku6777,古國順,,1
Epipremnum pinnatum,124423,393073372,https://www.inaturalist.org/observations/393073372,research,2026-08-20,"Gianyar, Bali, ID",False,-8.5274533333,115.3055283333,phibbles,,cc-by-nc,1
Epipremnum pinnatum,124423,393073354,https://www.inaturalist.org/observations/393073354,research,2026-08-20,"Gianyar, Bali, ID",False,-8.5274916667,115.3054666667,phibbles,,cc-by-nc,1
Epipremnum pinnatum,124423,392895777,https://www.inaturalist.org/observations/392895777,needs_id,2026-05-09,"Daintree, AU-QL-DG, AU-QL, AU",False,-16.2368377588,145.4296422722,scottjmorrissey,,cc-by-nc,1
Epipremnum pinnatum,124423,392638026,https://www.inaturalist.org/observations/392638026,research,2026-08-17,555台灣南投縣魚池鄉日月潭纜車站(青年活動中心),False,23.8529143997,120.937718,tony2148,周明煌,,1
Epipremnum pinnatum,124423,392314059,https://www.inaturalist.org/observations/392314059,research,2026-08-18,"Warin Chamrap District, Ubon Ratchathani, TH",False,15.1206833333,104.908425,yanisathaweephan,,cc-by-nc,1
Epipremnum pinnatum,124423,392292286,https://www.inaturalist.org/observations/392292286,research,2026-08-16,TO,False,-21.3927193219,-174.9426496092,coconut-etiennus,Corinne THOMAS / Etienne VILLARET,cc-by-nc,1
Epipremnum pinnatum,124423,392106090,https://www.inaturalist.org/observations/392106090,needs_id,2026-08-17,"Jero Gadung, Gianyar, Bali, ID",False,-8.503795441,115.2704748083,phibbles,,cc-by-nc,1
Epipremnum pinnatum,124423,392062870,https://www.inaturalist.org/observations/392062870,research,2026-02-15,"Ko Lanta District, Krabi, TH",False,7.53357,99.0709445,wiktorianie,Wiktoria Niewidok,cc-by-nc,1
Epipremnum pinnatum,124423,392033695,https://www.inaturalist.org/observations/392033695,research,2026-08-17,233台灣新北市烏來區,False,24.848364108,121.5695365979,kuman,大俠,cc-by-nc-sa,1
Epipremnum pinnatum,124423,392033689,https://www.inaturalist.org/observations/392033689,needs_id,2026-08-17,233台灣新北市烏來區,False,24.848364108,121.5695365979,kuman,大俠,cc-by-nc-sa,1
Epipremnum pinnatum,124423,391981622,https://www.inaturalist.org/observations/391981622,needs_id,2026-08-17,"W449+C45, Zamboanga City, Zamboanga del Sur, Philippines",False,6.90635839,122.11732869,manzour1,manzour absari,cc-by-nc,1
Epipremnum pinnatum,124423,391739045,https://www.inaturalist.org/observations/391739045,research,2026-07-09,"Syndicate, QLD, AU",False,-16.4711666667,145.33432,leahricciarelli,Leah Ricciarelli,cc-by-nc,1
Epipremnum pinnatum,124423,391737781,https://www.inaturalist.org/observations/391737781,research,2026-08-15,"Yulin, TW-TA, TW",False,23.7624414,120.6036285997,taiwan_habu,taiwan_habu,cc-by-nc,1
Epipremnum pinnatum,124423,391662561,https://www.inaturalist.org/observations/391662561,needs_id,2026-08-16,Kewarra Beach,False,-16.7861766815,145.6763458252,mouse791,,cc-by-nc,1
Epipremnum pinnatum,124423,391559123,https://www.inaturalist.org/observations/391559123,needs_id,2026-08-15,"Tongod District, Sabah, Malezya",False,5.4163465162,116.796784848,sabi,saba,cc-by-nc-sa,3
Epipremnum pinnatum,124423,391493921,https://www.inaturalist.org/observations/391493921,needs_id,2004-11-29,sorabora,False,7.35652,81.00003,ripleyrm,Ruth Ripley,cc-by-nc,1
Epipremnum pinnatum,124423,391313919,https://www.inaturalist.org/observations/391313919,research,2026-08-15,"Singapore Island, Singapore, SG, SG",False,1.2993022858,103.9092674172,thineshselgum,,cc-by-nc,3
Epipremnum pinnatum,124423,390847372,https://www.inaturalist.org/observations/390847372,research,2026-08-13,"Syndicate, QLD, AU",False,-16.4693166667,145.3262933333,sh0nf0x,Sean,,1
Epipremnum pinnatum,124423,390780266,https://www.inaturalist.org/observations/390780266,research,2026-08-11," 947台灣屏東縣滿州鄉, 加都魯溪",False,22.0224861111,120.8055944444,rrrkai,洪阿愷,cc-by-nc,5
Epipremnum pinnatum,124423,390746603,https://www.inaturalist.org/observations/390746603,needs_id,2026-08-13,226台灣新北市平溪區十分瀑布(月桃寮),False,25.0487928,121.7852541,herb-chen,,cc-by-nc,3
Epipremnum pinnatum,124423,390700388,https://www.inaturalist.org/observations/390700388,research,2026-08-13,966台灣臺東縣達仁鄉森永村,False,22.2812453,120.8669406,ku6777,古國順,,1
Epipremnum pinnatum,124423,390529271,https://www.inaturalist.org/observations/390529271,research,2026-08-10,"Douglas, AU-QL, AU",False,-16.0878305,145.4606333333,alexthornton76,Alex Thornton,cc-by-nc,1
Epipremnum pinnatum,124423,390461083,https://www.inaturalist.org/observations/390461083,research,2026-08-11,600台灣嘉義市東區鹿寮里,False,23.4740238,120.4934374997,tony2148,周明煌,,3
Epipremnum pinnatum,124423,390288598,https://www.inaturalist.org/observations/390288598,research,2026-08-11,"Hualien, TW-TA, TW",False,23.3110283333,121.248175,ku6777,古國順,,1
Epipremnum pinnatum,124423,390288358,https://www.inaturalist.org/observations/390288358,research,2026-08-05,352台灣苗栗縣三灣鄉大河村,False,24.5921377745,120.9722517058,miaunt,米嬸,,1
Epipremnum pinnatum,124423,390279754,https://www.inaturalist.org/observations/390279754,research,2026-08-11,981台灣花蓮縣玉里鎮長良里,False,23.2959326,121.2756906,ku6777,古國順,,1
Epipremnum pinnatum,124423,389965381,https://www.inaturalist.org/observations/389965381,research,2026-08-09,"Cow Bay, QLD, AU",False,-16.23965,145.4331366667,sh0nf0x,Sean,,1
Epipremnum pinnatum,124423,389897491,https://www.inaturalist.org/observations/389897491,research,2026-08-01,227台灣新北市雙溪區,False,24.9971842,121.822098,inatpesnewtaipei001,新北市生態服務給付(上傳),cc-by-nc,1
Epipremnum pinnatum,124423,389606888,https://www.inaturalist.org/observations/389606888,research,2026-08-08,"Collins Ave, Edge Hill, QLD, AU",False,-16.8976216667,145.7513433333,sh0nf0x,Sean,,1
Epipremnum pinnatum,124423,389603678,https://www.inaturalist.org/observations/389603678,needs_id,2026-08-08,"Collins Ave, Edge Hill, QLD, AU",False,-16.89798,145.7510983333,sh0nf0x,Sean,,1
Epipremnum pinnatum,124423,389603670,https://www.inaturalist.org/observations/389603670,research,2026-08-09,"Mossman Gorge Rd, Syndicate, QLD, AU",False,-16.4744871424,145.33385118,annekagoss,Anneka Goss,,1
Epipremnum pinnatum,124423,389603659,https://www.inaturalist.org/observations/389603659,research,2026-08-08,"Collins Ave, Edge Hill, QLD, AU",False,-16.89798,145.7510983333,sh0nf0x,Sean,,1
Epipremnum pinnatum,124423,389603123,https://www.inaturalist.org/observations/389603123,research,2026-08-08,"Collins Ave, Edge Hill, QLD, AU",False,-16.8976216667,145.7513433333,sh0nf0x,Sean,,1
Epipremnum pinnatum,124423,389498230,https://www.inaturalist.org/observations/389498230,research,2026-08-08,600台灣嘉義市東區鹿寮里,False,23.474437,120.4930171,tony2148,周明煌,,1
Epipremnum pinnatum,124423,389498209,https://www.inaturalist.org/observations/389498209,research,2026-08-08,600台灣嘉義市東區鹿寮里,False,23.4744145,120.4930456,tony2148,周明煌,,1
Epipremnum pinnatum,124423,389268131,https://www.inaturalist.org/observations/389268131,research,2026-08-08,646台灣雲林縣古坑鄉草嶺村JP46+8Q,False,23.6063816667,120.7121366667,ku6777,古國順,,1
Epipremnum pinnatum,124423,389259689,https://www.inaturalist.org/observations/389259689,research,2026-08-08,646台灣雲林縣古坑鄉九芎神木,False,23.6139901,120.7200861,ku6777,古國順,,1
Epipremnum pinnatum,124423,389254863,https://www.inaturalist.org/observations/389254863,research,2026-08-01,353台灣苗栗縣南庄鄉東河村8-1號號,False,24.6167833333,121.0412138889,miaunt,米嬸,,1
Epipremnum pinnatum,124423,389242597,https://www.inaturalist.org/observations/389242597,needs_id,2026-08-08,"Mirakhpur Kachhar, Uttar Pradesh, India",False,25.4069766296,81.8472010642,prof_bipasha_david_,Bipasha David,cc-by-nc,1
Epipremnum pinnatum,124423,389235389,https://www.inaturalist.org/observations/389235389,research,2026-08-08,315台灣新竹縣峨眉鄉七星村60-8號,False,24.6561277778,121.024675,amadeus999,Hc Chien,cc-by-nc,2
Epipremnum pinnatum,124423,389146995,https://www.inaturalist.org/observations/389146995,research,2026-08-08,"Fiji, FJ",False,-16.9277117575,177.3595171998,dream_play_connect,,cc-by-nc,1
Epipremnum pinnatum,124423,388715827,https://www.inaturalist.org/observations/388715827,needs_id,2016-07-01,"Kingshill, United States Virgin Islands, US",False,17.7333957936,-64.8093200914,kelciet,Kelcie Troutman,,1
Epipremnum pinnatum,124423,388695480,https://www.inaturalist.org/observations/388695480,research,2026-08-03,"Daintree National Park, Diwan, QLD, AU",False,-16.207725,145.4292616667,jakehedge,,cc-by-nc,3
Epipremnum pinnatum,124423,388671904,https://www.inaturalist.org/observations/388671904,research,2026-08-06,"Cape Tribulation Rd, Cape Tribulation, QLD, AU",False,-16.123025,145.4568633333,eastsooke,,cc-by-nc,1
Epipremnum pinnatum,124423,388454704,https://www.inaturalist.org/observations/388454704,research,2026-07-27,353台灣苗栗縣南庄鄉東河村,False,24.5609805556,121.0376305556,miaunt,米嬸,,1
Epipremnum pinnatum,124423,388404749,https://www.inaturalist.org/observations/388404749,needs_id,2026-08-04,"Keolani Pl, Kahului, HI, US",False,20.893705,-156.4376666667,leelovesnature1111,,cc-by-nc,1
Epipremnum pinnatum,124423,388387380,https://www.inaturalist.org/observations/388387380,needs_id,2026-08-05,"臺灣島, 烏來區, 新北市, TW",False,24.77873,121.5000916667,d9805004,朱明珍,,4
Epipremnum pinnatum,124423,388188731,https://www.inaturalist.org/observations/388188731,research,2026-08-03,972台灣花蓮縣秀林鄉崇德村,False,24.2192055556,121.6892,tuyin,,cc-by-nc,1
Epipremnum pinnatum,124423,388065566,https://www.inaturalist.org/observations/388065566,research,2026-08-04,"Sto. Domingo, Bay, Laguna, Philippines",False,14.1749469722,121.263878,angusmaps,Jabez Flores,,1
Epipremnum pinnatum,124423,388060971,https://www.inaturalist.org/observations/388060971,research,2026-08-04,"Wat Phnom Playground, Phnom Penh, Phnom Penh, KH",False,11.5763072159,104.9239725487,andydrews,,cc-by-nc,1
Epipremnum pinnatum,124423,388027906,https://www.inaturalist.org/observations/388027906,needs_id,2026-08-04,"Goodwood Park Hotel, 新加坡, SG, SG",False,1.3090419478,103.8348832614,yanfumu,,cc-by-nc,4
Epipremnum pinnatum,124423,387810118,https://www.inaturalist.org/observations/387810118,research,2026-08-03,555台灣南投縣魚池鄉十三哩,False,23.887555,120.8954,ku6777,古國順,,1
Epipremnum pinnatum,124423,387798569,https://www.inaturalist.org/observations/387798569,research,2026-07-30,"CP88+GX3, Koli, Kec. Oba, Kota Tidore Kepulauan, Maluku Utara, Indonesia",False,0.4164820367,127.7173411846,trihapsoro,Nadhifa Trihapsoro,,1
Epipremnum pinnatum,124423,387798025,https://www.inaturalist.org/observations/387798025,research,2026-07-30,"Koli, Kec. Oba, Kota Tidore Kepulauan, Maluku Utara, Indonesia",False,0.41722633,127.7172999457,trihapsoro,Nadhifa Trihapsoro,,1
Epipremnum pinnatum,124423,387794869,https://www.inaturalist.org/observations/387794869,research,2026-07-30,"CP88+GX3, Koli, Kec. Oba, Kota Tidore Kepulauan, Maluku Utara, Indonesia",False,0.4161447579,127.716463767,trihapsoro,Nadhifa Trihapsoro,,1
Epipremnum pinnatum,124423,387737704,https://www.inaturalist.org/observations/387737704,research,2026-08-03,553台灣南投縣水里鄉車埕村,False,23.8464933333,120.8668433333,ku6777,古國順,,1
Epipremnum pinnatum,124423,387593394,https://www.inaturalist.org/observations/387593394,research,2026-08-02,"臺灣島, район Пинси, Новый Тайбэй, TW",False,25.0472388333,121.7842716667,gomyranov,Ilya Gomyranov,,1
Epipremnum pinnatum,124423,387553568,https://www.inaturalist.org/observations/387553568,research,2026-08-02,"Umari, Bom Jardim - PE, Brasil",False,-7.83278774,-35.64937177,brugzito,Bruno Menezes,cc-by-nc,1
Epipremnum pinnatum,124423,387523928,https://www.inaturalist.org/observations/387523928,research,2026-08-02,557台灣南投縣竹山鎮JMXG+QQ,False,23.6517450997,120.6771281,naturalist76891,塗清祥,,4
Epipremnum pinnatum,124423,387451964,https://www.inaturalist.org/observations/387451964,research,2026-08-02,"漁港環保公園, 北區, 新竹市, TW",False,24.8430833333,120.92472,sammy0908sammy0908,,cc-by-nc,2
Epipremnum pinnatum,124423,387342904,https://www.inaturalist.org/observations/387342904,needs_id,2026-08-01,"Kauaʻi, Princeville, HI, US",False,22.2115916667,-159.4769283333,apatia,Alex Patia,cc-by-nc,1
Epipremnum pinnatum,124423,387132367,https://www.inaturalist.org/observations/387132367,research,2026-07-22,"Hickory Rd, Cow Bay, QLD, AU",False,-16.2255576657,145.4156225594,julesbrittan,,cc-by-nc,1
Epipremnum pinnatum,124423,387067828,https://www.inaturalist.org/observations/387067828,needs_id,2026-08-01,Thành phố Hồ Chí Minh,False,10.7654237747,106.6794967651,blue3n,,cc-by-nc,1
Epipremnum pinnatum,124423,386933747,https://www.inaturalist.org/observations/386933747,research,2026-07-31,"843台灣高雄市美濃區, 雙連潭",False,22.94955,120.6021194444,rrrkai,洪阿愷,cc-by-nc,3
Epipremnum pinnatum,124423,386922077,https://www.inaturalist.org/observations/386922077,research,2026-07-31,"Central Malekula, Vanuatu",False,-16.0913267907,167.4104783311,antanas4,Antanas Petraška,,1
Epipremnum pinnatum,124423,386735180,https://www.inaturalist.org/observations/386735180,research,2026-07-31,646台灣雲林縣古坑鄉草嶺村,False,23.6138,120.7009216667,ku6777,古國順,,1
Epipremnum pinnatum,124423,386701176,https://www.inaturalist.org/observations/386701176,research,2026-07-31,"Central Malekula, Vanuatu",False,-16.088385305,167.4047984183,zydrunas72,Zydrunas,cc-by-nc,1
Epipremnum pinnatum,124423,386568722,https://www.inaturalist.org/observations/386568722,research,2026-07-29,"Gov. Portela, Miguel Pereira - RJ, 26900-000, Brasil",False,-22.4900462,-43.5213799,pedro1386,Pedro Siqueira,,1
Epipremnum pinnatum,124423,386554018,https://www.inaturalist.org/observations/386554018,research,2026-07-20,353台灣苗栗縣南庄鄉東河村,False,24.6064305556,121.0530361111,miaunt,米嬸,,1
Epipremnum pinnatum,124423,386549125,https://www.inaturalist.org/observations/386549125,research,2026-07-30,"PQMM+PGX, Mulyorejo, Surabaya, East Java 60115, Indonesia",False,-7.2653788997,112.783793,ulfi_faizah,Ulfi Faizah,cc-by-nc,2
Epipremnum pinnatum,124423,386528350,https://www.inaturalist.org/observations/386528350,needs_id,2026-07-30,,True,,,jjhuang711,JJ Huang,cc-by-nc,1
Epipremnum pinnatum,124423,386501462,https://www.inaturalist.org/observations/386501462,research,2026-07-27,"Malabag, Silang, Cavite, Philippines",False,14.14655,120.9674066667,angusmaps,Jabez Flores,,1
Epipremnum pinnatum,124423,386501091,https://www.inaturalist.org/observations/386501091,research,2026-07-30,646台灣雲林縣古坑鄉JM3W+86,False,23.60385,120.6938383333,ku6777,古國順,,1
Epipremnum pinnatum,124423,386212096,https://www.inaturalist.org/observations/386212096,research,2026-07-09,台灣臺北,False,25.1541712,121.5389627997,maoneow,,cc-by-nc,1
Epipremnum pinnatum,124423,386167637,https://www.inaturalist.org/observations/386167637,research,2026-07-29,646台灣雲林縣古坑鄉華山村49-1號,False,23.5943738,120.5958432,sh1025,歐陽秀華,cc-by-nc,1
Epipremnum pinnatum,124423,385884270,https://www.inaturalist.org/observations/385884270,needs_id,2026-07-28,"Penampang, MY-SA, MY",False,5.946214,116.110099,wuhuuuu,陈夏煜,cc-by-nc,1
Epipremnum pinnatum,124423,385727038,https://www.inaturalist.org/observations/385727038,research,2026-05-20,"Bitung, North Sulawesi, ID",False,1.5651633333,125.1695416667,smkbhatt,Shivam Bhatt,cc-by-nc-sa,2
Epipremnum pinnatum,124423,385599267,https://www.inaturalist.org/observations/385599267,research,2026-07-27,"CR7W+4JG, Naini, Prayagraj, Uttar Pradesh 211007, India",False,25.4127615171,81.8466565758,prof_bipasha_david_,Bipasha David,cc-by-nc,2
Epipremnum pinnatum,124423,385577875,https://www.inaturalist.org/observations/385577875,research,2026-07-27,"Gongmei Road Hainan Free Trade Ganglingshui Li'an International Education Innovative Test Area (Binhai Campus), Lingshui, Hainan",False,18.4037971494,110.0179290769,xieminnicki,,cc-by-nc,1
Epipremnum pinnatum,124423,385573692,https://www.inaturalist.org/observations/385573692,research,2026-07-27,646台灣雲林縣古坑鄉10-1號,False,23.6188616667,120.6207383333,ku6777,古國順,,1
Epipremnum pinnatum,124423,385565894,https://www.inaturalist.org/observations/385565894,research,2026-07-27,646台灣雲林縣古坑鄉10-1號,False,23.6194166667,120.6211016667,ku6777,古國順,,1
Epipremnum pinnatum,124423,385555466,https://www.inaturalist.org/observations/385555466,research,2026-07-24,"3M7Q+9Q8 The Retreat National Park, Village Green, Nassau, The Bahamas",False,25.063422,-77.3105445,benzerante,Ben Zerante,cc-by-nc,1
Epipremnum pinnatum,124423,385481097,https://www.inaturalist.org/observations/385481097,needs_id,2026-07-24,"Marudi, Sarawak, Malaysia",False,3.1558465678,115.356596522,akmal_idham,Akmal Idham,cc-by-nc,1
Epipremnum pinnatum,124423,385347595,https://www.inaturalist.org/observations/385347595,research,2026-07-25,"Alfanagar, Rajasthan 323021, India",False,25.2795075997,75.7106382,rinkeshkumar,Rinkesh kumar,,1
Epipremnum pinnatum,124423,385251824,https://www.inaturalist.org/observations/385251824,research,2026-07-19,353台灣苗栗縣南庄鄉東河村,False,24.6063416667,121.0519611111,miaunt,米嬸,,1
Epipremnum pinnatum,124423,385230532,https://www.inaturalist.org/observations/385230532,research,2026-07-26,"Shilin District, Taipei City, TW",False,25.1368611667,121.5354533333,usernameforinaturalist,,cc-by-nc,1
Epipremnum pinnatum,124423,385230469,https://www.inaturalist.org/observations/385230469,research,2026-07-26,"Shilin District, Taipei City, TW",False,25.1370195,121.535745,usernameforinaturalist,,cc-by-nc,1
Epipremnum pinnatum,124423,385230421,https://www.inaturalist.org/observations/385230421,research,2026-07-26,"Shilin District, Taipei City, TW",False,25.1370221667,121.535745,usernameforinaturalist,,cc-by-nc,1
Epipremnum pinnatum,124423,385229931,https://www.inaturalist.org/observations/385229931,needs_id,2026-07-08,帛琉雅拉爾德州,False,7.6094305556,134.6194777222,huxx0058,胡正恆,cc-by-nc-nd,2
Epipremnum pinnatum,124423,385209260,https://www.inaturalist.org/observations/385209260,research,2026-07-25,353台灣苗栗縣南庄鄉西村,False,24.6047666667,120.9923,johnnypantw,潘立傑 LICHIEH_PAN,cc-by-nc,2
Epipremnum pinnatum,124423,384855069,https://www.inaturalist.org/observations/384855069,research,2026-07-25,315台灣新竹縣峨眉鄉七星村94號,False,24.6557388889,121.024125,amadeus999,Hc Chien,cc-by-nc,2
Epipremnum pinnatum,124423,384848926,https://www.inaturalist.org/observations/384848926,research,2026-07-25,315台灣新竹縣峨眉鄉七星村60-8號,False,24.6548722222,121.0255416667,amadeus999,Hc Chien,cc-by-nc,2
Epipremnum pinnatum,124423,384841272,https://www.inaturalist.org/observations/384841272,research,2026-07-25,116台灣臺北市文山區政大一街210巷,False,24.9846239,121.5849809,kuman,大俠,cc-by-nc-sa,1
Epipremnum pinnatum,124423,384757705,https://www.inaturalist.org/observations/384757705,needs_id,2026-07-25,"Platypus Cl, Kuranda, QLD, AU",False,-16.8474216667,145.6280366667,juliewulie,Julie Butera,,1
Epipremnum pinnatum,124423,384482452,https://www.inaturalist.org/observations/384482452,research,2026-07-24,"Taketomi, Okinawa, JP",False,24.3904339658,123.8042660425,daniel_petersen,Daniel Petersen och Peter Sullivan,cc-by-nc,2
Epipremnum pinnatum,124423,384482153,https://www.inaturalist.org/observations/384482153,research,2026-07-24,"Taketomi, JP-ON, JP",False,24.3951536715,123.8022626751,daniel_petersen,Daniel Petersen och Peter Sullivan,cc-by-nc,2
Epipremnum pinnatum,124423,384385136,https://www.inaturalist.org/observations/384385136,needs_id,2026-07-23,"Barrio Pueblo, Caguas, Puerto Rico",False,18.2430079569,-66.0279376355,kimberly28074,Kimberly Reyes,cc-by-nc,1
Epipremnum pinnatum,124423,384249996,https://www.inaturalist.org/observations/384249996,research,2026-07-17,353台灣苗栗縣南庄鄉東河村,False,24.6082166667,121.0359805556,miaunt,米嬸,,1
Epipremnum pinnatum,124423,384217116,https://www.inaturalist.org/observations/384217116,research,2026-07-23,"Petrolina, BR-PE, BR",False,-9.38111347,-40.48651091,gilvanio,Gilvanio Santos,,1
Epipremnum pinnatum,124423,384088669,https://www.inaturalist.org/observations/384088669,needs_id,2026-07-22,"Kanealole Trail, Honolulu, HI, US",False,21.3174966667,-157.8265966667,atcgnyc,atcgnyc,cc-by-nc,1
Epipremnum pinnatum,124423,383850724,https://www.inaturalist.org/observations/383850724,research,2026-07-22,646台灣雲林縣古坑鄉華山村1-7號,False,23.594845,120.6129483333,ku6777,古國順,,1
Epipremnum pinnatum,124423,383830752,https://www.inaturalist.org/observations/383830752,research,2026-07-22,"Port Moresby National Capital District, Papua New Guinea",False,-9.4056399186,147.165880166,estherhulum,,cc-by-nc,1
Epipremnum pinnatum,124423,383786586,https://www.inaturalist.org/observations/383786586,needs_id,2026-07-21,"Calle Luis Muñoz Marín, Culebra, PR, US",False,18.3084333333,-65.3041133333,jsmithnc1,Jason Smith,cc-by-nc,1
Epipremnum pinnatum,124423,383755719,https://www.inaturalist.org/observations/383755719,research,2026-07-19,208台灣新北市金山區三界里6JP9+4M,False,25.2362269722,121.6185229722,tony2148,周明煌,,1
Epipremnum pinnatum,124423,383536048,https://www.inaturalist.org/observations/383536048,needs_id,2026-07-18,"Mecherchar, 帛琉, PW",False,7.1624611667,134.37448,peterwu,,cc-by-nc,1
Epipremnum pinnatum,124423,383456841,https://www.inaturalist.org/observations/383456841,needs_id,2026-07-21,"Ba, FJ-W, FJ",False,-17.3683527438,177.1370652506,lmata,Luis Mata,cc-by-nc-sa,3
Epipremnum pinnatum,124423,383456788,https://www.inaturalist.org/observations/383456788,needs_id,2026-07-21,"Ba, FJ-W, FJ",False,-17.3683497682,177.137058126,lmata,Luis Mata,cc-by-nc-sa,2
Epipremnum pinnatum,124423,383214041,https://www.inaturalist.org/observations/383214041,research,2026-07-20,"Cow Bay, QLD, AU",False,-16.239650244,145.4341201105,shanerichards,Shane Richards,,1
Epipremnum pinnatum,124423,383190820,https://www.inaturalist.org/observations/383190820,research,2026-07-20,646台灣雲林縣古坑鄉桂林村,False,23.6031883333,120.6140316667,ku6777,古國順,,1
Epipremnum pinnatum,124423,383036389,https://www.inaturalist.org/observations/383036389,research,2026-04-25,"Pulau Bali, Kabupaten Buleleng, Bali, ID",False,-8.2653666667,115.0914611667,hersway,何晟瑋 Andrew He,,1
Epipremnum pinnatum,124423,383025978,https://www.inaturalist.org/observations/383025978,research,2026-04-25,"Pulau Bali, Kabupaten Buleleng, Bali, ID",False,-8.266255,115.0918805,hersway,何晟瑋 Andrew He,,3
Epipremnum pinnatum,124423,383004276,https://www.inaturalist.org/observations/383004276,research,2026-07-19,"Taiwan, Xinzhuang District, New Taipei City, TW",False,25.0299030487,121.4004562245,joneswurf,,cc-by-nc,1
Epipremnum pinnatum,124423,382955193,https://www.inaturalist.org/observations/382955193,research,2026-07-19,"Clementi Rd, Singapore, SG, SG",False,1.3260533333,103.7749116667,michal_hrones,Michal Hroneš,cc-by-nc,2
Epipremnum pinnatum,124423,382775392,https://www.inaturalist.org/observations/382775392,needs_id,2026-07-14,"Tuamasaga, Samoa",False,-14.014174507,-171.7366922723,lobotaniser,M Rutherford,cc-by-nc,1
Epipremnum pinnatum,124423,382750883,https://www.inaturalist.org/observations/382750883,research,2026-07-19,"Red Peak Station, National Park, Barron Gorge, Smithfield QLD 4878, Австралия",False,-16.8494776,145.6691575,ivansmirnov,,cc-by-nc,1
Epipremnum pinnatum,124423,382746303,https://www.inaturalist.org/observations/382746303,needs_id,2026-07-13,"Va'a-o-Fonoti, Samoa",False,-13.9552416667,-171.51986,lobotaniser,M Rutherford,cc-by-nc,1
Epipremnum pinnatum,124423,382554375,https://www.inaturalist.org/observations/382554375,research,2026-07-18,"臺灣島, 美濃區, 高雄市, TW",False,22.9312320043,120.5968422637,usaviah,,cc-by-nc,1
Epipremnum pinnatum,124423,382521214,https://www.inaturalist.org/observations/382521214,research,2026-07-18,363台灣苗栗縣公館鄉,False,24.4597055556,120.8394555556,liushengyu,liushengyu,cc-by-nc,1
Epipremnum pinnatum,124423,382347564,https://www.inaturalist.org/observations/382347564,research,2026-07-17,"St Xaviers School Road, Ahmedabad, Gujarat, IN",False,23.0331333333,72.5518416667,navyavyas,,cc-by-nc,2
Epipremnum pinnatum,124423,382225251,https://www.inaturalist.org/observations/382225251,research,2026-07-17,600台灣嘉義市東區鹿寮里,False,23.4744978,120.4929891,tony2148,周明煌,,1
Epipremnum pinnatum,124423,382209999,https://www.inaturalist.org/observations/382209999,research,2026-07-17,600台灣嘉義市東區鹿寮里,False,23.4744355997,120.4929903,tony2148,周明煌,,1
Epipremnum pinnatum,124423,382209114,https://www.inaturalist.org/observations/382209114,needs_id,2026-07-17,"Candikuning, Baturiti, Tabanan Regency, Bali, Indonesia",False,-8.2727667997,115.1519353,pratyeka,,cc-by-nc,4
Epipremnum pinnatum,124423,381958671,https://www.inaturalist.org/observations/381958671,research,2026-07-16,600台灣嘉義市東區民權五福街口[幸福巴士],False,23.4838953,120.4674586,tony2148,周明煌,,1
Epipremnum pinnatum,124423,381858301,https://www.inaturalist.org/observations/381858301,needs_id,2026-07-16,"Jalan Fatahillah 2, Depok, West Java, ID",False,-6.3672583333,106.8020783333,zanacobhita,Zana Cobhita,cc-by-nc,2
Epipremnum pinnatum,124423,381710725,https://www.inaturalist.org/observations/381710725,needs_id,2026-07-15,"Calle del Sol, San Juan, PR, US",False,18.4659190317,-66.1200607406,hoogentack,Jackson Dittrich,cc-by-nc,1
Epipremnum pinnatum,124423,381639789,https://www.inaturalist.org/observations/381639789,research,2026-07-15,"Hon. Benito Soliven Avenue, Pasig, Metro Manila, PH",False,14.6065133333,121.1015778333,kalikasam,,cc-by-nc,5
Epipremnum pinnatum,124423,381638762,https://www.inaturalist.org/observations/381638762,needs_id,2026-07-12,"Collins Ave, Edge Hill, QLD, AU",False,-16.900505,145.7488383333,jostockton,,cc-by-nc,1
Epipremnum pinnatum,124423,381617500,https://www.inaturalist.org/observations/381617500,needs_id,2026-07-15,"R8G3+2H, Bantang, Kintamani, Bangli Regency, Bali 80652, Indonesia",False,-8.1760857997,115.3017279,pratyeka,,cc-by-nc,2
Epipremnum pinnatum,124423,381600833,https://www.inaturalist.org/observations/381600833,needs_id,2026-06-09,"Kairuku-Hiri District, Central Province, Papua New Guinea",False,-9.4363416667,147.364669445,avocat,,cc-by,1
Epipremnum pinnatum,124423,381514384,https://www.inaturalist.org/observations/381514384,research,2026-07-13,607台灣嘉義縣大埔鄉西興村,False,23.2304782,120.5390594997,tony2148,周明煌,,1
Epipremnum pinnatum,124423,381276502,https://www.inaturalist.org/observations/381276502,research,2026-07-14,"Chiayi County, TW-TA, TW",False,23.3837638889,120.5943861111,sh1025,歐陽秀華,cc-by-nc,1
Epipremnum pinnatum,124423,381273334,https://www.inaturalist.org/observations/381273334,research,2026-07-14,"Chiayi County, TW-TA, TW",False,23.3770416667,120.5907633333,sh1025,歐陽秀華,cc-by-nc,1
Epipremnum pinnatum,124423,381269125,https://www.inaturalist.org/observations/381269125,research,2026-07-14,606台灣嘉義縣中埔鄉內蕉子湖,False,23.3844685,120.5784539,ku6777,古國順,,1
Epipremnum pinnatum,124423,381265923,https://www.inaturalist.org/observations/381265923,research,2026-07-14,606台灣嘉義縣中埔鄉石硦村,False,23.38379,120.59428,ku6777,古國順,,1
Epipremnum pinnatum,124423,381242938,https://www.inaturalist.org/observations/381242938,research,2026-07-14,"Chiayi County, TW-TA, TW",False,23.3803116667,120.5870166667,ku6777,古國順,,1
Epipremnum pinnatum,124423,381228714,https://www.inaturalist.org/observations/381228714,research,2026-07-14,606台灣嘉義縣中埔鄉中崙村,False,23.3733333333,120.5848616667,ku6777,古國順,,1
Epipremnum pinnatum,124423,380940472,https://www.inaturalist.org/observations/380940472,research,2026-06-11,ซอย โยธาธิการ ตำบล หมูสี อำเภอปากช่อง นครราชสีมา 30130 ประเทศไทย,False,14.5479302,101.4199419,thanakitsuparat,Thanakit Suparat,,1
Epipremnum pinnatum,124423,380913607,https://www.inaturalist.org/observations/380913607,research,2026-07-13,733台灣臺南市東山區南勢里7G67+PW,False,23.2618583333,120.5148733333,sh1025,歐陽秀華,cc-by-nc,1
Epipremnum pinnatum,124423,380880652,https://www.inaturalist.org/observations/380880652,research,2026-07-13,733台灣臺南市東山區凍腳,False,23.2735366667,120.5083333333,sh1025,歐陽秀華,cc-by-nc,1
Epipremnum pinnatum,124423,380880339,https://www.inaturalist.org/observations/380880339,research,2026-07-13,733台灣臺南市東山區凍腳,False,23.2735,120.5083683333,ku6777,古國順,,1
Epipremnum pinnatum,124423,380605989,https://www.inaturalist.org/observations/380605989,research,2026-07-05,353台灣苗栗縣南庄鄉蓬萊村53之6號,False,24.5496444444,120.9716777778,miaunt,米嬸,,1
Epipremnum pinnatum,124423,380555917,https://www.inaturalist.org/observations/380555917,needs_id,2026-07-11,"Cairns Botanic Gardens, Edge Hill, QLD, AU",False,-16.90097,145.7498783333,msydes,Marita Sydes,cc-by-nc,2
Epipremnum pinnatum,124423,380409165,https://www.inaturalist.org/observations/380409165,research,2026-07-11,Bica Parque Zoobotânico Arruda Câmara,False,-7.1140469534,-34.8772174492,cristianol1456,,cc-by-sa,4
Epipremnum pinnatum,124423,380275224,https://www.inaturalist.org/observations/380275224,needs_id,2026-07-10,"Bulusan Lake Footway, Bulusan, Bicol, PH",False,12.7504916667,124.0946971667,miqeri,Gabriel,cc-by,1
Epipremnum pinnatum,124423,380007477,https://www.inaturalist.org/observations/380007477,research,2026-07-03,314台灣新竹縣北埔鄉外坪村,False,24.6357361385,121.0743349046,miaunt,米嬸,,1
Epipremnum pinnatum,124423,379963327,https://www.inaturalist.org/observations/379963327,needs_id,2026-07-09,"Sleman Regency, Special Region of Yogyakarta, Indonesia",False,-7.588987,110.421303,puputgemoi,,cc-by-nc,1
Epipremnum pinnatum,124423,379638826,https://www.inaturalist.org/observations/379638826,research,2026-07-09,"Lake Eacham, QLD, AU",False,-17.2818716667,145.62732,aeithalis,Linus Brinker,cc-by-nc,1
Epipremnum pinnatum,124423,379636061,https://www.inaturalist.org/observations/379636061,research,2026-07-09,"Lake Eacham, QLD, AU",False,-17.28635,145.621445,aeithalis,Linus Brinker,cc-by-nc,1
Epipremnum pinnatum,124423,379635978,https://www.inaturalist.org/observations/379635978,research,2026-07-09,"Lake Eacham, QLD, AU",False,-17.28703,145.621855,aeithalis,Linus Brinker,cc-by-nc,1
Epipremnum pinnatum,124423,379627195,https://www.inaturalist.org/observations/379627195,research,2026-07-09,553台灣南投縣水里鄉玉峰村,False,23.8085222222,120.8339222222,naturalist55604,Yi-ting Liao,,1
Epipremnum pinnatum,124423,379532335,https://www.inaturalist.org/observations/379532335,research,2026-07-08,"Wooroonooran, QLD, AU",False,-17.6113,145.79425,aeithalis,Linus Brinker,cc-by-nc,2
Epipremnum pinnatum,124423,379332004,https://www.inaturalist.org/observations/379332004,research,2026-07-05,"Xiaoyi Village, Wulai District, New Taipei City, Taiwan 233",False,24.8445064944,121.6108454389,tim1466,Tim Hogan,,1
Epipremnum pinnatum,124423,379318147,https://www.inaturalist.org/observations/379318147,research,2026-07-08,646台灣雲林縣古坑鄉桂林村1-15號,False,23.59641,120.6150916667,ku6777,古國順,,1
Epipremnum pinnatum,124423,379265870,https://www.inaturalist.org/observations/379265870,research,2026-07-08,646台灣雲林縣古坑鄉華山咖啡大街,False,23.5939566667,120.599805,sh1025,歐陽秀華,cc-by-nc,1
Epipremnum pinnatum,124423,379207853,https://www.inaturalist.org/observations/379207853,research,2026-07-08,Zhongshan District,False,25.0815944672,121.5282516479,kenshih,Ken Shih,,1
Epipremnum pinnatum,124423,379020027,https://www.inaturalist.org/observations/379020027,research,2026-07-07,976台灣花蓮縣光復鄉東富村,False,23.6542316667,121.458325,naturalist151837,陳品君,cc-by-nc,1
Epipremnum pinnatum,124423,378569270,https://www.inaturalist.org/observations/378569270,research,2026-07-05,"Great Barrier Reef, Dunk, QLD, AU",False,-17.9345966667,146.1448055,msydes,Marita Sydes,cc-by-nc,3
Epipremnum pinnatum,124423,378397562,https://www.inaturalist.org/observations/378397562,research,2026-07-05,"蘭嶼, 蘭嶼鄉, 臺東縣, TW",False,22.0042027833,121.5829383333,abies_kawakamii,連亮惟,cc-by-nc,2
Epipremnum pinnatum,124423,378099666,https://www.inaturalist.org/observations/378099666,research,2026-07-04,952台灣臺東縣蘭嶼鄉雙獅岩,False,22.0829899,121.566462,ihenglan,,cc-by-nc,1
Epipremnum pinnatum,124423,377979866,https://www.inaturalist.org/observations/377979866,research,2026-07-04,"Danbulla QLD 4872, Australia",False,-17.1775305556,145.6590111111,rvraders,Rene,cc-by-nc,1
Epipremnum pinnatum,124423,377930582,https://www.inaturalist.org/observations/377930582,research,2026-07-02,"臺灣島, 烏來區, 新北市, TW",False,24.8471166667,121.585105,naturalist184225,方偉宇,cc-by-nc,1
Epipremnum pinnatum,124423,377710603,https://www.inaturalist.org/observations/377710603,research,2026-06-28,233台灣新北市烏來區信賢里,False,24.8309262,121.5295947,tony2148,周明煌,,1
Epipremnum pinnatum,124423,377688428,https://www.inaturalist.org/observations/377688428,research,2026-07-03,"臺灣島, 雙溪區, 新北市, TW",False,24.9299366667,121.8155216667,naturalist184225,方偉宇,cc-by-nc,1
Epipremnum pinnatum,124423,377648843,https://www.inaturalist.org/observations/377648843,research,2026-06-30,"C64V+5RR, Manga'asi, Vanuatu",False,-17.5950601997,168.2466043997,chadprirodaberachester,Chadley Beranek,cc-by,1
Epipremnum pinnatum,124423,377633965,https://www.inaturalist.org/observations/377633965,research,2026-04-23,"New Taipei, New Taipei City, Taiwan",False,25.0411895,121.4156225,pennywang,Penny Wang,cc-by-nc,2
Epipremnum pinnatum,124423,377380282,https://www.inaturalist.org/observations/377380282,research,2026-07-02,台灣臺北,False,25.0905541775,121.5814442255,jameschien,,,1
Epipremnum pinnatum,124423,376984827,https://www.inaturalist.org/observations/376984827,research,2025-10-18,"Sanxia District, New Taipei City, TW",False,24.8478237574,121.4522832144,jg2030,,cc-by-nc,1
Epipremnum pinnatum,124423,376933525,https://www.inaturalist.org/observations/376933525,research,2026-06-29,"110, Taiwan, Taipei City, Xinyi District, Sanli Village, 雲頂一座",False,25.0274606,121.5710868997,phillipgillette,Phillip Gillette,,1
Epipremnum pinnatum,124423,376832715,https://www.inaturalist.org/observations/376832715,research,2026-02-20,"Diwan QLD 4873, Australien",False,-16.213775,145.404615,chiara_wllr,Chiara,cc-by-nc,2
Epipremnum pinnatum,124423,376781297,https://www.inaturalist.org/observations/376781297,needs_id,2025-08-05,"Guangzhou, Guangdong, China",False,23.18223804,113.36701334,skystargazer,Stargazer,cc-by-nc,2
Epipremnum pinnatum,124423,376777080,https://www.inaturalist.org/observations/376777080,research,2026-06-30,"Crater Lakes National Park, Lake Eacham, QLD, AU",False,-17.2831366667,145.6289216667,msydes,Marita Sydes,cc-by-nc,2
Epipremnum pinnatum,124423,376549783,https://www.inaturalist.org/observations/376549783,research,2026-06-24,353台灣苗栗縣南庄鄉東河村,False,24.606675,121.0519611111,miaunt,米嬸,,1
Epipremnum pinnatum,124423,376524913,https://www.inaturalist.org/observations/376524913,research,2026-06-28,"Hualien, Taiwan",False,24.0318325328,121.5598004403,portioid,portioid,cc-by-sa,1
Epipremnum pinnatum,124423,376501443,https://www.inaturalist.org/observations/376501443,needs_id,2026-06-28,"San Lorenzo Ruiz (Imelda), Bicol, PH",False,14.0344954032,122.859433396,miqeri,Gabriel,cc-by,1
Epipremnum pinnatum,124423,376460708,https://www.inaturalist.org/observations/376460708,research,2026-06-29,558台灣南投縣鹿谷鄉溪頭,False,23.6731194444,120.7979972222,chenshu,Chen Shu,cc-by-nc,2
Epipremnum pinnatum,124423,376436590,https://www.inaturalist.org/observations/376436590,needs_id,2026-06-29,"臺灣島, 信義區, 臺北市, TW",False,25.0225976103,121.5705425912,shiuan_86,,cc-by-nc,1
Epipremnum pinnatum,124423,376401327,https://www.inaturalist.org/observations/376401327,research,2026-06-27,"Kudus, Jawa Tengah, Indonesia",False,-6.6625166667,110.9057833333,mchoi_azis,ꦩꦸꦲꦩ꧀ꦩꦢ꧀ꦕꦺꦴꦅꦫꦸꦢ꧀ꦢꦶꦱ꧀ꦄꦗ꦳ꦶꦱ꧀,,1
Epipremnum pinnatum,124423,376195165,https://www.inaturalist.org/observations/376195165,needs_id,2026-06-24,"Ōgimi, Okinawa, Japan",False,26.7045027778,128.1480861111,picklejar,Alex Yu,cc-by-nc,1
Epipremnum pinnatum,124423,376165909,https://www.inaturalist.org/observations/376165909,research,2026-06-28,台灣臺北,False,24.9084051453,121.4239249281,kuman,大俠,cc-by-nc-sa,1
Epipremnum pinnatum,124423,376058961,https://www.inaturalist.org/observations/376058961,research,2026-06-28,111台灣臺北市士林區惠濟宮,False,25.1020248,121.5308175,inaturalist9487,王筱媛,,1
Epipremnum pinnatum,124423,376016019,https://www.inaturalist.org/observations/376016019,research,2026-06-28,"Pule Gundes II, Sidoharjo, Kec. Tepus, Kabupaten Gunungkidul, Daerah Istimewa Yogyakarta, Indonesia",False,-8.1464861111,110.6077,billy_pastihappy,Billy pastihappy,,2
Epipremnum pinnatum,124423,375785413,https://www.inaturalist.org/observations/375785413,research,2026-06-27,"Shilin District, Taipei City, TW",False,25.1580278333,121.56703,betagamma,Ben G.,cc-by-nc,1
Epipremnum pinnatum,124423,375772287,https://www.inaturalist.org/observations/375772287,research,2026-06-27,262台灣宜蘭縣礁溪鄉玉石村,False,24.8386986997,121.7720134,tony2148,周明煌,,1
Epipremnum pinnatum,124423,375762313,https://www.inaturalist.org/observations/375762313,needs_id,2026-06-27,"Kabupaten Bandung Barat, West Java, ID",False,-6.8313173236,107.6564198129,carnnical,,cc-by-nc,1
Epipremnum pinnatum,124423,375746415,https://www.inaturalist.org/observations/375746415,research,2026-06-13,"Track Fatu Leo, Kabupaten Kupang, East Nusa Tenggara, ID",False,-9.9528883333,123.8607033333,smathichong,,cc-by,2
Epipremnum pinnatum,124423,375486373,https://www.inaturalist.org/observations/375486373,research,2026-06-26,"Thonburirom Park, Khwaeng Bang Mot, Khet Thung Khru, Krung Thep Maha Nakhon 10140, Thailand",False,13.6518429722,100.491826,plains-wanderer,Wich’yanan (Jay) Limparungpatthanakij,cc-by,2
Epipremnum pinnatum,124423,375478406,https://www.inaturalist.org/observations/375478406,research,2026-06-26,"Borneo, Kota Kinabalu, Sabah, MY",False,5.9551963583,116.0435058084,dexter9z,,cc-by-nc,1
Epipremnum pinnatum,124423,375183695,https://www.inaturalist.org/observations/375183695,research,2026-06-25,"Lugu Township, Nantou County, TW",False,23.7282916667,120.788795,betagamma,Ben G.,cc-by-nc,1
Epipremnum pinnatum,124423,375182966,https://www.inaturalist.org/observations/375182966,research,2026-06-25,"Renyi Rd, Lugu Township, Nantou County, TW",False,23.7298916667,120.7881616667,betagamma,Ben G.,cc-by-nc,1
Epipremnum pinnatum,124423,375119822,https://www.inaturalist.org/observations/375119822,research,2026-06-25,"臺灣島, 中正區, 基隆市, TW",False,25.1441630784,121.746904449,jennyjian1108,簡淑娟,cc-by-nc,1
Epipremnum pinnatum,124423,375095946,https://www.inaturalist.org/observations/375095946,research,2026-06-19,大隘,False,24.6275238582,121.1014647782,miaunt,米嬸,,1
Epipremnum pinnatum,124423,374818701,https://www.inaturalist.org/observations/374818701,research,2026-06-24,"Taitung, TW-TA, TW",True,22.9464804861,121.0267576819,che_lun,張哲綸（Che-Lun Chang）,,1
Epipremnum pinnatum,124423,374800509,https://www.inaturalist.org/observations/374800509,research,2026-06-08,"Batong Malake, Los Baños, Laguna, Philippines",False,14.166175,121.2405138889,lecanorchis,,cc-by-nc-nd,1
Epipremnum pinnatum,124423,374792409,https://www.inaturalist.org/observations/374792409,research,2026-06-24,"臺灣島, 中山區, 臺北市, TW",False,25.0848413473,121.5482712419,jennyjian1108,簡淑娟,cc-by-nc,1
Epipremnum pinnatum,124423,374627622,https://www.inaturalist.org/observations/374627622,needs_id,2026-06-23,"Ngũ Hành Sơn, VN-DA, VN",False,16.00405222,108.26303458,aliaksandarmialik,Aliaksandr Mialik,cc-by-nc,1
Epipremnum pinnatum,124423,374606628,https://www.inaturalist.org/observations/374606628,research,2026-06-22,237台灣新北市三峽區有木里,False,24.8192592,121.4533906997,tony2148,周明煌,,1
Epipremnum pinnatum,124423,374491583,https://www.inaturalist.org/observations/374491583,research,2026-06-23,264台灣宜蘭縣員山鄉下粗溪口,False,24.7065233333,121.6596066667,ku6777,古國順,,1
Epipremnum pinnatum,124423,374488634,https://www.inaturalist.org/observations/374488634,research,2026-06-05,"Zabali, Baler, Aurora, Philippines",False,15.7400361111,121.571675,lecanorchis,,cc-by-nc-nd,1
Epipremnum pinnatum,124423,374450426,https://www.inaturalist.org/observations/374450426,research,2026-06-22,237台灣新北市三峽區RCCX+VM,False,24.8217661,121.4492017,tony2148,周明煌,,1
Epipremnum pinnatum,124423,374388512,https://www.inaturalist.org/observations/374388512,research,2026-06-22,"New Taipei, TW-NT-TP, TW",False,24.903435,121.765315,ku6777,古國順,,1
Epipremnum pinnatum,124423,374228344,https://www.inaturalist.org/observations/374228344,research,2026-06-22,232台灣新北市坪林區協德宮牌樓[新巴士],False,24.9325216667,121.7074983333,ku6777,古國順,,1
Epipremnum pinnatum,124423,374143716,https://www.inaturalist.org/observations/374143716,needs_id,2026-06-21,"Kudus Regency, Central Java, Indonesia",False,-6.6265033333,110.8969883333,mchoi_azis,ꦩꦸꦲꦩ꧀ꦩꦢ꧀ꦕꦺꦴꦅꦫꦸꦢ꧀ꦢꦶꦱ꧀ꦄꦗ꦳ꦶꦱ꧀,,1
Epipremnum pinnatum,124423,373778465,https://www.inaturalist.org/observations/373778465,research,2026-06-20,"Hinchinbrook, Girringun, AU-QL, AU",False,-18.5887333333,145.8043805556,bludfish,Lachlan Walker,cc-by-nc,1
Epipremnum pinnatum,124423,373545622,https://www.inaturalist.org/observations/373545622,needs_id,2026-06-20,"19th Avenue, Quezon City, Metro Manila, PH",False,14.6164083333,121.0646278333,maria9685,Maria Veronica,cc-by-nc,1
Epipremnum pinnatum,124423,373484082,https://www.inaturalist.org/observations/373484082,needs_id,2025-10-30,"Mount Hypipamee, AU-QL-AT, AU-QL, AU",False,-17.4268024423,145.4858063033,marcus_horticulture_,Marcus Ormerod,,1
Epipremnum pinnatum,124423,373151143,https://www.inaturalist.org/observations/373151143,research,2026-06-04,"Tugu Kujang, Tegallega, Kecamatan Bogor Tengah, Kota Bogor, Jawa Barat, Indonesia",False,-6.6010640543,106.804408282,sitimuzayanah,,cc-by-nc,2
Epipremnum pinnatum,124423,372963026,https://www.inaturalist.org/observations/372963026,needs_id,2026-06-18,"Sudipen, Ilocos, PH",False,16.8765982613,120.4678173737,knip1102,Knip1102,cc-by-nc,1
Epipremnum pinnatum,124423,372901039,https://www.inaturalist.org/observations/372901039,research,2026-06-18,"Jing'an Rd Sec 3 Ln 392, Pingxi District, New Taipei City, TW",False,25.0488471667,121.7848883333,betagamma,Ben G.,cc-by-nc,1
Epipremnum pinnatum,124423,372900859,https://www.inaturalist.org/observations/372900859,research,2026-06-18,"Pingxi District, New Taipei City, TW",False,25.0486195,121.78785,betagamma,Ben G.,cc-by-nc,1
Epipremnum pinnatum,124423,372863429,https://www.inaturalist.org/observations/372863429,research,2026-06-18,354台灣苗栗縣獅潭鄉竹木村,False,24.4637333333,120.8912816667,ku6777,古國順,,1
Epipremnum pinnatum,124423,372643589,https://www.inaturalist.org/observations/372643589,research,2026-06-12,"Zhaoqing, CN-GD, CN",True,23.0662248647,112.509337412,tkp123,,cc-by-nc,1
Epipremnum pinnatum,124423,372557792,https://www.inaturalist.org/observations/372557792,needs_id,2026-06-04,"Bogor, West Java, ID",False,-6.60123,106.7957466667,bakyatus,bakyatus soleha,cc-by-nc,1
Epipremnum pinnatum,124423,372536659,https://www.inaturalist.org/observations/372536659,research,2026-06-17,台湾省糖厂街15巷,False,23.65833186,121.42134583,ssnp099,梁士明,cc-by-nc,1
Epipremnum pinnatum,124423,372193014,https://www.inaturalist.org/observations/372193014,needs_id,2026-06-16,"Central Jakarta, Jakarta, ID",False,-6.2223249838,106.8044616774,kolomnama,Asih Radhianitya,cc-by-nc,1
Epipremnum pinnatum,124423,371488617,https://www.inaturalist.org/observations/371488617,research,2026-06-14,"D. V. Rufino Street, Quezon City, Metro Manila, PH",False,14.5949966667,121.0650111667,major_wd,,cc-by-nc,3
Epipremnum pinnatum,124423,371122921,https://www.inaturalist.org/observations/371122921,research,2026-06-13,"Luodong Township, Yilan County, TW",False,24.6721466667,121.7653966667,kumorebi,,,3
Epipremnum pinnatum,124423,370867831,https://www.inaturalist.org/observations/370867831,research,2026-06-08,"Sarraméa, Nuova Caledonia",False,-21.6408961349,165.8396724612,carlib3,Carlotta Bonaldi,,1
Epipremnum pinnatum,124423,370831506,https://www.inaturalist.org/observations/370831506,needs_id,2026-06-12,"Palau, PW",False,7.7198266804,134.6108669383,jarthurjohnson,,cc-by-nc,1
Epipremnum pinnatum,124423,370750337,https://www.inaturalist.org/observations/370750337,research,2025-11-27,"Shuri, 1 Chome Shuritonokuracho, Naha, Präfektur Okinawa, Japan",False,26.2181698029,127.7179742828,adrian_bothe,,,1
Epipremnum pinnatum,124423,370750329,https://www.inaturalist.org/observations/370750329,research,2025-11-27,"Shuri, 1 Chome Shuritonokuracho, Naha, Präfektur Okinawa, Japan",False,26.2193351728,127.7176550999,adrian_bothe,,,2
Epipremnum pinnatum,124423,369950289,https://www.inaturalist.org/observations/369950289,needs_id,2026-06-09,"Loyola Heights, Quezon City, Metro Manila, Philippines",False,14.6451483333,121.0820333333,daphyyyuuhh,,cc-by-nc,1
Epipremnum pinnatum,124423,369917048,https://www.inaturalist.org/observations/369917048,research,2026-06-06,353台灣苗栗縣南庄鄉東河村,False,24.6104111111,121.0346611111,miaunt,米嬸,,1
Epipremnum pinnatum,124423,369906988,https://www.inaturalist.org/observations/369906988,research,2026-01-28,Philippines,True,6.8818583534,125.0928837791,matthewbarton256,Matthew B,cc-by-nc,1
Epipremnum pinnatum,124423,369688441,https://www.inaturalist.org/observations/369688441,research,2026-06-07,231台灣新北市新店區美城里碧潭,False,24.9541352478,121.533695055,kuman,大俠,cc-by-nc-sa,1
Epipremnum pinnatum,124423,369553788,https://www.inaturalist.org/observations/369553788,research,2026-06-08,"Mambukimba Main Street, Raja Ampat, West Papua, ID",False,-0.5651434377,130.5161726495,ludovico_maggi_,Ludovico Maggi,cc-by-nc,1
Epipremnum pinnatum,124423,369545118,https://www.inaturalist.org/observations/369545118,needs_id,2026-06-04,"RT.04/RW.02, Paledang, Kecamatan Bogor Tengah, Kota Bogor, Jawa Barat, Indonesia",False,-6.597628929,106.799569577,muthiarahman,Muthia Rahman,cc-by-nc,3
Epipremnum pinnatum,124423,369542912,https://www.inaturalist.org/observations/369542912,research,2026-04-23,"Cayey, PR, US",False,18.1184655252,-66.1623911163,zanndoli_dy,Dyonn Ayala,cc-by-nc,1
Epipremnum pinnatum,124423,369501936,https://www.inaturalist.org/observations/369501936,research,2026-06-07,600台灣嘉義市東區民權五福街口[幸福巴士],False,23.4838896,120.4674358997,tony2148,周明煌,,1
Epipremnum pinnatum,124423,369306845,https://www.inaturalist.org/observations/369306845,research,2026-06-07,"Seaview St, Mission Beach, QLD, AU",False,-17.8711726377,146.1031051354,pixelcoriolis,,cc-by-nc,1
Epipremnum pinnatum,124423,369265683,https://www.inaturalist.org/observations/369265683,needs_id,2026-06-07,"Tojo Una-Una Regency, Central Sulawesi, ID",False,-0.2830883333,122.0114222167,maltesellin,Malte Sellin,cc-by-nc,1
Epipremnum pinnatum,124423,369228216,https://www.inaturalist.org/observations/369228216,research,2026-06-07,"滿月圓國家森林遊樂區, 三峽區, 新北市, TW",False,24.8234497365,121.4492955498,sandyliu111,,cc-by-nc,1
Epipremnum pinnatum,124423,369228012,https://www.inaturalist.org/observations/369228012,research,2026-06-07,"滿月圓國家森林遊樂區, 三峽區, 新北市, TW",False,24.8233739015,121.4492172153,lisahuang,,cc-by-nc,1
Epipremnum pinnatum,124423,369200577,https://www.inaturalist.org/observations/369200577,needs_id,2026-06-07,"Sanxia District, New Taipei City, TW",False,24.8271033333,121.44722,naturalist175845,,cc-by-nc,1
Epipremnum pinnatum,124423,369191631,https://www.inaturalist.org/observations/369191631,research,2026-06-07,"New Taipei, TW-NT-TP, TW",False,24.8348783333,121.44597,chingxi,,cc-by-nc,1
Epipremnum pinnatum,124423,369190714,https://www.inaturalist.org/observations/369190714,needs_id,2026-06-07,"Nazai Industrial Rd, Sanxia District, New Taipei City, TW",False,24.8348116667,121.4458383333,k34215,,cc-by-nc,4
Epipremnum pinnatum,124423,368943843,https://www.inaturalist.org/observations/368943843,research,2026-06-04,353台灣苗栗縣南庄鄉東河村,False,24.5609805556,121.0376305556,miaunt,米嬸,,1
Epipremnum pinnatum,124423,368928048,https://www.inaturalist.org/observations/368928048,research,2026-06-06,"Sanxia District, New Taipei City, TW",False,24.8204536406,121.4499485295,ruby_lin1,Ruby Lin,cc-by-nc,1
Epipremnum pinnatum,124423,368904156,https://www.inaturalist.org/observations/368904156,research,2016-08-17,"Cow Bay QLD 4873, Australia",False,-16.238226785,145.4308807814,poppyde,Bill de Belin,cc-by-nc-nd,1
Epipremnum pinnatum,124423,368891032,https://www.inaturalist.org/observations/368891032,research,2026-06-06,233台灣新北市烏來區信賢里,False,24.820025,121.5151,jimchen1,陳豊鍾,cc-by-nc,1
Epipremnum pinnatum,124423,368876257,https://www.inaturalist.org/observations/368876257,research,2026-06-06,"Youmu, Sanxia District, New Taipei City, TW",False,24.8337133333,121.44587,naturalist127801,賴香伶,cc-by-nc,1
Epipremnum pinnatum,124423,368841268,https://www.inaturalist.org/observations/368841268,research,2026-06-06,"臺北市立動物園, 文山區, 臺北市, TW",False,24.9972320725,121.5804937158,naturalist14740,山羌,cc-by-nc,1
Epipremnum pinnatum,124423,368531969,https://www.inaturalist.org/observations/368531969,needs_id,2026-06-04,"9QWX+X6G, RT.04/RW.02, Paledang, Kecamatan Bogor Tengah, Kota Bogor, Jawa Barat 16122, Indonesia",False,-6.6014761,106.7982264997,syifa_auliani,Syifa Auliani,cc-by-nc,2
Epipremnum pinnatum,124423,368383674,https://www.inaturalist.org/observations/368383674,research,2026-06-04,"9QWX+X6G, RT.04/RW.02, Paledang, Kecamatan Bogor Tengah, Kota Bogor, Jawa Barat 16122, Indonesia",False,-6.6022325997,106.7985297997,syifa_auliani,Syifa Auliani,cc-by-nc,2
Epipremnum pinnatum,124423,368370016,https://www.inaturalist.org/observations/368370016,needs_id,2026-06-04,"RT.04/RW.02, Paledang, Kecamatan Bogor Tengah, Kota Bogor, Jawa Barat, Indonesia",False,-6.597628929,106.799569577,ayukhoeruln03,ai khona,cc-by-nc,2
Epipremnum pinnatum,124423,368276016,https://www.inaturalist.org/observations/368276016,research,2026-06-04,"Taiwan, TW",True,22.1517583141,121.5984435645,naturedom12,naturedom12,cc0,3
Epipremnum pinnatum,124423,368265973,https://www.inaturalist.org/observations/368265973,needs_id,2026-06-04,"โรงเรียนนาหว้าพิทยาคม (ธาตุประสิทธิ์ประชานุเคราะห์), อ.นาหว้า, จ.นครพนม, TH",False,17.4783451009,104.0948213653,naturalist157451,,cc-by-nc,1
Epipremnum pinnatum,124423,368258980,https://www.inaturalist.org/observations/368258980,needs_id,2026-06-04,"Jl Insinyur H Juanda, Bogor, West Java, ID",False,-6.6019966667,106.79843,nazwa_sn,,cc-by-nc,1
Epipremnum pinnatum,124423,368256421,https://www.inaturalist.org/observations/368256421,needs_id,2026-06-04,"9QXX+67Q, RT.04/RW.02, Paledang, Kecamatan Bogor Tengah, Kota Bogor, Jawa Barat 16122, Indonesia",False,-6.6018258,106.7980274,najwa_kharisa,kharisanajwa,cc-by-nc,3
Epipremnum pinnatum,124423,367969252,https://www.inaturalist.org/observations/367969252,research,2026-06-03,913台灣屏東縣萬丹鄉磚寮村,False,22.62771,120.4547733333,ku6777,古國順,,1
Epipremnum pinnatum,124423,367928912,https://www.inaturalist.org/observations/367928912,needs_id,2026-03-21,"Chiayi County, TW-TA, TW",False,23.4069533333,120.5714333333,naturalist122461,趙泓安,cc-by-nc,1
Epipremnum pinnatum,124423,367845140,https://www.inaturalist.org/observations/367845140,research,2023-06-08,"Soi Sukhumvit 10, Khlong Toei District, Bangkok, TH",False,13.7336333333,100.556625,callpolicia,Polina Pirogova,cc-by-nc,1
Epipremnum pinnatum,124423,367778983,https://www.inaturalist.org/observations/367778983,needs_id,2026-05-29,"Jalan Ismail Ghaney, Kuala Lumpur, Kuala Lumpur, MY",False,3.175805,101.6814716667,pablogho,,cc-by-nc,1
Epipremnum pinnatum,124423,367743218,https://www.inaturalist.org/observations/367743218,research,2026-06-02,"WPW4+FXG, Sabilambo, Kec. Kolaka, Kabupaten Kolaka, Sulawesi Tenggara 93561, Indonesia",False,-4.0539613,121.7072790997,tiaraandayani,tee tiara,cc-by-nc,2
Epipremnum pinnatum,124423,367719093,https://www.inaturalist.org/observations/367719093,research,2026-05-30,106台灣臺北市大安區仁愛建國路口一,False,25.0378434521,121.5394420177,chiuluan,,cc-by,2
Epipremnum pinnatum,124423,366936142,https://www.inaturalist.org/observations/366936142,research,2026-05-31,"Assembly Hall, 2, Rajghat, Varanasi, Uttar Pradesh 221001, India",False,25.328258633,83.0391103774,anjkrishna,,cc-by-nc,1
Epipremnum pinnatum,124423,366917587,https://www.inaturalist.org/observations/366917587,research,2026-05-30,"Bosque Estatal de San Patricio, DRNA, San Juan, PR, US",False,18.4092212426,-66.0926541512,ernestopaganarocho,,cc-by-nc,1
Epipremnum pinnatum,124423,366881759,https://www.inaturalist.org/observations/366881759,needs_id,2026-05-26,"81700, Johor, Malaysia",False,1.5086979864,103.9521713256,ryantheobserver,harith rayyan,cc-by-nc,1
Epipremnum pinnatum,124423,366585445,https://www.inaturalist.org/observations/366585445,research,2026-05-16,365台灣苗栗縣泰安鄉,False,24.4424305556,120.939575,liushengyu,liushengyu,cc-by-nc,1
Epipremnum pinnatum,124423,366547050,https://www.inaturalist.org/observations/366547050,research,2026-05-28,353台灣苗栗縣南庄鄉東河村,False,24.6094277778,121.0346111111,miaunt,米嬸,,1
Epipremnum pinnatum,124423,366514732,https://www.inaturalist.org/observations/366514732,research,2026-05-27,"Mossman Gorge Rd, Mossman Gorge, QLD, AU",False,-16.474395,145.3483583333,lucasbartinelli,,cc-by-nc,1
Epipremnum pinnatum,124423,366411669,https://www.inaturalist.org/observations/366411669,research,2026-05-21,"Raja Ampat Regency, Southwest Papua, Indonesia",False,-0.4843049033,130.3570671,pclark2,,cc-by-nc,1
Epipremnum pinnatum,124423,365926391,https://www.inaturalist.org/observations/365926391,research,2026-05-28,"Lat Krabang District, Bangkok, TH",False,13.7470827096,100.7572131236,phiranyaa,Julymeaoo,cc-by-nc,1
Epipremnum pinnatum,124423,365879475,https://www.inaturalist.org/observations/365879475,research,2026-05-26,"Efate, Vanuatu, VU",False,-17.6977616667,168.3352966667,marionh17,,cc-by-nc,1
Epipremnum pinnatum,124423,365625811,https://www.inaturalist.org/observations/365625811,needs_id,2026-05-27,"Pag-asa Street, General Trias, Calabarzon, PH",False,14.3743201822,120.8940542963,monica_rodelyn,Monica Rodelyn Medina,cc-by-nc,1
Epipremnum pinnatum,124423,365439631,https://www.inaturalist.org/observations/365439631,research,2026-02-18,"墾丁國家公園, 滿州鄉, 屏東縣, TW",False,22.0868721667,120.8900133333,chianghuai,姜淮,cc-by-nc,6
Epipremnum pinnatum,124423,365411046,https://www.inaturalist.org/observations/365411046,research,2026-05-26,353台灣苗栗縣南庄鄉東河村,False,24.6169793111,121.044768244,miaunt,米嬸,,1
Epipremnum pinnatum,124423,365393241,https://www.inaturalist.org/observations/365393241,research,2026-02-15,"臺灣島, 瑞穗鄉, 花蓮縣, TW",False,23.4961416667,121.3772366667,chianghuai,姜淮,cc-by-nc,3
Epipremnum pinnatum,124423,365275796,https://www.inaturalist.org/observations/365275796,research,2017-12-03,"Township Road 嘉141, Zhongpu Township, Chiayi County, TW",False,23.3623066238,120.5544764864,bentai,,cc-by-nc,1
Epipremnum pinnatum,124423,365062284,https://www.inaturalist.org/observations/365062284,research,2026-05-21,台灣臺北,False,24.8847673807,121.5034310131,sh_kung,如此甚好,cc-by,1
Epipremnum pinnatum,124423,365060291,https://www.inaturalist.org/observations/365060291,research,2026-05-24,233台灣新北市烏來區,False,24.8399429017,121.5395755458,kuman,大俠,cc-by-nc-sa,1
Epipremnum pinnatum,124423,365047847,https://www.inaturalist.org/observations/365047847,research,2025-09-26,"San Juan, PR, US",False,18.401817265,-66.0502379481,biobaddie,Alba Viruet Reverón,cc-by-nc,1
Epipremnum pinnatum,124423,364906805,https://www.inaturalist.org/observations/364906805,research,2026-05-24,"Taichung, Taichung, Taiwan",False,24.1750055556,120.7924388889,johnnypantw,潘立傑 LICHIEH_PAN,cc-by-nc,1
Epipremnum pinnatum,124423,364595456,https://www.inaturalist.org/observations/364595456,research,2026-05-24,"蘭嶼, 蘭嶼鄉, 臺東縣, TW",False,22.0504111667,121.5191283333,donald_lin,林唐褘,cc-by-nc,5
Epipremnum pinnatum,124423,364531127,https://www.inaturalist.org/observations/364531127,research,2026-05-24,"臺灣島, 復興區, 桃園市, TW",False,24.794305,121.276795,sohpia,,cc-by-nc,2
Epipremnum pinnatum,124423,364200113,https://www.inaturalist.org/observations/364200113,research,2026-05-23,"Nazai Industrial Rd, Sanxia District, New Taipei City, TW",False,24.8348681,121.4458158109,applesarah,,cc-by-nc,1
Epipremnum pinnatum,124423,364199164,https://www.inaturalist.org/observations/364199164,research,2026-05-23,"Lake Barrine QLD 4884, Australia",False,-17.2472002735,145.6429571223,sturuss,Stuart,cc0,2
Epipremnum pinnatum,124423,364058161,https://www.inaturalist.org/observations/364058161,research,2026-05-22,San Juan,False,18.3816127777,-66.0534133911,antylux,Antylux,,1
Epipremnum pinnatum,124423,364042468,https://www.inaturalist.org/observations/364042468,needs_id,2026-05-21,"Khordha, Odisha, IN",False,20.403565987,85.8247462425,lp04,Lilan Pradhan,cc-by-nc,1
Epipremnum pinnatum,124423,363392794,https://www.inaturalist.org/observations/363392794,research,2026-05-19,"臺灣島, 瑪家鄉, 屏東縣, TW",False,22.670475863,120.6942719832,eric0113can,陳冠霖,,2
Epipremnum silvaticum,1676629,328251209,https://www.inaturalist.org/observations/328251209,needs_id,2025-03-30,"Agam Regency, West Sumatra, Indonesia",False,-0.2404797476,100.3570922153,lus,Lucía,cc-by-nc,1
Epipremnum silvaticum,1676629,267466217,https://www.inaturalist.org/observations/267466217,research,2025-03-29,"3FP8+84V, Limau Manis, Kec. Pauh, Kota Padang, Sumatera Barat 25175, Indonesia",False,-0.912048332,100.4697688669,alponsin,Alponsin,cc-by-nc-sa,1
Epipremnum silvaticum,1676629,144150916,https://www.inaturalist.org/observations/144150916,needs_id,2022-12-11,"Muaro Jambi Regency, Jambi, Indonesia",False,-1.6163214501,103.5158182399,naufalurfi,Naufal Urfi Dhiya'ulhaq,cc-by-nc,1
Epipremnum silvaticum,1676629,141374325,https://www.inaturalist.org/observations/141374325,needs_id,2022-11-06,"Jambi City, Jambi, Indonesia",False,-1.67734563,103.55907934,naufalurfi,Naufal Urfi Dhiya'ulhaq,cc-by-nc,1
