species,taxon_id,observation_id,observation_url,quality_grade,observed_on,place_guess,obscured,latitude,longitude,observer_login,observer_name,licence,photos
Rhaphidophora africana,1107861,337431509,https://www.inaturalist.org/observations/337431509,research,2005-11-23,"Zorzor, Liberia",False,8.028,-9.738,careljongkind,Carel Jongkind,cc-by-nc,1
Rhaphidophora africana,1107861,306841426,https://www.inaturalist.org/observations/306841426,research,2025-08-13,"Parc National du Banco, Abidjan, Côte d'Ivoire",False,5.3876673542,-4.0523481375,ngltaylor,,cc-by-nc,1
Rhaphidophora africana,1107861,290602767,https://www.inaturalist.org/observations/290602767,research,2025-06-07,"Twifo Hemang Lower Denkyira, Central, GH",False,5.3526999948,-1.3838036905,william_konlan,William Konlan,cc-by-nc,1
Rhaphidophora africana,1107861,52345668,https://www.inaturalist.org/observations/52345668,research,2016-10-31,"Lola Prefecture, Guinee",False,7.6967353863,-8.3988564252,careljongkind,Carel Jongkind,cc-by-nc,4
Rhaphidophora angustata,1673440,342802738,https://www.inaturalist.org/observations/342802738,research,2026-03-13,"35000, Perak, Malaysia",False,4.3234944444,101.3269722222,ongzi,Ong Jyh Seng,cc-by,1
Rhaphidophora angustata,1673440,268028567,https://www.inaturalist.org/observations/268028567,research,2025-04-01,"3FP8+84V, Limau Manis, Kec. Pauh, Kota Padang, Sumatera Barat 25175, Indonesia",False,-0.9116949958,100.469291769,alponsin,Alponsin,cc-by-nc-sa,3
Rhaphidophora australasica,548193,404210822,https://www.inaturalist.org/observations/404210822,research,2026-09-27,"Cape Tribulation, QLD, AU",False,-16.1392695,145.4395616667,jasonbf,Jason Beynon Fankhauser,cc-by-nc,1
Rhaphidophora australasica,548193,404112689,https://www.inaturalist.org/observations/404112689,research,2026-09-28,"Cow Bay QLD 4873, Australia",False,-16.2381703,145.4273099,martin487,Martin Rady,cc-by,7
Rhaphidophora australasica,548193,402953137,https://www.inaturalist.org/observations/402953137,research,2026-09-24,"Cape Tribulation QLD 4873, Australia",False,-16.1392078997,145.4395483,arwenlilyanne,,cc-by-nc,1
Rhaphidophora australasica,548193,402336118,https://www.inaturalist.org/observations/402336118,needs_id,2026-09-22,"Daintree National Park, Cow Bay, QLD, AU",False,-16.239443661,145.4334824202,andrew_allen,Andrew Allen,cc-by,1
Rhaphidophora australasica,548193,402331653,https://www.inaturalist.org/observations/402331653,needs_id,2026-09-22,"Daintree National Park, Kimberley, QLD, AU",False,-16.2454513827,145.4359601682,andrew_allen,Andrew Allen,cc-by,1
Rhaphidophora australasica,548193,402015960,https://www.inaturalist.org/observations/402015960,research,2026-09-20,"Daintree National Park, Cow Bay, QLD, AU",False,-16.2406413882,145.4334599358,elliotcondous,,cc-by-nc,3
Rhaphidophora australasica,548193,401777809,https://www.inaturalist.org/observations/401777809,needs_id,2026-09-20,"Lake Barrine QLD 4884, Australia",False,-17.2458361111,145.6462694444,rvraders,Rene,cc-by-nc,3
Rhaphidophora australasica,548193,399807292,https://www.inaturalist.org/observations/399807292,needs_id,2026-08-03,"Daintree National Park, Cow Bay, QLD, AU",False,-16.2390883333,145.4347533333,tashmarksthespot,Tash,cc-by-nc,2
Rhaphidophora australasica,548193,399512390,https://www.inaturalist.org/observations/399512390,needs_id,2026-08-28,"Cape Tribulation QLD 4873, Australia",False,-16.1385207997,145.4405189,bbiocons,Mark C,cc-by-nc,1
Rhaphidophora australasica,548193,398255635,https://www.inaturalist.org/observations/398255635,research,2026-09-08,Cow Bay,False,-16.2405414581,145.4333648682,coxc,Claire Cox,cc-by-nc,1
Rhaphidophora australasica,548193,397481618,https://www.inaturalist.org/observations/397481618,needs_id,2026-08-18,"Cow Bay QLD 4873, Australia",False,-16.2390083333,145.4291133333,emiliovalbuena,Emilio Valbuena-Ureña,,2
Rhaphidophora australasica,548193,397122872,https://www.inaturalist.org/observations/397122872,needs_id,2026-09-04,"Cape Tribulation, QLD, AU",False,-16.1392166667,145.4394533333,kultasiipi,,cc-by-nc,1
Rhaphidophora australasica,548193,397122455,https://www.inaturalist.org/observations/397122455,research,2026-09-04,"Cape Tribulation, QLD, AU",False,-16.1387305,145.4398633333,kultasiipi,,cc-by-nc,1
Rhaphidophora australasica,548193,397106187,https://www.inaturalist.org/observations/397106187,needs_id,2026-09-04,"Douglas, AU-QL, AU",False,-16.4718208313,145.3271636963,coxc,Claire Cox,cc-by-nc,1
Rhaphidophora australasica,548193,395220381,https://www.inaturalist.org/observations/395220381,research,2026-08-20,"Madja Boardwalk, LOT 10 Cape Tribulation Rd, Cape Tribulation QLD 4873, Australia",False,-16.138022,145.4404657,vbjanos,János Vörösbaranyi,cc-by-nc,2
Rhaphidophora australasica,548193,394896033,https://www.inaturalist.org/observations/394896033,needs_id,2026-08-27,"Daintree, AU-QL-DG, AU-QL, AU",False,-16.13872497,145.43985953,woody832,,cc-by-nc,4
Rhaphidophora australasica,548193,394369651,https://www.inaturalist.org/observations/394369651,research,2026-08-25,"Daintree, AU-QL-DG, AU-QL, AU",False,-16.47083773,145.33018886,charolais,,cc-by-nc,3
Rhaphidophora australasica,548193,394358005,https://www.inaturalist.org/observations/394358005,research,2026-08-25,"Daintree, AU-QL-DG, AU-QL, AU",False,-16.46981874,145.32877532,charolais,,cc-by-nc,3
Rhaphidophora australasica,548193,391081516,https://www.inaturalist.org/observations/391081516,needs_id,2026-08-13,"Syndicate, QLD, AU",False,-16.4698466667,145.3288266667,sh0nf0x,Sean,,1
Rhaphidophora australasica,548193,390847853,https://www.inaturalist.org/observations/390847853,research,2026-08-13,"Syndicate, QLD, AU",False,-16.4708633333,145.32428,sh0nf0x,Sean,,1
Rhaphidophora australasica,548193,390512445,https://www.inaturalist.org/observations/390512445,research,2026-08-11,"Bruce Hwy, Waugh Pocket, QLD, AU",False,-17.4310916667,145.9229133333,ryanthughes,,cc-by-nc,3
Rhaphidophora australasica,548193,389965325,https://www.inaturalist.org/observations/389965325,needs_id,2026-08-09,"Cow Bay, QLD, AU",False,-16.24004,145.4334566667,sh0nf0x,Sean,,1
Rhaphidophora australasica,548193,388692916,https://www.inaturalist.org/observations/388692916,needs_id,2026-08-03,"Daintree National Park, Diwan, QLD, AU",False,-16.2074583258,145.429305,jakehedge,,cc-by-nc,3
Rhaphidophora australasica,548193,388419610,https://www.inaturalist.org/observations/388419610,needs_id,2026-08-03,"Daintree National Park, Cow Bay, QLD, AU",False,-16.2392249993,145.43338,jakehedge,,cc-by-nc,4
Rhaphidophora australasica,548193,386194385,https://www.inaturalist.org/observations/386194385,research,2026-07-29,"Cape Tribulation QLD 4873, Australia",False,-16.1391124947,145.4002158344,curleycurlew,Jonathan Curley,cc-by,1
Rhaphidophora australasica,548193,385362266,https://www.inaturalist.org/observations/385362266,needs_id,2026-07-11,"Mossman Gorge QLD 4873, Australia",False,-16.4746128353,145.3507163376,mistymyers,Misty Myers,cc-by-nc,1
Rhaphidophora australasica,548193,381848533,https://www.inaturalist.org/observations/381848533,needs_id,2026-07-06,"Gwinjaya, Distrik Bonggo Timur, Kabupaten Sarmi, Papua, Indonesia",False,-2.3384514,139.6401083,referiqbal,Refer Iqbal,cc-by-nc,1
Rhaphidophora australasica,548193,380504829,https://www.inaturalist.org/observations/380504829,research,2026-07-07,"Cape Tribulation, QLD, AU",False,-16.1388445,145.4397133333,iandickie,Ian Dickie,cc-by,2
Rhaphidophora australasica,548193,380195360,https://www.inaturalist.org/observations/380195360,needs_id,2026-07-11,"Syndicate, QLD, AU",False,-16.4745716667,145.334305,aeithalis,Linus Brinker,cc-by-nc,1
Rhaphidophora australasica,548193,380195281,https://www.inaturalist.org/observations/380195281,needs_id,2026-07-11,"Mossman Gorge Rd, Syndicate, QLD, AU",False,-16.4737833333,145.332445,aeithalis,Linus Brinker,cc-by-nc,1
Rhaphidophora australasica,548193,379178307,https://www.inaturalist.org/observations/379178307,needs_id,2026-07-07,"Girringun National Park, Wallaman, QLD, AU",False,-18.5896916667,145.8024,ryanthughes,,cc-by-nc,4
Rhaphidophora australasica,548193,377912345,https://www.inaturalist.org/observations/377912345,research,2026-07-04,"Tulip Oak Rd, Cow Bay, QLD, AU",False,-16.2382766757,145.427257851,oznikkels,,cc-by-nc,1
Rhaphidophora australasica,548193,375532181,https://www.inaturalist.org/observations/375532181,needs_id,2026-06-09,"Kabupaten Mimika, Papua Tengah, Indonesia",False,-4.542675,136.8065944444,referiqbal,Refer Iqbal,cc-by-nc,1
Rhaphidophora australasica,548193,375525117,https://www.inaturalist.org/observations/375525117,needs_id,2026-06-09,"Kabupaten Mimika, Papua Tengah, Indonesia",False,-4.5427166667,136.8065194444,referiqbal,Refer Iqbal,cc-by-nc,1
Rhaphidophora australasica,548193,373466586,https://www.inaturalist.org/observations/373466586,research,2026-06-16,"Wooroonooran QLD 4860, Australia",False,-17.3628388889,145.7556,rvraders,Rene,cc-by-nc,3
Rhaphidophora australasica,548193,373444390,https://www.inaturalist.org/observations/373444390,needs_id,2026-06-01,"Kabupaten Mimika, Papua Tengah, Indonesia",False,-4.5562972222,136.7743527778,referiqbal,Refer Iqbal,cc-by-nc,1
Rhaphidophora australasica,548193,368901445,https://www.inaturalist.org/observations/368901445,research,2016-08-17,"Cow Bay QLD 4873, Australia",False,-16.238226785,145.4308807814,poppyde,Bill de Belin,cc-by-nc-nd,1
Rhaphidophora australasica,548193,368623475,https://www.inaturalist.org/observations/368623475,research,2016-08-17,"Cow Bay QLD 4873, Australia",False,-16.2384018992,145.4311168164,poppyde,Bill de Belin,cc-by-nc-nd,1
Rhaphidophora australasica,548193,358936606,https://www.inaturalist.org/observations/358936606,research,2026-01-30,"Cape Tribulation QLD 4873, Australia",False,-16.138804,145.4397639722,stefmatis,,cc-by-nc,1
Rhaphidophora australasica,548193,354417035,https://www.inaturalist.org/observations/354417035,needs_id,2026-04-26,"Visayan Village, Tagum, Davao del Norte, Philippines",False,7.4343906485,125.8143675327,youth-ysp_krisha,Krisha Veronica Canales,cc-by-nc,1
Rhaphidophora australasica,548193,349492942,https://www.inaturalist.org/observations/349492942,needs_id,2026-04-13,"Nandroya Falls Cct, Wooroonooran, QLD, AU",False,-17.5976383333,145.7559966667,restlessrook,,cc-by-nc,1
Rhaphidophora australasica,548193,342378942,https://www.inaturalist.org/observations/342378942,research,2026-02-23,"Cape Tribulation QLD 4873, Australia",False,-16.1388805556,145.4400277778,zakjurdan,,cc-by-nc,5
Rhaphidophora australasica,548193,340553264,https://www.inaturalist.org/observations/340553264,needs_id,2026-02-23,"Daintree National Park - Cape York Peninsula Aboriginal Land, Cow Bay, QLD, AU",False,-16.2415770125,145.416781056,martin38432,Martin Krueger,cc-by-nc,7
Rhaphidophora australasica,548193,340549926,https://www.inaturalist.org/observations/340549926,research,2026-02-23,"Daintree National Park - Cape York Peninsula Aboriginal Land, Cape Tribulation, QLD, AU",False,-16.1379783582,145.4404280841,laylasilva4,Layla Silva,cc-by-nc,5
Rhaphidophora australasica,548193,340533836,https://www.inaturalist.org/observations/340533836,research,2026-02-23,"Cape Tribulation, QLD, AU",False,-16.1394221667,145.4393783333,josiesylow,Josephine (Josie) Low,,5
Rhaphidophora australasica,548193,339964224,https://www.inaturalist.org/observations/339964224,research,2026-01-28,"Syndicate QLD 4873, Australia",False,-16.471772,145.3308949722,stefmatis,,cc-by-nc,2
Rhaphidophora australasica,548193,339964136,https://www.inaturalist.org/observations/339964136,research,2026-01-28,"Syndicate QLD 4873, Australia",False,-16.471772,145.3308949722,stefmatis,,cc-by-nc,1
Rhaphidophora australasica,548193,339480905,https://www.inaturalist.org/observations/339480905,research,2026-01-28,"Syndicate QLD 4873, Australia",False,-16.47022,145.330015,stefmatis,,cc-by-nc,2
Rhaphidophora australasica,548193,338987167,https://www.inaturalist.org/observations/338987167,research,2019-07-11,"Barron Gorge National Park, Wrights Lookout Rd, Kuranda QLD 4881, Australia",False,-16.8420078,145.6411703,anuralitoria,,cc-by-nc,1
Rhaphidophora australasica,548193,337722309,https://www.inaturalist.org/observations/337722309,research,2019-11-24,"Cape Tribulation QLD 4873, Australia",False,-16.1387194444,145.4396527778,shromekian,,cc-by-nc,1
Rhaphidophora australasica,548193,337695171,https://www.inaturalist.org/observations/337695171,research,2026-01-10,"Cape Tribulation QLD 4873, Australia",False,-16.1384656053,145.4401409367,quirino,,cc-by,1
Rhaphidophora australasica,548193,336339639,https://www.inaturalist.org/observations/336339639,needs_id,2026-01-22,"Millaa Millaa QLD 4886, Australia",False,-17.4954805556,145.6107638889,ethanbeaver,Ethan Beaver,cc-by-nc,3
Rhaphidophora australasica,548193,330690676,https://www.inaturalist.org/observations/330690676,research,2025-11-17,"Bartle Frere Trail, Wooroonooran, QLD, AU",False,-17.379095,145.7638383333,douch,James K. Douch,cc-by-sa,1
Rhaphidophora australasica,548193,330595838,https://www.inaturalist.org/observations/330595838,needs_id,2025-06-19,"Thornton Beach QLD 4873, Australia",False,-16.1427583333,145.4295166667,chris16887,Chris,cc-by-nc,2
Rhaphidophora australasica,548193,329822019,https://www.inaturalist.org/observations/329822019,needs_id,2025-11-11,"Cape Tribulation Rd, Cape Tribulation, QLD, AU",False,-16.1390721667,145.43083,douch,James K. Douch,cc-by-sa,1
Rhaphidophora australasica,548193,329043650,https://www.inaturalist.org/observations/329043650,needs_id,2025-11-25,"Daintree National Park - Cape York Peninsula Aboriginal Land, Cape Tribulation, QLD, AU",False,-16.1387778333,145.4398633333,garryfletcher,Garry Fletcher,cc-by-nc,1
Rhaphidophora australasica,548193,329041059,https://www.inaturalist.org/observations/329041059,needs_id,2025-11-25,"Daintree National Park - Cape York Peninsula Aboriginal Land, Syndicate, QLD, AU",False,-16.4704366667,145.330095,garryfletcher,Garry Fletcher,cc-by-nc,2
Rhaphidophora australasica,548193,327561890,https://www.inaturalist.org/observations/327561890,needs_id,2025-11-08,"Wooroonooran National Park, Wooroonooran, QLD, AU",False,-17.60723,145.8032833333,sdjbrown,Samuel Brown,cc0,4
Rhaphidophora australasica,548193,325433578,https://www.inaturalist.org/observations/325433578,needs_id,2024-08-03,"Koombooloomba QLD 4872, Australia",False,-17.7772137029,145.5574131503,gwarn2526,Geoff Warn,cc-by-nc,1
Rhaphidophora australasica,548193,316252403,https://www.inaturalist.org/observations/316252403,needs_id,2025-07-12,"Wooroonooran National Park, Wooroonooran, QLD, AU",False,-17.58987,145.7602216667,onetapir,Ciaran Ernst-Russell,cc-by-nc,2
Rhaphidophora australasica,548193,313496927,https://www.inaturalist.org/observations/313496927,needs_id,2025-09-10,"Cape Tribulation QLD 4873, Australia",False,-16.138619738,145.4399101809,lukemcooo,Luke Cooper,cc-by-nc,1
Rhaphidophora australasica,548193,313490770,https://www.inaturalist.org/observations/313490770,research,2025-09-13,"Red Peak Station, National Park, Barron Gorge, Smithfield QLD 4878, Australia",False,-16.84941282,145.66927118,john_glover_au,John Glover,,2
Rhaphidophora australasica,548193,313454362,https://www.inaturalist.org/observations/313454362,needs_id,2025-09-09,"Daintree QLD 4873, Australia",False,-16.2515364383,145.3177503124,lukemcooo,Luke Cooper,cc-by-nc,1
Rhaphidophora australasica,548193,312897161,https://www.inaturalist.org/observations/312897161,needs_id,2025-09-05,"Daintree National Park - Cape York Peninsula Aboriginal Land, Cape Tribulation, QLD, AU",False,-16.1386666667,145.440155,hgutknecht,Heidi Gutknecht,,1
Rhaphidophora australasica,548193,312580492,https://www.inaturalist.org/observations/312580492,needs_id,2025-07-10,"Daintree National Park, Syndicate, QLD, AU",False,-16.470495,145.3244033333,onetapir,Ciaran Ernst-Russell,cc-by-nc,2
Rhaphidophora australasica,548193,311808598,https://www.inaturalist.org/observations/311808598,needs_id,2023-08-16,"Shannonvale QLD 4873, Australia",False,-16.4708790797,145.3283271178,marleyi,Marley Ford,cc-by-nc-sa,2
Rhaphidophora australasica,548193,306795586,https://www.inaturalist.org/observations/306795586,research,2025-06-15,"Barron Gorge National Park, Barron Gorge, QLD, AU",False,-16.8495133333,145.6692633333,liam_pentangelo,Liam Pentangelo,cc-by-nc,2
Rhaphidophora australasica,548193,306428630,https://www.inaturalist.org/observations/306428630,research,2025-08-15,"Gadgarra QLD 4884, Australia",False,-17.2208194444,145.7155444444,rvraders,Rene,cc-by-nc,2
Rhaphidophora australasica,548193,306375520,https://www.inaturalist.org/observations/306375520,needs_id,2025-08-14,"Cape Tribulation, QLD, AU",False,-16.1387611667,145.4397716667,eustreptospondylus,eustreptospondylus,cc-by-nc,2
Rhaphidophora australasica,548193,304895259,https://www.inaturalist.org/observations/304895259,needs_id,2025-08-09,"Tulip Oak Rd, Cow Bay, QLD, AU",False,-16.2380966667,145.427995,tamaelia,,cc-by-nc,1
Rhaphidophora australasica,548193,304416811,https://www.inaturalist.org/observations/304416811,needs_id,2025-08-07,"Daintree, AU-QL-DG, AU-QL, AU",False,-16.1387388333,145.4399116667,regnans,Sue Tardif,cc-by-nc,2
Rhaphidophora australasica,548193,303470968,https://www.inaturalist.org/observations/303470968,needs_id,2025-07-28,"Cape Tribulation, QLD, AU",False,-16.1387278333,145.4398333333,stefaniagoodrich,Stefania Goodrich,,1
Rhaphidophora australasica,548193,300108032,https://www.inaturalist.org/observations/300108032,needs_id,2025-07-16,"Daintree, AU-QL-DG, AU-QL, AU",False,-16.1387446987,145.4398756474,florasight,B &amp; M McCallum,cc-by-nc,2
Rhaphidophora australasica,548193,300047239,https://www.inaturalist.org/observations/300047239,needs_id,2025-07-22,"Babinda QLD 4861, Australia",False,-17.3424991997,145.8719488,lizsnow,Liz Snow,cc-by-nc,1
Rhaphidophora australasica,548193,298086205,https://www.inaturalist.org/observations/298086205,needs_id,2025-07-15,"Cape Tribulation QLD, Australia",False,-16.0996570556,145.4597930833,lizsnow,Liz Snow,cc-by-nc,2
Rhaphidophora australasica,548193,298081696,https://www.inaturalist.org/observations/298081696,needs_id,2025-07-15,"Daintree, AU-QL-DG, AU-QL, AU",False,-16.1387713997,145.4399229997,stevecsurhes,Stephen Csurhes,cc-by-nc,3
Rhaphidophora australasica,548193,296133444,https://www.inaturalist.org/observations/296133444,research,2025-06-30,"Cow Bay QLD, Australia",False,-16.2382055556,145.4272,ethanbeaver,Ethan Beaver,cc-by-nc,1
Rhaphidophora australasica,548193,296133438,https://www.inaturalist.org/observations/296133438,needs_id,2025-06-30,"Cow Bay QLD, Australia",False,-16.2381833333,145.4272305556,ethanbeaver,Ethan Beaver,cc-by-nc,1
Rhaphidophora australasica,548193,296133437,https://www.inaturalist.org/observations/296133437,needs_id,2025-06-30,"Cow Bay QLD, Australia",False,-16.2381083333,145.4279638889,ethanbeaver,Ethan Beaver,cc-by-nc,1
Rhaphidophora australasica,548193,296127678,https://www.inaturalist.org/observations/296127678,needs_id,2025-06-27,"Cow Bay QLD, Australia",False,-16.22495,145.4373472222,ethanbeaver,Ethan Beaver,cc-by-nc,1
Rhaphidophora australasica,548193,296127643,https://www.inaturalist.org/observations/296127643,needs_id,2025-06-27,"Cape Tribulation QLD, Australia",False,-16.1390972222,145.4395611111,ethanbeaver,Ethan Beaver,cc-by-nc,2
Rhaphidophora australasica,548193,296127642,https://www.inaturalist.org/observations/296127642,needs_id,2025-06-27,"Cape Tribulation QLD, Australia",False,-16.1390972222,145.4395611111,ethanbeaver,Ethan Beaver,cc-by-nc,1
Rhaphidophora australasica,548193,296127638,https://www.inaturalist.org/observations/296127638,needs_id,2025-06-27,"Cape Tribulation QLD, Australia",False,-16.1387055556,145.4397138889,ethanbeaver,Ethan Beaver,cc-by-nc,1
Rhaphidophora australasica,548193,293335867,https://www.inaturalist.org/observations/293335867,needs_id,2025-06-26,"Mossman Gorge Rd, Syndicate, QLD, AU",False,-16.4748833333,145.3355416667,ethanbeaver,Ethan Beaver,cc-by-nc,1
Rhaphidophora australasica,548193,292843121,https://www.inaturalist.org/observations/292843121,needs_id,2025-06-25,"Daintree, AU-QL-DG, AU-QL, AU",False,-16.4698466667,145.3295133333,neilmarriott,,cc-by-nc,1
Rhaphidophora australasica,548193,288611921,https://www.inaturalist.org/observations/288611921,research,2025-06-09,"Douglas, AU-QL, AU",False,-16.1437475678,145.43168284,banyalla,,cc-by-nc,2
Rhaphidophora australasica,548193,278570439,https://www.inaturalist.org/observations/278570439,needs_id,2024-08-12,"Cape Tribulation QLD, Australia",False,-16.1386805556,145.4385083333,a1virginia,Virginia,,1
Rhaphidophora australasica,548193,278272018,https://www.inaturalist.org/observations/278272018,needs_id,2024-06-27,"Syndicate QLD 4873, Australia",False,-16.4704094,145.3246806997,darren_fielder,Darren Fielder,cc-by-nc,4
Rhaphidophora australasica,548193,278237822,https://www.inaturalist.org/observations/278237822,needs_id,2024-10-15,Madja Boardwalk,False,-16.1380219871,145.4404653981,robynthomas,,,1
Rhaphidophora australasica,548193,275640731,https://www.inaturalist.org/observations/275640731,needs_id,2024-10-15,"Cow Bay QLD, Australia",False,-16.2379948325,145.4270553589,robynthomas,,,1
Rhaphidophora australasica,548193,272910987,https://www.inaturalist.org/observations/272910987,needs_id,2024-06-23,"Babinda QLD 4861, Australia",False,-17.344338,145.8726411,darren_fielder,Darren Fielder,cc-by-nc,4
Rhaphidophora australasica,548193,272734769,https://www.inaturalist.org/observations/272734769,needs_id,2024-08-11,"Cape Tribulation QLD, Australia",False,-16.1386583333,145.4399416667,a1virginia,Virginia,,1
Rhaphidophora australasica,548193,271160243,https://www.inaturalist.org/observations/271160243,research,2025-04-08,"Wooroonooran QLD 4860, Australia",False,-17.6096730162,145.7983373644,chocolatelily90,Melissa Allen,cc-by-nc,2
Rhaphidophora australasica,548193,270926227,https://www.inaturalist.org/observations/270926227,research,2025-04-10,"Wooroonooran National Park, Wooroonooran, QLD, AU",False,-17.6066033333,145.7777866667,calebcatto,Caleb Catto,cc-by,2
Rhaphidophora australasica,548193,270925427,https://www.inaturalist.org/observations/270925427,needs_id,2025-04-10,"Wooroonooran National Park, Wooroonooran, QLD, AU",False,-17.6043866667,145.7775283333,calebcatto,Caleb Catto,cc-by,2
Rhaphidophora australasica,548193,270924650,https://www.inaturalist.org/observations/270924650,research,2025-04-10,"Wooroonooran National Park, Wooroonooran, QLD, AU",False,-17.6040466667,145.7774666667,calebcatto,Caleb Catto,cc-by,2
Rhaphidophora australasica,548193,270913353,https://www.inaturalist.org/observations/270913353,needs_id,2025-04-11,"Daintree National Park - Cape York Peninsula Aboriginal Land, Syndicate, QLD, AU",False,-16.471795,145.3309333333,calebcatto,Caleb Catto,cc-by,2
Rhaphidophora australasica,548193,270911151,https://www.inaturalist.org/observations/270911151,needs_id,2025-04-11,"Daintree National Park - Cape York Peninsula Aboriginal Land, Syndicate, QLD, AU",False,-16.470495,145.330155,calebcatto,Caleb Catto,cc-by,2
Rhaphidophora australasica,548193,270396935,https://www.inaturalist.org/observations/270396935,needs_id,2025-04-03,"Mossman Gorge, Daintree NP, 澳洲昆士蘭 ",False,-16.4697861111,145.3287805556,pchi45,呂一起(Lyu yi-chi),cc-by,5
Rhaphidophora australasica,548193,270153034,https://www.inaturalist.org/observations/270153034,needs_id,2025-04-12,"Tulip Oak Rd, Cow Bay, QLD, AU",False,-16.23777,145.42827,chocolatelily90,Melissa Allen,cc-by-nc,4
Rhaphidophora australasica,548193,270116919,https://www.inaturalist.org/observations/270116919,needs_id,2025-04-11,"Daintree National Park - Cape York Peninsula Aboriginal Land, Syndicate, QLD, AU",False,-16.4679416667,145.3256533333,calebcatto,Caleb Catto,cc-by,2
Rhaphidophora australasica,548193,270107624,https://www.inaturalist.org/observations/270107624,needs_id,2025-04-11,"Daintree National Park - Cape York Peninsula Aboriginal Land, Cape Tribulation, QLD, AU",False,-16.1386971667,145.439925,calebcatto,Caleb Catto,cc-by,1
Rhaphidophora australasica,548193,270056319,https://www.inaturalist.org/observations/270056319,needs_id,2025-04-11,"Cow Bay QLD, Australia",False,-16.2378139238,145.4272820055,calebcatto,Caleb Catto,cc-by,2
Rhaphidophora australasica,548193,269934614,https://www.inaturalist.org/observations/269934614,needs_id,2025-04-03,"Mossman Gorge, Daintree NP, 澳洲昆士蘭 ",False,-16.4716111111,145.3306888889,pchi45,呂一起(Lyu yi-chi),cc-by,3
Rhaphidophora australasica,548193,269428443,https://www.inaturalist.org/observations/269428443,needs_id,2025-04-09,"Djiru National Park, Djiru, QLD, AU",False,-17.8520366667,146.063325,calebcatto,Caleb Catto,cc-by,2
Rhaphidophora australasica,548193,269252167,https://www.inaturalist.org/observations/269252167,needs_id,2025-04-08,"Forêt de Daintree, 2333 Cape Tribulation Rd, Cape Tribulation QLD 4873, Australie",False,-16.1700308,145.4184612,coconut-etiennus,Corinne THOMAS / Etienne VILLARET,cc-by-nc,1
Rhaphidophora australasica,548193,263970402,https://www.inaturalist.org/observations/263970402,needs_id,2025-02-15,"Cape Tribulation QLD, Australia",False,-16.1390312733,145.4410944427,pete_tarleton,Peter Tarleton,,1
Rhaphidophora australasica,548193,263244377,https://www.inaturalist.org/observations/263244377,needs_id,2025-02-26,"Daintree National Park - Cape York Peninsula Aboriginal Land, Cape Tribulation, QLD, AU",False,-16.1387666667,145.439895,sophie_colbert,,cc-by-nc,1
Rhaphidophora australasica,548193,260789443,https://www.inaturalist.org/observations/260789443,research,2025-02-05,"Wooroonooran National Park, Palmerston, QLD, AU",False,-17.595105,145.746095,ryanthughes,,cc-by-nc,1
Rhaphidophora australasica,548193,258506973,https://www.inaturalist.org/observations/258506973,needs_id,2025-01-14,"Daintree National Park - Cape York Peninsula Aboriginal Land, Cape Tribulation, QLD, AU",False,-16.1387388333,145.4398333333,justingarwood,Justin Garwood,cc-by-nc,1
Rhaphidophora australasica,548193,254958667,https://www.inaturalist.org/observations/254958667,needs_id,2024-12-02,"Daintree National Park, Cape Tribulation, QLD, AU",False,-16.1382805,145.4397133333,nephthytis,Michael,cc-by-nc,1
Rhaphidophora australasica,548193,249975532,https://www.inaturalist.org/observations/249975532,needs_id,2024-10-31,"Daintree, AU-QL-DG, AU-QL, AU",False,-16.13864574,145.43847437,andrew2285,,cc0,1
Rhaphidophora australasica,548193,249974390,https://www.inaturalist.org/observations/249974390,needs_id,2024-07-18,"Cape Tribulation QLD, Australia",False,-16.1398770831,145.4382233733,gillbsydney,,cc-by-nc,1
Rhaphidophora australasica,548193,245884618,https://www.inaturalist.org/observations/245884618,research,2024-10-06,"Kuranda National Park - CYPAL, MacAlister Range, QLD, AU",False,-16.8187,145.665025,ryanthughes,,cc-by-nc,4
Rhaphidophora australasica,548193,245305558,https://www.inaturalist.org/observations/245305558,research,2024-08-23,"Cow Bay QLD, Australia",False,-16.2383842679,145.4285617195,baronsamedi,baronsamedi,cc-by-sa,1
Rhaphidophora australasica,548193,231117439,https://www.inaturalist.org/observations/231117439,research,2024-07-23,"Daintree, AU-QL-DG, AU-QL, AU",False,-16.1387289935,145.4398856403,maryannirvin,Mary Ann Irvin,cc-by-nc,2
Rhaphidophora australasica,548193,228945431,https://www.inaturalist.org/observations/228945431,research,2024-06-23,"Lamb Range QLD 4870, Australia",False,-16.9658133997,145.6741526,darren_fielder,Darren Fielder,cc-by-nc,4
Rhaphidophora australasica,548193,225287558,https://www.inaturalist.org/observations/225287558,research,2024-06-19,"Barron Gorge National Park, Barron Gorge, QLD, AU",False,-16.8495216667,145.6695116667,dbarber,Deborah E Barber,cc-by-nc,2
Rhaphidophora australasica,548193,218922559,https://www.inaturalist.org/observations/218922559,needs_id,2024-05-23,"Daintree National Park, Cape Tribulation, QLD, AU",False,-16.1385945,145.4385216667,leptonia,Christian Schwarz,cc-by-nc,1
Rhaphidophora australasica,548193,208441578,https://www.inaturalist.org/observations/208441578,research,2024-04-20,"Lamb Range QLD 4870, Australia",False,-16.9752792694,145.70306865,themoojuice,Dr Spood dude,,3
Rhaphidophora australasica,548193,208074575,https://www.inaturalist.org/observations/208074575,research,2024-04-13,"Cow Bay QLD 4873, Australia",False,-16.2384123382,145.4321897775,dan_rye,Dan,,2
Rhaphidophora australasica,548193,205145791,https://www.inaturalist.org/observations/205145791,research,2024-04-02,"Wooroonooran QLD 4860, Australia",False,-17.60695,145.77777,junglenut,Steve Fitzgerald,cc-by-sa,5
Rhaphidophora australasica,548193,199503780,https://www.inaturalist.org/observations/199503780,research,2023-12-02,"Kuranda QLD 4881, Australia",False,-16.8369,145.6425,russellcumming,Russell Cumming,cc-by-nc,2
Rhaphidophora australasica,548193,197285517,https://www.inaturalist.org/observations/197285517,research,2023-11-25,"Kuranda QLD 4881, Australia",False,-16.8569,145.6419,russellcumming,Russell Cumming,cc-by-nc,3
Rhaphidophora australasica,548193,196313210,https://www.inaturalist.org/observations/196313210,needs_id,2024-01-09,"Eacham, Wooroonooran, AU-QL, AU",False,-17.38822116,145.75835304,loidos,Lloyd O'Hanlon,cc-by-nc,2
Rhaphidophora australasica,548193,196304741,https://www.inaturalist.org/observations/196304741,research,2023-11-22,"Lamb Range QLD 4870, Australia",False,-16.965,145.6725,russellcumming,Russell Cumming,cc-by-nc,7
Rhaphidophora australasica,548193,192204624,https://www.inaturalist.org/observations/192204624,research,2023-10-18,"Lamb Range QLD 4870, Australia",False,-16.9658,145.6733,russellcumming,Russell Cumming,cc-by-nc,4
Rhaphidophora australasica,548193,190776120,https://www.inaturalist.org/observations/190776120,research,2023-11-12,Candlenut,False,-16.1803799296,145.4091599614,squiresk,Kai Squires,cc-by,2
Rhaphidophora australasica,548193,187505897,https://www.inaturalist.org/observations/187505897,needs_id,2023-08-05,"Cap Tribulation Queensland 4873, Australie",False,-16.1393017073,145.4395031247,donalddavesne,Donald Davesne,cc-by,1
Rhaphidophora australasica,548193,187505881,https://www.inaturalist.org/observations/187505881,needs_id,2023-08-05,"Cow Bay QLD 4873, Australie",False,-16.2394095941,145.4333973941,donalddavesne,Donald Davesne,cc-by,2
Rhaphidophora australasica,548193,186392285,https://www.inaturalist.org/observations/186392285,research,2023-08-03,"Syndicate QLD 4873, Australie",False,-16.4697810997,145.3287789,donalddavesne,Donald Davesne,cc-by,1
Rhaphidophora australasica,548193,185706623,https://www.inaturalist.org/observations/185706623,research,2023-09-13,"Little Mulgrave QLD 4865, Australia",False,-17.1108066667,145.704225,bean_ar,Tony Bean,cc-by-nc,2
Rhaphidophora australasica,548193,184237097,https://www.inaturalist.org/observations/184237097,needs_id,2023-09-13,"Cow Bay QLD 4873, Australia",False,-16.2377643509,145.4276585206,oscar_dove,Oscar Dove,cc-by,2
Rhaphidophora australasica,548193,180077799,https://www.inaturalist.org/observations/180077799,research,2023-08-21,"Syndicate QLD 4873, Australia",False,-16.4691603517,145.3265735083,rlawrenz,Rolf Lawrenz,cc-by,2
Rhaphidophora australasica,548193,174764110,https://www.inaturalist.org/observations/174764110,research,2023-07-16,"Barron Gorge National Park, Barron Gorge, QLD, AU",False,-16.849345,145.6698,ash2016,Ashwin Srinivasan,cc-by,1
Rhaphidophora australasica,548193,173894951,https://www.inaturalist.org/observations/173894951,research,2023-07-14,"Daintree National Park, Syndicate, QLD, AU",False,-16.46995,145.32985,ash2016,Ashwin Srinivasan,cc-by,1
Rhaphidophora australasica,548193,172328543,https://www.inaturalist.org/observations/172328543,research,2023-07-11,"Daintree National Park, Syndicate, QLD, AU",False,-16.4704535993,145.3300483247,polyscias099,,cc-by-nc,1
Rhaphidophora australasica,548193,166372869,https://www.inaturalist.org/observations/166372869,research,2022-12-15,"Cow Bay QLD 4873, Australia",False,-16.2374933,145.4338348997,youngnaturalist_au,Dr Fiona H.L. Benyon,cc-by-nc,2
Rhaphidophora australasica,548193,165846539,https://www.inaturalist.org/observations/165846539,research,2022-12-14,"Cape Tribulation QLD 4873, Australia",False,-16.1388132997,145.4398999997,youngnaturalist_au,Dr Fiona H.L. Benyon,cc-by-nc,2
Rhaphidophora australasica,548193,165103838,https://www.inaturalist.org/observations/165103838,needs_id,2023-05-23,"Douglas Track, Barron Gorge NP, Queensland",False,-16.875031,145.6662290001,thebeachcomber,Thomas Mesaglio,cc-by,6
Rhaphidophora australasica,548193,164583099,https://www.inaturalist.org/observations/164583099,research,2023-05-25,"Madja Boardwalk, Daintree NP, Queensland",False,-16.138727,145.439941,thebeachcomber,Thomas Mesaglio,cc-by,3
Rhaphidophora australasica,548193,163139308,https://www.inaturalist.org/observations/163139308,research,2023-04-03,"Kuranda Queensland 4881, Australien",False,-16.8011383097,145.6370357196,thephoxinus,,cc-by-nc,1
Rhaphidophora australasica,548193,159797912,https://www.inaturalist.org/observations/159797912,research,2023-05-05,"Kuranda QLD 4881, Australia",False,-16.8364831769,145.6428943252,paluma,Graham Bell,cc-by-nc,2
Rhaphidophora australasica,548193,158539078,https://www.inaturalist.org/observations/158539078,needs_id,2023-05-01,"Wooroonooran QLD 4860, Australia",False,-17.6065001946,145.7766403261,gumnut,Alan Melville,cc-by-nc-nd,1
Rhaphidophora australasica,548193,157312257,https://www.inaturalist.org/observations/157312257,research,2023-04-26,"Cape Tribulation QLD 4873, Australia",False,-16.1386845,145.4398865997,alanek,Alan Pieluszynski,cc-by-nc,1
Rhaphidophora australasica,548193,151184132,https://www.inaturalist.org/observations/151184132,research,2011-06-12,"Syndicate QLD 4873, Australia",False,-16.4697,145.3286,russellcumming,Russell Cumming,cc-by-nc,1
Rhaphidophora australasica,548193,151166742,https://www.inaturalist.org/observations/151166742,research,2011-06-12,"Syndicate QLD 4873, Australia",False,-16.4716,145.3311,russellcumming,Russell Cumming,cc-by-nc,1
Rhaphidophora australasica,548193,149795408,https://www.inaturalist.org/observations/149795408,research,2022-10-17,"Cape Tribulation QLD 4873, Australia",False,-16.1387361111,145.4398944444,suecar,Sue Carnahan,cc-by,3
Rhaphidophora australasica,548193,144326388,https://www.inaturalist.org/observations/144326388,research,2022-12-07,"Cape Tribulation QLD 4873, Australia",False,-16.0998642937,145.4552789032,zoologistmitch,Christopher Mitchell,cc-by-nc,1
Rhaphidophora australasica,548193,144199227,https://www.inaturalist.org/observations/144199227,research,2022-12-07,"Cape Tribulation, QLD, AU",False,-16.1020971667,145.44867,lorenzobertola,Lorenzo Bertola,,1
Rhaphidophora australasica,548193,142161491,https://www.inaturalist.org/observations/142161491,research,2022-06-06,"Daintree, AU-QL-DG, AU-QL, AU",False,-16.23970825,145.43326393,johnbutler1,John Butler,,2
Rhaphidophora australasica,548193,141890776,https://www.inaturalist.org/observations/141890776,research,2022-09-19,"Wooroonooran QLD 4860, Australia",False,-17.6038,145.7772,russellcumming,Russell Cumming,cc-by-nc,4
Rhaphidophora australasica,548193,139387801,https://www.inaturalist.org/observations/139387801,research,2022-10-05,"Wooroonooran QLD 4860, Australia",False,-17.3595477561,145.7532146627,gregtasney,Greg Tasney,cc-by-sa,2
Rhaphidophora australasica,548193,137342596,https://www.inaturalist.org/observations/137342596,research,2022-07-07,"Cape Tribulation QLD 4873, Australia",False,-16.1386833333,145.4397883333,arthur_chapman,Arthur Chapman,cc-by-nc-sa,1
Rhaphidophora australasica,548193,137111304,https://www.inaturalist.org/observations/137111304,research,2022-09-30,"Cape Tribulation QLD 4873, Australia",False,-16.1019111111,145.4496972222,tperrett,Thomas Perrett,,4
Rhaphidophora australasica,548193,135339187,https://www.inaturalist.org/observations/135339187,research,2022-09-17,"Cape Tribulation Rd, Cow Bay, QLD, AU",False,-16.2375117063,145.4251989266,suzanne_lennox,Suzanne Lennox,cc-by-nc,3
Rhaphidophora australasica,548193,123643756,https://www.inaturalist.org/observations/123643756,research,2022-06-24,"Syndicate QLD 4873, Australia",False,-16.4699194444,145.3289194444,srsbb,SBERRY,cc-by-nc,4
Rhaphidophora australasica,548193,107684650,https://www.inaturalist.org/observations/107684650,needs_id,2022-03-01,"Daintree, AU-QL-DG, AU-QL, AU",False,-16.4678946342,145.3250470918,jpike,J Pike,,1
Rhaphidophora australasica,548193,107684629,https://www.inaturalist.org/observations/107684629,research,2022-03-01,"Douglas, AU-QL, AU",False,-16.4724094,145.3480516,jpike,J Pike,,1
Rhaphidophora australasica,548193,106905959,https://www.inaturalist.org/observations/106905959,research,2022-02-17,"Barron Falls Rd, Kuranda, QLD, AU",False,-16.825275,145.634475,ryanthughes,,cc-by-nc,4
Rhaphidophora australasica,548193,104445311,https://www.inaturalist.org/observations/104445311,research,2021-12-30,"Syndicate QLD 4873, Australia",False,-16.4690735238,145.3288079897,dj_maple,Dion Maple,cc-by-nc,1
Rhaphidophora australasica,548193,99949939,https://www.inaturalist.org/observations/99949939,research,2021-10-23,"Cow Bay QLD 4873, Australia",False,-16.2383373353,145.432693027,twan3253,Tim,cc-by,4
Rhaphidophora australasica,548193,96033490,https://www.inaturalist.org/observations/96033490,research,2021-09-23,"Mareeba, AU-QL, AU",False,-16.8659077473,145.6144395098,jpitcher,,cc-by-nc,4
Rhaphidophora australasica,548193,95248059,https://www.inaturalist.org/observations/95248059,research,2021-09-18,"Kuranda QLD 4881, Australia",False,-16.8294819068,145.6391177854,paluma,Graham Bell,cc-by-nc,2
Rhaphidophora australasica,548193,91927531,https://www.inaturalist.org/observations/91927531,needs_id,2021-07-07,"Syndicate QLD 4873, Australia",False,-16.4698653379,145.3242811561,twan3253,Tim,cc-by,3
Rhaphidophora australasica,548193,74343751,https://www.inaturalist.org/observations/74343751,research,2021-04-18,"Diwan QLD 4873, Australia",False,-16.1907916944,145.4186101944,alpine_flora_of_australia,Casey,cc-by-nc,1
Rhaphidophora australasica,548193,69848393,https://www.inaturalist.org/observations/69848393,research,2014-11-22,"Wooroonooran QLD 4860, Australia",False,-17.6114571311,145.7977846647,sworboys,,cc-by-nc,1
Rhaphidophora australasica,548193,67447643,https://www.inaturalist.org/observations/67447643,research,2020-12-27,"The Boulders Road, Babinda, QLD, AU",False,-17.34224167,145.86978,lorenzobertola,Lorenzo Bertola,,3
Rhaphidophora australasica,548193,67395475,https://www.inaturalist.org/observations/67395475,research,2020-12-28,"Crater Lakes National Park, Lake Barrine, QLD, AU",False,-17.248345,145.64131167,lorenzobertola,Lorenzo Bertola,,3
Rhaphidophora australasica,548193,41156353,https://www.inaturalist.org/observations/41156353,research,2020-03-10,"Cape Tribulation QLD 4873, Australia",False,-16.1388305556,145.4399722222,damontighe,Damon Tighe,cc-by-nc,2
Rhaphidophora australasica,548193,41104891,https://www.inaturalist.org/observations/41104891,needs_id,2020-02-11,"Cow Bay QLD 4873, Australia",False,-16.2400007476,145.4333817149,brigithumphreys,,cc-by-nc,5
Rhaphidophora australasica,548193,35553077,https://www.inaturalist.org/observations/35553077,needs_id,2018-09-02,"Cape Tribulation QLD 4873, Australia",False,-16.1385333333,145.4397516667,bmac111,Bruce McLennan,cc-by-sa,1
Rhaphidophora australasica,548193,35525014,https://www.inaturalist.org/observations/35525014,needs_id,2019-11-10,"Eacham, AU-QL, AU",False,-17.4956283771,145.6105149624,jpike,J Pike,,2
Rhaphidophora australasica,548193,34193340,https://www.inaturalist.org/observations/34193340,research,2019-09-18,"Daintree, AU-QL-DG, AU-QL, AU",False,-16.1387361667,145.439895,mitchellmarcinauskis,Mitchell Marcinauskis,,2
Rhaphidophora australasica,548193,34193306,https://www.inaturalist.org/observations/34193306,research,2019-09-18,"Daintree, AU-QL-DG, AU-QL, AU",False,-16.1387471667,145.4400466667,mitchellmarcinauskis,Mitchell Marcinauskis,,3
Rhaphidophora australasica,548193,32271605,https://www.inaturalist.org/observations/32271605,research,2014-09-29,"Thornton Beach QLD 4873, Australia",False,-16.1420433333,145.4295616667,nicklambert,Nick Lambert,cc-by-nc-sa,1
Rhaphidophora australasica,548193,32270479,https://www.inaturalist.org/observations/32270479,research,2014-09-29,"Thornton Beach QLD 4873, Australia",False,-16.1475583333,145.4363266667,nicklambert,Nick Lambert,cc-by-nc-sa,1
Rhaphidophora australasica,548193,27414406,https://www.inaturalist.org/observations/27414406,research,2015-11-11,"Fitzroy Island QLD 4871, Australia",False,-16.9327802754,145.994348135,stekkelpak,Zoltán Stekkelpak,cc0,1
Rhaphidophora australasica,548193,18584718,https://www.inaturalist.org/observations/18584718,research,2018-07-01,"Cape Tribulation Queensland 4873, Australien",False,-16.1391044581,145.4390086468,jujurenoult,Julien Renoult,cc0,1
Rhaphidophora australasica,548193,18202890,https://www.inaturalist.org/observations/18202890,research,2018-11-07,"Daintree, AU-QL-DG, AU-QL, AU",False,-16.1382026319,145.4400701077,silversea_starsong,James Bailey,cc-by-nc,1
Rhaphidophora australasica,548193,18202536,https://www.inaturalist.org/observations/18202536,research,2018-11-07,"Daintree, AU-QL-DG, AU-QL, AU",False,-16.1387230642,145.4398810958,silversea_starsong,James Bailey,cc-by-nc,2
Rhaphidophora australasica,548193,18202231,https://www.inaturalist.org/observations/18202231,research,2018-11-07,"Daintree, AU-QL-DG, AU-QL, AU",False,-16.2400692422,145.4335022998,silversea_starsong,James Bailey,cc-by-nc,2
Rhaphidophora australasica,548193,9556460,https://www.inaturalist.org/observations/9556460,needs_id,2014-09-24,"Barron Gorge QLD 4870, Australia",False,-16.8492803,145.6695931,botanygirl,,cc-by,1
Rhaphidophora australasica,548193,1241772,https://www.inaturalist.org/observations/1241772,research,2015-01-27,"Red Peak Station, Queensland",False,-16.841512,145.662403,kucycads,Kenneth Bader,cc-by-nc,1
Rhaphidophora beccarii,923145,396077893,https://www.inaturalist.org/observations/396077893,research,2026-08-31,"53100, Selangor, Malaysia",False,3.3144683333,101.732235,amirul-mi,amirul syahmi,cc-by-nc,3
Rhaphidophora beccarii,923145,342018230,https://www.inaturalist.org/observations/342018230,research,2026-03-06,"Sengkurong, Brunei",False,4.9059643889,114.8594836111,cwfoo,Foo Chuan Wei,cc-by-nc,6
Rhaphidophora beccarii,923145,339034268,https://www.inaturalist.org/observations/339034268,research,2026-02-13,"E8, 53100 Batu Caves, Selangor, Malaysia",False,3.3062369,101.7351596,keruing,Tan Yan Hong,cc-by-nc,1
Rhaphidophora beccarii,923145,339034247,https://www.inaturalist.org/observations/339034247,research,2026-02-13,"E8, 53100 Batu Caves, Selangor, Malaysia",False,3.3062369,101.7351596,keruing,Tan Yan Hong,cc-by-nc,3
Rhaphidophora beccarii,923145,339034240,https://www.inaturalist.org/observations/339034240,research,2026-02-13,"E8, 53100 Batu Caves, Selangor, Malaysia",False,3.3062369,101.7351596,keruing,Tan Yan Hong,cc-by-nc,2
Rhaphidophora beccarii,923145,339034237,https://www.inaturalist.org/observations/339034237,research,2026-02-13,"E8, 53100 Batu Caves, Selangor, Malaysia",False,3.3062369,101.7351596,keruing,Tan Yan Hong,cc-by-nc,1
Rhaphidophora beccarii,923145,337938619,https://www.inaturalist.org/observations/337938619,research,2026-02-08,"Selangor, Malaysia",False,3.2117151934,101.796047561,keruing,Tan Yan Hong,cc-by-nc,4
Rhaphidophora beccarii,923145,307595305,https://www.inaturalist.org/observations/307595305,research,2025-07-15,"Kabupaten Landak, West-Kalimantan, Indonesien",False,0.7166357269,109.4428399056,bernhardlettneraustria,,cc-by-nc,1
Rhaphidophora beccarii,923145,276938645,https://www.inaturalist.org/observations/276938645,research,2025-04-26,"Perak, MY",True,4.6863928681,101.0468349857,aiman_azmi,Aiman Azmi,cc-by-nc-sa,4
Rhaphidophora beccarii,923145,264630021,https://www.inaturalist.org/observations/264630021,research,2025-03-09,"48000, Selangor, Malaysia",False,3.3047033333,101.6192533333,akmal_idham,Akmal Idham,cc-by-nc,7
Rhaphidophora beccarii,923145,258930731,https://www.inaturalist.org/observations/258930731,research,2025-01-18,"C48P+34 Pondok by Wind Cave, 94000 Bau, Sarawak, Malaysia",False,1.4133553113,110.1372695714,mlutzmann,,cc-by-nc,1
Rhaphidophora beccarii,923145,234846227,https://www.inaturalist.org/observations/234846227,research,2024-08-10,"Petra Jaya, Kuching, Sarawak, Malaysia",False,1.608948475,110.2205304528,tom-kirschey,Tom Kirschey,cc-by-nc,1
Rhaphidophora beccarii,923145,194554919,https://www.inaturalist.org/observations/194554919,needs_id,2023-12-22,"Bukit Raja, Selangor, Malaysia",False,3.1650055556,101.4920444444,akmal_idham,Akmal Idham,cc-by-nc,3
Rhaphidophora beccarii,923145,188121088,https://www.inaturalist.org/observations/188121088,research,2023-10-19,"47000, Selangor, Malaysia",False,3.1738027778,101.4998444444,akmal_idham,Akmal Idham,cc-by-nc,3
Rhaphidophora beccarii,923145,145788390,https://www.inaturalist.org/observations/145788390,research,2022-07-16,Indonesia,True,0.7062224068,100.3346572625,njweess,,cc-by-nc,1
Rhaphidophora beccarii,923145,134161072,https://www.inaturalist.org/observations/134161072,research,2022-07-24,"Kubah National Park, Kuching, Sarawak, Malaysia",False,1.6097761184,110.1928477083,njweess,,cc-by-nc,1
Rhaphidophora beccarii,923145,134161070,https://www.inaturalist.org/observations/134161070,research,2022-07-24,"Kubah National Park, Kuching, Sarawak, Malaysia",False,1.6099848044,110.1928477083,njweess,,cc-by-nc,1
Rhaphidophora beccarii,923145,37998035,https://www.inaturalist.org/observations/37998035,research,2019-12-02,"Batang Kali, Selangor, Malaysia",False,3.4414242276,101.6938767582,muhammadazaharibinsalim,Muhammad Azahari Bin Salim,,2
Rhaphidophora beccarii,923145,11641410,https://www.inaturalist.org/observations/11641410,needs_id,2018-04-28,"Selangor, Malaysia",False,3.3251323597,101.7519534197,krentan,Kai Ren,,1
Rhaphidophora bogneri,1668053,368024622,https://www.inaturalist.org/observations/368024622,research,2026-05-27,"Basankusu, CD",False,1.4399018,19.8117051167,dalempijevic1,Daniel Alempijevic,cc-by-nc,3
Rhaphidophora bogneri,1668053,324291244,https://www.inaturalist.org/observations/324291244,research,2025-10-29,"Sapo, Pyneston, LR-SI, LR",False,5.3375022792,-8.7990479328,congonaturalist,,cc-by-nc,1
Rhaphidophora bogneri,1668053,230264879,https://www.inaturalist.org/observations/230264879,research,2024-04-23,MSB-A,False,-1.7149500612,12.9096846479,bureaubenjamin,,cc-by-nc,1
Rhaphidophora bogneri,1668053,199845862,https://www.inaturalist.org/observations/199845862,research,2024-01-09,"Twifo Hemang Lower Denkyira, Ghana",False,5.358870752,-1.3851341209,lostincr,LostInCR,,1
Rhaphidophora corneri,1639010,305250864,https://www.inaturalist.org/observations/305250864,research,2025-08-09,"Pahang, MY",True,3.9602985188,102.1271545101,ethanbeaver,Ethan Beaver,cc-by-nc,1
Rhaphidophora crassicaulis,1542281,351732761,https://www.inaturalist.org/observations/351732761,needs_id,2026-04-21,"Vangvieng, Xaisomboun, LA",False,18.9407283333,102.3383116667,nyi_nyi_aung_norah,© Nyi Nyi Aung,cc-by-nc,1
Rhaphidophora crassifolia,803494,398836877,https://www.inaturalist.org/observations/398836877,needs_id,2026-08-19,"Kuching, Sarawak, Malezja",False,1.7231887432,110.4458992888,szuwarek,Dariusz Kamiński,cc-by-nc,1
Rhaphidophora crassifolia,803494,373845383,https://www.inaturalist.org/observations/373845383,research,2026-06-21,"Khian Sa District, Surat Thani, TH",False,8.7761633333,98.9545133333,mossphipps,moss,cc-by-nc,2
Rhaphidophora crassifolia,803494,364359445,https://www.inaturalist.org/observations/364359445,research,2026-05-23,"Ton Kloi Waterfall Trail, Phanom District, Surat Thani, TH",False,8.9128116667,98.5140616667,zspyk007,,cc-by-nc,2
Rhaphidophora crassifolia,803494,358861872,https://www.inaturalist.org/observations/358861872,needs_id,2026-05-06,"Tlk. Meranti, Kec. Tlk. Meranti, Kabupaten Pelalawan, Riau, Indonesia",False,0.3316705,102.7231557,salam_firdaus,Salam Firdaus,cc-by-nc,6
Rhaphidophora crassifolia,803494,341128760,https://www.inaturalist.org/observations/341128760,research,2026-02-19,"Nong Thale, Mueang Krabi District, Krabi, TH",False,8.0905025443,98.7714564869,elliot_meyers,,cc-by-nc,3
Rhaphidophora crassifolia,803494,339860500,https://www.inaturalist.org/observations/339860500,needs_id,2026-02-21,"Labu, Brunei",False,4.7472853889,115.178337,cwfoo,Foo Chuan Wei,cc-by-nc,2
Rhaphidophora crassifolia,803494,339435755,https://www.inaturalist.org/observations/339435755,needs_id,2026-02-20,"Mu Ko Surin, MM-TN-KG, MM-TN, MM",False,9.43224889,97.86404951,mathias_dezetter,,cc-by-nc,1
Rhaphidophora crassifolia,803494,339434791,https://www.inaturalist.org/observations/339434791,research,2026-02-17,"Ton Kloi Waterfall Trail, Phanom District, Surat Thani, TH",False,8.9122633333,98.5122916667,bsakhuja,,cc-by-nc,1
Rhaphidophora crassifolia,803494,339297334,https://www.inaturalist.org/observations/339297334,research,2026-02-19,"Nong Thale, Mueang Krabi District, Krabi, TH",False,8.0886610967,98.7741572222,elliot_meyers,,cc-by-nc,3
Rhaphidophora crassifolia,803494,337781225,https://www.inaturalist.org/observations/337781225,needs_id,2026-02-08,"Ranau, Sabah, MY",False,6.0619046859,116.6917464822,justinaceae,Justin,,1
Rhaphidophora crassifolia,803494,337333001,https://www.inaturalist.org/observations/337333001,research,2026-01-16,"Khao Yai National Park, Pak Chong District, Nakhon Ratchasima, TH",False,14.46462,101.3638216667,mferguson,Michael Ferguson,cc-by-nc,1
Rhaphidophora crassifolia,803494,336255774,https://www.inaturalist.org/observations/336255774,research,2025-04-13,"Taman Negara Gunung Gading, 94500 Lundu, Sarawak, Malaysia",False,1.6929861862,109.8430152063,hoyamaymiller,Charlotte May-Miller,cc-by-nc,2
Rhaphidophora crassifolia,803494,333014553,https://www.inaturalist.org/observations/333014553,needs_id,2020-03-03,Thailand,True,9.6638089252,100.1149238402,alexeyreshchikov,Alexey Reshchikov,cc-by-nc,1
Rhaphidophora crassifolia,803494,326756209,https://www.inaturalist.org/observations/326756209,research,2025-11-16,Tambon Mu Si,False,14.4294338226,101.4026947021,stanlhota,,cc-by-nc,1
Rhaphidophora crassifolia,803494,310116739,https://www.inaturalist.org/observations/310116739,needs_id,2025-08-29,"Pak Chong, Khao Yai, TH-NR, TH",False,14.4331083333,101.4151216667,matiii24,,cc-by-nc,2
Rhaphidophora crassifolia,803494,290339404,https://www.inaturalist.org/observations/290339404,needs_id,2025-06-17,"Khaolak-Lamru National Park, Takua Pa District, Phang Nga, TH",False,8.6262633333,98.236405,lukehalpin,Luke Halpin,cc-by-nc,1
Rhaphidophora crassifolia,803494,285429520,https://www.inaturalist.org/observations/285429520,research,2024-10-05,"Langkat Regency, North Sumatra, Indonesia",False,3.549496864,98.1081936004,eidiu,Eidiu,cc-by-nc,1
Rhaphidophora crassifolia,803494,267469085,https://www.inaturalist.org/observations/267469085,research,2011-08-27,"Nam Pen, Khao Chamao District, Rayong, Thailand",False,12.9149374775,101.7358016207,tonyrodd,Tony Rodd,cc0,1
Rhaphidophora crassifolia,803494,263644703,https://www.inaturalist.org/observations/263644703,research,2025-03-02,"Khao Banthat Wildlife Preserve Area, Na Yong, Trang, TH",False,7.5405633333,99.7931883333,sarojruchisansakun,Saroj Ruchisansakun,,2
Rhaphidophora crassifolia,803494,263179911,https://www.inaturalist.org/observations/263179911,needs_id,2025-02-26,"Ao Luek Tai, Ao Luek District, Krabi 81110, Thailand",False,8.3886196,98.7362056997,mihailovujic,,cc-by-nc,1
Rhaphidophora crassifolia,803494,260914045,https://www.inaturalist.org/observations/260914045,research,2025-02-01,"Патонг, Пхукет 83150, Таиланд",False,7.9119081915,98.3046226948,valerkov,Валерия Ковалева,cc-by-nc,2
Rhaphidophora crassifolia,803494,259874003,https://www.inaturalist.org/observations/259874003,needs_id,2025-01-16,"Khao Yai National Park, Mueang Nakhon Nayok, Nakhon Nayok, TH",False,14.4366870795,101.363878469,doriskluczewski,,cc-by-nc,2
Rhaphidophora crassifolia,803494,258520931,https://www.inaturalist.org/observations/258520931,needs_id,2025-01-15,"峇哥国家公园, Kuching, 砂拉越, MY",False,1.7229696128,110.445660033,yi_fu,Yi-Fu Chen,,1
Rhaphidophora crassifolia,803494,250611140,https://www.inaturalist.org/observations/250611140,research,2024-10-31,"Lahad Datu, MY-SA, MY",False,5.188122817,118.5025187927,jeaninestanton,,cc-by-nc,1
Rhaphidophora crassifolia,803494,241219944,https://www.inaturalist.org/observations/241219944,needs_id,2024-09-11,"Sarawak, MY",True,1.7417084779,110.0300320648,oli_in_gold,Oliver Ingold,,1
Rhaphidophora crassifolia,803494,240728451,https://www.inaturalist.org/observations/240728451,needs_id,2024-09-09,"Bako National Park, Kuching, Sarawak, MY",False,1.7226583333,110.446045,oli_in_gold,Oliver Ingold,,1
Rhaphidophora crassifolia,803494,231362493,https://www.inaturalist.org/observations/231362493,research,2024-07-24,"Pak Chong, Khao Yai, TH-NR, TH",False,14.4416650177,101.3747084202,daniel_petersen,Daniel Petersen och Peter Sullivan,cc-by-nc,3
Rhaphidophora crassifolia,803494,205433753,https://www.inaturalist.org/observations/205433753,needs_id,2023-08-05,"Khao Yai National Park, Пакчонг, Провинция Накхон-Ратчасима, TH",False,14.4644766667,101.3706683333,fedor_kondrachuk,Федор Кондрачук,cc-by-nc,1
Rhaphidophora crassifolia,803494,197802103,https://www.inaturalist.org/observations/197802103,research,2024-01-26,"Bang Riang, Thap Put District, Phang-nga 82180, Таиланд",False,8.6009821295,98.6788807822,tatiana_chimera,Татьяна Химера,cc-by-nc,2
Rhaphidophora crassifolia,803494,196794725,https://www.inaturalist.org/observations/196794725,needs_id,2022-09-06,"Kuching, Sarawak, Malaysia",False,1.7223674817,110.4545229301,gijsroaming,Gijs Romijn,cc-by,1
Rhaphidophora crassifolia,803494,195267007,https://www.inaturalist.org/observations/195267007,research,2023-12-30,"G5HM+P84, Khom Bang, Mueang Chanthaburi District, Chanthaburi 22000, Thailand",False,12.5306462942,102.1838684008,deanwalton,Dean Walton,cc-by,2
Rhaphidophora crassifolia,803494,187329877,https://www.inaturalist.org/observations/187329877,research,2023-10-01,"Mu Si, Pak Chong District, Nakhon Ratchasima 30130, Thailand",False,14.4199999997,101.4,theplantfinder,George James Mann,,1
Rhaphidophora crassifolia,803494,187329543,https://www.inaturalist.org/observations/187329543,research,2023-10-01,"C9JX+CXW Pha Kluai Mai Camping Ground, Tambon Mu Si, Amphoe Pak Chong, Chang Wat Nakhon Ratchasima 30130, Thailand",False,14.4299999997,101.4,theplantfinder,George James Mann,,1
Rhaphidophora crassifolia,803494,186974695,https://www.inaturalist.org/observations/186974695,needs_id,2023-09-30,"Sai Khao, Soi Dao District, Chanthaburi, Thailand",False,13.0973348897,102.1721518311,mike_hooper,Mike Hooper,cc-by-nc,2
Rhaphidophora crassifolia,803494,164171801,https://www.inaturalist.org/observations/164171801,needs_id,2023-05-17,"Mu Si, Pak Chong District, Nakhon Ratchasima 30130, Thaïlande",False,14.4687819309,101.3636580584,pl_stenger,Pierre-Louis Stenger,cc-by-nc,1
Rhaphidophora crassifolia,803494,151349008,https://www.inaturalist.org/observations/151349008,needs_id,2023-03-16,"Hat Noppharat Thara – Mu Ko Phi Phi National Park, Mueang Krabi, Krabi, TH",False,8.01320555,98.847655,nolliecilliers,,cc-by-nc,4
Rhaphidophora crassifolia,803494,150649025,https://www.inaturalist.org/observations/150649025,needs_id,2023-03-09,"Hat Noppharat Thara – Mu Ko Phi Phi National Park, Mueang Krabi, Krabi, TH",False,8.0249166667,98.8280033333,tinusoberholzer,Tinus Oberholzer,cc-by-nc,2
Rhaphidophora crassifolia,803494,148836582,https://www.inaturalist.org/observations/148836582,needs_id,2021-06-26,"Kho Hong, Hat Yai District, Songkhla, Thailand",False,7.0086171819,100.512017837,meaw101,Muhammad HEEMBOO,cc-by,2
Rhaphidophora crassifolia,803494,145233252,https://www.inaturalist.org/observations/145233252,research,2022-12-27,Thailand,True,14.5751550451,101.2337012843,oceanf,Ocean Fleskes,cc-by-nc,2
Rhaphidophora crassifolia,803494,145233031,https://www.inaturalist.org/observations/145233031,research,2022-12-27,Thailand,True,14.4985125639,101.375748294,oceanf,Ocean Fleskes,cc-by-nc,2
Rhaphidophora crassifolia,803494,138705165,https://www.inaturalist.org/observations/138705165,needs_id,2022-10-14,"ป่าดงพญาเย็น-เขาใหญ่, ปากช่อง, จ.นครราชสีมา, TH",False,14.42927,101.4025283333,nithitchai,Nithit Chai,cc-by-nc,1
Rhaphidophora crassifolia,803494,132115858,https://www.inaturalist.org/observations/132115858,needs_id,2022-08-21,"Kuching, Sarawak, Malaysia",False,1.7232833333,110.4454944444,calebcatto,Caleb Catto,cc-by,2
Rhaphidophora crassifolia,803494,129959582,https://www.inaturalist.org/observations/129959582,needs_id,2022-07-19,"62 Tambon Khlong Sok, Amphoe Phanom, Chang Wat Surat Thani 84250, Thailand",False,8.9873143,98.6294329,lynnaeus,Nanticha Ocharoenchai,,1
Rhaphidophora crassifolia,803494,123724174,https://www.inaturalist.org/observations/123724174,needs_id,2022-06-26,"Nam Pen, Khao Chamao District, Rayong, Thajsko",False,12.9164693666,101.7277362943,eeuforiee,Sarka Masova,cc-by,2
Rhaphidophora crassifolia,803494,104635338,https://www.inaturalist.org/observations/104635338,needs_id,2021-12-11,"Ko Phra Thong, Khura Buri District, Phang-nga, Thailand",False,9.4230683437,97.8687858582,luluchouette,,cc-by,2
Rhaphidophora crassifolia,803494,70836827,https://www.inaturalist.org/observations/70836827,needs_id,2021-03-07,"Dong Phayayen-Khao Yai Forest, Khon Buri, Nakhon Ratchasima, TH",False,14.142085169,102.31794385,gsilvacollins,Gabriel Silva Collins,cc-by-nc,1
Rhaphidophora crassifolia,803494,41516884,https://www.inaturalist.org/observations/41516884,research,2019-02-20,"Khum Thma Doun Pov, Kambodža",False,11.447492,103.514656,berkovec,,cc-by-nc,1
Rhaphidophora crassifolia,803494,33354224,https://www.inaturalist.org/observations/33354224,research,2018-06-27,Pang Sida Sa Keaw Thailand,False,14.057409,102.30876,lennyworthington,Leonard Worthington,cc-by,1
Rhaphidophora crassifolia,803494,31917278,https://www.inaturalist.org/observations/31917278,needs_id,2019-09-01,ตำบล คมบาง อำเภอเมืองจันทบุรี จันทบุรี ประเทศไทย,False,12.5285630857,102.1800848097,tonykris,Kritsada Moomuang,cc-by-nc,1
Rhaphidophora cryptantha,431537,338155338,https://www.inaturalist.org/observations/338155338,research,2026-01-20,中國雲南省西雙版納傣族自治州勐臘縣,False,21.9123403789,101.2747627674,casperliao,Casper,cc-by-nc,1
Rhaphidophora cryptantha,431537,330207281,https://www.inaturalist.org/observations/330207281,research,2025-12-07,中国云南省西双版纳傣族自治州,False,21.9304618833,101.2543716431,qaq523,,cc-by-nc,5
Rhaphidophora decursiva,431536,403032918,https://www.inaturalist.org/observations/403032918,needs_id,2025-02-11,中國雲南省西雙版納傣族自治州勐臘縣,False,21.6277277778,101.5888055556,ray76,Ray Wang,,1
Rhaphidophora decursiva,431536,402467108,https://www.inaturalist.org/observations/402467108,research,2026-08-12,基诺山 云南西双版纳,False,21.9555219191,101.1031642628,zhuzi,,cc-by-nc,1
Rhaphidophora decursiva,431536,397767683,https://www.inaturalist.org/observations/397767683,needs_id,2026-09-05,"Xishuangbanna Dai, CN-YN, CN",False,21.9729805556,101.0857194444,oliver_yung,Oliver Yung,cc-by-nc,1
Rhaphidophora decursiva,431536,395442664,https://www.inaturalist.org/observations/395442664,research,2026-08-13,"Nyingtri, CN-XZ, CN",True,29.0128162448,95.0528267299,biolin36,biolin36,,1
Rhaphidophora decursiva,431536,393650013,https://www.inaturalist.org/observations/393650013,research,2026-08-22,"Rua do Matão, 278 - Parada Biociências - Butantã, São Paulo - SP, 06525-123, Brasil",False,-23.5667959927,-46.7315841839,hemidactylus,,cc-by-nc,2
Rhaphidophora decursiva,431536,392605570,https://www.inaturalist.org/observations/392605570,research,2020-02-22,"Garbhanga Forest Reserve, Garbhanga F.V, Guwahati, Assam 781035, India",False,26.0431974,91.7052325,mazedul_islam,Mazedul Islam,,1
Rhaphidophora decursiva,431536,392324932,https://www.inaturalist.org/observations/392324932,research,2026-05-31,"PC35+JH Damparengpui, Mizoram, India",False,23.704,92.409,samakshi_tiwari,Samakshi Tiwari,,2
Rhaphidophora decursiva,431536,391738427,https://www.inaturalist.org/observations/391738427,needs_id,2024-04-16,"Lake Side, Pokhara 33700, Nepal",False,28.2120513889,83.9553963889,jasminetrekker,Jasmine Star Outdoor Photography,cc-by-nc,1
Rhaphidophora decursiva,431536,391691403,https://www.inaturalist.org/observations/391691403,research,2026-06-02,"X7WG+QQ Tlakchi, Tripura, India",False,23.997,92.277,samakshi_tiwari,Samakshi Tiwari,,1
Rhaphidophora decursiva,431536,389254834,https://www.inaturalist.org/observations/389254834,research,2026-07-03,中国西藏自治区林芝市墨脱县,False,29.5748077223,95.4682222836,lwhao,皓皓,cc-by-nc,1
Rhaphidophora decursiva,431536,383229208,https://www.inaturalist.org/observations/383229208,needs_id,2026-07-11,"8FPQ+4VC Ta Xua Nature Reserve, Bắc Yên, Sơn La, Vietnam",False,21.3186639,104.4747753,snek_with_arms,snek with arms,cc-by,2
Rhaphidophora decursiva,431536,379964435,https://www.inaturalist.org/observations/379964435,research,2026-07-10,云南省西双版纳傣族自治州勐腊县瑶区瑶族乡望天树-空中走廊西双版纳热带雨林国家公园望天树景区,False,21.626724,101.588814,liboheng_reborn,李博恒,cc-by-nc,1
Rhaphidophora decursiva,431536,379635153,https://www.inaturalist.org/observations/379635153,needs_id,2026-07-09,云南省西双版纳傣族自治州勐腊县勐仑镇西双版纳西双版纳职业技术学院勐仑新校区,False,21.920154,101.263639,liboheng_reborn,李博恒,cc-by-nc,1
Rhaphidophora decursiva,431536,379632784,https://www.inaturalist.org/observations/379632784,needs_id,2026-07-09,云南省西双版纳傣族自治州勐腊县勐仑镇西双版纳西双版纳职业技术学院勐仑新校区,False,21.918629,101.262875,liboheng_reborn,李博恒,cc-by-nc,1
Rhaphidophora decursiva,431536,378114980,https://www.inaturalist.org/observations/378114980,research,2026-07-04,中国云南省保山市隆阳区蒲满哨 邮政编码: 678028,False,24.931573,98.786804,vancia,Vancia SU,,1
Rhaphidophora decursiva,431536,375204777,https://www.inaturalist.org/observations/375204777,research,2023-04-11,"Deban forest camp, Arunachal Pradesh 792122, India",False,27.54059,96.397323,ashimmr,,cc-by-nc,1
Rhaphidophora decursiva,431536,372568233,https://www.inaturalist.org/observations/372568233,needs_id,2026-04-30,"Phong Thong, Doi Saket District, Chiang Mai 50220, Thailand",False,18.9257132,99.3488226997,lannamountainscharlie,LannaMountainsCharlie,cc-by-nc-sa,2
Rhaphidophora decursiva,431536,366294169,https://www.inaturalist.org/observations/366294169,research,2026-05-29,"Baoshan, Yunnan, CN",False,25.0152222167,98.72808,ifindfunga,Melvin Xu,cc-by,3
Rhaphidophora decursiva,431536,364041184,https://www.inaturalist.org/observations/364041184,research,2026-05-13,"Mizoram, India",False,23.1566883333,92.9149216667,alenalex,Alen Alex Pathisseril,cc-by-nc,1
Rhaphidophora decursiva,431536,362294873,https://www.inaturalist.org/observations/362294873,research,2025-10-04,中国云南省普洱市西盟佤族自治县,False,22.6378082006,99.5959727448,vesca-f,,cc-by-nc,3
Rhaphidophora decursiva,431536,361903910,https://www.inaturalist.org/observations/361903910,research,2026-05-16,Singell Tea Bungalow,False,26.8938581169,88.2758827507,arpan4438,Arpan Das,,1
Rhaphidophora decursiva,431536,361646972,https://www.inaturalist.org/observations/361646972,needs_id,2026-05-15,"Rua João Batista Medina, 2332-2410 - Vale do Sol - Vale do Sol, Embu das Artes - SP, 06840-320, Brasil",False,-23.6432949,-46.8700496,fcstraube,Fernando Costa Straube,cc0,3
Rhaphidophora decursiva,431536,360036862,https://www.inaturalist.org/observations/360036862,research,2026-05-10,"Serchhip, IN-MZ, IN",False,23.289275,92.7844555556,shyamphartyal,SHYAM PHARTYAL,cc-by-nc,2
Rhaphidophora decursiva,431536,359858441,https://www.inaturalist.org/observations/359858441,research,2026-05-07,"Dagana, BT",False,27.0343769093,90.0761327146,drowa,Drowa Zangmo (BSc Env Mgt) [Cohort2024 RTC],,1
Rhaphidophora decursiva,431536,359762661,https://www.inaturalist.org/observations/359762661,research,2026-01-20,"Maoming, CN-GD, CN",True,21.9923257501,111.2908490033,jiutian,九天,,10
Rhaphidophora decursiva,431536,359422835,https://www.inaturalist.org/observations/359422835,research,2026-05-07,"Sarpang - Wangdue Highway, Dagana, BT",False,27.0344811076,90.0759382724,anisha34076,Anisha Gurung (BSc Env Mgt) [Cohort2024 RTC],,1
Rhaphidophora decursiva,431536,359411996,https://www.inaturalist.org/observations/359411996,needs_id,2026-05-07,"Sarpang - Wangdue Highway, Dagana, BT",False,27.0344192756,90.0759491658,sangayw,,cc-by-nc,1
Rhaphidophora decursiva,431536,359167122,https://www.inaturalist.org/observations/359167122,needs_id,2026-05-07,"Tsirangtoe, BT-CR, BT",False,27.0343933333,90.0758483333,pema000,,cc-by-nc,1
Rhaphidophora decursiva,431536,359166766,https://www.inaturalist.org/observations/359166766,needs_id,2026-05-07,"Dagana, Bhutan",False,27.0343409,90.0759444,tshegaylhamo321,,cc-by-nc,1
Rhaphidophora decursiva,431536,359166620,https://www.inaturalist.org/observations/359166620,research,2026-05-07,"Sarpang - Wangdue Highway, Dagana, BT",False,27.0343699932,90.0759395544,ucw,,cc-by-nc,1
Rhaphidophora decursiva,431536,359166600,https://www.inaturalist.org/observations/359166600,research,2026-05-07,"Dagana, Bhutan",False,27.0344007807,90.0757775176,chimmiee,,cc-by-nc,1
Rhaphidophora decursiva,431536,359166593,https://www.inaturalist.org/observations/359166593,research,2026-05-07,"Sarpang - Wangdue Highway, Dagana, BT",False,27.0344542153,90.07582278,nidup3,Nidup Lhamo (BSc Env Mgt) [Cohort2024 RTC],cc-by-nc,1
Rhaphidophora decursiva,431536,359166589,https://www.inaturalist.org/observations/359166589,research,2026-05-07,"Sarpang - Wangdue Highway, Dagana, BT",False,27.0344215062,90.0759434178,sonam_choki,Sonam Choki,cc-by-nc,1
Rhaphidophora decursiva,431536,359166576,https://www.inaturalist.org/observations/359166576,needs_id,2026-05-07,"Sarpang - Wangdue Highway, Dagana, BT",False,27.0344278096,90.0757650328,jigmewdorji,,cc-by-nc,1
Rhaphidophora decursiva,431536,359158732,https://www.inaturalist.org/observations/359158732,research,2026-05-07,"Tsirangtoe, BT-CR, BT",False,27.0344188018,90.0759091974,balazs_ronaszegi,Balázs Rónaszegi,cc-by-nc,1
Rhaphidophora decursiva,431536,355632256,https://www.inaturalist.org/observations/355632256,needs_id,2026-04-27,"Aizawl, IN-MZ, IN",False,23.7340796839,92.6603138074,remei1,Remei Kaguijenliu,cc-by-nc,2
Rhaphidophora decursiva,431536,355293797,https://www.inaturalist.org/observations/355293797,needs_id,2026-04-27,"Av. Antônio Piranga, 1380 - Centro, Diadema",False,-23.6826224436,-46.6140310094,moisestteixeira,,cc-by-nc,2
Rhaphidophora decursiva,431536,354473495,https://www.inaturalist.org/observations/354473495,research,2026-04-26,"8RHM+728, Cat Cat Village, Ta Van, Lao Cai, Vietnam",False,22.3285172,103.8322588997,nyi_nyi_aung_norah,© Nyi Nyi Aung,cc-by-nc,1
Rhaphidophora decursiva,431536,353963106,https://www.inaturalist.org/observations/353963106,research,2026-04-25,"Avenida Professor Melo Moraes, São Paulo, SP, BR",False,-23.5557,-46.724455,tatiana41799,Tatiana Barbosa,cc-by-nc,1
Rhaphidophora decursiva,431536,353962959,https://www.inaturalist.org/observations/353962959,research,2026-04-25,"Avenida Professor Melo Moraes, São Paulo, SP, BR",False,-23.55573,-46.7244116667,tatiana41799,Tatiana Barbosa,cc-by-nc,1
Rhaphidophora decursiva,431536,353902630,https://www.inaturalist.org/observations/353902630,research,2026-04-25,"Rua dos Jabutis, Cotia, SP, BR",False,-23.6137980812,-46.8313988359,emiamaro_,Emilly Amaro,cc-by-nc,1
Rhaphidophora decursiva,431536,353757679,https://www.inaturalist.org/observations/353757679,research,2026-04-25,"SP-270 Rod. Raposo Tavares, Km 12 Oeste - Jardim Bonfiglioli, São Paulo - SP, 05535, Brasil",False,-23.58073717,-46.72819752,joao45245,João,cc-by-nc,1
Rhaphidophora decursiva,431536,352964141,https://www.inaturalist.org/observations/352964141,research,2026-04-24,"Ribeirão Pires Futebol Clube, Ribeirão Pires, SP, BR",False,-23.7087466219,-46.4151065878,lud_msouzaa,Ludmila M. Souza,,1
Rhaphidophora decursiva,431536,351406613,https://www.inaturalist.org/observations/351406613,research,2026-04-20,中国云南省普洱市思茅区,False,22.847031,100.939938,simbason,Simba,cc-by-nc-nd,4
Rhaphidophora decursiva,431536,349296966,https://www.inaturalist.org/observations/349296966,research,2026-03-17,"XGW+6XV, Narphung, Narphu, Bhutan",False,26.9969611111,91.5199388889,brodiecasstalbott,Brodie Cass Talbott,cc-by,2
Rhaphidophora decursiva,431536,349296478,https://www.inaturalist.org/observations/349296478,needs_id,2026-03-17,"Samdrup Jongkhar, Bhutan",False,26.92475,91.5649472222,brodiecasstalbott,Brodie Cass Talbott,cc-by,1
Rhaphidophora decursiva,431536,347311224,https://www.inaturalist.org/observations/347311224,needs_id,2026-04-04,"Chakrashila Hill, Assam, India",False,26.3387138889,90.3101416667,debashischowdhury,Debashis Chowdhury,,4
Rhaphidophora decursiva,431536,345093056,https://www.inaturalist.org/observations/345093056,research,2026-03-24,"NH 313, Lower Dibang Valley, Arunachal Pradesh, IN",False,28.2209466667,95.8002616667,mr_tucker,Mary Rachel Tucker,,1
Rhaphidophora decursiva,431536,341490722,https://www.inaturalist.org/observations/341490722,research,2023-05-05,中国云南省德宏傣族景颇族自治州瑞丽市,False,24.1009561117,97.841198055,mitakirokusei,三泷六星（mitaki rokusei）,cc-by-nc,1
Rhaphidophora decursiva,431536,341335791,https://www.inaturalist.org/observations/341335791,research,2026-02-19,"Baoshan, Yunnan, CN",False,25.30753,98.79683,sonata_z,,cc-by-nc,2
Rhaphidophora decursiva,431536,340766036,https://www.inaturalist.org/observations/340766036,research,2024-01-07,"普洱景迈山茶林文化景区, 普洱市, 云南省, CN",False,22.2050083333,100.025025,menganation,,cc-by-nc,1
Rhaphidophora decursiva,431536,340573158,https://www.inaturalist.org/observations/340573158,research,2016-07-22,茂兰,False,25.322289,107.935769,antongsky,"Lin, Zhanyi",cc-by-nc,1
Rhaphidophora decursiva,431536,340446094,https://www.inaturalist.org/observations/340446094,research,2026-02-23,"Dehong Dai and Jingpo, CN-YN, CN",False,24.53,98.49,brownsugar_iris,红糖Iris,,1
Rhaphidophora decursiva,431536,340372342,https://www.inaturalist.org/observations/340372342,research,2026-02-23,中国 云南省普洱市思茅区 倚象镇大尖山,False,22.6193277778,101.0895277778,apesama,黑乎乎君,cc-by-nc,3
Rhaphidophora decursiva,431536,338563708,https://www.inaturalist.org/observations/338563708,research,2025-06-05,"Nongriat Road, East Khasi Hills, Meghalaya, IN",False,25.2475966667,91.6770033333,kaarajpreet_singh,Kaarajpreet Singh,cc-by-nc,1
Rhaphidophora decursiva,431536,338490616,https://www.inaturalist.org/observations/338490616,research,2025-12-27,"Măng Cành, Kon Plông, Kon Tum, Vietnam",False,14.6710416667,108.265755,lostincr,LostInCR,,1
Rhaphidophora decursiva,431536,338311685,https://www.inaturalist.org/observations/338311685,research,2026-02-04,"Guangxi, CN",True,22.9357987368,105.9255202361,ivyyao,yaoyaoo,,2
Rhaphidophora decursiva,431536,338297095,https://www.inaturalist.org/observations/338297095,research,2026-02-04,"Guangxi, CN",True,22.8669589606,105.94170321,ivyyao,yaoyaoo,,4
Rhaphidophora decursiva,431536,338297083,https://www.inaturalist.org/observations/338297083,research,2026-02-04,"Guangxi, CN",True,22.9211737247,105.9209495212,ivyyao,yaoyaoo,,3
Rhaphidophora decursiva,431536,338212244,https://www.inaturalist.org/observations/338212244,research,2025-12-29,"Pang Kamphaeng Hin, Thep Sadet, Doi Saket District, Chiang Mai 50220, Thailand",False,18.9610403,99.363605,wonderful_world,,cc-by-nc,2
Rhaphidophora decursiva,431536,338080753,https://www.inaturalist.org/observations/338080753,research,2026-01-18,中國雲南省西雙版納傣族自治州景洪市,False,22.0353118923,101.0200233991,casperliao,Casper,cc-by-nc,1
Rhaphidophora decursiva,431536,337782433,https://www.inaturalist.org/observations/337782433,needs_id,2026-02-06,Vietnam,True,23.1860588348,105.4343653703,ivyyao,yaoyaoo,,3
Rhaphidophora decursiva,431536,335944465,https://www.inaturalist.org/observations/335944465,research,2026-01-20,"Maoming, CN-GD, CN",True,21.9745665883,111.5352434332,tausher,桃子,cc-by-nc,4
Rhaphidophora decursiva,431536,335692519,https://www.inaturalist.org/observations/335692519,research,2025-07-31,中国云南省西双版纳傣族自治州,False,22.0074899,100.7973899,libertad_jiangtao,Libertad_Jiangtao,cc-by-nc,1
Rhaphidophora decursiva,431536,335138336,https://www.inaturalist.org/observations/335138336,needs_id,2020-07-27,"Yunnan, CN",True,21.7075828357,101.5426940266,easy_to_distinguish,Charles,cc-by-nc,1
Rhaphidophora decursiva,431536,334353134,https://www.inaturalist.org/observations/334353134,needs_id,2026-01-11,"Mae On District, Chiang Mai, TH",False,18.86117,99.357445,john27201,John Savasta,cc-by-nc,1
Rhaphidophora decursiva,431536,332950144,https://www.inaturalist.org/observations/332950144,research,2026-01-01,"314 Provincial Road, Lincang, Yunnan, CN",False,23.2994056082,99.4044624381,cocoweb,KOFANG,cc-by-nc,1
Rhaphidophora decursiva,431536,332258516,https://www.inaturalist.org/observations/332258516,research,2025-12-27,"Pu'er, Yunnan, CN",False,22.6190585898,101.0894810262,max-_-chen,Sihan (Max) Chen,cc-by-nc,1
Rhaphidophora decursiva,431536,332226533,https://www.inaturalist.org/observations/332226533,research,2025-12-26,"Jóquei Clube - Jardim Botânico, Rio de Janeiro - RJ, 22470-051, Brasil",False,-22.9695433997,-43.2254260997,giovanna_roque,Giovanna Roque de Castro,cc-by-nc,4
Rhaphidophora decursiva,431536,331531002,https://www.inaturalist.org/observations/331531002,research,2025-12-19,"Tam Quan, Tam Đảo, Vĩnh Phúc, Vietnam",False,21.4709,105.6430516667,lostincr,LostInCR,,2
Rhaphidophora decursiva,431536,331311470,https://www.inaturalist.org/observations/331311470,research,2025-12-19,"Tam Quan, Tam Đảo, Vĩnh Phúc, Vietnam",False,21.4709073872,105.6430252322,lostincr,LostInCR,,2
Rhaphidophora decursiva,431536,331163241,https://www.inaturalist.org/observations/331163241,research,2025-12-18,"Nam Xe, Van Ban, Lao Cai, VN",False,22.0434528333,103.959175,lostincr,LostInCR,,4
Rhaphidophora decursiva,431536,329038073,https://www.inaturalist.org/observations/329038073,research,2025-04-05,"Sikkim, India",False,27.526844,88.5506439167,gary325,Gary Yong Gee,cc-by-nc,1
Rhaphidophora decursiva,431536,328839636,https://www.inaturalist.org/observations/328839636,research,2019-01-15,"W7J2+RX3 Xishuangbanna Tropical Botanical Garden （North Gate）, Meng La Xian, Xi Shuang Ban Na Dai Zu Zi Zhi Zhou, Yun Nan Sheng, China, 666303",False,21.9320230943,101.2524190173,luna101,Emily,cc-by-nc,2
Rhaphidophora decursiva,431536,328756101,https://www.inaturalist.org/observations/328756101,research,2025-11-29,"Shenzhen, CN-GD, CN",False,22.5807524448,114.1774280369,pandahead_hoimoon,鐦鍆錒/锎钔锕（Man Hoimoon）,cc-by-nc,2
Rhaphidophora decursiva,431536,328510858,https://www.inaturalist.org/observations/328510858,research,2025-06-01,"Rasuwa, Nepal",False,28.1531849025,85.3817833991,natakite,Natalya Andreyenkova,cc-by-nc,4
Rhaphidophora decursiva,431536,328166875,https://www.inaturalist.org/observations/328166875,research,2025-11-22,"Bac Son, Lang Son, VN",False,21.8370354218,106.2053097137,drphuongthaoduoc,,cc-by-nc,1
Rhaphidophora decursiva,431536,328155069,https://www.inaturalist.org/observations/328155069,research,2014-02-16,インド シッキム,False,27.4682,88.5242444444,jiroiguchi,Jiro Iguchi,cc-by,1
Rhaphidophora decursiva,431536,327261588,https://www.inaturalist.org/observations/327261588,needs_id,2025-11-14,中国云南省临沧市沧源佤族自治县,False,23.1628623166,99.2660434208,guanmushan,管牧山,cc-by-nc,1
Rhaphidophora decursiva,431536,325848359,https://www.inaturalist.org/observations/325848359,research,2025-11-06,"Parque do Estado, São Paulo - State of São Paulo, 04301-902, Brazil",False,-23.6384776,-46.6224932,mdoliveira,,cc-by-nc,4
Rhaphidophora decursiva,431536,323869818,https://www.inaturalist.org/observations/323869818,research,2025-10-29,"Rua do Matão, São Paulo, SP, BR",False,-23.5657283333,-46.730125,luisfelipe4,Luis Felipe Teixeira,,4
Rhaphidophora decursiva,431536,323436427,https://www.inaturalist.org/observations/323436427,research,2025-10-12,"Nova Friburgo - State of Rio de Janeiro, Brazil",False,-22.310045,-42.4970466667,stevecollins,Steve Collins,cc-by,2
Rhaphidophora decursiva,431536,323427364,https://www.inaturalist.org/observations/323427364,research,2025-10-16,中国西藏自治区林芝市墨脱县,False,29.19978704,95.18983723,smalltown_huang,小铖/Smalltown,cc-by-nc,1
Rhaphidophora decursiva,431536,322984440,https://www.inaturalist.org/observations/322984440,research,2025-10-18,中国贵州省黔南布依族苗族自治州荔波县黎明关水族乡 邮政编码: 558402,False,25.24793,107.90515,gbno,江国彬,cc-by-nc,4
Rhaphidophora decursiva,431536,320960435,https://www.inaturalist.org/observations/320960435,research,2025-10-09,"Butantã, São Paulo - State of São Paulo, Brazil",False,-23.5654329722,-46.7300979722,ringmike,,cc0,1
Rhaphidophora decursiva,431536,320875791,https://www.inaturalist.org/observations/320875791,research,2024-09-27,"Bo Klue, TH-NA, TH",False,19.1904666667,101.1987216667,oorthuysen,Eddy Oorthuysen,cc-by-nc,1
Rhaphidophora decursiva,431536,320346385,https://www.inaturalist.org/observations/320346385,research,2025-10-04,"HVFP+RMG, Police Bazar, Shillong, Meghalaya 793001, India",False,25.5736419444,91.8869669444,ben43360,Ben,cc-by-nc,1
Rhaphidophora decursiva,431536,320085368,https://www.inaturalist.org/observations/320085368,research,2025-10-11,"China, 678031",False,25.2942776997,98.7922336997,southchinabirder,Tim Woodward,cc-by-nc,1
Rhaphidophora decursiva,431536,318836131,https://www.inaturalist.org/observations/318836131,research,2025-10-05,"Xiamen, CN-FJ, CN",False,24.4537416667,118.0906216667,naturalist111844,蘇上林,cc-by-nc,1
Rhaphidophora decursiva,431536,316628581,https://www.inaturalist.org/observations/316628581,research,2025-09-25,"Alto da Boa Vista, Rio de Janeiro - RJ, Brasil",False,-22.9619285776,-43.2888796013,filipeprates,,cc-by,2
Rhaphidophora decursiva,431536,314690323,https://www.inaturalist.org/observations/314690323,research,2025-09-17,"Ba Vì, Hanoi, Vietnam",False,21.0812012578,105.362698473,akmal_idham,Akmal Idham,cc-by-nc,2
Rhaphidophora decursiva,431536,309424309,https://www.inaturalist.org/observations/309424309,research,2024-08-25,"Mengla County, Xishuangbanna Dai Autonomous Prefecture, Yunnan, China",False,21.626626435,101.5865666609,russellbarrett,Russell Barrett,cc-by-nc,7
Rhaphidophora decursiva,431536,307300020,https://www.inaturalist.org/observations/307300020,research,2025-08-17,"4G4G+W5J, Sessa, 790114",False,27.1072833333,92.5248472222,debashischowdhury,Debashis Chowdhury,,3
Rhaphidophora decursiva,431536,305134241,https://www.inaturalist.org/observations/305134241,research,2025-08-07,中国广东省惠州市博罗县826J+PM8 邮政编码: 516142,False,23.311788,114.031718,liaoliao,曾云保,,1
Rhaphidophora decursiva,431536,302810358,https://www.inaturalist.org/observations/302810358,research,2025-07-09,"Văn Bàn, Lào Cai, Vietnam",False,22.0508861111,103.9704666667,gordonb09b01026,Gordon Chen,cc-by-nc,3
Rhaphidophora decursiva,431536,302287600,https://www.inaturalist.org/observations/302287600,research,2025-07-14,"West Siang, Arunachal Pradesh, India",False,28.5328583333,94.2864983333,rajibrudratariang,Rajib Rudra Tariang,cc-by-nc,1
Rhaphidophora decursiva,431536,302287599,https://www.inaturalist.org/observations/302287599,research,2025-07-14,"West Siang, Arunachal Pradesh, India",False,28.5328583333,94.2864983333,rajibrudratariang,Rajib Rudra Tariang,cc-by-nc,1
Rhaphidophora decursiva,431536,300976850,https://www.inaturalist.org/observations/300976850,research,2025-07-24,中国贵州省黔南布依族苗族自治州荔波县,False,25.2838677109,108.0704247203,u3nomi,koritori,,1
Rhaphidophora decursiva,431536,296399973,https://www.inaturalist.org/observations/296399973,research,2025-07-08,"Wuzhou, CN-GX, CN",False,23.4740562439,111.3043746947,fyfyhff,,cc-by-nc,1
Rhaphidophora decursiva,431536,296392871,https://www.inaturalist.org/observations/296392871,research,2025-07-08,Vietnam,True,22.0057170667,103.9645611115,lecanorchis,,cc-by-nc-nd,3
Rhaphidophora decursiva,431536,288035546,https://www.inaturalist.org/observations/288035546,research,2013-10-18,"Pokhara, Nepal",False,28.2095831,83.9855674,echocreek,Peter Jessen,cc-by-nc,1
Rhaphidophora decursiva,431536,285515984,https://www.inaturalist.org/observations/285515984,research,2025-05-28,"Nortonbridge, Sri Lanka",False,6.9067397292,80.5221891115,nuwan,Nuwan Chathuranga,,1
Rhaphidophora decursiva,431536,284501305,https://www.inaturalist.org/observations/284501305,research,2025-05-26,"G626+MQ4, Lũng Cao, Bá Thước District, Thanh Hoa, Вьетнам",False,20.5012721944,105.2123489167,kroupsky,Ivan Kroupsky,cc-by-nc,7
Rhaphidophora decursiva,431536,282360404,https://www.inaturalist.org/observations/282360404,research,2025-03-10,"Jinghong, Xishuangbanna Dai Autonomous Prefecture, Yunnan, China",False,21.9879774763,100.922874216,chuangzao,Chuangzao,cc-by-nc,3
Rhaphidophora decursiva,431536,282288238,https://www.inaturalist.org/observations/282288238,research,2025-05-07,"景洪市, 西双版纳傣族自治州, 云南省, CN",False,22.0550695,101.0107111167,lushangyizhichong,,cc-by-nc,1
Rhaphidophora decursiva,431536,280074854,https://www.inaturalist.org/observations/280074854,research,2018-08-03,"Mengla County, Xishuangbanna Dai Autonomous Prefecture, Yunnan, China",False,21.6238266362,101.5867528241,leekelai,leekelai,cc-by-nc,3
Rhaphidophora decursiva,431536,279744717,https://www.inaturalist.org/observations/279744717,research,2025-05-09,"Сикким, Индия",False,27.543741,88.63383,dolzhanskiy,должанский,cc-by-nc,1
Rhaphidophora decursiva,431536,277169454,https://www.inaturalist.org/observations/277169454,research,2025-04-28,"Av. Quarto Centenário, 1288 - Ibirapuera, São Paulo - SP, 04030-000, Brasil",False,-23.5944827,-46.6636277,sheila450,sheila Carpine,,1
Rhaphidophora decursiva,431536,276460613,https://www.inaturalist.org/observations/276460613,needs_id,2025-04-29,"147/A/5/F, Limbugaon, Darjeeling, West Bengal 734101, India",False,27.0306017,88.2566128,ayushmaan34049,Kanchan Dewan,cc-by-nc,1
Rhaphidophora decursiva,431536,275910908,https://www.inaturalist.org/observations/275910908,research,2025-04-28,"São Paulo, SP, BR",False,-23.6516617036,-46.6209085292,antonia2405,,cc-by-nc,1
Rhaphidophora decursiva,431536,275887616,https://www.inaturalist.org/observations/275887616,research,2025-04-26,"V479+R66, Solan, Himachal Pradesh 173229, India",False,30.8648866617,77.1176146343,sonali140,Sonali,,1
Rhaphidophora decursiva,431536,275075286,https://www.inaturalist.org/observations/275075286,research,2025-04-27,"Cotia, BR-SP, BR",False,-23.6114166667,-46.85737,emilly_sousa,Emilly Sousa,cc-by-nc,1
Rhaphidophora decursiva,431536,274776739,https://www.inaturalist.org/observations/274776739,research,2025-04-27,"KwaZulu-Natal, ZA",True,-29.9439048445,31.1498117184,sthembilenothando,Sthembilenothando Zungu,cc-by-nc,1
Rhaphidophora decursiva,431536,270747335,https://www.inaturalist.org/observations/270747335,research,2025-04-15,"Rua do Matão, 277 - Parada Biociências - Butantã, São Paulo - SP, 06525-123, Brasil",False,-23.5654621111,-46.7307701111,vicogm,Vico Muñoz,cc-by-nc,1
Rhaphidophora decursiva,431536,270127736,https://www.inaturalist.org/observations/270127736,research,2025-04-13,"H9RQ+VPM, Godawari 44709, Nepal",False,27.5927675782,85.3883844987,shaunplumtree,,cc-by-nc,2
Rhaphidophora decursiva,431536,268365726,https://www.inaturalist.org/observations/268365726,research,2025-04-02,"Butantã, São Paulo - State of São Paulo, Brazil",False,-23.5637378611,-46.7301368611,rafaelmrosa,Rafael Rosa,cc-by-sa,1
Rhaphidophora decursiva,431536,268346725,https://www.inaturalist.org/observations/268346725,needs_id,2025-03-09,中国云南省西双版纳傣族自治州勐腊县,False,21.71519162,101.41761514,liuguangyu,刘光裕 Liu Guangyu,cc-by-nc,1
Rhaphidophora decursiva,431536,268346719,https://www.inaturalist.org/observations/268346719,needs_id,2025-03-09,中国云南省西双版纳傣族自治州勐腊县,False,21.71511887,101.4174005,liuguangyu,刘光裕 Liu Guangyu,cc-by-nc,1
Rhaphidophora decursiva,431536,268035159,https://www.inaturalist.org/observations/268035159,research,2024-08-27,中国云南省怒江傈僳族自治州泸水市,False,25.8230599,98.85804,gray_owl,Feng Hu,,1
Rhaphidophora decursiva,431536,263852249,https://www.inaturalist.org/observations/263852249,research,2025-03-02,"Guangzhou, CN-GD, CN",False,23.7248916667,113.8085555556,fslpanttwo,,cc-by-nc,2
Rhaphidophora decursiva,431536,263741589,https://www.inaturalist.org/observations/263741589,research,2025-02-14,"J.B. Road, 9th Mile, Kalimpong Khasmahal, Kalimpong, West Bengal 734301, India",False,27.0613444,88.4657113,reishisagnik,Sagnik Dutta Roy,cc-by,2
Rhaphidophora decursiva,431536,263481332,https://www.inaturalist.org/observations/263481332,research,2025-02-09,中國雲南省西雙版納傣族自治州勐臘縣,False,21.9168694444,101.2739944444,ray76,Ray Wang,,1
Rhaphidophora decursiva,431536,263479239,https://www.inaturalist.org/observations/263479239,research,2025-02-09,中國雲南省西雙版納傣族自治州勐臘縣,False,21.9203472222,101.2696,ray76,Ray Wang,,1
Rhaphidophora decursiva,431536,263258208,https://www.inaturalist.org/observations/263258208,research,2025-02-09,"Bara Mungwa, West Bengal, India",False,27.0630783118,88.3993148751,reishisagnik,Sagnik Dutta Roy,cc-by,3
Rhaphidophora decursiva,431536,262380004,https://www.inaturalist.org/observations/262380004,research,2023-06-23,"Sikkim, India",False,27.41123,88.62672,wimsflowerpower,Wim Rubers,cc-by-nc,2
Rhaphidophora decursiva,431536,262351746,https://www.inaturalist.org/observations/262351746,research,2025-02-11,"Bara Mungwa, West Bengal, India",False,27.0632108278,88.4000008726,reishisagnik,Sagnik Dutta Roy,cc-by,2
Rhaphidophora decursiva,431536,260797097,https://www.inaturalist.org/observations/260797097,needs_id,2025-02-05,"Parque Natural Municipal Cabeceiras do Aricanduva - R. Conde de Casal Ribeiro - Cidade Tiradentes, São Paulo - SP, 08471, Brasil",False,-23.6125232,-46.3953338,amandaluisa,Amanda Luísa,cc-by-nc,3
Rhaphidophora decursiva,431536,258375008,https://www.inaturalist.org/observations/258375008,research,2024-12-26,"Nyingtri, CN-XZ, CN",True,29.0236741529,95.071739745,tausher,桃子,cc-by-nc,3
Rhaphidophora decursiva,431536,257440893,https://www.inaturalist.org/observations/257440893,research,2025-01-05,"Ba Vì, Hanoi, Vietnam",False,21.0760666667,105.3667611111,human_ecologist,Cory Whitney,cc-by-nc,1
Rhaphidophora decursiva,431536,257440890,https://www.inaturalist.org/observations/257440890,research,2025-01-05,"Ba Vì, Hanoi, Vietnam",False,21.0760555556,105.3667972222,human_ecologist,Cory Whitney,cc-by-nc,1
Rhaphidophora decursiva,431536,256832032,https://www.inaturalist.org/observations/256832032,needs_id,2024-12-28,中国 广东省广州市从化区 良口镇三桠塘幽谷五指山景区,False,23.7317332625,113.8068610802,staple,,,6
Rhaphidophora decursiva,431536,256587593,https://www.inaturalist.org/observations/256587593,needs_id,2024-12-28,"Cejlon, Central Province, LK",False,6.9498583333,80.50193,h_says,,cc-by-nc,1
Rhaphidophora decursiva,431536,256468787,https://www.inaturalist.org/observations/256468787,research,2024-12-19,"Sa Pa, Sa Pa, Lao Cai, VN",False,22.3342216667,103.8487866667,machupichu333,,cc-by-nc,1
Rhaphidophora decursiva,431536,255723999,https://www.inaturalist.org/observations/255723999,research,2024-12-02,베트남 라오까이 사빠,False,22.3333235531,103.8498523042,onidiras,onidiras-iNaturalist,cc-by-nc,1
Rhaphidophora decursiva,431536,255588026,https://www.inaturalist.org/observations/255588026,needs_id,2023-07-13,中国贵州省黔南布依族苗族自治州荔波县,False,25.2945559918,108.0247074817,spike_,Spike,cc-by-nc-nd,1
Rhaphidophora decursiva,431536,255380126,https://www.inaturalist.org/observations/255380126,needs_id,2024-11-27,中国贵州省黔南布依族苗族自治州荔波县贵州茂兰国家级自然保护区 邮政编码: 558400,False,25.322289,107.935769,gbno,江国彬,cc-by-nc,4
Rhaphidophora decursiva,431536,254904041,https://www.inaturalist.org/observations/254904041,research,2024-12-12,云南省西双版纳傣族自治州勐腊县勐仑镇Z004中国科学院西双版纳热带植物园,False,21.9239597321,101.2759475708,liuguangyu,刘光裕 Liu Guangyu,cc-by-nc,2
Rhaphidophora decursiva,431536,254487917,https://www.inaturalist.org/observations/254487917,needs_id,2024-10-13,中国贵州省黔南布依族苗族自治州荔波县翁昂乡 邮政编码: 558402,False,25.24795,107.90527,gbno,江国彬,cc-by-nc,1
Rhaphidophora decursiva,431536,254104458,https://www.inaturalist.org/observations/254104458,research,2024-11-27,"X. Hoàng Liên, TX. Sa Pa, Lào Cai, VN",False,22.3283866667,103.83227,jodyhsieh,JODY HSIEH,cc-by-nc,2
Rhaphidophora decursiva,431536,251758488,https://www.inaturalist.org/observations/251758488,research,2024-09-30,"Kathmandu Valley, Bagmati, NP",False,27.597095,85.38237,milo3015,,cc-by-nc,3
Rhaphidophora decursiva,431536,251253831,https://www.inaturalist.org/observations/251253831,research,2024-11-11,"Bivar Road, Shillong, Meghalaya, IN",False,25.5761655669,91.8864541516,ivijayanand,Vijay Anand Ismavel,cc-by-nc,1
Rhaphidophora decursiva,431536,251165924,https://www.inaturalist.org/observations/251165924,research,2024-11-09,中国广东省广州市从化区,False,23.7325033333,113.8076033333,liaoliao,曾云保,,1
Rhaphidophora decursiva,431536,250771103,https://www.inaturalist.org/observations/250771103,needs_id,2024-10-22,"Pà Cò, Mai Châu, Sơn La, Vietnam",False,20.7441283333,104.8966083333,tobias-spanner,Tobias Spanner,cc-by-nc,1
Rhaphidophora decursiva,431536,249440592,https://www.inaturalist.org/observations/249440592,research,2024-09-30,"Bagmati, NP-MM, NP",False,27.5970522773,85.3823706158,lionsmaneluna,,cc-by-nc,4
Rhaphidophora decursiva,431536,245348950,https://www.inaturalist.org/observations/245348950,research,2024-09-30,"Bagmati, NP-MM, NP",False,27.5970761857,85.3823503865,hilary_greenwood,Hilary Greenwood,,3
Rhaphidophora decursiva,431536,244913275,https://www.inaturalist.org/observations/244913275,research,2024-09-30,"Bisankhunarayan, 44709, Nepal",False,27.597103,85.382316,abe,T. Abe Lloyd,cc-by-nc,1
Rhaphidophora decursiva,431536,244883344,https://www.inaturalist.org/observations/244883344,research,2024-09-30,"Kathmandu Valley, Bagmati, NP",False,27.597045,85.3824083333,sweetpea-ids,Emma Gelino,,1
Rhaphidophora decursiva,431536,242432874,https://www.inaturalist.org/observations/242432874,research,2024-09-17,"Huai Kaeo, Mae On District, Chiang Mai, Thailand",False,18.8658363889,99.3476288889,endless_wonderer,Endless Wonderer,,2
Rhaphidophora decursiva,431536,241643987,https://www.inaturalist.org/observations/241643987,research,2024-09-06,"Rubião Júnior, Botucatu - SP, Brasil",False,-22.8852095972,-48.4990591972,beatriz1802,Beatriz Pátaro Canal,,1
Rhaphidophora decursiva,431536,241433337,https://www.inaturalist.org/observations/241433337,research,2024-09-13,中国广东省广州市从化区,False,23.7387302265,113.8066605815,liaoliao,曾云保,,1
Rhaphidophora decursiva,431536,239373463,https://www.inaturalist.org/observations/239373463,research,2024-05-01,中国云南省德宏傣族景颇族自治州盈江县,False,24.470825,97.5730055556,sunjiao,Jiao Sun (孙娇),cc-by,1
Rhaphidophora decursiva,431536,238223264,https://www.inaturalist.org/observations/238223264,research,2024-07-28,"中之郷, 八丈町, 東京都, JP",False,33.0630462761,139.8146153223,diplommatina,,cc-by-nc,1
Rhaphidophora decursiva,431536,232715527,https://www.inaturalist.org/observations/232715527,research,2024-07-28,中国云南省西双版纳傣族自治州勐腊县,False,21.920261,101.269221,liuguangyu,刘光裕 Liu Guangyu,cc-by-nc,1
Rhaphidophora decursiva,431536,232473109,https://www.inaturalist.org/observations/232473109,research,2024-07-29,"Estrada Maria Soares Pereira, São Lourenço Da Serra, SP, BR",False,-23.8421675097,-46.9640182008,isabella_schroter,,cc-by-nc,2
Rhaphidophora decursiva,431536,230064869,https://www.inaturalist.org/observations/230064869,research,2024-07-18,云南省西双版纳傣族自治州景洪市基诺山基诺族乡基勐路,False,22.05215161,100.9804866,ali_0221,魏伊宁,cc-by-nc,1
Rhaphidophora decursiva,431536,224425761,https://www.inaturalist.org/observations/224425761,needs_id,2024-06-22,"São Paulo, BR",True,-23.7344970451,-46.6208252472,kimgrinfeder,kim grinfeder,,4
Rhaphidophora decursiva,431536,223227193,https://www.inaturalist.org/observations/223227193,needs_id,2024-04-03,"tt. Tam Đảo, Tam Đảo, Vĩnh Phúc, Vietnam",False,21.4579583617,105.6491842967,avocat,,cc-by,2
Rhaphidophora decursiva,431536,223226192,https://www.inaturalist.org/observations/223226192,research,2024-04-03,"tt. Tam Đảo, Tam Đảo, Vĩnh Phúc, Vietnam",False,21.45915823,105.6489655283,avocat,,cc-by,3
Rhaphidophora decursiva,431536,222778978,https://www.inaturalist.org/observations/222778978,research,2024-04-02,"tt. Tam Đảo, Tam Đảo, Vĩnh Phúc, Vietnam",False,21.4592683317,105.6489899483,avocat,,cc-by,1
Rhaphidophora decursiva,431536,222778972,https://www.inaturalist.org/observations/222778972,research,2024-04-02,"tt. Tam Đảo, Tam Đảo, Vĩnh Phúc, Vietnam",False,21.4605801533,105.6485975633,avocat,,cc-by,3
Rhaphidophora decursiva,431536,222589412,https://www.inaturalist.org/observations/222589412,research,2024-04-02,"tt. Tam Đảo, Tam Đảo, Vĩnh Phúc, Vietnam",False,21.46324063,105.6462948017,avocat,,cc-by,2
Rhaphidophora decursiva,431536,217162000,https://www.inaturalist.org/observations/217162000,research,2024-03-18,"Lộc Trì, Phú Lộc, Thừa Thiên Huế, Vietnam",False,16.195797035,107.854243415,avocat,,cc-by,2
Rhaphidophora decursiva,431536,217161985,https://www.inaturalist.org/observations/217161985,research,2024-03-18,"Lộc Trì, Phú Lộc, Thừa Thiên Huế, Vietnam",False,16.1957119417,107.8541390267,avocat,,cc-by,2
Rhaphidophora decursiva,431536,215002941,https://www.inaturalist.org/observations/215002941,needs_id,2024-05-02,中国云南省西双版纳傣族自治州勐腊县,False,21.9354084886,101.2488078761,seventeennature,Shi Qi,,1
Rhaphidophora decursiva,431536,213165702,https://www.inaturalist.org/observations/213165702,research,2024-04-28,中国贵州省黔南布依族苗族自治州荔波县,False,25.2636850494,107.6959624501,gbno,江国彬,cc-by-nc,1
Rhaphidophora decursiva,431536,212186759,https://www.inaturalist.org/observations/212186759,research,2024-04-28,"Av. Miguel Estefno, 3031 - Parque do Estado, São Paulo - SP, 04315, Brasil",False,-23.6393148605,-46.6273106262,jadesteves,Jade Esteves,,1
Rhaphidophora decursiva,431536,212070919,https://www.inaturalist.org/observations/212070919,needs_id,2024-04-28,"Av. Paulo Guilguer Reimberg, 6300 - Jardim Marilda, São Paulo - SP, 04858-570, Brasil",False,-23.7994257981,-46.6791969538,pesqu-isadora,Isadora Rodrigues,,1
Rhaphidophora decursiva,431536,211352156,https://www.inaturalist.org/observations/211352156,needs_id,2024-04-29,"M P Golia,Near jewels,Tadong, Tadong, Gangtok, Sikkim 737102, India",False,27.3091603445,88.5946760327,pemayangdenlepcha,Pema yangden,cc-by-nc,2
Rhaphidophora decursiva,431536,211296935,https://www.inaturalist.org/observations/211296935,needs_id,2024-04-27,"8HVP+GXG, Ranka, Gangtok, Sikkim 737135, India",False,27.3438042631,88.5874407738,netrachettri,Netra Chettri,,1
Rhaphidophora decursiva,431536,211233357,https://www.inaturalist.org/observations/211233357,needs_id,2024-04-28,"Parque do Estado, São Paulo - SP, Brasil",False,-23.6409957446,-46.6268360617,brunopaulo,,cc-by-nc,1
Rhaphidophora decursiva,431536,211138810,https://www.inaturalist.org/observations/211138810,needs_id,2024-04-28,"Av. Paulo Guilguer Reimberg, 6300 - Jardim Marilda, São Paulo - SP, 04858-570, Brasil",False,-23.800079,-46.6766209722,lucas_teixeira_araujo,Lucas Teixeira Araujo Rego,,1
Rhaphidophora decursiva,431536,210778414,https://www.inaturalist.org/observations/210778414,research,2024-04-27,"Horto Florestal, São Paulo, SP, BR",False,-23.461312008,-46.635794,erikasouza__,,cc-by-nc,1
Rhaphidophora decursiva,431536,210549109,https://www.inaturalist.org/observations/210549109,research,2024-04-27,"São Paulo - SP, 02635, Brasil",False,-23.4577509722,-46.6340349722,alithiamelo,,cc-by-nc,2
Rhaphidophora decursiva,431536,208465747,https://www.inaturalist.org/observations/208465747,research,2024-04-21,"景谷傣族彝族自治县, 普洱市, 云南省, CN",False,23.58572,100.6769866667,yishan_zhao,Yi-Shan Zhao,cc-by-nc,1
Rhaphidophora decursiva,431536,206541037,https://www.inaturalist.org/observations/206541037,research,2024-04-07,中国云南省西双版纳傣族自治州勐腊县勐仑镇中国科学院西双版纳热带植物园 邮政编码: 666303,False,21.919925,101.277947,lynxisme,Yi CHEN,cc-by,1
Rhaphidophora decursiva,431536,205464044,https://www.inaturalist.org/observations/205464044,needs_id,2024-03-22,"Quảng Bình, VN",True,17.5619868891,106.1169380334,hydrophilus,Eric C. Maxwell,cc-by-nc-nd,1
Rhaphidophora decursiva,431536,205463964,https://www.inaturalist.org/observations/205463964,research,2024-03-22,"Quảng Bình, VN",True,17.4073981207,106.1595442436,hydrophilus,Eric C. Maxwell,cc-by-nc-nd,1
Rhaphidophora decursiva,431536,203894224,https://www.inaturalist.org/observations/203894224,research,2023-04-03,952台灣台東縣蘭嶼鄉9號,False,22.04701,121.518781,ansonchen1208,陳宥安,,2
Rhaphidophora decursiva,431536,202536911,https://www.inaturalist.org/observations/202536911,needs_id,2024-02-14,中国云南省西双版纳傣族自治州景洪市,False,22.0346555556,100.88655,zmp,MP Zhou,cc-by-nc,1
Rhaphidophora decursiva,431536,201303292,https://www.inaturalist.org/observations/201303292,research,2018-03-29,"West Kameng, IN-AR, IN",False,27.0601892953,92.4170819283,john-p-martin,John P Martin,cc-by-nc,1
Rhaphidophora decursiva,431536,201209547,https://www.inaturalist.org/observations/201209547,research,2023-12-18,Parque Escola Santo André,False,-23.6645536934,-46.550671868,fehplantae,,cc-by-nc,2
Rhaphidophora decursiva,431536,200986021,https://www.inaturalist.org/observations/200986021,needs_id,2024-03-02,中環,False,22.2765808105,114.1607437134,railarticle,,cc-by-nc,1
Rhaphidophora decursiva,431536,200761537,https://www.inaturalist.org/observations/200761537,needs_id,2024-02-17,"East Khasi Hills, Meghalaya, India",False,25.247225,91.6786722222,dmontijo,Dani Montijo,cc-by-nc,2
Rhaphidophora decursiva,431536,200703420,https://www.inaturalist.org/observations/200703420,research,2024-02-28,"Xishuangbanna Dai, CN-YN, CN",False,21.9229875,101.2754945,puffin-inflorae,,cc-by-nc,2
Rhaphidophora decursiva,431536,198527191,https://www.inaturalist.org/observations/198527191,research,2024-01-31,"Parque do Estado, São Paulo - State of São Paulo, Brazil",False,-23.6386662137,-46.6223324201,crisnici,,cc-by-nc,1
Rhaphidophora decursiva,431536,198361197,https://www.inaturalist.org/observations/198361197,research,2024-01-31,"Lộc Trì, Phú Lộc, Thừa Thiên Huế, Вьетнам",False,16.1926361111,107.8543888889,vadim_prokhorov,Vadim Prokhorov,cc-by-nc,1
Rhaphidophora decursiva,431536,198361192,https://www.inaturalist.org/observations/198361192,research,2024-01-31,"Lộc Trì, Phú Lộc, Thừa Thiên Huế, Вьетнам",False,16.1926361111,107.8543888889,vadim_prokhorov,Vadim Prokhorov,cc-by-nc,1
Rhaphidophora decursiva,431536,198361191,https://www.inaturalist.org/observations/198361191,research,2024-01-31,"Lộc Trì, Phú Lộc, Thừa Thiên Huế, Вьетнам",False,16.1930916667,107.8545611111,vadim_prokhorov,Vadim Prokhorov,cc-by-nc,1
Rhaphidophora decursiva,431536,197793814,https://www.inaturalist.org/observations/197793814,needs_id,2024-01-28,香港山頂,False,22.272355,114.1505283333,agnestrekker,Agnes Trekker,,4
Rhaphidophora decursiva,431536,197455570,https://www.inaturalist.org/observations/197455570,research,2024-01-23,"正兴公路, 普洱市, 云南省, CN",False,23.34285,100.9609133333,yishan_zhao,Yi-Shan Zhao,cc-by-nc,1
Rhaphidophora decursiva,431536,197353470,https://www.inaturalist.org/observations/197353470,research,2024-01-21,"Tijuca, Rio de Janeiro, BR-RJ, BR",False,-22.9527916667,-43.2895466667,djringer,David Jeffrey Ringer,cc-by-nc,3
Rhaphidophora decursiva,431536,196022358,https://www.inaturalist.org/observations/196022358,research,2023-12-23,中国云南省西双版纳傣族自治州勐腊县,False,21.9165077627,101.270915136,xiaoting_xu,Xiaoting Xu,,1
Rhaphidophora decursiva,431536,195565376,https://www.inaturalist.org/observations/195565376,research,2023-12-24,"Pu'er, Yunnan, China",False,23.589525,100.6706916667,yishan_zhao,Yi-Shan Zhao,cc-by-nc,1
Rhaphidophora decursiva,431536,192779469,https://www.inaturalist.org/observations/192779469,research,2023-11-23,中国云南省西双版纳傣族自治州勐腊县,False,21.9247287367,101.2454191332,kyosapir,,cc-by-nc,1
Rhaphidophora decursiva,431536,192704985,https://www.inaturalist.org/observations/192704985,research,2023-11-23,"Xishuangbanna Dai, Yunnan, China",False,21.920655,101.2691233333,kyosapir,,cc-by-nc,1
Rhaphidophora decursiva,431536,192703864,https://www.inaturalist.org/observations/192703864,research,2023-11-23,中国云南省西双版纳傣族自治州勐腊县,False,21.9201766667,101.27051,kyosapir,,cc-by-nc,1
Rhaphidophora decursiva,431536,191881877,https://www.inaturalist.org/observations/191881877,needs_id,2023-11-19,"Tam Đảo, Vĩnh Phúc, Vietnam",False,21.4621819503,105.647445045,isidoreajar,Jonathan M,cc-by-nc,3
Rhaphidophora decursiva,431536,190908872,https://www.inaturalist.org/observations/190908872,needs_id,2023-11-12,中国广东省广州市从化区,False,23.7400672921,113.808338209,liaoliao,曾云保,,1
Rhaphidophora decursiva,431536,190908867,https://www.inaturalist.org/observations/190908867,research,2023-11-12,中国广东省广州市从化区,False,23.7338616902,113.8071794948,liaoliao,曾云保,,1
Rhaphidophora decursiva,431536,190825901,https://www.inaturalist.org/observations/190825901,needs_id,2023-10-13,"Napo County, Baise, Guangxi, China",False,22.98366,105.8417916667,rich_fuller,Richard Fuller,cc0,1
Rhaphidophora dulongensis,1713306,404174720,https://www.inaturalist.org/observations/404174720,research,2026-09-28,中国云南省怒江傈僳族自治州福贡县,False,26.58422472,98.9009996851,observe-syz,,cc0,1
Rhaphidophora dulongensis,1713306,359232679,https://www.inaturalist.org/observations/359232679,research,2026-04-03,中国云南省保山市腾冲市,False,24.8501834867,98.7518386839,liuye,昆虫学liuye,cc-by-nc,1
Rhaphidophora dulongensis,1713306,345419730,https://www.inaturalist.org/observations/345419730,research,2026-03-27,云南省保山市隆阳区芒宽彝族傣族乡澡塘河,False,25.30794871,98.7944838,alanyip,,cc-by-nc,1
Rhaphidophora elliptica,1578833,244665722,https://www.inaturalist.org/observations/244665722,needs_id,2024-09-13,"Marudi, MY-SK, MY",True,4.0545708404,114.9519615373,oli_in_gold,Oliver Ingold,,1
Rhaphidophora elliptifolia,1575218,241214445,https://www.inaturalist.org/observations/241214445,research,2024-09-11,"Sarawak, MY",True,1.4763934218,110.0686564858,oli_in_gold,Oliver Ingold,,1
Rhaphidophora elmeri,1391615,380272987,https://www.inaturalist.org/observations/380272987,needs_id,2026-07-10,"Bulusan, PH-SR, PH",False,12.7405083333,124.0846555,miqeri,Gabriel,cc-by,1
Rhaphidophora elmeri,1391615,340739771,https://www.inaturalist.org/observations/340739771,research,2025-05-04,"2CPR+7W Panday/Opyong Falls, Toril, Davao City, Davao del Sur, Philippines",False,7.0376285997,125.4434391,curiosity,Kierr Jasper Sancover,,2
Rhaphidophora elmeri,1391615,271130138,https://www.inaturalist.org/observations/271130138,research,2025-04-16,"Mount Makiling, Los Baños, Laguna, Philippines",False,14.1363889,121.1944444,sambrilliance,Samuel Brillo,cc-by-nc,4
Rhaphidophora elmeri,1391615,271130021,https://www.inaturalist.org/observations/271130021,needs_id,2025-04-16,"Mount Makiling, Los Baños, Laguna, Philippines",False,14.1363889,121.1944444,sambrilliance,Samuel Brillo,cc-by-nc,2
Rhaphidophora elmeri,1391615,247594259,https://www.inaturalist.org/observations/247594259,needs_id,2024-10-14,"Taman Botani Perdana, Kuala Lumpur, Kuala Lumpur, MY",False,3.1429701813,101.6847077964,nooralma_haseena,NOOR ALMA HASEENA NOOR ISMAIL,,3
Rhaphidophora elmeri,1391615,231771971,https://www.inaturalist.org/observations/231771971,research,2024-07-12,"Kaylaway, Nasugbu, Batangas, Philippines",False,14.0673194444,120.8430777778,sambrilliance,Samuel Brillo,cc-by-nc,5
Rhaphidophora elmeri,1391615,150032905,https://www.inaturalist.org/observations/150032905,needs_id,2023-02-23,"Ateneo de Manila University, Quezon City, Metro Manila, PH",False,14.6415764723,121.0812310434,niomie_keara,NIOMIE KEARA DELA CUEVA,,1
Rhaphidophora elmeri,1391615,117379540,https://www.inaturalist.org/observations/117379540,needs_id,2022-01-30,Gingoog,False,8.8229760484,125.0976353511,curiosity,Kierr Jasper Sancover,,4
Rhaphidophora foraminifera,1021679,393869499,https://www.inaturalist.org/observations/393869499,research,2026-07-31,"Ipoh, Perak, Malaysia",False,4.6043361111,101.1297138889,ben338,Ben Hsieh,,2
Rhaphidophora foraminifera,1021679,392810305,https://www.inaturalist.org/observations/392810305,research,2026-08-19,"Long Lama, Sarawak, Malaysia",False,3.7350010914,114.4210970029,ramona82679,Ramona Usun laing,cc-by-nc,1
Rhaphidophora foraminifera,1021679,390572804,https://www.inaturalist.org/observations/390572804,research,2026-08-03,"Bukok, Brunei",False,4.5695321944,115.1218928889,cwfoo,Foo Chuan Wei,cc-by-nc,4
Rhaphidophora foraminifera,1021679,386780434,https://www.inaturalist.org/observations/386780434,research,2026-07-28,"Perak, MY",True,4.473700222,101.3779428004,yu_kai3,Yu Kai Tan,,2
Rhaphidophora foraminifera,1021679,385747125,https://www.inaturalist.org/observations/385747125,research,2026-07-05,"G4WF+RWH, Sampe Raya, Bahorok, Langkat, Bohorok, Langkat, Sumatra Septentrional 20852, Indonesia",False,3.5470451,98.1248382,alex_weilong,Alex Garcia,cc-by-nc,1
Rhaphidophora foraminifera,1021679,372526015,https://www.inaturalist.org/observations/372526015,research,2026-06-14,"Petra Jaya, Kuching, Sarawak, Malaysia",False,1.5996370767,110.1902540347,campbellnotjames,,cc-by-nc,3
Rhaphidophora foraminifera,1021679,357153524,https://www.inaturalist.org/observations/357153524,research,2026-05-01,"Niah National Park, Niah, 砂拉越, MY",False,3.818745,113.780805,maiochiou,,cc-by-nc,1
Rhaphidophora foraminifera,1021679,356004063,https://www.inaturalist.org/observations/356004063,research,2025-08-02,"马来西亚 Sabah, Sandakan, Sepilok, Jalan Fabia, 热带雨林探索中心邮政编码: 90715",False,5.8764701,117.9443133,gold_crest,小戴菊,cc-by-nc,1
Rhaphidophora foraminifera,1021679,343008682,https://www.inaturalist.org/observations/343008682,research,2026-03-11,"Labu, Brunei",False,4.7536981944,115.1746741111,cwfoo,Foo Chuan Wei,cc-by-nc,2
Rhaphidophora foraminifera,1021679,343008678,https://www.inaturalist.org/observations/343008678,research,2026-03-11,"Labu, Brunei",False,4.756609,115.175403,cwfoo,Foo Chuan Wei,cc-by-nc,4
Rhaphidophora foraminifera,1021679,341384595,https://www.inaturalist.org/observations/341384595,research,2021-12-29,"Kabupaten Bogor, Jawa Barat, Indonesia",False,-6.6771423937,106.7543689258,haniristiawan,Hani Ristiawan,cc-by-nc,1
Rhaphidophora foraminifera,1021679,339860447,https://www.inaturalist.org/observations/339860447,needs_id,2026-02-21,"Labu, Brunei",False,4.7564128056,115.1792546111,cwfoo,Foo Chuan Wei,cc-by-nc,3
Rhaphidophora foraminifera,1021679,338418902,https://www.inaturalist.org/observations/338418902,research,2005-04-21,"Mandailing Natal Regency, North Sumatra, Indonesia",False,0.7665495089,99.7795155287,cclborneo,Chien Lee,cc-by-nc,1
Rhaphidophora foraminifera,1021679,338086571,https://www.inaturalist.org/observations/338086571,research,2025-04-21,"Bahagian Miri, Sarawak, Malaysia",False,4.0410745997,114.8146550997,ben338,Ben Hsieh,,1
Rhaphidophora foraminifera,1021679,335229888,https://www.inaturalist.org/observations/335229888,research,2026-01-17,"Labu, Brunei",False,4.7572655556,115.1763391389,cwfoo,Foo Chuan Wei,cc-by-nc,4
Rhaphidophora foraminifera,1021679,334660819,https://www.inaturalist.org/observations/334660819,research,2026-01-10,"8MCV+2Q7, Tapos I, Tenjolaya, Bogor Regency, West Java 16810, Indonesia",False,-6.68143175,106.6930389167,laurio,Laurio Leonald,,1
Rhaphidophora foraminifera,1021679,333554448,https://www.inaturalist.org/observations/333554448,research,2025-12-23,"Gunung Halimun Salak National Park, Bogor, Jawa Barat, Indonesia",False,-6.7161957001,106.6607709001,naufalurfi,Naufal Urfi Dhiya'ulhaq,cc-by-nc,1
Rhaphidophora foraminifera,1021679,329820645,https://www.inaturalist.org/observations/329820645,research,2025-04-11,"苏门答腊, Kabupaten Aceh Tenggara, Aceh (Sonderregion), ID",False,3.6947166667,97.6577833333,finn_klessmann,Finn Klessmann,cc-by-nc,1
Rhaphidophora foraminifera,1021679,329820251,https://www.inaturalist.org/observations/329820251,research,2025-04-11,"苏门答腊, Kabupaten Aceh Tenggara, Aceh (Sonderregion), ID",False,3.6948283333,97.6576783333,finn_klessmann,Finn Klessmann,cc-by-nc,3
Rhaphidophora foraminifera,1021679,328211779,https://www.inaturalist.org/observations/328211779,research,2025-04-19,"Bahagian Miri, Sarawak, Malaysia",False,4.0246712997,114.8228498,ben338,Ben Hsieh,,2
Rhaphidophora foraminifera,1021679,326611129,https://www.inaturalist.org/observations/326611129,research,2025-11-15,"Marudi, Sarawak, Malaysia",False,4.052644952,114.824802652,niles_767,,,5
Rhaphidophora foraminifera,1021679,326200579,https://www.inaturalist.org/observations/326200579,research,2025-04-16,"Siburan, Sarawak, Malaysia",False,1.3999810997,110.3223602997,ben338,Ben Hsieh,,1
Rhaphidophora foraminifera,1021679,324846299,https://www.inaturalist.org/observations/324846299,research,2025-09-20,"C5C4+P3, Long Lellang, Sarawak, 馬來西亞",False,3.4206944444,115.1553444444,ben338,Ben Hsieh,,2
Rhaphidophora foraminifera,1021679,320357278,https://www.inaturalist.org/observations/320357278,research,2025-10-12,"P5F3+893, Candikuning, Tabanan, Tabanan Regency, Bali 82191, Indonesia",False,-8.2776355556,115.1539001389,dragon_plants,,cc-by-nc,2
Rhaphidophora foraminifera,1021679,319766756,https://www.inaturalist.org/observations/319766756,research,2025-10-09,"VWCX+VQ, Sepilok, 90000 Sandakan, Sabah, 馬來西亞",False,5.8749022502,117.940945141,ihenglan,,cc-by-nc,1
Rhaphidophora foraminifera,1021679,319042753,https://www.inaturalist.org/observations/319042753,research,2025-09-29,"Sepilok, 90000 Sandakan, Sabah, Malaysia",False,5.8639066944,117.948075,cwfoo,Foo Chuan Wei,cc-by-nc,2
Rhaphidophora foraminifera,1021679,317712102,https://www.inaturalist.org/observations/317712102,research,2025-09-11,"Gunung Mulu National Park, Sarawak, Malaysia",False,4.09207,114.8958021,sukiemulu,SukieMulu,cc-by-nc,1
Rhaphidophora foraminifera,1021679,314971032,https://www.inaturalist.org/observations/314971032,research,2025-09-19,"Sepilok, 90000 Sandakan, Sabah, Malasia",False,5.875726,117.9431819722,dawicho,David Torres,cc-by-nc,2
Rhaphidophora foraminifera,1021679,308592590,https://www.inaturalist.org/observations/308592590,research,2025-08-24,"Sepilok, 90000 Sandakan, Sabah, Malaysia",False,5.8756283333,117.9431933333,huang_jie_enn,,cc-by-nc,1
Rhaphidophora foraminifera,1021679,308592050,https://www.inaturalist.org/observations/308592050,research,2025-08-24,"Borneo, Sandakan, Sabah, MY",False,5.8756917701,117.9431766913,yan_ti,Yan Ti,cc-by-nc,2
Rhaphidophora foraminifera,1021679,308591992,https://www.inaturalist.org/observations/308591992,research,2025-08-24,"Sepilok, 90000 Sandakan, Sabah, Malaysia",False,5.883679,117.948881,huang_jie_enn,,cc-by-nc,2
Rhaphidophora foraminifera,1021679,308591924,https://www.inaturalist.org/observations/308591924,research,2025-08-24,"Borneo, Sandakan, Sabah, MY",False,5.8755926695,117.9431420379,oliviaa2305,,cc-by-nc,1
Rhaphidophora foraminifera,1021679,301855799,https://www.inaturalist.org/observations/301855799,research,2025-07-28,"Sumatra, Kabupaten Langkat, North Sumatra, ID",False,3.5486416667,98.1244361667,lenju27,Lenka CJ,,5
Rhaphidophora foraminifera,1021679,293638389,https://www.inaturalist.org/observations/293638389,research,2024-04-05,馬來西亞砂拉越美里省,False,3.4274066433,115.0952463624,kinmatsu,Kinmatsu Lin,cc-by-nc,1
Rhaphidophora foraminifera,1021679,288741611,https://www.inaturalist.org/observations/288741611,research,2025-04-16,馬來西亞砂拉越新生村副縣,False,1.3999444444,110.3224027778,naturalistchu,naturalistchu,cc-by-nc,4
Rhaphidophora foraminifera,1021679,285429287,https://www.inaturalist.org/observations/285429287,research,2024-10-04,"Langkat Regency, North Sumatra, Indonesia",False,3.549496864,98.1081936004,eidiu,Eidiu,cc-by-nc,2
Rhaphidophora foraminifera,1021679,284522335,https://www.inaturalist.org/observations/284522335,needs_id,2025-04-19,"Pusat Mel Miri, Sarawak, MY",False,4.0254580067,114.8191928861,gaspachito,,cc-by-nc,1
Rhaphidophora foraminifera,1021679,272158408,https://www.inaturalist.org/observations/272158408,research,2025-04-22,"姆祿山國家公園, Pusat Mel Miri, 砂拉越, MY",False,4.0460221667,114.8121116667,naturalistchu,naturalistchu,cc-by-nc,8
Rhaphidophora foraminifera,1021679,271671748,https://www.inaturalist.org/observations/271671748,research,2025-04-14,"Marudi, Sarawak, Malaysia",False,4.0199998231,114.8099998757,oliverben92,DolceAmore,cc-by-nc,1
Rhaphidophora foraminifera,1021679,268518155,https://www.inaturalist.org/observations/268518155,needs_id,2024-12-29,"马来西亚 Sabah, Sandakan, Sepilok, Jalan Fabia, 热带雨林探索中心邮政编码: 90715",False,5.8764701,117.9443133,andy-xr,Patrick,cc-by-nc,1
Rhaphidophora foraminifera,1021679,265737570,https://www.inaturalist.org/observations/265737570,research,2025-01-20,馬來西亞砂拉越美里省,False,4.140038058,114.862999549,yueranic,羅元甫,cc-by-nc,13
Rhaphidophora foraminifera,1021679,264302491,https://www.inaturalist.org/observations/264302491,research,2025-02-19,"Мири, Сарауак, Малайзия",False,4.0397254,114.8168088,vadim_prokhorov,Vadim Prokhorov,cc-by-nc,2
Rhaphidophora foraminifera,1021679,259314371,https://www.inaturalist.org/observations/259314371,research,2025-01-20,Gunung Mulu National Park,False,4.0920691857,114.8958020657,ihenglan,,cc-by-nc,1
Rhaphidophora foraminifera,1021679,259223165,https://www.inaturalist.org/observations/259223165,research,2025-01-19,馬來西亞砂拉越馬魯帝,False,4.0399295277,114.8144835234,ihenglan,,cc-by-nc,1
Rhaphidophora foraminifera,1021679,258730922,https://www.inaturalist.org/observations/258730922,research,2025-01-17,94000馬來西亞砂拉越石隆門,False,1.3815257,110.1175465997,ihenglan,,cc-by-nc,2
Rhaphidophora foraminifera,1021679,256148907,https://www.inaturalist.org/observations/256148907,research,2024-12-15,"Bahagian Miri, Sarawak, Malaysia",False,4.041197,114.814657,cwfoo,Foo Chuan Wei,cc-by-nc,3
Rhaphidophora foraminifera,1021679,255676050,https://www.inaturalist.org/observations/255676050,research,2024-12-13,"Bahagian Miri, Sarawak, Malaysia",False,4.042207,114.813918,cwfoo,Foo Chuan Wei,cc-by-nc,3
Rhaphidophora foraminifera,1021679,255574957,https://www.inaturalist.org/observations/255574957,research,2024-12-12,"Mulu, Sarawak, Malaysia",False,4.038196,114.815523,cwfoo,Foo Chuan Wei,cc-by-nc,3
Rhaphidophora foraminifera,1021679,245756497,https://www.inaturalist.org/observations/245756497,research,2024-09-14,"Marudi, MY-SK, MY",True,4.0495752291,114.8014139073,oli_in_gold,Oliver Ingold,,1
Rhaphidophora foraminifera,1021679,244652577,https://www.inaturalist.org/observations/244652577,research,2024-09-13,"Marudi, MY-SK, MY",True,4.1860178056,114.9968962975,oli_in_gold,Oliver Ingold,,3
Rhaphidophora foraminifera,1021679,243269182,https://www.inaturalist.org/observations/243269182,research,2024-09-13,"Marudi, MY-SK, MY",True,4.0444507191,114.8138641926,oli_in_gold,Oliver Ingold,,2
Rhaphidophora foraminifera,1021679,243231736,https://www.inaturalist.org/observations/243231736,research,2024-07-23,"Marudi, MY-SK, MY",True,4.1930971657,114.855954922,pecosvalleydiamond,Moses J. Michelsohn,cc-by-nc,1
Rhaphidophora foraminifera,1021679,243197430,https://www.inaturalist.org/observations/243197430,research,2024-07-21,"Marudi, MY-SK, MY",True,4.1949053044,114.9402167417,pecosvalleydiamond,Moses J. Michelsohn,cc-by-nc,1
Rhaphidophora foraminifera,1021679,241213638,https://www.inaturalist.org/observations/241213638,research,2024-09-11,"Sarawak, MY",True,1.5526241139,110.0075758292,oli_in_gold,Oliver Ingold,,2
Rhaphidophora foraminifera,1021679,240914541,https://www.inaturalist.org/observations/240914541,research,2024-09-10,"Borneo, Siburan, Sarawak, MY",False,1.4001616667,110.3222966667,oli_in_gold,Oliver Ingold,,1
Rhaphidophora foraminifera,1021679,227698045,https://www.inaturalist.org/observations/227698045,research,2024-07-04,"Aceh Tenggara, Gunung Leuser, ID-AC, ID",False,3.6922476,97.65613111,thomas--,Thomas Gyselinck,cc-by,1
Rhaphidophora foraminifera,1021679,227696641,https://www.inaturalist.org/observations/227696641,research,2024-07-04,"Aceh Tenggara, Gunung Leuser, ID-AC, ID",False,3.69530485,97.65820676,thomas--,Thomas Gyselinck,cc-by,1
Rhaphidophora foraminifera,1021679,227696535,https://www.inaturalist.org/observations/227696535,needs_id,2024-07-04,"Aceh Tenggara, Gunung Leuser, ID-AC, ID",False,3.69521821,97.65805629,thomas--,Thomas Gyselinck,cc-by,2
Rhaphidophora foraminifera,1021679,226107330,https://www.inaturalist.org/observations/226107330,research,2024-06-19,"Marudi, Sarawak, Malaysia",False,4.0378556438,114.8166879639,jaddesi,Joshua V. Addesi,cc-by,1
Rhaphidophora foraminifera,1021679,208424950,https://www.inaturalist.org/observations/208424950,research,2024-04-16,Tangkahan,False,3.68799393,98.7013230845,bayanizzani,Bayan Izzani,cc-by-nc,1
Rhaphidophora foraminifera,1021679,202241592,https://www.inaturalist.org/observations/202241592,research,2023-07-13,"Sandakan, MY-SA, MY",False,5.8419017259,117.9461147555,narido,,cc-by-nc,1
Rhaphidophora foraminifera,1021679,198268795,https://www.inaturalist.org/observations/198268795,research,2016-11-19,"Bahagian Miri, Sarawak, Malaysia",False,4.03662387,114.8126405432,johnlenagan,john lenagan,,1
Rhaphidophora foraminifera,1021679,196913351,https://www.inaturalist.org/observations/196913351,research,2015-03-10,"Мири, Сарауак, Малайзия",False,4.048384,114.82387,dolzhanskiy,должанский,cc-by-nc,2
Rhaphidophora foraminifera,1021679,171515343,https://www.inaturalist.org/observations/171515343,research,2011-08-12,"Langkat Regency, North Sumatra, Indonesia",False,3.5584314012,98.0779183221,avocat,,cc-by,2
Rhaphidophora foraminifera,1021679,168277273,https://www.inaturalist.org/observations/168277273,research,2023-06-08,"Air Tenam, Kec. Ulu Manna, Kabupaten Bengkulu Selatan, Bengkulu, Indonesia",False,-4.2568470997,103.1040531,regen_rais,Rendra Regen Rais,,1
Rhaphidophora foraminifera,1021679,156544574,https://www.inaturalist.org/observations/156544574,research,2023-04-03,"Sepilok, 90000 Sandakan, Sabah, 馬來西亞",False,5.8756583333,117.9431916667,pchi45,呂一起(Lyu yi-chi),cc-by,6
Rhaphidophora foraminifera,1021679,151144374,https://www.inaturalist.org/observations/151144374,research,2020-12-02,"Karang Nanding, Karang Tinggi, Central Bengkulu Regency, Bengkulu, Indonesia",False,-3.826268044,102.4922533706,regen_rais,Rendra Regen Rais,,1
Rhaphidophora foraminifera,1021679,150750375,https://www.inaturalist.org/observations/150750375,research,2023-02-21,"3H6G+J4, Sekalak, Seluma Utara, Seluma Regency, Bengkulu, Indonesia",False,-3.9380337755,102.5747933239,regen_rais,Rendra Regen Rais,,1
Rhaphidophora foraminifera,1021679,148336435,https://www.inaturalist.org/observations/148336435,research,2023-01-17,"Southeast Aceh, Aceh, Indonesia",False,3.6890315046,97.6544883063,tomas_cedhagen,Tomas Cedhagen,cc-by-nc,2
Rhaphidophora foraminifera,1021679,140514897,https://www.inaturalist.org/observations/140514897,research,2022-10-27,Kubung,False,-1.6787913996,110.9447026625,bangembara,bangembara,,2
Rhaphidophora foraminifera,1021679,140480911,https://www.inaturalist.org/observations/140480911,research,2022-10-13,"Sukabumi Regency, West Java, Indonesia",False,-6.9157110248,106.8224418377,naufalurfi,Naufal Urfi Dhiya'ulhaq,cc-by-nc,2
Rhaphidophora foraminifera,1021679,134168578,https://www.inaturalist.org/observations/134168578,research,2022-07-21,"Siburan, Sarawak, Malaysia",False,1.2131116461,110.2791835965,njweess,,cc-by-nc,1
Rhaphidophora foraminifera,1021679,134161084,https://www.inaturalist.org/observations/134161084,research,2022-07-24,"Kubah National Park, Kuching, Sarawak, Malaysia",False,1.5968634295,110.1818312199,njweess,,cc-by-nc,1
Rhaphidophora foraminifera,1021679,123055828,https://www.inaturalist.org/observations/123055828,research,2022-06-14,"Cireong, Sukaresik, Ciamis Regency, West Java, Indonesia",False,-7.2539124119,108.259275465,ganjarcahyadi,Ganjar Cahyadi,cc-by-nc,3
Rhaphidophora foraminifera,1021679,113065809,https://www.inaturalist.org/observations/113065809,needs_id,2022-04-24,"Ciamis Regency, West Java, Indonesia",False,-7.2160881757,108.3216137297,ganjarcahyadi,Ganjar Cahyadi,cc-by-nc,2
Rhaphidophora foraminifera,1021679,109944044,https://www.inaturalist.org/observations/109944044,research,2014-03-12,"Gunung Mulu, Bahagian Miri, Sarawak, Malaysia",False,4.0646725482,114.8549462095,kstenman,Katarina Stenman,cc-by-nc,1
Rhaphidophora foraminifera,1021679,104110753,https://www.inaturalist.org/observations/104110753,needs_id,2021-12-29,"Bogor Regency, West Java, Indonesia",False,-6.68188702,106.75228599,naufalurfi,Naufal Urfi Dhiya'ulhaq,cc-by-nc,1
Rhaphidophora foraminifera,1021679,65637213,https://www.inaturalist.org/observations/65637213,research,2020-11-22,"Unnamed Road, Ulok Manik, Kec. Pesisir Sel., Pesisir Bar., Lampung 34875, Indonesia",False,-5.3136112,104.0628398,irfanarifin,Irfan Nurarifin,cc-by-nc,1
Rhaphidophora foraminifera,1021679,59111589,https://www.inaturalist.org/observations/59111589,research,2019-07-01,馬來西亞砂拉越美里,False,4.2275455229,113.9692575932,chienyu1,ChienYL,cc-by-nc,1
Rhaphidophora foraminifera,1021679,41597016,https://www.inaturalist.org/observations/41597016,research,2020-03-07,"Kuching, Sarawak, MY",False,1.605745,110.187125,nolliecilliers,,cc-by-nc,1
Rhaphidophora foraminifera,1021679,38631100,https://www.inaturalist.org/observations/38631100,research,2015-03-08,"Mulu, Marudi, Sarawak, Malaysia",False,4.0288883333,114.818055,cclborneo,Chien Lee,cc-by-nc,1
Rhaphidophora foraminifera,1021679,37952269,https://www.inaturalist.org/observations/37952269,research,2012-02-10,"Bahagian Miri, Sarawak, Malaysia",False,4.0383307,114.8226871,ryruther,Dr. Ryne D. Rutherford,cc-by-nc,1
Rhaphidophora glauca,1544690,402905021,https://www.inaturalist.org/observations/402905021,research,2026-07-12,中国西藏自治区林芝市墨脱县,False,29.3036582063,95.3415440315,axgv5,,,1
Rhaphidophora glauca,1544690,389176093,https://www.inaturalist.org/observations/389176093,research,2026-08-01,"C38X+6WG, Chamasari, Uttarakhand 248179, India",False,30.4167416667,78.0987138889,shajay_b,Shajay.B,cc-by-nc,4
Rhaphidophora glauca,1544690,385669819,https://www.inaturalist.org/observations/385669819,research,2026-07-27,"4HRG+7W, Paiengaon Forest, West Bengal 734315, India",False,27.1408944444,88.5767861111,reishisagnik,Sagnik Dutta Roy,cc-by,1
Rhaphidophora glauca,1544690,372515023,https://www.inaturalist.org/observations/372515023,research,2026-04-30,"Dong, Chiang Mai 50220, Thailand",False,18.9254502,99.3486498,lannamountainscharlie,LannaMountainsCharlie,cc-by-nc-sa,2
Rhaphidophora glauca,1544690,366588799,https://www.inaturalist.org/observations/366588799,research,2026-05-25,"Noam Forest, West Bengal 735231, India",False,27.015145591,88.6435084994,prosenjit,Prosenjit Dawn,cc-by-nc,1
Rhaphidophora glauca,1544690,345626461,https://www.inaturalist.org/observations/345626461,research,2026-03-05,"Саттал, Уттаракханд, Индия",False,29.3558555309,79.5304450393,bereskletic,Василий Егоров,cc-by-nc,2
Rhaphidophora glauca,1544690,342937806,https://www.inaturalist.org/observations/342937806,research,2026-03-14,"Bagmati, NP-MM, NP",False,27.7744648313,85.4910474586,jess16232,jess Rouil,cc-by-nc,1
Rhaphidophora glauca,1544690,341364977,https://www.inaturalist.org/observations/341364977,needs_id,2026-03-04,"Саттал, Уттаракханд, Индия",False,29.3550216667,79.5308766667,shtepbraiter,Irina Kalashnikova,cc-by-nc,2
Rhaphidophora glauca,1544690,334575706,https://www.inaturalist.org/observations/334575706,research,2023-12-01,"Xiao Langsu, Dehong, Yunnan",False,24.5651760101,97.6044594527,kotatsuleo,,cc-by-nc,1
Rhaphidophora glauca,1544690,333631493,https://www.inaturalist.org/observations/333631493,research,2026-01-05,"400, Gyalshing, Sikkim 737111, India",False,27.2972971997,88.2613120997,jain_preetika,,cc-by-nc,2
Rhaphidophora glauca,1544690,326619859,https://www.inaturalist.org/observations/326619859,research,2025-11-15,"8J3Q+W6J, Liwang 22100, Nepal",False,28.3049186,82.6380467,brucedice,,cc-by-nc,1
Rhaphidophora glauca,1544690,326614200,https://www.inaturalist.org/observations/326614200,research,2025-11-15,"8J6F+WC, Liwang 22100, Nepal",False,28.3119001098,82.6228446141,brucedice,,cc-by-nc,1
Rhaphidophora glauca,1544690,324129804,https://www.inaturalist.org/observations/324129804,research,2025-10-05,"Godawari, Nepal",False,27.5780746565,85.3801949053,tadkawecki,Tadeusz Kawecki,cc-by-nc,2
Rhaphidophora glauca,1544690,323427480,https://www.inaturalist.org/observations/323427480,research,2025-10-16,中国西藏自治区林芝市墨脱县,False,29.1948026699,95.19132908,smalltown_huang,小铖/Smalltown,cc-by-nc,1
Rhaphidophora glauca,1544690,322739971,https://www.inaturalist.org/observations/322739971,research,2025-10-15,"Nyingtri, CN-XZ, CN",True,29.3203522869,95.2491967114,smalltown_huang,小铖/Smalltown,cc-by-nc,1
Rhaphidophora glauca,1544690,320877068,https://www.inaturalist.org/observations/320877068,needs_id,2024-09-27,"Bo Kluea District, Nan, TH",False,19.200525,101.2055283333,oorthuysen,Eddy Oorthuysen,cc-by-nc,1
Rhaphidophora glauca,1544690,314092523,https://www.inaturalist.org/observations/314092523,research,2025-09-15,"Dibang Valley, Arunachal Pradesh, IN",False,29.0451583333,95.823005,aito1,aito miwu,,1
Rhaphidophora glauca,1544690,301928449,https://www.inaturalist.org/observations/301928449,research,2025-03-24,"Godawari, Nepal",False,27.5801625987,85.3851080061,simonnewell,Simon Newell,cc-by-nc,1
Rhaphidophora glauca,1544690,299520184,https://www.inaturalist.org/observations/299520184,research,2024-03-20,"Kachin, MM",False,25.6758751916,98.3109783257,lordworm_cryptopsy,Khant Ye Yint ( Lord Khanevyr ov Mandralyx),cc-by-nc,1
Rhaphidophora glauca,1544690,274782658,https://www.inaturalist.org/observations/274782658,needs_id,2025-04-27,"X5X8+2J2, Sukhia Pokhari, Mim Nagri Range, West Bengal 734221, India",False,26.9973931584,88.166516684,chandradeepkeshari,CHANDRADEEP KESHARI,cc-by-nc,1
Rhaphidophora glauca,1544690,274491974,https://www.inaturalist.org/observations/274491974,needs_id,2025-04-27,"23/3/18, Chauk Bazaar, Darjeeling, West Bengal 734101, India",False,27.0452683333,88.262235,sid19206,Sid,,1
Rhaphidophora glauca,1544690,274472500,https://www.inaturalist.org/observations/274472500,needs_id,2025-04-27,"23/3/18, Chauk Bazaar, Darjeeling, West Bengal 734101, India",False,27.04538,88.2623133333,sweekrit44,Sweekrit Thapa,cc-by-nc,1
Rhaphidophora glauca,1544690,274397213,https://www.inaturalist.org/observations/274397213,needs_id,2025-04-27,"DSTV Darjeeling Office DIG Bunglow Near T.V Tower, 27V7+W58, Chauk Bazaar, Darjeeling, West Bengal 734101, India",False,27.0450183333,88.2620733333,palchen,Palchen Bhutia,cc-by-nc,1
Rhaphidophora glauca,1544690,273720963,https://www.inaturalist.org/observations/273720963,needs_id,2025-04-26,"HA/9/C/18, Jorebungalow, Rajahata Basti, Darjeeling, West Bengal 734102, India",False,27.01236319,88.25761344,soyesh__thapa,Soyesh___thapa,cc-by-nc,1
Rhaphidophora glauca,1544690,273658253,https://www.inaturalist.org/observations/273658253,needs_id,2025-04-26,"46WV+8F, Chakung, Sikkim 737121, India",False,27.1461810833,88.2419509722,stuti2363,Stuti Gurung,cc-by-nc,1
Rhaphidophora glauca,1544690,256171849,https://www.inaturalist.org/observations/256171849,research,2024-12-16,"Ban Luang, Chom Thong District, Chiang Mai, Thailand",False,18.5281783526,98.5338543355,wildaroidhunter,Alexandre Pierre-Champoux,cc-by-nc,2
Rhaphidophora glauca,1544690,255375327,https://www.inaturalist.org/observations/255375327,research,2024-11-12,"Godawari, Nepal",False,27.5835556955,85.3877033331,reishisagnik,Sagnik Dutta Roy,cc-by,3
Rhaphidophora glauca,1544690,254688738,https://www.inaturalist.org/observations/254688738,research,2014-11-18,"Ghandruk 33700, Népal",False,28.384241329,83.79892944,martine_lapointe,Martine Lapointe,cc-by-nc,1
Rhaphidophora glauca,1544690,254688681,https://www.inaturalist.org/observations/254688681,research,2014-11-11,"District de Lamjung, Népal",False,28.3939802907,84.4031026947,martine_lapointe,Martine Lapointe,cc-by-nc,1
Rhaphidophora glauca,1544690,252366804,https://www.inaturalist.org/observations/252366804,research,2024-11-12,"Godawari, Nepal",False,27.5829203218,85.3826485515,reishisagnik,Sagnik Dutta Roy,cc-by,4
Rhaphidophora glauca,1544690,235167019,https://www.inaturalist.org/observations/235167019,research,2024-08-01,"Sangla, Nepal",False,27.8142487382,85.3214282659,reishisagnik,Sagnik Dutta Roy,cc-by,1
Rhaphidophora glauca,1544690,212029849,https://www.inaturalist.org/observations/212029849,needs_id,2024-04-27,"8HVP+GXG, Ranka, Gangtok, Sikkim 737135, India",False,27.3438042631,88.5874407738,netrachettri,Netra Chettri,,1
Rhaphidophora glauca,1544690,211374016,https://www.inaturalist.org/observations/211374016,needs_id,2024-04-28,"Sikkim, India",False,27.3741277009,88.5756779539,pemayangdenlepcha,Pema yangden,cc-by-nc,1
Rhaphidophora glauca,1544690,210731297,https://www.inaturalist.org/observations/210731297,research,2024-04-28,"Sikkim, India",False,27.2798166667,88.1556616667,dupzang,Dupzang Rongk-up,,1
Rhaphidophora glauca,1544690,210698726,https://www.inaturalist.org/observations/210698726,research,2024-04-28,"9HCJ+CX, Gangtok, Sikkim 737107, India",False,27.3719194444,88.5814416667,beenkumarkharka,Been Kumar Kharka,,1
Rhaphidophora glauca,1544690,210673324,https://www.inaturalist.org/observations/210673324,needs_id,2024-04-28,"Sikkim 737103, India",False,27.3848622908,88.6582336575,priyanka2000,Priyanka Thapa Manger,,1
Rhaphidophora glauca,1544690,210635426,https://www.inaturalist.org/observations/210635426,needs_id,2024-04-28,"DSTV Darjeeling Office DIG Bunglow Near T.V Tower, 27V7+W58, Chauk Bazaar, Darjeeling, West Bengal 734101, India",False,27.045185,88.2623583333,rencho,,cc-by-nc,1
Rhaphidophora glauca,1544690,206596962,https://www.inaturalist.org/observations/206596962,research,2023-09-29,"2WCX+2XH, Sulubung 57300, Nepal",False,27.0203952897,87.9492272437,ajay_neupane,Ajay Neupane,cc-by,3
Rhaphidophora glauca,1544690,197317256,https://www.inaturalist.org/observations/197317256,needs_id,2024-01-22,"Huai Kaeo, Mae On, Chiang Mai, TH",False,18.8610916667,99.3577033333,endless_wonderer,Endless Wonderer,,3
Rhaphidophora glauca,1544690,197289318,https://www.inaturalist.org/observations/197289318,needs_id,2024-01-22,"ชม. 5080, Mae On, Chiang Mai, TH",False,18.8656833333,99.3474716667,endless_wonderer,Endless Wonderer,,5
Rhaphidophora glauca,1544690,196825311,https://www.inaturalist.org/observations/196825311,needs_id,2024-01-13,"Garhwal Division, Uttarakhand, India",False,30.4125936,78.0983982301,harish34,Harish Dobhal,,1
Rhaphidophora glauca,1544690,139958678,https://www.inaturalist.org/observations/139958678,research,2022-10-22,"Kwholasothar, Nepal",False,28.2637,84.2756277778,basu_dev_neupane,Basu Dev Neupane,cc-by-nc,8
Rhaphidophora glauca,1544690,120191420,https://www.inaturalist.org/observations/120191420,research,2020-10-05,"87J5+8QX, Bhujung 33600, Nepal",False,28.3310283579,84.2594859749,basu_dev_neupane,Basu Dev Neupane,cc-by-nc,5
Rhaphidophora glauca,1544690,118381875,https://www.inaturalist.org/observations/118381875,research,2020-10-05,"Pasagaun, Nepal",False,28.2934194444,84.2396222222,basu_dev_neupane,Basu Dev Neupane,cc-by-nc,1
Rhaphidophora glauca,1544690,108942931,https://www.inaturalist.org/observations/108942931,research,2022-03-08,"Upper Chandmari, Sikkim, India",False,27.346372,88.648936,dineshvalke,Dinesh Valke,cc-by-sa,2
Rhaphidophora glauca,1544690,36335785,https://www.inaturalist.org/observations/36335785,research,2019-10-31,"Kerauja, Nepal",False,28.2795416667,84.898575,dronsse,,cc-by-nc,1
Rhaphidophora glauca,1544690,20719831,https://www.inaturalist.org/observations/20719831,needs_id,2014-12-16,"Sattal, Uttarakhand 263136, India",False,29.3523,79.5277,nyoni-pete,Pete Woodall,cc-by,4
Rhaphidophora hayi,518856,404812298,https://www.inaturalist.org/observations/404812298,needs_id,2016-04-04,"Cape Tribulation, QLD, AU",False,-16.0904471667,145.46257,lysw,Lysw,cc-by-nc,1
Rhaphidophora hayi,518856,404690015,https://www.inaturalist.org/observations/404690015,needs_id,2026-08-28,"Daintree, AU-QL-DG, AU-QL, AU",False,-16.13837296,145.44060843,skintoscale,Grant Houston,cc-by-nc,1
Rhaphidophora hayi,518856,403784390,https://www.inaturalist.org/observations/403784390,research,2026-09-27,"Daintree, AU-QL-DG, AU-QL, AU",False,-16.4699783333,145.3289866667,maosn13,Mason Nolan,cc-by-nc,1
Rhaphidophora hayi,518856,403688828,https://www.inaturalist.org/observations/403688828,research,2026-09-09,"Cape Tribulation QLD 4873, Australia",False,-16.0889165217,145.4633557051,lukelythgoe,Luke Lythgoe,cc0,2
Rhaphidophora hayi,518856,403490241,https://www.inaturalist.org/observations/403490241,research,2026-09-26,"Cape Tribulation Rd, Cape Tribulation, QLD, AU",False,-16.1382166667,145.44037,larkinthemorning,,cc-by-nc,1
Rhaphidophora hayi,518856,403395985,https://www.inaturalist.org/observations/403395985,research,2026-09-25,"Daintree, AU-QL-DG, AU-QL, AU",False,-16.1385469,145.4403947,martin487,Martin Rady,cc-by,3
Rhaphidophora hayi,518856,402952751,https://www.inaturalist.org/observations/402952751,needs_id,2026-09-24,"Cape Tribulation QLD 4873, Australia",False,-16.1380087825,145.4406062141,may_t,May,cc-by-nc,1
Rhaphidophora hayi,518856,402379648,https://www.inaturalist.org/observations/402379648,needs_id,2026-09-22,"Daintree National Park, Cow Bay, QLD, AU",False,-16.2394466667,145.4334716667,andrew_allen,Andrew Allen,cc-by,1
Rhaphidophora hayi,518856,402140291,https://www.inaturalist.org/observations/402140291,needs_id,2026-09-21,"Gianyar, Bali, ID",False,-8.5008114619,115.2768431198,ambikab,,cc-by-nc,1
Rhaphidophora hayi,518856,402125074,https://www.inaturalist.org/observations/402125074,research,2026-09-21,"Gianyar, Bali, ID",False,-8.5008063529,115.2768532269,indrabone,Indra Bone,cc-by-nc,1
Rhaphidophora hayi,518856,402125000,https://www.inaturalist.org/observations/402125000,research,2026-09-19,"Cape Tribulation QLD 4873, Australia",False,-16.1380345833,145.4404428967,rivendel,,cc-by-nc,1
Rhaphidophora hayi,518856,402095978,https://www.inaturalist.org/observations/402095978,research,2026-09-21,"Syndicate, QLD, AU",False,-16.4706301754,145.3306729545,jess582,Jess Ba,,3
Rhaphidophora hayi,518856,400676053,https://www.inaturalist.org/observations/400676053,research,2026-09-15,"Syndicate QLD 4873, Australia",False,-16.4700627508,145.3259116039,vickyrae,Vicky Rae Meadway,,1
Rhaphidophora hayi,518856,399512386,https://www.inaturalist.org/observations/399512386,needs_id,2026-08-28,"Daintree, Douglas, Queensland, Australia",False,-16.1380793,145.4405270997,bbiocons,Mark C,cc-by-nc,3
Rhaphidophora hayi,518856,398923265,https://www.inaturalist.org/observations/398923265,research,2026-08-23,"Upper Barron QLD 4883, Australia",False,-17.4260571995,145.4864776718,sarah_having_fun,Sarah Sun,cc-by-nc,3
Rhaphidophora hayi,518856,398904112,https://www.inaturalist.org/observations/398904112,research,2026-09-10,"Daintree, AU-QL-DG, AU-QL, AU",False,-16.4674987793,145.3215942383,bendoriu,,cc-by-nc,1
Rhaphidophora hayi,518856,397198848,https://www.inaturalist.org/observations/397198848,research,2026-09-04,"Syndicate, QLD, AU",False,-16.469795,145.3287366667,kultasiipi,,cc-by-nc,1
Rhaphidophora hayi,518856,397123007,https://www.inaturalist.org/observations/397123007,research,2026-09-04,"Cape Tribulation, QLD, AU",False,-16.1394555,145.4393616667,kultasiipi,,cc-by-nc,1
Rhaphidophora hayi,518856,397106181,https://www.inaturalist.org/observations/397106181,research,2026-09-04,"Douglas, AU-QL, AU",False,-16.4714183807,145.3278503418,coxc,Claire Cox,cc-by-nc,1
Rhaphidophora hayi,518856,396801053,https://www.inaturalist.org/observations/396801053,research,2026-08-01,"Daintree National Park, Syndicate, QLD, AU",False,-16.4706216667,145.3302916667,sdjbrown,Samuel Brown,cc0,3
Rhaphidophora hayi,518856,396212874,https://www.inaturalist.org/observations/396212874,research,2026-08-31,"Daintree, AU-QL-DG, AU-QL, AU",False,-16.46992236,145.32901827,rafaelrevoredo,,cc-by-nc,1
Rhaphidophora hayi,518856,395446612,https://www.inaturalist.org/observations/395446612,research,2026-08-23,"Syndicate QLD 4873, Australia",False,-16.4699396,145.3293309997,shelomi,Shelomi Doyle,cc-by,1
Rhaphidophora hayi,518856,395174228,https://www.inaturalist.org/observations/395174228,research,2026-08-28,"Cape Tribulation Rd, Cape Tribulation, QLD, AU",False,-16.1383583333,145.440675,natalie1227,Natalie Allen,cc-by,1
Rhaphidophora hayi,518856,395057865,https://www.inaturalist.org/observations/395057865,needs_id,2023-08-03,"Bali, Gianyar, Bali, ID",False,-8.4985383333,115.2459333333,fedetul,Federica Tuzza,cc-by-nc,1
Rhaphidophora hayi,518856,394369753,https://www.inaturalist.org/observations/394369753,research,2026-08-25,"Daintree, AU-QL-DG, AU-QL, AU",False,-16.46988854,145.32925945,charolais,,cc-by-nc,5
Rhaphidophora hayi,518856,394369529,https://www.inaturalist.org/observations/394369529,research,2026-08-25,"Daintree, AU-QL-DG, AU-QL, AU",False,-16.47131761,145.33061534,charolais,,cc-by-nc,3
Rhaphidophora hayi,518856,390951918,https://www.inaturalist.org/observations/390951918,needs_id,2026-08-09,"Gianyar, Bali, Indonesië",False,-8.5040033864,115.2548096144,jurrien,Jurriën de Vries,cc-by-nc,2
Rhaphidophora hayi,518856,390847006,https://www.inaturalist.org/observations/390847006,research,2026-08-13,"Syndicate, QLD, AU",False,-16.4695266667,145.32875,sh0nf0x,Sean,,1
Rhaphidophora hayi,518856,390781267,https://www.inaturalist.org/observations/390781267,research,2026-08-13,"Syndicate, QLD, AU",False,-16.4699216667,145.3289033333,inkwork,Cathg,cc-by-nc,1
Rhaphidophora hayi,518856,390504447,https://www.inaturalist.org/observations/390504447,research,2026-08-12,"Daintree, AU-QL-DG, AU-QL, AU",False,-16.1387055556,145.4401972222,jasminsvejka,,cc-by-nc,1
Rhaphidophora hayi,518856,390140724,https://www.inaturalist.org/observations/390140724,needs_id,2026-07-05,"Marina South, Singapur",False,1.2803290045,103.8637014981,wiktorbort,,cc-by-nc,1
Rhaphidophora hayi,518856,389944594,https://www.inaturalist.org/observations/389944594,research,2026-08-10,"Cape Tribulation Rd, Cape Tribulation, QLD, AU",False,-16.0872583333,145.461105,alexthornton76,Alex Thornton,cc-by-nc,1
Rhaphidophora hayi,518856,389938420,https://www.inaturalist.org/observations/389938420,research,2026-08-09,"Cape Tribulation Rd, Cape Tribulation, QLD, AU",False,-16.138065,145.4405366667,sh0nf0x,Sean,,1
Rhaphidophora hayi,518856,389938402,https://www.inaturalist.org/observations/389938402,research,2026-08-09,"Cape Tribulation Rd, Cape Tribulation, QLD, AU",False,-16.138065,145.4405366667,sh0nf0x,Sean,,1
Rhaphidophora hayi,518856,389495469,https://www.inaturalist.org/observations/389495469,research,2026-06-18,"Cape Tribulation QLD 4873, Australia",False,-16.1381015997,145.4405586997,luisstevens,Luis Stevens,cc-by-nc,1
Rhaphidophora hayi,518856,388703193,https://www.inaturalist.org/observations/388703193,needs_id,2026-08-04,"Daintree National Park, Cape Tribulation, QLD, AU",False,-16.1380083333,145.440505,jakehedge,,cc-by-nc,3
Rhaphidophora hayi,518856,387132875,https://www.inaturalist.org/observations/387132875,research,2026-07-31,"Douglas, AU-QL, AU",True,-16.4167359825,145.2213233702,nealkelso,Neal Kelso,cc-by,2
Rhaphidophora hayi,518856,387118557,https://www.inaturalist.org/observations/387118557,research,2026-07-29,"Douglas, AU-QL, AU",True,-16.4879901583,145.2920558399,nealkelso,Neal Kelso,cc-by,1
Rhaphidophora hayi,518856,386692001,https://www.inaturalist.org/observations/386692001,research,2026-07-30,"Mossman Gorge QLD 4873, Australia",False,-16.4746128353,145.3507163376,kidneymoth,,cc-by-nc,1
Rhaphidophora hayi,518856,386436155,https://www.inaturalist.org/observations/386436155,research,2026-07-29,"Mount Molloy, QLD, AU",False,-16.6474883333,145.40538,alexandersherer,Alexander Sherer,cc-by-nc,2
Rhaphidophora hayi,518856,386247514,https://www.inaturalist.org/observations/386247514,research,2026-07-28,"Mount Molloy, QLD, AU",False,-16.6473716667,145.4052283333,alexandersherer,Alexander Sherer,cc-by-nc,1
Rhaphidophora hayi,518856,386229311,https://www.inaturalist.org/observations/386229311,research,2026-07-29,"Mossman Gorge Rd, Mossman Gorge, QLD, AU",False,-16.4738855311,145.3509510957,juliewulie,Julie Butera,,1
Rhaphidophora hayi,518856,386195414,https://www.inaturalist.org/observations/386195414,research,2026-07-29,"Cape Tribulation QLD 4873, Australia",False,-16.170050646,145.3929685056,curleycurlew,Jonathan Curley,cc-by,1
Rhaphidophora hayi,518856,385664614,https://www.inaturalist.org/observations/385664614,research,2023-10-16,"Cape Tribulation QLD 4873, Australia",False,-16.1390821233,145.4397921767,fernando-corriplaya,Fernando del Valle,,1
Rhaphidophora hayi,518856,385486294,https://www.inaturalist.org/observations/385486294,research,2026-07-23,"Daintree, AU-QL-DG, AU-QL, AU",False,-16.4710657774,145.3311317992,nsparkey,,cc-by-nc,1
Rhaphidophora hayi,518856,384706819,https://www.inaturalist.org/observations/384706819,research,2026-07-21,"Daintree National Park - Cape York Peninsula Aboriginal Land, Syndicate, QLD, AU",False,-16.471645,145.331345,ebduell,Eric Duell,,1
Rhaphidophora hayi,518856,382491108,https://www.inaturalist.org/observations/382491108,research,2026-07-18,"Cape Tribulation QLD 4873, Australia",False,-16.09038248,145.4628223,naturalist148726,,,1
Rhaphidophora hayi,518856,382215089,https://www.inaturalist.org/observations/382215089,research,2026-07-13,"Cape Tribulation QLD 4873, Australia",False,-16.1389016,145.4379231,tbs_wilderness,Tom Schneider,cc-by-nc,1
Rhaphidophora hayi,518856,380325068,https://www.inaturalist.org/observations/380325068,research,2026-07-11,"Syndicate QLD 4873, Australia",False,-16.4698899997,145.3288349,tbs_wilderness,Tom Schneider,cc-by-nc,1
Rhaphidophora hayi,518856,380305911,https://www.inaturalist.org/observations/380305911,research,2026-07-11,"Cape Tribulation, QLD, AU",False,-16.0892666667,145.463395,aeithalis,Linus Brinker,cc-by-nc,1
Rhaphidophora hayi,518856,380302239,https://www.inaturalist.org/observations/380302239,research,2026-07-11,"Cape Tribulation, QLD, AU",False,-16.09345,145.463105,aeithalis,Linus Brinker,cc-by-nc,1
Rhaphidophora hayi,518856,380248319,https://www.inaturalist.org/observations/380248319,research,2023-08-12,"Daintree Rainforest, 2333 Cape Tribulation Rd, Cape Tribulation QLD 4873, Australia",False,-16.1700308,145.4184612,joamm,Johannes,cc-by-nc,1
Rhaphidophora hayi,518856,380195181,https://www.inaturalist.org/observations/380195181,research,2026-07-11,"Syndicate, QLD, AU",False,-16.4699366667,145.32927,aeithalis,Linus Brinker,cc-by-nc,1
Rhaphidophora hayi,518856,380195165,https://www.inaturalist.org/observations/380195165,research,2026-07-11,"Syndicate, QLD, AU",False,-16.469905,145.329055,aeithalis,Linus Brinker,cc-by-nc,1
Rhaphidophora hayi,518856,380195055,https://www.inaturalist.org/observations/380195055,research,2026-07-11,"Syndicate, QLD, AU",False,-16.4698416667,145.3288716667,aeithalis,Linus Brinker,cc-by-nc,1
Rhaphidophora hayi,518856,378665679,https://www.inaturalist.org/observations/378665679,needs_id,2026-07-05,"Shannonvale, QLD, AU",False,-16.4720687252,145.329571215,iandickie,Ian Dickie,cc-by,2
Rhaphidophora hayi,518856,376828546,https://www.inaturalist.org/observations/376828546,research,2026-02-20,"Syndicate QLD 4873, Australien",False,-16.4699016667,145.3289983333,chiara_wllr,Chiara,cc-by-nc,2
Rhaphidophora hayi,518856,374758356,https://www.inaturalist.org/observations/374758356,research,2026-06-10,"Cape Tribulation, QLD, AU",False,-16.072729296,145.4530055491,alishacoots,,cc-by-nc,1
Rhaphidophora hayi,518856,374537423,https://www.inaturalist.org/observations/374537423,research,2026-06-23,"Daintree, AU-QL-DG, AU-QL, AU",False,-16.1395028198,145.4393377239,hazyc3,hazel,cc-by-nc,1
Rhaphidophora hayi,518856,373853463,https://www.inaturalist.org/observations/373853463,research,2026-06-15,"Cape Tribulation, QLD, AU",False,-16.0908,145.4627533333,flari0n,,,1
Rhaphidophora hayi,518856,372543458,https://www.inaturalist.org/observations/372543458,needs_id,2026-06-04,"Limau Asri, Kec. Mimika Baru, Kabupaten Mimika, Papua Tengah, Indonesia",False,-4.561499,136.7768732,referiqbal,Refer Iqbal,cc-by-nc,1
Rhaphidophora hayi,518856,372217524,https://www.inaturalist.org/observations/372217524,needs_id,2026-06-04,"Naena Muktipura, Kec. Kuala Kencana, Kabupaten Mimika, Papua Tengah, Indonesia",False,-4.5739845,136.6319212,referiqbal,Refer Iqbal,cc-by-nc,1
Rhaphidophora hayi,518856,371831140,https://www.inaturalist.org/observations/371831140,research,2026-06-15,"PWH2+W3, Wooroonooran QLD 4860, Australia",False,-17.2705389997,145.9003069997,evertjm,Evert Materman,cc-by-sa,1
Rhaphidophora hayi,518856,370173667,https://www.inaturalist.org/observations/370173667,research,2025-08-11,"Cape Tribulation, QLD, AU",False,-16.1393055,145.4394383333,doninella,doninella,cc-by-nc,1
Rhaphidophora hayi,518856,368897817,https://www.inaturalist.org/observations/368897817,research,2016-07-28,"Myall Beach, Cape Tribulation QLD 4873, Australia",False,-16.0849231,145.4685523,cco,Colin Ogle,cc-by-nc,2
Rhaphidophora hayi,518856,368653129,https://www.inaturalist.org/observations/368653129,needs_id,2026-06-03,"RT.04/RW.02, Paledang, Kecamatan Bogor Tengah, Kota Bogor, Jawa Barat, Indonesia",False,-6.597628929,106.799569577,ayukhoeruln03,ai khona,cc-by-nc,2
Rhaphidophora hayi,518856,368290559,https://www.inaturalist.org/observations/368290559,needs_id,2026-06-04,"RT.04/RW.02, Paledang, Kecamatan Bogor Tengah, Kota Bogor, Jawa Barat, Indonesia",False,-6.597628929,106.799569577,sumiati,,cc-by-nc,3
Rhaphidophora hayi,518856,368242440,https://www.inaturalist.org/observations/368242440,needs_id,2026-06-04,"Jalan Astrid, Bogor, West Java, ID",False,-6.59563,106.8033,ermahera,erma herawati,cc-by-nc,1
Rhaphidophora hayi,518856,368228572,https://www.inaturalist.org/observations/368228572,needs_id,2026-06-04,"Bogor, West Java, ID",False,-6.5942166667,106.8014966667,dianti_din,,cc-by-nc,1
Rhaphidophora hayi,518856,366514830,https://www.inaturalist.org/observations/366514830,needs_id,2026-05-27,"Lakeland, QLD, AU",False,-16.2242772085,144.7003812746,audrey20579,Audrey Westerhold,cc-by-nc,1
Rhaphidophora hayi,518856,366514202,https://www.inaturalist.org/observations/366514202,needs_id,2026-05-27,"Lakeland, QLD, AU",False,-15.9290128728,145.0014428725,audrey20579,Audrey Westerhold,cc-by-nc,1
Rhaphidophora hayi,518856,366509734,https://www.inaturalist.org/observations/366509734,research,2026-05-27,"Daintree Rainforest, 2333 Cape Tribulation Rd, Cape Tribulation QLD 4873, Australia",False,-16.1700308,145.4184612,abbz_dolphin7,Abby,cc-by-nc,1
Rhaphidophora hayi,518856,363151325,https://www.inaturalist.org/observations/363151325,research,2024-10-02,"Noah QLD 4873, Australia",False,-16.2104508782,145.3516839399,natureneeded,,cc-by-nc,1
Rhaphidophora hayi,518856,362095281,https://www.inaturalist.org/observations/362095281,research,2016-09-08,"Cape Tribulation QLD 4873, Australia",False,-16.0888584,145.4622284,chefjbosley,,cc-by-nc,1
Rhaphidophora hayi,518856,360549942,https://www.inaturalist.org/observations/360549942,research,2026-04-26,"Syndicate QLD 4873, Australia",False,-16.46981075,145.32874251,ray_turnbull,Ray Turnbull,cc-by-nc,1
Rhaphidophora hayi,518856,358524395,https://www.inaturalist.org/observations/358524395,research,2006-11-17,"Danbulla QLD 4872, Australia",False,-17.097958728,145.5900328159,russellbarrett,Russell Barrett,cc-by-nc,2
Rhaphidophora hayi,518856,358246700,https://www.inaturalist.org/observations/358246700,research,2026-05-04,"Daintree, AU-QL-DG, AU-QL, AU",False,-16.4697616667,145.3287666667,dave_shenton,Dave Shenton,cc0,2
Rhaphidophora hayi,518856,353754175,https://www.inaturalist.org/observations/353754175,research,2026-04-24,"Diwan QLD 4873, Australia",False,-16.1664276513,145.4129942134,mothgoggles,Bev,cc-by-nc-nd,1
Rhaphidophora hayi,518856,351656552,https://www.inaturalist.org/observations/351656552,needs_id,2026-04-14,"Kabupaten Keerom, Papua, Indonesia",False,-3.0301916667,140.8416277778,referiqbal,Refer Iqbal,cc-by-nc,1
Rhaphidophora hayi,518856,351473402,https://www.inaturalist.org/observations/351473402,needs_id,2026-04-14,"Kabupaten Keerom, Papua, Indonesia",False,-3.3449536,140.7624493,referiqbal,Refer Iqbal,cc-by-nc,1
Rhaphidophora hayi,518856,350758031,https://www.inaturalist.org/observations/350758031,needs_id,2026-04-14,"Keerom Regency, Papua, Indonesia",False,-3.0301916667,140.8416277778,fm_ibrahim,,cc-by-nc,1
Rhaphidophora hayi,518856,350742278,https://www.inaturalist.org/observations/350742278,needs_id,2026-04-18,"Diwan, QLD, AU",False,-16.1663911261,145.4206558339,coralbark,,cc-by-nc,1
Rhaphidophora hayi,518856,350213575,https://www.inaturalist.org/observations/350213575,needs_id,2026-04-16,"3, Kuala Rompin, Pahang, MY",False,2.9011605847,103.4246344404,salasiahmatakir,NURUL ALEEYANA,cc-by-nc,1
Rhaphidophora hayi,518856,349931868,https://www.inaturalist.org/observations/349931868,needs_id,2026-04-15,"Simpang Sepayang, 26800 Kuala Rompin, Pahang, Malaysia",False,2.7633936854,103.4989923611,chonglianwah,,cc-by-nc,2
Rhaphidophora hayi,518856,348080177,https://www.inaturalist.org/observations/348080177,research,2026-04-06,"Queensland, AU",True,-16.718243166,145.537112039,lread,Lachlan,cc-by-nc,1
Rhaphidophora hayi,518856,345868184,https://www.inaturalist.org/observations/345868184,research,2024-04-06,Australia,False,-16.1230763403,145.456710197,rbonduriansky,,cc-by-nc,1
Rhaphidophora hayi,518856,345641807,https://www.inaturalist.org/observations/345641807,needs_id,2026-03-28,"S'pore Zoo, 新加坡",False,1.4026093997,103.7907661997,sujenyu,Sujen Yu,,1
Rhaphidophora hayi,518856,344831470,https://www.inaturalist.org/observations/344831470,research,2026-03-23,"Syndicate QLD 4873, Australia",False,-16.4699403,145.3290425,driftwoodtours,Driftwood Tours,cc-by-nc,1
Rhaphidophora hayi,518856,342531960,https://www.inaturalist.org/observations/342531960,research,2026-02-23,"Daintree National Park - Cape York Peninsula Aboriginal Land, Cape Tribulation, QLD, AU",False,-16.1379240004,145.4404078473,laylasilva4,Layla Silva,cc-by-nc,2
Rhaphidophora hayi,518856,342401472,https://www.inaturalist.org/observations/342401472,research,2026-03-11,"Daintree National Park, Syndicate, QLD, AU",False,-16.4697533333,145.3286883333,walruswatermelon,,cc0,2
Rhaphidophora hayi,518856,342382495,https://www.inaturalist.org/observations/342382495,research,2026-02-24,"Cape Tribulation QLD 4873, Australia",False,-16.0902833333,145.4626166667,zakjurdan,,cc-by-nc,4
Rhaphidophora hayi,518856,342017247,https://www.inaturalist.org/observations/342017247,research,2026-01-28,"Daintree, AU-QL-DG, AU-QL, AU",False,-16.4698661997,145.3295952997,maizef,Maize,cc-by-nc,2
Rhaphidophora hayi,518856,341340748,https://www.inaturalist.org/observations/341340748,research,2026-02-24,Dubuji Boardwalk,False,-16.088881408,145.4624638706,jeez_luiz,Luiz Stern,cc-by-nc,6
Rhaphidophora hayi,518856,341201338,https://www.inaturalist.org/observations/341201338,research,2026-02-24,"Daintree National Park - Cape York Peninsula Aboriginal Land, Cape Tribulation, QLD, AU",False,-16.0908888333,145.462845,zoecia,,cc-by-nc,4
Rhaphidophora hayi,518856,340706747,https://www.inaturalist.org/observations/340706747,research,2026-02-24,"Daintree National Park - Cape York Peninsula Aboriginal Land, Cape Tribulation, QLD, AU",False,-16.0907445,145.4626783333,yoyoshi823,,cc-by-nc,7
Rhaphidophora hayi,518856,340542872,https://www.inaturalist.org/observations/340542872,research,2026-02-23,"Cape Tribulation Rd, Cape Tribulation, QLD, AU",False,-16.1380585556,145.4405214677,mowen216,,cc-by-nc,4
Rhaphidophora hayi,518856,340428153,https://www.inaturalist.org/observations/340428153,research,2026-02-23,"Cape Tribulation Rd, Cape Tribulation, QLD, AU",False,-16.1383583333,145.4405833333,josiesylow,Josephine (Josie) Low,,4
Rhaphidophora hayi,518856,340383027,https://www.inaturalist.org/observations/340383027,research,2026-02-24,"Daintree, AU-QL-DG, AU-QL, AU",False,-16.090683,145.462904,rowt,Rowan Thomas,cc-by-nc,6
Rhaphidophora hayi,518856,339974512,https://www.inaturalist.org/observations/339974512,needs_id,2026-02-24,"Daintree National Park - Cape York Peninsula Aboriginal Land, Cape Tribulation, QLD, AU",False,-16.0903700305,145.4627205901,arisaurus,,cc-by-nc,4
Rhaphidophora hayi,518856,339528983,https://www.inaturalist.org/observations/339528983,needs_id,2026-02-20,"Jalan Paprika B3 No.8, Cihideung Ilir, Kec. Ciampea, Kabupaten Bogor, Jawa Barat 16620, Indonesia",False,-6.56785,106.7191944444,trihapsoro,Nadhifa Trihapsoro,,2
Rhaphidophora hayi,518856,339480954,https://www.inaturalist.org/observations/339480954,research,2026-01-28,"Syndicate QLD 4873, Australia",False,-16.4703519722,145.330079,stefmatis,,cc-by-nc,1
Rhaphidophora hayi,518856,339480530,https://www.inaturalist.org/observations/339480530,research,2026-01-28,"Syndicate QLD 4873, Australia",False,-16.4697609722,145.3296689722,stefmatis,,cc-by-nc,2
Rhaphidophora hayi,518856,338869045,https://www.inaturalist.org/observations/338869045,research,2026-02-15,"212r Mossman Gorge Rd, Mossman Gorge QLD 4873, Australia",False,-16.4748460339,145.3365764686,mlankford,Margarita Lankford,cc-by-nc,1
Rhaphidophora hayi,518856,338842832,https://www.inaturalist.org/observations/338842832,research,2019-07-09,"Cape Tribulation QLD 4873, Australia",False,-16.0833333,145.4393414482,anuralitoria,,cc-by-nc,1
Rhaphidophora hayi,518856,338173276,https://www.inaturalist.org/observations/338173276,research,2026-02-11,"534C+3WV, Amban, Manokwari Barat, Manokwari Regency, West Papua, Indonesien",False,-0.8458114361,134.072561525,tom-kirschey,Tom Kirschey,cc-by-nc,2
Rhaphidophora hayi,518856,337695161,https://www.inaturalist.org/observations/337695161,research,2026-01-10,"Cape Tribulation QLD 4873, Australia",False,-16.1384188167,145.4400537542,quirino,,cc-by,2
Rhaphidophora hayi,518856,337417525,https://www.inaturalist.org/observations/337417525,research,2026-02-05,"Cape Tribulation Rd, Cape Tribulation, QLD, AU",False,-16.0898861667,145.4623716667,frenchie_kitty,Kathleen Stewart,cc-by-nc,1
Rhaphidophora hayi,518856,336435094,https://www.inaturalist.org/observations/336435094,needs_id,2026-01-28,Kuta,False,-8.686050415,115.1664276123,bathshebasativa,Bathsheba Sativa,cc-by-nc,1
Rhaphidophora hayi,518856,336101370,https://www.inaturalist.org/observations/336101370,research,2014-07-03,"Daintree, AU-QL-DG, AU-QL, AU",False,-16.0903840629,145.4627559796,horivi,,cc-by-nc,1
Rhaphidophora hayi,518856,336067942,https://www.inaturalist.org/observations/336067942,research,2014-07-03,"Cape Tribulation Queensland 4873, Australien",False,-16.1384145988,145.4406106765,horivi,,cc-by-nc,1
Rhaphidophora hayi,518856,334908718,https://www.inaturalist.org/observations/334908718,needs_id,2026-01-15,"Singapore, SG, SG",False,1.3793116667,103.9498216667,surabhi_pal,,cc-by-nc,1
Rhaphidophora hayi,518856,334585276,https://www.inaturalist.org/observations/334585276,research,2026-01-13,"Java, Yogyakarta, Daerah Istimewa Yogyakarta, ID",False,-7.8020977467,110.375848402,coconut-etiennus,Corinne THOMAS / Etienne VILLARET,cc-by-nc,2
Rhaphidophora hayi,518856,334320566,https://www.inaturalist.org/observations/334320566,needs_id,2026-01-11,"Ngagel Jaya B, Pucang Sewu, Kec. Gubeng, Surabaya, Jawa Timur, Indonesia",False,-7.2927704,112.7555035997,ulfi_faizah,Ulfi Faizah,cc-by-nc,2
Rhaphidophora hayi,518856,332890661,https://www.inaturalist.org/observations/332890661,needs_id,2026-01-01,"Kuta, Badung Regency, Bali, Indonesia",False,-8.7323626,115.1694549,leom2015,Michael Blaisdell,,2
Rhaphidophora hayi,518856,332887637,https://www.inaturalist.org/observations/332887637,needs_id,2025-12-31,"Faculty of Technology, University of Sri Jayewardenepura",False,6.8220629,80.0424728,buddhima_sahasra,,cc-by-nc,1
Rhaphidophora hayi,518856,331434513,https://www.inaturalist.org/observations/331434513,research,2025-12-20,"Cape Tribulation QLD 4873, Australia",False,-16.0893188,145.4635874997,polylepis,Abhishek N. Prasad,cc-by-nc,1
Rhaphidophora hayi,518856,331434494,https://www.inaturalist.org/observations/331434494,research,2025-12-20,"Cape Tribulation QLD 4873, Australia",False,-16.0893136,145.4636031997,polylepis,Abhishek N. Prasad,cc-by-nc,1
Rhaphidophora hayi,518856,331377480,https://www.inaturalist.org/observations/331377480,research,2025-12-20,"Syndicate, QLD, AU",False,-16.4704704688,145.3288379205,finn_stanaway,Finn Stanaway,cc-by-nc,1
Rhaphidophora hayi,518856,331368070,https://www.inaturalist.org/observations/331368070,needs_id,2025-12-16,"Kasihan, Bantul Regency, Special Region of Yogyakarta, Indonesia",False,-7.8158333333,110.3361,ongzi,Ong Jyh Seng,cc-by,1
Rhaphidophora hayi,518856,330595841,https://www.inaturalist.org/observations/330595841,needs_id,2025-06-20,"Douglas, Queensland, Australia",False,-16.1417472222,145.4297722222,chris16887,Chris,cc-by-nc,1
Rhaphidophora hayi,518856,330595837,https://www.inaturalist.org/observations/330595837,research,2025-06-19,"Thornton Beach QLD 4873, Australia",False,-16.1427583333,145.4295166667,chris16887,Chris,cc-by-nc,1
Rhaphidophora hayi,518856,330225017,https://www.inaturalist.org/observations/330225017,needs_id,2025-12-10,"Springleaf, Singapore",False,1.3989967427,103.8183388487,leewm66,,cc-by-nc,1
Rhaphidophora hayi,518856,330074848,https://www.inaturalist.org/observations/330074848,research,2025-10-15,"Mossman Gorge QLD 4873, Australia",False,-16.4746141,145.3507164,rosewise,rosewise,cc-by-nc,1
Rhaphidophora hayi,518856,330074845,https://www.inaturalist.org/observations/330074845,research,2025-10-15,"Mossman Gorge QLD 4873, Australia",False,-16.4746141,145.3507164,rosewise,rosewise,cc-by-nc,1
Rhaphidophora hayi,518856,330074844,https://www.inaturalist.org/observations/330074844,research,2025-10-15,"Mossman Gorge QLD 4873, Australia",False,-16.4746141,145.3507164,rosewise,rosewise,cc-by-nc,2
Rhaphidophora hayi,518856,330074840,https://www.inaturalist.org/observations/330074840,needs_id,2025-10-15,"Mossman Gorge QLD 4873, Australia",False,-16.4746141,145.3507164,rosewise,rosewise,cc-by-nc,1
Rhaphidophora hayi,518856,329982868,https://www.inaturalist.org/observations/329982868,needs_id,2025-11-28,"Mirissa, Sri Lanka",False,5.9489055556,80.4716111111,anastasiiamerkulova,Anastasiia Merkulova,cc-by-nc,1
Rhaphidophora hayi,518856,329953163,https://www.inaturalist.org/observations/329953163,research,2025-11-11,"Cape Tribulation, QLD, AU",False,-16.1379833333,145.427445,douch,James K. Douch,cc-by-sa,1
Rhaphidophora hayi,518856,329709353,https://www.inaturalist.org/observations/329709353,needs_id,2025-11-29,Indonesia,True,-8.7188947802,115.1140446926,steven-cyclist,Steven Bodzin,cc-by,2
Rhaphidophora hayi,518856,329550432,https://www.inaturalist.org/observations/329550432,research,2025-11-30,"Mareeba, QLD, AU",False,-16.9878567264,145.4939791393,vanjapalm,,cc-by-nc,1
Rhaphidophora hayi,518856,329042224,https://www.inaturalist.org/observations/329042224,needs_id,2025-11-25,"Daintree National Park - Cape York Peninsula Aboriginal Land, Syndicate, QLD, AU",False,-16.46933,145.3220833333,garryfletcher,Garry Fletcher,cc-by-nc,4
Rhaphidophora hayi,518856,328688203,https://www.inaturalist.org/observations/328688203,needs_id,2024-09-20,"Cape Tribulation, QLD, AU",False,-16.0906055,145.4627833333,mrk252,Margaret Krause,cc-by-nc,1
Rhaphidophora hayi,518856,328053708,https://www.inaturalist.org/observations/328053708,needs_id,2025-11-24,"Sabaragamuwa, LK",False,6.4414783333,80.4132383333,kultasiipi,,cc-by-nc,1
Rhaphidophora hayi,518856,327945853,https://www.inaturalist.org/observations/327945853,research,2016-04-23,"Cow Bay QLD 4873, Australia",False,-16.2352980777,145.4230800089,ossifrage94,Dean Hester,cc-by-nc,1
Rhaphidophora hayi,518856,326612038,https://www.inaturalist.org/observations/326612038,research,2025-11-15,"Cape Tribulation QLD 4873, Australia",False,-16.1388628959,145.4401431978,theocolin,Théotime Colin,cc-by-nc,1
Rhaphidophora hayi,518856,326082408,https://www.inaturalist.org/observations/326082408,research,2008-04-09,"Lamb Range QLD 4870, Australia",False,-16.964134522,145.668646095,cdjshepherd,Christopher Shepherd,,1
Rhaphidophora hayi,518856,325310431,https://www.inaturalist.org/observations/325310431,research,2025-05-19,Cape Tribulation,False,-16.0921374901,145.4626183659,marshal451,Marshal,cc-by-nc,1
Rhaphidophora hayi,518856,324995774,https://www.inaturalist.org/observations/324995774,research,2025-09-08,"Mossman Gorge Rd, Syndicate, QLD, AU",False,-16.4717563751,145.3315140876,jenaee,,cc-by-nc,1
Rhaphidophora hayi,518856,324136118,https://www.inaturalist.org/observations/324136118,needs_id,2025-10-30,"Ballarpur, Maharashtra, IN",False,19.8804833333,79.3374333333,swapnil20790,Swapnil Satpute,cc-by-nc,1
Rhaphidophora hayi,518856,322759884,https://www.inaturalist.org/observations/322759884,research,2025-08-10,"Daintree National Park, Syndicate, QLD, AU",False,-16.4698133333,145.32573,rikef,RikeF,cc-by-nc,4
Rhaphidophora hayi,518856,322515896,https://www.inaturalist.org/observations/322515896,needs_id,2025-10-23,"Raja Ampat, ID-IB, ID",False,-0.4104628771,130.7982579059,rich_fuller,Richard Fuller,cc0,2
Rhaphidophora hayi,518856,322074101,https://www.inaturalist.org/observations/322074101,needs_id,2024-09-15,"capo Tribulation Queensland 4873, Australia",False,-16.1380833333,145.4407222222,jacopo_cristoni,Jacopo Cristoni,cc-by-nc,1
Rhaphidophora hayi,518856,321788927,https://www.inaturalist.org/observations/321788927,needs_id,2025-10-19,"Mossman Gorge QLD 4873, Australia",False,-16.4714150553,145.3307147697,tahnmiller,Tahn Miller,cc-by-nc,1
Rhaphidophora hayi,518856,321510355,https://www.inaturalist.org/observations/321510355,needs_id,2025-10-18,"Jalan Sukasari, Tasikmalaya, West Java, ID",False,-7.3262216667,108.2317366667,ariirawan,Ari Irawan,cc-by-nc,2
Rhaphidophora hayi,518856,321382256,https://www.inaturalist.org/observations/321382256,needs_id,2025-09-29,"Daintree, AU-QL-DG, AU-QL, AU",False,-16.1381138333,145.4405366667,makacin,,cc-by-nc,1
Rhaphidophora hayi,518856,321198504,https://www.inaturalist.org/observations/321198504,research,2025-09-29,"Cape Tribulation QLD 4873, Australia",False,-16.1377611111,145.4404611111,nicholasmccarver,,cc-by-nc,1
Rhaphidophora hayi,518856,321196585,https://www.inaturalist.org/observations/321196585,research,2025-09-29,"Daintree, AU-QL-DG, AU-QL, AU",False,-16.1377601684,145.440459564,nicholasmccarver,,cc-by-nc,1
Rhaphidophora hayi,518856,321192504,https://www.inaturalist.org/observations/321192504,research,2025-10-15,"Daintree, AU-QL-DG, AU-QL, AU",False,-16.4696731032,145.3287821713,rosewise,rosewise,cc-by-nc,1
Rhaphidophora hayi,518856,320773971,https://www.inaturalist.org/observations/320773971,needs_id,2025-07-31,"Townsville QLD, Australia",False,-19.31,146.7644,russellcumming,Russell Cumming,cc-by-nc,9
Rhaphidophora hayi,518856,320313239,https://www.inaturalist.org/observations/320313239,research,2011-06-24,"Syndicate QLD 4873, Australia",False,-16.4704658678,145.3298720408,gwarn2526,Geoff Warn,cc-by-nc,2
Rhaphidophora hayi,518856,320117903,https://www.inaturalist.org/observations/320117903,research,2025-10-11,"Cape Tribulation Rd, Cape Tribulation, QLD, AU",False,-16.1385278333,145.4393783333,gideononorpheus,Gideon Heller-Wagner,,1
Rhaphidophora hayi,518856,319009424,https://www.inaturalist.org/observations/319009424,needs_id,2025-10-04,"Shannonvale QLD 4873, Australie",False,-16.4765644005,145.3292402253,sacha45,Sacha,,1
Rhaphidophora hayi,518856,318158679,https://www.inaturalist.org/observations/318158679,research,2025-10-02,"Cape Tribulation QLD 4873, Australia",False,-16.1394638889,145.4392888889,jfloer,J Floer,cc-by-nc,2
Rhaphidophora hayi,518856,317677452,https://www.inaturalist.org/observations/317677452,needs_id,2025-09-27,"75W7+WMH, Legian, Kuta, Badung Regency, Bali, Indonesia",False,-8.7027026997,115.1637467,valerielacigale,Valérie,cc-by-nc,1
Rhaphidophora hayi,518856,317557439,https://www.inaturalist.org/observations/317557439,needs_id,2023-07-10,"Syndicate, QLD, AU",False,-16.4709383333,145.3356333333,reluctantlyzesty,,cc-by-nc,1
Rhaphidophora hayi,518856,316227100,https://www.inaturalist.org/observations/316227100,research,2025-09-24,"Douglas, AU-QL, AU",False,-16.1642825344,145.44314209,prue94574,Prue Patch,cc-by-nc,3
Rhaphidophora hayi,518856,315945440,https://www.inaturalist.org/observations/315945440,research,2025-07-11,"Daintree National Park, Cape Tribulation, QLD, AU",False,-16.1388528333,145.437545,onetapir,Ciaran Ernst-Russell,cc-by-nc,1
Rhaphidophora hayi,518856,314055031,https://www.inaturalist.org/observations/314055031,research,2025-08-20,"Syndicate QLD 4873, Australia",False,-16.4698218997,145.3288023,pars,Pars Çitilci,,2
Rhaphidophora hayi,518856,313812908,https://www.inaturalist.org/observations/313812908,needs_id,2025-09-14,"Bali, Gianyar, Bali, ID",False,-8.5044033333,115.2550666667,alpineflora,D. Hämmerli,,2
Rhaphidophora hayi,518856,313457555,https://www.inaturalist.org/observations/313457555,research,2025-09-10,"Cape Tribulation QLD 4873, Australia",False,-16.1377746414,145.4403151944,lukemcooo,Luke Cooper,cc-by-nc,1
Rhaphidophora hayi,518856,313416417,https://www.inaturalist.org/observations/313416417,research,2024-05-15,"Diwan QLD 4873, Australia",False,-16.1700306812,145.4184608907,natureobserver1234,,cc-by-nc,1
Rhaphidophora hayi,518856,312574887,https://www.inaturalist.org/observations/312574887,research,2025-07-10,"Daintree National Park, Syndicate, QLD, AU",False,-16.4698783333,145.3294966667,onetapir,Ciaran Ernst-Russell,cc-by-nc,2
Rhaphidophora hayi,518856,311885271,https://www.inaturalist.org/observations/311885271,research,2025-09-06,"Daintree National Park, Syndicate, QLD, AU",False,-16.4705716667,145.330475,denimcc,,,1
Rhaphidophora hayi,518856,311808605,https://www.inaturalist.org/observations/311808605,research,2023-08-16,"Syndicate QLD 4873, Australia",False,-16.4712906219,145.3290568472,marleyi,Marley Ford,cc-by-nc-sa,2
Rhaphidophora hayi,518856,311808591,https://www.inaturalist.org/observations/311808591,needs_id,2023-08-16,"Shannonvale QLD 4873, Australia",False,-16.4712227083,145.3287559353,marleyi,Marley Ford,cc-by-nc-sa,4
Rhaphidophora hayi,518856,311645097,https://www.inaturalist.org/observations/311645097,research,2025-09-05,"Mossman QLD 4873, Australia",False,-16.4622548242,145.3806752712,stuartyeates,Stuart Yeates,cc-by,1
Rhaphidophora hayi,518856,310992204,https://www.inaturalist.org/observations/310992204,research,2025-09-02,"Cape Tribulation Rd, Cape Tribulation, QLD, AU",False,-16.1382805,145.4406133333,kim16838,Kim Bradley,cc-by-nc,1
Rhaphidophora hayi,518856,310989481,https://www.inaturalist.org/observations/310989481,needs_id,2024-07-18,"Cape Tribulation QLD, Australia",False,-16.089803,145.462639,phklsch,Philipp,cc-by-nc,1
Rhaphidophora hayi,518856,309886724,https://www.inaturalist.org/observations/309886724,needs_id,2025-06-16,"Daintree, AU-QL-DG, AU-QL, AU",False,-16.4699633333,145.3292383333,soph40,,cc-by-nc,1
Rhaphidophora hayi,518856,307726157,https://www.inaturalist.org/observations/307726157,research,2025-08-20,"Syndicate QLD 4873, Australia",False,-16.4676394354,145.3271249738,paluma,Graham Bell,cc-by-nc,1
Rhaphidophora hayi,518856,307615189,https://www.inaturalist.org/observations/307615189,needs_id,2025-08-08,"Daintree, AU-QL-DG, AU-QL, AU",False,-16.138799346,145.4380925545,skh83,,cc-by-nc,1
Rhaphidophora hayi,518856,306687653,https://www.inaturalist.org/observations/306687653,research,2025-08-16,"Thornton Beach, QLD, AU",False,-16.1473361667,145.4353783333,proffenlon,Deborah Spurr,cc-by,1
Rhaphidophora hayi,518856,306671601,https://www.inaturalist.org/observations/306671601,needs_id,2025-08-16,"Douglas, AU-QL, AU",False,-16.1473361667,145.4353783333,proffenlon,Deborah Spurr,cc-by,1
Rhaphidophora hayi,518856,306374638,https://www.inaturalist.org/observations/306374638,needs_id,2025-08-14,"Cape Tribulation Rd, Cape Tribulation, QLD, AU",False,-16.1380278333,145.4405216667,eustreptospondylus,eustreptospondylus,cc-by-nc,4
Rhaphidophora hayi,518856,305922477,https://www.inaturalist.org/observations/305922477,needs_id,2022-09-15,"Stewart Creek Valley, QLD, AU",False,-16.2972018001,145.3262919307,cozza098,,cc-by-nc,3
Rhaphidophora hayi,518856,305423771,https://www.inaturalist.org/observations/305423771,research,2025-08-07,Cape Tribulation,False,-16.1026973724,145.4516143799,monikaadu,,cc-by-nc,1
Rhaphidophora hayi,518856,305217901,https://www.inaturalist.org/observations/305217901,needs_id,2025-08-10,"Cape Tribulation Queensland, Australia",False,-16.089900779,145.4635610435,fenri,Fenri,cc-by-nc,1
Rhaphidophora hayi,518856,305214727,https://www.inaturalist.org/observations/305214727,research,2025-08-10,"Finlayvale QLD 4873, Australia",False,-16.4709572204,145.3368462565,fenri,Fenri,cc-by-nc,1
Rhaphidophora hayi,518856,304900365,https://www.inaturalist.org/observations/304900365,research,2025-08-09,"Stonewood Rd, Diwan, QLD, AU",False,-16.1694544311,145.4105713179,regnans,Sue Tardif,cc-by-nc,1
Rhaphidophora hayi,518856,304578271,https://www.inaturalist.org/observations/304578271,research,2024-08-26,"Cape Tribulation QLD, Australia",False,-16.1391275907,145.4404177677,baronsamedi,baronsamedi,cc-by-sa,1
Rhaphidophora hayi,518856,304417579,https://www.inaturalist.org/observations/304417579,needs_id,2025-08-07,"Daintree, AU-QL-DG, AU-QL, AU",False,-16.1387930469,145.4378632901,regnans,Sue Tardif,cc-by-nc,2
Rhaphidophora hayi,518856,303661701,https://www.inaturalist.org/observations/303661701,needs_id,2025-08-04,"Daintree, AU-QL-DG, AU-QL, AU",False,-16.47110613,145.33107751,guillaume_martin,Guillaume Martin,cc-by-nc,1
Rhaphidophora hayi,518856,303661328,https://www.inaturalist.org/observations/303661328,needs_id,2025-08-04,"Daintree, AU-QL-DG, AU-QL, AU",False,-16.47026019,145.33007868,guillaume_martin,Guillaume Martin,cc-by-nc,1
Rhaphidophora hayi,518856,302319943,https://www.inaturalist.org/observations/302319943,needs_id,2024-10-31,"Syndicate QLD 4873, Australie",False,-16.4702728631,145.3242193418,romainpboisseau,Romain Boisseau,cc-by-sa,1
Rhaphidophora hayi,518856,301741084,https://www.inaturalist.org/observations/301741084,research,2025-07-28,"Cape Tribulation Rd, Cape Tribulation, QLD, AU",False,-16.1386805,145.4382166667,stefaniagoodrich,Stefania Goodrich,,1
Rhaphidophora hayi,518856,300433601,https://www.inaturalist.org/observations/300433601,research,2024-03-20,"Syndicate, QLD, AU",False,-16.4699583333,145.32898,tyler_gregg,Tyler Gregg,cc-by-nc,1
Rhaphidophora hayi,518856,299693612,https://www.inaturalist.org/observations/299693612,research,2011-06-25,"Cape Tribulation QLD, Australia",False,-16.0911963186,145.4630900189,gwarn2526,Geoff Warn,cc-by-nc,1
Rhaphidophora hayi,518856,298862174,https://www.inaturalist.org/observations/298862174,research,2025-07-13,"Cape Tribulation QLD, Australia",False,-16.0887274637,145.4651778524,carey_knox_southern_scales,Carey_Knox_Southern_Scales,cc-by-nc,2
Rhaphidophora hayi,518856,298084861,https://www.inaturalist.org/observations/298084861,research,2025-07-15,"Cape Tribulation QLD, Australia",False,-16.0996570556,145.4597930833,lizsnow,Liz Snow,cc-by-nc,3
Rhaphidophora hayi,518856,298082315,https://www.inaturalist.org/observations/298082315,research,2025-07-15,"Douglas, AU-QL, AU",False,-16.2514115491,145.4294291139,stevecsurhes,Stephen Csurhes,cc-by-nc,1
Rhaphidophora hayi,518856,297909647,https://www.inaturalist.org/observations/297909647,needs_id,2025-05-15,"Kelusa, Payangan, Gianyar Regency, Bali, Indonesia",False,-8.5036591,115.2548278997,wellmaintainedhedge,,cc-by-nc,3
Rhaphidophora hayi,518856,297565516,https://www.inaturalist.org/observations/297565516,needs_id,2025-07-12,"Denpasar, ID-BA, ID",False,-8.6935111111,115.2643361111,wildgifts,Peri Lee Pipkin,cc-by-nc,7
Rhaphidophora hayi,518856,297257881,https://www.inaturalist.org/observations/297257881,research,2025-07-12,"Thornton Beach QLD, Australia",False,-16.1417361111,145.4294138889,naturalist73498,choobul,,1
Rhaphidophora hayi,518856,296113580,https://www.inaturalist.org/observations/296113580,needs_id,2025-06-26,"Mossman Gorge Rd, Syndicate, QLD, AU",False,-16.47388,145.3329916667,ethanbeaver,Ethan Beaver,cc-by-nc,1
Rhaphidophora hayi,518856,295609698,https://www.inaturalist.org/observations/295609698,research,2016-12-12,"Madja Boardwalk, LOT 10 Cape Tribulation Rd, Cape Tribulation QLD 4873, Australia",False,-16.138022,145.4404657,betlejuce,,cc-by-nc,1
Rhaphidophora hayi,518856,295015235,https://www.inaturalist.org/observations/295015235,research,2025-07-04,Kecamatan Ubud,False,-8.5045700073,115.2554779053,nattoneko,,cc-by-nc,1
Rhaphidophora hayi,518856,294199276,https://www.inaturalist.org/observations/294199276,research,2025-06-30,"Cape Tribulation, QLD, AU",False,-16.0892638333,145.4634866667,kiwilassee,,cc-by-nc,2
Rhaphidophora hayi,518856,293653627,https://www.inaturalist.org/observations/293653627,research,2025-06-28,"Mossman Gorge Rd, Syndicate, QLD, AU",False,-16.47165,145.3315116667,michaelvoeltz,Michael A. Voeltz,cc-by-nc,2
Rhaphidophora hayi,518856,293534574,https://www.inaturalist.org/observations/293534574,research,2025-06-25,"Cape Tribulation, QLD, AU",False,-16.1388778333,145.43802,nomeskillet,Naomi Iwai,cc-by-nc,1
Rhaphidophora hayi,518856,292839967,https://www.inaturalist.org/observations/292839967,research,2025-06-25,"Port Douglas Rd, Port Douglas, QLD, AU",False,-16.5149971927,145.4653732783,neilmarriott,,cc-by-nc,1
Rhaphidophora hongkongensis,708990,404688857,https://www.inaturalist.org/observations/404688857,needs_id,2026-09-30,"Shenzhen, CN-GD, CN",False,22.5785770539,114.2022746801,pandahead_hoimoon,鐦鍆錒/锎钔锕（Man Hoimoon）,cc-by-nc,4
Rhaphidophora hongkongensis,708990,404183177,https://www.inaturalist.org/observations/404183177,needs_id,2026-09-28,"Ba Vi, Ha Noi, VN",False,21.060075,105.3633633333,alex1702,Alex Day,cc-by,1
Rhaphidophora hongkongensis,708990,404152731,https://www.inaturalist.org/observations/404152731,research,2026-09-27,,True,22.5801173955,114.0292466612,chiksiulun,CHIK SIU LUN,,2
Rhaphidophora hongkongensis,708990,403793363,https://www.inaturalist.org/observations/403793363,research,2026-09-26,"大埔滘, 新界, HK",False,22.425845,114.182045,hl00,,cc-by-nc,3
Rhaphidophora hongkongensis,708990,403555659,https://www.inaturalist.org/observations/403555659,needs_id,2026-09-20,"Miaoli, TW-TA, TW",False,24.6045138889,121.0526777778,miaunt,米嬸,,1
Rhaphidophora hongkongensis,708990,403552072,https://www.inaturalist.org/observations/403552072,needs_id,2026-09-20,"Miaoli, TW-TA, TW",False,24.6071777778,121.0526777778,miaunt,米嬸,,2
Rhaphidophora hongkongensis,708990,403550895,https://www.inaturalist.org/observations/403550895,needs_id,2026-09-20,"Miaoli, TW-TA, TW",False,24.6071777778,121.0526777778,miaunt,米嬸,,1
Rhaphidophora hongkongensis,708990,402541364,https://www.inaturalist.org/observations/402541364,research,2026-08-12,基诺山 云南西双版纳,False,21.9555219191,101.1031642628,zhuzi,,cc-by-nc,1
Rhaphidophora hongkongensis,708990,401807966,https://www.inaturalist.org/observations/401807966,research,2026-09-20,"Tai Mo Shan, New Territories, HK",False,22.4257666667,114.1315083333,sze_on_aaron,"Sze On, Ng (Aaron)",,1
Rhaphidophora hongkongensis,708990,401004695,https://www.inaturalist.org/observations/401004695,needs_id,2026-09-10,"Hainan, CN-HA, CN",False,18.73,109.9,brownsugar_iris,红糖Iris,,1
Rhaphidophora hongkongensis,708990,400762708,https://www.inaturalist.org/observations/400762708,needs_id,2026-02-20,"Mueang Krabi District, Krabi, TH",False,8.08845,98.7727966667,wiktorianie,Wiktoria Niewidok,cc-by-nc,1
Rhaphidophora hongkongensis,708990,400446460,https://www.inaturalist.org/observations/400446460,research,2026-09-11,315台灣新竹縣峨眉鄉M22F+XC,False,24.652175,121.0232944444,miaunt,米嬸,,1
Rhaphidophora hongkongensis,708990,398982395,https://www.inaturalist.org/observations/398982395,needs_id,2026-09-07,315台灣新竹縣峨眉鄉七星村60-8號,False,24.6548444444,121.0247277778,miaunt,米嬸,,1
Rhaphidophora hongkongensis,708990,398355200,https://www.inaturalist.org/observations/398355200,research,2026-09-08,313台灣新竹縣尖石鄉義興村M5WP+JH,False,24.6966912551,121.186145721,naturalist108049,謝志德,cc-by-nc,1
Rhaphidophora hongkongensis,708990,398352949,https://www.inaturalist.org/observations/398352949,research,2026-09-08,313台灣新竹縣尖石鄉義興村M5WP+JH,False,24.6959522227,121.1850729212,naturalist108049,謝志德,cc-by-nc,1
Rhaphidophora hongkongensis,708990,397754914,https://www.inaturalist.org/observations/397754914,needs_id,2026-09-02,353台灣苗栗縣南庄鄉東河村,False,24.6061777778,121.0526777778,miaunt,米嬸,,1
Rhaphidophora hongkongensis,708990,396947108,https://www.inaturalist.org/observations/396947108,research,2026-08-23,,True,22.5430747732,114.1135792964,tchiu,Thomas.CYH,,1
Rhaphidophora hongkongensis,708990,396837058,https://www.inaturalist.org/observations/396837058,needs_id,2026-08-25,"Phu Quoc, An Giang, Вьетнам",False,10.2651255102,104.0704994322,zincarabus,zincarabus,cc-by-nc,3
Rhaphidophora hongkongensis,708990,396836862,https://www.inaturalist.org/observations/396836862,needs_id,2026-08-25,"Phu Quoc, An Giang, Вьетнам",False,10.2632041852,104.069501323,zincarabus,zincarabus,cc-by-nc,2
Rhaphidophora hongkongensis,708990,396093359,https://www.inaturalist.org/observations/396093359,needs_id,2026-08-26,353台灣苗栗縣南庄鄉東河村,False,24.6071777778,121.0526777778,miaunt,米嬸,,1
Rhaphidophora hongkongensis,708990,395954693,https://www.inaturalist.org/observations/395954693,research,2026-08-30,315台灣新竹縣峨眉鄉七星村94號,False,24.65625,121.0246777778,amadeus999,Hc Chien,cc-by-nc,1
Rhaphidophora hongkongensis,708990,395779576,https://www.inaturalist.org/observations/395779576,research,2026-08-22,353台灣苗栗縣南庄鄉東河村,False,24.6063583333,121.0379972222,miaunt,米嬸,,1
Rhaphidophora hongkongensis,708990,393155569,https://www.inaturalist.org/observations/393155569,research,2026-08-21,362台灣苗栗縣頭屋鄉明德村21號,False,24.5882522,120.9175272,ku6777,古國順,,2
Rhaphidophora hongkongensis,708990,393148504,https://www.inaturalist.org/observations/393148504,needs_id,2026-08-21,"Mueang Krabi District, Krabi, TH",False,8.0250666667,98.8280033333,arthur_ab_frogman,Arthur Whiting,cc-by-nc,1
Rhaphidophora hongkongensis,708990,392066544,https://www.inaturalist.org/observations/392066544,research,2026-08-08,353台灣苗栗縣南庄鄉東河村6之1號,False,24.61295,121.0404972222,miaunt,米嬸,,2
Rhaphidophora hongkongensis,708990,391731715,https://www.inaturalist.org/observations/391731715,research,2026-08-08,353台灣苗栗縣南庄鄉東河村,False,24.6075916667,121.0523194444,miaunt,米嬸,,4
Rhaphidophora hongkongensis,708990,391728913,https://www.inaturalist.org/observations/391728913,research,2026-08-08,353台灣苗栗縣南庄鄉東河村,False,24.6062611111,121.0523194444,miaunt,米嬸,,4
Rhaphidophora hongkongensis,708990,391724057,https://www.inaturalist.org/observations/391724057,research,2026-08-08,353台灣苗栗縣南庄鄉東河村,False,24.6011194444,121.0383472222,miaunt,米嬸,,1
Rhaphidophora hongkongensis,708990,390744626,https://www.inaturalist.org/observations/390744626,research,2026-08-13,226台灣新北市平溪區十分瀑布(月桃寮),False,25.0489621,121.784542,herb-chen,,cc-by-nc,4
Rhaphidophora hongkongensis,708990,390290498,https://www.inaturalist.org/observations/390290498,needs_id,2026-08-05,352台灣苗栗縣三灣鄉大河村,False,24.5921377745,120.9722517058,miaunt,米嬸,,3
Rhaphidophora hongkongensis,708990,389678353,https://www.inaturalist.org/observations/389678353,research,2026-08-08,315台灣新竹縣峨眉鄉,False,24.6561277778,121.024675,amadeus999,Hc Chien,cc-by-nc,1
Rhaphidophora hongkongensis,708990,389400545,https://www.inaturalist.org/observations/389400545,needs_id,2026-07-30,"Baoting Li and Miao Autonomous County, Hainan, Китай",False,18.4573051869,109.6472223274,neverov_andrei,,cc-by-nc,1
Rhaphidophora hongkongensis,708990,389305500,https://www.inaturalist.org/observations/389305500,research,2026-08-02,353台灣苗栗縣南庄鄉東河村,False,24.6067111111,121.0374583333,miaunt,米嬸,,1
Rhaphidophora hongkongensis,708990,389235543,https://www.inaturalist.org/observations/389235543,research,2026-08-08,315台灣新竹縣峨眉鄉七星村60-8號,False,24.6561277778,121.024675,amadeus999,Hc Chien,cc-by-nc,2
Rhaphidophora hongkongensis,708990,387862865,https://www.inaturalist.org/observations/387862865,research,2026-07-25,353台灣苗栗縣南庄鄉東河村8-1號號,False,24.617005829,121.0444493964,miaunt,米嬸,,1
Rhaphidophora hongkongensis,708990,387535097,https://www.inaturalist.org/observations/387535097,needs_id,2026-08-02,"อุทยานแห่งชาติน้ำตกพลิ้ว, อ.เมืองจันทบุรี, จ.จันทบุรี, TH",False,12.5295283333,102.1826083333,bencbl,,cc-by-nc,1
Rhaphidophora hongkongensis,708990,387533784,https://www.inaturalist.org/observations/387533784,research,2026-07-24,353台灣苗栗縣南庄鄉象鼻坪,False,24.6342944444,121.009675,miaunt,米嬸,,1
Rhaphidophora hongkongensis,708990,387522676,https://www.inaturalist.org/observations/387522676,research,2026-07-24,353台灣苗栗縣南庄鄉象鼻坪,False,24.6339871198,121.0091008991,miaunt,米嬸,,1
Rhaphidophora hongkongensis,708990,386463023,https://www.inaturalist.org/observations/386463023,research,2026-07-30,"Mu Si, Pak Chong District, Nakhon Ratchasima 30130, Thailand",False,14.4639316667,101.363195,thomas--,Thomas Gyselinck,cc-by,1
Rhaphidophora hongkongensis,708990,386457708,https://www.inaturalist.org/observations/386457708,needs_id,2026-07-30,"Pak Chong, Khao Yai, TH-NR, TH",False,14.4643483333,101.370535,thomas--,Thomas Gyselinck,cc-by,1
Rhaphidophora hongkongensis,708990,385655512,https://www.inaturalist.org/observations/385655512,research,2026-07-27,"Kaeng Krachan, Kaeng Krachan, TH-PE, TH",False,12.8416383333,99.3259783333,thomas--,Thomas Gyselinck,cc-by,2
Rhaphidophora hongkongensis,708990,385622274,https://www.inaturalist.org/observations/385622274,research,2026-07-19,353台灣苗栗縣南庄鄉東河村6之1號,False,24.6132833333,121.0404972222,miaunt,米嬸,,2
Rhaphidophora hongkongensis,708990,385563683,https://www.inaturalist.org/observations/385563683,research,2026-07-19,353台灣苗栗縣南庄鄉東河村6之1號,False,24.6127888889,121.0412138889,miaunt,米嬸,,1
Rhaphidophora hongkongensis,708990,385259375,https://www.inaturalist.org/observations/385259375,research,2026-07-19,353台灣苗栗縣南庄鄉東河村,False,24.6063416667,121.0519611111,miaunt,米嬸,,4
Rhaphidophora hongkongensis,708990,385252743,https://www.inaturalist.org/observations/385252743,research,2026-07-19,353台灣苗栗縣南庄鄉東河村,False,24.607925,121.0523194444,miaunt,米嬸,,1
Rhaphidophora hongkongensis,708990,384897762,https://www.inaturalist.org/observations/384897762,research,2026-07-17,315台灣新竹縣峨眉鄉七星村,False,24.6467944444,121.0308222222,miaunt,米嬸,,3
Rhaphidophora hongkongensis,708990,384852335,https://www.inaturalist.org/observations/384852335,research,2026-07-25,315台灣新竹縣峨眉鄉七星村94號,False,24.6559805556,121.0247777778,amadeus999,Hc Chien,cc-by-nc,2
Rhaphidophora hongkongensis,708990,384767561,https://www.inaturalist.org/observations/384767561,research,2026-07-25,315台灣新竹縣峨眉鄉七星村94號,False,24.6561388889,121.0245638889,amadeus999,Hc Chien,cc-by-nc,2
Rhaphidophora hongkongensis,708990,383304908,https://www.inaturalist.org/observations/383304908,research,2026-07-10,353台灣苗栗縣南庄鄉東河村,False,24.607225,121.0364888889,miaunt,米嬸,,1
Rhaphidophora hongkongensis,708990,383271389,https://www.inaturalist.org/observations/383271389,needs_id,2026-07-12,吊罗山 中国海南省陵水黎族自治县,False,18.6948892633,109.8891389953,mengjinxia,王琰,cc-by-nc,1
Rhaphidophora hongkongensis,708990,381032359,https://www.inaturalist.org/observations/381032359,research,2026-07-05,353台灣苗栗縣南庄鄉蓬萊村,False,24.5553944444,120.9874527778,miaunt,米嬸,,1
Rhaphidophora hongkongensis,708990,380976774,https://www.inaturalist.org/observations/380976774,research,2026-07-13,海南省陵水黎族自治县本号镇向星旅行陵水吊罗山房车营地,False,18.6710357664,109.8975296019,hc-mctang,TANG YUEHENG,cc-by-nc-sa,2
Rhaphidophora hongkongensis,708990,380602613,https://www.inaturalist.org/observations/380602613,research,2026-07-04,353台灣苗栗縣南庄鄉東河村,False,24.6082583333,121.0523194444,miaunt,米嬸,,1
Rhaphidophora hongkongensis,708990,380158077,https://www.inaturalist.org/observations/380158077,needs_id,2026-07-09,"Bulusan, Bicol, PH",False,12.7403393503,124.0848450293,miqeri,Gabriel,cc-by,2
Rhaphidophora hongkongensis,708990,379960104,https://www.inaturalist.org/observations/379960104,needs_id,2026-07-10,云南省西双版纳傣族自治州勐腊县瑶区瑶族乡西双版纳热带雨林国家公园望天树景区(北门),False,21.625436,101.583118,liboheng_reborn,李博恒,cc-by-nc,1
Rhaphidophora hongkongensis,708990,379950478,https://www.inaturalist.org/observations/379950478,needs_id,2026-07-10,"Yunnan, CN",True,21.667183547,101.4254924612,liboheng_reborn,李博恒,cc-by-nc,2
Rhaphidophora hongkongensis,708990,379950355,https://www.inaturalist.org/observations/379950355,research,2026-07-10,云南省西双版纳傣族自治州勐腊县瑶区瑶族乡易勐公路,False,21.63315,101.588924,liboheng_reborn,李博恒,cc-by-nc,1
Rhaphidophora hongkongensis,708990,379640991,https://www.inaturalist.org/observations/379640991,needs_id,2026-07-09,云南省西双版纳傣族自治州勐腊县勐仑镇西双版纳热带植物园-热带雨林吊桥中国科学院西双版纳热带植物园,False,21.920002,101.268006,liboheng_reborn,李博恒,cc-by-nc,1
Rhaphidophora hongkongensis,708990,378973498,https://www.inaturalist.org/observations/378973498,research,2026-07-07,"臺灣島, 尖石鄉, 新竹縣, TW",False,24.6967724308,121.1880607476,naturalist83873,林錦坤,,1
Rhaphidophora hongkongensis,708990,378925719,https://www.inaturalist.org/observations/378925719,research,2026-07-07,"臺灣島, 尖石鄉, 新竹縣, TW",False,24.6968160404,121.1884914305,naturalist83873,林錦坤,,1
Rhaphidophora hongkongensis,708990,378618150,https://www.inaturalist.org/observations/378618150,research,2026-07-01,353台灣苗栗縣南庄鄉東河村,False,24.6077,121.0362694444,miaunt,米嬸,,1
Rhaphidophora hongkongensis,708990,377137574,https://www.inaturalist.org/observations/377137574,research,2026-07-01,"梧桐寨, 大埔林村, 新界, HK",False,22.4381434,114.1262126,emilyee66,,cc-by-nc,1
Rhaphidophora hongkongensis,708990,376180911,https://www.inaturalist.org/observations/376180911,research,2026-06-24,353台灣苗栗縣南庄鄉東河村,False,24.607925,121.0523194444,miaunt,米嬸,,1
Rhaphidophora hongkongensis,708990,376180508,https://www.inaturalist.org/observations/376180508,research,2026-06-24,353台灣苗栗縣南庄鄉東河村,False,24.606675,121.0519611111,miaunt,米嬸,,1
Rhaphidophora hongkongensis,708990,376178334,https://www.inaturalist.org/observations/376178334,research,2026-06-24,353台灣苗栗縣南庄鄉東河村,False,24.606675,121.0519611111,miaunt,米嬸,,1
Rhaphidophora hongkongensis,708990,375834756,https://www.inaturalist.org/observations/375834756,research,2026-06-24,353台灣苗栗縣南庄鄉東河村,False,24.606675,121.0519611111,miaunt,米嬸,,1
Rhaphidophora hongkongensis,708990,375817872,https://www.inaturalist.org/observations/375817872,research,2026-06-24,353台灣苗栗縣南庄鄉東河村,False,24.606675,121.0519611111,miaunt,米嬸,,1
Rhaphidophora hongkongensis,708990,375480557,https://www.inaturalist.org/observations/375480557,research,2026-06-26,"Trang An Landscape Complex, Tay Hoa Lu, Ninh Binh, VN",False,20.2791657374,105.9112611662,timemeyr,Dat Nguyen,cc-by,5
Rhaphidophora hongkongensis,708990,375227532,https://www.inaturalist.org/observations/375227532,research,2026-06-21,353台灣苗栗縣南庄鄉東河村26號,False,24.6159472222,121.0404972222,miaunt,米嬸,,2
Rhaphidophora hongkongensis,708990,373616047,https://www.inaturalist.org/observations/373616047,needs_id,2026-06-19,"Khao Sok, TH-ST-TK, TH-ST, TH",False,8.9400950019,98.6111915138,mossphipps,moss,cc-by-nc,3
Rhaphidophora hongkongensis,708990,372866367,https://www.inaturalist.org/observations/372866367,needs_id,2026-06-18,"Dak Lua, Dong Nai, VN",False,11.4411533333,107.4307783333,sstllm,Kate Stelmakhova,,2
Rhaphidophora hongkongensis,708990,372519158,https://www.inaturalist.org/observations/372519158,research,2026-06-17,台湾省富源溪,False,23.58930291,121.33882498,ssnp099,梁士明,cc-by-nc,1
Rhaphidophora hongkongensis,708990,372508204,https://www.inaturalist.org/observations/372508204,research,2026-06-17,台湾省富源溪,False,23.58858694,121.34812458,ssnp099,梁士明,cc-by-nc,1
Rhaphidophora hongkongensis,708990,371886817,https://www.inaturalist.org/observations/371886817,research,2026-06-15,315台灣新竹縣峨眉鄉茅坪,False,24.6618278,121.0218629,hyhy,hyhy,,1
Rhaphidophora hongkongensis,708990,370011426,https://www.inaturalist.org/observations/370011426,research,2026-06-07,353台灣苗栗縣南庄鄉東河村,False,24.60675,121.0373805556,miaunt,米嬸,,1
Rhaphidophora hongkongensis,708990,369611838,https://www.inaturalist.org/observations/369611838,research,2026-06-02,"Jianshi Township, Hsinchu County, TW",False,24.6939216667,121.17938,john_baur,John Baur,cc-by-nc,1
Rhaphidophora hongkongensis,708990,368790331,https://www.inaturalist.org/observations/368790331,research,2026-06-06,354台灣苗栗縣獅潭鄉HWHP+6F,False,24.5797940902,120.9372931346,flyindance56,余權展,cc-by-nc,1
Rhaphidophora hongkongensis,708990,368332468,https://www.inaturalist.org/observations/368332468,research,2026-06-04,"Miaoli, TW-TA, TW",False,24.6123722222,121.0415722222,miaunt,米嬸,,1
Rhaphidophora hongkongensis,708990,368305140,https://www.inaturalist.org/observations/368305140,research,2026-05-28,"臺灣島, 獅潭鄉, 苗栗縣, TW",False,24.5797466667,120.93905,dorayoyo,,cc-by-nc,3
Rhaphidophora hongkongensis,708990,367673779,https://www.inaturalist.org/observations/367673779,research,2026-06-02,"Shangping, Hengshan Township, Hsinchu County, TW",False,24.658702999,121.1251684294,pei_chi,Pei Chi Su,,1
Rhaphidophora hongkongensis,708990,367401149,https://www.inaturalist.org/observations/367401149,research,2026-05-29,353台灣苗栗縣南庄鄉東河村,False,24.6070888889,121.0516027778,miaunt,米嬸,,3
Rhaphidophora hongkongensis,708990,367400442,https://www.inaturalist.org/observations/367400442,research,2026-05-29,353台灣苗栗縣南庄鄉東河村,False,24.6083388889,121.0519611111,miaunt,米嬸,,1
Rhaphidophora hongkongensis,708990,367023937,https://www.inaturalist.org/observations/367023937,research,2026-05-29,353台灣苗栗縣南庄鄉東河村25-1號,False,24.6135361111,121.0408555556,miaunt,米嬸,,2
Rhaphidophora hongkongensis,708990,367019585,https://www.inaturalist.org/observations/367019585,research,2026-05-29,353台灣苗栗縣南庄鄉東河村,False,24.6083388889,121.0519611111,miaunt,米嬸,,1
Rhaphidophora hongkongensis,708990,367015537,https://www.inaturalist.org/observations/367015537,research,2026-05-29,353台灣苗栗縣南庄鄉東河村,False,24.6083388889,121.0519611111,miaunt,米嬸,,3
Rhaphidophora hongkongensis,708990,366662513,https://www.inaturalist.org/observations/366662513,research,2026-05-29,353台灣苗栗縣南庄鄉東河村,False,24.6031305556,121.0412138889,miaunt,米嬸,,1
Rhaphidophora hongkongensis,708990,366648291,https://www.inaturalist.org/observations/366648291,research,2026-05-29,353台灣苗栗縣南庄鄉東河村,False,24.6083388889,121.0519611111,miaunt,米嬸,,2
Rhaphidophora hongkongensis,708990,365398675,https://www.inaturalist.org/observations/365398675,research,2026-05-26,"Miaoli, TW-TA, TW",False,24.60725,121.0365222222,miaunt,米嬸,,1
Rhaphidophora hongkongensis,708990,365034914,https://www.inaturalist.org/observations/365034914,research,2026-05-22,353台灣苗栗縣南庄鄉東河村,False,24.6172063897,121.0454149917,miaunt,米嬸,,1
Rhaphidophora hongkongensis,708990,363533322,https://www.inaturalist.org/observations/363533322,research,2026-05-09,312台灣新竹縣橫山鄉,False,24.6587611856,121.125275528,woodrose_liu,木玫瑰,cc-by-nc,2
Rhaphidophora hongkongensis,708990,362984262,https://www.inaturalist.org/observations/362984262,research,2026-05-19,"臺灣島, 尖石鄉, 新竹縣, TW",False,24.6969588743,121.1892085591,hsiao2026,Hsiao Lin,cc-by-nc,1
Rhaphidophora hongkongensis,708990,362937766,https://www.inaturalist.org/observations/362937766,research,2026-05-19,313台灣新竹縣尖石鄉新竹縣尖石鄉,False,24.69669904,121.18853107,lawrence68554,Lawrence Lin,cc-by-nc,2
Rhaphidophora hongkongensis,708990,362909876,https://www.inaturalist.org/observations/362909876,research,2026-05-19,313台灣新竹縣尖石鄉新竹縣尖石鄉,False,24.69676056,121.18844142,georgesu,,cc-by-nc,1
Rhaphidophora hongkongensis,708990,361894981,https://www.inaturalist.org/observations/361894981,research,2026-05-13,353台灣苗栗縣南庄鄉東河村,False,24.6076222222,121.0404972222,miaunt,米嬸,,4
Rhaphidophora hongkongensis,708990,361696276,https://www.inaturalist.org/observations/361696276,research,2026-05-13,353台灣苗栗縣南庄鄉東河村,False,24.6076222222,121.0404972222,miaunt,米嬸,,3
Rhaphidophora hongkongensis,708990,361695921,https://www.inaturalist.org/observations/361695921,research,2026-05-13,353台灣苗栗縣南庄鄉東河村,False,24.6076222222,121.0404972222,miaunt,米嬸,,3
Rhaphidophora hongkongensis,708990,361683946,https://www.inaturalist.org/observations/361683946,research,2026-05-13,35346台灣苗栗县南庄乡東河村東興新邨129-3號,False,24.601889699,121.0403560102,miaunt,米嬸,,1
Rhaphidophora hongkongensis,708990,361680367,https://www.inaturalist.org/observations/361680367,research,2026-05-13,35346台灣苗栗县南庄乡東河村東興新邨129-3號,False,24.6019765785,121.040388532,miaunt,米嬸,,2
Rhaphidophora hongkongensis,708990,361673663,https://www.inaturalist.org/observations/361673663,research,2026-05-13,353台灣苗栗縣南庄鄉東河村2 鄰 129 之 2 號,False,24.6022111111,121.0408555556,miaunt,米嬸,,3
Rhaphidophora hongkongensis,708990,361427617,https://www.inaturalist.org/observations/361427617,research,2026-05-04,海南省保亭黎族苗族自治县保城镇七仙岭温泉国家森林公园停车场,False,18.701455,109.692053,laisaiy,,cc-by-nc,2
Rhaphidophora hongkongensis,708990,361320057,https://www.inaturalist.org/observations/361320057,research,2026-05-14,海南省五指山市五指山国家级自然保护区,False,18.90791891,109.67959303,houyq,,cc-by-nc,1
Rhaphidophora hongkongensis,708990,360801575,https://www.inaturalist.org/observations/360801575,needs_id,2026-05-12,"Kabupaten Pelalawan, Riau, ID",False,0.33183,102.7201616667,agus_prayetno,Agus Prayetno,cc-by-nc,2
Rhaphidophora hongkongensis,708990,360459891,https://www.inaturalist.org/observations/360459891,research,2026-05-11,"油羅溪, 尖石鄉, 新竹縣, TW",False,24.6975949374,121.1890566659,naturalist98988,佳玉,,1
Rhaphidophora hongkongensis,708990,360459586,https://www.inaturalist.org/observations/360459586,research,2026-05-11,"油羅溪, 尖石鄉, 新竹縣, TW",False,24.6969280154,121.1891532428,wintonnoon,,cc-by-nc,1
Rhaphidophora hongkongensis,708990,359867177,https://www.inaturalist.org/observations/359867177,research,2026-05-09,310台灣新竹縣竹東鎮南昌橋,False,24.6589805556,121.1252972222,ce_jones,Huang Wen Yuan,,1
Rhaphidophora hongkongensis,708990,359816357,https://www.inaturalist.org/observations/359816357,research,2026-05-07,353台灣苗栗縣南庄鄉東河村,False,24.6072694444,121.03655,miaunt,米嬸,,2
Rhaphidophora hongkongensis,708990,359693831,https://www.inaturalist.org/observations/359693831,research,2026-05-09,310台灣新竹縣竹東鎮莊厝,False,24.6588055556,121.1253222222,episil,水牛,cc-by-nc,1
Rhaphidophora hongkongensis,708990,359120138,https://www.inaturalist.org/observations/359120138,research,2026-05-06,"Taiwan, TW",True,24.6503299021,121.076686392,ray76,Ray Wang,,1
Rhaphidophora hongkongensis,708990,358298887,https://www.inaturalist.org/observations/358298887,research,2026-05-03,353台灣苗栗縣南庄鄉東河村,False,24.6072805556,121.0364111111,miaunt,米嬸,,3
Rhaphidophora hongkongensis,708990,357443309,https://www.inaturalist.org/observations/357443309,research,2026-04-27,313台灣新竹縣尖石鄉M5WP+JH,False,24.6968469,121.1855553,capricornis,長鬃山羊,cc-by-nc,3
Rhaphidophora hongkongensis,708990,357222215,https://www.inaturalist.org/observations/357222215,research,2026-04-27,313台灣新竹縣尖石鄉M5WP+JH,False,24.6966594997,121.1862040997,capricornis,長鬃山羊,cc-by-nc,3
Rhaphidophora hongkongensis,708990,357219658,https://www.inaturalist.org/observations/357219658,research,2026-04-27,313台灣新竹縣尖石鄉M5WP+JH,False,24.6966739,121.1867809997,capricornis,長鬃山羊,cc-by-nc,3
Rhaphidophora hongkongensis,708990,356391533,https://www.inaturalist.org/observations/356391533,needs_id,2026-04-28,中国海南省陵水黎族自治县,False,18.6681735058,109.8992217046,seventeennature,Shi Qi,,2
Rhaphidophora hongkongensis,708990,356093895,https://www.inaturalist.org/observations/356093895,research,2026-04-26,"Lam Tsuen, Tai Po, New Territories, HK",False,22.4337,114.1186666667,ivy514hk,,cc-by-nc,1
Rhaphidophora hongkongensis,708990,354372004,https://www.inaturalist.org/observations/354372004,research,2026-04-25,353台灣苗栗縣南庄鄉東河村,False,24.606675,121.0519611111,miaunt,米嬸,,1
Rhaphidophora hongkongensis,708990,354362054,https://www.inaturalist.org/observations/354362054,research,2026-04-25,353台灣苗栗縣南庄鄉東河村,False,24.6074222222,121.0516027778,miaunt,米嬸,,1
Rhaphidophora hongkongensis,708990,353212039,https://www.inaturalist.org/observations/353212039,research,2026-04-25,"臺灣島, 尖石鄉, 新竹縣, TW",False,24.6951350253,121.1908291271,jennyjian1108,簡淑娟,cc-by-nc,1
Rhaphidophora hongkongensis,708990,353205794,https://www.inaturalist.org/observations/353205794,research,2026-04-25,"臺灣島, 尖石鄉, 新竹縣, TW",False,24.6954185303,121.1906889826,jennyjian1108,簡淑娟,cc-by-nc,1
Rhaphidophora hongkongensis,708990,353204557,https://www.inaturalist.org/observations/353204557,research,2026-04-25,"臺灣島, 橫山鄉, 新竹縣, TW",False,24.6976922994,121.1895649953,jennyjian1108,簡淑娟,cc-by-nc,1
Rhaphidophora hongkongensis,708990,353204193,https://www.inaturalist.org/observations/353204193,research,2026-04-25,"臺灣島, 橫山鄉, 新竹縣, TW",False,24.6985951723,121.1891186801,jennyjian1108,簡淑娟,cc-by-nc,1
Rhaphidophora hongkongensis,708990,353204084,https://www.inaturalist.org/observations/353204084,research,2026-04-25,"臺灣島, 橫山鄉, 新竹縣, TW",False,24.6992576055,121.188791221,jennyjian1108,簡淑娟,cc-by-nc,1
Rhaphidophora hongkongensis,708990,352725593,https://www.inaturalist.org/observations/352725593,research,2026-04-23,353台灣苗栗縣南庄鄉東河村,False,24.6072444444,121.0361138889,miaunt,米嬸,,1
Rhaphidophora hongkongensis,708990,352556839,https://www.inaturalist.org/observations/352556839,research,2026-04-24,"Ton Nga Chang Wildlife Sanctuary, Hat Yai District, Songkhla, TH",False,6.9453666667,100.2483583333,charliev,Yingyod Lapwong,cc-by-nc,1
Rhaphidophora hongkongensis,708990,351483612,https://www.inaturalist.org/observations/351483612,research,2026-04-07,,True,22.4539716695,114.1354321463,tchiu,Thomas.CYH,,1
Rhaphidophora hongkongensis,708990,351100402,https://www.inaturalist.org/observations/351100402,research,2026-03-13,"Xiuying District, Haikou, Hainan, China",False,19.9273888889,110.2143,denysvynokurov,Denys Vynokurov,cc-by,2
Rhaphidophora hongkongensis,708990,348435554,https://www.inaturalist.org/observations/348435554,research,2026-04-09,311台灣新竹縣五峰鄉J444+W3,False,24.6056944444,121.1033416667,zerokevin,沈冠宇(Kuan-yu Shen),cc-by-nc-nd,5
Rhaphidophora hongkongensis,708990,348273403,https://www.inaturalist.org/observations/348273403,research,2026-04-08,"Miaoli, TW-TA, TW",False,24.6099527778,121.0404972222,miaunt,米嬸,,1
Rhaphidophora hongkongensis,708990,348259671,https://www.inaturalist.org/observations/348259671,needs_id,2026-04-05,"Sam Roi Yot, Sam Roi Yot District, Prachuap Khiri Khan, 泰國",False,12.2000492028,100.0128069528,maoneow,,cc-by-nc,1
Rhaphidophora hongkongensis,708990,348210124,https://www.inaturalist.org/observations/348210124,research,2026-04-08,"臺灣島, 橫山鄉, 新竹縣, TW",False,24.6589246405,121.1254105499,pei_chi,Pei Chi Su,,1
Rhaphidophora hongkongensis,708990,348022568,https://www.inaturalist.org/observations/348022568,research,2026-03-28,365台灣苗栗縣泰安鄉,False,24.4777138889,120.9260194444,liushengyu,liushengyu,cc-by-nc,1
Rhaphidophora hongkongensis,708990,348022554,https://www.inaturalist.org/observations/348022554,research,2026-03-28,365台灣苗栗縣泰安鄉,False,24.4778805556,120.9261777778,liushengyu,liushengyu,cc-by-nc,1
Rhaphidophora hongkongensis,708990,347810899,https://www.inaturalist.org/observations/347810899,research,2026-04-06,"Miaoli, TW-TA, TW",False,24.5968055556,121.0436277778,miaunt,米嬸,,1
Rhaphidophora hongkongensis,708990,347256269,https://www.inaturalist.org/observations/347256269,research,2026-04-03,176台灣苗栗县南庄乡353,False,24.6009754788,121.0374689475,miaunt,米嬸,,1
Rhaphidophora hongkongensis,708990,347240852,https://www.inaturalist.org/observations/347240852,research,2026-04-03,橫坪背賞魚步道南側入口,False,24.6009754788,121.0374689475,miaunt,米嬸,,1
Rhaphidophora hongkongensis,708990,347234013,https://www.inaturalist.org/observations/347234013,research,2026-04-03,176台灣苗栗县南庄乡353,False,24.6009754788,121.0374689475,miaunt,米嬸,,1
Rhaphidophora hongkongensis,708990,347216768,https://www.inaturalist.org/observations/347216768,research,2026-04-03,354台灣苗栗縣獅潭鄉,False,24.5157388889,120.9210805556,liushengyu,liushengyu,cc-by-nc,1
Rhaphidophora hongkongensis,708990,347216760,https://www.inaturalist.org/observations/347216760,research,2026-04-03,354台灣苗栗縣獅潭鄉,False,24.5156833333,120.9210444444,liushengyu,liushengyu,cc-by-nc,1
Rhaphidophora hongkongensis,708990,347203241,https://www.inaturalist.org/observations/347203241,needs_id,2026-04-03,353台灣苗栗縣南庄鄉東河村,False,24.6077555556,121.0516027778,miaunt,米嬸,,1
Rhaphidophora hongkongensis,708990,346800568,https://www.inaturalist.org/observations/346800568,research,2026-04-02,"Bukit Panjang, 新加坡",False,1.3535388889,103.7774666667,ben338,Ben Hsieh,,3
Rhaphidophora hongkongensis,708990,346339069,https://www.inaturalist.org/observations/346339069,needs_id,2026-03-31,"Guangdong, CN",True,22.6208357242,114.5213416517,szgoout,7017,cc-by-nc,1
Rhaphidophora hongkongensis,708990,345679434,https://www.inaturalist.org/observations/345679434,research,2026-03-28,"臺灣島, 泰安鄉, 苗栗縣, TW",False,24.474495,120.9235833333,liushengyu,liushengyu,cc-by-nc,2
Rhaphidophora hongkongensis,708990,345661318,https://www.inaturalist.org/observations/345661318,research,2026-03-25,353台灣苗栗縣南庄鄉東河村,False,24.6065111111,121.0526777778,miaunt,米嬸,,1
Rhaphidophora hongkongensis,708990,345476930,https://www.inaturalist.org/observations/345476930,research,2026-03-25,353台灣苗栗縣南庄鄉東河村,False,24.6076722222,121.0519611111,miaunt,米嬸,,3
Rhaphidophora hongkongensis,708990,345468042,https://www.inaturalist.org/observations/345468042,research,2026-03-25,353台灣苗栗縣南庄鄉2 鄰 129 之 2 號,False,24.6024638889,121.0412138889,miaunt,米嬸,,2
Rhaphidophora hongkongensis,708990,345466965,https://www.inaturalist.org/observations/345466965,research,2026-03-25,353台灣苗栗縣南庄鄉東河村,False,24.6076722222,121.0519611111,miaunt,米嬸,,1
Rhaphidophora hongkongensis,708990,345464888,https://www.inaturalist.org/observations/345464888,research,2026-03-25,353台灣苗栗縣南庄鄉東河村,False,24.6076722222,121.0519611111,miaunt,米嬸,,1
Rhaphidophora hongkongensis,708990,345463162,https://www.inaturalist.org/observations/345463162,research,2026-03-25,353台灣苗栗縣南庄鄉東河村,False,24.6076722222,121.0519611111,miaunt,米嬸,,1
Rhaphidophora hongkongensis,708990,345460865,https://www.inaturalist.org/observations/345460865,research,2026-03-25,353台灣苗栗縣南庄鄉東河村,False,24.6076722222,121.0519611111,miaunt,米嬸,,1
Rhaphidophora hongkongensis,708990,345459861,https://www.inaturalist.org/observations/345459861,research,2026-03-25,353台灣苗栗縣南庄鄉東河村,False,24.6076722222,121.0519611111,miaunt,米嬸,,1
Rhaphidophora hongkongensis,708990,345458834,https://www.inaturalist.org/observations/345458834,research,2026-03-25,353台灣苗栗縣南庄鄉東河村,False,24.6076722222,121.0519611111,miaunt,米嬸,,2
Rhaphidophora hongkongensis,708990,345458344,https://www.inaturalist.org/observations/345458344,research,2025-03-09,116台灣臺北市文山區貓空,False,24.9975277778,121.5802305556,carson18,Carson Yang,cc-by,1
Rhaphidophora hongkongensis,708990,344513364,https://www.inaturalist.org/observations/344513364,research,2026-02-07,"Guangdong, CN",True,22.5041419467,113.8818432241,lucyuu,妖,cc-by-nc,2
Rhaphidophora hongkongensis,708990,343297243,https://www.inaturalist.org/observations/343297243,research,2026-03-16,"2RFH+X45, Ao Nang, Mueang Krabi District, Krabi 81180, Thailand",False,8.024862,98.828056,sandrahorton,Sandra Horton,cc-by-nc,3
Rhaphidophora hongkongensis,708990,342870910,https://www.inaturalist.org/observations/342870910,research,2026-03-13,353台灣苗栗縣南庄鄉獅山村,False,24.6374611111,121.0103916667,miaunt,米嬸,,1
Rhaphidophora hongkongensis,708990,342851906,https://www.inaturalist.org/observations/342851906,research,2026-03-13,353台灣苗栗縣南庄鄉353,False,24.6374257057,121.0050930083,miaunt,米嬸,,1
Rhaphidophora hongkongensis,708990,342803819,https://www.inaturalist.org/observations/342803819,needs_id,2026-03-13,"35000, Perak, Malaysia",False,4.3231861111,101.3266194444,ongzi,Ong Jyh Seng,cc-by,1
Rhaphidophora hongkongensis,708990,342731416,https://www.inaturalist.org/observations/342731416,research,2026-03-12,353台灣苗栗縣南庄鄉26,False,24.6156138889,121.0404972222,miaunt,米嬸,,1
Rhaphidophora hongkongensis,708990,342644216,https://www.inaturalist.org/observations/342644216,research,2026-02-20,"Mu Si, Pak Chong District, Nakhon Ratchasima 30130, Thailand",False,14.433094445,101.4151,grayhairstreak,,cc-by-nc,1
Rhaphidophora hongkongensis,708990,342235514,https://www.inaturalist.org/observations/342235514,research,2026-03-10,"Baihua Waterfall, Qiongzhong, Hainan",False,19.0022201536,109.8141784667,xieminnicki,,cc-by-nc,2
Rhaphidophora hongkongensis,708990,342234030,https://www.inaturalist.org/observations/342234030,research,2026-03-10,"Baihua Road, Qiongzhong, Hainan",False,19.0041332244,109.8158264158,xieminnicki,,cc-by-nc,2
Rhaphidophora hongkongensis,708990,342201432,https://www.inaturalist.org/observations/342201432,needs_id,2026-03-10,"Kabupaten Pelalawan, Riau, ID",False,0.3318416667,102.7202533333,agus_prayetno,Agus Prayetno,cc-by-nc,1
Rhaphidophora hongkongensis,708990,342033661,https://www.inaturalist.org/observations/342033661,research,2026-03-09,"Guangzhou, CN-GD, CN",False,23.1880931853,113.3876953125,hc-mctang,TANG YUEHENG,cc-by-nc-sa,2
Rhaphidophora hongkongensis,708990,341469703,https://www.inaturalist.org/observations/341469703,research,2026-02-20,315台灣新竹縣峨眉鄉2號,False,24.6507305536,121.0300181061,dragonfly521,眼前有景,cc-by-nc,1
Rhaphidophora hongkongensis,708990,340584832,https://www.inaturalist.org/observations/340584832,research,2026-02-25,353台灣苗栗縣南庄鄉東河村,False,24.6097027778,121.0401388889,miaunt,米嬸,,1
Rhaphidophora hongkongensis,708990,340440233,https://www.inaturalist.org/observations/340440233,research,2026-02-25,353台灣苗栗縣南庄鄉東河村,False,24.6061777778,121.0526777778,miaunt,米嬸,,1
Rhaphidophora hongkongensis,708990,340438972,https://www.inaturalist.org/observations/340438972,research,2026-02-25,353台灣苗栗縣南庄鄉東河村,False,24.6072583333,121.0523194444,miaunt,米嬸,,1
Rhaphidophora hongkongensis,708990,340437788,https://www.inaturalist.org/observations/340437788,research,2026-02-25,353台灣苗栗縣南庄鄉2 鄰 129 之 2 號,False,24.6024638889,121.0412138889,miaunt,米嬸,,2
Rhaphidophora hongkongensis,708990,340289426,https://www.inaturalist.org/observations/340289426,needs_id,2026-02-25,"67/24 หมู่4 บ้านพารา Tambon Pa Klok, Amphoe Thalang, Chang Wat Phuket 83110, Thailand",False,8.0631888889,98.3923583333,annahaigh,,cc-by-nc,8
Rhaphidophora hongkongensis,708990,340289008,https://www.inaturalist.org/observations/340289008,needs_id,2026-02-25,"67/24 หมู่4 บ้านพารา Tambon Pa Klok, Amphoe Thalang, Chang Wat Phuket 83110, Thailand",False,8.0631888889,98.3923583333,annahaigh,,cc-by-nc,8
Rhaphidophora hongkongensis,708990,340270544,https://www.inaturalist.org/observations/340270544,research,2026-01-01,"Tai Mo Shan Country Park, Tai Mo Shan, New Territories, HK",False,22.4278466667,114.1318361667,st_hui,Marcus Hui,cc-by-nc,1
Rhaphidophora hongkongensis,708990,340114452,https://www.inaturalist.org/observations/340114452,research,2026-02-25,354台灣苗栗縣獅潭鄉2-1,False,24.5348333,120.9178859,ku6777,古國順,,1
Rhaphidophora hongkongensis,708990,340113768,https://www.inaturalist.org/observations/340113768,research,2026-02-25,354台灣苗栗縣獅潭鄉GWP7+CQ,False,24.53487,120.912835,ku6777,古國順,,1
Rhaphidophora hongkongensis,708990,340113265,https://www.inaturalist.org/observations/340113265,research,2026-02-25,354台灣苗栗縣獅潭鄉GWP7+CQ,False,24.5348,120.9128866667,ku6777,古國順,,2
Rhaphidophora hongkongensis,708990,340100285,https://www.inaturalist.org/observations/340100285,research,2026-02-25,363台灣苗栗縣公館鄉北河村,False,24.53779,120.8841639,ku6777,古國順,,1
Rhaphidophora hongkongensis,708990,340095693,https://www.inaturalist.org/observations/340095693,research,2026-02-25,363台灣苗栗縣公館鄉北河村,False,24.538425,120.8793566667,ku6777,古國順,,1
Rhaphidophora hongkongensis,708990,339894454,https://www.inaturalist.org/observations/339894454,research,2026-02-23,313台灣新竹縣尖石鄉M5WM+38,False,24.6932822997,121.1808256,ellen89,Ellen Lee,,2
Rhaphidophora hongkongensis,708990,339883367,https://www.inaturalist.org/observations/339883367,research,2015-10-22,313台灣新竹縣尖石鄉新竹縣尖石鄉,False,24.696753,121.1882408,kuman,大俠,cc-by-nc-sa,1
Rhaphidophora hongkongensis,708990,339875298,https://www.inaturalist.org/observations/339875298,research,2026-02-23,315台灣新竹縣峨眉鄉60-8,False,24.6549766667,121.0268033333,ku6777,古國順,,1
Rhaphidophora hongkongensis,708990,339874129,https://www.inaturalist.org/observations/339874129,research,2026-02-23,315台灣新竹縣峨眉鄉60-8,False,24.654725,121.026085,ku6777,古國順,,1
Rhaphidophora hongkongensis,708990,339867027,https://www.inaturalist.org/observations/339867027,research,2026-02-23,315台灣新竹縣峨眉鄉獅山遊客中心[台灣好行],False,24.6549583333,121.0233583333,sh1025,歐陽秀華,cc-by-nc,1
Rhaphidophora hongkongensis,708990,339866280,https://www.inaturalist.org/observations/339866280,research,2026-02-23,315台灣新竹縣峨眉鄉M22F+XC,False,24.653105,121.02297,sh1025,歐陽秀華,cc-by-nc,1
Rhaphidophora hongkongensis,708990,339866128,https://www.inaturalist.org/observations/339866128,research,2026-02-23,315台灣新竹縣峨眉鄉獅山遊客中心[台灣好行],False,24.65497,121.023375,sh1025,歐陽秀華,cc-by-nc,1
Rhaphidophora hongkongensis,708990,339857711,https://www.inaturalist.org/observations/339857711,research,2026-02-23,315台灣新竹縣峨眉鄉60-8,False,24.6535533333,121.023305,ku6777,古國順,,1
Rhaphidophora hongkongensis,708990,339857008,https://www.inaturalist.org/observations/339857008,research,2026-02-23,315台灣新竹縣峨眉鄉60-8號,False,24.6551009,121.0239527,ku6777,古國順,,1
Rhaphidophora hongkongensis,708990,339856782,https://www.inaturalist.org/observations/339856782,research,2026-02-23,315台灣新竹縣峨眉鄉獅山遊客中心[台灣好行],False,24.6549683333,121.02312,ku6777,古國順,,1
Rhaphidophora hongkongensis,708990,339854657,https://www.inaturalist.org/observations/339854657,research,2026-02-23,315台灣新竹縣峨眉鄉七星村,False,24.6561533333,121.0172566667,ku6777,古國順,,1
Rhaphidophora hongkongensis,708990,339854243,https://www.inaturalist.org/observations/339854243,research,2026-02-23,315台灣新竹縣峨眉鄉八仙橋,False,24.6579944444,121.0211444444,ku6777,古國順,,2
Rhaphidophora hongkongensis,708990,339378210,https://www.inaturalist.org/observations/339378210,needs_id,2026-02-20,"Yanuoda Tropical Rain Forest, Hainan, CN",False,18.462175,109.64373,nanfine,Nathan Ye,,1
Rhaphidophora hongkongensis,708990,339001585,https://www.inaturalist.org/observations/339001585,research,2026-02-17,979台灣花蓮縣萬榮鄉馬遠村,False,23.5874057,121.3511253,lii_plum,,cc-by-nc,2
Rhaphidophora hongkongensis,708990,338757677,https://www.inaturalist.org/observations/338757677,research,2025-11-04,"Mu Si, Pak Chong District, Nakhon Ratchasima 30130, Thailand",False,14.4517715171,101.3704659769,tomaz91602,Tomaz and Erika,,1
Rhaphidophora hongkongensis,708990,338539252,https://www.inaturalist.org/observations/338539252,research,2026-02-03,"臺灣島, 橫山鄉, 新竹縣, TW",False,24.6582416667,121.1243528333,ce_jones,Huang Wen Yuan,,1
Rhaphidophora hongkongensis,708990,338408036,https://www.inaturalist.org/observations/338408036,research,2026-02-10,"大埔区, 香港特别行政区, CN",False,22.4317969995,114.1819705622,szlinda,,cc-by-nc,1
Rhaphidophora hongkongensis,708990,338395693,https://www.inaturalist.org/observations/338395693,needs_id,2026-02-07,"大埔区, 香港特别行政区, CN",False,22.4360761176,114.1860213538,szlinda,,cc-by-nc,1
Rhaphidophora hongkongensis,708990,338305610,https://www.inaturalist.org/observations/338305610,needs_id,2026-02-11,霸王岭 中国海南省昌江黎族自治县,False,19.1289494586,109.0904627678,mengjinxia,王琰,cc-by-nc,2
Rhaphidophora hongkongensis,708990,338219386,https://www.inaturalist.org/observations/338219386,research,2026-01-09,"Nho Quan, Ninh Binh, VN",False,20.3191083333,105.63762,fraser_willmott,,cc-by-nc,1
Rhaphidophora hongkongensis,708990,337771650,https://www.inaturalist.org/observations/337771650,research,2026-02-08,313台灣新竹縣尖石鄉M5WP+JH,False,24.69682,121.1856416667,wang811103,wang811103,,1
Rhaphidophora hongkongensis,708990,337771636,https://www.inaturalist.org/observations/337771636,research,2026-02-08,313台灣新竹縣尖石鄉M5WP+JH,False,24.6968083333,121.1857366667,wang811103,wang811103,,2
Rhaphidophora hongkongensis,708990,337511894,https://www.inaturalist.org/observations/337511894,research,2026-02-06,"Ulu Melaka, 07000 Langkawi, Kedah, 馬來西亞",False,6.40234248,99.8200912,homoformosana,Shiwa,cc-by-nc,6
Rhaphidophora hongkongensis,708990,337433617,https://www.inaturalist.org/observations/337433617,research,2026-02-05,354台灣苗栗縣獅潭鄉,False,24.4908111111,120.9065472222,liushengyu,liushengyu,cc-by-nc,1
Rhaphidophora hongkongensis,708990,337433607,https://www.inaturalist.org/observations/337433607,research,2026-02-05,354台灣苗栗縣獅潭鄉,False,24.4907888889,120.9065111111,liushengyu,liushengyu,cc-by-nc,1
Rhaphidophora hookeri,710688,404172239,https://www.inaturalist.org/observations/404172239,needs_id,2026-09-25,中国云南省怒江傈僳族自治州贡山独龙族怒族自治县,False,27.6800100885,98.2718761234,observe-syz,,cc0,3
Rhaphidophora hookeri,710688,399803029,https://www.inaturalist.org/observations/399803029,research,2026-08-30,"Meleng, Nakachari, Dedrupar Grant, Assam 785635, India",False,26.6798313206,94.3568626419,ashim3,Ashim Gogoi,,1
Rhaphidophora hookeri,710688,391043464,https://www.inaturalist.org/observations/391043464,research,2026-08-14,云南省西双版纳傣族自治州勐腊县勐仑镇沧海桑田的见证中国科学院西双版纳热带植物园,False,21.91876931,101.27345829,ctllex,chentian,cc-by-nc,1
Rhaphidophora hookeri,710688,386217111,https://www.inaturalist.org/observations/386217111,research,2026-07-29,"Tirap, IN-AR, IN",False,27.2543533333,95.5351833333,sohaildatadump,Sohail Madan,cc-by-nc,1
Rhaphidophora hookeri,710688,386216980,https://www.inaturalist.org/observations/386216980,research,2026-07-29,"Tirap, IN-AR, IN",False,27.2561766667,95.5381266667,sohaildatadump,Sohail Madan,cc-by-nc,1
Rhaphidophora hookeri,710688,379635015,https://www.inaturalist.org/observations/379635015,research,2026-07-09,云南省西双版纳傣族自治州勐腊县勐仑镇213国道,False,21.927657,101.271401,liboheng_reborn,李博恒,cc-by-nc,3
Rhaphidophora hookeri,710688,374953476,https://www.inaturalist.org/observations/374953476,research,2026-06-11,"XV6C+HWF, Ban Du, Mueang Chiang Rai District, Chiang Rai 57100, Thailand",False,19.9618017,99.8716224,nyiminhtet,Nyi Min Htet,,1
Rhaphidophora hookeri,710688,339577730,https://www.inaturalist.org/observations/339577730,research,2026-02-21,"Baise, CN-GX, CN",True,23.3350171794,106.786461798,lvlvlv,,cc-by-nc,1
Rhaphidophora hookeri,710688,338872654,https://www.inaturalist.org/observations/338872654,research,2026-02-14,China,True,24.5918084398,97.523805089,eric_kwan,Eric Kwan,,1
Rhaphidophora hookeri,710688,334195117,https://www.inaturalist.org/observations/334195117,needs_id,2026-01-10,"Chongzuo, Guangxi Zhuangzu Zizhiqu, CN",False,22.8564166667,106.7237333333,zq_fan,zq_fan,,4
Rhaphidophora hookeri,710688,331266801,https://www.inaturalist.org/observations/331266801,research,2025-12-19,"Đại Từ, Tam Dao, VN-TY, VN",False,21.4707883333,105.6432883333,lostincr,LostInCR,,6
Rhaphidophora hookeri,710688,316441503,https://www.inaturalist.org/observations/316441503,research,2025-08-27,中国云南省西双版纳傣族自治州勐腊县,False,21.9212186759,101.2790543719,yihe1,Yihe Chen,,1
Rhaphidophora hookeri,710688,268346721,https://www.inaturalist.org/observations/268346721,needs_id,2025-03-09,中国云南省西双版纳傣族自治州勐腊县,False,21.71511887,101.4174005,liuguangyu,刘光裕 Liu Guangyu,cc-by-nc,1
Rhaphidophora hookeri,710688,265666287,https://www.inaturalist.org/observations/265666287,needs_id,2025-03-14,"Vangvieng, Xaisomboun, LA",False,18.9459633333,102.4339833333,nithitchai,Nithit Chai,cc-by-nc,1
Rhaphidophora hookeri,710688,263479251,https://www.inaturalist.org/observations/263479251,research,2025-02-09,中國雲南省西雙版納傣族自治州勐臘縣,False,21.9194805556,101.2709194444,ray76,Ray Wang,,1
Rhaphidophora hookeri,710688,263479248,https://www.inaturalist.org/observations/263479248,research,2025-02-09,中國雲南省西雙版納傣族自治州勐臘縣,False,21.9199444444,101.2702638889,ray76,Ray Wang,,1
Rhaphidophora hookeri,710688,263479235,https://www.inaturalist.org/observations/263479235,research,2025-02-09,中國雲南省西雙版納傣族自治州勐臘縣,False,21.9204722222,101.2692944444,ray76,Ray Wang,,1
Rhaphidophora hookeri,710688,263479228,https://www.inaturalist.org/observations/263479228,research,2025-02-09,中國雲南省西雙版納傣族自治州勐臘縣,False,21.9201777778,101.2689583333,ray76,Ray Wang,,1
Rhaphidophora hookeri,710688,261986291,https://www.inaturalist.org/observations/261986291,needs_id,2025-01-26,中国云南省德宏傣族景颇族自治州瑞丽市莫里热带雨林景区,False,24.1113090502,97.9832110661,onikiri,,cc-by-nc,4
Rhaphidophora hookeri,710688,258802159,https://www.inaturalist.org/observations/258802159,research,2025-01-18,"X. Pú Nhung, H. Tuần Giáo, Điện Biên, VN",False,21.6741966667,103.4702533333,van_the_pham,Văn Thế Phạm,cc-by-nc,4
Rhaphidophora hookeri,710688,257466177,https://www.inaturalist.org/observations/257466177,research,2025-01-05,云南省德宏傣族景颇族自治州瑞丽市莫里热带雨林风景区-伴佛亭,False,24.11467,97.984608,simbason,Simba,cc-by-nc-nd,2
Rhaphidophora hookeri,710688,246597973,https://www.inaturalist.org/observations/246597973,research,2023-07-17,中国云南省西双版纳傣族自治州勐腊县,False,21.920518875,101.2691192625,jinzlung,,cc-by-nc,1
Rhaphidophora hookeri,710688,243407860,https://www.inaturalist.org/observations/243407860,needs_id,2024-09-21,"Luangprabang, Laos",False,19.749827463,101.9921961624,endless_wonderer,Endless Wonderer,,4
Rhaphidophora hookeri,710688,200703821,https://www.inaturalist.org/observations/200703821,research,2024-02-28,"中国科学院西双版纳热带植物园, 西双版纳傣族自治州, 云南省, CN",False,21.9278033333,101.2571333333,ygyy1220,,cc-by-nc,1
Rhaphidophora hookeri,710688,199273833,https://www.inaturalist.org/observations/199273833,research,2024-02-03,中国广西壮族自治区崇左市龙州县,False,22.496647495,106.9253970978,seventeennature,Shi Qi,,1
Rhaphidophora hookeri,710688,197609473,https://www.inaturalist.org/observations/197609473,research,2024-01-21,中国广西壮族自治区百色市那坡县,False,23.3870999,105.83349,momoshou,momo shou,cc-by-nc,2
Rhaphidophora hookeri,710688,196022359,https://www.inaturalist.org/observations/196022359,research,2023-12-23,中国云南省西双版纳傣族自治州勐腊县,False,21.9165077627,101.270915136,xiaoting_xu,Xiaoting Xu,,1
Rhaphidophora hookeri,710688,192703870,https://www.inaturalist.org/observations/192703870,research,2023-11-23,中国云南省西双版纳傣族自治州勐腊县,False,21.92139,101.2697983333,kyosapir,,cc-by-nc,1
Rhaphidophora hookeri,710688,171950640,https://www.inaturalist.org/observations/171950640,research,2022-10-06,,True,19.9662308475,78.8230773604,plantboiii,Abu Hang Samuel,,2
Rhaphidophora hookeri,710688,168264826,https://www.inaturalist.org/observations/168264826,research,1996-09-23,"Doi Phu Kha National Park, Province de Nan, Thaïlande",False,19.1291877483,101.0968002922,missour,,cc-by-nc,1
Rhaphidophora hookeri,710688,168048774,https://www.inaturalist.org/observations/168048774,research,1996-09-22,"Doi Phu Kha National Park, Province de Nan 55130, Thaïlande",False,19.4111434186,101.0556015617,missour,,cc-by-nc,1
Rhaphidophora hookeri,710688,147937259,https://www.inaturalist.org/observations/147937259,needs_id,2019-01-24,"Yunnan, CN",True,21.6735604628,101.5606356134,easy_to_distinguish,Charles,cc-by-nc,2
Rhaphidophora hookeri,710688,143031803,https://www.inaturalist.org/observations/143031803,research,2022-11-27,中国广东省惠州市博罗县,False,23.321063335,113.9970021912,liaoliao,曾云保,,1
Rhaphidophora hookeri,710688,137005613,https://www.inaturalist.org/observations/137005613,research,2022-09-30,"Xishuangbanna Dai, Yunnan, China",False,21.92838,101.25378,liuguangyu,刘光裕 Liu Guangyu,cc-by-nc,1
Rhaphidophora hookeri,710688,132518938,https://www.inaturalist.org/observations/132518938,research,2022-08-27,"Huizhou, Guangdong, China",False,23.3115694444,114.0256583333,liaoliao,曾云保,,2
Rhaphidophora hookeri,710688,128734251,https://www.inaturalist.org/observations/128734251,research,2022-07-31,"Xishuangbanna Dai, CN-YN, CN",False,21.9199848175,101.2701873779,xinyujia,,cc-by-nc,1
Rhaphidophora hookeri,710688,119835358,https://www.inaturalist.org/observations/119835358,research,2019-12-02,"Sarpang, Bhutan",False,27.1210966667,90.4217894444,phuentsho,Phuentsho,cc-by-nc,1
Rhaphidophora hookeri,710688,104846989,https://www.inaturalist.org/observations/104846989,research,2022-01-13,云南省西双版纳傣族自治州勐腊县勐仑镇野生天南星园中国科学院西双版纳热带植物园,False,21.92048543,101.26926973,colocasia,,cc-by-nc,3
Rhaphidophora hookeri,710688,103900748,https://www.inaturalist.org/observations/103900748,research,2021-12-13,"793109, India",False,25.2093775997,92.0036199997,pjeganathan,P Jeganathan,cc-by,1
Rhaphidophora hookeri,710688,79874455,https://www.inaturalist.org/observations/79874455,research,2021-05-23,YunnanXishuangbannaMengla西双版纳热带植物园-勐仑植物园,False,21.930349,101.252587,cdelrio,Cédric DEL RIO,cc-by-nc,1
Rhaphidophora hookeri,710688,78784417,https://www.inaturalist.org/observations/78784417,research,2021-05-15,YunnanXishuangbannaMengla曼边村,False,21.930882,101.261796,cdelrio,Cédric DEL RIO,cc-by-nc,1
Rhaphidophora hookeri,710688,39592661,https://www.inaturalist.org/observations/39592661,research,2020-03-06,"Xishuangbanna Dai, CN-YN, CN",False,21.92887235,101.26081049,liuguangyu,刘光裕 Liu Guangyu,cc-by-nc,1
Rhaphidophora hookeri,710688,5516209,https://www.inaturalist.org/observations/5516209,research,2017-02-22,中国云南省西双版纳傣族自治州勐腊县,False,21.9166116449,101.2717151642,liuguangyu,刘光裕 Liu Guangyu,cc-by-nc,1
Rhaphidophora korthalsii,354692,401213256,https://www.inaturalist.org/observations/401213256,research,2026-08-29,"Gunung Picung, Pamijahan, Bogor Regency, West Java, Indonesia",False,-6.6914950915,106.6898236424,alfianadhi,Alfian Adhi Chandra,,1
Rhaphidophora korthalsii,354692,400909598,https://www.inaturalist.org/observations/400909598,research,2026-09-16,"Bentong, Pahang, Malaysia",False,3.3846972222,101.8858138889,ongzi,Ong Jyh Seng,cc-by,1
Rhaphidophora korthalsii,354692,396583475,https://www.inaturalist.org/observations/396583475,research,2026-09-01,"Sarawak, MY",False,1.71841,110.446402,skorupiak1618,Michał Górski,cc-by-nc,1
Rhaphidophora korthalsii,354692,396396631,https://www.inaturalist.org/observations/396396631,research,2010-02-07,鹦哥嘴,False,19.0486320109,109.5692837933,island-lover,,cc-by-nc,1
Rhaphidophora korthalsii,354692,395165041,https://www.inaturalist.org/observations/395165041,research,2026-08-24,"Sabah, MY",False,5.489134,118.225229,skorupiak1618,Michał Górski,cc-by-nc,1
Rhaphidophora korthalsii,354692,393836684,https://www.inaturalist.org/observations/393836684,research,2026-08-22,"Niah, Sarawak, Malezja",False,3.8221873997,113.7651139997,szuwarek,Dariusz Kamiński,cc-by-nc,1
Rhaphidophora korthalsii,354692,393669617,https://www.inaturalist.org/observations/393669617,research,2026-08-22,"Niah, Sarawak, Malezja",False,3.8187916997,113.7810807,szuwarek,Dariusz Kamiński,cc-by-nc,1
Rhaphidophora korthalsii,354692,393413305,https://www.inaturalist.org/observations/393413305,research,2024-12-11,"Sapang Balas, Dinalupihan, Bataan, Philippines",False,14.8868639288,120.4383581068,thebotanicaljason,J.W.Baker,cc-by-nc,2
Rhaphidophora korthalsii,354692,392103880,https://www.inaturalist.org/observations/392103880,research,2026-07-30,"Lojing Highlands, Kelantan, Malaysia",False,4.6385222222,101.5040055556,ben338,Ben Hsieh,,2
Rhaphidophora korthalsii,354692,391381912,https://www.inaturalist.org/observations/391381912,research,2026-07-30,"Lojing Highlands, Kelantan, Malaysia",False,4.6398138889,101.5028611111,ben338,Ben Hsieh,,2
Rhaphidophora korthalsii,354692,390529116,https://www.inaturalist.org/observations/390529116,research,2026-07-22,bako national park customer service centre,False,1.714389,110.44166,robindesa,RobinDeSa,cc-by-nc,1
Rhaphidophora korthalsii,354692,388977351,https://www.inaturalist.org/observations/388977351,research,2026-07-02,"Paranas, Eastern Visayas, PH",False,11.8133783333,125.1609083333,caseyraine,,cc-by-nc,1
Rhaphidophora korthalsii,354692,387458876,https://www.inaturalist.org/observations/387458876,research,2026-08-02,"Soi Thao Sura 3, Mueang Nakhon Ratchasima District, Nakhon Ratchasima, TH",False,14.978943823,102.1162477007,sulisa_119,SULISA DOKKHAORAM,cc-by-nc,1
Rhaphidophora korthalsii,354692,387425778,https://www.inaturalist.org/observations/387425778,needs_id,2026-06-20,"North Fly District, Western Province, Papua New Guinea",False,-6.0757777783,141.5229027783,avocat,,cc-by,1
Rhaphidophora korthalsii,354692,386880918,https://www.inaturalist.org/observations/386880918,research,2026-07-31,"G7PF+Q2, Allen, Northern Samar, Philippines",False,12.5390110333,124.2714073509,normaneulin,Norman Enrico C. Eulin,cc-by-nc,5
Rhaphidophora korthalsii,354692,386791575,https://www.inaturalist.org/observations/386791575,research,2026-07-24,"Sepilok, 90000 Sandakan, Sabah, 马来西亚",False,5.8651336604,117.9487075278,jake_lu,,cc-by-nc,1
Rhaphidophora korthalsii,354692,386755909,https://www.inaturalist.org/observations/386755909,research,2026-07-26,"North Santo, VU-SN, VU",False,-15.3437378416,166.7428773067,rich_fuller,Richard Fuller,cc0,1
Rhaphidophora korthalsii,354692,385539862,https://www.inaturalist.org/observations/385539862,research,2025-11-28,"Lahad Datu, Sabah, Malaysia",False,5.0190077875,117.749912407,evan_7,,cc-by-nc,1
Rhaphidophora korthalsii,354692,383867945,https://www.inaturalist.org/observations/383867945,research,2026-07-21,"Marudi, Sarawak, Malaysia",False,3.1918316667,115.4303966667,akmal_idham,Akmal Idham,cc-by-nc,1
Rhaphidophora korthalsii,354692,380962418,https://www.inaturalist.org/observations/380962418,research,2022-03-24,"Johor, MY",True,1.9715387878,102.8474450945,kohsoonyap,許順業 Koh Soon Yap,,2
Rhaphidophora korthalsii,354692,379604773,https://www.inaturalist.org/observations/379604773,research,2026-06-05,中国海南省陵水黎族自治县,False,18.7275,109.8643805556,kragikuak,KragiKuak,cc-by-nc,1
Rhaphidophora korthalsii,354692,377386746,https://www.inaturalist.org/observations/377386746,research,2026-07-02,"Tenani, Paranas, Samar, Philippines",False,11.8133584997,125.1605085,calvin_beale,Calvin Beale,,2
Rhaphidophora korthalsii,354692,374217960,https://www.inaturalist.org/observations/374217960,research,2026-06-15,"Sepilok, 90000 Sandakan, Sabah, Malaysia",False,5.8645564997,117.9478347,creature-logger,Eddy Smith,cc0,1
Rhaphidophora korthalsii,354692,373863908,https://www.inaturalist.org/observations/373863908,needs_id,2026-06-21,"Bach Ma, VN-TT-PL, VN-TT, VN",False,16.2079202,107.86325566,aliaksandarmialik,Aliaksandr Mialik,cc-by-nc,1
Rhaphidophora korthalsii,354692,372830627,https://www.inaturalist.org/observations/372830627,research,2026-06-18,"Taman Kinabalu, Ranau, 沙巴, MY",False,6.0108483859,116.5407924289,hylin,Huan-Yu Lin,cc-by-nc,1
Rhaphidophora korthalsii,354692,372802258,https://www.inaturalist.org/observations/372802258,research,2026-03-22,"Magsaysay, Infanta, Quezon, Philippines",False,14.671530555,121.5645,tanager912,Anne Heyerly,cc-by-nc,1
Rhaphidophora korthalsii,354692,371708150,https://www.inaturalist.org/observations/371708150,research,2025-03-03,"Kinabalu, Kota Belud, Sabah, Malaysia",False,6.1561527667,116.5673222167,tim2go,Tim G.,,1
Rhaphidophora korthalsii,354692,371672907,https://www.inaturalist.org/observations/371672907,research,2025-03-02,"Kinabalu, Kota Belud, Sabah, Malaysia",False,6.1642583333,116.5658388833,tim2go,Tim G.,,2
Rhaphidophora korthalsii,354692,371456803,https://www.inaturalist.org/observations/371456803,needs_id,2026-05-31,"Kabupaten Mimika, Papua Tengah, Indonesia",False,-4.52355,136.7758194444,referiqbal,Refer Iqbal,cc-by-nc,1
Rhaphidophora korthalsii,354692,370865865,https://www.inaturalist.org/observations/370865865,research,2026-05-02,"Sumatra, Kabupaten Langkat, Северная Суматра, ID",False,3.5271283333,98.1282888333,lisopavlik,Павлик Лисицын,cc-by,2
Rhaphidophora korthalsii,354692,368551568,https://www.inaturalist.org/observations/368551568,research,2026-06-04,"Niah, Sarawak, Malaysia",False,3.8014874663,113.7853386998,christophermgu,Christopher Guna,cc-by-nc,1
Rhaphidophora korthalsii,354692,364248253,https://www.inaturalist.org/observations/364248253,research,2023-02-06,"Seksyen 5 Wangsa Maju, 54200 Kuala Lumpur, Wilayah Persekutuan Kuala Lumpur, Malaysia",False,3.1933050972,101.7464641221,ernlyern,Chew Xin Ern,,2
Rhaphidophora korthalsii,354692,363881436,https://www.inaturalist.org/observations/363881436,research,2026-05-21,"Sandakan, Sabah, MY",False,5.4175383333,117.96402,elm000,,cc-by-nc,1
Rhaphidophora korthalsii,354692,363575209,https://www.inaturalist.org/observations/363575209,research,2026-05-11,"Yapsi, Kabupaten Jayapura, Papua, Indonesia",False,-2.811221,140.1009527,referiqbal,Refer Iqbal,cc-by-nc,1
Rhaphidophora korthalsii,354692,363013585,https://www.inaturalist.org/observations/363013585,research,2026-05-11,"Bukit Panjang, Singapore",False,1.3489166667,103.7775777778,mdoliveira,,cc-by-nc,1
Rhaphidophora korthalsii,354692,363013458,https://www.inaturalist.org/observations/363013458,research,2026-05-11,"Bukit Panjang, Singapore",False,1.3489166667,103.7775777778,mdoliveira,,cc-by-nc,3
Rhaphidophora korthalsii,354692,361587678,https://www.inaturalist.org/observations/361587678,research,2025-08-26,Taiwan,True,25.0355750469,121.4778375384,lecanorchis,,cc-by-nc-nd,1
Rhaphidophora korthalsii,354692,361339714,https://www.inaturalist.org/observations/361339714,research,2026-03-22,"Magsaysay, Infanta, Quezon, Philippines",False,14.6606827685,121.5477656642,jimmoore,Jim Moore (Maryland),cc-by-nc,1
Rhaphidophora korthalsii,354692,360768056,https://www.inaturalist.org/observations/360768056,research,2014-10-26,"Nord Konawe, Sulawesi du Sud-Est, Indonésie",False,-3.1437472222,122.0513805556,naturevolution,Naturevolution,cc-by-nc,1
Rhaphidophora korthalsii,354692,359066432,https://www.inaturalist.org/observations/359066432,research,2026-04-27,"姆祿山國家公園, Pusat Mel Miri, 砂拉越, MY",False,4.032425,114.8168033333,jamg0121,,cc-by-nc,2
Rhaphidophora korthalsii,354692,358500540,https://www.inaturalist.org/observations/358500540,research,2026-04-25,"Mankilam, Tagum, Davao del Norte, Philippines",False,7.4591302887,125.7884269457,lgucenro_elthon,,cc-by-nc,1
Rhaphidophora korthalsii,354692,358491630,https://www.inaturalist.org/observations/358491630,research,2026-04-27,"FRH5+39W Huyong-huyong Nature Park, Tagum, Davao del Norte, Philippines",False,7.4777273573,125.8084552735,lgucenropamela,,cc-by-nc,1
Rhaphidophora korthalsii,354692,358175936,https://www.inaturalist.org/observations/358175936,research,2026-04-11,"Kabupaten Kepulauan Talaud, Sulawesi Utara, Indonesia",False,4.3066741,126.8034921,muhammad_idris_biotadulako,MUH IDRIS,cc-by-nc,1
Rhaphidophora korthalsii,354692,357417574,https://www.inaturalist.org/observations/357417574,research,2026-04-27,"CRXG+G54, Tagum, Davao del Norte, Philippines",False,7.4487674,125.8255848,lgucenro_maristel,Maris Tel,,1
Rhaphidophora korthalsii,354692,357384655,https://www.inaturalist.org/observations/357384655,research,2026-04-27,"FRH5+39W Huyong-huyong Nature Park, Tagum, Davao del Norte, Philippines",False,7.4777273573,125.8084552735,lgutourism_abella,geraldine abella,cc-by-nc,1
Rhaphidophora korthalsii,354692,357151865,https://www.inaturalist.org/observations/357151865,research,2026-05-01,"Kinabalu Park, Ranau, Sabah, Malaysia",False,6.0156555556,116.53735,mdoliveira,,cc-by-nc,1
Rhaphidophora korthalsii,354692,357088047,https://www.inaturalist.org/observations/357088047,research,2026-04-27,"Mindanao, Tagum City, Davao Del Norte, PH",False,7.4773366667,125.8099283333,lgutourism_abella,geraldine abella,cc-by-nc,1
Rhaphidophora korthalsii,354692,356846763,https://www.inaturalist.org/observations/356846763,research,2026-04-22,"G3HC+MH, Kampung Perpaduan Datuk Mohd Ugi, 90000 Kinabatangan, Sabah, Malaysia",False,5.5290333333,118.0726861111,mdoliveira,,cc-by-nc,4
Rhaphidophora korthalsii,354692,356746661,https://www.inaturalist.org/observations/356746661,needs_id,2026-04-27,"Tagum City, PH-DV, PH",False,7.47798,125.8080133333,jheecristejano,,cc-by-nc,1
Rhaphidophora korthalsii,354692,356525381,https://www.inaturalist.org/observations/356525381,research,2026-04-26,"Tagum City, Davao Del Norte, PH",False,7.4612213673,125.7851696091,jheecristejano,,cc-by-nc,1
Rhaphidophora korthalsii,354692,356479117,https://www.inaturalist.org/observations/356479117,research,2026-04-20,"Tongod District, Sabah, Malaysia",False,4.7410472222,116.9765472222,mdoliveira,,cc-by-nc,2
Rhaphidophora korthalsii,354692,356477961,https://www.inaturalist.org/observations/356477961,research,2026-04-20,"Tongod District, Sabah, Malaysia",False,4.7432194444,116.9724861111,mdoliveira,,cc-by-nc,2
Rhaphidophora korthalsii,354692,356400621,https://www.inaturalist.org/observations/356400621,research,2026-04-27,"Tagum City, Davao Del Norte, PH",False,7.47798,125.8080133333,jheecristejano,,cc-by-nc,1
Rhaphidophora korthalsii,354692,356304617,https://www.inaturalist.org/observations/356304617,research,2026-04-20,"Tongod District, Sabah, Malaysia",False,4.7438388889,116.9713888889,mdoliveira,,cc-by-nc,2
Rhaphidophora korthalsii,354692,356300841,https://www.inaturalist.org/observations/356300841,research,2026-04-20,"Tongod District, Sabah, Malaysia",False,4.74185,116.9723444444,mdoliveira,,cc-by-nc,2
Rhaphidophora korthalsii,354692,356105828,https://www.inaturalist.org/observations/356105828,needs_id,2026-04-20,"Tongod District, Sabah, Malaysia",False,4.7418916667,116.9723194444,mdoliveira,,cc-by-nc,2
Rhaphidophora korthalsii,354692,356089549,https://www.inaturalist.org/observations/356089549,needs_id,2026-04-25,"Tagum City, Davao Del Norte, PH",False,7.4676994173,125.7861389016,jheecristejano,,cc-by-nc,1
Rhaphidophora korthalsii,354692,356059426,https://www.inaturalist.org/observations/356059426,needs_id,2026-04-27,"Tagum City, Davao Del Norte, PH",False,7.4353368326,125.8021452266,lgucpdo_anneve,Nev😄,cc-by-nc,1
Rhaphidophora korthalsii,354692,356002797,https://www.inaturalist.org/observations/356002797,needs_id,2026-04-27,"FRH5+566, Tagum, Davao del Norte, Philippines",False,7.4781202997,125.8080748997,lgutourism_abella,geraldine abella,cc-by-nc,3
Rhaphidophora korthalsii,354692,356002228,https://www.inaturalist.org/observations/356002228,research,2026-04-27,"FRH5+32Q, La Filipina, Tagum, Davao del Norte, Philippines",False,7.4777342997,125.8079201997,lgutourism_abella,geraldine abella,cc-by-nc,1
Rhaphidophora korthalsii,354692,355768289,https://www.inaturalist.org/observations/355768289,research,2026-04-24,"La Filipina, Tagum, Davao del Norte, Philippines",False,7.4775861111,125.8079583333,lgulibrary_nestejoypablo,Neste Joy Pablo,cc-by-nc,1
Rhaphidophora korthalsii,354692,355346837,https://www.inaturalist.org/observations/355346837,needs_id,2026-04-24,"Tagum City, Davao del Norte, Philippines",False,7.4775861111,125.8079583333,lgulibrary_nestejoypablo,Neste Joy Pablo,cc-by-nc,1
Rhaphidophora korthalsii,354692,355341571,https://www.inaturalist.org/observations/355341571,research,2026-04-27,"FR37+J5R, Tagum, Davao del Norte, Philippines",False,7.4539317437,125.8129536733,lguchlmo_carnicer,Dan Te,cc-by-nc,2
Rhaphidophora korthalsii,354692,355300494,https://www.inaturalist.org/observations/355300494,research,2026-04-27,"Tagum City Bypass Road, Tagum City, Davao Del Norte, PH",False,7.4775716667,125.808,uy_emerald,,cc-by-nc,1
Rhaphidophora korthalsii,354692,355294420,https://www.inaturalist.org/observations/355294420,research,2026-04-27,"Tagum City, Davao Del Norte, PH",False,7.4779833333,125.808,lgucpdo_maricrisgrampon,,cc-by-nc,1
Rhaphidophora korthalsii,354692,355275521,https://www.inaturalist.org/observations/355275521,needs_id,2026-04-24,"Huyong-huyong Nature Park, Tagum City, Davao Del Norte, PH",False,7.4778133333,125.8077783333,youth-ysp_princesssarah,Sarah Ramos,cc-by-nc,1
Rhaphidophora korthalsii,354692,355275382,https://www.inaturalist.org/observations/355275382,research,2026-04-27,"Tagum City, Davao Del Norte, PH",False,7.4776801475,125.808523319,lgucpdo_lou,Lou Opeña,cc-by-nc,1
Rhaphidophora korthalsii,354692,355214323,https://www.inaturalist.org/observations/355214323,research,2026-04-27,"Tagum City, Davao Del Norte, PH",False,7.4780073503,125.8079629858,lgucpdo_febbie,,cc-by-nc,1
Rhaphidophora korthalsii,354692,355191419,https://www.inaturalist.org/observations/355191419,research,2026-04-27,"Magugpo West, Tagum, Davao del Norte, Philippines",False,7.4592657,125.8022567972,lgutourism_daniela,,cc-by-nc,1
Rhaphidophora korthalsii,354692,355060436,https://www.inaturalist.org/observations/355060436,needs_id,2026-04-27,"FRH5+32Q, La Filipina, Tagum, Davao del Norte, Philippines",False,7.4775349722,125.8080089722,lgucboneri_r,Rodel Neri,cc-by-nc,1
Rhaphidophora korthalsii,354692,355028599,https://www.inaturalist.org/observations/355028599,research,2026-04-27,"Tagum City Bypass Road, Tagum City, Davao Del Norte, PH",False,7.4777748732,125.8076762684,lgucmobplo_kennethceballos,kenneth ceballos,,1
Rhaphidophora korthalsii,354692,355009162,https://www.inaturalist.org/observations/355009162,research,2026-04-27,"Osmeña Street, Tagum City, Davao Del Norte, PH",False,7.4476773906,125.8043801434,lgutourism_jessamae,Jessa Mae Duga,cc-by-nc,1
Rhaphidophora korthalsii,354692,354968819,https://www.inaturalist.org/observations/354968819,research,2026-04-27,"Tagum-New Corella Road, Tagum City, Davao Del Norte, PH",False,7.4715957514,125.8075703154,edd_mark_wakan,Edd Mark Wakan,cc-by-nc,1
Rhaphidophora korthalsii,354692,354929175,https://www.inaturalist.org/observations/354929175,research,2026-04-27,"FRH5+566, Tagum, Davao del Norte, Philippines",False,7.4780016667,125.8079283333,ge0gs,,cc-by-nc,1
Rhaphidophora korthalsii,354692,354901014,https://www.inaturalist.org/observations/354901014,needs_id,2026-04-27,"FRH5+566, Tagum, Davao del Norte, Philippines",False,7.4785283333,125.8080433333,lguoffice_rubylyn,Rubylyn Soro,cc-by-nc,1
Rhaphidophora korthalsii,354692,354792437,https://www.inaturalist.org/observations/354792437,needs_id,2026-04-24,"CRW2+XX8, Tagum, Davao del Norte, Philippines",False,7.4474085011,125.8024578542,lgucenroerwinmercado,Erwin Mercado,,1
Rhaphidophora korthalsii,354692,354250680,https://www.inaturalist.org/observations/354250680,needs_id,2026-04-26,"Tagum City, Davao Del Norte, PH",False,7.4779883333,125.8079916667,lguceo_pulmanokath,Catherine Pulmano,,1
Rhaphidophora korthalsii,354692,353301328,https://www.inaturalist.org/observations/353301328,needs_id,2026-04-25,"CQCR+FG2, Canocotan, Tagum, Davao del Norte, Philippines",False,7.4204863831,125.7912063226,lguceeo_gvdublin,Gemma Dublin,cc-by-nc,1
Rhaphidophora korthalsii,354692,353176284,https://www.inaturalist.org/observations/353176284,research,2026-04-25,"FRH5+39W Huyong-huyong Nature Park, Tagum, Davao del Norte, Philippines",False,7.4777273573,125.8084552735,bsptagumbengkay,,cc-by-nc,1
Rhaphidophora korthalsii,354692,352679260,https://www.inaturalist.org/observations/352679260,research,2026-04-18,"P797+HQ, Hutan, Candiwulan, Kec. Kutasari, Kabupaten Purbalingga, Jawa Tengah 53361, Indonesia",False,-7.2826916667,109.2630333333,raflyfirmansyah,Rafly Firmansyah,cc-by-nc,1
Rhaphidophora korthalsii,354692,352660021,https://www.inaturalist.org/observations/352660021,research,2026-04-24,"Tagum City Bypass Road, Tagum City, Davao Del Norte, PH",False,7.47788,125.807595,lgucenro-april,,cc-by-nc,1
Rhaphidophora korthalsii,354692,352202730,https://www.inaturalist.org/observations/352202730,research,2026-04-17,"Kilanas, Brunei",False,4.866855,114.8767476111,cwfoo,Foo Chuan Wei,cc-by-nc,1
Rhaphidophora korthalsii,354692,350718752,https://www.inaturalist.org/observations/350718752,research,2026-03-26,"Yetty, Arso Tim., Kabupaten Keerom, Papua, Indonesia",False,-2.9778063,140.8976772,referiqbal,Refer Iqbal,cc-by-nc,1
Rhaphidophora korthalsii,354692,349929985,https://www.inaturalist.org/observations/349929985,needs_id,2026-04-15,"Kuala Rompin, Pahang, MY",False,2.7641883333,103.50242,arynnarmdhni,Arynnarmdhni,cc-by-nc,1
Rhaphidophora korthalsii,354692,349696233,https://www.inaturalist.org/observations/349696233,research,2026-04-14,"27000, Pahang, Malaysia",False,3.8649490663,102.2192588076,the_rahmat_wildlife93,TheRahmat,cc-by-nc,1
Rhaphidophora korthalsii,354692,348447689,https://www.inaturalist.org/observations/348447689,research,2026-04-09,Mount Makiling,False,14.136389031,121.1944442242,wilhelmtan,Wilhelm Joshua Tan,cc-by-nc,1
Rhaphidophora korthalsii,354692,347805292,https://www.inaturalist.org/observations/347805292,research,2025-11-26,"Sigi Regency, Central Sulawesi, Indonesia",False,-1.3266009781,120.0387495717,rockyreviko_,Rocky Reviko,cc-by-nc,1
Rhaphidophora korthalsii,354692,347763276,https://www.inaturalist.org/observations/347763276,needs_id,2025-11-26,"Sigi Regency, Central Sulawesi, Indonesia",False,-1.3264089373,120.0387853796,rockyreviko_,Rocky Reviko,cc-by-nc,1
Rhaphidophora korthalsii,354692,347725320,https://www.inaturalist.org/observations/347725320,research,2025-11-26,"Donggala, Sulawesi Tengah, Indonesia",False,-1.3285137,120.0388011,rockyreviko_,Rocky Reviko,cc-by-nc,1
Rhaphidophora korthalsii,354692,345037034,https://www.inaturalist.org/observations/345037034,research,2026-02-05,"Bang Wan, Khura Buri District, Phang Nga, Thailand",False,8.9955815977,98.4667367546,zacpeterson,Zac Peterson,cc-by,3
Rhaphidophora korthalsii,354692,342981996,https://www.inaturalist.org/observations/342981996,research,2026-03-14,Mount Makiling,False,14.136389031,121.1944442242,wilhelmtan,Wilhelm Joshua Tan,cc-by-nc,1
Rhaphidophora korthalsii,354692,342901571,https://www.inaturalist.org/observations/342901571,research,2026-02-11,"Selangor, Malaysia",False,3.25284275,101.6215145167,emanon,,cc-by-nc,1
Rhaphidophora korthalsii,354692,342780782,https://www.inaturalist.org/observations/342780782,research,2026-02-05,"Bang Wan, Khura Buri District, Phang Nga, Thailand",False,8.9948333333,98.4671083333,zacpeterson,Zac Peterson,cc-by,2
Rhaphidophora korthalsii,354692,342238137,https://www.inaturalist.org/observations/342238137,research,2026-03-10,"Baihua Waterfall, Qiongzhong, Hainan",False,19.00283432,109.8149337767,xieminnicki,,cc-by-nc,1
Rhaphidophora korthalsii,354692,342234260,https://www.inaturalist.org/observations/342234260,research,2026-03-10,"Baihua Waterfall, Qiongzhong, Hainan",False,19.0032997131,109.8153076169,xieminnicki,,cc-by-nc,2
Rhaphidophora korthalsii,354692,342062032,https://www.inaturalist.org/observations/342062032,research,2026-03-09,"Champaca Street, Antipolo City, Rizal, PH",False,14.62865,121.1284471667,kalikasam,,cc-by-nc,1
Rhaphidophora korthalsii,354692,341057524,https://www.inaturalist.org/observations/341057524,research,2026-02-28,"Lộc Trì, Phú Lộc, Thành phố Huế, Vietnam",False,16.2080333333,107.8632444444,damontighe,Damon Tighe,cc-by-nc,2
Rhaphidophora korthalsii,354692,340739733,https://www.inaturalist.org/observations/340739733,research,2025-05-04,"2CPR+7W Panday/Opyong Falls, Toril, Davao City, Davao del Sur, Philippines",False,7.0376381997,125.4434066997,curiosity,Kierr Jasper Sancover,,2
Rhaphidophora korthalsii,354692,340265895,https://www.inaturalist.org/observations/340265895,research,2026-01-24,"Sumatera Barat, ID",True,-1.0673283032,100.2896473625,jasonalexander,Jason Alexander,cc-by,1
Rhaphidophora korthalsii,354692,339860473,https://www.inaturalist.org/observations/339860473,research,2026-02-21,"Labu, Brunei",False,4.7526931111,115.1797373889,cwfoo,Foo Chuan Wei,cc-by-nc,3
Rhaphidophora korthalsii,354692,339847030,https://www.inaturalist.org/observations/339847030,research,2026-02-23,"7P5P+MG, Villa Bestari, 53100 Kuala Lumpur, Wilayah Persekutuan Kuala Lumpur, Malaysia",False,3.2568258997,101.7369465,amirul-mi,amirul syahmi,cc-by-nc,6
Rhaphidophora korthalsii,354692,339080308,https://www.inaturalist.org/observations/339080308,research,2026-01-24,"Sumatera Barat, ID",True,-1.0495896735,100.2414682775,kalvinchan,Kalvin Chan,cc-by,1
Rhaphidophora korthalsii,354692,338972778,https://www.inaturalist.org/observations/338972778,research,2026-01-22,"Jambi, ID",True,-2.328181348,101.5939650287,kalvinchan,Kalvin Chan,cc-by,1
Rhaphidophora korthalsii,354692,337775956,https://www.inaturalist.org/observations/337775956,research,2026-01-30,"Timugan, Los Baños, Laguna, Philippines",False,14.1384266667,121.205165,gina424,GinaGPark,cc-by-nc,2
Rhaphidophora korthalsii,354692,337375577,https://www.inaturalist.org/observations/337375577,research,2026-02-05,"Malaybalay City, Bukidnon, PH",False,8.2882127029,125.2819933319,shea48,,,1
Rhaphidophora korthalsii,354692,337212293,https://www.inaturalist.org/observations/337212293,research,2026-02-03,"J822+MPQ, Watumaeta, North Lore, Poso Regency, Central Sulawesi 94653, Indonesia",False,-1.3220517883,120.3015770763,niles_767,,,2
Rhaphidophora korthalsii,354692,336205946,https://www.inaturalist.org/observations/336205946,research,2026-01-26,"Singapore, SG, SG",False,1.348395,103.7779083333,mercury9nine,,cc-by-nc,1
Rhaphidophora korthalsii,354692,335583723,https://www.inaturalist.org/observations/335583723,research,2026-01-21,"Bukit Timah Nature Reserve, Singapore, SG, SG",False,1.3483033333,103.77787,luonnontuote,Sateinen,cc-by-nc,1
Rhaphidophora korthalsii,354692,335351469,https://www.inaturalist.org/observations/335351469,research,2026-01-17,"Amo, Brunei",False,4.5752194444,115.1187233056,cwfoo,Foo Chuan Wei,cc-by-nc,3
Rhaphidophora korthalsii,354692,334831088,https://www.inaturalist.org/observations/334831088,needs_id,2026-01-15,中国海南省琼中黎族苗族自治县,False,19.16644459,109.74657239,simbason,Simba,cc-by-nc-nd,1
Rhaphidophora korthalsii,354692,333669795,https://www.inaturalist.org/observations/333669795,research,2026-01-05,"Apolong, Valencia, Negros Oriental, Philippines",False,9.2785485751,123.2052151859,nicolevl4,Nicole L.,cc-by-nc,1
Rhaphidophora korthalsii,354692,333645116,https://www.inaturalist.org/observations/333645116,research,2025-06-30,"Bako, Kuching, Sarawak, Malaysia",False,1.713075,110.444335,nakarb,Nikolai Vladimirov,cc-by-nc,1
Rhaphidophora korthalsii,354692,333520733,https://www.inaturalist.org/observations/333520733,needs_id,2026-01-03,"Bandar Seri Begawan, Brunei",False,4.8970766944,114.975205,cwfoo,Foo Chuan Wei,cc-by-nc,4
Rhaphidophora korthalsii,354692,332661222,https://www.inaturalist.org/observations/332661222,research,2025-12-22,"Sumatera Utara, ID",True,2.2582411478,99.0100457045,ethanbeaver,Ethan Beaver,cc-by-nc,1
Rhaphidophora korthalsii,354692,332657521,https://www.inaturalist.org/observations/332657521,research,2025-12-21,"Sumatera Utara, ID",True,2.5479719345,99.0899547569,ethanbeaver,Ethan Beaver,cc-by-nc,1
Rhaphidophora korthalsii,354692,332412712,https://www.inaturalist.org/observations/332412712,research,2025-12-28,"Socorro, Surigao Del Norte, PH",False,9.6147166667,125.9088216667,daynan,Daynan Lepore,,1
Rhaphidophora korthalsii,354692,332122787,https://www.inaturalist.org/observations/332122787,research,2025-12-26,"Roxas Avenue, Iligan, Lanao Del Norte, PH",False,8.2261043137,124.2403891022,fernando__jr__sequete,"Fernando, Jr. Sequete",,1
Rhaphidophora korthalsii,354692,332026064,https://www.inaturalist.org/observations/332026064,research,2025-05-20,"San Antonio, Basco, Batanes, 菲律賓",False,20.4692444444,121.9934944444,galanhsnu,galanhsnu,cc-by-nc,1
Rhaphidophora korthalsii,354692,331852569,https://www.inaturalist.org/observations/331852569,needs_id,2025-12-22,"Brunei-Muara District, Brunei",False,4.9102353889,114.8634388889,cwfoo,Foo Chuan Wei,cc-by-nc,2
Rhaphidophora korthalsii,354692,331834740,https://www.inaturalist.org/observations/331834740,research,2024-09-19,"Tetepare, Solomon Islands",False,-8.7412835,157.5589329,cfine129,Chelsea F.,,1
Rhaphidophora korthalsii,354692,331549078,https://www.inaturalist.org/observations/331549078,research,2025-11-08,"Kabupaten Sorong, Papua Barat Daya, Indonesia",False,-0.9425127952,131.4911580742,haniristiawan,Hani Ristiawan,cc-by-nc,2
Rhaphidophora korthalsii,354692,331183641,https://www.inaturalist.org/observations/331183641,research,2025-12-18,"5J5P+7C C06 Marker, Peak, Bukit Kiara, 60000 Kuala Lumpur, Federal Territory of Kuala Lumpur, Malaysia",False,3.1595061,101.6354871,simiiformes,Matt Saunders,cc-by-nc,1
Rhaphidophora korthalsii,354692,330858466,https://www.inaturalist.org/observations/330858466,research,2025-12-13,"Sungai Congkak Recreational Forest, Batu 20, Jalan Sungai Congkak, Kampung Padang, 43100 Hulu Langat, Selangor, Malaysia",False,3.209053,101.843517,not_samlim,,cc-by-nc,1
Rhaphidophora korthalsii,354692,330824916,https://www.inaturalist.org/observations/330824916,research,2025-11-29,"Quảng Bình, VN",True,17.6111565845,106.1070441899,lecanorchis,,cc-by-nc-nd,2
Rhaphidophora korthalsii,354692,329980322,https://www.inaturalist.org/observations/329980322,research,2025-12-01,"Sungai Congkak Recreational Forest, Batu 20, Jalan Sungai Congkak, Kampung Padang, 43100 Hulu Langat, Selangor, Malaysia",False,3.209053,101.843517,sunlim,,cc-by-nc,1
Rhaphidophora korthalsii,354692,329175407,https://www.inaturalist.org/observations/329175407,research,2025-03-14,"Niah, Sarawak, Malaysia",False,3.82016,113.781795,cclborneo,Chien Lee,cc-by-nc,1
Rhaphidophora korthalsii,354692,327762045,https://www.inaturalist.org/observations/327762045,research,2025-11-21,Vietnam,True,16.974814262,106.5525675643,lecanorchis,,cc-by-nc-nd,1
Rhaphidophora korthalsii,354692,326961665,https://www.inaturalist.org/observations/326961665,needs_id,2025-11-01,"Ruambak Jaya Sp VII, Oadate, Waropen Regency, Papua, Indonesia",False,-2.4618918611,136.4674224722,banyumili,Banyumili,,1
Rhaphidophora korthalsii,354692,326440730,https://www.inaturalist.org/observations/326440730,research,2025-11-14,"Raub, Pahang, MY",False,4.1947773378,101.9656463061,azamiamin,,cc-by-nc,1
Rhaphidophora korthalsii,354692,326110183,https://www.inaturalist.org/observations/326110183,research,2024-09-27,"Kerinci Regency, Jambi, 印尼",False,-2.3078078133,101.5261828973,kenhe,,cc-by-nc,1
Rhaphidophora korthalsii,354692,325296270,https://www.inaturalist.org/observations/325296270,research,2018-06-24,"Kuching, Sarawak, Malaysia",False,1.7147416667,110.4416277778,ebarker1,Eric Barker,cc-by-nc,1
Rhaphidophora korthalsii,354692,322230124,https://www.inaturalist.org/observations/322230124,research,2024-07-07,"Kabupaten Melawi, Kalimantan Barat, Indonesia",False,-0.7000681,111.6660725,lunatutihariani,SadeiBisomu,cc-by-nc,1
Rhaphidophora korthalsii,354692,320150162,https://www.inaturalist.org/observations/320150162,research,2025-10-11,"VXQ2+R2, Sepilok, 90000 Sandakan, Sabah, 馬來西亞",False,5.8896183997,117.9485149,ihenglan,,cc-by-nc,2
Rhaphidophora korthalsii,354692,319452677,https://www.inaturalist.org/observations/319452677,research,2025-02-27,"Tuyen Hoa, Quang Binh, VN",False,17.760645,106.1081305,adlindsay,Alec Lindsay,cc-by-nc,1
Rhaphidophora korthalsii,354692,319327673,https://www.inaturalist.org/observations/319327673,research,2025-10-07,"Sumatra, Kabupaten Langkat, Северная Суматра, ID",False,3.5496916667,98.1233666667,ever_presenter,Maria Avdeeva,,1
Rhaphidophora korthalsii,354692,318812072,https://www.inaturalist.org/observations/318812072,research,2025-10-01,"Java, Banyumas, Zentral-Java, ID",False,-7.304505,109.2023616667,alpineflora,D. Hämmerli,,2
Rhaphidophora korthalsii,354692,317200878,https://www.inaturalist.org/observations/317200878,research,2025-05-31,"Sumatra, Kabupaten Lampung Selatan, Lampung, ID",False,-5.7800533333,105.6623,mppwildlife,MPP Wildlife,cc-by-nc,1
Rhaphidophora korthalsii,354692,315993190,https://www.inaturalist.org/observations/315993190,research,2025-08-29,"Klasuat, Distrik Sorong Timur, Kota Sorong, Papua Bar., Indonesia",False,-0.9488935,131.4062045,haniristiawan,Hani Ristiawan,cc-by-nc,2
Rhaphidophora korthalsii,354692,315520568,https://www.inaturalist.org/observations/315520568,research,2025-09-20,"Lahad Datu District, Sabah, Malaysia",False,5.0282638889,117.7524222222,brodiecasstalbott,Brodie Cass Talbott,cc-by,1
Rhaphidophora korthalsii,354692,315476419,https://www.inaturalist.org/observations/315476419,research,2025-09-18,"Lahad Datu District, Sabah, Malaysia",False,5.028375,117.7533555556,brodiecasstalbott,Brodie Cass Talbott,cc-by,1
Rhaphidophora korthalsii,354692,314932894,https://www.inaturalist.org/observations/314932894,research,2023-08-13,"Sabah, MY",True,5.8866237873,117.8874620496,cheavy,cheavy,cc-by-nc,1
Rhaphidophora korthalsii,354692,314572424,https://www.inaturalist.org/observations/314572424,research,2025-09-17,"89300 Ranau, Sabah, Malasia",False,6.05144,116.7014209722,dawicho,David Torres,cc-by-nc,2
Rhaphidophora korthalsii,354692,314390103,https://www.inaturalist.org/observations/314390103,research,2017-06-13,"Bahagian Tawau, Sabah, Malaysia",False,4.723399937,117.6005748751,regray,Ryan E. Gray,cc-by-nc,1
Rhaphidophora korthalsii,354692,307458488,https://www.inaturalist.org/observations/307458488,research,2025-08-14,"Johor, MY",True,1.9992630534,103.9950626789,ethanbeaver,Ethan Beaver,cc-by-nc,2
Rhaphidophora korthalsii,354692,307458465,https://www.inaturalist.org/observations/307458465,research,2025-08-14,"Johor, MY",True,1.9234613747,103.8963726018,ethanbeaver,Ethan Beaver,cc-by-nc,2
Rhaphidophora korthalsii,354692,307458459,https://www.inaturalist.org/observations/307458459,research,2025-08-14,"Johor, MY",True,1.9688312489,103.8251017627,ethanbeaver,Ethan Beaver,cc-by-nc,1
Rhaphidophora korthalsii,354692,306703570,https://www.inaturalist.org/observations/306703570,research,2024-08-02,"Petra Jaya, Kuching, Sarawak, Malaysia",False,1.5897,110.218197,airgel,,cc-by-nc,3
Rhaphidophora korthalsii,354692,306461532,https://www.inaturalist.org/observations/306461532,research,2025-07-13,"Kabupaten Bengkayang, West-Kalimantan, Indonesien",False,0.9158505821,109.4329975708,bernhardlettneraustria,,cc-by-nc,1
Rhaphidophora korthalsii,354692,305912128,https://www.inaturalist.org/observations/305912128,research,2025-08-11,"V94H+8MW, Sungai Pinang, Koto XI Tarusan, Pesisir Selatan, Sumatera Barat (West-Sumatra), Indonesien",False,-1.1459638,100.3778606,annidrei,,cc-by-nc,2
Rhaphidophora korthalsii,354692,305808817,https://www.inaturalist.org/observations/305808817,needs_id,2025-06-23,43100馬來西亞雪蘭莪,False,3.215327,101.8395766944,naturalist2748,廖文泉,,2
Rhaphidophora korthalsii,354692,305147262,https://www.inaturalist.org/observations/305147262,research,2025-08-10,"Lore Lindu National Park, ID-ST-PO, ID-ST, ID",False,-1.3219328707,120.3007760807,francesfo,Frances Oliver,cc-by,1
Rhaphidophora korthalsii,354692,304878897,https://www.inaturalist.org/observations/304878897,research,2025-08-08,Commonwealth Forest Park Falls,False,3.2957391017,101.6135838255,azamuddeen_nasir,AZAMUDDEEN NASIR,,1
Rhaphidophora korthalsii,354692,303662502,https://www.inaturalist.org/observations/303662502,needs_id,2025-08-04,"Bako, MY-SK-KU, MY-SK, MY",False,1.71698,110.4448,yulingfz,,cc-by-nc,1
Rhaphidophora korthalsii,354692,303619905,https://www.inaturalist.org/observations/303619905,research,2025-08-02,"Varisu, VU-SE, VU",False,-16.643605,168.22175,johana_shein,,cc-by-nc,5
Rhaphidophora korthalsii,354692,303362049,https://www.inaturalist.org/observations/303362049,research,2025-02-09,"Нью Пангганган, Пуэрто Принсеса Сити, Палаван, Филиппины",False,10.266759192,118.9883122218,gleb_grachev,Gleb Grachev,cc-by-nc,3
Rhaphidophora korthalsii,354692,302585019,https://www.inaturalist.org/observations/302585019,needs_id,2025-04-13,"Taman Negara Santubong, Kuching, 砂拉越, MY",False,1.75642,110.318795,ssnp019,謝麗霦,cc-by,1
Rhaphidophora korthalsii,354692,301755328,https://www.inaturalist.org/observations/301755328,research,2025-07-24,"Mersing, Johor, Malaysia",False,2.8198221596,104.1768203287,maiket,,cc-by-nc,1
Rhaphidophora korthalsii,354692,300072534,https://www.inaturalist.org/observations/300072534,needs_id,2024-04-09,馬來西亞砂拉越美里省,False,4.0407494318,114.8170138647,kinmatsu,Kinmatsu Lin,cc-by-nc,1
Rhaphidophora korthalsii,354692,299138343,https://www.inaturalist.org/observations/299138343,research,2025-07-07,印尼西蘇門答臘索洛克,False,-0.9636049,100.6483518,ihenglan,,cc-by-nc,1
Rhaphidophora korthalsii,354692,298659468,https://www.inaturalist.org/observations/298659468,research,2019-10-14,"Kabupaten Parigi Moutong, Sulawesi Tengah, Indonesia",False,-0.8134656452,120.1227950563,ramadhannmf,ramadhannmf,cc-by-nc,3
Rhaphidophora korthalsii,354692,297813959,https://www.inaturalist.org/observations/297813959,research,2025-07-14,"Rajah Sikatuna National Park, Bilar, Bohol, PH",False,9.7054766189,124.1248857592,eliott_huguet,Eliott Huguet,cc-by-nc-nd,1
Rhaphidophora korthalsii,354692,296908745,https://www.inaturalist.org/observations/296908745,research,2025-07-09,Vietnam,True,22.0261194483,103.8107052238,lecanorchis,,cc-by-nc-nd,2
Rhaphidophora korthalsii,354692,296819142,https://www.inaturalist.org/observations/296819142,needs_id,2025-07-08,"Tioman Island, Pahang, Malaysia",False,2.8170789,104.1582809,yephemeral,,cc-by-nc,1
Rhaphidophora korthalsii,354692,295581944,https://www.inaturalist.org/observations/295581944,needs_id,2025-06-20,"Gua Musang, 吉蘭丹州, MY",False,4.640545,101.50273,jodyhsieh,JODY HSIEH,cc-by-nc,3
Rhaphidophora korthalsii,354692,295338601,https://www.inaturalist.org/observations/295338601,research,2025-06-23,Malaysia,True,5.4859739312,101.3454538911,darimi,Darimi Kalam,cc-by-nc,1
Rhaphidophora korthalsii,354692,294272575,https://www.inaturalist.org/observations/294272575,research,2025-06-28,"Nanggung, Bogor Regency, West Java, Indonesia",False,-6.7372074279,106.5223640972,ganjarcahyadi,Ganjar Cahyadi,cc-by-nc,1
Rhaphidophora korthalsii,354692,291190698,https://www.inaturalist.org/observations/291190698,research,2025-06-16,"Daram, PH-SM, PH",False,11.6265366667,124.7554866667,sairt,,cc-by-nc,2
Rhaphidophora korthalsii,354692,290407050,https://www.inaturalist.org/observations/290407050,research,2025-06-16,"Tula, Paranas, Samar, Philippines",False,11.8762649144,125.1505888892,guidemb,Matt Boyle,,1
Rhaphidophora korthalsii,354692,287587450,https://www.inaturalist.org/observations/287587450,research,2025-05-29,"Semurut, Tabalar, Berau Regency, East Kalimantan, Indonesia",False,1.7973253271,117.7992292866,timur_y,Timur Yilmaz,cc-by-nc,1
Rhaphidophora korthalsii,354692,287584993,https://www.inaturalist.org/observations/287584993,research,2025-05-29,"Semurut, Tabalar, Berau Regency, East Kalimantan, Indonesia",False,1.7973253271,117.7992292866,timur_y,Timur Yilmaz,cc-by-nc,1
Rhaphidophora korthalsii,354692,286282014,https://www.inaturalist.org/observations/286282014,research,2025-05-17,"Bukit Panjang, Singapore",False,1.3491665816,103.7776175514,gavin_n,Gavin,cc0,1
Rhaphidophora korthalsii,354692,286000519,https://www.inaturalist.org/observations/286000519,research,2025-05-17,"Bukit Panjang, Singapore",False,1.3483400198,103.7779119238,gavin_n,Gavin,cc0,2
Rhaphidophora korthalsii,354692,285519221,https://www.inaturalist.org/observations/285519221,research,2025-05-17,"Bukit Panjang, Singapore",False,1.3482843794,103.7778036296,gavin_n,Gavin,cc0,2
Rhaphidophora korthalsii,354692,285518259,https://www.inaturalist.org/observations/285518259,research,2025-05-17,"Bukit Panjang, Singapore",False,1.3484231452,103.7775582075,gavin_n,Gavin,cc0,2
Rhaphidophora korthalsii,354692,285421070,https://www.inaturalist.org/observations/285421070,research,2024-10-03,"Langkat Regency, North Sumatra, Indonesia",False,3.5418758936,98.1095865119,eidiu,Eidiu,cc-by-nc,2
Rhaphidophora korthalsii,354692,284976561,https://www.inaturalist.org/observations/284976561,research,2024-04-03,"Kepong, Kuala Lumpur, Federal Territory of Kuala Lumpur, Malaysia",False,3.2233719665,101.6245956068,eidiu,Eidiu,cc-by-nc,1
Rhaphidophora korthalsii,354692,283344755,https://www.inaturalist.org/observations/283344755,research,2025-05-03,"Johor, MY",True,1.4451496178,103.523362298,kohsoonyap,許順業 Koh Soon Yap,,1
Rhaphidophora korthalsii,354692,283344754,https://www.inaturalist.org/observations/283344754,research,2025-05-03,"Johor, MY",True,1.4582270757,103.5103912439,kohsoonyap,許順業 Koh Soon Yap,,2
Rhaphidophora korthalsii,354692,283344753,https://www.inaturalist.org/observations/283344753,research,2025-05-03,"Johor, MY",True,1.4772908435,103.5284806176,kohsoonyap,許順業 Koh Soon Yap,,3
Rhaphidophora korthalsii,354692,283133877,https://www.inaturalist.org/observations/283133877,research,2025-05-17,"Bukit Panjang, Singapore",False,1.3485826925,103.7772997096,gavin_n,Gavin,cc0,2
Rhaphidophora korthalsii,354692,282353747,https://www.inaturalist.org/observations/282353747,needs_id,2025-05-19,"Trail D, Hulu Langat, Selangor, MY",False,3.109625,101.7790833333,harrybeaman,harry beaman,cc-by,2
Rhaphidophora korthalsii,354692,278964145,https://www.inaturalist.org/observations/278964145,research,2025-04-29,"3GWX+PP Malasigi Village, bird of paradise, Kuadas, Makbon, Sorong Regency, West Papua, Indonesia",False,-0.9031629532,131.5493367612,dwisuratman,Dwi Suratman,,1
Rhaphidophora korthalsii,354692,278932736,https://www.inaturalist.org/observations/278932736,research,2025-05-03,"Kulaijaya, MY-JH, MY",False,1.590806523,103.5223691538,ziyi250,ziyi Yong,cc-by-nc,1
Rhaphidophora korthalsii,354692,278460007,https://www.inaturalist.org/observations/278460007,needs_id,2025-04-15,"Parco nazionale di Bako, Sarawak, Malesia",False,1.7066874,110.4663249,morena_nava,Morena Nava,cc-by-nc,1
Rhaphidophora korthalsii,354692,278032639,https://www.inaturalist.org/observations/278032639,needs_id,2025-05-03,"Johor Bahru, Johore, MY",False,1.592205,103.525795,yj0_0,YJ Y,cc-by-nc,1
Rhaphidophora korthalsii,354692,277984484,https://www.inaturalist.org/observations/277984484,research,2025-05-03,"Gunung Leuser National Park, Kabupaten Langkat, Северная Суматра, ID",False,3.5417633333,98.1131666667,lisopavlik,Павлик Лисицын,cc-by,1
Rhaphidophora korthalsii,354692,277981308,https://www.inaturalist.org/observations/277981308,research,2025-05-02,"Sumatra, Kabupaten Langkat, Северная Суматра, ID",False,3.5399783333,98.1314166667,lisopavlik,Павлик Лисицын,cc-by,1
Rhaphidophora korthalsii,354692,275528506,https://www.inaturalist.org/observations/275528506,needs_id,2025-04-28,"CQCR+FG2, Tagum, Davao del Norte, Philippines",False,7.4204288661,125.7911385968,lguceeo_gvdublin,Gemma Dublin,cc-by-nc,1
Rhaphidophora korthalsii,354692,275465769,https://www.inaturalist.org/observations/275465769,research,2025-04-28,"Tagum, Davao del Norte, Philippines",False,7.477727398,125.8084553,lgucpdo_jetdelgado,,cc-by-nc,1
Rhaphidophora korthalsii,354692,275443444,https://www.inaturalist.org/observations/275443444,needs_id,2025-04-28,"FRH5+32Q, Tagum, Davao del Norte, Philippines",False,7.4776177269,125.807822348,lgucpdo_bhem,BEVERLY ROSE DORONILA,cc-by-nc,1
Rhaphidophora korthalsii,354692,275194411,https://www.inaturalist.org/observations/275194411,needs_id,2025-04-27,"FRH5+566, Tagum, Davao del Norte, Philippines",False,7.4776109,125.8080305,hexat_rujin,Rujaen Varon,,1
Rhaphidophora korthalsii,354692,274784618,https://www.inaturalist.org/observations/274784618,research,2025-04-27,"FRH5+566, Tagum, Davao del Norte, Philippines",False,7.4779333,125.807963,hexat_rujin,Rujaen Varon,,1
Rhaphidophora korthalsii,354692,274477686,https://www.inaturalist.org/observations/274477686,research,2025-04-27,"FR37+J5R, Tagum, Davao del Norte, Philippines",False,7.4538087778,125.8128204167,lguchlmo_carnicer,Dan Te,cc-by-nc,1
Rhaphidophora korthalsii,354692,272785140,https://www.inaturalist.org/observations/272785140,research,2025-03-04,"Borneo, Sandakan, Sabah, MY",False,5.4132716667,118.0381916667,finn_klessmann,Finn Klessmann,cc-by-nc,1
Rhaphidophora korthalsii,354692,272675288,https://www.inaturalist.org/observations/272675288,research,2025-04-13,"Taman Negara Santubong, Kuching, 砂拉越, MY",False,1.75642,110.318795,ssnp019,謝麗霦,cc-by,1
Rhaphidophora korthalsii,354692,271130208,https://www.inaturalist.org/observations/271130208,research,2025-04-16,"Mount Makiling, Los Baños, Laguna, Philippines",False,14.1363889,121.1944444,sambrilliance,Samuel Brillo,cc-by-nc,1
Rhaphidophora korthalsii,354692,271130201,https://www.inaturalist.org/observations/271130201,research,2025-04-16,"Mount Makiling, Los Baños, Laguna, Philippines",False,14.1363889,121.1944444,sambrilliance,Samuel Brillo,cc-by-nc,1
Rhaphidophora korthalsii,354692,271130137,https://www.inaturalist.org/observations/271130137,research,2025-04-16,"Mount Makiling, Los Baños, Laguna, Philippines",False,14.1363889,121.1944444,sambrilliance,Samuel Brillo,cc-by-nc,1
Rhaphidophora korthalsii,354692,271130120,https://www.inaturalist.org/observations/271130120,research,2025-04-16,"Mount Makiling, Los Baños, Laguna, Philippines",False,14.1363889,121.1944444,sambrilliance,Samuel Brillo,cc-by-nc,1
Rhaphidophora korthalsii,354692,271130101,https://www.inaturalist.org/observations/271130101,needs_id,2025-04-16,"Mount Makiling, Los Baños, Laguna, Philippines",False,14.1363889,121.1944444,sambrilliance,Samuel Brillo,cc-by-nc,2
Rhaphidophora lacduongensis,1675959,262938351,https://www.inaturalist.org/observations/262938351,research,2025-02-20,"Lạc Dương, VN-LD, VN",False,12.1802983333,108.6816316667,sed_ov,Георгий Седов,,2
Rhaphidophora lacduongensis,1675959,259006629,https://www.inaturalist.org/observations/259006629,research,2025-01-08,"Lac Duong, Lac Duong, Lam Dong, VN",False,12.0478195,108.4391783333,john_0411,,cc-by-nc,1
Rhaphidophora lacduongensis,1675959,148561796,https://www.inaturalist.org/observations/148561796,research,2023-02-10,"Lạc Dương, VN-LD, VN",False,12.1814817,108.7086814,thang_birdguide,Thang Nguyen,,3
Rhaphidophora laichauensis,436968,326467670,https://www.inaturalist.org/observations/326467670,needs_id,2025-03-07,"Mengla County, Xishuangbanna Dai Autonomous Prefecture, Yunnan, China",False,21.9221471101,101.2614228812,chuangzao,Chuangzao,cc-by-nc,1
Rhaphidophora lancifolia,1677828,210647961,https://www.inaturalist.org/observations/210647961,needs_id,2024-04-27,"East Khasi Hills, IN-ML, IN",False,25.3103256111,91.89694975,hiphi,Hiphi Khongim,,3
Rhaphidophora latevaginata,1574206,399462614,https://www.inaturalist.org/observations/399462614,needs_id,2026-09-12,"VWCX+VQ, Sepilok, 90000 Sandakan, Sabah, Malaysia",False,5.8727277778,117.9488805556,mikolaj-,Mikołaj,cc-by-nc,1
Rhaphidophora latevaginata,1574206,397648714,https://www.inaturalist.org/observations/397648714,research,2026-09-02,"Sandakan, Sabah, Malaysia",False,5.8692583333,117.9392466667,cclborneo,Chien Lee,cc-by-nc,1
Rhaphidophora latevaginata,1574206,394963250,https://www.inaturalist.org/observations/394963250,research,2026-08-26,"Sandakan, Sabah, Malezja",False,5.8693327997,117.9392150997,szuwarek,Dariusz Kamiński,cc-by-nc,1
Rhaphidophora latevaginata,1574206,372223095,https://www.inaturalist.org/observations/372223095,research,2026-06-14,"Petra Jaya, Kuching, Sarawak, Malaysia",False,1.6073416638,110.1848925462,campbellnotjames,,cc-by-nc,2
Rhaphidophora latevaginata,1574206,356481466,https://www.inaturalist.org/observations/356481466,research,2026-04-21,"Tongod District, Sabah, Malaysia",False,4.7331111111,116.9774805556,mdoliveira,,cc-by-nc,4
Rhaphidophora latevaginata,1574206,356303321,https://www.inaturalist.org/observations/356303321,needs_id,2026-04-20,"Tongod District, Sabah, Malaysia",False,4.7438388889,116.9713888889,mdoliveira,,cc-by-nc,3
Rhaphidophora latevaginata,1574206,342144053,https://www.inaturalist.org/observations/342144053,research,2026-02-19,"Tawau, Sabah, Maleisië",False,4.40036,117.89032,jules_vanryckeghem,Jules Vanryckeghem,cc-by-nc,1
Rhaphidophora latevaginata,1574206,332016242,https://www.inaturalist.org/observations/332016242,research,2025-07-21,"Kabupaten Melawi, West-Kalimantan, Indonesien",False,-0.4284084439,111.317331696,bernhardlettneraustria,,cc-by-nc,1
Rhaphidophora latevaginata,1574206,326868268,https://www.inaturalist.org/observations/326868268,research,2025-11-15,"Sibu, 96000 Sibu, Sarawak, Malaysia",False,2.2915034335,111.8653859943,azamuddeen_nasir,AZAMUDDEEN NASIR,,3
Rhaphidophora latevaginata,1574206,320145540,https://www.inaturalist.org/observations/320145540,research,2025-10-11,"VWFR+78, Sepilok, 90000 Sandakan, Sabah, 馬來西亞",False,5.8731989856,117.9408157244,ihenglan,,cc-by-nc,1
Rhaphidophora latevaginata,1574206,315368809,https://www.inaturalist.org/observations/315368809,needs_id,2025-03-14,"Tawau Hills Park, Tawau Hills Park, 91000 Tawau, Sabah, Malaysia",False,4.5037275,117.9354433,bryosoph,Sophia BenJeddi,cc-by-nc,3
Rhaphidophora latevaginata,1574206,315210038,https://www.inaturalist.org/observations/315210038,research,2008-03-30,"Bahagian Miri, Sarawak, Malaysia",False,4.1253581482,114.8923619206,regray,Ryan E. Gray,cc-by-nc,2
Rhaphidophora latevaginata,1574206,315163630,https://www.inaturalist.org/observations/315163630,research,2019-10-28,"Sepilok, 90000 Sandakan, Sabah, 馬來西亞",False,5.8739416563,117.9425424516,kenhe,,cc-by-nc,1
Rhaphidophora latevaginata,1574206,313332780,https://www.inaturalist.org/observations/313332780,research,2016-09-08,"Kinabatangan, Sabah, Malaysia",False,5.4017282847,118.0407619048,regray,Ryan E. Gray,cc-by-nc,3
Rhaphidophora latevaginata,1574206,307468930,https://www.inaturalist.org/observations/307468930,research,2025-08-19,"Bukit Lima Nature Reserve, Sibu, Sarawak",False,2.2892681216,111.8657669988,hobartwqh,Hobart WQH 黄勤昊,cc-by-nc,1
Rhaphidophora latevaginata,1574206,307468909,https://www.inaturalist.org/observations/307468909,research,2025-08-19,"Bukit Lima Nature Reserve, Sibu, Sarawak",False,2.2892681216,111.8657669988,hobartwqh,Hobart WQH 黄勤昊,cc-by-nc,1
Rhaphidophora latevaginata,1574206,288137479,https://www.inaturalist.org/observations/288137479,research,2025-06-09,"Bukit Lima Nature Reserve, Sibu, Sarawak",False,2.2892681216,111.8657669988,hobartwqh,Hobart WQH 黄勤昊,cc-by-nc,1
Rhaphidophora latevaginata,1574206,283691124,https://www.inaturalist.org/observations/283691124,needs_id,2025-02-14,"3G7M+7G, Tanjung Puri, Sintang, Sintang Regency, West Kalimantan, Indonesia",False,0.063625,111.5328555556,brianog,,cc-by-nc,1
Rhaphidophora latevaginata,1574206,280482645,https://www.inaturalist.org/observations/280482645,research,2025-05-12,"Sibu, 96000 Sibu, Sarawak, Malaysia",False,2.2913730771,111.8676047232,hobartwqh,Hobart WQH 黄勤昊,cc-by-nc,1
Rhaphidophora latevaginata,1574206,265066349,https://www.inaturalist.org/observations/265066349,needs_id,2025-02-20,"Мири, Сарауак, Малайзия",False,4.0411640997,114.8281142,vadim_prokhorov,Vadim Prokhorov,cc-by-nc,1
Rhaphidophora latevaginata,1574206,264636585,https://www.inaturalist.org/observations/264636585,research,2025-02-21,"Borneo, Lahad Datu, Sabah, MY",False,4.966125,117.802634,josscarr,Joss Carr,cc-by,1
Rhaphidophora latevaginata,1574206,261841486,https://www.inaturalist.org/observations/261841486,research,2024-05-03,"Lahad Datu, Sabah, Malaysia",False,4.9616762915,117.8074132347,craigscribbles,,cc-by-nc,1
Rhaphidophora latevaginata,1574206,250129201,https://www.inaturalist.org/observations/250129201,needs_id,2019-09-21,"Sandakan, MY-SA, MY",False,5.8737357562,117.9435193661,nixey,,cc-by-nc,1
Rhaphidophora latevaginata,1574206,248443907,https://www.inaturalist.org/observations/248443907,research,2024-10-14,"Kuching, Sarawak, Malaysia",False,1.7609016667,110.3247833333,mike_hooper,Mike Hooper,cc-by-nc,2
Rhaphidophora latevaginata,1574206,240938954,https://www.inaturalist.org/observations/240938954,research,2024-09-10,"Borneo, Siburan, Sarawak, MY",False,1.4011252295,110.3135636592,oli_in_gold,Oliver Ingold,,1
Rhaphidophora latevaginata,1574206,235498447,https://www.inaturalist.org/observations/235498447,research,2024-08-13,"93250, Sarawak, Malaysia",False,1.4003416667,110.3159,sofiagglad,,cc-by-nc,2
Rhaphidophora latevaginata,1574206,233246646,https://www.inaturalist.org/observations/233246646,research,2024-08-02,"93250, Sarawak, Malaysia",False,1.4019845013,110.314440541,ginkovarg,,cc-by-nc,1
Rhaphidophora latevaginata,1574206,218614468,https://www.inaturalist.org/observations/218614468,research,2024-05-20,馬來西亞砂拉越新生村副縣,False,1.4002361111,110.3160472222,naturalistchu,naturalistchu,cc-by-nc,5
Rhaphidophora latevaginata,1574206,198262142,https://www.inaturalist.org/observations/198262142,research,2024-02-03,"Kuching, MY-SK, MY",False,1.400300115,110.316008791,zuzana166,Zuzana Münzbergová,cc-by-nc,1
Rhaphidophora latevaginata,1574206,196077162,https://www.inaturalist.org/observations/196077162,research,2024-01-06,"Borneo, Siburan, Sarawak, MY",False,1.3034345652,110.3151845348,markt23,,cc-by-nc,3
Rhaphidophora latevaginata,1574206,190583893,https://www.inaturalist.org/observations/190583893,needs_id,2023-11-10,"Labi, BN-BE, BN",False,4.28409123,114.42440029,vojtablaze,Vojtěch Tobias Blažek,cc-by-nc,2
Rhaphidophora latevaginata,1574206,164411663,https://www.inaturalist.org/observations/164411663,needs_id,2023-04-23,"Bako National Park, Kuching, Sarawak, MY",False,1.7127466667,110.4446116667,stickgrub,Andrew Maynard,cc-by-nc,2
Rhaphidophora latevaginata,1574206,155416606,https://www.inaturalist.org/observations/155416606,needs_id,2023-04-16,"Borneo, Sandakan, Sabah, MY",False,5.8649333333,117.9491416667,annesofriis,,cc-by-nc,1
Rhaphidophora latevaginata,1574206,152950943,https://www.inaturalist.org/observations/152950943,needs_id,2022-12-20,"Kuching, Sarawak, Malaysia",False,1.7537277778,110.3231055556,francisnge,FrancisJNge,cc-by-nc,1
Rhaphidophora latevaginata,1574206,134870913,https://www.inaturalist.org/observations/134870913,research,2022-07-13,"Rainforest Discovery Centter, Sepilok, 90000 Sandakan, Sabah, Malaysia",False,5.8743609098,117.9432562426,desertnaturalist,,cc-by,1
Rhaphidophora latevaginata,1574206,131866168,https://www.inaturalist.org/observations/131866168,research,2022-08-20,"C82C+2P Ethnobotanical Garden Sarawak, 93250 Siburan, Sarawak, Malaysia",False,1.39925,110.3224472222,calebcatto,Caleb Catto,cc-by,2
Rhaphidophora latevaginata,1574206,112939900,https://www.inaturalist.org/observations/112939900,needs_id,2018-04-16,"Sepilok, 90000 Sandakan, Sabah, 馬來西亞",False,5.8759072801,117.9433649026,fish2bug,,,2
Rhaphidophora latevaginata,1574206,110496302,https://www.inaturalist.org/observations/110496302,research,2014-03-11,"Gunung Mulu, Bahagian Miri, Sarawak, Malaysia",False,4.0646725482,114.8549462095,kstenman,Katarina Stenman,cc-by-nc,1
Rhaphidophora latevaginata,1574206,41618581,https://www.inaturalist.org/observations/41618581,needs_id,2020-03-08,"Kuching, Sarawak, MY",False,1.601625,110.18945333,nolliecilliers,,cc-by-nc,1
Rhaphidophora latevaginata,1574206,35522082,https://www.inaturalist.org/observations/35522082,needs_id,2019-10-10,馬來西亞砂拉越美里省,False,3.4240761483,115.1483153297,kinmatsu,Kinmatsu Lin,cc-by-nc,1
Rhaphidophora latevaginata,1574206,19205378,https://www.inaturalist.org/observations/19205378,research,2018-12-14,"Sepilok, 90000 Sandakan, Sabah, Malaysia",False,5.8755638889,117.9423888889,belyykit,,cc-by-nc,1
Rhaphidophora liukiuensis,708991,391656503,https://www.inaturalist.org/observations/391656503,research,2026-06-22,"Taiwan, TW",True,22.0585988658,121.5510757792,youde,,cc-by-nc,5
Rhaphidophora liukiuensis,708991,298330082,https://www.inaturalist.org/observations/298330082,research,2025-07-08,"Taiwan, TW",True,22.1953339017,121.4580045109,casperliao,Casper,cc-by-nc,1
Rhaphidophora liukiuensis,708991,277293512,https://www.inaturalist.org/observations/277293512,research,2025-04-19,"Taiwan, TW",True,22.1675793187,121.4535069972,rain999777,,cc-by-nc,2
Rhaphidophora liukiuensis,708991,269574073,https://www.inaturalist.org/observations/269574073,research,2025-04-10,Taiwan,True,24.9052549971,121.4986113295,antoniochiou,,cc-by-nc,4
Rhaphidophora liukiuensis,708991,269113177,https://www.inaturalist.org/observations/269113177,research,2025-04-03,"Taiwan, TW",True,22.1144800798,121.4245492797,anson1208,陳宥安,,6
Rhaphidophora liukiuensis,708991,238773663,https://www.inaturalist.org/observations/238773663,research,2024-08-24,"Taiwan, TW",True,22.072686161,121.5443205276,jodyhsieh,JODY HSIEH,cc-by-nc,2
Rhaphidophora liukiuensis,708991,235417342,https://www.inaturalist.org/observations/235417342,research,2024-08-12,"Taiwan, TW",True,22.1300110307,121.5188936091,lin-chen-wen,林正文,cc-by,1
Rhaphidophora liukiuensis,708991,229666892,https://www.inaturalist.org/observations/229666892,research,2024-07-11,"Taiwan, TW",True,22.14556362,121.5266583984,symlpocos,,cc-by-nc,1
Rhaphidophora liukiuensis,708991,180707517,https://www.inaturalist.org/observations/180707517,research,2023-08-27,"Taiwan, TW",True,22.1870266911,121.4104569587,gordonb09b01026,Gordon Chen,cc-by-nc,7
Rhaphidophora liukiuensis,708991,180402428,https://www.inaturalist.org/observations/180402428,research,2023-08-27,"Taiwan, TW",True,22.0033721154,121.5305934109,ssnp147,hsehse gg,,2
Rhaphidophora liukiuensis,708991,180246394,https://www.inaturalist.org/observations/180246394,research,2023-08-26,"Taiwan, TW",True,22.0970603472,121.4348593355,ssnp148,邱信龍,,2
Rhaphidophora liukiuensis,708991,179305609,https://www.inaturalist.org/observations/179305609,research,2023-08-20,"Taiwan, TW",True,22.1807163148,121.4535751639,jeiker,Jei-Ker Lin,,3
Rhaphidophora liukiuensis,708991,162130272,https://www.inaturalist.org/observations/162130272,research,2023-04-14,"Taiwan, TW",True,22.0939539844,121.5075089206,naturalistchu,naturalistchu,,3
Rhaphidophora liukiuensis,708991,161781146,https://www.inaturalist.org/observations/161781146,research,2023-04-14,"Taiwan, TW",True,22.1463825868,121.4450938571,naturalistchu,naturalistchu,,3
Rhaphidophora liukiuensis,708991,160702846,https://www.inaturalist.org/observations/160702846,research,2023-05-06,"Taiwan, TW",True,22.0151593118,121.5102862066,naturalist31001,曾以信,,1
Rhaphidophora liukiuensis,708991,154677478,https://www.inaturalist.org/observations/154677478,research,2023-04-05,"Taiwan, TW",True,22.0414482446,121.5884225708,deerjacksonhu,胡正恆(Jackson Hu),cc-by,1
Rhaphidophora liukiuensis,708991,154629812,https://www.inaturalist.org/observations/154629812,research,2023-04-11,"Taiwan, TW",True,22.1059596638,121.4439134733,chengte,Cheng-Te Hsu,cc-by,2
Rhaphidophora liukiuensis,708991,153943012,https://www.inaturalist.org/observations/153943012,research,2023-04-03,"Taiwan, TW",True,22.1017612838,121.4432802224,rrrkai,洪阿愷,cc-by-nc,5
Rhaphidophora liukiuensis,708991,153659225,https://www.inaturalist.org/observations/153659225,research,2023-04-03,"Taiwan, TW",True,22.0663072605,121.4382729027,yueranic,羅元甫,cc-by-nc,5
Rhaphidophora liukiuensis,708991,130228020,https://www.inaturalist.org/observations/130228020,research,2022-08-10,"Taiwan, TW",True,22.1424212373,121.4757349692,lecanorchis,,cc-by-nc-nd,2
Rhaphidophora liukiuensis,708991,129963343,https://www.inaturalist.org/observations/129963343,research,2022-08-08,"Taiwan, TW",True,22.1085377727,121.548508318,lecanorchis,,cc-by-nc-nd,1
Rhaphidophora liukiuensis,708991,115562963,https://www.inaturalist.org/observations/115562963,research,2022-02-22,"Okinawa, JP",True,24.4315428493,124.1665950985,bridelia,Bridelia,,1
Rhaphidophora liukiuensis,708991,111195491,https://www.inaturalist.org/observations/111195491,research,2022-04-07,"Taiwan, TW",True,22.100428997,121.5912631832,chianghuai,姜淮,cc-by-nc,6
Rhaphidophora liukiuensis,708991,110824839,https://www.inaturalist.org/observations/110824839,research,2022-04-06,"Taiwan, TW",True,22.053105392,121.5482584317,rrrkai,洪阿愷,cc-by-nc,1
Rhaphidophora liukiuensis,708991,110737179,https://www.inaturalist.org/observations/110737179,research,2022-04-07,"Taiwan, TW",True,22.1363651016,121.4387823768,yongzhe,yongzhe,,5
Rhaphidophora liukiuensis,708991,110737132,https://www.inaturalist.org/observations/110737132,research,2022-04-07,"Taiwan, TW",True,22.0918737907,121.5768651479,yongzhe,yongzhe,,6
Rhaphidophora liukiuensis,708991,39231431,https://www.inaturalist.org/observations/39231431,research,2020-02-14,"Taiwan, TW",True,22.1347311486,121.453258704,taiwan_reevesia,,cc-by-nc,3
Rhaphidophora lobbii,426557,191340928,https://www.inaturalist.org/observations/191340928,needs_id,2023-10-12,"Kabupaten Banggai, Sulawesi Tengah, Indonesia",False,-1.3262933778,122.236952634,rockyreviko_,Rocky Reviko,cc-by-nc,1
Rhaphidophora luchunensis,1674018,378323108,https://www.inaturalist.org/observations/378323108,research,2026-01-15,China,True,24.5925347728,97.514207848,xuc,龙栩川,cc-by-nc,2
Rhaphidophora maingayi,426556,264429802,https://www.inaturalist.org/observations/264429802,research,2025-02-19,"Lahad Datu, MY-SA, MY",False,4.965355,117.797775,josscarr,Joss Carr,cc-by,1
Rhaphidophora maingayi,426556,229259798,https://www.inaturalist.org/observations/229259798,needs_id,2024-07-14,"Khao Luang Naional Park, Lan Saka, 那空西坦瑪叻府, TH",False,8.37205,99.7357466667,solo1,T. P. Lin,,1
Rhaphidophora maingayi,426556,145556455,https://www.inaturalist.org/observations/145556455,needs_id,2022-12-11,"Khlong Sok, Phanom District, Surat Thani 84250, Thailand",False,8.8648821486,98.5894245809,plants_and_pottery,,cc-by-nc,1
Rhaphidophora megaphylla,1198734,390813987,https://www.inaturalist.org/observations/390813987,research,2026-08-13,云南省西双版纳傣族自治州勐腊县勐仑镇高山行风碑中国科学院西双版纳热带植物园,False,21.928009,101.256232,ctllex,chentian,cc-by-nc,1
Rhaphidophora megaphylla,1198734,383318026,https://www.inaturalist.org/observations/383318026,research,2026-01-24,"Vangvieng, Laos",False,19.04,102.43,lallen,,cc0,1
Rhaphidophora megaphylla,1198734,383189458,https://www.inaturalist.org/observations/383189458,research,2026-07-19,"Mae Tha District, Lamphun, TH",False,18.3124666667,98.97622,nyi_nyi_aung_norah,© Nyi Nyi Aung,cc-by-nc,1
Rhaphidophora megaphylla,1198734,383176836,https://www.inaturalist.org/observations/383176836,research,2026-07-19,"Mae Tha District, Lamphun, TH",False,18.3134633333,98.9746083333,nyi_nyi_aung_norah,© Nyi Nyi Aung,cc-by-nc,2
Rhaphidophora megaphylla,1198734,382874125,https://www.inaturalist.org/observations/382874125,needs_id,2026-07-19,"Doi Phaklong, TH-PR-LO, TH-PR, TH",False,18.1598766667,100.0040833333,thomas--,Thomas Gyselinck,cc-by,1
Rhaphidophora megaphylla,1198734,381324391,https://www.inaturalist.org/observations/381324391,needs_id,2026-07-14,"Phadung Ra Sot Rangsan, Thoen District, Lampang 52230, Thailand",False,17.4413866667,99.2295316667,thomas--,Thomas Gyselinck,cc-by,2
Rhaphidophora megaphylla,1198734,372313155,https://www.inaturalist.org/observations/372313155,research,2026-04-30,"Dong, Chiang Mai 50220, Thailand",False,18.9255399,99.3486654,lannamountainscharlie,LannaMountainsCharlie,cc-by-nc-sa,4
Rhaphidophora megaphylla,1198734,372312570,https://www.inaturalist.org/observations/372312570,research,2026-04-30,"Phong Thong, Doi Saket District, Chiang Mai 50220, Thailand",False,18.9257078997,99.3487190997,lannamountainscharlie,LannaMountainsCharlie,cc-by-nc-sa,4
Rhaphidophora megaphylla,1198734,370634442,https://www.inaturalist.org/observations/370634442,research,2026-04-30,"W8CH+QQR, Thep Sadet, Doi Saket District, Chiang Mai 50220, Thailand",False,18.9218146997,99.3290429997,lannamountainscharlie,LannaMountainsCharlie,cc-by-nc-sa,1
Rhaphidophora megaphylla,1198734,356778359,https://www.inaturalist.org/observations/356778359,research,2026-04-29,中国云南省普洱市思茅区,False,22.847332,100.938398,simbason,Simba,cc-by-nc-nd,4
Rhaphidophora megaphylla,1198734,349717840,https://www.inaturalist.org/observations/349717840,research,2024-12-13,"VVX9+XJ3, Mae Raem, Mae Rim District, Chiang Mai 50180, Thailand",False,18.8999067737,98.8691673428,wildaroidhunter,Alexandre Pierre-Champoux,cc-by-nc,1
Rhaphidophora megaphylla,1198734,349717566,https://www.inaturalist.org/observations/349717566,research,2024-12-09,"อาคาร สถานี ตำรวจภูธร แก่ง โสภา, VJQV+V8Q ตำบล แก่งโสภา อำเภอวังทอง พิษณุโลก 65220, Thailand",False,16.888237593,100.6438650191,wildaroidhunter,Alexandre Pierre-Champoux,cc-by-nc,1
Rhaphidophora megaphylla,1198734,346032265,https://www.inaturalist.org/observations/346032265,needs_id,2026-01-24,"Vangvieng, Laos",False,19.04,102.43,lallen,,cc0,1
Rhaphidophora megaphylla,1198734,345961699,https://www.inaturalist.org/observations/345961699,needs_id,2026-01-20,"Chomphet, Laos",False,20.0483952789,102.2108390675,lallen,,cc0,1
Rhaphidophora megaphylla,1198734,344138300,https://www.inaturalist.org/observations/344138300,research,2026-03-21,"Chang Phueak, Mueang Chiang Mai District, Chiang Mai, Thailand",False,18.8257467678,98.8946516812,cheryl394,Cheryl Stinchcomb,cc-by,2
Rhaphidophora megaphylla,1198734,343587480,https://www.inaturalist.org/observations/343587480,research,2026-02-25,"Pha Ngam, Wiang Chai District, Chiang Rai 57210, Thailand",False,19.8365361111,100.021925,zacpeterson,Zac Peterson,cc-by,3
Rhaphidophora megaphylla,1198734,343587478,https://www.inaturalist.org/observations/343587478,research,2026-02-25,"Pha Ngam, Wiang Chai District, Chiang Rai 57210, Thailand",False,19.8366027778,100.0234388889,zacpeterson,Zac Peterson,cc-by,3
Rhaphidophora megaphylla,1198734,343078422,https://www.inaturalist.org/observations/343078422,research,2026-02-24,"Ban Luang, Chom Thong District, Chiang Mai, 泰国",False,18.5383465456,98.488206983,andy-xr,Patrick,cc-by-nc,1
Rhaphidophora megaphylla,1198734,342893232,https://www.inaturalist.org/observations/342893232,research,2026-01-18,"Pha Ngam, Wiang Chai District, Chiang Rai 57210, Thailand",False,19.8375138883,100.0251166667,dbmcc09,David McCorquodale,cc-by,4
Rhaphidophora megaphylla,1198734,340723274,https://www.inaturalist.org/observations/340723274,research,2026-02-11,"Doi Inthanon National Park, Chom Thong District, Chiang Mai, TH",False,18.5420841883,98.598375295,elliot_meyers,,cc-by-nc,2
Rhaphidophora megaphylla,1198734,340722946,https://www.inaturalist.org/observations/340722946,research,2026-02-11,"Doi Inthanon National Park, Chom Thong District, Chiang Mai, TH",False,18.5421318487,98.5986896204,elliot_meyers,,cc-by-nc,2
Rhaphidophora megaphylla,1198734,338496815,https://www.inaturalist.org/observations/338496815,research,2024-12-13,"Pong Yaeng, Mae Rim District, Chiang Mai, Thailand",False,18.8973828371,98.8510188234,wildaroidhunter,Alexandre Pierre-Champoux,cc-by-nc,1
Rhaphidophora megaphylla,1198734,338155637,https://www.inaturalist.org/observations/338155637,needs_id,2026-01-21,"Xishuangbanna Dai, CN-YN, CN",True,21.8387889431,101.2215552041,casperliao,Casper,cc-by-nc,1
Rhaphidophora megaphylla,1198734,338080805,https://www.inaturalist.org/observations/338080805,needs_id,2026-01-18,中國雲南省西雙版納傣族自治州景洪市,False,22.0344042657,101.0199375684,casperliao,Casper,cc-by-nc,1
Rhaphidophora megaphylla,1198734,334933694,https://www.inaturalist.org/observations/334933694,research,2025-12-15,"Suthep, Amphoe Mueang Chiang Mai, Chiang Mai, Thailand",False,18.8033683473,98.8966111111,bernhard_hiller,,cc-by,1
Rhaphidophora megaphylla,1198734,330604853,https://www.inaturalist.org/observations/330604853,research,2023-11-29,"Nong Khiaw, Laos",False,20.5690777778,102.6173194444,chris16887,Chris,cc-by-nc,1
Rhaphidophora megaphylla,1198734,329058025,https://www.inaturalist.org/observations/329058025,research,2025-03-07,"Mengla County, Xishuangbanna Dai Autonomous Prefecture, Yunnan, China",False,21.9233947874,101.2574386597,chuangzao,Chuangzao,cc-by-nc,1
Rhaphidophora megaphylla,1198734,315031360,https://www.inaturalist.org/observations/315031360,research,2025-09-10,中国云南省西双版纳傣族自治州勐腊县勐仑镇中国科学院西双版纳热带植物园 邮政编码: 666303,False,21.919925,101.277947,marscancer,银河自然博物工作室,,1
Rhaphidophora megaphylla,1198734,313133815,https://www.inaturalist.org/observations/313133815,research,2025-09-07,"Xishuangbanna Dai, CN-YN, CN",False,21.9166312801,101.2594740454,brownsugar_iris,红糖Iris,,1
Rhaphidophora megaphylla,1198734,313111039,https://www.inaturalist.org/observations/313111039,research,2025-09-06,"Xishuangbanna Dai, CN-YN, CN",False,21.9166312801,101.2594740454,brownsugar_iris,红糖Iris,,1
Rhaphidophora megaphylla,1198734,299520801,https://www.inaturalist.org/observations/299520801,research,2024-03-12,"Shan, MM",False,20.7199626677,98.0828108328,lordworm_cryptopsy,Khant Ye Yint ( Lord Khanevyr ov Mandralyx),cc-by-nc,1
Rhaphidophora megaphylla,1198734,292823399,https://www.inaturalist.org/observations/292823399,research,2025-04-11,中国云南省西双版纳傣族自治州勐腊县,False,21.92633,101.267036,liuguangyu,刘光裕 Liu Guangyu,cc-by-nc,1
Rhaphidophora megaphylla,1198734,280537868,https://www.inaturalist.org/observations/280537868,needs_id,2025-05-03,"Doi Kaeo, Chom Thong District, Chiang Mai, Thailand",False,18.3829263889,98.576085,endless_wonderer,Endless Wonderer,,3
Rhaphidophora megaphylla,1198734,268703950,https://www.inaturalist.org/observations/268703950,needs_id,2006-01-07,"Khao Kho, Phetchabun, Thailand",False,16.6013074201,100.9860846393,tonyrodd,Tony Rodd,cc0,1
Rhaphidophora megaphylla,1198734,268672306,https://www.inaturalist.org/observations/268672306,research,2024-07-26,"Louangphrabang, LA-LP, LA",False,19.74895,101.99207,nitid,,cc-by-nc,1
Rhaphidophora megaphylla,1198734,265667048,https://www.inaturalist.org/observations/265667048,needs_id,2025-03-14,"Vangvieng, Xaisomboun, LA",False,18.9277466667,102.3962783333,nithitchai,Nithit Chai,cc-by-nc,2
Rhaphidophora megaphylla,1198734,263478149,https://www.inaturalist.org/observations/263478149,research,2025-02-09,中國雲南省西雙版納傣族自治州勐臘縣,False,21.9104444444,101.2836305556,ray76,Ray Wang,,1
Rhaphidophora megaphylla,1198734,263019239,https://www.inaturalist.org/observations/263019239,research,2025-02-25,"Doi Inthanon, Mae Chaem, Chiang Mai, TH",False,18.5069533333,98.5022583333,csanchezj7,Carlos Sanchez,cc-by-nc,2
Rhaphidophora megaphylla,1198734,262478847,https://www.inaturalist.org/observations/262478847,research,2025-02-09,中國雲南省西雙版納傣族自治州勐臘縣,False,21.9113194444,101.2810138889,ray76,Ray Wang,,1
Rhaphidophora megaphylla,1198734,259864093,https://www.inaturalist.org/observations/259864093,research,2025-01-28,"Nong Bua, Pha Ngam, Wiang Chai District, Chiang Rai 57210, Thailand",False,19.8348,100.021468,hamsambly,Sam Hambly,cc-by-nc,2
Rhaphidophora megaphylla,1198734,259509983,https://www.inaturalist.org/observations/259509983,research,2024-12-16,"GHRX+MPP, Ban Luang, Chom Thong District, Chiang Mai 50160, Thailand",False,18.5418550456,98.5980932415,wildaroidhunter,Alexandre Pierre-Champoux,cc-by-nc,5
Rhaphidophora megaphylla,1198734,259297768,https://www.inaturalist.org/observations/259297768,research,2024-12-09,"Ban Yaeng, Nakhon Thai District, Phitsanulok 65120, Thailand",False,16.8695336914,100.833687298,wildaroidhunter,Alexandre Pierre-Champoux,cc-by-nc,2
Rhaphidophora megaphylla,1198734,259297495,https://www.inaturalist.org/observations/259297495,research,2024-12-16,"GHRX+MPP, Ban Luang, Chom Thong District, Chiang Mai 50160, Thailand",False,18.5419341958,98.5993307456,wildaroidhunter,Alexandre Pierre-Champoux,cc-by-nc,1
Rhaphidophora megaphylla,1198734,259297381,https://www.inaturalist.org/observations/259297381,research,2024-12-13,"Ban Yaeng, Nakhon Thai District, Phitsanulok 65120, Thailand",False,16.8669620729,100.8404092491,wildaroidhunter,Alexandre Pierre-Champoux,cc-by-nc,1
Rhaphidophora megaphylla,1198734,258475195,https://www.inaturalist.org/observations/258475195,needs_id,2025-01-11,"Suthep, Mueang Chiang Mai District, Chiang Mai, Thailand",False,18.7710591667,98.9059180556,endless_wonderer,Endless Wonderer,,2
Rhaphidophora megaphylla,1198734,255203013,https://www.inaturalist.org/observations/255203013,research,2018-10-17,"Nai Mueang, Mueang Phitsanulok District, Phitsanulok 65000, Таиланд",False,16.8367868996,100.264031124,elennapo,Елена Потапова,cc-by-nc,1
Rhaphidophora megaphylla,1198734,254983134,https://www.inaturalist.org/observations/254983134,research,2024-12-13,"VVX5+6GH, Pong Yaeng, Mae Rim District, Chiang Mai 50180, Thailand",False,18.897619746,98.8576697186,wildaroidhunter,Alexandre Pierre-Champoux,cc-by-nc,6
Rhaphidophora megaphylla,1198734,254801160,https://www.inaturalist.org/observations/254801160,research,2024-12-11,"42 หมู่ 11 Tambon Mae Raem, Amphoe Mae Rim, Chang Wat Chiang Mai 50180, Thailand",False,18.9356368066,98.8232167438,wildaroidhunter,Alexandre Pierre-Champoux,cc-by-nc,1
Rhaphidophora megaphylla,1198734,254800777,https://www.inaturalist.org/observations/254800777,research,2024-12-09,"Ban Yaeng, Nakhon Thai District, Phitsanulok 65120, Thailand",False,16.8717751259,100.8336373419,wildaroidhunter,Alexandre Pierre-Champoux,cc-by-nc,1
Rhaphidophora megaphylla,1198734,254637736,https://www.inaturalist.org/observations/254637736,research,2024-12-09,"Ban Yaeng, Nakhon Thai District, Phitsanulok 65120, Thailand",False,16.8714331051,100.8346810564,wildaroidhunter,Alexandre Pierre-Champoux,cc-by-nc,10
Rhaphidophora megaphylla,1198734,253556668,https://www.inaturalist.org/observations/253556668,needs_id,2024-11-27,"Keo Oudom, Laos",False,18.5100204997,102.6665186997,sandiasam,Sam Leslie,,1
Rhaphidophora megaphylla,1198734,250312803,https://www.inaturalist.org/observations/250312803,needs_id,2024-11-03,"Suthep, Mueang Chiang Mai District, Chiang Mai, Thailand",False,18.8168955556,98.9223375,endless_wonderer,Endless Wonderer,,2
Rhaphidophora megaphylla,1198734,248812705,https://www.inaturalist.org/observations/248812705,research,2024-10-23,"Chang Phueak, Mueang Chiang Mai District, Chiang Mai, Thailand",False,18.8330702778,98.8874302778,endless_wonderer,Endless Wonderer,,3
Rhaphidophora megaphylla,1198734,239580239,https://www.inaturalist.org/observations/239580239,research,2024-03-01,中国云南省西双版纳傣族自治州,False,22.0074899,100.7973899,zoeaa,一颗行走的白菜,cc-by-nc,1
Rhaphidophora megaphylla,1198734,231721579,https://www.inaturalist.org/observations/231721579,research,2024-07-19,"Mae Win, Mae Wang District, Chiang Mai 50360泰國",False,18.6580777778,98.6487583333,doggy0406,Hong,cc-by-nc,1
Rhaphidophora megaphylla,1198734,221520463,https://www.inaturalist.org/observations/221520463,research,2024-06-09,"RW8F+PJ9 Montha Than Waterfall Trailhead, Tambon Su Thep, Amphoe Mueang Chiang Mai, Chang Wat Chiang Mai 50200, Thailand",False,18.8168985,98.9222869,inkkawinwit,Ink-Kawinwit Kittipalawattanapol,,3
Rhaphidophora megaphylla,1198734,217656038,https://www.inaturalist.org/observations/217656038,research,2024-05-23,"Ob Khan National Park, Mae Wang, Chiang Mai, TH",False,18.6482633333,98.627695,nicolas21367,Nicolas Pohl,,2
Rhaphidophora megaphylla,1198734,214533913,https://www.inaturalist.org/observations/214533913,research,2024-04-29,中国云南省西双版纳傣族自治州景洪市,False,22.173348452,100.8559230137,seventeennature,Shi Qi,,1
Rhaphidophora megaphylla,1198734,206121079,https://www.inaturalist.org/observations/206121079,research,2024-03-21,"Chiang Mai, TH",True,19.5712439068,98.7650502608,rudymaex,,cc-by-nc,2
Rhaphidophora megaphylla,1198734,205356054,https://www.inaturalist.org/observations/205356054,research,2024-03-17,"Chiang Mai, TH",True,18.5634009392,98.461972282,rudymaex,,cc-by-nc,2
Rhaphidophora megaphylla,1198734,198028890,https://www.inaturalist.org/observations/198028890,research,2024-01-30,"Mae Win, Mae Wang District, Chiang Mai 50360, Thaiföld",False,18.6495222222,98.4938277778,stekkelpak,Zoltán Stekkelpak,cc0,1
Rhaphidophora megaphylla,1198734,197964480,https://www.inaturalist.org/observations/197964480,research,2024-01-29,"Mae Win, Mae Wang District, Chiang Mai 50360, Thaiföld",False,18.7043972222,98.5526166667,stekkelpak,Zoltán Stekkelpak,cc0,1
Rhaphidophora megaphylla,1198734,197864965,https://www.inaturalist.org/observations/197864965,research,2024-01-27,"Doi Pui, Mae Rim, Chiang Mai, TH",False,18.8387966667,98.8966833333,endless_wonderer,Endless Wonderer,,2
Rhaphidophora megaphylla,1198734,195482989,https://www.inaturalist.org/observations/195482989,needs_id,2024-01-01,"ต้าผามอก, ลอง, จ.แพร่, TH",False,18.1599361667,100.00418055,sarojruchisansakun,Saroj Ruchisansakun,,1
Rhaphidophora megaphylla,1198734,194411967,https://www.inaturalist.org/observations/194411967,research,2023-12-20,"Doi Inthanon National Park, Chom Thong, Chiang Mai, TH",False,18.5419416667,98.599305,endless_wonderer,Endless Wonderer,,4
Rhaphidophora megaphylla,1198734,192703863,https://www.inaturalist.org/observations/192703863,research,2023-11-23,中国云南省西双版纳傣族自治州勐腊县,False,21.9201766667,101.27051,kyosapir,,cc-by-nc,1
Rhaphidophora megaphylla,1198734,169332268,https://www.inaturalist.org/observations/169332268,needs_id,1996-09-30,"Doi Suthep-Pui National Park, Province de Chiang Mai, Thaïlande",False,18.7946550242,98.8899980707,missour,,cc-by-nc,3
Rhaphidophora megaphylla,1198734,164841206,https://www.inaturalist.org/observations/164841206,research,2023-05-31,"Xishuangbanna Dai, CN-YN, CN",False,21.9159404081,101.2746991217,amarzee,Amaël Borzée,cc-by-nc,1
Rhaphidophora megaphylla,1198734,159637628,https://www.inaturalist.org/observations/159637628,research,2010-12-20,"119 Tambon Ban Luang, Amphoe Chom Thong, Chang Wat Chiang Mai 50160, Thaïlande",False,18.5356262,98.5221239,lloyathic,Greg Loucougaray,,1
Rhaphidophora megaphylla,1198734,154149134,https://www.inaturalist.org/observations/154149134,research,2023-02-25,"Pa Pae, Amphoe Mae Taeng, Chiang Mai 50150, Thailand",False,19.2436117164,98.6839650271,luluchouette,,cc-by,3
Rhaphidophora megaphylla,1198734,153047704,https://www.inaturalist.org/observations/153047704,research,2023-02-22,"Ban Luang, Chom Thong, Chiang Mai, Thailand",False,18.5420556233,98.599441051,luluchouette,,cc-by,3
Rhaphidophora megaphylla,1198734,142910566,https://www.inaturalist.org/observations/142910566,research,2022-10-27,"HWWV+MPP หน่วยพิทักษ์อุทยานแห่งชาติผาแดงที่ ผด.4 (โป่งอาง) Tambon Mueang Na, Amphoe Chiang Dao, Chang Wat Chiang Mai 50170, Thailand",False,19.5966879086,98.9448193833,lannamountainscharlie,LannaMountainsCharlie,cc-by-nc-sa,1
Rhaphidophora megaphylla,1198734,142589832,https://www.inaturalist.org/observations/142589832,needs_id,2022-10-20,"Q2W3+9G7, Chang Moi Sub-district, Mueang Chiang Mai District, Chiang Mai 50000, Thailand",False,18.7959674549,99.0041860566,lannamountainscharlie,LannaMountainsCharlie,cc-by-nc-sa,3
Rhaphidophora megaphylla,1198734,140751304,https://www.inaturalist.org/observations/140751304,research,2022-11-01,"Xishuangbanna Dai, CN-YN, CN",False,21.9288507935,101.2523930207,su_ynu,Su,cc-by-nc,1
Rhaphidophora megaphylla,1198734,139723649,https://www.inaturalist.org/observations/139723649,research,2022-10-20,中国云南省西双版纳傣族自治州勐腊县,False,21.9292813017,101.254426822,liuguangyu,刘光裕 Liu Guangyu,cc-by-nc,1
Rhaphidophora megaphylla,1198734,133615490,https://www.inaturalist.org/observations/133615490,needs_id,2022-09-03,"HF3H+8QM, Chang Khoeng, Chom Thong District, Chiang Mai 50160, Thailand",False,18.5531527778,98.4796944444,calebcatto,Caleb Catto,cc-by,2
Rhaphidophora megaphylla,1198734,132353659,https://www.inaturalist.org/observations/132353659,research,2022-08-14,中国云南省西双版纳傣族自治州景洪市,False,22.1692019925,100.8607064003,seventeennature,Shi Qi,,1
Rhaphidophora megaphylla,1198734,129481303,https://www.inaturalist.org/observations/129481303,research,2022-08-05,西双版纳热带植物园,False,21.9199248585,101.2779469416,pppepper,,cc-by-nc,1
Rhaphidophora megaphylla,1198734,129423709,https://www.inaturalist.org/observations/129423709,research,2022-08-04,"思茅区, 普洱市, 云南省, CN",False,22.8477466667,100.9409333333,yishan_zhao,Yi-Shan Zhao,cc-by-nc,2
Rhaphidophora megaphylla,1198734,111628037,https://www.inaturalist.org/observations/111628037,research,2013-01-22,"Kuang Si Waterfalls, Laos",False,19.749498,101.9919369,mgrandis,Marco Grandis,cc-by-nc,1
Rhaphidophora megaphylla,1198734,107451903,https://www.inaturalist.org/observations/107451903,research,2022-02-25,"Xishuangbanna Dai, CN-YN, CN",False,21.9290790558,101.2546386719,liuguangyu,刘光裕 Liu Guangyu,cc-by-nc,1
Rhaphidophora megaphylla,1198734,106168249,https://www.inaturalist.org/observations/106168249,research,2022-02-05,"ห้วยแก้ว, อ.แม่ออน, จ.เชียงใหม่, TH",False,18.925555,99.3489133333,vetboy,,cc-by-nc,3
Rhaphidophora megaphylla,1198734,104845173,https://www.inaturalist.org/observations/104845173,research,2022-01-13,云南省西双版纳傣族自治州勐腊县勐仑镇野生天南星园中国科学院西双版纳热带植物园,False,21.92037999,101.2693425,colocasia,,cc-by-nc,1
Rhaphidophora megaphylla,1198734,100177773,https://www.inaturalist.org/observations/100177773,research,2016-06-23,"Луангпхабанг, Лаос",False,20.0656229,102.6216211,myanmarese,Andrey,cc-by-nc,1
Rhaphidophora megaphylla,1198734,96897616,https://www.inaturalist.org/observations/96897616,research,2021-09-20,"Tha Pla Duk, Mae Tha District, Lamphun 51140, Thailand",False,18.4951231805,99.3026100218,luluchouette,,cc-by-nc,3
Rhaphidophora megaphylla,1198734,69597865,https://www.inaturalist.org/observations/69597865,research,2021-02-15,YunnanXishuangbannaMengla奇花异卉园,False,21.927312851,101.2519454956,cdelrio,Cédric DEL RIO,cc-by-nc,1
Rhaphidophora megaphylla,1198734,56477460,https://www.inaturalist.org/observations/56477460,research,2020-08-09,"Xishuangbanna Dai, Yunnan, China",False,21.928747,101.2522459722,liuguangyu,刘光裕 Liu Guangyu,cc-by-nc,1
Rhaphidophora megaphylla,1198734,39571020,https://www.inaturalist.org/observations/39571020,research,2017-08-17,中国云南省西双版纳傣族自治州景洪市,False,22.1674832347,100.8607865498,qin_huang,HUANG QIN,cc-by,1
Rhaphidophora megaphylla,1198734,38250383,https://www.inaturalist.org/observations/38250383,research,2019-11-11,"ต้าผามอก, อ.ลอง, จ.แพร่, TH",False,18.1571590422,100.0028337669,theerasak,,cc-by-nc,1
Rhaphidophora megaphylla,1198734,15440588,https://www.inaturalist.org/observations/15440588,needs_id,2018-08-15,"1095, Pang Mapha, Mae Hong Son, TH",False,19.5168361115,98.2496100851,luminous,,cc0,1
Rhaphidophora megaphylla,1198734,7171788,https://www.inaturalist.org/observations/7171788,needs_id,2017-07-05,"บ้านหลวง ซอย2 Ban Luang, Chom Thong District, Chang Wat Chiang Mai 50160, Thailand",False,18.586073,98.4826275,jenthebird,Jen Schlauch,cc-by-nc,1
Rhaphidophora megasperma,1583203,285416003,https://www.inaturalist.org/observations/285416003,research,2024-09-30,"Langkat Regency, North Sumatra, Indonesia",False,3.5452015234,98.098030861,eidiu,Eidiu,cc-by-nc,1
Rhaphidophora megasperma,1583203,230002671,https://www.inaturalist.org/observations/230002671,research,2024-07-17,"Gunung Leuser National Park, Kabupaten Langkat, North Sumatra, ID",False,3.5353716667,98.1146083333,jrad16,,cc-by-nc,2
Rhaphidophora microperforata,1509498,357147787,https://www.inaturalist.org/observations/357147787,research,2026-04-29,"Kinabalu Park, Ranau, Sabah, Malaysia",False,6.0172444444,116.5372305556,mdoliveira,,cc-by-nc,3
Rhaphidophora microperforata,1509498,356067136,https://www.inaturalist.org/observations/356067136,research,2026-04-28,"XGVH+MQ, 89300 Kundasang, Sabah, Malaysia",False,5.9961583333,116.5291305556,mdoliveira,,cc-by-nc,4
Rhaphidophora microperforata,1509498,356065911,https://www.inaturalist.org/observations/356065911,research,2026-04-28,"XGVH+MQ, 89300 Kundasang, Sabah, Malaysia",False,5.9961138889,116.5291361111,mdoliveira,,cc-by-nc,6
Rhaphidophora microperforata,1509498,349484528,https://www.inaturalist.org/observations/349484528,research,2026-04-13,"Penampang, Taman Negara Banjaran Crocker, MY-SA, MY",False,5.8440444444,116.3273166667,mdoliveira,,cc-by-nc,2
Rhaphidophora microperforata,1509498,255303594,https://www.inaturalist.org/observations/255303594,research,2024-11-20,"Ranau, Sabah, Malasia",False,6.0492604656,116.701686856,nat_rojasestevez,Natalia Rojas-Estevez,cc-by-nc,2
Rhaphidophora microperforata,1509498,254983448,https://www.inaturalist.org/observations/254983448,research,2024-12-13,"Kinabalu, MY-SA-RA, MY-SA, MY",False,6.0627778333,116.6907966667,alexlamoreaux,Alex Lamoreaux,cc-by-nc,1
Rhaphidophora microperforata,1509498,245757912,https://www.inaturalist.org/observations/245757912,research,2024-09-14,"Marudi, MY-SK, MY",True,4.0135640857,114.9077774381,oli_in_gold,Oliver Ingold,,2
Rhaphidophora minor,426555,202252237,https://www.inaturalist.org/observations/202252237,research,2024-03-13,"Loboc, Bohol, Fülöp-szigetek",False,9.6657027778,124.0811277778,stekkelpak,Zoltán Stekkelpak,cc0,1
Rhaphidophora montana,426554,349719891,https://www.inaturalist.org/observations/349719891,needs_id,2026-03-22,"Lima Puluh Kota Regency, West Sumatra, Indonesia",False,-0.0839097831,100.6981331093,iqbal_muhammad,Muhammad Iqbal,cc-by-nc,1
Rhaphidophora monticola,1619094,383340865,https://www.inaturalist.org/observations/383340865,research,2022-04-15,"Panipiason, Madalag, Aklan, Philippines",False,11.3650457931,122.2127511783,rcahilig,Richard Ropero Cahilig,cc-by-nc,2
Rhaphidophora monticola,1619094,356399118,https://www.inaturalist.org/observations/356399118,research,2026-04-26,"Siniloan, Laguna, PH",False,14.533475,121.48918,iandavies,Ian Davies,cc-by,1
Rhaphidophora monticola,1619094,337773688,https://www.inaturalist.org/observations/337773688,needs_id,2026-01-30,"Mount Makiling, Los Baños, Laguna, Philippines",False,14.1363889,121.1944444,gina424,GinaGPark,cc-by-nc,2
Rhaphidophora monticola,1619094,337773311,https://www.inaturalist.org/observations/337773311,research,2026-01-30,"San Antonio, Santo Tomas, Batangas, Philippines",False,14.1275661305,121.1843592187,gina424,GinaGPark,cc-by-nc,2
Rhaphidophora monticola,1619094,332323437,https://www.inaturalist.org/observations/332323437,research,2024-12-28,Philippines,True,14.5273731096,121.4816760637,ph_hsu,,,1
Rhaphidophora monticola,1619094,289440887,https://www.inaturalist.org/observations/289440887,research,2025-06-13,"Bambang, Los Banos, Laguna, Philippines",False,14.1386032,121.1986868,ac3do,Adam,cc-by-nc,2
Rhaphidophora monticola,1619094,271130192,https://www.inaturalist.org/observations/271130192,research,2025-04-16,"Mount Makiling, Los Baños, Laguna, Philippines",False,14.1363889,121.1944444,sambrilliance,Samuel Brillo,cc-by-nc,2
Rhaphidophora monticola,1619094,271130189,https://www.inaturalist.org/observations/271130189,research,2025-04-16,"Mount Makiling, Los Baños, Laguna, Philippines",False,14.1363889,121.1944444,sambrilliance,Samuel Brillo,cc-by-nc,3
Rhaphidophora monticola,1619094,208286353,https://www.inaturalist.org/observations/208286353,needs_id,2024-04-20,"Bambang, Los Baños, Laguna, Philippinen",False,14.13782978,121.19686035,larsmannzen,Lars Mannzen,,3
Rhaphidophora monticola,1619094,102647822,https://www.inaturalist.org/observations/102647822,needs_id,2021-12-07,"Talomo (Pob.), Davao City, Davao del Sur, Philippines",False,7.120611645,125.3258477524,bobby141,Bobby Lindo,,1
Rhaphidophora neglecta,1401886,402762324,https://www.inaturalist.org/observations/402762324,needs_id,2026-09-16,791104,False,28.1296302,95.2484481,the_desi_arthropod,Aditya Satpute,cc-by-nc,1
Rhaphidophora neglecta,1401886,388109851,https://www.inaturalist.org/observations/388109851,research,2026-07-28,中国西藏自治区林芝市墨脱县,False,29.3528141244,95.3405600475,observe-syz,,cc0,2
Rhaphidophora nicolsonii,1632486,402506938,https://www.inaturalist.org/observations/402506938,research,2026-09-22,"Trail 4, Tanah Rata, Pahang, MY",False,4.4738883333,101.3835133333,nrmalissa,Arika Kawaii,cc-by-nc,1
Rhaphidophora nicolsonii,1632486,402484517,https://www.inaturalist.org/observations/402484517,research,2026-09-22,"Trail 4, Tanah Rata, Pahang, MY",False,4.4739033333,101.38347,naisyaaina_,Naisya Aina,,1
Rhaphidophora nicolsonii,1632486,402413722,https://www.inaturalist.org/observations/402413722,research,2026-09-22,"Jalan Tapah - Cameron Highlands, Tanah Rata, Pahang, MY",False,4.4791174,101.3778968,salnick,NIK HAFIZHATUL AZIFAH BINTI NIK HING,cc-by-nc,1
Rhaphidophora nicolsonii,1632486,402401106,https://www.inaturalist.org/observations/402401106,research,2026-09-22,"F9FM+MC, Tanah Rata, 39000 Tanah Rata, Pahang, Malaysia",False,4.4738024,101.3832479997,ajewang,,cc-by-nc,1
Rhaphidophora nicolsonii,1632486,402390280,https://www.inaturalist.org/observations/402390280,research,2026-09-22,"F9FM+MC, Tanah Rata, 39000 Tanah Rata, Pahang, Malaysia",False,4.4742121694,101.3833541869,nazlee,Nazlee Shah,cc-by-nc,2
Rhaphidophora nicolsonii,1632486,331852674,https://www.inaturalist.org/observations/331852674,research,2025-02-18,"Brinchang, 39000 Brinchang, Pahang, Malaysia",False,4.5218488883,101.3832975,fero,František Bednár,,1
Rhaphidophora nicolsonii,1632486,290909676,https://www.inaturalist.org/observations/290909676,research,2025-06-19,"Brinchang, 39000 Brinchang, Pahang, Malaysia",False,4.5239752,101.3936436,larsmannzen,Lars Mannzen,,4
Rhaphidophora nicolsonii,1632486,290595324,https://www.inaturalist.org/observations/290595324,research,2025-06-18,"Brinchang, 39000 Brinchang, Pahang, Malaysia",False,4.5260566997,101.3844882,daniel_onneweer,Daniel Onneweer,cc-by,4
Rhaphidophora pachyphylla,1670654,387798822,https://www.inaturalist.org/observations/387798822,research,2026-06-21,"North Fly District, Western Province, Papua New Guinea",False,-6.0770743883,141.5230272983,avocat,,cc-by,2
Rhaphidophora pachyphylla,1670654,387422978,https://www.inaturalist.org/observations/387422978,needs_id,2026-06-20,"North Fly District, Western Province, Papua New Guinea",False,-6.0766666667,141.522919445,avocat,,cc-by,1
Rhaphidophora pachyphylla,1670654,387422954,https://www.inaturalist.org/observations/387422954,needs_id,2026-06-20,"North Fly District, Western Province, Papua New Guinea",False,-6.0758277783,141.5229027783,avocat,,cc-by,1
Rhaphidophora pachyphylla,1670654,386098137,https://www.inaturalist.org/observations/386098137,needs_id,2026-06-18,"North Fly District, Western Province, Papua New Guinea",False,-5.9927388883,141.2926027783,avocat,,cc-by,1
Rhaphidophora pachyphylla,1670654,383157531,https://www.inaturalist.org/observations/383157531,research,2026-07-20,"Sawatuk, Makbon, Sorong Regency, Southwest Papua, Indonesia",False,-0.8083439722,131.6359229722,dccopley,Darren and Claudia,cc-by-nc,1
Rhaphidophora pachyphylla,1670654,379674699,https://www.inaturalist.org/observations/379674699,research,2026-07-08,"Samate, Kec. Salawati Utara, Kabupaten Raja Ampat, Papua Barat Daya, Indonesia",False,-1.0073301519,130.9632590041,dwisuratman,Dwi Suratman,,2
Rhaphidophora pachyphylla,1670654,339879286,https://www.inaturalist.org/observations/339879286,research,2026-02-23,"Kebar Tengah, Kebar, Manokwari Regency, West Papua, Indonesia",False,-0.8189583333,133.1122305556,abduelhakim,Hakim,cc-by-nc,1
Rhaphidophora pachyphylla,1670654,336473850,https://www.inaturalist.org/observations/336473850,research,2025-12-15,"Biak Numfor Regency, Papua, Indonesia",False,-1.0714706621,136.2466960954,crx2aj3,Jeremy Collison,cc-by-nc,1
Rhaphidophora pachyphylla,1670654,311595046,https://www.inaturalist.org/observations/311595046,research,2025-08-03,"Kabupaten Sorong, Papua Bar., Indonesia",False,-0.7733131997,131.4736233,haniristiawan,Hani Ristiawan,cc-by-nc,2
Rhaphidophora pachyphylla,1670654,305177922,https://www.inaturalist.org/observations/305177922,research,2025-08-10,"JV26+RP, Kuala Kencana, Mimika Regency, Papua, Indonesia",False,-4.3984503,136.8612473997,imamthidayat,Imam Taufik Hidayat,cc-by-nc,4
Rhaphidophora pachyphylla,1670654,256266425,https://www.inaturalist.org/observations/256266425,research,2024-07-17,"Malagufuk, Sorong Regency, West Papua, Indonesia",False,-0.7989968406,131.6408951313,kristofz,Kristof Zyskowski,cc-by,1
Rhaphidophora pachyphylla,1670654,199642235,https://www.inaturalist.org/observations/199642235,research,2024-02-18,"JV38+HGM, Kuala Kencana, Mimika Regency, Papua 99910, Indonesia",False,-4.3959612,136.8667868997,imamthidayat,Imam Taufik Hidayat,cc-by-nc,2
Rhaphidophora pachyphylla,1670654,193852108,https://www.inaturalist.org/observations/193852108,needs_id,2023-10-21,"Malagufuk, Sorong Regency, West Papua, Indonesia",False,-0.7789,131.6411,leithallb,,cc-by-nc,1
Rhaphidophora pachyphylla,1670654,192795904,https://www.inaturalist.org/observations/192795904,research,2023-10-21,"Malagufuk, Sorong Regency, West Papua, Indonesia",False,-0.7789,131.6411,nyoni-pete,Pete Woodall,cc-by,2
Rhaphidophora pachyphylla,1670654,187327818,https://www.inaturalist.org/observations/187327818,needs_id,2023-10-01,"Waigeo. Raja Ampat, Indonesia.",False,-0.414753,130.712494,johndreynolds,John D Reynolds,cc-by,1
Rhaphidophora pachyphylla,1670654,181514047,https://www.inaturalist.org/observations/181514047,research,2023-07-24,"Sorong City, West Papua, Indonesia",False,-0.849658655,131.3806558383,avocat,,cc-by,2
Rhaphidophora pachyphylla,1670654,163915056,https://www.inaturalist.org/observations/163915056,research,2023-05-27,"HVX6+3PW Bundaran Kuala Kencana, Kuala Kencana, Mimika Regency, Papua 99910, Indonesia",False,-4.4014944941,136.8639753386,kukuh_indra,kukuh indra,,1
Rhaphidophora peepla,926686,363675430,https://www.inaturalist.org/observations/363675430,research,2026-05-21,"Chang Phueak, Mueang Chiang Mai District, Chiang Mai, Thailand",False,18.8317093289,98.8879752963,endless_wonderer,Endless Wonderer,,1
Rhaphidophora peepla,926686,361036286,https://www.inaturalist.org/observations/361036286,research,2026-04-12,"Tha Pha, Mae Chaem District, Chiang Mai 50270, Thailand",False,18.5076803738,98.4991044846,endless_wonderer,Endless Wonderer,,4
Rhaphidophora peepla,926686,344434584,https://www.inaturalist.org/observations/344434584,needs_id,2026-01-23,"Doi Inthanon, Chom Thong, Chiang Mai, Thailand",False,18.506205555,98.5298916667,dbmcc09,David McCorquodale,cc-by,7
Rhaphidophora peepla,926686,337624233,https://www.inaturalist.org/observations/337624233,research,2026-02-05,"Tha Pha, Mae Chaem District, Chiang Mai 50270, Thailand",False,18.5090450612,98.5054489456,endless_wonderer,Endless Wonderer,,3
Rhaphidophora peepla,926686,337165381,https://www.inaturalist.org/observations/337165381,needs_id,2025-11-13,"HFQP+PX3, Ban Luang, Mae Chaem District, Chiang Mai 50270, Thailand",False,18.5893363639,98.4876016527,wildaroidhunter,Alexandre Pierre-Champoux,cc-by-nc,2
Rhaphidophora peepla,926686,272489916,https://www.inaturalist.org/observations/272489916,needs_id,2025-04-20,"Suthep, Mueang Chiang Mai District, Chiang Mai, Thailand",False,18.8035168822,98.8964837442,endless_wonderer,Endless Wonderer,,3
Rhaphidophora peepla,926686,260369767,https://www.inaturalist.org/observations/260369767,needs_id,2025-01-20,"Mae Sam Watershed Management Unit, Doi Inthanon National Park , Chom Thong District, Chiang Mai, 泰國",False,18.5261555556,98.4987111111,pchi45,呂一起(Lyu yi-chi),cc-by,6
Rhaphidophora peepla,926686,260142789,https://www.inaturalist.org/observations/260142789,research,2024-12-17,"Pa Tueng, Mae Chaem District, Chiang Mai 50270, Thailand",False,18.5561895393,98.4774773195,wildaroidhunter,Alexandre Pierre-Champoux,cc-by-nc,3
Rhaphidophora peepla,926686,254078196,https://www.inaturalist.org/observations/254078196,research,2024-11-08,ดอยม่อนล้าน ตำบล สันทราย อำเภอพร้าว เชียงใหม่ 50190 ประเทศไทย,False,19.5336111,99.1522222,naturemanthaimountain,NaturemanThaimountain,cc-by-nc,2
Rhaphidophora peepla,926686,206023890,https://www.inaturalist.org/observations/206023890,needs_id,2024-04-07,"Doi Inthanon, Mae Chaem, Chiang Mai, TH",False,18.55243,98.4804533333,endless_wonderer,Endless Wonderer,,2
Rhaphidophora peepla,926686,198028898,https://www.inaturalist.org/observations/198028898,needs_id,2024-01-30,"Mae Win, Mae Wang District, Chiang Mai 50360, Thaiföld",False,18.6495361111,98.4938361111,stekkelpak,Zoltán Stekkelpak,cc0,1
Rhaphidophora peepla,926686,189749946,https://www.inaturalist.org/observations/189749946,research,2023-11-02,"Doi Mae Yan, Pai, Mae Hong Son, TH",False,19.3244583333,98.345025,alpineflora,D. Hämmerli,,3
Rhaphidophora peepla,926686,153047696,https://www.inaturalist.org/observations/153047696,needs_id,2023-02-22,"Chang Khoeng, Mae Chaem, Chiang Mai 50270, Thailand",False,18.553396234,98.4798569099,luluchouette,,cc-by,3
Rhaphidophora peepla,926686,146470310,https://www.inaturalist.org/observations/146470310,needs_id,2022-11-21,Vilangad,False,11.7721233569,75.7545917854,mukesh_np,,cc-by-nc,9
Rhaphidophora peepla,926686,145553934,https://www.inaturalist.org/observations/145553934,research,2022-12-16,"Chiang Dao, Chiang Dao District, Chiang Mai 50170, Thailand",False,19.3946888662,98.8738433048,plants_and_pottery,,cc-by-nc,1
Rhaphidophora peepla,926686,142147309,https://www.inaturalist.org/observations/142147309,needs_id,2022-11-16,"สามหมื่น, อ.แม่ระมาด, จ.ตาก, TH",False,17.1325695,98.8475883333,naretkunthawong,,cc-by-nc,2
Rhaphidophora peepla,926686,130250397,https://www.inaturalist.org/observations/130250397,needs_id,2019-08-03,中国云南省保山市隆阳区,False,25.218616,98.783762,huangmp,huangmingpan,cc-by-nc,1
Rhaphidophora peepla,926686,104396916,https://www.inaturalist.org/observations/104396916,research,2021-12-31,云南省西双版纳傣族自治州勐腊县勐仑镇中国科学院西双版纳热带植物园-行政办公楼,False,21.921846,101.275803,colocasia,,cc-by-nc,1
Rhaphidophora peepla,926686,40635956,https://www.inaturalist.org/observations/40635956,research,2019-10-31,"Synrang Kaban, Meghalaya 793121, India",False,25.4450930556,91.7487263889,rujutavinod,Rujuta Vinod,cc-by-nc,1
Rhaphidophora pertusa,602933,404335597,https://www.inaturalist.org/observations/404335597,research,2026-09-26,"Sinharaja Forest Reserve, Sabaragamuwa, LK",False,6.41638,80.423805,lostincr,LostInCR,,2
Rhaphidophora pertusa,602933,401474745,https://www.inaturalist.org/observations/401474745,research,2026-09-16,"Sethumadai, Tamil Nadu 642133, India",False,10.4219169444,76.8693695,kchisa37,Sujay G,cc-by-nc,1
Rhaphidophora pertusa,602933,396684147,https://www.inaturalist.org/observations/396684147,research,2026-05-24,"4GJC+58R, New Naduvil, Kerala 670582, India",False,12.1304130556,75.5207595556,robins999,ദേശാടനപ്പക്ഷി Migratory bird,,1
Rhaphidophora pertusa,602933,394639165,https://www.inaturalist.org/observations/394639165,research,2026-08-19,"Honey Valley, Yevakapadi, Karnataka 571212, India",False,12.2200766,75.6557151,naturalist_aditya,Aditya Bari,cc-by-nc,1
Rhaphidophora pertusa,602933,375340992,https://www.inaturalist.org/observations/375340992,research,2025-12-30,"Elanjipra, Kerala 680721, India",False,10.2902229722,76.8098159722,ash_kadakkod,Ashwin,cc-by,1
Rhaphidophora pertusa,602933,375338534,https://www.inaturalist.org/observations/375338534,research,2025-12-28,"Kerala 673604, India",False,11.3285389722,76.164895,ash_kadakkod,Ashwin,cc-by,1
Rhaphidophora pertusa,602933,371912689,https://www.inaturalist.org/observations/371912689,research,2026-06-15,"Cheenikuzhy, Kerala 685595, India",False,9.9032496,76.8586205997,ambady_sasi,Ambady Sasi,,4
Rhaphidophora pertusa,602933,358938583,https://www.inaturalist.org/observations/358938583,research,2025-09-30,"FXV6+QPF Children's park, Kerala 673586, India",False,11.494502,75.960626,ash_kadakkod,Ashwin,cc-by,2
Rhaphidophora pertusa,602933,355483169,https://www.inaturalist.org/observations/355483169,research,2026-04-27,"2589+QRM, Mankada, Kerala 679324, India",False,11.0175158744,76.1704384536,ht_,Hanna T,cc-by-nc,1
Rhaphidophora pertusa,602933,352587245,https://www.inaturalist.org/observations/352587245,research,2026-04-24,"4GJC+58R, New Naduvil, Kerala 670582, India",False,12.1303272222,75.5208892778,robins999,ദേശാടനപ്പക്ഷി Migratory bird,,1
Rhaphidophora pertusa,602933,342702167,https://www.inaturalist.org/observations/342702167,research,2026-03-13,"8M37+MW8, Ittige Gudu, Mysuru, Karnataka 570010, India",False,12.3025952271,76.6653335094,rishab45747,Rishab Puthran,cc-by-nc,2
Rhaphidophora pertusa,602933,331895814,https://www.inaturalist.org/observations/331895814,research,2025-12-22,"6P8V+G5H, Virajpet, Karnataka 571212, India",False,12.2153083333,75.7449472222,vijay_dixit,Muddam Vijay Dixit Reddy,,4
Rhaphidophora pertusa,602933,331662574,https://www.inaturalist.org/observations/331662574,research,2025-12-22,"Namkhol, Maharashtra, India",False,15.811678,74.057028,nitinkawthankar,Nitin Kawthankar,,1
Rhaphidophora pertusa,602933,328029371,https://www.inaturalist.org/observations/328029371,research,2025-11-23,"4GJC+58R, New Naduvil, Kerala 670582, India",False,12.1304578611,75.5208435,robins999,ദേശാടനപ്പക്ഷി Migratory bird,,1
Rhaphidophora pertusa,602933,327811213,https://www.inaturalist.org/observations/327811213,research,2025-11-17,"Sinharaja reserve, Ratnapura, Sri Lanka",False,6.4317687587,80.414891323,peterzika,Peter Zika,cc-by-nc,1
Rhaphidophora pertusa,602933,326032353,https://www.inaturalist.org/observations/326032353,research,2025-11-11,"1/01/2023, Pulikurumba, New Naduvil, Kerala 670582, India",False,12.1278888889,75.5168611111,muttathilgeorge,George Muttathil,cc-by-nc,1
Rhaphidophora pertusa,602933,323393250,https://www.inaturalist.org/observations/323393250,research,2025-08-08,"RWX9+MC, Kottiyoor, Kerala 670651, India",False,11.848852,75.9180419722,ash_kadakkod,Ashwin,cc-by,1
Rhaphidophora pertusa,602933,310425419,https://www.inaturalist.org/observations/310425419,needs_id,2025-08-31,"C589+66, Kurumpilavu, Kerala 680564, India",False,10.4146757679,76.16789639,theerthaaa,Theertha. K. U,cc-by-nc,1
Rhaphidophora pertusa,602933,305548222,https://www.inaturalist.org/observations/305548222,research,2025-08-08,"Kottiyoor, Kerala, India",False,11.8487869722,75.9179639722,naturalist_aditya,Aditya Bari,cc-by-nc,1
Rhaphidophora pertusa,602933,303694114,https://www.inaturalist.org/observations/303694114,research,2025-07-28,"V79X+RV7, 79 Tilla, Agartala, Tripura 799006, India",False,23.8695443997,91.2996471997,mm789,,cc-by-nc,1
Rhaphidophora pertusa,602933,303608122,https://www.inaturalist.org/observations/303608122,research,2025-08-03,"4GJC+58R, New Naduvil, Kerala 670582, India",False,12.1304120833,75.5207595556,robins999,ദേശാടനപ്പക്ഷി Migratory bird,,1
Rhaphidophora pertusa,602933,296452891,https://www.inaturalist.org/observations/296452891,research,2025-07-09,The Divar Island Project,False,15.5242955537,73.9022002369,thedivarislandproject,Russell Cardozo,cc-by-nc,1
Rhaphidophora pertusa,602933,281429679,https://www.inaturalist.org/observations/281429679,research,2025-05-11,"55RW+269, Karivellur, Kerala 671310, India",False,12.1897621111,75.1947021389,robins999,ദേശാടനപ്പക്ഷി Migratory bird,,1
Rhaphidophora pertusa,602933,276924347,https://www.inaturalist.org/observations/276924347,research,2025-04-25,"6WWC+XWG, Thannithodu, Kerala 689699, India",False,9.2495777778,76.9230694444,adarshajay,Adarsh Ajay,cc-by-nc,1
Rhaphidophora pertusa,602933,273817222,https://www.inaturalist.org/observations/273817222,research,2025-04-25,"Pathanamthitta, Kerala, India",False,9.2428366667,76.9216883333,alenalex,Alen Alex Pathisseril,cc-by-nc,1
Rhaphidophora pertusa,602933,273196177,https://www.inaturalist.org/observations/273196177,research,2025-04-25,"Jawahar Nagar, Karbala, Kollam, Kerala, India",False,8.8851691484,76.6037410247,navaneethsinigeorge,Navaneeth Sini George,cc-by,1
Rhaphidophora pertusa,602933,273196048,https://www.inaturalist.org/observations/273196048,research,2025-04-25,"Jawahar Nagar, Karbala, Kollam, Kerala, India",False,8.8851691484,76.6037410247,navaneethsinigeorge,Navaneeth Sini George,cc-by,1
Rhaphidophora pertusa,602933,272998572,https://www.inaturalist.org/observations/272998572,research,2025-04-25,"VJM3+R76, Jawahar Nagar, Karbala, Kollam, Kerala 691001, India",False,8.8849222222,76.6033083333,abhimanyu_a,Abhimanyu.A,cc-by,3
Rhaphidophora pertusa,602933,272858349,https://www.inaturalist.org/observations/272858349,research,2025-04-25,"Kerala, India",False,12.059065543,75.2014419605,manojkmohan,Manoj Karingamadathil,cc-by,1
Rhaphidophora pertusa,602933,270862452,https://www.inaturalist.org/observations/270862452,research,2025-02-15,"Jawahar Nagar, Karbala, Kollam, Kerala, India",False,8.8852380491,76.6033494221,navaneethsinigeorge,Navaneeth Sini George,cc-by,2
Rhaphidophora pertusa,602933,262526687,https://www.inaturalist.org/observations/262526687,research,2025-02-21,"East Godavari, IN-AP, IN",False,17.5938983333,81.68251,vivek32,Vivek.N.Rathod,cc-by-nc-nd,3
Rhaphidophora pertusa,602933,259601553,https://www.inaturalist.org/observations/259601553,research,2025-01-26,"8/19, Mount Layout, Maruthi Extension, Vinayaka Layout, Malleshwaram, Bengaluru, Karnataka 560055, India",False,13.0037345,77.5649868,vidhyasri,,cc-by-nc,1
Rhaphidophora pertusa,602933,258552383,https://www.inaturalist.org/observations/258552383,research,2025-01-11,"C9H6+5JX, Ranipuram, Kerala 671532, India",False,12.4279963198,75.3616223484,abhiapc,abhi jith,,1
Rhaphidophora pertusa,602933,258491003,https://www.inaturalist.org/observations/258491003,research,2025-01-11,"C987+FCW, Ranipuram, Kerala 671532, India",False,12.4161742362,75.3640933335,anoopnair747,Anoop Nair,cc-by-nc,5
Rhaphidophora pertusa,602933,258012728,https://www.inaturalist.org/observations/258012728,research,2025-01-10,"29QH+9HR sir syed college botanical garden, Kerala 670142, India",False,12.03853959,75.37864666,najiya2,Najiya Abdulla,,1
Rhaphidophora pertusa,602933,254818143,https://www.inaturalist.org/observations/254818143,research,2024-06-12,"India, Kerala, Idukki District, between Mankulam and Munipara villages, a shady brook under  the waterfall",False,10.1114797546,76.9344961821,oleg_kosterin,Oleg Kosterin,cc0,1
Rhaphidophora pertusa,602933,247431807,https://www.inaturalist.org/observations/247431807,research,2024-10-03,"4GFF+CHQ, Pulikurumba, New Naduvil, Kerala 670582, India",False,12.1230831111,75.5238265833,robins999,ദേശാടനപ്പക്ഷി Migratory bird,,1
Rhaphidophora pertusa,602933,245429293,https://www.inaturalist.org/observations/245429293,needs_id,2024-09-29,"Nedumpoil, Kerala 670650, India",False,11.850825,75.7892888889,vimalkumar_tg,Vimalkumar Tg,cc-by-nc,1
Rhaphidophora pertusa,602933,244073114,https://www.inaturalist.org/observations/244073114,research,2024-09-25,"4GJC+58R, New Naduvil, Kerala 670582, India",False,12.1303224444,75.52085875,robins999,ദേശാടനപ്പക്ഷി Migratory bird,,1
Rhaphidophora pertusa,602933,239596438,https://www.inaturalist.org/observations/239596438,research,2024-09-01,"Thrikkaipatta part, Kerala, India",False,11.6089153056,76.1258468611,fayasahammed,Fayas Ahammed,,1
Rhaphidophora pertusa,602933,226408894,https://www.inaturalist.org/observations/226408894,research,2024-06-04,"6GMG+23C, Naladi, Karnataka 571212, India",False,12.2326717222,75.5251006944,nativeplants999,casa33597,,1
Rhaphidophora pertusa,602933,221233469,https://www.inaturalist.org/observations/221233469,research,2024-06-04,"6GMG+23C, Naladi, Karnataka 571212, India",False,12.2326717222,75.5251006944,nativeplants999,casa33597,,1
Rhaphidophora pertusa,602933,202956681,https://www.inaturalist.org/observations/202956681,research,2024-03-16,"Andhra Pradesh 533295, India",False,17.6710194,81.6028833,vivek32,Vivek.N.Rathod,cc-by-nc-nd,3
Rhaphidophora pertusa,602933,197793501,https://www.inaturalist.org/observations/197793501,research,2024-01-28,"J9M6+83Q, Kayippuram, Kanjikkuzhi, Kerala 688525, India",False,9.632841,76.3601402997,gannu03,Gannu03,cc-by-sa,1
Rhaphidophora pertusa,602933,196974281,https://www.inaturalist.org/observations/196974281,needs_id,2024-01-18,"32/2C, Kovilmedu, Yercaud, Tamil Nadu 636601, India",False,11.7730154688,78.2068298757,yercaud_elango,YERCAUD ELANGO Yercaud Elango,,1
Rhaphidophora pertusa,602933,196207429,https://www.inaturalist.org/observations/196207429,research,2024-01-04,"Kottayam, IN-KL, IN",False,9.6311722222,76.8741138889,renju,renjus box,cc-by,1
Rhaphidophora pertusa,602933,196207401,https://www.inaturalist.org/observations/196207401,research,2024-01-04,"Kottayam, IN-KL, IN",False,9.6314138889,76.8740111111,renju,renjus box,cc-by,1
Rhaphidophora pertusa,602933,196207385,https://www.inaturalist.org/observations/196207385,research,2024-01-04,"Kottayam, IN-KL, IN",False,9.6314138889,76.8740111111,renju,renjus box,cc-by,1
Rhaphidophora pertusa,602933,196207363,https://www.inaturalist.org/observations/196207363,research,2024-01-04,"Kottayam, IN-KL, IN",False,9.6314138889,76.8740111111,renju,renjus box,cc-by,1
Rhaphidophora pertusa,602933,196207323,https://www.inaturalist.org/observations/196207323,research,2024-01-04,"Kottayam, IN-KL, IN",False,9.6317194444,76.8739388889,renju,renjus box,cc-by,1
Rhaphidophora pertusa,602933,196207231,https://www.inaturalist.org/observations/196207231,research,2024-01-04,"Kottayam, IN-KL, IN",False,9.6317194444,76.8739388889,renju,renjus box,cc-by,1
Rhaphidophora pertusa,602933,196207202,https://www.inaturalist.org/observations/196207202,research,2024-01-04,"Kottayam, IN-KL, IN",False,9.6317194444,76.8739388889,renju,renjus box,cc-by,1
Rhaphidophora pertusa,602933,191486301,https://www.inaturalist.org/observations/191486301,research,2023-11-17,"32/2C, Kovilmedu, Yercaud, Tamil Nadu 636601, India",False,11.773064374,78.2066971064,yercaud_elango,YERCAUD ELANGO Yercaud Elango,,1
Rhaphidophora pertusa,602933,176084849,https://www.inaturalist.org/observations/176084849,research,2023-07-30,"Kerala, IN",True,12.141940265,75.5635258248,deepachandran,,cc-by-sa,1
Rhaphidophora pertusa,602933,175944899,https://www.inaturalist.org/observations/175944899,research,2023-07-30,"Vellad, Kerala, India",False,12.1795888889,75.5378361111,sindhuharidas,Sindhu Haridas,cc-by,1
Rhaphidophora pertusa,602933,162028565,https://www.inaturalist.org/observations/162028565,research,2023-05-10,Yendayar Mundappally Road,False,9.6198304836,76.8851566315,renju,renjus box,cc-by,1
Rhaphidophora pertusa,602933,162028323,https://www.inaturalist.org/observations/162028323,research,2023-05-10,Yendayar Mundappally Road,False,9.6198304836,76.8851566315,renju,renjus box,cc-by,1
Rhaphidophora pertusa,602933,161554741,https://www.inaturalist.org/observations/161554741,research,2023-05-10,"Yendayar, Pothan Mala, Yendayar, Kerala, India",False,9.6262861111,76.8794805556,renju,renjus box,cc-by,1
Rhaphidophora pertusa,602933,151732607,https://www.inaturalist.org/observations/151732607,research,2023-03-20,"Karachal, Kerala 673593, India",False,11.6282759997,76.201728,danielcahen,Daniel Cahen,cc-by,1
Rhaphidophora pertusa,602933,144400286,https://www.inaturalist.org/observations/144400286,research,2022-12-14,"Kannur, IN-KL, IN",False,12.0992,75.5489583333,muttathilgeorge,George Muttathil,cc-by-nc,1
Rhaphidophora pertusa,602933,132919729,https://www.inaturalist.org/observations/132919729,research,2022-08-28,"642127, India",False,10.3598841997,76.9286155,pjeganathan,P Jeganathan,cc-by,2
Rhaphidophora pertusa,602933,116648845,https://www.inaturalist.org/observations/116648845,needs_id,2022-03-01,"685509, India",False,9.6039513889,77.1813483333,vinay_sagar,Vinay Sagar,,1
Rhaphidophora pertusa,602933,95872859,https://www.inaturalist.org/observations/95872859,research,2021-04-07,"Club Mahindra Resorts k.Nidugane, Karavale Badaga, Madikeri, Karnataka 571201, India",False,12.4405944444,75.7172833333,manidipmandal,Manidip Mandal,cc-by,1
Rhaphidophora pertusa,602933,95008382,https://www.inaturalist.org/observations/95008382,research,2021-09-16,"WJM4+VHQ, Bhavani Nagar, S.G. Palya, Bengaluru, Karnataka 560029, India",False,12.93442438,77.60655213,eva_suman_lakra,EVA SUMAN LAKRA 2047608,,1
Rhaphidophora pertusa,602933,75007082,https://www.inaturalist.org/observations/75007082,research,2021-04-07,"Rosemala, Kerala 691309, India",False,8.9184487,77.1743983,chiefredearth,Chief RedEarth,cc-by-nc-nd,3
Rhaphidophora pertusa,602933,66765587,https://www.inaturalist.org/observations/66765587,research,2020-12-19,"Parladka, Puttur, Karnataka 574201, India",False,12.747977,75.2037604,gowthami_chaithu,gowthami chaithu,,1
Rhaphidophora pertusa,602933,31392067,https://www.inaturalist.org/observations/31392067,research,2019-08-18,"East Godavari, Andhra Pradesh, India",False,17.6056076389,81.6895437222,pjeganathan,P Jeganathan,cc-by,1
Rhaphidophora petrieana,775551,391106713,https://www.inaturalist.org/observations/391106713,research,2026-08-14,"Bartle Frere QLD 4861, Australia",False,-17.4401916667,145.8640166667,cesdamess,,cc-by-nc,1
Rhaphidophora petrieana,775551,330666220,https://www.inaturalist.org/observations/330666220,needs_id,2025-12-14,"Wooroonooran QLD 4860, Australia",False,-17.4329546997,145.8593267997,midlifecrustaceans,marco chu,,1
Rhaphidophora petrieana,775551,327361638,https://www.inaturalist.org/observations/327361638,research,2025-11-16,"Mareeba, AU-QL, AU",False,-16.5481318733,145.3893333477,averycunningham,Avery Cunningham,cc-by-nc,1
Rhaphidophora petrieana,775551,320042051,https://www.inaturalist.org/observations/320042051,research,2024-08-22,"Wooroonooran QLD 4860, Australia",False,-17.604815446,145.8076665636,gwarn2526,Geoff Warn,cc-by-nc,1
Rhaphidophora petrieana,775551,299107256,https://www.inaturalist.org/observations/299107256,research,2025-07-19,"9QRV+Q4 North Johnstone River Lookout, Wooroonooran QLD 4860, Australia",False,-17.6088704,145.7944412997,lizsnow,Liz Snow,cc-by-nc,3
Rhaphidophora petrieana,775551,299101779,https://www.inaturalist.org/observations/299101779,research,2025-07-19,"Wooroonooran QLD 4860, Australia",False,-17.5733073462,145.7539143786,stevecsurhes,Stephen Csurhes,cc-by-nc,3
Rhaphidophora petrieana,775551,291659036,https://www.inaturalist.org/observations/291659036,needs_id,2025-06-21,"Lamb Range QLD 4870, Australia",False,-16.97528,145.70309,junglenut,Steve Fitzgerald,cc-by-sa,2
Rhaphidophora petrieana,775551,272911000,https://www.inaturalist.org/observations/272911000,research,2024-06-23,"Babinda QLD 4861, Australia",False,-17.3443399,145.872658,darren_fielder,Darren Fielder,cc-by-nc,3
Rhaphidophora petrieana,775551,268552533,https://www.inaturalist.org/observations/268552533,needs_id,2025-02-05,"Daintree, AU-QL-DG, AU-QL, AU",False,-16.1388833387,145.4397400388,jpike,J Pike,,1
Rhaphidophora petrieana,775551,255058467,https://www.inaturalist.org/observations/255058467,needs_id,2024-12-14,"Babinda QLD 4861, Australia",False,-17.340715,145.8685816667,lucaschristo,Lucas Christofides,cc-by,3
Rhaphidophora petrieana,775551,254958692,https://www.inaturalist.org/observations/254958692,needs_id,2024-12-02,"Daintree National Park, Cape Tribulation, QLD, AU",False,-16.1386,145.44002,nephthytis,Michael,cc-by-nc,1
Rhaphidophora petrieana,775551,229892883,https://www.inaturalist.org/observations/229892883,research,2024-07-17,"Douglas, AU-QL, AU",True,-16.4841614328,145.3555055518,hongdaz,Hongda,,2
Rhaphidophora petrieana,775551,229814090,https://www.inaturalist.org/observations/229814090,research,2024-07-17,"Red Peak Station, National Park, Barron Gorge, Smithfield QLD 4878, Australia",False,-16.8494959437,145.6692611259,blindsighted,,cc-by-nc,2
Rhaphidophora petrieana,775551,205142022,https://www.inaturalist.org/observations/205142022,research,2024-04-02,"Palmerston QLD 4860, Australia",False,-17.61226,145.79412,junglenut,Steve Fitzgerald,cc-by-sa,4
Rhaphidophora petrieana,775551,198550166,https://www.inaturalist.org/observations/198550166,research,2024-02-06,"Babinda QLD 4861, Australia",False,-17.34149,145.86962,junglenut,Steve Fitzgerald,cc-by-sa,3
Rhaphidophora petrieana,775551,173893792,https://www.inaturalist.org/observations/173893792,research,2023-07-14,"Daintree National Park, Syndicate, QLD, AU",False,-16.4705833333,145.33017,ash2016,Ashwin Srinivasan,cc-by,1
Rhaphidophora petrieana,775551,164737681,https://www.inaturalist.org/observations/164737681,needs_id,2023-05-26,"Henrietta Creek, Wooroonooran NP, Queensland",False,-17.600376,145.760666,thebeachcomber,Thomas Mesaglio,cc-by,4
Rhaphidophora petrieana,775551,139387462,https://www.inaturalist.org/observations/139387462,research,2022-10-05,"Wooroonooran QLD 4860, Australia",False,-17.3618883333,145.7528716667,gregtasney,Greg Tasney,cc-by-sa,2
Rhaphidophora petrieana,775551,138218803,https://www.inaturalist.org/observations/138218803,needs_id,2022-10-10,"Crystal Cascades QLD 4870, Australia",False,-16.96601,145.6736,junglenut,Steve Fitzgerald,cc-by-sa,5
Rhaphidophora petrieana,775551,97313875,https://www.inaturalist.org/observations/97313875,needs_id,2021-08-08,"Wooroonooran QLD 4860, Australia",False,-17.6042838005,145.7775399461,twan3253,Tim,cc-by,5
Rhaphidophora petrieana,775551,40701962,https://www.inaturalist.org/observations/40701962,research,2020-02-11,"Cow Bay, QLD, AU",False,-16.24001167,145.43353333,lucymoeller,,cc-by-nc,3
Rhaphidophora petrieana,775551,19778033,https://www.inaturalist.org/observations/19778033,needs_id,2009-05-18,"Cassowary Coast, QLD, Australia",False,-17.6126256259,145.7980731697,coenobita,,cc-by,1
Rhaphidophora petrieana,775551,16128055,https://www.inaturalist.org/observations/16128055,research,2018-09-02,"Goldsborough QLD 4865, Australia",False,-17.2374627231,145.7770181341,coenobita,,cc-by,1
Rhaphidophora philippinensis,1660296,375124364,https://www.inaturalist.org/observations/375124364,needs_id,2026-06-09,"Cagsiay II, Mauban, Quezon, Philippines",False,14.2800277778,121.6344555556,lecanorchis,,cc-by-nc-nd,3
Rhaphidophora philippinensis,1660296,332587010,https://www.inaturalist.org/observations/332587010,research,2025-05-25,"Cuyambay, Tanay, Rizal, 菲律賓",False,14.6023333333,121.3196361111,galanhsnu,galanhsnu,cc-by-nc,2
Rhaphidophora puberula,1683362,357439793,https://www.inaturalist.org/observations/357439793,research,2026-05-02,"Tambunan, MY-SA, MY",False,5.7975027778,116.4073583333,mdoliveira,,cc-by-nc,5
Rhaphidophora spathacea,1144562,383607059,https://www.inaturalist.org/observations/383607059,research,2026-07-07,"Koror, Palau",False,7.3382666389,134.4622360556,huxx0058,胡正恆,cc-by-nc-nd,1
Rhaphidophora spathacea,1144562,373479771,https://www.inaturalist.org/observations/373479771,research,2026-06-17,"Palau, PW",False,7.451888,134.570599,jarthurjohnson,,cc-by-nc,4
Rhaphidophora spathacea,1144562,369973028,https://www.inaturalist.org/observations/369973028,research,2026-06-06,帛琉科羅爾州,False,7.162619,134.3744728,maoneow,,cc-by-nc,1
Rhaphidophora spathacea,1144562,369972506,https://www.inaturalist.org/observations/369972506,research,2026-06-06,帛琉科羅爾州,False,7.1632097997,134.3745792997,maoneow,,cc-by-nc,1
Rhaphidophora spathacea,1144562,286510130,https://www.inaturalist.org/observations/286510130,research,2025-06-03,"Koror, PW",False,7.2656116667,134.4450733333,charleyhesse,Charley Hesse,cc-by-nc,1
Rhaphidophora spathacea,1144562,268914792,https://www.inaturalist.org/observations/268914792,needs_id,2025-04-06,"Ngermalk Trail, Palau, PW",False,7.338475,134.462295,s_pernpeintner,Simon Pernpeintner,cc-by-nc,2
Rhaphidophora spathacea,1144562,268914737,https://www.inaturalist.org/observations/268914737,research,2025-04-06,"Ngermalk Trail, Palau, PW",False,7.337705,134.4615466667,s_pernpeintner,Simon Pernpeintner,cc-by-nc,1
Rhaphidophora spathacea,1144562,266167853,https://www.inaturalist.org/observations/266167853,research,2025-03-11,"Koror, Palau",False,7.3381284,134.4620828,mike_hooper,Mike Hooper,cc-by-nc,1
Rhaphidophora spathacea,1144562,150717207,https://www.inaturalist.org/observations/150717207,research,2023-03-10,"Palau, PW",False,7.3386366667,134.460205,siphonophoreslinger,SiphonophoreSlinger,cc-by,1
Rhaphidophora spathacea,1144562,42223839,https://www.inaturalist.org/observations/42223839,research,2011-07-06,帛琉科羅爾州,False,7.1626063874,134.3782627,ray76,Ray Wang,,1
Rhaphidophora spathacea,1144562,42223825,https://www.inaturalist.org/observations/42223825,needs_id,2011-07-06,帛琉科羅爾州,False,7.1626063874,134.3782627,ray76,Ray Wang,,1
Rhaphidophora spuria,1062539,333268794,https://www.inaturalist.org/observations/333268794,research,2025-12-22,"Cakaudrove, FJ-NO, FJ",True,-16.8028022343,-179.895940462,bridelia,Bridelia,,2
Rhaphidophora spuria,1062539,332238854,https://www.inaturalist.org/observations/332238854,research,2025-12-27,"Baravi, Fiji",False,-18.1873161,177.7341911997,squidney8,Connor Sydney (Squid),cc0,1
Rhaphidophora spuria,1062539,271069976,https://www.inaturalist.org/observations/271069976,research,2025-04-04,"Tuamasaga, Samoa",False,-13.8867586,-171.8004181997,shelomi,Shelomi Doyle,cc-by,1
Rhaphidophora spuria,1062539,147973795,https://www.inaturalist.org/observations/147973795,research,2023-01-30,"Colo-I-Suva, FJ-CE-RW, FJ-CE, FJ",False,-18.0591047222,178.4731008333,xpda,Robert Webster,cc0,5
Rhaphidophora spuria,1062539,124989708,https://www.inaturalist.org/observations/124989708,research,2022-06-22,"Vanua Levu, Fiji, FJ",False,-16.61874199,179.7499342652,mothmr,Makena,cc-by-nc,2
Rhaphidophora spuria,1062539,40963154,https://www.inaturalist.org/observations/40963154,research,2019-08-08,斐济奈塔西里省,False,-18.0608482358,178.4715423583,qin_huang,HUANG QIN,cc-by,1
Rhaphidophora sylvestris,426553,374234998,https://www.inaturalist.org/observations/374234998,research,2024-06-05,"Jawa Barat, ID",True,-6.6285879806,106.8899421913,haniristiawan,Hani Ristiawan,cc-by-nc,3
Rhaphidophora sylvestris,426553,371132053,https://www.inaturalist.org/observations/371132053,needs_id,2026-06-11,"Wanagiri, Selemadeg, Tabanan Regency, Bali, Indonesia",False,-8.3717611111,115.082175,ericvanbergen,Eric Vanbergen,cc-by-nc,2
Rhaphidophora sylvestris,426553,336294637,https://www.inaturalist.org/observations/336294637,needs_id,2025-12-22,"Singapore, SG, SG",False,1.35347,103.7767716667,mercury9nine,,cc-by-nc,4
Rhaphidophora sylvestris,426553,333554460,https://www.inaturalist.org/observations/333554460,needs_id,2025-12-23,"Gunung Halimun Salak National Park, Bogor, Jawa Barat, Indonesia",False,-6.7204008,106.66104276,naufalurfi,Naufal Urfi Dhiya'ulhaq,cc-by-nc,1
Rhaphidophora sylvestris,426553,322587549,https://www.inaturalist.org/observations/322587549,needs_id,2025-09-13,"Bukit Panjang, Singapore",False,1.3520079278,103.7789774314,gavin_n,Gavin,cc0,3
Rhaphidophora sylvestris,426553,294251520,https://www.inaturalist.org/observations/294251520,needs_id,2025-06-27,"Nanggung, Bogor Regency, West Java, Indonesia",False,-6.7405688291,106.5298560479,ganjarcahyadi,Ganjar Cahyadi,cc-by-nc,2
Rhaphidophora sylvestris,426553,286466598,https://www.inaturalist.org/observations/286466598,needs_id,2025-05-17,"Bukit Panjang, Singapore",False,1.3534911112,103.7769211829,gavin_n,Gavin,cc0,2
Rhaphidophora sylvestris,426553,196833769,https://www.inaturalist.org/observations/196833769,needs_id,2023-10-06,"Kabupaten Wonosobo, Jawa Tengah, Indonesia",False,-7.3572969369,109.9826175406,haniristiawan,Hani Ristiawan,cc-by-nc,1
Rhaphidophora sylvestris,426553,186365557,https://www.inaturalist.org/observations/186365557,needs_id,2023-10-06,"Bukit Raja, Selangor, Malaysia",False,3.1725444444,101.497225,akmal_idham,Akmal Idham,cc-by-nc,4
Rhaphidophora sylvestris,426553,108634048,https://www.inaturalist.org/observations/108634048,research,2022-03-12,"Purworejo Regency, Central Java, Indonesia",False,-7.7304951499,110.11178938,naufalurfi,Naufal Urfi Dhiya'ulhaq,cc-by-nc,4
Rhaphidophora sylvestris,426553,93241451,https://www.inaturalist.org/observations/93241451,research,2021-09-01,"Purworejo Regency, Central Java, Indonesia",False,-7.7302131389,110.1119766111,naufalurfi,Naufal Urfi Dhiya'ulhaq,cc-by-nc,1
Rhaphidophora tenuis,876603,374342028,https://www.inaturalist.org/observations/374342028,research,2026-06-19,"Kuching, Sarawak, Malaysia",False,1.7223801259,110.4466786492,campbellnotjames,,cc-by-nc,4
Rhaphidophora tenuis,876603,372512613,https://www.inaturalist.org/observations/372512613,research,2026-06-14,"Petra Jaya, Kuching, Sarawak, Malaysia",False,1.6005565025,110.1896490962,campbellnotjames,,cc-by-nc,4
Rhaphidophora tenuis,876603,338441482,https://www.inaturalist.org/observations/338441482,research,2025-12-05,"Siburan, Sarawak, Malaysia",False,1.1354284385,110.2080815574,lars_fehlandt,Lars Fehlandt,,1
Rhaphidophora tenuis,876603,331852562,https://www.inaturalist.org/observations/331852562,research,2025-12-22,"Brunei-Muara District, Brunei",False,4.910615,114.8632266944,cwfoo,Foo Chuan Wei,cc-by-nc,2
Rhaphidophora tenuis,876603,265737573,https://www.inaturalist.org/observations/265737573,research,2025-01-15,馬來西亞砂拉越古晉,False,1.7263918952,110.4547353888,yueranic,羅元甫,cc-by-nc,7
Rhaphidophora tenuis,876603,263092829,https://www.inaturalist.org/observations/263092829,research,2025-01-21,"Bahagian Miri, Sarawak, Malaysia",False,4.2115975,114.0261741667,mlutzmann,,cc-by-nc,1
Rhaphidophora tenuis,876603,258641610,https://www.inaturalist.org/observations/258641610,research,2025-01-16,馬來西亞砂拉越古晉PC8V+HJ,False,1.7198962709,110.4500714689,ihenglan,,cc-by-nc,1
Rhaphidophora tenuis,876603,238065237,https://www.inaturalist.org/observations/238065237,research,2019-07-25,"Borneo, Kuching, Sarawak, MY",False,1.5880466667,110.2115333333,zakj,Zaki Jamil,,3
Rhaphidophora tenuis,876603,191075291,https://www.inaturalist.org/observations/191075291,research,2023-11-15,"Amo, BN-TE, BN",False,4.63790231,115.12012658,vojtablaze,Vojtěch Tobias Blažek,cc-by-nc,7
Rhaphidophora tenuis,876603,93339519,https://www.inaturalist.org/observations/93339519,research,2021-08-28,"Siburan, Sarawak, Malaysia",False,1.1302566667,110.2264583333,cclborneo,Chien Lee,cc-by-nc,1
Rhaphidophora tenuis,876603,41679902,https://www.inaturalist.org/observations/41679902,research,2020-03-08,"Kuching, Sarawak, MY",False,1.59009667,110.194825,nolliecilliers,,cc-by-nc,1
Rhaphidophora tenuis,876603,41677539,https://www.inaturalist.org/observations/41677539,research,2020-03-08,"Kuching, Sarawak, MY",False,1.586775,110.1932,nolliecilliers,,cc-by-nc,2
Rhaphidophora tenuis,876603,41536195,https://www.inaturalist.org/observations/41536195,research,2020-03-08,"Kuching, Sarawak, MY",False,1.58783833,110.19452833,tinusoberholzer,Tinus Oberholzer,cc-by-nc,1
Rhaphidophora tenuis,876603,41512107,https://www.inaturalist.org/observations/41512107,research,2020-03-08,"Kuching, Sarawak, MY",False,1.58677167,110.19322167,tinusoberholzer,Tinus Oberholzer,cc-by-nc,1
Rhaphidophora tenuis,876603,35522081,https://www.inaturalist.org/observations/35522081,research,2019-10-10,馬來西亞砂拉越美里省,False,3.4241207468,115.1475267116,kinmatsu,Kinmatsu Lin,cc-by-nc,1
Rhaphidophora tenuis,876603,21552415,https://www.inaturalist.org/observations/21552415,research,2019-02-28,"Bahagian Miri, Sarawak, 馬來西亞",False,3.4324198856,115.141426024,kinmatsu,Kinmatsu Lin,cc-by-nc,1
Rhaphidophora tetrasperma,912388,403112511,https://www.inaturalist.org/observations/403112511,needs_id,2026-09-24,"Alcalde Eduardo Castillo Velasco, Ñuñoa, Región Metropolitana de Santiago, CL",False,-33.4590499304,-70.5948982613,veronica72871,Verónica Cárdenas,cc-by-nc,1
Rhaphidophora tetrasperma,912388,400728256,https://www.inaturalist.org/observations/400728256,research,2026-08-19,"Rothschwaiger Straße, Fürstenfeldbruck, Bavaria, DE",False,48.1723501391,11.2339105996,alex79643,Alex Somesan,cc-by-nc,1
Rhaphidophora tetrasperma,912388,386819109,https://www.inaturalist.org/observations/386819109,research,2026-07-28,"Kinta, MY-PK, MY",False,4.4376738627,101.2424556166,yu_kai3,Yu Kai Tan,,1
Rhaphidophora tetrasperma,912388,374196642,https://www.inaturalist.org/observations/374196642,research,2026-06-04,"Bogor, Paledang, Bogor Tengah, Bogor City, West Java, Indonesia",False,-6.597628929,106.799569577,uliuliyah,Uli Uliyah,cc-by-nc,1
Rhaphidophora tetrasperma,912388,349736379,https://www.inaturalist.org/observations/349736379,research,2025-12-31,"Perak, MY",True,4.552868331,101.3643360519,ltong__,Tony Ling,,2
Rhaphidophora tetrasperma,912388,332817604,https://www.inaturalist.org/observations/332817604,research,2025-12-31,"Singapore, SG, SG",False,1.3462033333,103.77742,mercury9nine,,cc-by-nc,1
Rhaphidophora tetrasperma,912388,294852488,https://www.inaturalist.org/observations/294852488,research,2025-07-03,"31400, Perak, Malaysia",False,4.5919044,101.1435108,larsmannzen,Lars Mannzen,,2
Rhaphidophora tetrasperma,912388,293116817,https://www.inaturalist.org/observations/293116817,research,2025-06-19,"Jawa, Bogor, Jawa Barat, ID",False,-6.5872342412,106.8062792782,ulfiatun,Ulfiatun Khasanah,cc-by-nc,3
Rhaphidophora tetrasperma,912388,292607242,https://www.inaturalist.org/observations/292607242,research,2025-06-18,"Istana Bogor, Palédang, Bogor Tengah, Bogor, Kecamatan Bogor Tengah, Kota Bogor, Jawa Kulon, Indonesia",False,-6.597628929,106.799569577,nisarimzatul,Nisa Rimzatul Zahra,cc-by-nc,1
Rhaphidophora tetrasperma,912388,292205489,https://www.inaturalist.org/observations/292205489,research,2025-06-17,"El Yunque National Forest, Canóvanas, PR, US",False,18.322925,-65.872995,jazzkiddin,Madeleine Davis,,1
Rhaphidophora tetrasperma,912388,275567038,https://www.inaturalist.org/observations/275567038,needs_id,2025-04-28,"Mati, Davao Oriental, Philippines",False,6.94405076,126.2285671997,caomatijoyellarose,Joy ella rose Mejos,cc-by-nc,1
Rhaphidophora tetrasperma,912388,218847556,https://www.inaturalist.org/observations/218847556,research,2024-05-27,"Hawaiʻi, Honaunau, HI, US",False,19.4733383333,-155.9156033333,anamoo,,cc-by-nc,2
Rhaphidophora tetrasperma,912388,210185494,https://www.inaturalist.org/observations/210185494,research,2024-04-27,"Meer En See, Richards Bay, 3901, South Africa",False,-28.7823426677,32.0946173742,marietjie7,Marietjie Dekker,,1
Rhaphidophora tetrasperma,912388,135354259,https://www.inaturalist.org/observations/135354259,research,2022-09-17,"Tirupathur, Yelagiri, TN, IN",False,12.5805525715,78.6644014065,ivijayanand,Vijay Anand Ismavel,cc-by-nc,1
Rhaphidophora todayensis,1575254,75019897,https://www.inaturalist.org/observations/75019897,research,2021-04-24,"Mount Apo, PH-DS-DV, PH-DS, PH",False,6.9682483092,125.3741878644,greg3ph,Greg III Espera,cc-by,1
Rhaphidophora tonkinensis,926685,258569818,https://www.inaturalist.org/observations/258569818,needs_id,2025-01-15,"X. Mường Mùn, H. Tuần Giáo, Điện Biên, VN",False,21.7107966667,103.3579716667,van_the_pham,Văn Thế Phạm,cc-by-nc,2
Rhaphidophora versteegii,1592284,372209865,https://www.inaturalist.org/observations/372209865,research,2026-06-06,"Mimika Regency, Central Papua, Indonesia",False,-4.4613777778,136.7925111111,fm_ibrahim,,cc-by-nc,2
Rhaphidophora versteegii,1592284,363973484,https://www.inaturalist.org/observations/363973484,needs_id,2026-05-15,"Yapsi, Kabupaten Jayapura, Papua, Indonesia",False,-2.811221,140.1009527,referiqbal,Refer Iqbal,cc-by-nc,1
Rhaphidophora versteegii,1592284,323638229,https://www.inaturalist.org/observations/323638229,research,2025-10-17,"Klalik, Distrik Klaso, Kabupaten Sorong, Papua Barat Daya, Indonesia",False,-0.8187875,131.8078699,abduelhakim,Hakim,cc-by-nc,1
Rhaphidophora versteegii,1592284,199639080,https://www.inaturalist.org/observations/199639080,research,2024-02-18,"HVX6+VJ6, Kuala Kencana, Mimika Regency, Papua 99910, Indonesia",False,-4.4002176997,136.8625188,imamthidayat,Imam Taufik Hidayat,cc-by-nc,1
Rhaphidophora waria,1671378,340575992,https://www.inaturalist.org/observations/340575992,research,2026-02-23,"Kabupaten Manokwari, Papua Bar., Indonesia",False,-0.8542071,133.2011965,haniristiawan,Hani Ristiawan,cc-by-nc,1
Rhaphidophora waria,1671378,339175852,https://www.inaturalist.org/observations/339175852,needs_id,2026-02-17,"Atori, Mubarni / Arfu, Manokwari Regency, West Papua, Indonesia",False,-0.8342194444,133.2795333333,abduelhakim,Hakim,cc-by-nc,2
