species,observation_id,observation_url,photo_id,photo_url_original,licence,attribution,observer_login,observer_name,observed_on,place_guess,quality_grade,obscured,latitude,longitude,width,height,downloaded,file,size_obtained
Spathiphyllum abelianum,271938938,https://www.inaturalist.org/observations/271938938,489208720,https://static.inaturalist.org/photos/489208720/original.jpg,all-rights-reserved,"(c) LostInCR, all rights reserved",lostincr,LostInCR,2025-04-20,"Cocos Island, CR",needs_id,False,5.5411716667,-87.0564583333,1536,2048,no,abelianum/inat-271938938-489208720-lostincr.jpg,
Spathiphyllum abelianum,271938938,https://www.inaturalist.org/observations/271938938,489208792,https://static.inaturalist.org/photos/489208792/original.jpg,all-rights-reserved,"(c) LostInCR, all rights reserved",lostincr,LostInCR,2025-04-20,"Cocos Island, CR",needs_id,False,5.5411716667,-87.0564583333,1536,2048,no,abelianum/inat-271938938-489208792-lostincr.jpg,
Spathiphyllum abelianum,271938938,https://www.inaturalist.org/observations/271938938,489208860,https://static.inaturalist.org/photos/489208860/original.jpg,all-rights-reserved,"(c) LostInCR, all rights reserved",lostincr,LostInCR,2025-04-20,"Cocos Island, CR",needs_id,False,5.5411716667,-87.0564583333,1536,2048,no,abelianum/inat-271938938-489208860-lostincr.jpg,
Spathiphyllum abelianum,271938938,https://www.inaturalist.org/observations/271938938,489208949,https://static.inaturalist.org/photos/489208949/original.jpg,all-rights-reserved,"(c) LostInCR, all rights reserved",lostincr,LostInCR,2025-04-20,"Cocos Island, CR",needs_id,False,5.5411716667,-87.0564583333,1536,2048,no,abelianum/inat-271938938-489208949-lostincr.jpg,
Spathiphyllum abelianum,265665817,https://www.inaturalist.org/observations/265665817,477228360,https://inaturalist-open-data.s3.amazonaws.com/photos/477228360/original.png,cc-by-nc,"(c) Luis Morales, some rights reserved (CC BY-NC)",luis6940,Luis Morales,2015-04-08,"Isla del Coco, Provincia de Puntarenas, Puntarenas, Costa Rica",needs_id,False,5.5282283,-87.0574302,764,482,no,abelianum/inat-265665817-477228360-luis6940.png,
Spathiphyllum abelianum,265665817,https://www.inaturalist.org/observations/265665817,477229967,https://inaturalist-open-data.s3.amazonaws.com/photos/477229967/original.png,cc-by-nc,"(c) Luis Morales, some rights reserved (CC BY-NC)",luis6940,Luis Morales,2015-04-08,"Isla del Coco, Provincia de Puntarenas, Puntarenas, Costa Rica",needs_id,False,5.5282283,-87.0574302,314,420,no,abelianum/inat-265665817-477229967-luis6940.png,
Spathiphyllum abelianum,265629463,https://www.inaturalist.org/observations/265629463,477155905,https://inaturalist-open-data.s3.amazonaws.com/photos/477155905/original.png,cc-by-nc,"(c) Luis Morales, some rights reserved (CC BY-NC)",luis6940,Luis Morales,2015-04-08,"Isla del Coco, Provincia de Puntarenas, Puntarenas, Costa Rica",needs_id,False,5.5282283,-87.0574302,332,321,no,abelianum/inat-265629463-477155905-luis6940.png,
Spathiphyllum abelianum,265629445,https://www.inaturalist.org/observations/265629445,477155601,https://inaturalist-open-data.s3.amazonaws.com/photos/477155601/original.png,cc-by-nc,"(c) Luis Morales, some rights reserved (CC BY-NC)",luis6940,Luis Morales,2015-04-08,"Isla del Coco, Provincia de Puntarenas, Puntarenas, Costa Rica",needs_id,False,5.5282283,-87.0574302,421,515,no,abelianum/inat-265629445-477155601-luis6940.png,
Spathiphyllum abelianum,265624055,https://www.inaturalist.org/observations/265624055,477144718,https://inaturalist-open-data.s3.amazonaws.com/photos/477144718/original.png,cc-by-nc,"(c) Luis Morales, some rights reserved (CC BY-NC)",luis6940,Luis Morales,2015-04-08,"Isla del Coco, Provincia de Puntarenas, Puntarenas, Costa Rica",needs_id,False,5.5282283,-87.0574302,654,523,no,abelianum/inat-265624055-477144718-luis6940.png,
Spathiphyllum abelianum,265624055,https://www.inaturalist.org/observations/265624055,477145806,https://inaturalist-open-data.s3.amazonaws.com/photos/477145806/original.png,cc-by-nc,"(c) Luis Morales, some rights reserved (CC BY-NC)",luis6940,Luis Morales,2015-04-08,"Isla del Coco, Provincia de Puntarenas, Puntarenas, Costa Rica",needs_id,False,5.5282283,-87.0574302,391,294,no,abelianum/inat-265624055-477145806-luis6940.png,
Spathiphyllum abelianum,265624052,https://www.inaturalist.org/observations/265624052,477144609,https://inaturalist-open-data.s3.amazonaws.com/photos/477144609/original.png,cc-by-nc,"(c) Luis Morales, some rights reserved (CC BY-NC)",luis6940,Luis Morales,2015-04-08,"Isla del Coco, Provincia de Puntarenas, Puntarenas, Costa Rica",needs_id,False,5.5282283,-87.0574302,743,768,no,abelianum/inat-265624052-477144609-luis6940.png,
Spathiphyllum atrovirens,302760717,https://www.inaturalist.org/observations/302760717,545644622,https://inaturalist-open-data.s3.amazonaws.com/photos/545644622/original.jpg,cc-by-nc-nd,"(c) Finca Dinámica, some rights reserved (CC BY-NC-ND)",fincadinamica,Finca Dinámica,2025-02-27,"Limón, Talamanca, Costa Rica",research,False,9.6126173622,-82.7044035707,1536,2048,no,atrovirens/inat-302760717-545644622-fincadinamica.jpg,
Spathiphyllum atrovirens,302760717,https://www.inaturalist.org/observations/302760717,545644890,https://inaturalist-open-data.s3.amazonaws.com/photos/545644890/original.jpg,cc-by-nc-nd,"(c) Finca Dinámica, some rights reserved (CC BY-NC-ND)",fincadinamica,Finca Dinámica,2025-02-27,"Limón, Talamanca, Costa Rica",research,False,9.6126173622,-82.7044035707,1536,2048,no,atrovirens/inat-302760717-545644890-fincadinamica.jpg,
Spathiphyllum atrovirens,151672126,https://www.inaturalist.org/observations/151672126,261731483,https://static.inaturalist.org/photos/261731483/original.jpeg,all-rights-reserved,"(c) LostInCR, all rights reserved",lostincr,LostInCR,2023-03-19,"Puntarenas Province, Costa Rica",needs_id,False,8.9165616667,-83.1685566667,1536,2048,no,atrovirens/inat-151672126-261731483-lostincr.jpeg,
Spathiphyllum atrovirens,151672126,https://www.inaturalist.org/observations/151672126,261731544,https://static.inaturalist.org/photos/261731544/original.jpeg,all-rights-reserved,"(c) LostInCR, all rights reserved",lostincr,LostInCR,2023-03-19,"Puntarenas Province, Costa Rica",needs_id,False,8.9165616667,-83.1685566667,1536,2048,no,atrovirens/inat-151672126-261731544-lostincr.jpeg,
Spathiphyllum atrovirens,151672126,https://www.inaturalist.org/observations/151672126,261731589,https://static.inaturalist.org/photos/261731589/original.jpeg,all-rights-reserved,"(c) LostInCR, all rights reserved",lostincr,LostInCR,2023-03-19,"Puntarenas Province, Costa Rica",needs_id,False,8.9165616667,-83.1685566667,1536,2048,no,atrovirens/inat-151672126-261731589-lostincr.jpeg,
Spathiphyllum atrovirens,151672126,https://www.inaturalist.org/observations/151672126,261731613,https://static.inaturalist.org/photos/261731613/original.jpeg,all-rights-reserved,"(c) LostInCR, all rights reserved",lostincr,LostInCR,2023-03-19,"Puntarenas Province, Costa Rica",needs_id,False,8.9165616667,-83.1685566667,1536,2048,no,atrovirens/inat-151672126-261731613-lostincr.jpeg,
Spathiphyllum atrovirens,151672126,https://www.inaturalist.org/observations/151672126,261731627,https://static.inaturalist.org/photos/261731627/original.jpeg,all-rights-reserved,"(c) LostInCR, all rights reserved",lostincr,LostInCR,2023-03-19,"Puntarenas Province, Costa Rica",needs_id,False,8.9165616667,-83.1685566667,1536,2048,no,atrovirens/inat-151672126-261731627-lostincr.jpeg,
Spathiphyllum atrovirens,151672126,https://www.inaturalist.org/observations/151672126,261731686,https://static.inaturalist.org/photos/261731686/original.jpeg,all-rights-reserved,"(c) LostInCR, all rights reserved",lostincr,LostInCR,2023-03-19,"Puntarenas Province, Costa Rica",needs_id,False,8.9165616667,-83.1685566667,1536,2048,no,atrovirens/inat-151672126-261731686-lostincr.jpeg,
Spathiphyllum atrovirens,151672126,https://www.inaturalist.org/observations/151672126,261731723,https://static.inaturalist.org/photos/261731723/original.jpeg,all-rights-reserved,"(c) LostInCR, all rights reserved",lostincr,LostInCR,2023-03-19,"Puntarenas Province, Costa Rica",needs_id,False,8.9165616667,-83.1685566667,1536,2048,no,atrovirens/inat-151672126-261731723-lostincr.jpeg,
Spathiphyllum atrovirens,151672126,https://www.inaturalist.org/observations/151672126,261731740,https://static.inaturalist.org/photos/261731740/original.jpeg,all-rights-reserved,"(c) LostInCR, all rights reserved",lostincr,LostInCR,2023-03-19,"Puntarenas Province, Costa Rica",needs_id,False,8.9165616667,-83.1685566667,1536,2048,no,atrovirens/inat-151672126-261731740-lostincr.jpeg,
Spathiphyllum atrovirens,151672126,https://www.inaturalist.org/observations/151672126,261731782,https://static.inaturalist.org/photos/261731782/original.jpeg,all-rights-reserved,"(c) LostInCR, all rights reserved",lostincr,LostInCR,2023-03-19,"Puntarenas Province, Costa Rica",needs_id,False,8.9165616667,-83.1685566667,1536,2048,no,atrovirens/inat-151672126-261731782-lostincr.jpeg,
Spathiphyllum atrovirens,151672126,https://www.inaturalist.org/observations/151672126,261731812,https://static.inaturalist.org/photos/261731812/original.jpeg,all-rights-reserved,"(c) LostInCR, all rights reserved",lostincr,LostInCR,2023-03-19,"Puntarenas Province, Costa Rica",needs_id,False,8.9165616667,-83.1685566667,1536,2048,no,atrovirens/inat-151672126-261731812-lostincr.jpeg,
Spathiphyllum atrovirens,151672126,https://www.inaturalist.org/observations/151672126,261731825,https://static.inaturalist.org/photos/261731825/original.jpeg,all-rights-reserved,"(c) LostInCR, all rights reserved",lostincr,LostInCR,2023-03-19,"Puntarenas Province, Costa Rica",needs_id,False,8.9165616667,-83.1685566667,1536,2048,no,atrovirens/inat-151672126-261731825-lostincr.jpeg,
Spathiphyllum blandum,391618781,https://www.inaturalist.org/observations/391618781,717607088,https://inaturalist-open-data.s3.amazonaws.com/photos/717607088/original.jpg,cc-by-nc,"(c) mago2804, some rights reserved (CC BY-NC)",mago2804,,2026-08-15,"Santa Bárbara, GT-SU, GT",needs_id,False,14.54905102,-91.19341439,1536,2048,no,blandum/inat-391618781-717607088-mago2804.jpg,
Spathiphyllum blandum,391618781,https://www.inaturalist.org/observations/391618781,717607155,https://inaturalist-open-data.s3.amazonaws.com/photos/717607155/original.jpg,cc-by-nc,"(c) mago2804, some rights reserved (CC BY-NC)",mago2804,,2026-08-15,"Santa Bárbara, GT-SU, GT",needs_id,False,14.54905102,-91.19341439,1536,2048,no,blandum/inat-391618781-717607155-mago2804.jpg,
Spathiphyllum blandum,391618781,https://www.inaturalist.org/observations/391618781,717607227,https://inaturalist-open-data.s3.amazonaws.com/photos/717607227/original.jpg,cc-by-nc,"(c) mago2804, some rights reserved (CC BY-NC)",mago2804,,2026-08-15,"Santa Bárbara, GT-SU, GT",needs_id,False,14.54905102,-91.19341439,1536,2048,no,blandum/inat-391618781-717607227-mago2804.jpg,
Spathiphyllum blandum,391618781,https://www.inaturalist.org/observations/391618781,717607290,https://inaturalist-open-data.s3.amazonaws.com/photos/717607290/original.jpg,cc-by-nc,"(c) mago2804, some rights reserved (CC BY-NC)",mago2804,,2026-08-15,"Santa Bárbara, GT-SU, GT",needs_id,False,14.54905102,-91.19341439,1536,2048,no,blandum/inat-391618781-717607290-mago2804.jpg,
Spathiphyllum blandum,147353929,https://www.inaturalist.org/observations/147353929,253540003,https://inaturalist-open-data.s3.amazonaws.com/photos/253540003/original.jpeg,cc-by-nc,"(c) jcrb28-96, some rights reserved (CC BY-NC)",jcrb28-96,,2023-01-24,"Tela, Honduras",needs_id,False,15.9139715818,-87.6160743339,1200,1599,no,blandum/inat-147353929-253540003-jcrb28-96.jpeg,
Spathiphyllum blandum,147353929,https://www.inaturalist.org/observations/147353929,253540007,https://inaturalist-open-data.s3.amazonaws.com/photos/253540007/original.jpeg,cc-by-nc,"(c) jcrb28-96, some rights reserved (CC BY-NC)",jcrb28-96,,2023-01-24,"Tela, Honduras",needs_id,False,15.9139715818,-87.6160743339,1200,1599,no,blandum/inat-147353929-253540007-jcrb28-96.jpeg,
Spathiphyllum blandum,147353929,https://www.inaturalist.org/observations/147353929,253540012,https://inaturalist-open-data.s3.amazonaws.com/photos/253540012/original.jpeg,cc-by-nc,"(c) jcrb28-96, some rights reserved (CC BY-NC)",jcrb28-96,,2023-01-24,"Tela, Honduras",needs_id,False,15.9139715818,-87.6160743339,1200,1599,no,blandum/inat-147353929-253540012-jcrb28-96.jpeg,
Spathiphyllum blandum,147353929,https://www.inaturalist.org/observations/147353929,253540015,https://inaturalist-open-data.s3.amazonaws.com/photos/253540015/original.jpeg,cc-by-nc,"(c) jcrb28-96, some rights reserved (CC BY-NC)",jcrb28-96,,2023-01-24,"Tela, Honduras",needs_id,False,15.9139715818,-87.6160743339,1200,1599,no,blandum/inat-147353929-253540015-jcrb28-96.jpeg,
Spathiphyllum cannifolium,404151651,https://www.inaturalist.org/observations/404151651,742148660,https://inaturalist-open-data.s3.amazonaws.com/photos/742148660/original.jpg,cc-by-nc,"(c) bijeesh, some rights reserved (CC BY-NC)",bijeesh,,2026-09-28,"7Q7H+WJ9, Kozhikode, Keralam 673011, India",needs_id,False,11.26451855,75.77914619,922,2048,no,cannifolium/inat-404151651-742148660-bijeesh.jpg,
Spathiphyllum cannifolium,403764176,https://www.inaturalist.org/observations/403764176,741387416,https://inaturalist-open-data.s3.amazonaws.com/photos/741387416/original.jpg,cc-by-nc,"(c) mercury9nine, some rights reserved (CC BY-NC)",mercury9nine,,2026-09-27,"Island Club Rd, Singapore, SG, SG",needs_id,False,1.360755,103.822595,1536,2048,no,cannifolium/inat-403764176-741387416-mercury9nine.jpg,
Spathiphyllum cannifolium,402114034,https://www.inaturalist.org/observations/402114034,738149964,https://inaturalist-open-data.s3.amazonaws.com/photos/738149964/original.jpg,cc-by-nc,"(c) Elle Ratay, some rights reserved (CC BY-NC)",stelly_anavi,Elle Ratay,2026-09-21,"Banga, Western Visayas, PH",needs_id,False,11.6311833333,122.3318716667,1536,2048,no,cannifolium/inat-402114034-738149964-stelly_anavi.jpg,
Spathiphyllum cannifolium,402082268,https://www.inaturalist.org/observations/402082268,738087439,https://inaturalist-open-data.s3.amazonaws.com/photos/738087439/original.jpg,cc-by-nc,"(c) susanna_lim, some rights reserved (CC BY-NC)",susanna_lim,,2026-09-21,"Island Club Rd, Singapore, SG, SG",needs_id,False,1.36073,103.8225333333,1536,2048,no,cannifolium/inat-402082268-738087439-susanna_lim.jpg,
Spathiphyllum cannifolium,402082268,https://www.inaturalist.org/observations/402082268,738087436,https://inaturalist-open-data.s3.amazonaws.com/photos/738087436/original.jpg,cc-by-nc,"(c) susanna_lim, some rights reserved (CC BY-NC)",susanna_lim,,2026-09-21,"Island Club Rd, Singapore, SG, SG",needs_id,False,1.36073,103.8225333333,1536,2048,no,cannifolium/inat-402082268-738087436-susanna_lim.jpg,
Spathiphyllum cannifolium,400950812,https://www.inaturalist.org/observations/400950812,735861753,https://inaturalist-open-data.s3.amazonaws.com/photos/735861753/original.jpg,cc-by-nc,"(c) Malida Aurel, some rights reserved (CC BY-NC)",malidaaurel,Malida Aurel,2026-08-23,"Aléia Pedro Gordilho, Rio de Janeiro, RJ, BR",research,False,-22.96817,-43.2258,1536,2048,no,cannifolium/inat-400950812-735861753-malidaaurel.jpg,
Spathiphyllum cannifolium,399081658,https://www.inaturalist.org/observations/399081658,732155762,https://inaturalist-open-data.s3.amazonaws.com/photos/732155762/original.jpg,cc-by-nc,"(c) devanynavarro, some rights reserved (CC BY-NC)",devanynavarro,,2026-09-09,"ESC-0060 Av. Benito Juárez SUR - NTE, Sin Nombre de Col 12, 66050 Cdad. Gral. Escobedo, N.L., México",needs_id,False,25.8002114505,-100.312208198,819,2048,no,cannifolium/inat-399081658-732155762-devanynavarro.jpg,
Spathiphyllum cannifolium,396902703,https://www.inaturalist.org/observations/396902703,727904200,https://inaturalist-open-data.s3.amazonaws.com/photos/727904200/original.jpg,cc-by-nc-sa,"(c) saba, some rights reserved (CC BY-NC-SA)",sabi,saba,2026-09-03,"Plaza 1 Sentral, Kuala Lumpur Sentral, 50470 Kuala Lumpur, Federal Territory of Kuala Lumpur, Malezya",needs_id,False,3.1319154257,101.6840588674,1536,2048,no,cannifolium/inat-396902703-727904200-sabi.jpg,
Spathiphyllum cannifolium,396902703,https://www.inaturalist.org/observations/396902703,727904244,https://inaturalist-open-data.s3.amazonaws.com/photos/727904244/original.jpg,cc-by-nc-sa,"(c) saba, some rights reserved (CC BY-NC-SA)",sabi,saba,2026-09-03,"Plaza 1 Sentral, Kuala Lumpur Sentral, 50470 Kuala Lumpur, Federal Territory of Kuala Lumpur, Malezya",needs_id,False,3.1319154257,101.6840588674,1536,2048,no,cannifolium/inat-396902703-727904244-sabi.jpg,
Spathiphyllum cannifolium,396375518,https://www.inaturalist.org/observations/396375518,726914326,https://inaturalist-open-data.s3.amazonaws.com/photos/726914326/original.jpg,cc-by-nc,"(c) Pedro Cavalcante, some rights reserved (CC BY-NC)",pedrocavalcante,Pedro Cavalcante,2026-08-30,"Piedade do Paraopeba, Brumadinho - MG, 35460-000, Brasil",needs_id,False,-20.1979371997,-43.9906849997,1536,2048,no,cannifolium/inat-396375518-726914326-pedrocavalcante.jpg,
Spathiphyllum cannifolium,395541486,https://www.inaturalist.org/observations/395541486,725278586,https://inaturalist-open-data.s3.amazonaws.com/photos/725278586/original.jpg,cc-by,"(c) fmunoz, some rights reserved (CC BY)",fmunoz,,2026-08-29,"Gávea, Rio de Janeiro - État de Rio de Janeiro, Brésil",needs_id,False,-22.9776888889,-43.2452277778,1152,2048,no,cannifolium/inat-395541486-725278586-fmunoz.jpg,
Spathiphyllum cannifolium,395541486,https://www.inaturalist.org/observations/395541486,725278637,https://inaturalist-open-data.s3.amazonaws.com/photos/725278637/original.jpg,cc-by,"(c) fmunoz, some rights reserved (CC BY)",fmunoz,,2026-08-29,"Gávea, Rio de Janeiro - État de Rio de Janeiro, Brésil",needs_id,False,-22.9776888889,-43.2452277778,1152,2048,no,cannifolium/inat-395541486-725278637-fmunoz.jpg,
Spathiphyllum cannifolium,395541486,https://www.inaturalist.org/observations/395541486,725278703,https://inaturalist-open-data.s3.amazonaws.com/photos/725278703/original.jpg,cc-by,"(c) fmunoz, some rights reserved (CC BY)",fmunoz,,2026-08-29,"Gávea, Rio de Janeiro - État de Rio de Janeiro, Brésil",needs_id,False,-22.9776888889,-43.2452277778,1152,2048,no,cannifolium/inat-395541486-725278703-fmunoz.jpg,
Spathiphyllum cannifolium,394246867,https://www.inaturalist.org/observations/394246867,722731923,https://inaturalist-open-data.s3.amazonaws.com/photos/722731923/original.jpg,cc-by-nc,"(c) jfeig, some rights reserved (CC BY-NC)",jfeig,,2026-08-20,"Papeari, Teva I Uta, Polynésie française",needs_id,False,-17.7576503618,-149.3673807638,1542,2048,no,cannifolium/inat-394246867-722731923-jfeig.jpg,
Spathiphyllum cannifolium,394246867,https://www.inaturalist.org/observations/394246867,722737326,https://inaturalist-open-data.s3.amazonaws.com/photos/722737326/original.jpg,cc-by-nc,"(c) jfeig, some rights reserved (CC BY-NC)",jfeig,,2026-08-20,"Papeari, Teva I Uta, Polynésie française",needs_id,False,-17.7576503618,-149.3673807638,1542,2048,no,cannifolium/inat-394246867-722737326-jfeig.jpg,
Spathiphyllum cannifolium,394246867,https://www.inaturalist.org/observations/394246867,722737336,https://inaturalist-open-data.s3.amazonaws.com/photos/722737336/original.jpg,cc-by-nc,"(c) jfeig, some rights reserved (CC BY-NC)",jfeig,,2026-08-20,"Papeari, Teva I Uta, Polynésie française",needs_id,False,-17.7576503618,-149.3673807638,2048,1542,no,cannifolium/inat-394246867-722737336-jfeig.jpg,
Spathiphyllum cannifolium,394246867,https://www.inaturalist.org/observations/394246867,722737338,https://inaturalist-open-data.s3.amazonaws.com/photos/722737338/original.jpg,cc-by-nc,"(c) jfeig, some rights reserved (CC BY-NC)",jfeig,,2026-08-20,"Papeari, Teva I Uta, Polynésie française",needs_id,False,-17.7576503618,-149.3673807638,2048,1542,no,cannifolium/inat-394246867-722737338-jfeig.jpg,
Spathiphyllum cannifolium,394246867,https://www.inaturalist.org/observations/394246867,722737345,https://inaturalist-open-data.s3.amazonaws.com/photos/722737345/original.jpg,cc-by-nc,"(c) jfeig, some rights reserved (CC BY-NC)",jfeig,,2026-08-20,"Papeari, Teva I Uta, Polynésie française",needs_id,False,-17.7576503618,-149.3673807638,1542,2048,no,cannifolium/inat-394246867-722737345-jfeig.jpg,
Spathiphyllum cannifolium,392951303,https://www.inaturalist.org/observations/392951303,720185492,https://inaturalist-open-data.s3.amazonaws.com/photos/720185492/original.jpg,cc-by-nc,"(c) Gustavo Marques, some rights reserved (CC BY-NC)",gustavomarques91,Gustavo Marques,2026-07-29,"Vargem Pequena, Rio de Janeiro - RJ, Brasil",needs_id,False,-22.9811033333,-43.4447655556,2048,1536,no,cannifolium/inat-392951303-720185492-gustavomarques91.jpg,
Spathiphyllum cannifolium,392505828,https://www.inaturalist.org/observations/392505828,719324776,https://inaturalist-open-data.s3.amazonaws.com/photos/719324776/original.jpg,cc-by-nc,"(c) Николай Кондаков, some rights reserved (CC BY-NC)",greenai,Николай Кондаков,2012-09-08,"Tanglin, Сингапур",needs_id,False,1.31286,103.8135530556,1536,2048,no,cannifolium/inat-392505828-719324776-greenai.jpg,
Spathiphyllum cannifolium,392505828,https://www.inaturalist.org/observations/392505828,719324768,https://inaturalist-open-data.s3.amazonaws.com/photos/719324768/original.jpg,cc-by-nc,"(c) Николай Кондаков, some rights reserved (CC BY-NC)",greenai,Николай Кондаков,2012-09-08,"Tanglin, Сингапур",needs_id,False,1.31286,103.8135530556,1536,2048,no,cannifolium/inat-392505828-719324768-greenai.jpg,
Spathiphyllum cannifolium,392505828,https://www.inaturalist.org/observations/392505828,719324767,https://inaturalist-open-data.s3.amazonaws.com/photos/719324767/original.jpg,cc-by-nc,"(c) Николай Кондаков, some rights reserved (CC BY-NC)",greenai,Николай Кондаков,2012-09-08,"Tanglin, Сингапур",needs_id,False,1.31286,103.8135530556,1536,2048,no,cannifolium/inat-392505828-719324767-greenai.jpg,
Spathiphyllum cannifolium,392505828,https://www.inaturalist.org/observations/392505828,719324801,https://inaturalist-open-data.s3.amazonaws.com/photos/719324801/original.jpg,cc-by-nc,"(c) Николай Кондаков, some rights reserved (CC BY-NC)",greenai,Николай Кондаков,2012-09-08,"Tanglin, Сингапур",needs_id,False,1.31286,103.8135530556,1536,2048,no,cannifolium/inat-392505828-719324801-greenai.jpg,
Spathiphyllum cannifolium,391707125,https://www.inaturalist.org/observations/391707125,717778479,https://static.inaturalist.org/photos/717778479/original.jpg,all-rights-reserved,"(c) Atcharee Sangrawee, all rights reserved",atcharee,Atcharee Sangrawee,2026-08-08,2 ตำบล บ้านเกาะ อำเภอ พรหมคีรี นครศรีธรรมราช 80320 ประเทศไทย,needs_id,False,8.5356939,99.8416167,1536,2048,no,cannifolium/inat-391707125-717778479-atcharee.jpg,
Spathiphyllum cannifolium,389559237,https://www.inaturalist.org/observations/389559237,713580133,https://inaturalist-open-data.s3.amazonaws.com/photos/713580133/original.jpg,cc-by-nc,"(c) Gen Ricalde, some rights reserved (CC BY-NC)",arginyl16,Gen Ricalde,2026-08-08,"Gata, San Agustin, Surigao del Sur, Philippines",needs_id,False,8.7238708016,126.1856036274,1536,2048,no,cannifolium/inat-389559237-713580133-arginyl16.jpg,
Spathiphyllum cannifolium,389552788,https://www.inaturalist.org/observations/389552788,713567093,https://inaturalist-open-data.s3.amazonaws.com/photos/713567093/original.jpg,cc-by-nc,"(c) Gen Ricalde, some rights reserved (CC BY-NC)",arginyl16,Gen Ricalde,2026-08-08,"Gata, San Agustin, Surigao del Sur, Philippines",needs_id,False,8.7236640836,126.1850877373,1536,2048,no,cannifolium/inat-389552788-713567093-arginyl16.jpg,
Spathiphyllum cannifolium,387775492,https://www.inaturalist.org/observations/387775492,710116195,https://inaturalist-open-data.s3.amazonaws.com/photos/710116195/original.jpg,cc-by-nc,"(c) NataGa, some rights reserved (CC BY-NC)",nataga,NataGa,2026-08-02,"San Carlos, Antioquia, Colombia",needs_id,False,6.1937923575,-75.0046493207,721,1600,no,cannifolium/inat-387775492-710116195-nataga.jpg,
Spathiphyllum cannifolium,387379625,https://www.inaturalist.org/observations/387379625,709351590,https://inaturalist-open-data.s3.amazonaws.com/photos/709351590/original.jpg,cc-by-nc,"(c) Cheow Kn, some rights reserved (CC BY-NC)",cheowkn_,Cheow Kn,2026-08-02,"Kulai, Johore, MY",needs_id,False,1.6180643415,103.6166023606,1152,2048,no,cannifolium/inat-387379625-709351590-cheowkn_.jpg,
Spathiphyllum cannifolium,386865231,https://www.inaturalist.org/observations/386865231,708364744,https://inaturalist-open-data.s3.amazonaws.com/photos/708364744/original.jpg,cc-by-nc,"(c) pkondrashov, some rights reserved (CC BY-NC)",pkondrashov,,2026-02-14,"Cumaral, Meta, Colombia",research,False,4.2468172591,-73.4708470847,1638,2048,no,cannifolium/inat-386865231-708364744-pkondrashov.jpg,
Spathiphyllum cannifolium,386462832,https://www.inaturalist.org/observations/386462832,707593236,https://inaturalist-open-data.s3.amazonaws.com/photos/707593236/original.jpg,cc-by-nc,"(c) Nari, some rights reserved (CC BY-NC)",naturend,Nari,2026-07-29,"Trinidad and Tobago, TT",needs_id,False,10.7876133333,-61.2971783333,1536,2048,no,cannifolium/inat-386462832-707593236-naturend.jpg,
Spathiphyllum cannifolium,386462832,https://www.inaturalist.org/observations/386462832,707593238,https://inaturalist-open-data.s3.amazonaws.com/photos/707593238/original.jpg,cc-by-nc,"(c) Nari, some rights reserved (CC BY-NC)",naturend,Nari,2026-07-29,"Trinidad and Tobago, TT",needs_id,False,10.7876133333,-61.2971783333,1536,2048,no,cannifolium/inat-386462832-707593238-naturend.jpg,
Spathiphyllum cannifolium,385544521,https://www.inaturalist.org/observations/385544521,705835459,https://static.inaturalist.org/photos/705835459/original.jpg,all-rights-reserved,"(c) Jeremy Schreifels, all rights reserved",md-jeremy,Jeremy Schreifels,2026-07-27,"Bangli, Bali, ID",needs_id,False,-8.440425,115.3734883333,1536,2048,no,cannifolium/inat-385544521-705835459-md-jeremy.jpg,
Spathiphyllum cannifolium,385544521,https://www.inaturalist.org/observations/385544521,705835487,https://static.inaturalist.org/photos/705835487/original.jpg,all-rights-reserved,"(c) Jeremy Schreifels, all rights reserved",md-jeremy,Jeremy Schreifels,2026-07-27,"Bangli, Bali, ID",needs_id,False,-8.440425,115.3734883333,1536,2048,no,cannifolium/inat-385544521-705835487-md-jeremy.jpg,
Spathiphyllum cannifolium,384140747,https://www.inaturalist.org/observations/384140747,703150723,https://inaturalist-open-data.s3.amazonaws.com/photos/703150723/original.jpg,cc-by-nc,"(c) NURUL HUSNA ROSLEY, some rights reserved (CC BY-NC)",husnaarosley,NURUL HUSNA ROSLEY,2026-07-23,"Lanchang, Pahang, MY",needs_id,False,3.3353332144,101.8595363432,1152,2048,no,cannifolium/inat-384140747-703150723-husnaarosley.jpg,
Spathiphyllum cannifolium,381635091,https://www.inaturalist.org/observations/381635091,698327487,https://inaturalist-open-data.s3.amazonaws.com/photos/698327487/original.jpg,cc-by-nc,"(c) Henrique Borgatto de Almeida Dias, some rights reserved (CC BY-NC)",henrique_borgatto_de_almeida_dias,Henrique Borgatto de Almeida Dias,2025-04-15,"Duque de Caxias, RJ, BR",research,False,-22.5563866667,-43.3091,1536,2048,no,cannifolium/inat-381635091-698327487-henrique_borgatto_de_almeida_dias.jpg,
Spathiphyllum cannifolium,381635091,https://www.inaturalist.org/observations/381635091,698327525,https://inaturalist-open-data.s3.amazonaws.com/photos/698327525/original.jpg,cc-by-nc,"(c) Henrique Borgatto de Almeida Dias, some rights reserved (CC BY-NC)",henrique_borgatto_de_almeida_dias,Henrique Borgatto de Almeida Dias,2025-04-15,"Duque de Caxias, RJ, BR",research,False,-22.5563866667,-43.3091,1536,2048,no,cannifolium/inat-381635091-698327525-henrique_borgatto_de_almeida_dias.jpg,
Spathiphyllum cannifolium,381508878,https://www.inaturalist.org/observations/381508878,698077874,https://inaturalist-open-data.s3.amazonaws.com/photos/698077874/original.jpg,cc-by-nc,"(c) Steven (Esteban) Mendez, some rights reserved (CC BY-NC)",ecofreakesti,Steven (Esteban) Mendez,2026-07-14,"Capira District, Panamá Oeste Province, Panama",needs_id,False,8.7346105,-79.9679696,1536,2048,no,cannifolium/inat-381508878-698077874-ecofreakesti.jpg,
Spathiphyllum cannifolium,381508878,https://www.inaturalist.org/observations/381508878,698077908,https://inaturalist-open-data.s3.amazonaws.com/photos/698077908/original.jpg,cc-by-nc,"(c) Steven (Esteban) Mendez, some rights reserved (CC BY-NC)",ecofreakesti,Steven (Esteban) Mendez,2026-07-14,"Capira District, Panamá Oeste Province, Panama",needs_id,False,8.7346105,-79.9679696,1536,2048,no,cannifolium/inat-381508878-698077908-ecofreakesti.jpg,
Spathiphyllum cannifolium,381508878,https://www.inaturalist.org/observations/381508878,698077988,https://inaturalist-open-data.s3.amazonaws.com/photos/698077988/original.jpg,cc-by-nc,"(c) Steven (Esteban) Mendez, some rights reserved (CC BY-NC)",ecofreakesti,Steven (Esteban) Mendez,2026-07-14,"Capira District, Panamá Oeste Province, Panama",needs_id,False,8.7346105,-79.9679696,1536,2048,no,cannifolium/inat-381508878-698077988-ecofreakesti.jpg,
Spathiphyllum cannifolium,381508878,https://www.inaturalist.org/observations/381508878,698078018,https://inaturalist-open-data.s3.amazonaws.com/photos/698078018/original.jpg,cc-by-nc,"(c) Steven (Esteban) Mendez, some rights reserved (CC BY-NC)",ecofreakesti,Steven (Esteban) Mendez,2026-07-14,"Capira District, Panamá Oeste Province, Panama",needs_id,False,8.7346105,-79.9679696,1536,2048,no,cannifolium/inat-381508878-698078018-ecofreakesti.jpg,
Spathiphyllum cannifolium,379886294,https://www.inaturalist.org/observations/379886294,694935166,https://static.inaturalist.org/photos/694935166/original.jpg,all-rights-reserved,"(c) Diego Matheus de Mello Mendes, all rights reserved",diego_mendes,Diego Matheus de Mello Mendes,2026-07-03,"Tefé - State of Amazonas, 69470-000, Brazil",needs_id,False,-3.4542000596,-64.672972399,2048,1555,no,cannifolium/inat-379886294-694935166-diego_mendes.jpg,
Spathiphyllum cannifolium,379886294,https://www.inaturalist.org/observations/379886294,694935068,https://static.inaturalist.org/photos/694935068/original.jpg,all-rights-reserved,"(c) Diego Matheus de Mello Mendes, all rights reserved",diego_mendes,Diego Matheus de Mello Mendes,2026-07-03,"Tefé - State of Amazonas, 69470-000, Brazil",needs_id,False,-3.4542000596,-64.672972399,1128,2048,no,cannifolium/inat-379886294-694935068-diego_mendes.jpg,
Spathiphyllum cannifolium,379842511,https://www.inaturalist.org/observations/379842511,694850272,https://static.inaturalist.org/photos/694850272/original.jpg,all-rights-reserved,"(c) lorena sierra cordoba, all rights reserved",lorena40275,lorena sierra cordoba,2026-06-26,"Orito, Putumayo, Colombia",needs_id,False,0.6685985,-76.8877972997,1536,2048,no,cannifolium/inat-379842511-694850272-lorena40275.jpg,
Spathiphyllum cannifolium,379842511,https://www.inaturalist.org/observations/379842511,694850304,https://static.inaturalist.org/photos/694850304/original.jpg,all-rights-reserved,"(c) lorena sierra cordoba, all rights reserved",lorena40275,lorena sierra cordoba,2026-06-26,"Orito, Putumayo, Colombia",needs_id,False,0.6685985,-76.8877972997,1536,2048,no,cannifolium/inat-379842511-694850304-lorena40275.jpg,
Spathiphyllum cannifolium,378618185,https://www.inaturalist.org/observations/378618185,692479853,https://static.inaturalist.org/photos/692479853/original.jpg,all-rights-reserved,"(c) Diego Matheus de Mello Mendes, all rights reserved",diego_mendes,Diego Matheus de Mello Mendes,2026-07-05,"Tefé - State of Amazonas, 69470-000, Brazil",needs_id,False,-3.4583486511,-64.6714401912,1184,2048,no,cannifolium/inat-378618185-692479853-diego_mendes.jpg,
Spathiphyllum cannifolium,378618185,https://www.inaturalist.org/observations/378618185,692479919,https://static.inaturalist.org/photos/692479919/original.jpg,all-rights-reserved,"(c) Diego Matheus de Mello Mendes, all rights reserved",diego_mendes,Diego Matheus de Mello Mendes,2026-07-05,"Tefé - State of Amazonas, 69470-000, Brazil",needs_id,False,-3.4583486511,-64.6714401912,1355,2048,no,cannifolium/inat-378618185-692479919-diego_mendes.jpg,
Spathiphyllum cannifolium,375650155,https://www.inaturalist.org/observations/375650155,686759281,https://inaturalist-open-data.s3.amazonaws.com/photos/686759281/original.jpg,cc-by-nc,"(c) lkc57, some rights reserved (CC BY-NC)",lkc57,,2026-06-20,"Tunapuna/Piarco Regional Corporation, Trinidad and Tobago",needs_id,False,10.694793,-61.2236132997,2048,1536,no,cannifolium/inat-375650155-686759281-lkc57.jpg,
Spathiphyllum cannifolium,375650155,https://www.inaturalist.org/observations/375650155,686759468,https://inaturalist-open-data.s3.amazonaws.com/photos/686759468/original.jpg,cc-by-nc,"(c) lkc57, some rights reserved (CC BY-NC)",lkc57,,2026-06-20,"Tunapuna/Piarco Regional Corporation, Trinidad and Tobago",needs_id,False,10.694793,-61.2236132997,1536,2048,no,cannifolium/inat-375650155-686759468-lkc57.jpg,
Spathiphyllum cannifolium,373838809,https://www.inaturalist.org/observations/373838809,683243058,https://inaturalist-open-data.s3.amazonaws.com/photos/683243058/original.jpg,cc-by-nc,"(c) Aay Hariyani, some rights reserved (CC BY-NC)",aay2,Aay Hariyani,2026-06-04,"RT.04/RW.02, Paledang, Kecamatan Bogor Tengah, Kota Bogor, Jawa Barat, Indonesia",needs_id,False,-6.5986930411,106.7987753078,1536,2048,no,cannifolium/inat-373838809-683243058-aay2.jpg,
Spathiphyllum cannifolium,373636005,https://www.inaturalist.org/observations/373636005,682849706,https://inaturalist-open-data.s3.amazonaws.com/photos/682849706/original.jpg,cc-by-nc,"(c) Amy, some rights reserved (CC BY-NC)",amy_vp,Amy,2026-06-19,Avocat Waterfall,research,False,10.7776496284,-61.3007108867,720,1280,no,cannifolium/inat-373636005-682849706-amy_vp.jpg,
Spathiphyllum cannifolium,372444640,https://www.inaturalist.org/observations/372444640,680575308,https://inaturalist-open-data.s3.amazonaws.com/photos/680575308/original.jpg,cc-by-nc,"(c) Alex Penata, some rights reserved (CC BY-NC)",alex_antojo,Alex Penata,2026-06-16,"R7W8+V9, Carepa, Antioquia, Colombia",needs_id,False,7.860072513,-76.7078753561,1536,2048,no,cannifolium/inat-372444640-680575308-alex_antojo.jpg,
Spathiphyllum cannifolium,368574454,https://www.inaturalist.org/observations/368574454,673199546,https://inaturalist-open-data.s3.amazonaws.com/photos/673199546/original.jpg,cc-by-nc,"(c) Alec Hopping, some rights reserved (CC BY-NC)",hoppockets,Alec Hopping,2024-02-13,"Villanueva, Casanare, CO",research,False,4.6120866667,-72.9186033333,1536,2048,no,cannifolium/inat-368574454-673199546-hoppockets.jpg,
Spathiphyllum cannifolium,368574454,https://www.inaturalist.org/observations/368574454,673199545,https://inaturalist-open-data.s3.amazonaws.com/photos/673199545/original.jpg,cc-by-nc,"(c) Alec Hopping, some rights reserved (CC BY-NC)",hoppockets,Alec Hopping,2024-02-13,"Villanueva, Casanare, CO",research,False,4.6120866667,-72.9186033333,1536,2048,no,cannifolium/inat-368574454-673199545-hoppockets.jpg,
Spathiphyllum cannifolium,368262173,https://www.inaturalist.org/observations/368262173,672602569,https://inaturalist-open-data.s3.amazonaws.com/photos/672602569/original.jpg,cc-by-nc,"(c) Muhammad Izka mafaza, some rights reserved (CC BY-NC)",muhammadizkamafaza,Muhammad Izka mafaza,2026-06-04,"9QXX+67Q, RT.04/RW.02, Paledang, Kecamatan Bogor Tengah, Kota Bogor, Jawa Barat 16122, Indonesia",needs_id,False,-6.6017551208,106.7983448133,1536,2048,no,cannifolium/inat-368262173-672602569-muhammadizkamafaza.jpg,
Spathiphyllum cannifolium,368262173,https://www.inaturalist.org/observations/368262173,672602584,https://inaturalist-open-data.s3.amazonaws.com/photos/672602584/original.jpg,cc-by-nc,"(c) Muhammad Izka mafaza, some rights reserved (CC BY-NC)",muhammadizkamafaza,Muhammad Izka mafaza,2026-06-04,"9QXX+67Q, RT.04/RW.02, Paledang, Kecamatan Bogor Tengah, Kota Bogor, Jawa Barat 16122, Indonesia",needs_id,False,-6.6017551208,106.7983448133,1536,2048,no,cannifolium/inat-368262173-672602584-muhammadizkamafaza.jpg,
Spathiphyllum cannifolium,368262173,https://www.inaturalist.org/observations/368262173,672602605,https://inaturalist-open-data.s3.amazonaws.com/photos/672602605/original.jpg,cc-by-nc,"(c) Muhammad Izka mafaza, some rights reserved (CC BY-NC)",muhammadizkamafaza,Muhammad Izka mafaza,2026-06-04,"9QXX+67Q, RT.04/RW.02, Paledang, Kecamatan Bogor Tengah, Kota Bogor, Jawa Barat 16122, Indonesia",needs_id,False,-6.6017551208,106.7983448133,1536,2048,no,cannifolium/inat-368262173-672602605-muhammadizkamafaza.jpg,
Spathiphyllum cannifolium,368247495,https://www.inaturalist.org/observations/368247495,672573474,https://inaturalist-open-data.s3.amazonaws.com/photos/672573474/original.jpg,cc-by-nc,"(c) Dini Qurota Ayuni, some rights reserved (CC BY-NC)",diniqurotaayuni,Dini Qurota Ayuni,2026-06-04,"Kota Bogor, ID-JR, ID",needs_id,False,-6.5981444444,106.8021694444,1536,2048,no,cannifolium/inat-368247495-672573474-diniqurotaayuni.jpg,
Spathiphyllum cannifolium,368247495,https://www.inaturalist.org/observations/368247495,672573497,https://inaturalist-open-data.s3.amazonaws.com/photos/672573497/original.jpg,cc-by-nc,"(c) Dini Qurota Ayuni, some rights reserved (CC BY-NC)",diniqurotaayuni,Dini Qurota Ayuni,2026-06-04,"Kota Bogor, ID-JR, ID",needs_id,False,-6.5981444444,106.8021694444,1536,2048,no,cannifolium/inat-368247495-672573497-diniqurotaayuni.jpg,
Spathiphyllum cannifolium,368247495,https://www.inaturalist.org/observations/368247495,672574041,https://inaturalist-open-data.s3.amazonaws.com/photos/672574041/original.jpg,cc-by-nc,"(c) Dini Qurota Ayuni, some rights reserved (CC BY-NC)",diniqurotaayuni,Dini Qurota Ayuni,2026-06-04,"Kota Bogor, ID-JR, ID",needs_id,False,-6.5981444444,106.8021694444,1536,2048,no,cannifolium/inat-368247495-672574041-diniqurotaayuni.jpg,
Spathiphyllum cannifolium,368219371,https://www.inaturalist.org/observations/368219371,672518251,https://inaturalist-open-data.s3.amazonaws.com/photos/672518251/original.jpg,cc-by-nc,"(c) Fijri Ayu Lestari, some rights reserved (CC BY-NC)",fijri_ayu,Fijri Ayu Lestari,2026-06-04,"Kota Bogor, ID-JR, ID",needs_id,False,-6.5983138889,106.8023666667,2048,2048,no,cannifolium/inat-368219371-672518251-fijri_ayu.jpg,
Spathiphyllum cannifolium,368219371,https://www.inaturalist.org/observations/368219371,672518320,https://inaturalist-open-data.s3.amazonaws.com/photos/672518320/original.jpg,cc-by-nc,"(c) Fijri Ayu Lestari, some rights reserved (CC BY-NC)",fijri_ayu,Fijri Ayu Lestari,2026-06-04,"Kota Bogor, ID-JR, ID",needs_id,False,-6.5983138889,106.8023666667,2048,2048,no,cannifolium/inat-368219371-672518320-fijri_ayu.jpg,
Spathiphyllum cannifolium,368219371,https://www.inaturalist.org/observations/368219371,672518369,https://inaturalist-open-data.s3.amazonaws.com/photos/672518369/original.jpg,cc-by-nc,"(c) Fijri Ayu Lestari, some rights reserved (CC BY-NC)",fijri_ayu,Fijri Ayu Lestari,2026-06-04,"Kota Bogor, ID-JR, ID",needs_id,False,-6.5983138889,106.8023666667,2048,2048,no,cannifolium/inat-368219371-672518369-fijri_ayu.jpg,
Spathiphyllum cannifolium,368219371,https://www.inaturalist.org/observations/368219371,672518409,https://inaturalist-open-data.s3.amazonaws.com/photos/672518409/original.jpg,cc-by-nc,"(c) Fijri Ayu Lestari, some rights reserved (CC BY-NC)",fijri_ayu,Fijri Ayu Lestari,2026-06-04,"Kota Bogor, ID-JR, ID",needs_id,False,-6.5983138889,106.8023666667,2048,2048,no,cannifolium/inat-368219371-672518409-fijri_ayu.jpg,
Spathiphyllum cannifolium,365079958,https://www.inaturalist.org/observations/365079958,666518559,https://inaturalist-open-data.s3.amazonaws.com/photos/666518559/original.jpg,cc-by-nc,"(c) Valentina Lesmes Restrepo, some rights reserved (CC BY-NC)",vlesmes,Valentina Lesmes Restrepo,2026-04-09,,needs_id,False,4.09731,-73.66981,1536,2048,no,cannifolium/inat-365079958-666518559-vlesmes.jpg,
Spathiphyllum cannifolium,360927904,https://www.inaturalist.org/observations/360927904,658643890,https://inaturalist-open-data.s3.amazonaws.com/photos/658643890/original.jpg,cc-by-nc,"(c) Sofia Roqueme, some rights reserved (CC BY-NC)",sofia_finca_guaimaral,Sofia Roqueme,2026-05-12,"Carepa, CO-AN, CO",research,False,7.7674833748,-76.7479867861,1542,2048,no,cannifolium/inat-360927904-658643890-sofia_finca_guaimaral.jpg,
Spathiphyllum cannifolium,359620215,https://www.inaturalist.org/observations/359620215,656152026,https://static.inaturalist.org/photos/656152026/original.jpg,all-rights-reserved,"(c) Luis Andi, all rights reserved",luisandi,Luis Andi,2026-04-30,"Loreto, EC-OR, EC",needs_id,False,-0.549289887,-77.4318270385,1152,2048,no,cannifolium/inat-359620215-656152026-luisandi.jpg,
Spathiphyllum cannifolium,359620215,https://www.inaturalist.org/observations/359620215,656152061,https://static.inaturalist.org/photos/656152061/original.jpg,all-rights-reserved,"(c) Luis Andi, all rights reserved",luisandi,Luis Andi,2026-04-30,"Loreto, EC-OR, EC",needs_id,False,-0.549289887,-77.4318270385,1152,2048,no,cannifolium/inat-359620215-656152061-luisandi.jpg,
Spathiphyllum cannifolium,359620215,https://www.inaturalist.org/observations/359620215,656152102,https://static.inaturalist.org/photos/656152102/original.jpg,all-rights-reserved,"(c) Luis Andi, all rights reserved",luisandi,Luis Andi,2026-04-30,"Loreto, EC-OR, EC",needs_id,False,-0.549289887,-77.4318270385,1152,2048,no,cannifolium/inat-359620215-656152102-luisandi.jpg,
Spathiphyllum cannifolium,358839412,https://www.inaturalist.org/observations/358839412,654659540,https://inaturalist-open-data.s3.amazonaws.com/photos/654659540/original.jpg,cc-by-nc,"(c) อาระยา สาระภี, some rights reserved (CC BY-NC)",spa12160araya,อาระยา สาระภี,2026-05-06,4JCF+3FV เกาะยาวน้อย อำเภอ เกาะยาว พังงา 82160 ประเทศไทย,needs_id,False,8.120302,98.623948,1536,2048,no,cannifolium/inat-358839412-654659540-spa12160araya.jpg,
Spathiphyllum cannifolium,358839412,https://www.inaturalist.org/observations/358839412,654681499,https://inaturalist-open-data.s3.amazonaws.com/photos/654681499/original.jpg,cc-by-nc,"(c) อาระยา สาระภี, some rights reserved (CC BY-NC)",spa12160araya,อาระยา สาระภี,2026-05-06,4JCF+3FV เกาะยาวน้อย อำเภอ เกาะยาว พังงา 82160 ประเทศไทย,needs_id,False,8.120302,98.623948,1536,2048,no,cannifolium/inat-358839412-654681499-spa12160araya.jpg,
Spathiphyllum cannifolium,354804315,https://www.inaturalist.org/observations/354804315,647203922,https://inaturalist-open-data.s3.amazonaws.com/photos/647203922/original.jpg,cc-by-nc,"(c) sisabonga, some rights reserved (CC BY-NC)",sisabonga,,2026-04-26,"Nedbank Path, Berea, KwaZulu-Natal, ZA",needs_id,False,-29.8469783333,31.0054333333,2048,2048,no,cannifolium/inat-354804315-647203922-sisabonga.jpg,
Spathiphyllum cannifolium,354015794,https://www.inaturalist.org/observations/354015794,645875916,https://inaturalist-open-data.s3.amazonaws.com/photos/645875916/original.jpg,cc-by-nc,"(c) Pla, some rights reserved (CC BY-NC)",plaparichat,Pla,2026-04-26,GX26+94R ตำบล ลิปะน้อย อำเภอเกาะสมุย สุราษฎร์ธานี 84140 ประเทศไทย,needs_id,False,9.5012116667,99.9599233333,1536,2048,no,cannifolium/inat-354015794-645875916-plaparichat.jpg,
Spathiphyllum cannifolium,352756746,https://www.inaturalist.org/observations/352756746,643768234,https://inaturalist-open-data.s3.amazonaws.com/photos/643768234/original.jpg,cc-by-nc,"(c) Rovelyn, some rights reserved (CC BY-NC)",rovelyn_constantino_dorsu,Rovelyn,2026-01-18,"Sitio Patung Brgy Mapawa, Maragusan (San Mariano), 8808 Davao de Oro, Philippines",needs_id,False,7.26454,126.144845,1536,2048,no,cannifolium/inat-352756746-643768234-rovelyn_constantino_dorsu.jpg,
Spathiphyllum cannifolium,352756746,https://www.inaturalist.org/observations/352756746,643768337,https://inaturalist-open-data.s3.amazonaws.com/photos/643768337/original.jpg,cc-by-nc,"(c) Rovelyn, some rights reserved (CC BY-NC)",rovelyn_constantino_dorsu,Rovelyn,2026-01-18,"Sitio Patung Brgy Mapawa, Maragusan (San Mariano), 8808 Davao de Oro, Philippines",needs_id,False,7.26454,126.144845,1536,2048,no,cannifolium/inat-352756746-643768337-rovelyn_constantino_dorsu.jpg,
Spathiphyllum cannifolium,352115571,https://www.inaturalist.org/observations/352115571,642649869,https://inaturalist-open-data.s3.amazonaws.com/photos/642649869/original.jpg,cc-by-nc,"(c) SorenKM, some rights reserved (CC BY-NC)",sorenkm,SorenKM,2026-04-14,"Rio de Janeiro, RJ, BR",needs_id,False,-22.9668758108,-43.2851007396,1536,2048,no,cannifolium/inat-352115571-642649869-sorenkm.jpg,
Spathiphyllum cannifolium,352082111,https://www.inaturalist.org/observations/352082111,642585204,https://static.inaturalist.org/photos/642585204/original.jpg,all-rights-reserved,"(c) Aleya, all rights reserved",naturaleya,Aleya,2026-04-22,"Tunapuna/Piarco Regional Corporation, Trinidad and Tobago",needs_id,False,10.7140141997,-61.3981542,1536,2048,no,cannifolium/inat-352082111-642585204-naturaleya.jpg,
Spathiphyllum cannifolium,352082111,https://www.inaturalist.org/observations/352082111,642585244,https://static.inaturalist.org/photos/642585244/original.jpg,all-rights-reserved,"(c) Aleya, all rights reserved",naturaleya,Aleya,2026-04-22,"Tunapuna/Piarco Regional Corporation, Trinidad and Tobago",needs_id,False,10.7140141997,-61.3981542,1536,2048,no,cannifolium/inat-352082111-642585244-naturaleya.jpg,
Spathiphyllum cannifolium,351339422,https://www.inaturalist.org/observations/351339422,641122611,https://inaturalist-open-data.s3.amazonaws.com/photos/641122611/original.jpg,cc-by-nc-nd,"(c) Ivan Hinkson, some rights reserved (CC BY-NC-ND)",ocean_in,Ivan Hinkson,2026-04-19,"Matura, Trinidad and Tobago",needs_id,False,10.6732149,-61.0631475,2048,2048,no,cannifolium/inat-351339422-641122611-ocean_in.jpg,
Spathiphyllum cannifolium,350598862,https://www.inaturalist.org/observations/350598862,639712947,https://inaturalist-open-data.s3.amazonaws.com/photos/639712947/original.jpg,cc-by-nc,"(c) João Pedro Lopes Mendes, some rights reserved (CC BY-NC)",jotta_p,João Pedro Lopes Mendes,2026-04-05,"Imbariê, Duque de Caxias - RJ, Brasil",needs_id,False,-22.5959931488,-43.2376049459,1542,2048,no,cannifolium/inat-350598862-639712947-jotta_p.jpg,
Spathiphyllum cannifolium,350598862,https://www.inaturalist.org/observations/350598862,639713014,https://inaturalist-open-data.s3.amazonaws.com/photos/639713014/original.jpg,cc-by-nc,"(c) João Pedro Lopes Mendes, some rights reserved (CC BY-NC)",jotta_p,João Pedro Lopes Mendes,2026-04-05,"Imbariê, Duque de Caxias - RJ, Brasil",needs_id,False,-22.5959931488,-43.2376049459,1542,2048,no,cannifolium/inat-350598862-639713014-jotta_p.jpg,
Spathiphyllum cannifolium,349573335,https://www.inaturalist.org/observations/349573335,637713313,https://inaturalist-open-data.s3.amazonaws.com/photos/637713313/original.jpg,cc-by-nc,"(c) adiitrafael, some rights reserved (CC BY-NC)",adiitrafael,,2026-04-14,"FF88+42M, Simpang Tiga, Bukit Raya, Pekanbaru City, Riau 28289, Indonesia",needs_id,False,0.4639577453,101.4651953056,1536,2048,no,cannifolium/inat-349573335-637713313-adiitrafael.jpg,
Spathiphyllum cannifolium,349361060,https://www.inaturalist.org/observations/349361060,637289710,https://inaturalist-open-data.s3.amazonaws.com/photos/637289710/original.jpg,cc-by-nc,"(c) Braden McDonald, some rights reserved (CC BY-NC)",braden1,Braden McDonald,2026-04-12,"Mitú, Vaupés, CO",needs_id,False,1.2156466667,-70.2304833333,1536,2048,no,cannifolium/inat-349361060-637289710-braden1.jpg,
Spathiphyllum cannifolium,346639921,https://www.inaturalist.org/observations/346639921,631902419,https://inaturalist-open-data.s3.amazonaws.com/photos/631902419/original.jpg,cc-by-nc,"(c) quinnheffe, some rights reserved (CC BY-NC)",quinnheffe,,2026-03-30,"Coto Brus, Puntarenas, CR",needs_id,False,8.7858866928,-82.9596968926,1536,2048,no,cannifolium/inat-346639921-631902419-quinnheffe.jpg,
Spathiphyllum cannifolium,345695188,https://www.inaturalist.org/observations/345695188,630040912,https://inaturalist-open-data.s3.amazonaws.com/photos/630040912/original.jpg,cc-by-nc,"(c) กมลชนก ปานะสุโต, some rights reserved (CC BY-NC)",kamonp,กมลชนก ปานะสุโต,2026-03-17,"Rama 4 Road, Bang Rak District, Bangkok, TH",needs_id,False,13.72852,100.5377116667,1152,2048,no,cannifolium/inat-345695188-630040912-kamonp.jpg,
Spathiphyllum cannifolium,344974374,https://www.inaturalist.org/observations/344974374,628606890,https://inaturalist-open-data.s3.amazonaws.com/photos/628606890/original.jpg,cc-by-nc,"(c) Idris Bensari, some rights reserved (CC BY-NC)",idris48887,Idris Bensari,2024-06-01,"Tanglin, Singapour",needs_id,False,1.3188709722,103.8153489722,1536,2048,no,cannifolium/inat-344974374-628606890-idris48887.jpg,
Spathiphyllum cannifolium,344791929,https://www.inaturalist.org/observations/344791929,628264737,https://inaturalist-open-data.s3.amazonaws.com/photos/628264737/original.jpg,cc-by-nc,"(c) Ted Goshulak, some rights reserved (CC BY-NC)",ted_goshulak,Ted Goshulak,2026-03-02,"Tena, Ecuador",needs_id,False,-0.7207925268,-77.127968199,2048,1536,no,cannifolium/inat-344791929-628264737-ted_goshulak.jpg,
Spathiphyllum cannifolium,344655501,https://www.inaturalist.org/observations/344655501,628010368,https://inaturalist-open-data.s3.amazonaws.com/photos/628010368/original.jpg,cc-by-nc-nd,"(c) Tan Yan Hong, some rights reserved (CC BY-NC-ND)",keruing,Tan Yan Hong,2026-03-23,"3MV6+GP, Kampung Pantai Dalam, 59200 Kuala Lumpur, Federal Territory of Kuala Lumpur, Malaysia",needs_id,False,3.0937694444,101.6618777778,1542,2048,no,cannifolium/inat-344655501-628010368-keruing.jpg,
Spathiphyllum cannifolium,344655501,https://www.inaturalist.org/observations/344655501,628010385,https://inaturalist-open-data.s3.amazonaws.com/photos/628010385/original.jpg,cc-by-nc-nd,"(c) Tan Yan Hong, some rights reserved (CC BY-NC-ND)",keruing,Tan Yan Hong,2026-03-23,"3MV6+GP, Kampung Pantai Dalam, 59200 Kuala Lumpur, Federal Territory of Kuala Lumpur, Malaysia",needs_id,False,3.0937694444,101.6618777778,1542,2048,no,cannifolium/inat-344655501-628010385-keruing.jpg,
Spathiphyllum cannifolium,344540035,https://www.inaturalist.org/observations/344540035,627783633,https://inaturalist-open-data.s3.amazonaws.com/photos/627783633/original.jpg,cc-by-nc,"(c) Tablet Aplle, some rights reserved (CC BY-NC)",shacra,Tablet Aplle,2026-03-22,,needs_id,True,,,1152,2048,no,cannifolium/inat-344540035-627783633-shacra.jpg,
Spathiphyllum cannifolium,344540035,https://www.inaturalist.org/observations/344540035,627783628,https://inaturalist-open-data.s3.amazonaws.com/photos/627783628/original.jpg,cc-by-nc,"(c) Tablet Aplle, some rights reserved (CC BY-NC)",shacra,Tablet Aplle,2026-03-22,,needs_id,True,,,1536,2048,no,cannifolium/inat-344540035-627783628-shacra.jpg,
Spathiphyllum cannifolium,344540035,https://www.inaturalist.org/observations/344540035,627783626,https://inaturalist-open-data.s3.amazonaws.com/photos/627783626/original.jpg,cc-by-nc,"(c) Tablet Aplle, some rights reserved (CC BY-NC)",shacra,Tablet Aplle,2026-03-22,,needs_id,True,,,1536,2048,no,cannifolium/inat-344540035-627783626-shacra.jpg,
Spathiphyllum cannifolium,343863329,https://www.inaturalist.org/observations/343863329,626460093,https://static.inaturalist.org/photos/626460093/original.jpg,all-rights-reserved,"(c) Porlanaturaleza, all rights reserved",porlanaturaleza,Porlanaturaleza,2026-03-19,"Tunapuna-Piarco, Trinidad y Tobago",needs_id,False,10.7177692,-61.2982501,1536,2048,no,cannifolium/inat-343863329-626460093-porlanaturaleza.jpg,
Spathiphyllum cannifolium,343413964,https://www.inaturalist.org/observations/343413964,625557906,https://static.inaturalist.org/photos/625557906/original.jpg,all-rights-reserved,"(c) fungaubs, all rights reserved",fungaubs,,2026-03-16,"Costa Rica, Florencia, Caquetá, CO",needs_id,False,1.5568666667,-75.712495,1536,2048,no,cannifolium/inat-343413964-625557906-fungaubs.jpg,
Spathiphyllum cannifolium,342961769,https://www.inaturalist.org/observations/342961769,624636899,https://static.inaturalist.org/photos/624636899/original.jpg,all-rights-reserved,"(c) Michael Retter, all rights reserved",michaelretter,Michael Retter,2026-03-14,"Mitu, Mitú, Vaupés, CO",needs_id,False,1.215605,-70.2305133333,1152,2048,no,cannifolium/inat-342961769-624636899-michaelretter.jpg,
Spathiphyllum cannifolium,342961769,https://www.inaturalist.org/observations/342961769,624636923,https://static.inaturalist.org/photos/624636923/original.jpg,all-rights-reserved,"(c) Michael Retter, all rights reserved",michaelretter,Michael Retter,2026-03-14,"Mitu, Mitú, Vaupés, CO",needs_id,False,1.215605,-70.2305133333,1152,2048,no,cannifolium/inat-342961769-624636923-michaelretter.jpg,
Spathiphyllum cannifolium,342961769,https://www.inaturalist.org/observations/342961769,624636945,https://static.inaturalist.org/photos/624636945/original.jpg,all-rights-reserved,"(c) Michael Retter, all rights reserved",michaelretter,Michael Retter,2026-03-14,"Mitu, Mitú, Vaupés, CO",needs_id,False,1.215605,-70.2305133333,1152,2048,no,cannifolium/inat-342961769-624636945-michaelretter.jpg,
Spathiphyllum cannifolium,342796743,https://www.inaturalist.org/observations/342796743,624304637,https://inaturalist-open-data.s3.amazonaws.com/photos/624304637/original.jpg,cc-by-nc,"(c) Edwin Alberto Torres Jimenez, some rights reserved (CC BY-NC)",edwin_alberto2,Edwin Alberto Torres Jimenez,2026-03-13,"8XCC+VM, San Rafael, Antioquia, Colombia",needs_id,False,6.3214706997,-75.0308935997,1536,2048,no,cannifolium/inat-342796743-624304637-edwin_alberto2.jpg,
Spathiphyllum cannifolium,342796743,https://www.inaturalist.org/observations/342796743,624304681,https://inaturalist-open-data.s3.amazonaws.com/photos/624304681/original.jpg,cc-by-nc,"(c) Edwin Alberto Torres Jimenez, some rights reserved (CC BY-NC)",edwin_alberto2,Edwin Alberto Torres Jimenez,2026-03-13,"8XCC+VM, San Rafael, Antioquia, Colombia",needs_id,False,6.3214706997,-75.0308935997,1536,2048,no,cannifolium/inat-342796743-624304681-edwin_alberto2.jpg,
Spathiphyllum cannifolium,342436736,https://www.inaturalist.org/observations/342436736,623596017,https://static.inaturalist.org/photos/623596017/original.jpg,all-rights-reserved,"(c) Stefan Klein, all rights reserved",stefan180,Stefan Klein,2026-01-06,"Tijuca-Nationalpark, Rio de Janeiro, RJ, BR",research,False,-22.9479476563,-43.2817076218,1741,2048,no,cannifolium/inat-342436736-623596017-stefan180.jpg,
Spathiphyllum cannifolium,341892340,https://www.inaturalist.org/observations/341892340,622495146,https://static.inaturalist.org/photos/622495146/original.jpg,all-rights-reserved,"(c) Jeremy Chaixian, all rights reserved",jeremyquah,Jeremy Chaixian,2026-03-08,"Lorong Pegawai, Gelugor, Penang, MY",needs_id,False,5.3608133333,100.3056716667,1536,2048,no,cannifolium/inat-341892340-622495146-jeremyquah.jpg,
Spathiphyllum cannifolium,341892340,https://www.inaturalist.org/observations/341892340,622498833,https://static.inaturalist.org/photos/622498833/original.jpg,all-rights-reserved,"(c) Jeremy Chaixian, all rights reserved",jeremyquah,Jeremy Chaixian,2026-03-08,"Lorong Pegawai, Gelugor, Penang, MY",needs_id,False,5.3608133333,100.3056716667,1536,2048,no,cannifolium/inat-341892340-622498833-jeremyquah.jpg,
Spathiphyllum cannifolium,341830746,https://www.inaturalist.org/observations/341830746,622372523,https://inaturalist-open-data.s3.amazonaws.com/photos/622372523/original.jpg,cc-by-nc,"(c) Sri Wulan, some rights reserved (CC BY-NC)",sriiwulandarii,Sri Wulan,2026-02-28,"Sunyaragi, Kec. Kesambi, Kota Cirebon, Jawa Barat 45132, Indonesia",research,False,-6.7327643987,108.5327181593,1152,2048,no,cannifolium/inat-341830746-622372523-sriiwulandarii.jpg,
Spathiphyllum cannifolium,341830746,https://www.inaturalist.org/observations/341830746,622372539,https://inaturalist-open-data.s3.amazonaws.com/photos/622372539/original.jpg,cc-by-nc,"(c) Sri Wulan, some rights reserved (CC BY-NC)",sriiwulandarii,Sri Wulan,2026-02-28,"Sunyaragi, Kec. Kesambi, Kota Cirebon, Jawa Barat 45132, Indonesia",research,False,-6.7327643987,108.5327181593,2048,1152,no,cannifolium/inat-341830746-622372539-sriiwulandarii.jpg,
Spathiphyllum cannifolium,341596691,https://www.inaturalist.org/observations/341596691,621892527,https://inaturalist-open-data.s3.amazonaws.com/photos/621892527/original.jpg,cc-by-nc,"(c) John Maresh, some rights reserved (CC BY-NC)",czktex,John Maresh,2026-01-31,"Yopal, Casanare, Colombia",research,False,5.324748,-72.440364,1600,2048,no,cannifolium/inat-341596691-621892527-czktex.jpg,
Spathiphyllum cannifolium,341596691,https://www.inaturalist.org/observations/341596691,621893316,https://inaturalist-open-data.s3.amazonaws.com/photos/621893316/original.jpg,cc-by-nc,"(c) John Maresh, some rights reserved (CC BY-NC)",czktex,John Maresh,2026-01-31,"Yopal, Casanare, Colombia",research,False,5.324748,-72.440364,2048,1241,no,cannifolium/inat-341596691-621893316-czktex.jpg,
Spathiphyllum cannifolium,341250618,https://www.inaturalist.org/observations/341250618,621181869,https://inaturalist-open-data.s3.amazonaws.com/photos/621181869/original.jpg,cc-by-nc,"(c) Felipe Loaiza, some rights reserved (CC BY-NC)",felipe2009,Felipe Loaiza,2026-02-20,"San Carlos, Antioquia, Colombia",needs_id,False,6.2781130556,-74.9173847222,1536,2048,no,cannifolium/inat-341250618-621181869-felipe2009.jpg,
Spathiphyllum cannifolium,340526342,https://www.inaturalist.org/observations/340526342,619704975,https://inaturalist-open-data.s3.amazonaws.com/photos/619704975/original.jpg,cc-by-nc,"(c) diego200803, some rights reserved (CC BY-NC)",diego200803,,2026-02-27,"Turbo, Antioquia, Colombia",needs_id,False,8.1278283333,-76.6813213889,1536,2048,no,cannifolium/inat-340526342-619704975-diego200803.jpg,
Spathiphyllum cannifolium,340526342,https://www.inaturalist.org/observations/340526342,619705010,https://inaturalist-open-data.s3.amazonaws.com/photos/619705010/original.jpg,cc-by-nc,"(c) diego200803, some rights reserved (CC BY-NC)",diego200803,,2026-02-27,"Turbo, Antioquia, Colombia",needs_id,False,8.1278283333,-76.6813213889,1536,2048,no,cannifolium/inat-340526342-619705010-diego200803.jpg,
Spathiphyllum cannifolium,339482214,https://www.inaturalist.org/observations/339482214,617576404,https://inaturalist-open-data.s3.amazonaws.com/photos/617576404/original.jpg,cc-by-nc,"(c) Bryan Ramdeen, some rights reserved (CC BY-NC)",brystrange,Bryan Ramdeen,2026-02-19,"Trinidad, Trinidad and Tobago, TT",needs_id,False,10.6805333333,-61.1687783333,1536,2048,no,cannifolium/inat-339482214-617576404-brystrange.jpg,
Spathiphyllum cannifolium,339482214,https://www.inaturalist.org/observations/339482214,617576429,https://inaturalist-open-data.s3.amazonaws.com/photos/617576429/original.jpg,cc-by-nc,"(c) Bryan Ramdeen, some rights reserved (CC BY-NC)",brystrange,Bryan Ramdeen,2026-02-19,"Trinidad, Trinidad and Tobago, TT",needs_id,False,10.6805333333,-61.1687783333,1536,2048,no,cannifolium/inat-339482214-617576429-brystrange.jpg,
Spathiphyllum cannifolium,339237955,https://www.inaturalist.org/observations/339237955,617069492,https://static.inaturalist.org/photos/617069492/original.jpg,all-rights-reserved,"(c) Cade, all rights reserved",cadecampbell,Cade,2026-01-25,"Tambopata, PE-MD, PE",needs_id,True,-12.0426732507,-69.4134403815,2048,1536,no,cannifolium/inat-339237955-617069492-cadecampbell.jpg,
Spathiphyllum cannifolium,338807481,https://www.inaturalist.org/observations/338807481,616212631,https://inaturalist-open-data.s3.amazonaws.com/photos/616212631/original.jpg,cc-by-nc,"(c) starly16, some rights reserved (CC BY-NC)",starly16,,2026-02-15,"Pavarando Grande, Mutatá, Antioquia, Colombia",needs_id,False,7.2774115112,-76.5624929219,1200,1600,no,cannifolium/inat-338807481-616212631-starly16.jpg,
Spathiphyllum cannifolium,338801670,https://www.inaturalist.org/observations/338801670,616201125,https://inaturalist-open-data.s3.amazonaws.com/photos/616201125/original.jpg,cc-by-nc,"(c) ai khona, some rights reserved (CC BY-NC)",ayukhoeruln03,ai khona,2026-02-15,"Sunyaragi, Kec. Kesambi, Kota Cirebon, Jawa Barat 45132, Indonesia",needs_id,False,-6.733995698,108.5329659283,2048,2048,no,cannifolium/inat-338801670-616201125-ayukhoeruln03.jpg,
Spathiphyllum cannifolium,338639883,https://www.inaturalist.org/observations/338639883,615877779,https://inaturalist-open-data.s3.amazonaws.com/photos/615877779/original.jpg,cc-by-nc,"(c) pkondrashov, some rights reserved (CC BY-NC)",pkondrashov,,2026-02-14,"Cumaral, Meta, CO",research,False,4.2467029827,-73.4724060623,1152,2048,no,cannifolium/inat-338639883-615877779-pkondrashov.jpg,
Spathiphyllum cannifolium,338617912,https://www.inaturalist.org/observations/338617912,615836619,https://inaturalist-open-data.s3.amazonaws.com/photos/615836619/original.jpg,cc-by-nc,"(c) Darwin Monsalve, some rights reserved (CC BY-NC)",darwin34925,Darwin Monsalve,2026-02-14,"San Carlos, Antioquia, Colombia",needs_id,False,6.2538152778,-74.8895055556,2048,1536,no,cannifolium/inat-338617912-615836619-darwin34925.jpg,
Spathiphyllum cannifolium,338504648,https://www.inaturalist.org/observations/338504648,615612131,https://inaturalist-open-data.s3.amazonaws.com/photos/615612131/original.jpg,cc-by-nc,"(c) Jeffrey H. Skevington, some rights reserved (CC BY-NC)",jhskevington,Jeffrey H. Skevington,2026-02-13,"Mitú, Vaupés, CO",needs_id,False,1.1981466667,-70.1617138333,1536,2048,no,cannifolium/inat-338504648-615612131-jhskevington.jpg,
Spathiphyllum cannifolium,338469744,https://www.inaturalist.org/observations/338469744,615540974,https://inaturalist-open-data.s3.amazonaws.com/photos/615540974/original.jpg,cc-by-nc,"(c) Russ Hedley, some rights reserved (CC BY-NC)",russhedley,Russ Hedley,2026-02-07,"Vistahermosa, Meta, Colombia",needs_id,False,3.0620582997,-73.8791018,2048,2048,no,cannifolium/inat-338469744-615540974-russhedley.jpg,
Spathiphyllum cannifolium,338282643,https://www.inaturalist.org/observations/338282643,615149657,https://inaturalist-open-data.s3.amazonaws.com/photos/615149657/original.jpg,cc-by-nc,"(c) wawaaahrs, some rights reserved (CC BY-NC)",wawaaahrs,,2025-07-29,"Pagar Alam, Kota Pagar Alam, Sumatera Selatan, Indonesia",needs_id,False,-4.06829037,103.1919544424,374,248,no,cannifolium/inat-338282643-615149657-wawaaahrs.jpg,
Spathiphyllum cannifolium,338256388,https://www.inaturalist.org/observations/338256388,615238836,https://inaturalist-open-data.s3.amazonaws.com/photos/615238836/original.jpg,cc-by-nc,"(c) Eliana Guarin, some rights reserved (CC BY-NC)",eliana12856,Eliana Guarin,2026-02-11,"San Rafael, CO-AN, CO",needs_id,False,6.3295700771,-75.0639916956,1536,2048,no,cannifolium/inat-338256388-615238836-eliana12856.jpg,
Spathiphyllum cannifolium,338256388,https://www.inaturalist.org/observations/338256388,615238935,https://inaturalist-open-data.s3.amazonaws.com/photos/615238935/original.jpg,cc-by-nc,"(c) Eliana Guarin, some rights reserved (CC BY-NC)",eliana12856,Eliana Guarin,2026-02-11,"San Rafael, CO-AN, CO",needs_id,False,6.3295700771,-75.0639916956,1536,2048,no,cannifolium/inat-338256388-615238935-eliana12856.jpg,
Spathiphyllum cannifolium,337482037,https://www.inaturalist.org/observations/337482037,613510285,https://inaturalist-open-data.s3.amazonaws.com/photos/613510285/original.jpg,cc-by-nc,"(c) dybalki, some rights reserved (CC BY-NC)",dybalki,,2026-01-28,"Bukit Batok, Singapore",needs_id,False,1.3493314721,103.7642020919,946,2048,no,cannifolium/inat-337482037-613510285-dybalki.jpg,
Spathiphyllum cannifolium,337402217,https://www.inaturalist.org/observations/337402217,613344828,https://inaturalist-open-data.s3.amazonaws.com/photos/613344828/original.jpg,cc-by-nc,"(c) Marco Acuña, some rights reserved (CC BY-NC)",marcoacuna,Marco Acuña,2026-01-27,"Limón, CR",needs_id,True,10.0199050844,-83.499319752,1536,2048,no,cannifolium/inat-337402217-613344828-marcoacuna.jpg,
Spathiphyllum cannifolium,337248692,https://www.inaturalist.org/observations/337248692,613028443,https://inaturalist-open-data.s3.amazonaws.com/photos/613028443/original.jpg,cc-by,"(c) Susan Blayney, some rights reserved (CC BY)",susanblayney,Susan Blayney,2024-09-19,"CEA (Centro Experimental Amazonico), Villagarzon-Mocoa, Mocoa, Putumayo, Colombia",needs_id,False,1.0842287,-76.6275489,2048,1364,no,cannifolium/inat-337248692-613028443-susanblayney.jpg,
Spathiphyllum cannifolium,336132797,https://www.inaturalist.org/observations/336132797,610765499,https://inaturalist-open-data.s3.amazonaws.com/photos/610765499/original.jpg,cc-by-nc,"(c) claudia_mermelstein, some rights reserved (CC BY-NC)",claudia_mermelstein,,2026-01-25,"Jardim Botânico, Rio de Janeiro - RJ, Brasil",research,False,-22.9674930226,-43.2257571019,960,1280,no,cannifolium/inat-336132797-610765499-claudia_mermelstein.jpg,
Spathiphyllum cannifolium,331997847,https://www.inaturalist.org/observations/331997847,602407136,https://inaturalist-open-data.s3.amazonaws.com/photos/602407136/original.jpg,cc-by-nc,"(c) joseluisosorios, some rights reserved (CC BY-NC)",joseluisosorios,,2025-12-24,"San Vicente del Caguán, Caquetá, CO",needs_id,False,2.3898366667,-74.71643,1536,2048,no,cannifolium/inat-331997847-602407136-joseluisosorios.jpg,
Spathiphyllum cannifolium,331708121,https://www.inaturalist.org/observations/331708121,601810113,https://inaturalist-open-data.s3.amazonaws.com/photos/601810113/original.jpg,cc-by-nc,"(c) joseluisosorios, some rights reserved (CC BY-NC)",joseluisosorios,,2025-12-22,"San Vicente del Caguán, Caquetá, CO",needs_id,False,2.377025,-74.7157616667,1536,2048,no,cannifolium/inat-331708121-601810113-joseluisosorios.jpg,
Spathiphyllum cannifolium,331708121,https://www.inaturalist.org/observations/331708121,601810144,https://inaturalist-open-data.s3.amazonaws.com/photos/601810144/original.jpg,cc-by-nc,"(c) joseluisosorios, some rights reserved (CC BY-NC)",joseluisosorios,,2025-12-22,"San Vicente del Caguán, Caquetá, CO",needs_id,False,2.377025,-74.7157616667,1536,2048,no,cannifolium/inat-331708121-601810144-joseluisosorios.jpg,
Spathiphyllum cannifolium,331457295,https://www.inaturalist.org/observations/331457295,601301185,https://inaturalist-open-data.s3.amazonaws.com/photos/601301185/original.jpg,cc-by,"(c) Diogo Luiz, some rights reserved (CC BY)",diogoluiz,Diogo Luiz,2025-09-08,"Jardim Botânico, Rio de Janeiro - RJ, Brasil",research,False,-22.9707660556,-43.2235908333,1536,2048,no,cannifolium/inat-331457295-601301185-diogoluiz.jpg,
Spathiphyllum cannifolium,331001691,https://www.inaturalist.org/observations/331001691,600364813,https://static.inaturalist.org/photos/600364813/original.jpg,all-rights-reserved,"(c) Wellington da Silva de Lima, all rights reserved",wellington45,Wellington da Silva de Lima,2025-12-16,"Tefé - AM, 69470-000, Brasil",needs_id,False,-3.459558231,-64.6706822142,1536,2048,no,cannifolium/inat-331001691-600364813-wellington45.jpg,
Spathiphyllum cannifolium,331001691,https://www.inaturalist.org/observations/331001691,600364991,https://static.inaturalist.org/photos/600364991/original.jpg,all-rights-reserved,"(c) Wellington da Silva de Lima, all rights reserved",wellington45,Wellington da Silva de Lima,2025-12-16,"Tefé - AM, 69470-000, Brasil",needs_id,False,-3.459558231,-64.6706822142,1536,2048,no,cannifolium/inat-331001691-600364991-wellington45.jpg,
Spathiphyllum cannifolium,331001691,https://www.inaturalist.org/observations/331001691,600365015,https://static.inaturalist.org/photos/600365015/original.jpg,all-rights-reserved,"(c) Wellington da Silva de Lima, all rights reserved",wellington45,Wellington da Silva de Lima,2025-12-16,"Tefé - AM, 69470-000, Brasil",needs_id,False,-3.459558231,-64.6706822142,1536,2048,no,cannifolium/inat-331001691-600365015-wellington45.jpg,
Spathiphyllum cannifolium,331001691,https://www.inaturalist.org/observations/331001691,600365034,https://static.inaturalist.org/photos/600365034/original.jpg,all-rights-reserved,"(c) Wellington da Silva de Lima, all rights reserved",wellington45,Wellington da Silva de Lima,2025-12-16,"Tefé - AM, 69470-000, Brasil",needs_id,False,-3.459558231,-64.6706822142,1536,2048,no,cannifolium/inat-331001691-600365034-wellington45.jpg,
Spathiphyllum cannifolium,329257312,https://www.inaturalist.org/observations/329257312,596791364,https://static.inaturalist.org/photos/596791364/original.jpg,all-rights-reserved,"(c) LostInCR, all rights reserved",lostincr,LostInCR,2025-11-03,"Queramiki, Mitú, Vaupés, Colombia",research,False,1.2229733333,-70.1616666667,1366,2048,no,cannifolium/inat-329257312-596791364-lostincr.jpg,
Spathiphyllum cannifolium,329135252,https://www.inaturalist.org/observations/329135252,596552801,https://static.inaturalist.org/photos/596552801/original.jpg,all-rights-reserved,"(c) LostInCR, all rights reserved",lostincr,LostInCR,2025-11-01,"Queramiki, Mitú, Vaupés, Colombia",needs_id,False,1.21287,-70.182885,1365,2048,no,cannifolium/inat-329135252-596552801-lostincr.jpg,
Spathiphyllum cannifolium,329135252,https://www.inaturalist.org/observations/329135252,596552821,https://static.inaturalist.org/photos/596552821/original.jpg,all-rights-reserved,"(c) LostInCR, all rights reserved",lostincr,LostInCR,2025-11-01,"Queramiki, Mitú, Vaupés, Colombia",needs_id,False,1.21287,-70.182885,1365,2048,no,cannifolium/inat-329135252-596552821-lostincr.jpg,
Spathiphyllum cannifolium,328370450,https://www.inaturalist.org/observations/328370450,595013812,https://inaturalist-open-data.s3.amazonaws.com/photos/595013812/original.jpg,cc-by-nc,"(c) Yoselin Miranda, some rights reserved (CC BY-NC)",yoselin27565,Yoselin Miranda,2025-11-23,"Santa Fe, Provincia de Veraguas, Panamá",needs_id,False,8.8055600601,-81.0273785144,2048,921,no,cannifolium/inat-328370450-595013812-yoselin27565.jpg,
Spathiphyllum cannifolium,327825067,https://www.inaturalist.org/observations/327825067,593962688,https://inaturalist-open-data.s3.amazonaws.com/photos/593962688/original.jpg,cc-by,"(c) scaup, some rights reserved (CC BY)",scaup,,2025-11-22,"Villagarzón, Putumayo, CO",research,False,0.7966215373,-76.5878689303,1152,2048,no,cannifolium/inat-327825067-593962688-scaup.jpg,
Spathiphyllum cannifolium,325137633,https://www.inaturalist.org/observations/325137633,588628110,https://inaturalist-open-data.s3.amazonaws.com/photos/588628110/original.jpg,cc-by-nc,"(c) julian_lemus, some rights reserved (CC BY-NC)",julian_lemus,,2025-11-05,"Yopal, Casanare, Colombia",needs_id,False,5.3551161908,-72.3066188521,900,1600,no,cannifolium/inat-325137633-588628110-julian_lemus.jpg,
Spathiphyllum cannifolium,325137633,https://www.inaturalist.org/observations/325137633,588628108,https://inaturalist-open-data.s3.amazonaws.com/photos/588628108/original.jpg,cc-by-nc,"(c) julian_lemus, some rights reserved (CC BY-NC)",julian_lemus,,2025-11-05,"Yopal, Casanare, Colombia",needs_id,False,5.3551161908,-72.3066188521,900,1600,no,cannifolium/inat-325137633-588628108-julian_lemus.jpg,
Spathiphyllum cannifolium,325137633,https://www.inaturalist.org/observations/325137633,588628109,https://inaturalist-open-data.s3.amazonaws.com/photos/588628109/original.jpg,cc-by-nc,"(c) julian_lemus, some rights reserved (CC BY-NC)",julian_lemus,,2025-11-05,"Yopal, Casanare, Colombia",needs_id,False,5.3551161908,-72.3066188521,900,1600,no,cannifolium/inat-325137633-588628109-julian_lemus.jpg,
Spathiphyllum cannifolium,324736759,https://www.inaturalist.org/observations/324736759,587824061,https://inaturalist-open-data.s3.amazonaws.com/photos/587824061/original.jpg,cc-by-nc,"(c) Miguel Vargas, some rights reserved (CC BY-NC)",el_mora,Miguel Vargas,2025-11-03,"Barranca de Upía, Meta, Colombia",needs_id,False,4.669497219,-73.0545011535,1542,2048,no,cannifolium/inat-324736759-587824061-el_mora.jpg,
Spathiphyllum cannifolium,324306828,https://www.inaturalist.org/observations/324306828,586956538,https://inaturalist-open-data.s3.amazonaws.com/photos/586956538/original.jpg,cc-by-nc,"(c) judysue3, some rights reserved (CC BY-NC)",judysue3,,2025-11-01,"Tena, EC-NA, EC",needs_id,False,-1.1049113081,-77.5926050181,1542,2048,no,cannifolium/inat-324306828-586956538-judysue3.jpg,
Spathiphyllum cannifolium,320653222,https://www.inaturalist.org/observations/320653222,579780999,https://inaturalist-open-data.s3.amazonaws.com/photos/579780999/original.jpg,cc-by-nc,"(c) Jackson Frost, some rights reserved (CC BY-NC)",jacksonfrost,Jackson Frost,2025-04-30,"Mitú, Vaupes, Colombia",needs_id,False,1.2204724014,-70.1546178081,1521,2048,no,cannifolium/inat-320653222-579780999-jacksonfrost.jpg,
Spathiphyllum cannifolium,320169822,https://www.inaturalist.org/observations/320169822,578839727,https://inaturalist-open-data.s3.amazonaws.com/photos/578839727/original.jpg,cc-by-nc,"(c) Gavin, some rights reserved (CC BY-NC)",gavin_n,Gavin,2025-10-04,"Bishan, Singapore",needs_id,False,1.3608808703,103.8225861266,1434,2048,no,cannifolium/inat-320169822-578839727-gavin_n.jpg,
Spathiphyllum cannifolium,320169822,https://www.inaturalist.org/observations/320169822,578839771,https://inaturalist-open-data.s3.amazonaws.com/photos/578839771/original.jpg,cc-by-nc,"(c) Gavin, some rights reserved (CC BY-NC)",gavin_n,Gavin,2025-10-04,"Bishan, Singapore",needs_id,False,1.3608808703,103.8225861266,1961,1961,no,cannifolium/inat-320169822-578839771-gavin_n.jpg,
Spathiphyllum cannifolium,320169822,https://www.inaturalist.org/observations/320169822,578839810,https://inaturalist-open-data.s3.amazonaws.com/photos/578839810/original.jpg,cc-by-nc,"(c) Gavin, some rights reserved (CC BY-NC)",gavin_n,Gavin,2025-10-04,"Bishan, Singapore",needs_id,False,1.3608808703,103.8225861266,2048,2048,no,cannifolium/inat-320169822-578839810-gavin_n.jpg,
Spathiphyllum cannifolium,319682310,https://www.inaturalist.org/observations/319682310,577901494,https://inaturalist-open-data.s3.amazonaws.com/photos/577901494/original.jpg,cc-by,"(c) Nicolás Baresch Uribe, some rights reserved (CC BY)",nbareschu,Nicolás Baresch Uribe,2025-10-03,"San José del Guaviare, San José Guaviare, Guaviare, CO",research,False,2.513495,-72.70513,1536,2048,no,cannifolium/inat-319682310-577901494-nbareschu.jpg,
Spathiphyllum cannifolium,319682310,https://www.inaturalist.org/observations/319682310,577901554,https://inaturalist-open-data.s3.amazonaws.com/photos/577901554/original.jpg,cc-by,"(c) Nicolás Baresch Uribe, some rights reserved (CC BY)",nbareschu,Nicolás Baresch Uribe,2025-10-03,"San José del Guaviare, San José Guaviare, Guaviare, CO",research,False,2.513495,-72.70513,1536,2048,no,cannifolium/inat-319682310-577901554-nbareschu.jpg,
Spathiphyllum cannifolium,319677880,https://www.inaturalist.org/observations/319677880,577892624,https://inaturalist-open-data.s3.amazonaws.com/photos/577892624/original.jpg,cc-by,"(c) Nicolás Baresch Uribe, some rights reserved (CC BY)",nbareschu,Nicolás Baresch Uribe,2025-10-03,"San José del Guaviare, San José Guaviare, Guaviare, CO",needs_id,False,2.51182,-72.7070466667,1536,2048,no,cannifolium/inat-319677880-577892624-nbareschu.jpg,
Spathiphyllum cannifolium,319677880,https://www.inaturalist.org/observations/319677880,577892684,https://inaturalist-open-data.s3.amazonaws.com/photos/577892684/original.jpg,cc-by,"(c) Nicolás Baresch Uribe, some rights reserved (CC BY)",nbareschu,Nicolás Baresch Uribe,2025-10-03,"San José del Guaviare, San José Guaviare, Guaviare, CO",needs_id,False,2.51182,-72.7070466667,1536,2048,no,cannifolium/inat-319677880-577892684-nbareschu.jpg,
Spathiphyllum cannifolium,319677880,https://www.inaturalist.org/observations/319677880,577892737,https://inaturalist-open-data.s3.amazonaws.com/photos/577892737/original.jpg,cc-by,"(c) Nicolás Baresch Uribe, some rights reserved (CC BY)",nbareschu,Nicolás Baresch Uribe,2025-10-03,"San José del Guaviare, San José Guaviare, Guaviare, CO",needs_id,False,2.51182,-72.7070466667,1536,2048,no,cannifolium/inat-319677880-577892737-nbareschu.jpg,
Spathiphyllum cannifolium,319211008,https://www.inaturalist.org/observations/319211008,576886225,https://static.inaturalist.org/photos/576886225/original.jpg,all-rights-reserved,"(c) Didelphis pernigra, all rights reserved",didelphis_pernigra,Didelphis pernigra,2025-08-27,"Nunchía, Casanare, Colombia",needs_id,False,5.60013,-72.27076,2048,1536,no,cannifolium/inat-319211008-576886225-didelphis_pernigra.jpg,
Spathiphyllum cannifolium,319211008,https://www.inaturalist.org/observations/319211008,576886346,https://static.inaturalist.org/photos/576886346/original.jpg,all-rights-reserved,"(c) Didelphis pernigra, all rights reserved",didelphis_pernigra,Didelphis pernigra,2025-08-27,"Nunchía, Casanare, Colombia",needs_id,False,5.60013,-72.27076,2048,1536,no,cannifolium/inat-319211008-576886346-didelphis_pernigra.jpg,
Spathiphyllum cannifolium,319211008,https://www.inaturalist.org/observations/319211008,576886373,https://static.inaturalist.org/photos/576886373/original.jpg,all-rights-reserved,"(c) Didelphis pernigra, all rights reserved",didelphis_pernigra,Didelphis pernigra,2025-08-27,"Nunchía, Casanare, Colombia",needs_id,False,5.60013,-72.27076,2048,1536,no,cannifolium/inat-319211008-576886373-didelphis_pernigra.jpg,
Spathiphyllum cannifolium,317672462,https://www.inaturalist.org/observations/317672462,574057326,https://inaturalist-open-data.s3.amazonaws.com/photos/574057326/original.jpg,cc-by-nc,"(c) Victor Manuel Vargas Sanchez, some rights reserved (CC BY-NC)",xxvictorxx,Victor Manuel Vargas Sanchez,2025-09-09,"La Trinidad, Castilla La Nueva, Meta, Colombia",needs_id,False,3.76445,-73.3761527778,1536,2048,no,cannifolium/inat-317672462-574057326-xxvictorxx.jpg,
Spathiphyllum cannifolium,317672462,https://www.inaturalist.org/observations/317672462,574057368,https://inaturalist-open-data.s3.amazonaws.com/photos/574057368/original.jpg,cc-by-nc,"(c) Victor Manuel Vargas Sanchez, some rights reserved (CC BY-NC)",xxvictorxx,Victor Manuel Vargas Sanchez,2025-09-09,"La Trinidad, Castilla La Nueva, Meta, Colombia",needs_id,False,3.76445,-73.3761527778,1536,2048,no,cannifolium/inat-317672462-574057368-xxvictorxx.jpg,
Spathiphyllum cannifolium,317448199,https://www.inaturalist.org/observations/317448199,573626666,https://inaturalist-open-data.s3.amazonaws.com/photos/573626666/original.jpg,cc-by-nc,"(c) Ratchada Yuenyongkeereemat, some rights reserved (CC BY-NC)",aioon_ry,Ratchada Yuenyongkeereemat,2025-09-29,4J9F+GXX ตำบล เกาะยาวน้อย อำเภอ เกาะยาว พังงา 82160 ประเทศไทย,research,False,8.1184594256,98.6245666444,1536,2048,no,cannifolium/inat-317448199-573626666-aioon_ry.jpg,
Spathiphyllum cannifolium,317448199,https://www.inaturalist.org/observations/317448199,573626732,https://inaturalist-open-data.s3.amazonaws.com/photos/573626732/original.jpg,cc-by-nc,"(c) Ratchada Yuenyongkeereemat, some rights reserved (CC BY-NC)",aioon_ry,Ratchada Yuenyongkeereemat,2025-09-29,4J9F+GXX ตำบล เกาะยาวน้อย อำเภอ เกาะยาว พังงา 82160 ประเทศไทย,research,False,8.1184594256,98.6245666444,1536,2048,no,cannifolium/inat-317448199-573626732-aioon_ry.jpg,
Spathiphyllum cannifolium,317206191,https://www.inaturalist.org/observations/317206191,573170486,https://inaturalist-open-data.s3.amazonaws.com/photos/573170486/original.jpg,cc-by-nc,"(c) Panita K, some rights reserved (CC BY-NC)",spa12021panita,Panita K,2025-09-28,4JCG+G8R ตำบล เกาะยาวน้อย อำเภอ เกาะยาว พังงา 82160 ประเทศไทย,needs_id,False,8.1210364136,98.625090681,2048,2048,no,cannifolium/inat-317206191-573170486-spa12021panita.jpg,
Spathiphyllum cannifolium,317187012,https://www.inaturalist.org/observations/317187012,573133865,https://inaturalist-open-data.s3.amazonaws.com/photos/573133865/original.jpg,cc-by-nc,"(c) จุฑามาส เพชรสุพัทธ, some rights reserved (CC BY-NC)",spa12138jutamas,จุฑามาส เพชรสุพัทธ,2025-09-28,4JCF+3FV ตำบล เกาะยาวน้อย อำเภอ เกาะยาว พังงา 82160 ประเทศไทย,needs_id,False,8.1201791,98.6240009,1536,2048,no,cannifolium/inat-317187012-573133865-spa12138jutamas.jpg,
Spathiphyllum cannifolium,316147312,https://www.inaturalist.org/observations/316147312,571156920,https://inaturalist-open-data.s3.amazonaws.com/photos/571156920/original.jpg,cc0,no rights reserved,filipeprates,,2025-09-23,"Jardim Botânico, Rio de Janeiro - RJ, Brasil",research,False,-22.9683898089,-43.2283108954,2048,1703,no,cannifolium/inat-316147312-571156920-filipeprates.jpg,
Spathiphyllum cannifolium,316147312,https://www.inaturalist.org/observations/316147312,571156862,https://inaturalist-open-data.s3.amazonaws.com/photos/571156862/original.jpg,cc0,no rights reserved,filipeprates,,2025-09-23,"Jardim Botânico, Rio de Janeiro - RJ, Brasil",research,False,-22.9683898089,-43.2283108954,2048,2048,no,cannifolium/inat-316147312-571156862-filipeprates.jpg,
Spathiphyllum cannifolium,316147288,https://www.inaturalist.org/observations/316147288,571156624,https://inaturalist-open-data.s3.amazonaws.com/photos/571156624/original.jpg,cc0,no rights reserved,filipeprates,,2025-09-23,"Jardim Botânico, Rio de Janeiro - RJ, Brasil",research,False,-22.9682712697,-43.228316144,1638,2048,no,cannifolium/inat-316147288-571156624-filipeprates.jpg,
Spathiphyllum cannifolium,315479615,https://www.inaturalist.org/observations/315479615,569910981,https://inaturalist-open-data.s3.amazonaws.com/photos/569910981/original.jpg,cc-by-nc,"(c) ARC Environmental, some rights reserved (CC BY-NC)",arcenvironmental,ARC Environmental,2025-09-21,"Grand Fond Road, Trinidad and Tobago, TT",research,False,10.7523040474,-61.4348158893,1152,2048,no,cannifolium/inat-315479615-569910981-arcenvironmental.jpg,
Spathiphyllum cannifolium,313378039,https://www.inaturalist.org/observations/313378039,565911704,https://static.inaturalist.org/photos/565911704/original.jpg,all-rights-reserved,"(c) Marta Rivas21, all rights reserved",martarivas21,Marta Rivas21,2025-08-24,"4H77+WCW Loma Altos de Pedregal, Panamá, Provincia de Panamá, Panamá",needs_id,False,9.1135957261,-79.4348128885,1536,2048,no,cannifolium/inat-313378039-565911704-martarivas21.jpg,
Spathiphyllum cannifolium,311206847,https://www.inaturalist.org/observations/311206847,561768426,https://inaturalist-open-data.s3.amazonaws.com/photos/561768426/original.jpg,cc-by-nc,"(c) ruddy2410, some rights reserved (CC BY-NC)",ruddy2410,ruddy2410,2025-09-03,"Island Club Rd, Singapore, SG, SG",needs_id,False,1.3609216667,103.8223416667,1536,2048,no,cannifolium/inat-311206847-561768426-ruddy2410.jpg,
Spathiphyllum cannifolium,309138155,https://www.inaturalist.org/observations/309138155,557811790,https://static.inaturalist.org/photos/557811790/original.jpg,all-rights-reserved,"(c) Jimmy Tan, all rights reserved",jimmy513,Jimmy Tan,2025-08-26,"Singapore, SG, SG",research,False,1.3480633333,103.7635883333,2048,1536,no,cannifolium/inat-309138155-557811790-jimmy513.jpg,
Spathiphyllum cannifolium,307728932,https://www.inaturalist.org/observations/307728932,555097239,https://inaturalist-open-data.s3.amazonaws.com/photos/555097239/original.jpg,cc-by-nc,"(c) be_ramir, some rights reserved (CC BY-NC)",be_ramir,,2025-08-19,"naranjitos, Yopal, Casanare, Colombia",needs_id,False,5.487299,-72.3561027,960,1280,no,cannifolium/inat-307728932-555097239-be_ramir.jpg,
Spathiphyllum cannifolium,302742859,https://www.inaturalist.org/observations/302742859,545608992,https://static.inaturalist.org/photos/545608992/original.jpg,all-rights-reserved,"(c) Andrés Ramírez-Barrera, all rights reserved",nicolasr,Andrés Ramírez-Barrera,2025-05-23,"Aguazul, Casanare, Colombia",needs_id,False,5.2426168861,-72.5230755786,2048,1365,no,cannifolium/inat-302742859-545608992-nicolasr.jpg,
Spathiphyllum cannifolium,302742859,https://www.inaturalist.org/observations/302742859,545608999,https://static.inaturalist.org/photos/545608999/original.jpg,all-rights-reserved,"(c) Andrés Ramírez-Barrera, all rights reserved",nicolasr,Andrés Ramírez-Barrera,2025-05-23,"Aguazul, Casanare, Colombia",needs_id,False,5.2426168861,-72.5230755786,2048,1365,no,cannifolium/inat-302742859-545608999-nicolasr.jpg,
Spathiphyllum cannifolium,301786829,https://www.inaturalist.org/observations/301786829,543842957,https://inaturalist-open-data.s3.amazonaws.com/photos/543842957/original.jpg,cc-by-nc,"(c) ahr63, some rights reserved (CC BY-NC)",ahr63,,2025-07-28,"Baa, MV",needs_id,False,4.532555,73.3724583333,2048,1536,no,cannifolium/inat-301786829-543842957-ahr63.jpg,
Spathiphyllum cannifolium,297783175,https://www.inaturalist.org/observations/297783175,536325679,https://inaturalist-open-data.s3.amazonaws.com/photos/536325679/original.jpg,cc-by-nc,"(c) Nicole Wonderlin, some rights reserved (CC BY-NC)",nicolewonderlin,Nicole Wonderlin,2025-07-11,"Orellana, Orellana, EC",needs_id,False,-0.67393,-76.3975383333,1536,2048,no,cannifolium/inat-297783175-536325679-nicolewonderlin.jpg,
Spathiphyllum cannifolium,297195947,https://www.inaturalist.org/observations/297195947,535210255,https://inaturalist-open-data.s3.amazonaws.com/photos/535210255/original.jpg,cc-by-nc,"(c) Jeremy Collison, some rights reserved (CC BY-NC)",crx2aj3,Jeremy Collison,2025-04-29,"Queramiki, Mitú, Vaupés, Colombia",needs_id,False,1.2160266198,-70.2345800582,2048,1365,no,cannifolium/inat-297195947-535210255-crx2aj3.jpg,
Spathiphyllum cannifolium,297195947,https://www.inaturalist.org/observations/297195947,535210280,https://inaturalist-open-data.s3.amazonaws.com/photos/535210280/original.jpg,cc-by-nc,"(c) Jeremy Collison, some rights reserved (CC BY-NC)",crx2aj3,Jeremy Collison,2025-04-29,"Queramiki, Mitú, Vaupés, Colombia",needs_id,False,1.2160266198,-70.2345800582,2048,1365,no,cannifolium/inat-297195947-535210280-crx2aj3.jpg,
Spathiphyllum cannifolium,297195947,https://www.inaturalist.org/observations/297195947,535210314,https://inaturalist-open-data.s3.amazonaws.com/photos/535210314/original.jpg,cc-by-nc,"(c) Jeremy Collison, some rights reserved (CC BY-NC)",crx2aj3,Jeremy Collison,2025-04-29,"Queramiki, Mitú, Vaupés, Colombia",needs_id,False,1.2160266198,-70.2345800582,2048,1365,no,cannifolium/inat-297195947-535210314-crx2aj3.jpg,
Spathiphyllum cannifolium,294325552,https://www.inaturalist.org/observations/294325552,529763614,https://inaturalist-open-data.s3.amazonaws.com/photos/529763614/original.jpg,cc-by-nc,"(c) charlotteduhamel, some rights reserved (CC BY-NC)",charlotteduhamel,,2025-06-30,"Morona, Morona-Santiago, EC",needs_id,False,-2.8757883333,-77.71678,1536,2048,no,cannifolium/inat-294325552-529763614-charlotteduhamel.jpg,
Spathiphyllum cannifolium,294325552,https://www.inaturalist.org/observations/294325552,529763690,https://inaturalist-open-data.s3.amazonaws.com/photos/529763690/original.jpg,cc-by-nc,"(c) charlotteduhamel, some rights reserved (CC BY-NC)",charlotteduhamel,,2025-06-30,"Morona, Morona-Santiago, EC",needs_id,False,-2.8757883333,-77.71678,1536,2048,no,cannifolium/inat-294325552-529763690-charlotteduhamel.jpg,
Spathiphyllum cannifolium,294325552,https://www.inaturalist.org/observations/294325552,529763815,https://inaturalist-open-data.s3.amazonaws.com/photos/529763815/original.jpg,cc-by-nc,"(c) charlotteduhamel, some rights reserved (CC BY-NC)",charlotteduhamel,,2025-06-30,"Morona, Morona-Santiago, EC",needs_id,False,-2.8757883333,-77.71678,1536,2048,no,cannifolium/inat-294325552-529763815-charlotteduhamel.jpg,
Spathiphyllum cannifolium,293567997,https://www.inaturalist.org/observations/293567997,528389963,https://inaturalist-open-data.s3.amazonaws.com/photos/528389963/original.jpg,cc-by-nc,"(c) Wei Chin Tan, some rights reserved (CC BY-NC)",wei_chin,Wei Chin Tan,2025-06-29,"Aft Yishun Ave 1, Singapore",needs_id,False,1.40650337,103.82847651,1536,2048,no,cannifolium/inat-293567997-528389963-wei_chin.jpg,
Spathiphyllum cannifolium,293567997,https://www.inaturalist.org/observations/293567997,528390001,https://inaturalist-open-data.s3.amazonaws.com/photos/528390001/original.jpg,cc-by-nc,"(c) Wei Chin Tan, some rights reserved (CC BY-NC)",wei_chin,Wei Chin Tan,2025-06-29,"Aft Yishun Ave 1, Singapore",needs_id,False,1.40650337,103.82847651,1536,2048,no,cannifolium/inat-293567997-528390001-wei_chin.jpg,
Spathiphyllum cannifolium,292053741,https://www.inaturalist.org/observations/292053741,525530166,https://inaturalist-open-data.s3.amazonaws.com/photos/525530166/original.jpg,cc-by-nc,"(c) Cindy Aulia Salsabila, some rights reserved (CC BY-NC)",cindysalsabil_,Cindy Aulia Salsabila,2025-06-19,"Istana Bogor, Paledang, Kecamatan Bogor Tengah, Kota Bogor, Jawa Barat, Indonesia",needs_id,False,-6.597628929,106.799569577,1536,2048,no,cannifolium/inat-292053741-525530166-cindysalsabil_.jpg,
Spathiphyllum cannifolium,289863230,https://www.inaturalist.org/observations/289863230,521379895,https://inaturalist-open-data.s3.amazonaws.com/photos/521379895/original.jpg,cc-by,"(c) Stephanie Tran, some rights reserved (CC BY)",stephtran,Stephanie Tran,2025-06-14,"Tunapuna/Piarco Regional Corporation, Trinidad and Tobago",needs_id,False,10.684850627,-61.2916276488,2048,1365,no,cannifolium/inat-289863230-521379895-stephtran.jpg,
Spathiphyllum cannifolium,289478417,https://www.inaturalist.org/observations/289478417,520653882,https://static.inaturalist.org/photos/520653882/original.jpg,all-rights-reserved,"(c) 高晓梦, all rights reserved",monica2333,高晓梦,2025-04-15,"Sandakan, Sabah, Malaysia",needs_id,False,5.8558862,118.0721949,2048,1537,no,cannifolium/inat-289478417-520653882-monica2333.jpg,
Spathiphyllum cannifolium,288064536,https://www.inaturalist.org/observations/288064536,518000505,https://inaturalist-open-data.s3.amazonaws.com/photos/518000505/original.jpg,cc-by-nc,"(c) joselunasolarte, some rights reserved (CC BY-NC)",joselunasolarte,,2025-05-16,"Vía Laguna Negra, San José Guaviare, Guaviare, CO",needs_id,False,2.55172,-72.710245,1536,2048,no,cannifolium/inat-288064536-518000505-joselunasolarte.jpg,
Spathiphyllum cannifolium,287270222,https://www.inaturalist.org/observations/287270222,516516524,https://inaturalist-open-data.s3.amazonaws.com/photos/516516524/original.jpg,cc-by-nc,"(c) Jeremy Collison, some rights reserved (CC BY-NC)",crx2aj3,Jeremy Collison,2025-04-30,"Mitú, Vaupes, Colombia",needs_id,False,1.2249406991,-70.1518204064,2048,1365,no,cannifolium/inat-287270222-516516524-crx2aj3.jpg,
Spathiphyllum cannifolium,283373996,https://www.inaturalist.org/observations/283373996,509176316,https://inaturalist-open-data.s3.amazonaws.com/photos/509176316/original.jpg,cc-by-nc,"(c) elissa324, some rights reserved (CC BY-NC)",elissa324,,2025-05-23,Rio de Janeiro,research,False,-22.9593086243,-43.2110519409,1536,2048,no,cannifolium/inat-283373996-509176316-elissa324.jpg,
Spathiphyllum cannifolium,282767975,https://www.inaturalist.org/observations/282767975,508049629,https://inaturalist-open-data.s3.amazonaws.com/photos/508049629/original.jpg,cc-by-nc,"(c) Pablo Grefa, some rights reserved (CC BY-NC)",pablo78383,Pablo Grefa,2025-05-20,"Loreto, EC-OR, EC",needs_id,False,-0.7657033333,-77.3990666667,1536,2048,no,cannifolium/inat-282767975-508049629-pablo78383.jpg,
Spathiphyllum cannifolium,278604296,https://www.inaturalist.org/observations/278604296,500260733,https://inaturalist-open-data.s3.amazonaws.com/photos/500260733/original.jpg,cc-by-nc,"(c) Jefferson Flechas, some rights reserved (CC BY-NC)",jflechas13,Jefferson Flechas,2025-05-01,"Villavicencio, Meta, CO",needs_id,False,4.1890116667,-73.6298216667,1536,2048,no,cannifolium/inat-278604296-500260733-jflechas13.jpg,
Spathiphyllum cannifolium,278356250,https://www.inaturalist.org/observations/278356250,499811651,https://inaturalist-open-data.s3.amazonaws.com/photos/499811651/original.jpg,cc-by-nc,"(c) spa12071saowanit, some rights reserved (CC BY-NC)",spa12071saowanit,,2025-05-04,"Ko Yao Noi, Ko Yao, Phang Nga, TH",needs_id,False,8.1181195,98.6247466667,1536,2048,no,cannifolium/inat-278356250-499811651-spa12071saowanit.jpg,
Spathiphyllum cannifolium,278332535,https://www.inaturalist.org/observations/278332535,499769123,https://inaturalist-open-data.s3.amazonaws.com/photos/499769123/original.jpg,cc-by-nc,"(c) paranee thongkaew, some rights reserved (CC BY-NC)",spa12022paranee,paranee thongkaew,2025-05-04,"เกาะยาวน้อย, อ.เกาะยาว, จ.พังงา, TH",needs_id,False,8.1182028333,98.624755,1536,2048,no,cannifolium/inat-278332535-499769123-spa12022paranee.jpg,
Spathiphyllum cannifolium,277216866,https://www.inaturalist.org/observations/277216866,498817638,https://inaturalist-open-data.s3.amazonaws.com/photos/498817638/original.jpeg,cc-by-nc,"(c) Miguel Vargas, some rights reserved (CC BY-NC)",el_mora,Miguel Vargas,2025-04-29,"Barranca de Upía, Meta, Colombia",research,False,4.6651895066,-73.0440358445,1536,2048,no,cannifolium/inat-277216866-498817638-el_mora.jpeg,
Spathiphyllum cannifolium,276828096,https://www.inaturalist.org/observations/276828096,497094684,https://inaturalist-open-data.s3.amazonaws.com/photos/497094684/original.jpeg,cc-by-nc,"(c) cassiia, some rights reserved (CC BY-NC)",cassiia,,2025-04-29,"Queramiki, Mitú, Vaupés, Colombia",needs_id,False,1.215225,-70.2349333333,1537,2048,no,cannifolium/inat-276828096-497094684-cassiia.jpeg,
Spathiphyllum cannifolium,276231076,https://www.inaturalist.org/observations/276231076,496110967,https://static.inaturalist.org/photos/496110967/original.jpeg,all-rights-reserved,"(c) Ronie Senangote, all rights reserved",lgucagro_senangote,Ronie Senangote,2025-04-28,"9R65+WM4, Tagum, Davao del Norte, Philippines",needs_id,False,7.3650454877,125.8071604371,1536,2048,no,cannifolium/inat-276231076-496110967-lgucagro_senangote.jpeg,
Spathiphyllum cannifolium,275455852,https://www.inaturalist.org/observations/275455852,494975633,https://static.inaturalist.org/photos/494975633/original.jpeg,all-rights-reserved,"(c) Katty Soo, all rights reserved",katty_soo,Katty Soo,2025-04-26,"Taman Kulai, 81000 Kulai, Johor Darul Ta'zim, 马来西亚",needs_id,False,1.6555384482,103.5975246504,1536,2048,no,cannifolium/inat-275455852-494975633-katty_soo.jpeg,
Spathiphyllum cannifolium,274999783,https://www.inaturalist.org/observations/274999783,494250750,https://inaturalist-open-data.s3.amazonaws.com/photos/494250750/original.jpeg,cc-by-nc,"(c) jadecampero, some rights reserved (CC BY-NC)",jadecampero,,2025-04-27,"Andrés Ibáñez, BO-SC, BO",needs_id,False,-17.844653587,-63.165942505,1536,2048,no,cannifolium/inat-274999783-494250750-jadecampero.jpeg,
Spathiphyllum cannifolium,274926522,https://www.inaturalist.org/observations/274926522,494132582,https://inaturalist-open-data.s3.amazonaws.com/photos/494132582/original.jpeg,cc-by-nc,"(c) Esteban Moy Ruiz, some rights reserved (CC BY-NC)",agr_3_estebanmoy,Esteban Moy Ruiz,2025-04-27,"535G+HH8, Trinidad, Bolivia",needs_id,False,-14.8404773603,-64.9241898581,1536,2048,no,cannifolium/inat-274926522-494132582-agr_3_estebanmoy.jpeg,
Spathiphyllum cannifolium,273683079,https://www.inaturalist.org/observations/273683079,492184645,https://inaturalist-open-data.s3.amazonaws.com/photos/492184645/original.jpeg,cc-by-nc,"(c) lguchrmo_rustomamante, some rights reserved (CC BY-NC)",lguchrmo_rustomamante,lguchrmo_rustomamante,2025-04-25,"9RGQ+JVC, Tagum, Davao de Oro, Philippines",needs_id,False,7.376671213,125.839827396,923,2048,no,cannifolium/inat-273683079-492184645-lguchrmo_rustomamante.jpeg,
Spathiphyllum cannifolium,272673810,https://www.inaturalist.org/observations/272673810,490570199,https://inaturalist-open-data.s3.amazonaws.com/photos/490570199/original.jpeg,cc-by-nc,"(c) Maria Lúcia, some rights reserved (CC BY-NC)",maluregufe,Maria Lúcia,2025-04-24,"Alto da Boa Vista, Rio de Janeiro - RJ, 20531, Brasil",research,False,-22.9572837798,-43.2811579853,576,733,no,cannifolium/inat-272673810-490570199-maluregufe.jpeg,
Spathiphyllum cannifolium,271241515,https://www.inaturalist.org/observations/271241515,487885417,https://inaturalist-open-data.s3.amazonaws.com/photos/487885417/original.jpeg,cc-by-nc,"(c) CRISTIAN SANTI, some rights reserved (CC BY-NC)",cristian12334,CRISTIAN SANTI,2025-04-17,"7V9Q+9VJ, Ecuador",needs_id,False,-1.7316933076,-77.1107099578,1533,2048,no,cannifolium/inat-271241515-487885417-cristian12334.jpeg,
Spathiphyllum cannifolium,269627498,https://www.inaturalist.org/observations/269627498,484814371,https://inaturalist-open-data.s3.amazonaws.com/photos/484814371/original.jpeg,cc-by-nc,"(c) Tracy milagros Pina pinchi, some rights reserved (CC BY-NC)",tracy_milagros,Tracy milagros Pina pinchi,2025-04-10,"6QX4+VWC, Iquitos 16002, Perú",needs_id,False,-3.750345,-73.2427933333,1152,2048,no,cannifolium/inat-269627498-484814371-tracy_milagros.jpeg,
Spathiphyllum cannifolium,269445700,https://www.inaturalist.org/observations/269445700,484470277,https://inaturalist-open-data.s3.amazonaws.com/photos/484470277/original.jpeg,cc-by-nc,"(c) vivi1874, some rights reserved (CC BY-NC)",vivi1874,,2025-04-06,新加坡紅山,needs_id,False,1.2712458869,103.8005286984,1152,2048,no,cannifolium/inat-269445700-484470277-vivi1874.jpeg,
Spathiphyllum cannifolium,268681813,https://www.inaturalist.org/observations/268681813,482988306,https://inaturalist-open-data.s3.amazonaws.com/photos/482988306/original.jpg,cc-by-sa,"(c) Yuan Zhuang, some rights reserved (CC BY-SA)",yuan1,Yuan Zhuang,2021-06-19,"Southern Islands, Singapore",needs_id,False,1.2578978767,103.8122028233,2048,1366,no,cannifolium/inat-268681813-482988306-yuan1.jpg,
Spathiphyllum cannifolium,268398632,https://www.inaturalist.org/observations/268398632,482441521,https://static.inaturalist.org/photos/482441521/original.jpeg,all-rights-reserved,"(c) Virginia, all rights reserved",a1virginia,Virginia,2024-07-27,"Bukit Batok, Singapore",needs_id,False,1.3487361111,103.7622305556,2048,1536,no,cannifolium/inat-268398632-482441521-a1virginia.jpeg,
Spathiphyllum cannifolium,267368217,https://www.inaturalist.org/observations/267368217,480475030,https://static.inaturalist.org/photos/480475030/original.jpeg,all-rights-reserved,"(c) Nuwan Chathuranga, all rights reserved",nuwan,Nuwan Chathuranga,2025-03-28,"Sri Palabaddala, Sri Lanka",research,False,6.785417269,80.4481910317,1801,2048,no,cannifolium/inat-267368217-480475030-nuwan.jpeg,
Spathiphyllum cannifolium,267368217,https://www.inaturalist.org/observations/267368217,480475405,https://static.inaturalist.org/photos/480475405/original.jpeg,all-rights-reserved,"(c) Nuwan Chathuranga, all rights reserved",nuwan,Nuwan Chathuranga,2025-03-28,"Sri Palabaddala, Sri Lanka",research,False,6.785417269,80.4481910317,1405,2048,no,cannifolium/inat-267368217-480475405-nuwan.jpeg,
Spathiphyllum cannifolium,266640918,https://www.inaturalist.org/observations/266640918,479093965,https://inaturalist-open-data.s3.amazonaws.com/photos/479093965/original.jpg,cc-by-nc,"(c) Miguel Olivares, some rights reserved (CC BY-NC)",miguel_olivares,Miguel Olivares,2025-03-23,"San Martín, Meta, Colombia",needs_id,False,3.6907474961,-73.7034209752,1273,1698,no,cannifolium/inat-266640918-479093965-miguel_olivares.jpg,
Spathiphyllum cannifolium,266031077,https://www.inaturalist.org/observations/266031077,477939474,https://inaturalist-open-data.s3.amazonaws.com/photos/477939474/original.jpg,cc-by-nc,"(c) David Martin, some rights reserved (CC BY-NC)",davidemartin,David Martin,2025-03-09,"Cumaral, Meta, Colombia",needs_id,False,4.24723,-73.471432,2048,2048,no,cannifolium/inat-266031077-477939474-davidemartin.jpg,
Spathiphyllum cannifolium,265966805,https://www.inaturalist.org/observations/265966805,477821055,https://inaturalist-open-data.s3.amazonaws.com/photos/477821055/original.jpeg,cc-by-nc,"(c) Jeancarlos Vicente, some rights reserved (CC BY-NC)",jeancarlos40254,Jeancarlos Vicente,2024-01-14,"Garcia Moreno, Ecuador",needs_id,False,-0.5323479444,-77.0030212222,1080,1920,no,cannifolium/inat-265966805-477821055-jeancarlos40254.jpeg,
Spathiphyllum cannifolium,264922540,https://www.inaturalist.org/observations/264922540,475761685,https://inaturalist-open-data.s3.amazonaws.com/photos/475761685/original.jpg,cc-by-nc,"(c) Татьяна Химера, some rights reserved (CC BY-NC)",tatiana_chimera,Татьяна Химера,2024-12-08,"Wa Wi, Mae Suai District, Chiang Rai 57180, Таиланд",needs_id,False,19.8138867193,99.5696786816,2048,1365,no,cannifolium/inat-264922540-475761685-tatiana_chimera.jpg,
Spathiphyllum cannifolium,263591849,https://www.inaturalist.org/observations/263591849,473566064,https://inaturalist-open-data.s3.amazonaws.com/photos/473566064/original.jpg,cc-by-nc,"(c) Nattaya Rakhangthong, some rights reserved (CC BY-NC)",nattaya_rakhangthong,Nattaya Rakhangthong,2025-03-01,"ทอนหงส์, อ.พรหมคีรี, จ.นครศรีธรรมราช, TH",needs_id,False,8.5584633333,99.778375,1536,2048,no,cannifolium/inat-263591849-473566064-nattaya_rakhangthong.jpg,
Spathiphyllum cannifolium,262756647,https://www.inaturalist.org/observations/262756647,471903570,https://inaturalist-open-data.s3.amazonaws.com/photos/471903570/original.jpeg,cc-by-nc,"(c) Benoît Segerer, some rights reserved (CC BY-NC)",benoit_segerer,Benoît Segerer,2025-02-21,"Villagarzón, Putumayo, Colombie",needs_id,False,0.7922444444,-76.5823638889,2048,1536,no,cannifolium/inat-262756647-471903570-benoit_segerer.jpeg,
Spathiphyllum cannifolium,262756647,https://www.inaturalist.org/observations/262756647,471903590,https://inaturalist-open-data.s3.amazonaws.com/photos/471903590/original.jpeg,cc-by-nc,"(c) Benoît Segerer, some rights reserved (CC BY-NC)",benoit_segerer,Benoît Segerer,2025-02-21,"Villagarzón, Putumayo, Colombie",needs_id,False,0.7922444444,-76.5823638889,2048,1536,no,cannifolium/inat-262756647-471903590-benoit_segerer.jpeg,
Spathiphyllum cannifolium,262308700,https://www.inaturalist.org/observations/262308700,471256142,https://static.inaturalist.org/photos/471256142/original.jpg,all-rights-reserved,"(c) M Lanas, all rights reserved",mlanas,M Lanas,2025-02-18,"Natural National Park Sierra de la Macarena, La Macarena, Meta, CO",research,False,2.3089583333,-73.90348,1536,2048,no,cannifolium/inat-262308700-471256142-mlanas.jpg,
Spathiphyllum cannifolium,262308700,https://www.inaturalist.org/observations/262308700,471256204,https://static.inaturalist.org/photos/471256204/original.jpg,all-rights-reserved,"(c) M Lanas, all rights reserved",mlanas,M Lanas,2025-02-18,"Natural National Park Sierra de la Macarena, La Macarena, Meta, CO",research,False,2.3089583333,-73.90348,1536,2048,no,cannifolium/inat-262308700-471256204-mlanas.jpg,
Spathiphyllum cannifolium,262308700,https://www.inaturalist.org/observations/262308700,471256262,https://static.inaturalist.org/photos/471256262/original.jpg,all-rights-reserved,"(c) M Lanas, all rights reserved",mlanas,M Lanas,2025-02-18,"Natural National Park Sierra de la Macarena, La Macarena, Meta, CO",research,False,2.3089583333,-73.90348,1536,2048,no,cannifolium/inat-262308700-471256262-mlanas.jpg,
Spathiphyllum cannifolium,262308700,https://www.inaturalist.org/observations/262308700,471256319,https://static.inaturalist.org/photos/471256319/original.jpg,all-rights-reserved,"(c) M Lanas, all rights reserved",mlanas,M Lanas,2025-02-18,"Natural National Park Sierra de la Macarena, La Macarena, Meta, CO",research,False,2.3089583333,-73.90348,1536,2048,no,cannifolium/inat-262308700-471256319-mlanas.jpg,
Spathiphyllum cannifolium,259243053,https://www.inaturalist.org/observations/259243053,465324884,https://inaturalist-open-data.s3.amazonaws.com/photos/465324884/original.jpeg,cc-by-nc,"(c) emskakoon, some rights reserved (CC BY-NC)",emskakoon,emskakoon,2025-01-20,"CCJ8+J27, Weddagala, Sri Lanka",needs_id,False,6.4315330553,80.4150402546,1248,2048,no,cannifolium/inat-259243053-465324884-emskakoon.jpeg,
Spathiphyllum cannifolium,257400306,https://www.inaturalist.org/observations/257400306,461735469,https://inaturalist-open-data.s3.amazonaws.com/photos/461735469/original.jpg,cc-by-nc,"(c) Nereston (Nelinho) Camargo, some rights reserved (CC BY-NC)",nereston-nelinho-camargo,Nereston (Nelinho) Camargo,2025-01-04,"Ilha de Santo Amaro, Guarujá, SP, BR",research,False,-24.01599445,-46.2870333333,1536,2048,no,cannifolium/inat-257400306-461735469-nereston-nelinho-camargo.jpg,
Spathiphyllum cannifolium,255240892,https://www.inaturalist.org/observations/255240892,457370945,https://inaturalist-open-data.s3.amazonaws.com/photos/457370945/original.jpg,cc-by-nc,"(c) I am Forester, some rights reserved (CC BY-NC)",littleforesterxanver,I am Forester,2024-07-14,"Boston, Davao Oriental, Philippines",needs_id,False,7.873546,126.3414949,1536,2048,no,cannifolium/inat-255240892-457370945-littleforesterxanver.jpg,
Spathiphyllum cannifolium,255240892,https://www.inaturalist.org/observations/255240892,457370943,https://inaturalist-open-data.s3.amazonaws.com/photos/457370943/original.jpg,cc-by-nc,"(c) I am Forester, some rights reserved (CC BY-NC)",littleforesterxanver,I am Forester,2024-07-14,"Boston, Davao Oriental, Philippines",needs_id,False,7.873546,126.3414949,2048,1536,no,cannifolium/inat-255240892-457370943-littleforesterxanver.jpg,
Spathiphyllum cannifolium,255240892,https://www.inaturalist.org/observations/255240892,457370951,https://inaturalist-open-data.s3.amazonaws.com/photos/457370951/original.jpg,cc-by-nc,"(c) I am Forester, some rights reserved (CC BY-NC)",littleforesterxanver,I am Forester,2024-07-14,"Boston, Davao Oriental, Philippines",needs_id,False,7.873546,126.3414949,2048,1536,no,cannifolium/inat-255240892-457370951-littleforesterxanver.jpg,
Spathiphyllum cannifolium,255240892,https://www.inaturalist.org/observations/255240892,457370956,https://inaturalist-open-data.s3.amazonaws.com/photos/457370956/original.jpg,cc-by-nc,"(c) I am Forester, some rights reserved (CC BY-NC)",littleforesterxanver,I am Forester,2024-07-14,"Boston, Davao Oriental, Philippines",needs_id,False,7.873546,126.3414949,2048,1536,no,cannifolium/inat-255240892-457370956-littleforesterxanver.jpg,
Spathiphyllum cannifolium,255240892,https://www.inaturalist.org/observations/255240892,457370957,https://inaturalist-open-data.s3.amazonaws.com/photos/457370957/original.jpg,cc-by-nc,"(c) I am Forester, some rights reserved (CC BY-NC)",littleforesterxanver,I am Forester,2024-07-14,"Boston, Davao Oriental, Philippines",needs_id,False,7.873546,126.3414949,2048,1536,no,cannifolium/inat-255240892-457370957-littleforesterxanver.jpg,
Spathiphyllum cannifolium,255144855,https://www.inaturalist.org/observations/255144855,457173924,https://inaturalist-open-data.s3.amazonaws.com/photos/457173924/original.jpeg,cc-by-nc,"(c) Adeline Hii, some rights reserved (CC BY-NC)",adelinehii,Adeline Hii,2024-12-15,"Pjs 9, 46000 Petaling Jaya, Selangor, Malaysia",needs_id,False,3.0992783,101.6483121,1536,2048,no,cannifolium/inat-255144855-457173924-adelinehii.jpeg,
Spathiphyllum cannifolium,255144855,https://www.inaturalist.org/observations/255144855,457173949,https://inaturalist-open-data.s3.amazonaws.com/photos/457173949/original.jpeg,cc-by-nc,"(c) Adeline Hii, some rights reserved (CC BY-NC)",adelinehii,Adeline Hii,2024-12-15,"Pjs 9, 46000 Petaling Jaya, Selangor, Malaysia",needs_id,False,3.0992783,101.6483121,1536,2048,no,cannifolium/inat-255144855-457173949-adelinehii.jpeg,
Spathiphyllum cannifolium,255144855,https://www.inaturalist.org/observations/255144855,457175112,https://inaturalist-open-data.s3.amazonaws.com/photos/457175112/original.jpeg,cc-by-nc,"(c) Adeline Hii, some rights reserved (CC BY-NC)",adelinehii,Adeline Hii,2024-12-15,"Pjs 9, 46000 Petaling Jaya, Selangor, Malaysia",needs_id,False,3.0992783,101.6483121,1200,1600,no,cannifolium/inat-255144855-457175112-adelinehii.jpeg,
Spathiphyllum cannifolium,254635164,https://www.inaturalist.org/observations/254635164,456140336,https://inaturalist-open-data.s3.amazonaws.com/photos/456140336/original.jpg,cc-by-nc,"(c) Exner Tamás, some rights reserved (CC BY-NC)",uncletom2,Exner Tamás,2020-01-27,"Puyo, Ecuador",needs_id,False,-1.475,-77.995,1500,2000,no,cannifolium/inat-254635164-456140336-uncletom2.jpg,
Spathiphyllum cannifolium,254165380,https://www.inaturalist.org/observations/254165380,455197365,https://static.inaturalist.org/photos/455197365/original.jpeg,all-rights-reserved,"(c) Carlos Espinosa, all rights reserved",carlosespinosa1306,Carlos Espinosa,2024-12-04,"32X8+7R4, Santiago, Provincia de Veraguas, Panamá",needs_id,False,8.0979168997,-80.9832325997,1536,2048,no,cannifolium/inat-254165380-455197365-carlosespinosa1306.jpeg,
Spathiphyllum cannifolium,252956142,https://www.inaturalist.org/observations/252956142,452863171,https://static.inaturalist.org/photos/452863171/original.jpeg,all-rights-reserved,"(c) Ángel Sanjur, all rights reserved",angel48139,Ángel Sanjur,2024-11-24,"Vía Soná - Tolé, Veraguas, PA",needs_id,False,8.002394408,-81.518551147,1536,2048,no,cannifolium/inat-252956142-452863171-angel48139.jpeg,
Spathiphyllum cannifolium,252711311,https://www.inaturalist.org/observations/252711311,452426574,https://inaturalist-open-data.s3.amazonaws.com/photos/452426574/original.jpeg,cc-by-nc,"(c) Peri Lee Pipkin, some rights reserved (CC BY-NC)",wildgifts,Peri Lee Pipkin,2024-11-23,"Bishan, Singapore",research,False,1.3608027778,103.822275,1542,2048,no,cannifolium/inat-252711311-452426574-wildgifts.jpeg,
Spathiphyllum cannifolium,252711311,https://www.inaturalist.org/observations/252711311,452426598,https://inaturalist-open-data.s3.amazonaws.com/photos/452426598/original.jpeg,cc-by-nc,"(c) Peri Lee Pipkin, some rights reserved (CC BY-NC)",wildgifts,Peri Lee Pipkin,2024-11-23,"Bishan, Singapore",research,False,1.3608027778,103.822275,1542,2048,no,cannifolium/inat-252711311-452426598-wildgifts.jpeg,
Spathiphyllum cannifolium,252711311,https://www.inaturalist.org/observations/252711311,452426636,https://inaturalist-open-data.s3.amazonaws.com/photos/452426636/original.jpeg,cc-by-nc,"(c) Peri Lee Pipkin, some rights reserved (CC BY-NC)",wildgifts,Peri Lee Pipkin,2024-11-23,"Bishan, Singapore",research,False,1.3608027778,103.822275,1542,2048,no,cannifolium/inat-252711311-452426636-wildgifts.jpeg,
Spathiphyllum cannifolium,252711311,https://www.inaturalist.org/observations/252711311,452426658,https://inaturalist-open-data.s3.amazonaws.com/photos/452426658/original.jpeg,cc-by-nc,"(c) Peri Lee Pipkin, some rights reserved (CC BY-NC)",wildgifts,Peri Lee Pipkin,2024-11-23,"Bishan, Singapore",research,False,1.3608027778,103.822275,1542,2048,no,cannifolium/inat-252711311-452426658-wildgifts.jpeg,
Spathiphyllum cannifolium,252447576,https://www.inaturalist.org/observations/252447576,451916204,https://inaturalist-open-data.s3.amazonaws.com/photos/451916204/original.jpeg,cc-by-nc,"(c) Eamon Corbett, some rights reserved (CC BY-NC)",eamonccorbett,Eamon Corbett,2024-11-19,"Tijuca National Park, Rio de Janeiro, RJ, BR",research,False,-22.954345,-43.28922,1536,2048,no,cannifolium/inat-252447576-451916204-eamonccorbett.jpeg,
Spathiphyllum cannifolium,249957015,https://www.inaturalist.org/observations/249957015,446926853,https://inaturalist-open-data.s3.amazonaws.com/photos/446926853/original.jpeg,cc-by,"(c) Nicolás Baresch Uribe, some rights reserved (CC BY)",nbareschu,Nicolás Baresch Uribe,2024-10-28,"Santa Rita, CO-VD, CO",needs_id,False,4.7876383333,-67.855645,1536,2048,no,cannifolium/inat-249957015-446926853-nbareschu.jpeg,
Spathiphyllum cannifolium,249957015,https://www.inaturalist.org/observations/249957015,446926876,https://inaturalist-open-data.s3.amazonaws.com/photos/446926876/original.jpeg,cc-by,"(c) Nicolás Baresch Uribe, some rights reserved (CC BY)",nbareschu,Nicolás Baresch Uribe,2024-10-28,"Santa Rita, CO-VD, CO",needs_id,False,4.7876383333,-67.855645,1536,2048,no,cannifolium/inat-249957015-446926876-nbareschu.jpeg,
Spathiphyllum cannifolium,248202756,https://www.inaturalist.org/observations/248202756,443436051,https://inaturalist-open-data.s3.amazonaws.com/photos/443436051/original.jpeg,cc-by-nc,"(c) Bayan Izzani, some rights reserved (CC BY-NC)",bayanizzani,Bayan Izzani,2024-10-19,"4JWQ+647, Taman Hutan Raya Juanda, Ciburial, Kec. Cimenyan, Kabupaten Bandung, Jawa Barat 40198, Indonesia",needs_id,False,-6.8544594,107.6377907,1365,2048,no,cannifolium/inat-248202756-443436051-bayanizzani.jpeg,
Spathiphyllum cannifolium,247509541,https://www.inaturalist.org/observations/247509541,442067156,https://static.inaturalist.org/photos/442067156/original.jpeg,all-rights-reserved,"(c) flowerbeast, all rights reserved",flowerbeast,,2024-10-12,"Trinidad, Trinidad and Tobago, TT",needs_id,False,10.6815,-61.1703116667,1536,2048,no,cannifolium/inat-247509541-442067156-flowerbeast.jpeg,
Spathiphyllum cannifolium,247280898,https://www.inaturalist.org/observations/247280898,441619128,https://static.inaturalist.org/photos/441619128/original.jpeg,all-rights-reserved,"(c) Rose Atiqah, all rights reserved",rose_atiqah,Rose Atiqah,2024-10-14,"Perdana Botanical Gardens, Kuala Lumpur, Federal Territory of Kuala Lumpur, Malaysia",needs_id,False,3.1436780264,101.6860728711,1536,2048,no,cannifolium/inat-247280898-441619128-rose_atiqah.jpeg,
Spathiphyllum cannifolium,247280898,https://www.inaturalist.org/observations/247280898,441619143,https://static.inaturalist.org/photos/441619143/original.jpeg,all-rights-reserved,"(c) Rose Atiqah, all rights reserved",rose_atiqah,Rose Atiqah,2024-10-14,"Perdana Botanical Gardens, Kuala Lumpur, Federal Territory of Kuala Lumpur, Malaysia",needs_id,False,3.1436780264,101.6860728711,1536,2048,no,cannifolium/inat-247280898-441619143-rose_atiqah.jpeg,
Spathiphyllum cannifolium,247280898,https://www.inaturalist.org/observations/247280898,441619167,https://static.inaturalist.org/photos/441619167/original.jpeg,all-rights-reserved,"(c) Rose Atiqah, all rights reserved",rose_atiqah,Rose Atiqah,2024-10-14,"Perdana Botanical Gardens, Kuala Lumpur, Federal Territory of Kuala Lumpur, Malaysia",needs_id,False,3.1436780264,101.6860728711,1536,2048,no,cannifolium/inat-247280898-441619167-rose_atiqah.jpeg,
Spathiphyllum cannifolium,247280898,https://www.inaturalist.org/observations/247280898,441619185,https://static.inaturalist.org/photos/441619185/original.jpeg,all-rights-reserved,"(c) Rose Atiqah, all rights reserved",rose_atiqah,Rose Atiqah,2024-10-14,"Perdana Botanical Gardens, Kuala Lumpur, Federal Territory of Kuala Lumpur, Malaysia",needs_id,False,3.1436780264,101.6860728711,1536,2048,no,cannifolium/inat-247280898-441619185-rose_atiqah.jpeg,
Spathiphyllum cannifolium,246738913,https://www.inaturalist.org/observations/246738913,440545180,https://inaturalist-open-data.s3.amazonaws.com/photos/440545180/original.jpeg,cc-by-nc,"(c) javelosa_theknees, some rights reserved (CC BY-NC)",javelosa_theknees,,2024-10-06,"Negros, Valencia, Negros Oriental, PH",needs_id,False,9.2673616667,123.2196716667,1536,2048,no,cannifolium/inat-246738913-440545180-javelosa_theknees.jpeg,
Spathiphyllum cannifolium,246692747,https://www.inaturalist.org/observations/246692747,440449502,https://static.inaturalist.org/photos/440449502/original.jpeg,all-rights-reserved,"(c) nssflck, all rights reserved",nssflck,nssflck,2024-10-02,"Paya, Boyacá, Colombia",needs_id,False,5.5695018428,-72.3106434569,921,2048,no,cannifolium/inat-246692747-440449502-nssflck.jpeg,
Spathiphyllum cannifolium,246692747,https://www.inaturalist.org/observations/246692747,440449531,https://static.inaturalist.org/photos/440449531/original.jpeg,all-rights-reserved,"(c) nssflck, all rights reserved",nssflck,nssflck,2024-10-02,"Paya, Boyacá, Colombia",needs_id,False,5.5695018428,-72.3106434569,921,2048,no,cannifolium/inat-246692747-440449531-nssflck.jpeg,
Spathiphyllum cannifolium,245571691,https://www.inaturalist.org/observations/245571691,438445034,https://static.inaturalist.org/photos/438445034/original.jpeg,all-rights-reserved,"(c) Nasreen Khan, all rights reserved",nasreen65024,Nasreen Khan,2024-09-30,"7XPH+9F8, Borda, Madgaon, Goa 403601, India",needs_id,False,15.2859231524,73.9786914736,1536,2048,no,cannifolium/inat-245571691-438445034-nasreen65024.jpeg,
Spathiphyllum cannifolium,243656694,https://www.inaturalist.org/observations/243656694,434493479,https://static.inaturalist.org/photos/434493479/original.jpeg,all-rights-reserved,"(c) Rickelmy Holanda, all rights reserved",rickelmy_holanda,Rickelmy Holanda,2024-09-22,Sítio do Pavão,needs_id,False,-3.5183553874,-64.635424912,2048,1365,no,cannifolium/inat-243656694-434493479-rickelmy_holanda.jpeg,
Spathiphyllum cannifolium,243656694,https://www.inaturalist.org/observations/243656694,434493528,https://static.inaturalist.org/photos/434493528/original.jpeg,all-rights-reserved,"(c) Rickelmy Holanda, all rights reserved",rickelmy_holanda,Rickelmy Holanda,2024-09-22,Sítio do Pavão,needs_id,False,-3.5183553874,-64.635424912,2048,1365,no,cannifolium/inat-243656694-434493528-rickelmy_holanda.jpeg,
Spathiphyllum cannifolium,240426890,https://www.inaturalist.org/observations/240426890,428342034,https://static.inaturalist.org/photos/428342034/original.jpeg,all-rights-reserved,"(c) LeoDavid, all rights reserved",leodavid,LeoDavid,2024-09-06,"Hatun Sumaku, Ecuador",needs_id,False,-0.7753111111,-77.5406111111,1536,2048,no,cannifolium/inat-240426890-428342034-leodavid.jpeg,
Spathiphyllum cannifolium,240426890,https://www.inaturalist.org/observations/240426890,428342086,https://static.inaturalist.org/photos/428342086/original.jpeg,all-rights-reserved,"(c) LeoDavid, all rights reserved",leodavid,LeoDavid,2024-09-06,"Hatun Sumaku, Ecuador",needs_id,False,-0.7753111111,-77.5406111111,2048,1536,no,cannifolium/inat-240426890-428342086-leodavid.jpeg,
Spathiphyllum cannifolium,240083024,https://www.inaturalist.org/observations/240083024,427683341,https://inaturalist-open-data.s3.amazonaws.com/photos/427683341/original.jpeg,cc-by-nc,"(c) Florian Bachmann, some rights reserved (CC BY-NC)",bachmannflo,Florian Bachmann,2024-09-05,"Tropenstation La Gamba, C. La Gamba, Provincia de Puntarenas, Golfito, 60703, Costa Rica",needs_id,False,8.7010372,-83.2015724,1536,2048,no,cannifolium/inat-240083024-427683341-bachmannflo.jpeg,
Spathiphyllum cannifolium,240083024,https://www.inaturalist.org/observations/240083024,427683303,https://inaturalist-open-data.s3.amazonaws.com/photos/427683303/original.jpeg,cc-by-nc,"(c) Florian Bachmann, some rights reserved (CC BY-NC)",bachmannflo,Florian Bachmann,2024-09-05,"Tropenstation La Gamba, C. La Gamba, Provincia de Puntarenas, Golfito, 60703, Costa Rica",needs_id,False,8.7010372,-83.2015724,2048,1536,no,cannifolium/inat-240083024-427683303-bachmannflo.jpeg,
Spathiphyllum cannifolium,235654893,https://www.inaturalist.org/observations/235654893,419128966,https://inaturalist-open-data.s3.amazonaws.com/photos/419128966/original.jpeg,cc-by-nc,"(c) Juan Camilo Muñoz, some rights reserved (CC BY-NC)",juanc_munoz,Juan Camilo Muñoz,2024-08-13,"Granada, Meta, Colombia",research,False,3.6002087463,-73.7100209668,1542,2048,no,cannifolium/inat-235654893-419128966-juanc_munoz.jpeg,
Spathiphyllum cannifolium,235654893,https://www.inaturalist.org/observations/235654893,419128986,https://inaturalist-open-data.s3.amazonaws.com/photos/419128986/original.jpeg,cc-by-nc,"(c) Juan Camilo Muñoz, some rights reserved (CC BY-NC)",juanc_munoz,Juan Camilo Muñoz,2024-08-13,"Granada, Meta, Colombia",research,False,3.6002087463,-73.7100209668,1542,2048,no,cannifolium/inat-235654893-419128986-juanc_munoz.jpeg,
Spathiphyllum cannifolium,235654893,https://www.inaturalist.org/observations/235654893,419129019,https://inaturalist-open-data.s3.amazonaws.com/photos/419129019/original.jpeg,cc-by-nc,"(c) Juan Camilo Muñoz, some rights reserved (CC BY-NC)",juanc_munoz,Juan Camilo Muñoz,2024-08-13,"Granada, Meta, Colombia",research,False,3.6002087463,-73.7100209668,1542,2048,no,cannifolium/inat-235654893-419129019-juanc_munoz.jpeg,
Spathiphyllum cannifolium,235654893,https://www.inaturalist.org/observations/235654893,419129044,https://inaturalist-open-data.s3.amazonaws.com/photos/419129044/original.jpeg,cc-by-nc,"(c) Juan Camilo Muñoz, some rights reserved (CC BY-NC)",juanc_munoz,Juan Camilo Muñoz,2024-08-13,"Granada, Meta, Colombia",research,False,3.6002087463,-73.7100209668,1542,2048,no,cannifolium/inat-235654893-419129044-juanc_munoz.jpeg,
Spathiphyllum cannifolium,231852214,https://www.inaturalist.org/observations/231852214,411838556,https://static.inaturalist.org/photos/411838556/original.jpeg,all-rights-reserved,"(c) Abigail Jarrett, all rights reserved",sacha-yachachiuk,Abigail Jarrett,2024-07-19,"Puerto Misahualli, Ecuador",needs_id,False,-1.0438147536,-77.6657072827,1536,2048,no,cannifolium/inat-231852214-411838556-sacha-yachachiuk.jpeg,
Spathiphyllum cannifolium,231852214,https://www.inaturalist.org/observations/231852214,411838610,https://static.inaturalist.org/photos/411838610/original.jpeg,all-rights-reserved,"(c) Abigail Jarrett, all rights reserved",sacha-yachachiuk,Abigail Jarrett,2024-07-19,"Puerto Misahualli, Ecuador",needs_id,False,-1.0438147536,-77.6657072827,1536,2048,no,cannifolium/inat-231852214-411838610-sacha-yachachiuk.jpeg,
Spathiphyllum cannifolium,231852214,https://www.inaturalist.org/observations/231852214,411838665,https://static.inaturalist.org/photos/411838665/original.jpeg,all-rights-reserved,"(c) Abigail Jarrett, all rights reserved",sacha-yachachiuk,Abigail Jarrett,2024-07-19,"Puerto Misahualli, Ecuador",needs_id,False,-1.0438147536,-77.6657072827,1536,2048,no,cannifolium/inat-231852214-411838665-sacha-yachachiuk.jpeg,
Spathiphyllum cannifolium,228483129,https://www.inaturalist.org/observations/228483129,405454276,https://static.inaturalist.org/photos/405454276/original.jpeg,all-rights-reserved,"(c) André Reis, all rights reserved",reisab,André Reis,2024-07-10,"Lot. Henrique de Sa, João Pessoa - PB, 58020-325, Brasil",research,False,-7.1138054997,-34.8745344,1534,2048,no,cannifolium/inat-228483129-405454276-reisab.jpeg,
Spathiphyllum cannifolium,228483129,https://www.inaturalist.org/observations/228483129,405454331,https://static.inaturalist.org/photos/405454331/original.jpeg,all-rights-reserved,"(c) André Reis, all rights reserved",reisab,André Reis,2024-07-10,"Lot. Henrique de Sa, João Pessoa - PB, 58020-325, Brasil",research,False,-7.1138054997,-34.8745344,1534,2048,no,cannifolium/inat-228483129-405454331-reisab.jpeg,
Spathiphyllum cannifolium,228483129,https://www.inaturalist.org/observations/228483129,405454401,https://static.inaturalist.org/photos/405454401/original.jpeg,all-rights-reserved,"(c) André Reis, all rights reserved",reisab,André Reis,2024-07-10,"Lot. Henrique de Sa, João Pessoa - PB, 58020-325, Brasil",research,False,-7.1138054997,-34.8745344,1534,2048,no,cannifolium/inat-228483129-405454401-reisab.jpeg,
Spathiphyllum cannifolium,221252321,https://www.inaturalist.org/observations/221252321,391814577,https://static.inaturalist.org/photos/391814577/original.jpeg,all-rights-reserved,"(c) Anida Aripin, all rights reserved",nieda,Anida Aripin,2024-05-28,"Kampung Sertik, Karak, Pahang, Malaysia",research,False,3.4951944444,102.0330944444,1536,2048,no,cannifolium/inat-221252321-391814577-nieda.jpeg,
Spathiphyllum cannifolium,218934380,https://www.inaturalist.org/observations/218934380,394702767,https://static.inaturalist.org/photos/394702767/original.jpeg,all-rights-reserved,"(c) Ahmad Tajuddin Jakalpeli, all rights reserved",dinatural82,Ahmad Tajuddin Jakalpeli,2024-05-28,"Felda Bukit Kepayang, 28300 Triang, Pahang, Malaysia",needs_id,False,3.3313027778,102.6063722222,1536,2048,no,cannifolium/inat-218934380-394702767-dinatural82.jpeg,
Spathiphyllum cannifolium,218934380,https://www.inaturalist.org/observations/218934380,387462615,https://static.inaturalist.org/photos/387462615/original.jpeg,all-rights-reserved,"(c) Ahmad Tajuddin Jakalpeli, all rights reserved",dinatural82,Ahmad Tajuddin Jakalpeli,2024-05-28,"Felda Bukit Kepayang, 28300 Triang, Pahang, Malaysia",needs_id,False,3.3313027778,102.6063722222,1535,2048,no,cannifolium/inat-218934380-387462615-dinatural82.jpeg,
Spathiphyllum cannifolium,218619079,https://www.inaturalist.org/observations/218619079,386872507,https://inaturalist-open-data.s3.amazonaws.com/photos/386872507/original.jpg,cc-by-nc,"(c) Fen Levy-O'Malley, some rights reserved (CC BY-NC)",splnddfairywren,Fen Levy-O'Malley,2018-08-25,Trinidad and Tobago,needs_id,True,10.7180440941,-61.3926877203,1536,2048,no,cannifolium/inat-218619079-386872507-splnddfairywren.jpg,
Spathiphyllum cannifolium,216268040,https://www.inaturalist.org/observations/216268040,382467641,https://static.inaturalist.org/photos/382467641/original.jpg,all-rights-reserved,"(c) Dinaa Issourah, all rights reserved",dinaa_stemza,Dinaa Issourah,2024-05-17,"Kampung Teluk Merbau, Kuala Terengganu, Terengganu, MY",needs_id,False,5.3657852214,103.044826495,1536,2048,no,cannifolium/inat-216268040-382467641-dinaa_stemza.jpg,
Spathiphyllum cannifolium,215389780,https://www.inaturalist.org/observations/215389780,380795643,https://static.inaturalist.org/photos/380795643/original.jpg,all-rights-reserved,"(c) David Bonifaz, all rights reserved",davidbonifaz,David Bonifaz,2024-05-11,"Quito, Ecuador",needs_id,False,-0.124214311,-78.3205168289,899,1600,no,cannifolium/inat-215389780-380795643-davidbonifaz.jpg,
Spathiphyllum cannifolium,215252588,https://www.inaturalist.org/observations/215252588,380500627,https://inaturalist-open-data.s3.amazonaws.com/photos/380500627/original.jpeg,cc-by-nc-sa,"(c) Mateo Hernandez Schmidt, some rights reserved (CC BY-NC-SA)",mateohernandezschmidt,Mateo Hernandez Schmidt,2024-05-06,"San José Del Fragüa, Caquetá, Colombia",needs_id,False,1.3042082794,-75.9821524927,1536,2048,no,cannifolium/inat-215252588-380500627-mateohernandezschmidt.jpeg,
Spathiphyllum cannifolium,215252588,https://www.inaturalist.org/observations/215252588,380500414,https://inaturalist-open-data.s3.amazonaws.com/photos/380500414/original.jpeg,cc-by-nc-sa,"(c) Mateo Hernandez Schmidt, some rights reserved (CC BY-NC-SA)",mateohernandezschmidt,Mateo Hernandez Schmidt,2024-05-06,"San José Del Fragüa, Caquetá, Colombia",needs_id,False,1.3042082794,-75.9821524927,1536,2048,no,cannifolium/inat-215252588-380500414-mateohernandezschmidt.jpeg,
Spathiphyllum cannifolium,215252588,https://www.inaturalist.org/observations/215252588,380500559,https://inaturalist-open-data.s3.amazonaws.com/photos/380500559/original.jpeg,cc-by-nc-sa,"(c) Mateo Hernandez Schmidt, some rights reserved (CC BY-NC-SA)",mateohernandezschmidt,Mateo Hernandez Schmidt,2024-05-06,"San José Del Fragüa, Caquetá, Colombia",needs_id,False,1.3042082794,-75.9821524927,1536,2048,no,cannifolium/inat-215252588-380500559-mateohernandezschmidt.jpeg,
Spathiphyllum cannifolium,213591404,https://www.inaturalist.org/observations/213591404,377484188,https://inaturalist-open-data.s3.amazonaws.com/photos/377484188/original.jpeg,cc-by-nc,"(c) Sandra Ruffner, some rights reserved (CC BY-NC)",sruffner,Sandra Ruffner,2024-05-04,"San José del Guaviare, Guaviare, Colombia",research,False,2.4899111111,-72.6535722222,1542,2048,no,cannifolium/inat-213591404-377484188-sruffner.jpeg,
Spathiphyllum cannifolium,213591404,https://www.inaturalist.org/observations/213591404,377484213,https://inaturalist-open-data.s3.amazonaws.com/photos/377484213/original.jpeg,cc-by-nc,"(c) Sandra Ruffner, some rights reserved (CC BY-NC)",sruffner,Sandra Ruffner,2024-05-04,"San José del Guaviare, Guaviare, Colombia",research,False,2.4899111111,-72.6535722222,1542,2048,no,cannifolium/inat-213591404-377484213-sruffner.jpeg,
Spathiphyllum cannifolium,212707258,https://www.inaturalist.org/observations/212707258,375885166,https://inaturalist-open-data.s3.amazonaws.com/photos/375885166/original.jpeg,cc-by-nc,"(c) katiuska19, some rights reserved (CC BY-NC)",katiuska19,,2024-05-01,"Paraíso, Provincia de Chiriquí, Panamá",needs_id,False,8.6642787177,-82.5895791929,1536,2048,no,cannifolium/inat-212707258-375885166-katiuska19.jpeg,
Spathiphyllum cannifolium,212385727,https://www.inaturalist.org/observations/212385727,375329660,https://inaturalist-open-data.s3.amazonaws.com/photos/375329660/original.jpeg,cc-by-nc,"(c) kennirubi99, some rights reserved (CC BY-NC)",kennirubi99,,2023-05-04,"M8H7+2P2, Arajuno, Ecuador",needs_id,False,-1.3224934,-77.6857428,1536,2048,no,cannifolium/inat-212385727-375329660-kennirubi99.jpeg,
Spathiphyllum cannifolium,211477042,https://www.inaturalist.org/observations/211477042,373881104,https://inaturalist-open-data.s3.amazonaws.com/photos/373881104/original.jpeg,cc-by-nc,"(c) George Muttathil, some rights reserved (CC BY-NC)",muttathilgeorge,George Muttathil,2024-04-29,"1/01/2023, Pulikurumba, New Naduvil, Kerala 670582, India",needs_id,False,12.127825,75.5165444444,1536,2048,no,cannifolium/inat-211477042-373881104-muttathilgeorge.jpeg,
Spathiphyllum cannifolium,208873334,https://www.inaturalist.org/observations/208873334,369602772,https://static.inaturalist.org/photos/369602772/original.jpeg,all-rights-reserved,"(c) Karen Barazona, all rights reserved",karenclaire,Karen Barazona,2024-04-22,"2C36+P7C, Toril, Davao City, Davao del Sur, Philippines",research,False,7.0043140784,125.4106447846,1536,2048,no,cannifolium/inat-208873334-369602772-karenclaire.jpeg,
Spathiphyllum cannifolium,208030266,https://www.inaturalist.org/observations/208030266,368032642,https://inaturalist-open-data.s3.amazonaws.com/photos/368032642/original.jpg,cc-by-nc,"(c) karamjeet khalsa, some rights reserved (CC BY-NC)",kjscolo,karamjeet khalsa,2024-04-15,"Villagarzon, Villagarzón, Putumayo, CO",needs_id,False,0.8892216667,-76.7570716667,1536,2048,no,cannifolium/inat-208030266-368032642-kjscolo.jpg,
Spathiphyllum cannifolium,199524538,https://www.inaturalist.org/observations/199524538,351878504,https://inaturalist-open-data.s3.amazonaws.com/photos/351878504/original.jpeg,cc-by,"(c) Martha Lucia Ortiz-Moreno, some rights reserved (CC BY)",biomartita,Martha Lucia Ortiz-Moreno,2024-02-16,"VCR7+QG ECORESERVA ASA LA GUARUPAYA, Acacías, Meta, Colombia",research,False,3.8923369722,-73.58583,1536,2048,no,cannifolium/inat-199524538-351878504-biomartita.jpeg,
Spathiphyllum cannifolium,199524538,https://www.inaturalist.org/observations/199524538,351878521,https://inaturalist-open-data.s3.amazonaws.com/photos/351878521/original.jpeg,cc-by,"(c) Martha Lucia Ortiz-Moreno, some rights reserved (CC BY)",biomartita,Martha Lucia Ortiz-Moreno,2024-02-16,"VCR7+QG ECORESERVA ASA LA GUARUPAYA, Acacías, Meta, Colombia",research,False,3.8923369722,-73.58583,1542,2048,no,cannifolium/inat-199524538-351878521-biomartita.jpeg,
Spathiphyllum cannifolium,198265641,https://www.inaturalist.org/observations/198265641,349410011,https://inaturalist-open-data.s3.amazonaws.com/photos/349410011/original.jpeg,cc-by-nc,"(c) fcuadros, some rights reserved (CC BY-NC)",fcuadros,,2024-01-30,"Uribe, Meta, Colombia",research,False,3.2453658,-74.3600742997,1152,2048,no,cannifolium/inat-198265641-349410011-fcuadros.jpeg,
Spathiphyllum cannifolium,198265641,https://www.inaturalist.org/observations/198265641,349410030,https://inaturalist-open-data.s3.amazonaws.com/photos/349410030/original.jpeg,cc-by-nc,"(c) fcuadros, some rights reserved (CC BY-NC)",fcuadros,,2024-01-30,"Uribe, Meta, Colombia",research,False,3.2453658,-74.3600742997,1152,2048,no,cannifolium/inat-198265641-349410030-fcuadros.jpeg,
Spathiphyllum cannifolium,198265641,https://www.inaturalist.org/observations/198265641,349410049,https://inaturalist-open-data.s3.amazonaws.com/photos/349410049/original.jpeg,cc-by-nc,"(c) fcuadros, some rights reserved (CC BY-NC)",fcuadros,,2024-01-30,"Uribe, Meta, Colombia",research,False,3.2453658,-74.3600742997,1152,2048,no,cannifolium/inat-198265641-349410049-fcuadros.jpeg,
Spathiphyllum cannifolium,198265641,https://www.inaturalist.org/observations/198265641,349410062,https://inaturalist-open-data.s3.amazonaws.com/photos/349410062/original.jpeg,cc-by-nc,"(c) fcuadros, some rights reserved (CC BY-NC)",fcuadros,,2024-01-30,"Uribe, Meta, Colombia",research,False,3.2453658,-74.3600742997,1152,2048,no,cannifolium/inat-198265641-349410062-fcuadros.jpeg,
Spathiphyllum cannifolium,198265641,https://www.inaturalist.org/observations/198265641,349410348,https://inaturalist-open-data.s3.amazonaws.com/photos/349410348/original.jpeg,cc-by-nc,"(c) fcuadros, some rights reserved (CC BY-NC)",fcuadros,,2024-01-30,"Uribe, Meta, Colombia",research,False,3.2453658,-74.3600742997,1152,2048,no,cannifolium/inat-198265641-349410348-fcuadros.jpeg,
Spathiphyllum cannifolium,198265641,https://www.inaturalist.org/observations/198265641,349410359,https://inaturalist-open-data.s3.amazonaws.com/photos/349410359/original.jpeg,cc-by-nc,"(c) fcuadros, some rights reserved (CC BY-NC)",fcuadros,,2024-01-30,"Uribe, Meta, Colombia",research,False,3.2453658,-74.3600742997,1152,2048,no,cannifolium/inat-198265641-349410359-fcuadros.jpeg,
Spathiphyllum cannifolium,197037984,https://www.inaturalist.org/observations/197037984,346918482,https://static.inaturalist.org/photos/346918482/original.jpeg,all-rights-reserved,"(c) Didelphis pernigra, all rights reserved",didelphis_pernigra,Didelphis pernigra,2024-01-12,"Paya, Boyacá, Colombia",needs_id,False,5.5932215484,-72.3813203647,1080,1920,no,cannifolium/inat-197037984-346918482-didelphis_pernigra.jpeg,
Spathiphyllum cannifolium,197037984,https://www.inaturalist.org/observations/197037984,346918483,https://static.inaturalist.org/photos/346918483/original.jpeg,all-rights-reserved,"(c) Didelphis pernigra, all rights reserved",didelphis_pernigra,Didelphis pernigra,2024-01-12,"Paya, Boyacá, Colombia",needs_id,False,5.5932215484,-72.3813203647,1920,1080,no,cannifolium/inat-197037984-346918483-didelphis_pernigra.jpeg,
Spathiphyllum cannifolium,197037984,https://www.inaturalist.org/observations/197037984,346918485,https://static.inaturalist.org/photos/346918485/original.jpeg,all-rights-reserved,"(c) Didelphis pernigra, all rights reserved",didelphis_pernigra,Didelphis pernigra,2024-01-12,"Paya, Boyacá, Colombia",needs_id,False,5.5932215484,-72.3813203647,1080,1920,no,cannifolium/inat-197037984-346918485-didelphis_pernigra.jpeg,
Spathiphyllum cannifolium,197037984,https://www.inaturalist.org/observations/197037984,346918491,https://static.inaturalist.org/photos/346918491/original.jpeg,all-rights-reserved,"(c) Didelphis pernigra, all rights reserved",didelphis_pernigra,Didelphis pernigra,2024-01-12,"Paya, Boyacá, Colombia",needs_id,False,5.5932215484,-72.3813203647,1080,1920,no,cannifolium/inat-197037984-346918491-didelphis_pernigra.jpeg,
Spathiphyllum cannifolium,194596929,https://www.inaturalist.org/observations/194596929,342085138,https://inaturalist-open-data.s3.amazonaws.com/photos/342085138/original.jpeg,cc-by,"(c) Jean Jacques Godon, some rights reserved (CC BY)",jeanjacquesgodon,Jean Jacques Godon,2016-04-04,"Alto da Boa Vista, Rio de Janeiro - État de Rio de Janeiro, Brésil",research,False,-22.9556172452,-43.2841869582,1536,2048,no,cannifolium/inat-194596929-342085138-jeanjacquesgodon.jpeg,
Spathiphyllum cannifolium,193458430,https://www.inaturalist.org/observations/193458430,339880414,https://static.inaturalist.org/photos/339880414/original.jpg,all-rights-reserved,"(c) Meghna Kanthan, all rights reserved",meghna73862,Meghna Kanthan,2023-12-09,"Athikkalam, Kumarakom, KL, IN",research,False,9.5942731714,76.4253199753,1536,2048,no,cannifolium/inat-193458430-339880414-meghna73862.jpg,
Spathiphyllum cannifolium,192673711,https://www.inaturalist.org/observations/192673711,338290110,https://inaturalist-open-data.s3.amazonaws.com/photos/338290110/original.jpg,cc-by-nc,"(c) Paul Foster, some rights reserved (CC BY-NC)",pffoster,Paul Foster,2023-11-29,"Heredia Province, Sarapiqui, Costa Rica",needs_id,False,10.360775,-84.1048972222,1183,2048,no,cannifolium/inat-192673711-338290110-pffoster.jpg,
Spathiphyllum cannifolium,192652945,https://www.inaturalist.org/observations/192652945,338249293,https://inaturalist-open-data.s3.amazonaws.com/photos/338249293/original.jpeg,cc-by-nc,"(c) gabo_utria, some rights reserved (CC BY-NC)",gabo_utria,,2023-11-04,"Barranco Minas, Guainía, Colombia",research,False,2.8180539722,-70.4379162056,2048,1536,no,cannifolium/inat-192652945-338249293-gabo_utria.jpeg,
Spathiphyllum cannifolium,191221620,https://www.inaturalist.org/observations/191221620,335407447,https://static.inaturalist.org/photos/335407447/original.jpg,all-rights-reserved,"(c) Oliver Ingold, all rights reserved",oli_in_gold,Oliver Ingold,2023-11-16,"Cerro Gaital, Cocle, PA",needs_id,False,8.6294666667,-80.1161333333,1536,2048,no,cannifolium/inat-191221620-335407447-oli_in_gold.jpg,
Spathiphyllum cannifolium,191221620,https://www.inaturalist.org/observations/191221620,335407467,https://static.inaturalist.org/photos/335407467/original.jpg,all-rights-reserved,"(c) Oliver Ingold, all rights reserved",oli_in_gold,Oliver Ingold,2023-11-16,"Cerro Gaital, Cocle, PA",needs_id,False,8.6294666667,-80.1161333333,1536,2048,no,cannifolium/inat-191221620-335407467-oli_in_gold.jpg,
Spathiphyllum cannifolium,191221620,https://www.inaturalist.org/observations/191221620,335407478,https://static.inaturalist.org/photos/335407478/original.jpg,all-rights-reserved,"(c) Oliver Ingold, all rights reserved",oli_in_gold,Oliver Ingold,2023-11-16,"Cerro Gaital, Cocle, PA",needs_id,False,8.6294666667,-80.1161333333,1536,2048,no,cannifolium/inat-191221620-335407478-oli_in_gold.jpg,
Spathiphyllum cannifolium,190415496,https://www.inaturalist.org/observations/190415496,333795240,https://inaturalist-open-data.s3.amazonaws.com/photos/333795240/original.jpeg,cc0,no rights reserved,ftsautter,Frank Thomas Sautter,2023-11-08,"Rio de Janeiro - RJ, 22290, Brasil",research,False,-22.9496124657,-43.1776505336,2048,1536,no,cannifolium/inat-190415496-333795240-ftsautter.jpeg,
Spathiphyllum cannifolium,189916841,https://www.inaturalist.org/observations/189916841,332811021,https://static.inaturalist.org/photos/332811021/original.jpeg,all-rights-reserved,"(c) dir MK, all rights reserved",mahathir_kusoiry,dir MK,2023-11-04,"Presint 1, 62000 Putrajaya, Malaysia",needs_id,False,2.949142037,101.6962585598,1536,2048,no,cannifolium/inat-189916841-332811021-mahathir_kusoiry.jpeg,
Spathiphyllum cannifolium,189344967,https://www.inaturalist.org/observations/189344967,331666688,https://static.inaturalist.org/photos/331666688/original.jpg,all-rights-reserved,"(c) Peter Hoell, all rights reserved",peterhoell,Peter Hoell,2022-11-05,"Queramiki, Mitú, Vaupés, Colombia",needs_id,False,1.2651742479,-70.2414710087,1360,2048,no,cannifolium/inat-189344967-331666688-peterhoell.jpg,
Spathiphyllum cannifolium,188508319,https://www.inaturalist.org/observations/188508319,329943545,https://static.inaturalist.org/photos/329943545/original.jpeg,all-rights-reserved,"(c) Dr. Alexey Yakovlev, all rights reserved",botalex,Dr. Alexey Yakovlev,2016-08-10,"Пуйо, Эквадор",needs_id,False,-1.4736678795,-77.996554406,1365,2048,no,cannifolium/inat-188508319-329943545-botalex.jpeg,
Spathiphyllum cannifolium,188375866,https://www.inaturalist.org/observations/188375866,329676914,https://inaturalist-open-data.s3.amazonaws.com/photos/329676914/original.jpg,cc-by-sa,"(c) Rafael Rosa, some rights reserved (CC BY-SA)",rafaelmrosa,Rafael Rosa,2023-10-17,"São Sebastião, São Paulo, Brazil",needs_id,False,-23.8262653333,-45.4232063056,1408,2048,no,cannifolium/inat-188375866-329676914-rafaelmrosa.jpg,
Spathiphyllum cannifolium,186792568,https://www.inaturalist.org/observations/186792568,326508660,https://inaturalist-open-data.s3.amazonaws.com/photos/326508660/original.jpg,cc-by,"(c) Andrés Ramírez-Barrera, some rights reserved (CC BY)",nicolasr,Andrés Ramírez-Barrera,2022-04-15,"Monterrey, Casanare, Colombia",research,False,4.8507003486,-72.8915032713,1505,2048,no,cannifolium/inat-186792568-326508660-nicolasr.jpg,
Spathiphyllum cannifolium,184204045,https://www.inaturalist.org/observations/184204045,321505706,https://inaturalist-open-data.s3.amazonaws.com/photos/321505706/original.jpeg,cc-by-nc,"(c) kellybohorquez87, some rights reserved (CC BY-NC)",kellybohorquez87,,2023-09-20,Tame,research,False,6.4964243127,-71.7616988719,960,1280,no,cannifolium/inat-184204045-321505706-kellybohorquez87.jpeg,
Spathiphyllum cannifolium,184204045,https://www.inaturalist.org/observations/184204045,321505734,https://inaturalist-open-data.s3.amazonaws.com/photos/321505734/original.jpeg,cc-by-nc,"(c) kellybohorquez87, some rights reserved (CC BY-NC)",kellybohorquez87,,2023-09-20,Tame,research,False,6.4964243127,-71.7616988719,960,1280,no,cannifolium/inat-184204045-321505734-kellybohorquez87.jpeg,
Spathiphyllum cannifolium,184204045,https://www.inaturalist.org/observations/184204045,321505756,https://inaturalist-open-data.s3.amazonaws.com/photos/321505756/original.jpeg,cc-by-nc,"(c) kellybohorquez87, some rights reserved (CC BY-NC)",kellybohorquez87,,2023-09-20,Tame,research,False,6.4964243127,-71.7616988719,1280,960,no,cannifolium/inat-184204045-321505756-kellybohorquez87.jpeg,
Spathiphyllum cannifolium,184204045,https://www.inaturalist.org/observations/184204045,321505779,https://inaturalist-open-data.s3.amazonaws.com/photos/321505779/original.jpeg,cc-by-nc,"(c) kellybohorquez87, some rights reserved (CC BY-NC)",kellybohorquez87,,2023-09-20,Tame,research,False,6.4964243127,-71.7616988719,960,1280,no,cannifolium/inat-184204045-321505779-kellybohorquez87.jpeg,
Spathiphyllum cannifolium,183562515,https://www.inaturalist.org/observations/183562515,320262950,https://static.inaturalist.org/photos/320262950/original.jpeg,all-rights-reserved,"(c) Dr. Alexey Yakovlev, all rights reserved",botalex,Dr. Alexey Yakovlev,2016-08-03,"Тена, Эквадор",needs_id,False,-1.0852944602,-77.6196059032,1365,2048,no,cannifolium/inat-183562515-320262950-botalex.jpeg,
Spathiphyllum cannifolium,183562515,https://www.inaturalist.org/observations/183562515,320262946,https://static.inaturalist.org/photos/320262946/original.jpeg,all-rights-reserved,"(c) Dr. Alexey Yakovlev, all rights reserved",botalex,Dr. Alexey Yakovlev,2016-08-03,"Тена, Эквадор",needs_id,False,-1.0852944602,-77.6196059032,2048,1365,no,cannifolium/inat-183562515-320262946-botalex.jpeg,
Spathiphyllum cannifolium,180689909,https://www.inaturalist.org/observations/180689909,314791162,https://static.inaturalist.org/photos/314791162/original.jpeg,all-rights-reserved,"(c) Cryptum, all rights reserved",cryptum,Cryptum,2023-08-28,"Villavicencio, Meta, Colombia",research,False,4.185105,-73.6097916667,1536,2048,no,cannifolium/inat-180689909-314791162-cryptum.jpeg,
Spathiphyllum cannifolium,176679368,https://www.inaturalist.org/observations/176679368,307196025,https://inaturalist-open-data.s3.amazonaws.com/photos/307196025/original.jpeg,cc-by-nc,"(c) Christie Robertson, some rights reserved (CC BY-NC)",xiebob,Christie Robertson,2023-08-04,"Rio de Janeiro - State of Rio de Janeiro, 22451, Brazil",research,False,-22.9765638889,-43.2451666667,2048,1536,no,cannifolium/inat-176679368-307196025-xiebob.jpeg,
Spathiphyllum cannifolium,176679368,https://www.inaturalist.org/observations/176679368,307196076,https://inaturalist-open-data.s3.amazonaws.com/photos/307196076/original.jpeg,cc-by-nc,"(c) Christie Robertson, some rights reserved (CC BY-NC)",xiebob,Christie Robertson,2023-08-04,"Rio de Janeiro - State of Rio de Janeiro, 22451, Brazil",research,False,-22.9765638889,-43.2451666667,2048,1536,no,cannifolium/inat-176679368-307196076-xiebob.jpeg,
Spathiphyllum cannifolium,176679368,https://www.inaturalist.org/observations/176679368,307196105,https://inaturalist-open-data.s3.amazonaws.com/photos/307196105/original.jpeg,cc-by-nc,"(c) Christie Robertson, some rights reserved (CC BY-NC)",xiebob,Christie Robertson,2023-08-04,"Rio de Janeiro - State of Rio de Janeiro, 22451, Brazil",research,False,-22.9765638889,-43.2451666667,2048,1536,no,cannifolium/inat-176679368-307196105-xiebob.jpeg,
Spathiphyllum cannifolium,175765366,https://www.inaturalist.org/observations/175765366,305492396,https://inaturalist-open-data.s3.amazonaws.com/photos/305492396/original.jpeg,cc-by-nc,"(c) axelrotten, some rights reserved (CC BY-NC)",axelrotten,,2023-07-30,"Jardim Botânico, Rio de Janeiro - State of Rio de Janeiro, Brazil",needs_id,False,-22.96810661,-43.22860184,1153,2048,no,cannifolium/inat-175765366-305492396-axelrotten.jpeg,
Spathiphyllum cannifolium,164688492,https://www.inaturalist.org/observations/164688492,284976363,https://inaturalist-open-data.s3.amazonaws.com/photos/284976363/original.jpeg,cc-by-nc,"(c) Vitor Abdala, some rights reserved (CC BY-NC)",vitorabdala,Vitor Abdala,2023-05-28,"Alto da Boa Vista, Rio de Janeiro - RJ, Brasil",research,False,-22.9635284212,-43.2820687514,2048,1365,no,cannifolium/inat-164688492-284976363-vitorabdala.jpeg,
Spathiphyllum cannifolium,164688492,https://www.inaturalist.org/observations/164688492,284976401,https://inaturalist-open-data.s3.amazonaws.com/photos/284976401/original.jpeg,cc-by-nc,"(c) Vitor Abdala, some rights reserved (CC BY-NC)",vitorabdala,Vitor Abdala,2023-05-28,"Alto da Boa Vista, Rio de Janeiro - RJ, Brasil",research,False,-22.9635284212,-43.2820687514,2048,1365,no,cannifolium/inat-164688492-284976401-vitorabdala.jpeg,
Spathiphyllum cannifolium,164688492,https://www.inaturalist.org/observations/164688492,284976448,https://inaturalist-open-data.s3.amazonaws.com/photos/284976448/original.jpeg,cc-by-nc,"(c) Vitor Abdala, some rights reserved (CC BY-NC)",vitorabdala,Vitor Abdala,2023-05-28,"Alto da Boa Vista, Rio de Janeiro - RJ, Brasil",research,False,-22.9635284212,-43.2820687514,2048,1365,no,cannifolium/inat-164688492-284976448-vitorabdala.jpeg,
Spathiphyllum cannifolium,164688492,https://www.inaturalist.org/observations/164688492,284976482,https://inaturalist-open-data.s3.amazonaws.com/photos/284976482/original.jpeg,cc-by-nc,"(c) Vitor Abdala, some rights reserved (CC BY-NC)",vitorabdala,Vitor Abdala,2023-05-28,"Alto da Boa Vista, Rio de Janeiro - RJ, Brasil",research,False,-22.9635284212,-43.2820687514,2048,1365,no,cannifolium/inat-164688492-284976482-vitorabdala.jpeg,
Spathiphyllum cannifolium,163081534,https://www.inaturalist.org/observations/163081534,282033065,https://inaturalist-open-data.s3.amazonaws.com/photos/282033065/original.jpeg,cc-by-nc,"(c) ngieng, some rights reserved (CC BY-NC)",ngieng,,2023-05-22,"Presint 1, 62000 Putrajaya, Malaysia",needs_id,False,2.9490155958,101.6963086728,1536,2048,no,cannifolium/inat-163081534-282033065-ngieng.jpeg,
Spathiphyllum cannifolium,159067155,https://www.inaturalist.org/observations/159067155,274730500,https://static.inaturalist.org/photos/274730500/original.jpeg,all-rights-reserved,"(c) Rickelmy Holanda, all rights reserved",rickelmy_holanda,Rickelmy Holanda,2023-05-01,"Tefé - AM, 69470-000, Brasil",research,False,-3.5241498354,-64.6316451145,2048,1365,no,cannifolium/inat-159067155-274730500-rickelmy_holanda.jpeg,
Spathiphyllum cannifolium,159067155,https://www.inaturalist.org/observations/159067155,274731231,https://static.inaturalist.org/photos/274731231/original.jpeg,all-rights-reserved,"(c) Rickelmy Holanda, all rights reserved",rickelmy_holanda,Rickelmy Holanda,2023-05-01,"Tefé - AM, 69470-000, Brasil",research,False,-3.5241498354,-64.6316451145,2048,1365,no,cannifolium/inat-159067155-274731231-rickelmy_holanda.jpeg,
Spathiphyllum cannifolium,155899758,https://www.inaturalist.org/observations/155899758,269529004,https://inaturalist-open-data.s3.amazonaws.com/photos/269529004/original.jpeg,cc-by-nc,"(c) tarranmaharaj, some rights reserved (CC BY-NC)",tarranmaharaj,,2023-04-20,"Erin, Palo Seco, Trinidad and Tobago",needs_id,False,10.0884663,-61.6596494,2048,1536,no,cannifolium/inat-155899758-269529004-tarranmaharaj.jpeg,
Spathiphyllum cannifolium,155331847,https://www.inaturalist.org/observations/155331847,268579585,https://static.inaturalist.org/photos/268579585/original.jpeg,all-rights-reserved,"(c) Lucas, all rights reserved",the_old_xipo,Lucas,2023-04-16,"Lot. Henrique de Sa, João Pessoa - PB, 58020-325, Brasil",research,False,-7.1126722222,-34.8735944444,1152,2048,no,cannifolium/inat-155331847-268579585-the_old_xipo.jpeg,
Spathiphyllum cannifolium,155331847,https://www.inaturalist.org/observations/155331847,268579614,https://static.inaturalist.org/photos/268579614/original.jpeg,all-rights-reserved,"(c) Lucas, all rights reserved",the_old_xipo,Lucas,2023-04-16,"Lot. Henrique de Sa, João Pessoa - PB, 58020-325, Brasil",research,False,-7.1126722222,-34.8735944444,1152,2048,no,cannifolium/inat-155331847-268579614-the_old_xipo.jpeg,
Spathiphyllum cannifolium,152401036,https://www.inaturalist.org/observations/152401036,263083466,https://inaturalist-open-data.s3.amazonaws.com/photos/263083466/original.jpeg,cc-by,"(c) Martha Lucia Ortiz-Moreno, some rights reserved (CC BY)",biomartita,Martha Lucia Ortiz-Moreno,2023-03-24,"Villavicencio, Meta, Colombia",research,False,4.0656671389,-73.59420775,1537,2048,no,cannifolium/inat-152401036-263083466-biomartita.jpeg,
Spathiphyllum cannifolium,152401036,https://www.inaturalist.org/observations/152401036,263083536,https://inaturalist-open-data.s3.amazonaws.com/photos/263083536/original.jpeg,cc-by,"(c) Martha Lucia Ortiz-Moreno, some rights reserved (CC BY)",biomartita,Martha Lucia Ortiz-Moreno,2023-03-24,"Villavicencio, Meta, Colombia",research,False,4.0656671389,-73.59420775,1537,2048,no,cannifolium/inat-152401036-263083536-biomartita.jpeg,
Spathiphyllum cannifolium,151345123,https://www.inaturalist.org/observations/151345123,261119276,https://static.inaturalist.org/photos/261119276/original.jpeg,all-rights-reserved,"(c) Ângelo Corrêa, all rights reserved",angelosnk,Ângelo Corrêa,2023-03-15,"Tijuca, Rio de Janeiro, BR-RJ, BR",needs_id,False,-22.954319,-43.2891189722,1536,2048,no,cannifolium/inat-151345123-261119276-angelosnk.jpeg,
Spathiphyllum cannifolium,151345123,https://www.inaturalist.org/observations/151345123,261119305,https://static.inaturalist.org/photos/261119305/original.jpeg,all-rights-reserved,"(c) Ângelo Corrêa, all rights reserved",angelosnk,Ângelo Corrêa,2023-03-15,"Tijuca, Rio de Janeiro, BR-RJ, BR",needs_id,False,-22.954319,-43.2891189722,1536,2048,no,cannifolium/inat-151345123-261119305-angelosnk.jpeg,
Spathiphyllum cannifolium,150125770,https://www.inaturalist.org/observations/150125770,258801251,https://inaturalist-open-data.s3.amazonaws.com/photos/258801251/original.jpeg,cc-by-nc,"(c) Kamal Mahabir, some rights reserved (CC BY-NC)",kamal50,Kamal Mahabir,2023-03-03,Grande,research,False,10.5852939,-61.1315813,1080,1620,no,cannifolium/inat-150125770-258801251-kamal50.jpeg,
Spathiphyllum cannifolium,150125770,https://www.inaturalist.org/observations/150125770,258801258,https://inaturalist-open-data.s3.amazonaws.com/photos/258801258/original.jpeg,cc-by-nc,"(c) Kamal Mahabir, some rights reserved (CC BY-NC)",kamal50,Kamal Mahabir,2023-03-03,Grande,research,False,10.5852939,-61.1315813,1080,1620,no,cannifolium/inat-150125770-258801258-kamal50.jpeg,
Spathiphyllum cannifolium,149920480,https://www.inaturalist.org/observations/149920480,258415746,https://static.inaturalist.org/photos/258415746/original.jpeg,all-rights-reserved,"(c) Ricardo Guaduas, all rights reserved",ricardo1139,Ricardo Guaduas,2023-02-28,"Mesetas, CO-ME, CO",needs_id,False,3.35486,-74.197225,1531,2048,no,cannifolium/inat-149920480-258415746-ricardo1139.jpeg,
Spathiphyllum cannifolium,147150126,https://www.inaturalist.org/observations/147150126,253150392,https://inaturalist-open-data.s3.amazonaws.com/photos/253150392/original.jpg,cc-by-nc,"(c) Moses J. Michelsohn, some rights reserved (CC BY-NC)",pecosvalleydiamond,Moses J. Michelsohn,2022-12-10,"San Martín, CO-ME, CO",needs_id,True,3.5386155751,-73.5703135235,1536,2048,no,cannifolium/inat-147150126-253150392-pecosvalleydiamond.jpg,
Spathiphyllum cannifolium,145498881,https://www.inaturalist.org/observations/145498881,249932746,https://inaturalist-open-data.s3.amazonaws.com/photos/249932746/original.jpg,cc-by,"(c) Nicolás Baresch Uribe, some rights reserved (CC BY)",nbareschu,Nicolás Baresch Uribe,2022-12-29,"Lejanías, CO-ME, CO",research,False,3.3824879999,-74.0406497591,1536,2048,no,cannifolium/inat-145498881-249932746-nbareschu.jpg,
Spathiphyllum cannifolium,145498881,https://www.inaturalist.org/observations/145498881,249932765,https://inaturalist-open-data.s3.amazonaws.com/photos/249932765/original.jpg,cc-by,"(c) Nicolás Baresch Uribe, some rights reserved (CC BY)",nbareschu,Nicolás Baresch Uribe,2022-12-29,"Lejanías, CO-ME, CO",research,False,3.3824879999,-74.0406497591,1536,2048,no,cannifolium/inat-145498881-249932765-nbareschu.jpg,
Spathiphyllum cannifolium,144928951,https://www.inaturalist.org/observations/144928951,248852937,https://inaturalist-open-data.s3.amazonaws.com/photos/248852937/original.jpeg,cc-by-nc-nd,"(c) Joel Tupac Otero Ospina, some rights reserved (CC BY-NC-ND)",jtotero,Joel Tupac Otero Ospina,2022-12-20,"Acacías, CO-ME, CO",research,False,4.01969734,-73.79129892,1152,2048,no,cannifolium/inat-144928951-248852937-jtotero.jpeg,
Spathiphyllum cannifolium,141826864,https://www.inaturalist.org/observations/141826864,243054845,https://static.inaturalist.org/photos/243054845/original.jpeg,all-rights-reserved,"(c) EIMY DANIELA VELASQUEZ ROJAS, all rights reserved",eimy_velasquez,EIMY DANIELA VELASQUEZ ROJAS,2022-10-21,"Villavicencio, Meta, Colombia",needs_id,False,4.065458834,-73.5941676423,1536,2048,no,cannifolium/inat-141826864-243054845-eimy_velasquez.jpeg,
Spathiphyllum cannifolium,140371141,https://www.inaturalist.org/observations/140371141,240277372,https://inaturalist-open-data.s3.amazonaws.com/photos/240277372/original.jpg,cc-by,"(c) Nicolás Baresch Uribe, some rights reserved (CC BY)",nbareschu,Nicolás Baresch Uribe,2022-10-26,"Caño Indio, La Macarena, Meta, CO",needs_id,False,2.3432533333,-73.7729416667,1536,2048,no,cannifolium/inat-140371141-240277372-nbareschu.jpg,
Spathiphyllum cannifolium,140371141,https://www.inaturalist.org/observations/140371141,240277415,https://inaturalist-open-data.s3.amazonaws.com/photos/240277415/original.jpg,cc-by,"(c) Nicolás Baresch Uribe, some rights reserved (CC BY)",nbareschu,Nicolás Baresch Uribe,2022-10-26,"Caño Indio, La Macarena, Meta, CO",needs_id,False,2.3432533333,-73.7729416667,1536,2048,no,cannifolium/inat-140371141-240277415-nbareschu.jpg,
Spathiphyllum cannifolium,138863001,https://www.inaturalist.org/observations/138863001,237398691,https://inaturalist-open-data.s3.amazonaws.com/photos/237398691/original.jpeg,cc-by-nc,"(c) Juan Parra, some rights reserved (CC BY-NC)",juanempalador,Juan Parra,2022-10-15,,needs_id,True,,,1536,2048,no,cannifolium/inat-138863001-237398691-juanempalador.jpeg,
Spathiphyllum cannifolium,138863001,https://www.inaturalist.org/observations/138863001,237398734,https://inaturalist-open-data.s3.amazonaws.com/photos/237398734/original.jpeg,cc-by-nc,"(c) Juan Parra, some rights reserved (CC BY-NC)",juanempalador,Juan Parra,2022-10-15,,needs_id,True,,,1536,2048,no,cannifolium/inat-138863001-237398734-juanempalador.jpeg,
Spathiphyllum cannifolium,138863001,https://www.inaturalist.org/observations/138863001,237398755,https://inaturalist-open-data.s3.amazonaws.com/photos/237398755/original.jpeg,cc-by-nc,"(c) Juan Parra, some rights reserved (CC BY-NC)",juanempalador,Juan Parra,2022-10-15,,needs_id,True,,,1536,2048,no,cannifolium/inat-138863001-237398755-juanempalador.jpeg,
Spathiphyllum cannifolium,138863001,https://www.inaturalist.org/observations/138863001,237398786,https://inaturalist-open-data.s3.amazonaws.com/photos/237398786/original.jpeg,cc-by-nc,"(c) Juan Parra, some rights reserved (CC BY-NC)",juanempalador,Juan Parra,2022-10-15,,needs_id,True,,,1536,2048,no,cannifolium/inat-138863001-237398786-juanempalador.jpeg,
Spathiphyllum cannifolium,138841233,https://www.inaturalist.org/observations/138841233,237359907,https://inaturalist-open-data.s3.amazonaws.com/photos/237359907/original.jpeg,cc-by-nc,"(c) BREIDY LEANDRO RODRIGUEZ UMANA, some rights reserved (CC BY-NC)",breidy_leandro,BREIDY LEANDRO RODRIGUEZ UMANA,2022-10-15,"Villavicencio, Meta, Colombia",research,False,4.1205366667,-73.62069,1536,2048,no,cannifolium/inat-138841233-237359907-breidy_leandro.jpeg,
Spathiphyllum cannifolium,138841233,https://www.inaturalist.org/observations/138841233,237359934,https://inaturalist-open-data.s3.amazonaws.com/photos/237359934/original.jpeg,cc-by-nc,"(c) BREIDY LEANDRO RODRIGUEZ UMANA, some rights reserved (CC BY-NC)",breidy_leandro,BREIDY LEANDRO RODRIGUEZ UMANA,2022-10-15,"Villavicencio, Meta, Colombia",research,False,4.1205366667,-73.62069,1536,2048,no,cannifolium/inat-138841233-237359934-breidy_leandro.jpeg,
Spathiphyllum cannifolium,138735970,https://www.inaturalist.org/observations/138735970,237168620,https://inaturalist-open-data.s3.amazonaws.com/photos/237168620/original.jpg,cc-by-nc,"(c) angiemurillo, some rights reserved (CC BY-NC)",angiemurillo,,2022-10-14,"Villavicencio, Meta, CO",research,False,4.1226107095,-73.607624052,1536,2048,no,cannifolium/inat-138735970-237168620-angiemurillo.jpg,
Spathiphyllum cannifolium,138727288,https://www.inaturalist.org/observations/138727288,237153564,https://inaturalist-open-data.s3.amazonaws.com/photos/237153564/original.jpeg,cc-by-nc,"(c) Jhoimar Ubaque, some rights reserved (CC BY-NC)",jhoimarubio,Jhoimar Ubaque,2022-10-14,"Villavicencio, Meta, Colombia",research,False,4.14473103,-73.60143188,1536,2048,no,cannifolium/inat-138727288-237153564-jhoimarubio.jpeg,
Spathiphyllum cannifolium,138727288,https://www.inaturalist.org/observations/138727288,237153588,https://inaturalist-open-data.s3.amazonaws.com/photos/237153588/original.jpeg,cc-by-nc,"(c) Jhoimar Ubaque, some rights reserved (CC BY-NC)",jhoimarubio,Jhoimar Ubaque,2022-10-14,"Villavicencio, Meta, Colombia",research,False,4.14473103,-73.60143188,1536,2048,no,cannifolium/inat-138727288-237153588-jhoimarubio.jpeg,
Spathiphyllum cannifolium,138727288,https://www.inaturalist.org/observations/138727288,237153630,https://inaturalist-open-data.s3.amazonaws.com/photos/237153630/original.jpeg,cc-by-nc,"(c) Jhoimar Ubaque, some rights reserved (CC BY-NC)",jhoimarubio,Jhoimar Ubaque,2022-10-14,"Villavicencio, Meta, Colombia",research,False,4.14473103,-73.60143188,1536,2048,no,cannifolium/inat-138727288-237153630-jhoimarubio.jpeg,
Spathiphyllum cannifolium,138727288,https://www.inaturalist.org/observations/138727288,237153665,https://inaturalist-open-data.s3.amazonaws.com/photos/237153665/original.jpeg,cc-by-nc,"(c) Jhoimar Ubaque, some rights reserved (CC BY-NC)",jhoimarubio,Jhoimar Ubaque,2022-10-14,"Villavicencio, Meta, Colombia",research,False,4.14473103,-73.60143188,1536,2048,no,cannifolium/inat-138727288-237153665-jhoimarubio.jpeg,
Spathiphyllum cannifolium,132908801,https://www.inaturalist.org/observations/132908801,226317876,https://inaturalist-open-data.s3.amazonaws.com/photos/226317876/original.jpg,cc-by-nc,"(c) Diego Monsores, some rights reserved (CC BY-NC)",monsores_diego,Diego Monsores,2022-08-25,"Praça Afonso Viseu, Rio de Janeiro, RJ, BR",research,False,-22.9609966667,-43.2732116667,1536,2048,no,cannifolium/inat-132908801-226317876-monsores_diego.jpg,
Spathiphyllum cannifolium,132908801,https://www.inaturalist.org/observations/132908801,226317895,https://inaturalist-open-data.s3.amazonaws.com/photos/226317895/original.jpg,cc-by-nc,"(c) Diego Monsores, some rights reserved (CC BY-NC)",monsores_diego,Diego Monsores,2022-08-25,"Praça Afonso Viseu, Rio de Janeiro, RJ, BR",research,False,-22.9609966667,-43.2732116667,1536,2048,no,cannifolium/inat-132908801-226317895-monsores_diego.jpg,
Spathiphyllum cannifolium,132908801,https://www.inaturalist.org/observations/132908801,226317918,https://inaturalist-open-data.s3.amazonaws.com/photos/226317918/original.jpg,cc-by-nc,"(c) Diego Monsores, some rights reserved (CC BY-NC)",monsores_diego,Diego Monsores,2022-08-25,"Praça Afonso Viseu, Rio de Janeiro, RJ, BR",research,False,-22.9609966667,-43.2732116667,1536,2048,no,cannifolium/inat-132908801-226317918-monsores_diego.jpg,
Spathiphyllum cannifolium,125943509,https://www.inaturalist.org/observations/125943509,213636782,https://inaturalist-open-data.s3.amazonaws.com/photos/213636782/original.jpg,cc-by-nc,"(c) tomewert, some rights reserved (CC BY-NC)",tomewert,,2022-07-12,"Cachoeiras de Macacu, BR-RJ, BR",research,False,-22.4215796264,-42.7389575635,1536,2048,no,cannifolium/inat-125943509-213636782-tomewert.jpg,
Spathiphyllum cannifolium,125943509,https://www.inaturalist.org/observations/125943509,213636817,https://inaturalist-open-data.s3.amazonaws.com/photos/213636817/original.jpg,cc-by-nc,"(c) tomewert, some rights reserved (CC BY-NC)",tomewert,,2022-07-12,"Cachoeiras de Macacu, BR-RJ, BR",research,False,-22.4215796264,-42.7389575635,2048,1536,no,cannifolium/inat-125943509-213636817-tomewert.jpg,
Spathiphyllum cannifolium,122449313,https://www.inaturalist.org/observations/122449313,207323284,https://inaturalist-open-data.s3.amazonaws.com/photos/207323284/original.jpg,cc-by-nc,"(c) joshuaph, some rights reserved (CC BY-NC)",joshuaph,,2022-06-19,"Hillview Park, SG",needs_id,False,1.3644762143,103.7657380173,1536,2048,no,cannifolium/inat-122449313-207323284-joshuaph.jpg,
Spathiphyllum cannifolium,119154388,https://www.inaturalist.org/observations/119154388,201396487,https://inaturalist-open-data.s3.amazonaws.com/photos/201396487/original.jpeg,cc-by-nc,"(c) laurarome, some rights reserved (CC BY-NC)",laurarome,,2022-05-28,"Andrés Bello, 5216, Barinas, Venezuela",needs_id,False,8.38386725,-70.7708816389,2048,1536,no,cannifolium/inat-119154388-201396487-laurarome.jpeg,
Spathiphyllum cannifolium,119154388,https://www.inaturalist.org/observations/119154388,201396604,https://inaturalist-open-data.s3.amazonaws.com/photos/201396604/original.jpeg,cc-by-nc,"(c) laurarome, some rights reserved (CC BY-NC)",laurarome,,2022-05-28,"Andrés Bello, 5216, Barinas, Venezuela",needs_id,False,8.38386725,-70.7708816389,1536,2048,no,cannifolium/inat-119154388-201396604-laurarome.jpeg,
Spathiphyllum cannifolium,119154388,https://www.inaturalist.org/observations/119154388,201396706,https://inaturalist-open-data.s3.amazonaws.com/photos/201396706/original.jpeg,cc-by-nc,"(c) laurarome, some rights reserved (CC BY-NC)",laurarome,,2022-05-28,"Andrés Bello, 5216, Barinas, Venezuela",needs_id,False,8.38386725,-70.7708816389,2048,1536,no,cannifolium/inat-119154388-201396706-laurarome.jpeg,
Spathiphyllum cannifolium,117285502,https://www.inaturalist.org/observations/117285502,198061578,https://inaturalist-open-data.s3.amazonaws.com/photos/198061578/original.jpg,cc-by-nc,"(c) dnia, some rights reserved (CC BY-NC)",dnia,,2022-05-16,"Universiti Teknologi Malaysia, Johor, MY",research,False,1.5595416667,103.6352833333,1536,2048,no,cannifolium/inat-117285502-198061578-dnia.jpg,
Spathiphyllum cannifolium,117285502,https://www.inaturalist.org/observations/117285502,198061590,https://inaturalist-open-data.s3.amazonaws.com/photos/198061590/original.jpg,cc-by-nc,"(c) dnia, some rights reserved (CC BY-NC)",dnia,,2022-05-16,"Universiti Teknologi Malaysia, Johor, MY",research,False,1.5595416667,103.6352833333,1536,2048,no,cannifolium/inat-117285502-198061590-dnia.jpg,
Spathiphyllum cannifolium,117285502,https://www.inaturalist.org/observations/117285502,198061604,https://inaturalist-open-data.s3.amazonaws.com/photos/198061604/original.jpg,cc-by-nc,"(c) dnia, some rights reserved (CC BY-NC)",dnia,,2022-05-16,"Universiti Teknologi Malaysia, Johor, MY",research,False,1.5595416667,103.6352833333,1536,2048,no,cannifolium/inat-117285502-198061604-dnia.jpg,
Spathiphyllum cannifolium,116882760,https://www.inaturalist.org/observations/116882760,197335453,https://inaturalist-open-data.s3.amazonaws.com/photos/197335453/original.jpeg,cc-by-nc,"(c) lucs23, some rights reserved (CC BY-NC)",lucs23,,2022-05-13,"Guarujá - SP, Brasil",research,False,-23.9002532533,-46.1544641752,2048,1536,no,cannifolium/inat-116882760-197335453-lucs23.jpeg,
Spathiphyllum cannifolium,116882760,https://www.inaturalist.org/observations/116882760,197335522,https://inaturalist-open-data.s3.amazonaws.com/photos/197335522/original.jpeg,cc-by-nc,"(c) lucs23, some rights reserved (CC BY-NC)",lucs23,,2022-05-13,"Guarujá - SP, Brasil",research,False,-23.9002532533,-46.1544641752,2048,1536,no,cannifolium/inat-116882760-197335522-lucs23.jpeg,
Spathiphyllum cannifolium,116882760,https://www.inaturalist.org/observations/116882760,197335545,https://inaturalist-open-data.s3.amazonaws.com/photos/197335545/original.jpeg,cc-by-nc,"(c) lucs23, some rights reserved (CC BY-NC)",lucs23,,2022-05-13,"Guarujá - SP, Brasil",research,False,-23.9002532533,-46.1544641752,2048,1536,no,cannifolium/inat-116882760-197335545-lucs23.jpeg,
Spathiphyllum cannifolium,116540699,https://www.inaturalist.org/observations/116540699,196733091,https://static.inaturalist.org/photos/196733091/original.jpeg,all-rights-reserved,"(c) Efrain Freire, all rights reserved",efrainfreire,Efrain Freire,2022-05-07,"Pastaza, EC-PA, EC",needs_id,False,-1.1079037944,-76.7303389365,1536,2048,no,cannifolium/inat-116540699-196733091-efrainfreire.jpeg,
Spathiphyllum cannifolium,116540699,https://www.inaturalist.org/observations/116540699,196733103,https://static.inaturalist.org/photos/196733103/original.jpeg,all-rights-reserved,"(c) Efrain Freire, all rights reserved",efrainfreire,Efrain Freire,2022-05-07,"Pastaza, EC-PA, EC",needs_id,False,-1.1079037944,-76.7303389365,1536,2048,no,cannifolium/inat-116540699-196733103-efrainfreire.jpeg,
Spathiphyllum cannifolium,116540699,https://www.inaturalist.org/observations/116540699,196733109,https://static.inaturalist.org/photos/196733109/original.jpeg,all-rights-reserved,"(c) Efrain Freire, all rights reserved",efrainfreire,Efrain Freire,2022-05-07,"Pastaza, EC-PA, EC",needs_id,False,-1.1079037944,-76.7303389365,1536,2048,no,cannifolium/inat-116540699-196733109-efrainfreire.jpeg,
Spathiphyllum cannifolium,116540699,https://www.inaturalist.org/observations/116540699,196733121,https://static.inaturalist.org/photos/196733121/original.jpeg,all-rights-reserved,"(c) Efrain Freire, all rights reserved",efrainfreire,Efrain Freire,2022-05-07,"Pastaza, EC-PA, EC",needs_id,False,-1.1079037944,-76.7303389365,1536,2048,no,cannifolium/inat-116540699-196733121-efrainfreire.jpeg,
Spathiphyllum cannifolium,116540699,https://www.inaturalist.org/observations/116540699,196733133,https://static.inaturalist.org/photos/196733133/original.jpeg,all-rights-reserved,"(c) Efrain Freire, all rights reserved",efrainfreire,Efrain Freire,2022-05-07,"Pastaza, EC-PA, EC",needs_id,False,-1.1079037944,-76.7303389365,1536,2048,no,cannifolium/inat-116540699-196733133-efrainfreire.jpeg,
Spathiphyllum cannifolium,116540699,https://www.inaturalist.org/observations/116540699,196733147,https://static.inaturalist.org/photos/196733147/original.jpeg,all-rights-reserved,"(c) Efrain Freire, all rights reserved",efrainfreire,Efrain Freire,2022-05-07,"Pastaza, EC-PA, EC",needs_id,False,-1.1079037944,-76.7303389365,1536,2048,no,cannifolium/inat-116540699-196733147-efrainfreire.jpeg,
Spathiphyllum cannifolium,116540699,https://www.inaturalist.org/observations/116540699,196733160,https://static.inaturalist.org/photos/196733160/original.jpeg,all-rights-reserved,"(c) Efrain Freire, all rights reserved",efrainfreire,Efrain Freire,2022-05-07,"Pastaza, EC-PA, EC",needs_id,False,-1.1079037944,-76.7303389365,1536,2048,no,cannifolium/inat-116540699-196733160-efrainfreire.jpeg,
Spathiphyllum cannifolium,116540699,https://www.inaturalist.org/observations/116540699,196733179,https://static.inaturalist.org/photos/196733179/original.jpeg,all-rights-reserved,"(c) Efrain Freire, all rights reserved",efrainfreire,Efrain Freire,2022-05-07,"Pastaza, EC-PA, EC",needs_id,False,-1.1079037944,-76.7303389365,1536,2048,no,cannifolium/inat-116540699-196733179-efrainfreire.jpeg,
Spathiphyllum cannifolium,115476991,https://www.inaturalist.org/observations/115476991,194889107,https://static.inaturalist.org/photos/194889107/original.jpeg,all-rights-reserved,"(c) Hakeen Madrid, all rights reserved",hakeen,Hakeen Madrid,2022-05-01,Potrerillos Arriba,research,False,8.7069186401,-82.4861052632,769,1024,no,cannifolium/inat-115476991-194889107-hakeen.jpeg,
Spathiphyllum cannifolium,108304560,https://www.inaturalist.org/observations/108304560,182320463,https://inaturalist-open-data.s3.amazonaws.com/photos/182320463/original.jpeg,cc-by-nc-nd,"(c) Josh van der Meulen, some rights reserved (CC BY-NC-ND)",josh_vandermeulen,Josh van der Meulen,2022-03-02,"Queramiki, Mitú, Vaupés, Colombia",research,False,1.2155527778,-70.2302083333,1536,2048,no,cannifolium/inat-108304560-182320463-josh_vandermeulen.jpeg,
Spathiphyllum cannifolium,108304560,https://www.inaturalist.org/observations/108304560,182320471,https://inaturalist-open-data.s3.amazonaws.com/photos/182320471/original.jpeg,cc-by-nc-nd,"(c) Josh van der Meulen, some rights reserved (CC BY-NC-ND)",josh_vandermeulen,Josh van der Meulen,2022-03-02,"Queramiki, Mitú, Vaupés, Colombia",research,False,1.2155527778,-70.2302083333,2048,1536,no,cannifolium/inat-108304560-182320471-josh_vandermeulen.jpeg,
Spathiphyllum cannifolium,107616110,https://www.inaturalist.org/observations/107616110,180783599,https://inaturalist-open-data.s3.amazonaws.com/photos/180783599/original.jpeg,cc-by-nc,"(c) lesoarpo, some rights reserved (CC BY-NC)",lesoarpo,,2022-01-18,"Yopal, Casanare, Colombia",needs_id,False,5.3471438934,-72.4025802543,1536,2048,no,cannifolium/inat-107616110-180783599-lesoarpo.jpeg,
Spathiphyllum cannifolium,106395231,https://www.inaturalist.org/observations/106395231,178720495,https://static.inaturalist.org/photos/178720495/original.jpeg,all-rights-reserved,"(c) La Daana Kanhai, all rights reserved",ladaanakanhai,La Daana Kanhai,2022-02-05,"Tunapuna/Piarco Regional Corporation, Trinidad and Tobago",research,False,10.7764695223,-61.3041467965,2048,1536,no,cannifolium/inat-106395231-178720495-ladaanakanhai.jpeg,
Spathiphyllum cannifolium,105739160,https://www.inaturalist.org/observations/105739160,177482428,https://inaturalist-open-data.s3.amazonaws.com/photos/177482428/original.jpeg,cc-by-nc,"(c) Marcos Mortara, some rights reserved (CC BY-NC)",marcosmortara,Marcos Mortara,2022-01-28,"Praia de Juqueí, São Sebastião - SP, 11600-000, Brasil",needs_id,False,-23.7657683462,-45.7371317223,1840,1840,no,cannifolium/inat-105739160-177482428-marcosmortara.jpeg,
Spathiphyllum cannifolium,105739160,https://www.inaturalist.org/observations/105739160,177482438,https://inaturalist-open-data.s3.amazonaws.com/photos/177482438/original.jpeg,cc-by-nc,"(c) Marcos Mortara, some rights reserved (CC BY-NC)",marcosmortara,Marcos Mortara,2022-01-28,"Praia de Juqueí, São Sebastião - SP, 11600-000, Brasil",needs_id,False,-23.7657683462,-45.7371317223,945,2048,no,cannifolium/inat-105739160-177482438-marcosmortara.jpeg,
Spathiphyllum cannifolium,105739160,https://www.inaturalist.org/observations/105739160,177482446,https://inaturalist-open-data.s3.amazonaws.com/photos/177482446/original.jpeg,cc-by-nc,"(c) Marcos Mortara, some rights reserved (CC BY-NC)",marcosmortara,Marcos Mortara,2022-01-28,"Praia de Juqueí, São Sebastião - SP, 11600-000, Brasil",needs_id,False,-23.7657683462,-45.7371317223,945,2048,no,cannifolium/inat-105739160-177482446-marcosmortara.jpeg,
Spathiphyllum cannifolium,101719704,https://www.inaturalist.org/observations/101719704,169890460,https://static.inaturalist.org/photos/169890460/original.jpeg,all-rights-reserved,"(c) Linton_Arneaud, all rights reserved",lintonarneaud,Linton_Arneaud,2021-11-21,"Tunapuna/Piarco Regional Corporation, Trinidad and Tobago",needs_id,False,10.6922740337,-61.4068321176,2048,1536,no,cannifolium/inat-101719704-169890460-lintonarneaud.jpeg,
Spathiphyllum cannifolium,101577557,https://www.inaturalist.org/observations/101577557,169654528,https://static.inaturalist.org/photos/169654528/original.jpg,all-rights-reserved,"(c) Vaughn Jameer, all rights reserved",vx-jameer,Vaughn Jameer,2021-11-20,"Trinidad, Trinidad and Tobago, TT",needs_id,False,10.7147083333,-61.3524083333,1536,2048,no,cannifolium/inat-101577557-169654528-vx-jameer.jpg,
Spathiphyllum cannifolium,99418921,https://www.inaturalist.org/observations/99418921,165724316,https://static.inaturalist.org/photos/165724316/original.jpeg,all-rights-reserved,"(c) Valeria Alvarez, all rights reserved",jennifer_alvarez,Valeria Alvarez,2021-10-24,"Gonzalo Pizarro, Ecuador",research,False,0.0000026822,-77.3997122794,1536,2048,no,cannifolium/inat-99418921-165724316-jennifer_alvarez.jpeg,
Spathiphyllum cannifolium,99418921,https://www.inaturalist.org/observations/99418921,165724330,https://static.inaturalist.org/photos/165724330/original.jpeg,all-rights-reserved,"(c) Valeria Alvarez, all rights reserved",jennifer_alvarez,Valeria Alvarez,2021-10-24,"Gonzalo Pizarro, Ecuador",research,False,0.0000026822,-77.3997122794,1536,2048,no,cannifolium/inat-99418921-165724330-jennifer_alvarez.jpeg,
Spathiphyllum cannifolium,98969747,https://www.inaturalist.org/observations/98969747,164893539,https://inaturalist-open-data.s3.amazonaws.com/photos/164893539/original.jpeg,cc-by-nc,"(c) hameeda, some rights reserved (CC BY-NC)",hameeda,,2021-10-08,Avocat Waterfall,needs_id,False,10.7764734746,-61.3041467965,1537,2048,no,cannifolium/inat-98969747-164893539-hameeda.jpeg,
Spathiphyllum cannifolium,96650955,https://www.inaturalist.org/observations/96650955,160599009,https://inaturalist-open-data.s3.amazonaws.com/photos/160599009/original.jpg,cc-by-nc,"(c) Ana Maria Muñoz Sanchez, some rights reserved (CC BY-NC)",anamaria6129,Ana Maria Muñoz Sanchez,2021-09-25,"Puerto Gaitán, Meta, Colombia",needs_id,False,4.174621,-72.04081,1536,2048,no,cannifolium/inat-96650955-160599009-anamaria6129.jpg,
Spathiphyllum cannifolium,92466855,https://www.inaturalist.org/observations/92466855,153108134,https://inaturalist-open-data.s3.amazonaws.com/photos/153108134/original.jpg,cc-by-nc,"(c) ssmeds, some rights reserved (CC BY-NC)",ssmeds,ssmeds,2021-07-03,"Tijuca National Park, Rio de Janeiro, RJ, BR",needs_id,False,-22.9387085093,-43.286226935,1536,2048,no,cannifolium/inat-92466855-153108134-ssmeds.jpg,
Spathiphyllum cannifolium,92466855,https://www.inaturalist.org/observations/92466855,153108146,https://inaturalist-open-data.s3.amazonaws.com/photos/153108146/original.jpg,cc-by-nc,"(c) ssmeds, some rights reserved (CC BY-NC)",ssmeds,ssmeds,2021-07-03,"Tijuca National Park, Rio de Janeiro, RJ, BR",needs_id,False,-22.9387085093,-43.286226935,1536,2048,no,cannifolium/inat-92466855-153108146-ssmeds.jpg,
Spathiphyllum cannifolium,91787518,https://www.inaturalist.org/observations/91787518,151881156,https://inaturalist-open-data.s3.amazonaws.com/photos/151881156/original.jpeg,cc-by-nc,"(c) Apipa, some rights reserved (CC BY-NC)",apipa,Apipa,2021-08-17,"San Juan de Arama, Meta, Colombia",research,False,3.2676662407,-73.9085878755,2048,1365,no,cannifolium/inat-91787518-151881156-apipa.jpeg,
Spathiphyllum cannifolium,91787518,https://www.inaturalist.org/observations/91787518,151881067,https://inaturalist-open-data.s3.amazonaws.com/photos/151881067/original.jpeg,cc-by-nc,"(c) Apipa, some rights reserved (CC BY-NC)",apipa,Apipa,2021-08-17,"San Juan de Arama, Meta, Colombia",research,False,3.2676662407,-73.9085878755,1365,2048,no,cannifolium/inat-91787518-151881067-apipa.jpeg,
Spathiphyllum cannifolium,91787518,https://www.inaturalist.org/observations/91787518,151880942,https://inaturalist-open-data.s3.amazonaws.com/photos/151880942/original.jpeg,cc-by-nc,"(c) Apipa, some rights reserved (CC BY-NC)",apipa,Apipa,2021-08-17,"San Juan de Arama, Meta, Colombia",research,False,3.2676662407,-73.9085878755,1365,2048,no,cannifolium/inat-91787518-151880942-apipa.jpeg,
Spathiphyllum cannifolium,91787518,https://www.inaturalist.org/observations/91787518,151881279,https://inaturalist-open-data.s3.amazonaws.com/photos/151881279/original.jpeg,cc-by-nc,"(c) Apipa, some rights reserved (CC BY-NC)",apipa,Apipa,2021-08-17,"San Juan de Arama, Meta, Colombia",research,False,3.2676662407,-73.9085878755,1365,2048,no,cannifolium/inat-91787518-151881279-apipa.jpeg,
Spathiphyllum cannifolium,91787518,https://www.inaturalist.org/observations/91787518,151880828,https://inaturalist-open-data.s3.amazonaws.com/photos/151880828/original.jpeg,cc-by-nc,"(c) Apipa, some rights reserved (CC BY-NC)",apipa,Apipa,2021-08-17,"San Juan de Arama, Meta, Colombia",research,False,3.2676662407,-73.9085878755,1365,2048,no,cannifolium/inat-91787518-151880828-apipa.jpeg,
Spathiphyllum cannifolium,91787518,https://www.inaturalist.org/observations/91787518,151880548,https://inaturalist-open-data.s3.amazonaws.com/photos/151880548/original.jpeg,cc-by-nc,"(c) Apipa, some rights reserved (CC BY-NC)",apipa,Apipa,2021-08-17,"San Juan de Arama, Meta, Colombia",research,False,3.2676662407,-73.9085878755,1365,2048,no,cannifolium/inat-91787518-151880548-apipa.jpeg,
Spathiphyllum cannifolium,91787518,https://www.inaturalist.org/observations/91787518,151880234,https://inaturalist-open-data.s3.amazonaws.com/photos/151880234/original.jpeg,cc-by-nc,"(c) Apipa, some rights reserved (CC BY-NC)",apipa,Apipa,2021-08-17,"San Juan de Arama, Meta, Colombia",research,False,3.2676662407,-73.9085878755,2048,1365,no,cannifolium/inat-91787518-151880234-apipa.jpeg,
Spathiphyllum cannifolium,91787518,https://www.inaturalist.org/observations/91787518,151880044,https://inaturalist-open-data.s3.amazonaws.com/photos/151880044/original.jpeg,cc-by-nc,"(c) Apipa, some rights reserved (CC BY-NC)",apipa,Apipa,2021-08-17,"San Juan de Arama, Meta, Colombia",research,False,3.2676662407,-73.9085878755,2048,1365,no,cannifolium/inat-91787518-151880044-apipa.jpeg,
Spathiphyllum cannifolium,91787518,https://www.inaturalist.org/observations/91787518,151879855,https://inaturalist-open-data.s3.amazonaws.com/photos/151879855/original.jpeg,cc-by-nc,"(c) Apipa, some rights reserved (CC BY-NC)",apipa,Apipa,2021-08-17,"San Juan de Arama, Meta, Colombia",research,False,3.2676662407,-73.9085878755,2048,1365,no,cannifolium/inat-91787518-151879855-apipa.jpeg,
Spathiphyllum cannifolium,87815667,https://www.inaturalist.org/observations/87815667,144826891,https://static.inaturalist.org/photos/144826891/original.jpeg,all-rights-reserved,"(c) Rickelmy Holanda, all rights reserved",rickelmy_holanda,Rickelmy Holanda,2021-07-04,"Tefé - AM, 69470-000, Brasil",research,False,-3.4300916667,-64.7372194444,1536,2048,no,cannifolium/inat-87815667-144826891-rickelmy_holanda.jpeg,
Spathiphyllum cannifolium,74414524,https://www.inaturalist.org/observations/74414524,121615408,https://inaturalist-open-data.s3.amazonaws.com/photos/121615408/original.jpg,cc-by-nc,"(c) jsergio, some rights reserved (CC BY-NC)",jsergio,,2021-04-18,"Huaura, Perú",needs_id,False,-10.9222507475,-77.6559371947,2048,2048,no,cannifolium/inat-74414524-121615408-jsergio.jpg,
Spathiphyllum cannifolium,72203431,https://www.inaturalist.org/observations/72203431,117666565,https://inaturalist-open-data.s3.amazonaws.com/photos/117666565/original.jpeg,cc-by-nc,"(c) Mark Hulme, some rights reserved (CC BY-NC)",markhulme,Mark Hulme,2021-03-27,"Tunapuna/Piarco Regional Corporation, Trinidad and Tobago",needs_id,False,10.7469081915,-61.2133021689,1536,2048,no,cannifolium/inat-72203431-117666565-markhulme.jpeg,
Spathiphyllum cannifolium,71240593,https://www.inaturalist.org/observations/71240593,115952574,https://static.inaturalist.org/photos/115952574/original.jpeg,all-rights-reserved,"(c) S.Gualy, all rights reserved",sagu_05,S.Gualy,2021-03-14,"Florencia, Caquetá, Colombia",needs_id,False,1.6608031809,-75.5993307949,960,1280,no,cannifolium/inat-71240593-115952574-sagu_05.jpeg,
Spathiphyllum cannifolium,68059311,https://www.inaturalist.org/observations/68059311,110114362,https://inaturalist-open-data.s3.amazonaws.com/photos/110114362/original.jpg,cc-by-nc,"(c) Luis Carlos Rodríguez Méndez, some rights reserved (CC BY-NC)",luiscarlosrodrguezmndez,Luis Carlos Rodríguez Méndez,2021-01-14,"Panama, Province de Panama, PA",needs_id,False,9.0492888333,-79.50138,1536,2048,no,cannifolium/inat-68059311-110114362-luiscarlosrodrguezmndez.jpg,
Spathiphyllum cannifolium,61152999,https://www.inaturalist.org/observations/61152999,97824080,https://static.inaturalist.org/photos/97824080/original.jpg,all-rights-reserved,"(c) Terry Gosliner, all rights reserved",tgosliner,Terry Gosliner,2016-02-26,"Tunapuna/Piarco Regional Corporation, Trinidad and Tobago",research,False,10.7200889714,-61.2955600442,2048,1365,no,cannifolium/inat-61152999-97824080-tgosliner.jpg,
Spathiphyllum cannifolium,61133035,https://www.inaturalist.org/observations/61133035,97794358,https://static.inaturalist.org/photos/97794358/original.jpg,all-rights-reserved,"(c) Terry Gosliner, all rights reserved",tgosliner,Terry Gosliner,2016-02-25,"Tunapuna/Piarco Regional Corporation, Trinidad and Tobago",research,False,10.717392,-61.298221,2048,1365,no,cannifolium/inat-61133035-97794358-tgosliner.jpg,
Spathiphyllum cannifolium,60928183,https://www.inaturalist.org/observations/60928183,97385875,https://static.inaturalist.org/photos/97385875/original.jpg,all-rights-reserved,"(c) Terry Gosliner, all rights reserved",tgosliner,Terry Gosliner,2016-02-22,"Spring Hill Estate, PO Box 4710, Arima, Trinidad and Tobago",research,False,10.7178171,-61.2982719,2048,1365,no,cannifolium/inat-60928183-97385875-tgosliner.jpg,
Spathiphyllum cannifolium,58211547,https://www.inaturalist.org/observations/58211547,92915613,https://inaturalist-open-data.s3.amazonaws.com/photos/92915613/original.jpg,cc-by-nc,"(c) dmcruz42, some rights reserved (CC BY-NC)",dmcruz42,,2020-08-27,"San Martín, CO-ME, CO",needs_id,False,3.5316921935,-73.4215223558,1536,2048,no,cannifolium/inat-58211547-92915613-dmcruz42.jpg,
Spathiphyllum cannifolium,58211547,https://www.inaturalist.org/observations/58211547,92915647,https://inaturalist-open-data.s3.amazonaws.com/photos/92915647/original.jpg,cc-by-nc,"(c) dmcruz42, some rights reserved (CC BY-NC)",dmcruz42,,2020-08-27,"San Martín, CO-ME, CO",needs_id,False,3.5316921935,-73.4215223558,1536,2048,no,cannifolium/inat-58211547-92915647-dmcruz42.jpg,
Spathiphyllum cannifolium,40341535,https://www.inaturalist.org/observations/40341535,64074968,https://static.inaturalist.org/photos/64074968/original.jpeg,all-rights-reserved,"(c) Ray Wang, all rights reserved",ray76,Ray Wang,2019-10-12,"amaZOOnico Apartado 202, Tena, 厄瓜多",needs_id,False,-1.0630233,-77.5263284,2048,1536,no,cannifolium/inat-40341535-64074968-ray76.jpeg,
Spathiphyllum cannifolium,38767362,https://www.inaturalist.org/observations/38767362,61665643,https://inaturalist-open-data.s3.amazonaws.com/photos/61665643/original.jpg,cc-by-nc,"(c) usebcm, some rights reserved (CC BY-NC)",usebcm,,2020-02-17,"Squirrel Trail, Singapore, Singapore, SG",needs_id,False,1.360545,103.8231966667,1536,2048,no,cannifolium/inat-38767362-61665643-usebcm.jpg,
Spathiphyllum cannifolium,38096865,https://www.inaturalist.org/observations/38096865,60497801,https://static.inaturalist.org/photos/60497801/original.jpeg,all-rights-reserved,"(c) Shane Manchouck, all rights reserved",shanemanchouck,Shane Manchouck,2019-12-08,"Sangre Grande Regional Corporation, Trinidad and Tobago",needs_id,False,10.6947363352,-61.1725332772,1024,683,no,cannifolium/inat-38096865-60497801-shanemanchouck.jpeg,
Spathiphyllum cannifolium,36513137,https://www.inaturalist.org/observations/36513137,57727459,https://inaturalist-open-data.s3.amazonaws.com/photos/57727459/original.jpg,cc-by-nc,"(c) Sam Wilson, some rights reserved (CC BY-NC)",samdubbz,Sam Wilson,2019-01-31,"Mitú, Vaupés, Colombia",research,False,1.2529321586,-70.2521401271,1536,2048,no,cannifolium/inat-36513137-57727459-samdubbz.jpg,
Spathiphyllum cannifolium,36513137,https://www.inaturalist.org/observations/36513137,57727465,https://inaturalist-open-data.s3.amazonaws.com/photos/57727465/original.jpg,cc-by-nc,"(c) Sam Wilson, some rights reserved (CC BY-NC)",samdubbz,Sam Wilson,2019-01-31,"Mitú, Vaupés, Colombia",research,False,1.2529321586,-70.2521401271,1536,2048,no,cannifolium/inat-36513137-57727465-samdubbz.jpg,
Spathiphyllum cannifolium,36513137,https://www.inaturalist.org/observations/36513137,57727472,https://inaturalist-open-data.s3.amazonaws.com/photos/57727472/original.jpg,cc-by-nc,"(c) Sam Wilson, some rights reserved (CC BY-NC)",samdubbz,Sam Wilson,2019-01-31,"Mitú, Vaupés, Colombia",research,False,1.2529321586,-70.2521401271,2048,1536,no,cannifolium/inat-36513137-57727472-samdubbz.jpg,
Spathiphyllum cannifolium,35491294,https://www.inaturalist.org/observations/35491294,55966908,https://static.inaturalist.org/photos/55966908/original.jpeg,all-rights-reserved,"(c) Julia Sá, all rights reserved",julias2,Julia Sá,2019-11-09,"Jardim Botânico, Rio de Janeiro - RJ, Brasil",needs_id,False,-22.9669647217,-43.2219619751,996,2048,no,cannifolium/inat-35491294-55966908-julias2.jpeg,
Spathiphyllum cannifolium,31218052,https://www.inaturalist.org/observations/31218052,48839486,https://static.inaturalist.org/photos/48839486/original.jpeg,all-rights-reserved,"(c) Dewa Duwija, all rights reserved",cuucs_dewa_duwija,Dewa Duwija,2019-08-21,"Kedewatan, Ubud, Gianyar, Bali, Indonesia",needs_id,False,-8.492364584,115.2542698073,1536,2048,no,cannifolium/inat-31218052-48839486-cuucs_dewa_duwija.jpeg,
Spathiphyllum cannifolium,31109153,https://www.inaturalist.org/observations/31109153,48657545,https://static.inaturalist.org/photos/48657545/original.jpeg,all-rights-reserved,"(c) Dewa Artana, all rights reserved",cuufbp_dewa_artana,Dewa Artana,2019-08-19,"Kedewatan, Kecamatan Ubud, Kabupaten Gianyar, Bali, Indonesia",needs_id,False,-8.4920666667,115.254455,1536,2048,no,cannifolium/inat-31109153-48657545-cuufbp_dewa_artana.jpeg,
Spathiphyllum cannifolium,26414149,https://www.inaturalist.org/observations/26414149,41013024,https://inaturalist-open-data.s3.amazonaws.com/photos/41013024/original.jpeg,cc-by-nc,"(c) Holger Beck, some rights reserved (CC BY-NC)",holgerbeck,Holger Beck,2009-11-01,"Puerto Misahuallí, Ecuador",needs_id,False,-1.0330287,-77.6693608,1536,2048,no,cannifolium/inat-26414149-41013024-holgerbeck.jpeg,
Spathiphyllum cannifolium,25718503,https://www.inaturalist.org/observations/25718503,39866456,https://static.inaturalist.org/photos/39866456/original.jpg,all-rights-reserved,"(c) Evelinzzita Tite, all rights reserved",evelinzzitatite,Evelinzzita Tite,2019-05-21,"Puyo, Ecuador",research,False,-1.4731799959,-77.9969580403,1296,1728,no,cannifolium/inat-25718503-39866456-evelinzzitatite.jpg,
Spathiphyllum cannifolium,25718503,https://www.inaturalist.org/observations/25718503,39866460,https://static.inaturalist.org/photos/39866460/original.jpg,all-rights-reserved,"(c) Evelinzzita Tite, all rights reserved",evelinzzitatite,Evelinzzita Tite,2019-05-21,"Puyo, Ecuador",research,False,-1.4731799959,-77.9969580403,1296,1728,no,cannifolium/inat-25718503-39866460-evelinzzitatite.jpg,
Spathiphyllum cannifolium,19542287,https://www.inaturalist.org/observations/19542287,30076816,https://inaturalist-open-data.s3.amazonaws.com/photos/30076816/original.jpg,cc-by-nc,"(c) Jacob Martin, some rights reserved (CC BY-NC)",jacobmartinosp,Jacob Martin,2018-11-09,"Provincia de Napo, Ecuador",needs_id,False,-1.0403138889,-77.8875111111,1536,2048,no,cannifolium/inat-19542287-30076816-jacobmartinosp.jpg,
Spathiphyllum cannifolium,19542287,https://www.inaturalist.org/observations/19542287,30076819,https://inaturalist-open-data.s3.amazonaws.com/photos/30076819/original.jpg,cc-by-nc,"(c) Jacob Martin, some rights reserved (CC BY-NC)",jacobmartinosp,Jacob Martin,2018-11-09,"Provincia de Napo, Ecuador",needs_id,False,-1.0403138889,-77.8875111111,1536,2048,no,cannifolium/inat-19542287-30076819-jacobmartinosp.jpg,
Spathiphyllum cannifolium,19100711,https://www.inaturalist.org/observations/19100711,29312849,https://inaturalist-open-data.s3.amazonaws.com/photos/29312849/original.jpeg,cc-by-nc,"(c) bioexplora, some rights reserved (CC BY-NC)",bioexplora,,2018-10-25,"El Doncello, Caquetá, Colombia",research,False,1.680042,-75.2833349,1365,2048,no,cannifolium/inat-19100711-29312849-bioexplora.jpeg,
Spathiphyllum cannifolium,18026657,https://www.inaturalist.org/observations/18026657,27560502,https://inaturalist-open-data.s3.amazonaws.com/photos/27560502/original.jpeg,cc-by-sa,"(c) Ong Jyh Seng, some rights reserved (CC BY-SA)",ongzi,Ong Jyh Seng,2010-12-23,"Bandar Puteri, 41200 Port Klang, Selangor, Malaysia",needs_id,False,2.9853476573,101.4646970154,1150,2048,no,cannifolium/inat-18026657-27560502-ongzi.jpeg,
Spathiphyllum cannifolium,13762143,https://www.inaturalist.org/observations/13762143,20289328,https://inaturalist-open-data.s3.amazonaws.com/photos/20289328/original.jpeg,cc-by,"(c) Riley Pollom, some rights reserved (CC BY)",rileypollom,Riley Pollom,2018-06-24,"Tijuca, Rio de Janeiro, BR-RJ, BR",research,False,-22.9482378763,-43.2774370696,1152,2048,no,cannifolium/inat-13762143-20289328-rileypollom.jpeg,
Spathiphyllum cannifolium,11905714,https://www.inaturalist.org/observations/11905714,17041617,https://inaturalist-open-data.s3.amazonaws.com/photos/17041617/original.jpeg,cc-by-nc,"(c) Diogo Loretto, some rights reserved (CC BY-NC)",diogoloretto,Diogo Loretto,2009-01-18,"Alto da Boa Vista, Rio de Janeiro - RJ, Brasil",research,False,-22.9564122235,-43.2805525146,2048,1536,no,cannifolium/inat-11905714-17041617-diogoloretto.jpeg,
Spathiphyllum cannifolium,11897648,https://www.inaturalist.org/observations/11897648,17028260,https://inaturalist-open-data.s3.amazonaws.com/photos/17028260/original.jpeg,cc-by-nc,"(c) Thiago Mahlmann, some rights reserved (CC BY-NC)",thiago_mahlmann,Thiago Mahlmann,2012-10-07,"Patamares, Salvador - BA, Brasil",needs_id,False,-12.950453,-38.400936,1365,2048,no,cannifolium/inat-11897648-17028260-thiago_mahlmann.jpeg,
Spathiphyllum cannifolium,11214933,https://www.inaturalist.org/observations/11214933,15907866,https://inaturalist-open-data.s3.amazonaws.com/photos/15907866/original.jpg,cc-by-nc,"(c) Bruno Cardoso, some rights reserved (CC BY-NC)",brunocardoso,Bruno Cardoso,2018-04-13,"Barragem do Ipitanga, Salvador, BA, BR",research,False,-12.86273,-38.3969,1536,2048,no,cannifolium/inat-11214933-15907866-brunocardoso.jpg,
Spathiphyllum cannifolium,9686417,https://www.inaturalist.org/observations/9686417,13243338,https://static.inaturalist.org/photos/13243338/original.jpeg,all-rights-reserved,"(c) JUAN CARLOS ROJAS MURILLO, all rights reserved",juancarlosrojasmurillo,JUAN CARLOS ROJAS MURILLO,2018-01-31,"Castilla La Nueva, Meta, Colombia",needs_id,False,3.7551362514,-73.394744873,1536,2048,no,cannifolium/inat-9686417-13243338-juancarlosrojasmurillo.jpeg,
Spathiphyllum cannifolium,9686417,https://www.inaturalist.org/observations/9686417,13243352,https://static.inaturalist.org/photos/13243352/original.jpeg,all-rights-reserved,"(c) JUAN CARLOS ROJAS MURILLO, all rights reserved",juancarlosrojasmurillo,JUAN CARLOS ROJAS MURILLO,2018-01-31,"Castilla La Nueva, Meta, Colombia",needs_id,False,3.7551362514,-73.394744873,1536,2048,no,cannifolium/inat-9686417-13243352-juancarlosrojasmurillo.jpeg,
Spathiphyllum cannifolium,9686417,https://www.inaturalist.org/observations/9686417,13243387,https://static.inaturalist.org/photos/13243387/original.jpeg,all-rights-reserved,"(c) JUAN CARLOS ROJAS MURILLO, all rights reserved",juancarlosrojasmurillo,JUAN CARLOS ROJAS MURILLO,2018-01-31,"Castilla La Nueva, Meta, Colombia",needs_id,False,3.7551362514,-73.394744873,1536,2048,no,cannifolium/inat-9686417-13243387-juancarlosrojasmurillo.jpeg,
Spathiphyllum cannifolium,6966140,https://www.inaturalist.org/observations/6966140,8910635,https://inaturalist-open-data.s3.amazonaws.com/photos/8910635/original.jpeg,cc-by-nc,"(c) Jeremiah Leach, some rights reserved (CC BY-NC)",sapper11,Jeremiah Leach,2017-06-23,"Orellana, Parque Nacional Yasuní, EC-OR, EC",research,False,-0.6744158,-76.39778111,1536,2048,no,cannifolium/inat-6966140-8910635-sapper11.jpeg,
Spathiphyllum cannifolium,6966140,https://www.inaturalist.org/observations/6966140,8910637,https://inaturalist-open-data.s3.amazonaws.com/photos/8910637/original.jpeg,cc-by-nc,"(c) Jeremiah Leach, some rights reserved (CC BY-NC)",sapper11,Jeremiah Leach,2017-06-23,"Orellana, Parque Nacional Yasuní, EC-OR, EC",research,False,-0.6744158,-76.39778111,1536,2048,no,cannifolium/inat-6966140-8910637-sapper11.jpeg,
Spathiphyllum cochlearispathum,365742731,https://www.inaturalist.org/observations/365742731,667779966,https://inaturalist-open-data.s3.amazonaws.com/photos/667779966/original.jpg,cc-by-nc,"(c) Abigail Hernández Hernández, some rights reserved (CC BY-NC)",abichuela061,Abigail Hernández Hernández,2026-05-20,"95807 Lázaro Cárdenas, Ver., México",needs_id,False,18.5738647,-95.0953851,1536,2048,no,cochlearispathum/inat-365742731-667779966-abichuela061.jpg,
Spathiphyllum cochlearispathum,365742731,https://www.inaturalist.org/observations/365742731,667780015,https://inaturalist-open-data.s3.amazonaws.com/photos/667780015/original.jpg,cc-by-nc,"(c) Abigail Hernández Hernández, some rights reserved (CC BY-NC)",abichuela061,Abigail Hernández Hernández,2026-05-20,"95807 Lázaro Cárdenas, Ver., México",needs_id,False,18.5738647,-95.0953851,1536,2048,no,cochlearispathum/inat-365742731-667780015-abichuela061.jpg,
Spathiphyllum cochlearispathum,365742731,https://www.inaturalist.org/observations/365742731,667780057,https://inaturalist-open-data.s3.amazonaws.com/photos/667780057/original.jpg,cc-by-nc,"(c) Abigail Hernández Hernández, some rights reserved (CC BY-NC)",abichuela061,Abigail Hernández Hernández,2026-05-20,"95807 Lázaro Cárdenas, Ver., México",needs_id,False,18.5738647,-95.0953851,1536,2048,no,cochlearispathum/inat-365742731-667780057-abichuela061.jpg,
Spathiphyllum cochlearispathum,365742731,https://www.inaturalist.org/observations/365742731,667780097,https://inaturalist-open-data.s3.amazonaws.com/photos/667780097/original.jpg,cc-by-nc,"(c) Abigail Hernández Hernández, some rights reserved (CC BY-NC)",abichuela061,Abigail Hernández Hernández,2026-05-20,"95807 Lázaro Cárdenas, Ver., México",needs_id,False,18.5738647,-95.0953851,1536,2048,no,cochlearispathum/inat-365742731-667780097-abichuela061.jpg,
Spathiphyllum cochlearispathum,365742731,https://www.inaturalist.org/observations/365742731,667780131,https://inaturalist-open-data.s3.amazonaws.com/photos/667780131/original.jpg,cc-by-nc,"(c) Abigail Hernández Hernández, some rights reserved (CC BY-NC)",abichuela061,Abigail Hernández Hernández,2026-05-20,"95807 Lázaro Cárdenas, Ver., México",needs_id,False,18.5738647,-95.0953851,1536,2048,no,cochlearispathum/inat-365742731-667780131-abichuela061.jpg,
Spathiphyllum cochlearispathum,365734682,https://www.inaturalist.org/observations/365734682,667764695,https://inaturalist-open-data.s3.amazonaws.com/photos/667764695/original.jpg,cc-by-nc,"(c) Abigail Hernández Hernández, some rights reserved (CC BY-NC)",abichuela061,Abigail Hernández Hernández,2026-05-18,"95807 Ver., México",needs_id,False,18.5825833196,-95.0802979991,1536,2048,no,cochlearispathum/inat-365734682-667764695-abichuela061.jpg,
Spathiphyllum cochlearispathum,365734682,https://www.inaturalist.org/observations/365734682,667764747,https://inaturalist-open-data.s3.amazonaws.com/photos/667764747/original.jpg,cc-by-nc,"(c) Abigail Hernández Hernández, some rights reserved (CC BY-NC)",abichuela061,Abigail Hernández Hernández,2026-05-18,"95807 Ver., México",needs_id,False,18.5825833196,-95.0802979991,1536,2048,no,cochlearispathum/inat-365734682-667764747-abichuela061.jpg,
Spathiphyllum cochlearispathum,365734682,https://www.inaturalist.org/observations/365734682,667766237,https://inaturalist-open-data.s3.amazonaws.com/photos/667766237/original.jpg,cc-by-nc,"(c) Abigail Hernández Hernández, some rights reserved (CC BY-NC)",abichuela061,Abigail Hernández Hernández,2026-05-18,"95807 Ver., México",needs_id,False,18.5825833196,-95.0802979991,1536,2048,no,cochlearispathum/inat-365734682-667766237-abichuela061.jpg,
Spathiphyllum cochlearispathum,365734682,https://www.inaturalist.org/observations/365734682,667766290,https://inaturalist-open-data.s3.amazonaws.com/photos/667766290/original.jpg,cc-by-nc,"(c) Abigail Hernández Hernández, some rights reserved (CC BY-NC)",abichuela061,Abigail Hernández Hernández,2026-05-18,"95807 Ver., México",needs_id,False,18.5825833196,-95.0802979991,1536,2048,no,cochlearispathum/inat-365734682-667766290-abichuela061.jpg,
Spathiphyllum cochlearispathum,365734682,https://www.inaturalist.org/observations/365734682,667768520,https://inaturalist-open-data.s3.amazonaws.com/photos/667768520/original.jpg,cc-by-nc,"(c) Abigail Hernández Hernández, some rights reserved (CC BY-NC)",abichuela061,Abigail Hernández Hernández,2026-05-18,"95807 Ver., México",needs_id,False,18.5825833196,-95.0802979991,1536,2048,no,cochlearispathum/inat-365734682-667768520-abichuela061.jpg,
Spathiphyllum cochlearispathum,365628909,https://www.inaturalist.org/observations/365628909,667570698,https://inaturalist-open-data.s3.amazonaws.com/photos/667570698/original.jpg,cc-by-nc,"(c) Diego Manzano Méndez, some rights reserved (CC BY-NC)",diegoman,Diego Manzano Méndez,2026-05-21,"Coapilla, Chis., México",research,False,17.169178,-93.1691665556,1536,2048,no,cochlearispathum/inat-365628909-667570698-diegoman.jpg,
Spathiphyllum cochlearispathum,365628909,https://www.inaturalist.org/observations/365628909,667570683,https://inaturalist-open-data.s3.amazonaws.com/photos/667570683/original.jpg,cc-by-nc,"(c) Diego Manzano Méndez, some rights reserved (CC BY-NC)",diegoman,Diego Manzano Méndez,2026-05-21,"Coapilla, Chis., México",research,False,17.169178,-93.1691665556,1536,2048,no,cochlearispathum/inat-365628909-667570683-diegoman.jpg,
Spathiphyllum cochlearispathum,365628909,https://www.inaturalist.org/observations/365628909,667570724,https://inaturalist-open-data.s3.amazonaws.com/photos/667570724/original.jpg,cc-by-nc,"(c) Diego Manzano Méndez, some rights reserved (CC BY-NC)",diegoman,Diego Manzano Méndez,2026-05-21,"Coapilla, Chis., México",research,False,17.169178,-93.1691665556,1536,2048,no,cochlearispathum/inat-365628909-667570724-diegoman.jpg,
Spathiphyllum cochlearispathum,343888648,https://www.inaturalist.org/observations/343888648,626509626,https://inaturalist-open-data.s3.amazonaws.com/photos/626509626/original.jpg,cc-by-nc,"(c) AMAURI DIAZ SOLIS, some rights reserved (CC BY-NC)",amaurydiaz,AMAURI DIAZ SOLIS,2026-03-19,"P3VV+6G, 95016 Tlacuilola, Ver., México",research,False,18.7422906501,-96.9041803479,1542,2048,no,cochlearispathum/inat-343888648-626509626-amaurydiaz.jpg,
Spathiphyllum cochlearispathum,325848524,https://www.inaturalist.org/observations/325848524,590045098,https://inaturalist-open-data.s3.amazonaws.com/photos/590045098/original.jpg,cc-by-nc,"(c) George Muttathil, some rights reserved (CC BY-NC)",muttathilgeorge,George Muttathil,2025-11-10,"4GC8+CJ, New Naduvil, Kerala 670582, India",needs_id,False,12.1215416667,75.5172972222,1536,2048,no,cochlearispathum/inat-325848524-590045098-muttathilgeorge.jpg,
Spathiphyllum cochlearispathum,322065512,https://www.inaturalist.org/observations/322065512,582536269,https://inaturalist-open-data.s3.amazonaws.com/photos/582536269/original.jpg,cc-by-nc,"(c) Aarón Pérez, some rights reserved (CC BY-NC)",aaronjpc,Aarón Pérez,2025-10-14,"Coatzacoalcos, Ver., México",research,False,18.1214663889,-94.3717897222,1536,2048,no,cochlearispathum/inat-322065512-582536269-aaronjpc.jpg,
Spathiphyllum cochlearispathum,322065512,https://www.inaturalist.org/observations/322065512,582536290,https://inaturalist-open-data.s3.amazonaws.com/photos/582536290/original.jpg,cc-by-nc,"(c) Aarón Pérez, some rights reserved (CC BY-NC)",aaronjpc,Aarón Pérez,2025-10-14,"Coatzacoalcos, Ver., México",research,False,18.1214663889,-94.3717897222,1536,2048,no,cochlearispathum/inat-322065512-582536290-aaronjpc.jpg,
Spathiphyllum cochlearispathum,322065512,https://www.inaturalist.org/observations/322065512,582536313,https://inaturalist-open-data.s3.amazonaws.com/photos/582536313/original.jpg,cc-by-nc,"(c) Aarón Pérez, some rights reserved (CC BY-NC)",aaronjpc,Aarón Pérez,2025-10-14,"Coatzacoalcos, Ver., México",research,False,18.1214663889,-94.3717897222,2048,1536,no,cochlearispathum/inat-322065512-582536313-aaronjpc.jpg,
Spathiphyllum cochlearispathum,322065512,https://www.inaturalist.org/observations/322065512,582536326,https://inaturalist-open-data.s3.amazonaws.com/photos/582536326/original.jpg,cc-by-nc,"(c) Aarón Pérez, some rights reserved (CC BY-NC)",aaronjpc,Aarón Pérez,2025-10-14,"Coatzacoalcos, Ver., México",research,False,18.1214663889,-94.3717897222,2048,1536,no,cochlearispathum/inat-322065512-582536326-aaronjpc.jpg,
Spathiphyllum cochlearispathum,321685736,https://www.inaturalist.org/observations/321685736,581799618,https://inaturalist-open-data.s3.amazonaws.com/photos/581799618/original.jpg,cc-by,"(c) Oscar Israel Rodríguez Ortiz, some rights reserved (CC BY)",israelrodriguez,Oscar Israel Rodríguez Ortiz,2025-10-18,Ixhuatlán del Sureste,research,False,18.0288162231,-94.4089584351,1536,2048,no,cochlearispathum/inat-321685736-581799618-israelrodriguez.jpg,
Spathiphyllum cochlearispathum,222385281,https://www.inaturalist.org/observations/222385281,393929264,https://static.inaturalist.org/photos/393929264/original.jpeg,all-rights-reserved,"(c) Ariana Martínez, all rights reserved",aris_27,Ariana Martínez,2024-05-30,"El Alamo, 94180 Ixhuatlán del Café, Ver., México",research,False,19.0608576021,-96.9780175388,1280,963,no,cochlearispathum/inat-222385281-393929264-aris_27.jpeg,
Spathiphyllum cochlearispathum,222385281,https://www.inaturalist.org/observations/222385281,393929279,https://static.inaturalist.org/photos/393929279/original.jpeg,all-rights-reserved,"(c) Ariana Martínez, all rights reserved",aris_27,Ariana Martínez,2024-05-30,"El Alamo, 94180 Ixhuatlán del Café, Ver., México",research,False,19.0608576021,-96.9780175388,1280,963,no,cochlearispathum/inat-222385281-393929279-aris_27.jpeg,
Spathiphyllum cochlearispathum,220924449,https://www.inaturalist.org/observations/220924449,391190131,https://inaturalist-open-data.s3.amazonaws.com/photos/391190131/original.jpeg,cc-by-nc,"(c) Eugenio Padilla, some rights reserved (CC BY-NC)",eugenio_padilla,Eugenio Padilla,2024-05-22,"Santiago Comaltepec, Oaxaca, México",needs_id,False,17.5800094603,-96.4860687256,929,2048,no,cochlearispathum/inat-220924449-391190131-eugenio_padilla.jpeg,
Spathiphyllum cochlearispathum,220924449,https://www.inaturalist.org/observations/220924449,391190178,https://inaturalist-open-data.s3.amazonaws.com/photos/391190178/original.jpeg,cc-by-nc,"(c) Eugenio Padilla, some rights reserved (CC BY-NC)",eugenio_padilla,Eugenio Padilla,2024-05-22,"Santiago Comaltepec, Oaxaca, México",needs_id,False,17.5800094603,-96.4860687256,929,2048,no,cochlearispathum/inat-220924449-391190178-eugenio_padilla.jpeg,
Spathiphyllum cochlearispathum,220924449,https://www.inaturalist.org/observations/220924449,391190210,https://inaturalist-open-data.s3.amazonaws.com/photos/391190210/original.jpeg,cc-by-nc,"(c) Eugenio Padilla, some rights reserved (CC BY-NC)",eugenio_padilla,Eugenio Padilla,2024-05-22,"Santiago Comaltepec, Oaxaca, México",needs_id,False,17.5800094603,-96.4860687256,929,2048,no,cochlearispathum/inat-220924449-391190210-eugenio_padilla.jpeg,
Spathiphyllum cochlearispathum,220924449,https://www.inaturalist.org/observations/220924449,391190241,https://inaturalist-open-data.s3.amazonaws.com/photos/391190241/original.jpeg,cc-by-nc,"(c) Eugenio Padilla, some rights reserved (CC BY-NC)",eugenio_padilla,Eugenio Padilla,2024-05-22,"Santiago Comaltepec, Oaxaca, México",needs_id,False,17.5800094603,-96.4860687256,929,2048,no,cochlearispathum/inat-220924449-391190241-eugenio_padilla.jpeg,
Spathiphyllum cochlearispathum,220924449,https://www.inaturalist.org/observations/220924449,391190269,https://inaturalist-open-data.s3.amazonaws.com/photos/391190269/original.jpeg,cc-by-nc,"(c) Eugenio Padilla, some rights reserved (CC BY-NC)",eugenio_padilla,Eugenio Padilla,2024-05-22,"Santiago Comaltepec, Oaxaca, México",needs_id,False,17.5800094603,-96.4860687256,929,2048,no,cochlearispathum/inat-220924449-391190269-eugenio_padilla.jpeg,
Spathiphyllum cochlearispathum,219716056,https://www.inaturalist.org/observations/219716056,388930179,https://inaturalist-open-data.s3.amazonaws.com/photos/388930179/original.jpeg,cc-by-nc,"(c) Jaime Jiménez Fernández, some rights reserved (CC BY-NC)",jaime014,Jaime Jiménez Fernández,2018-02-23,"Las Margaritas, Chis., México",research,False,16.4026889288,-91.708070473,584,1040,no,cochlearispathum/inat-219716056-388930179-jaime014.jpeg,
Spathiphyllum cochlearispathum,219716056,https://www.inaturalist.org/observations/219716056,388930556,https://inaturalist-open-data.s3.amazonaws.com/photos/388930556/original.jpeg,cc-by-nc,"(c) Jaime Jiménez Fernández, some rights reserved (CC BY-NC)",jaime014,Jaime Jiménez Fernández,2018-02-23,"Las Margaritas, Chis., México",research,False,16.4026889288,-91.708070473,584,1040,no,cochlearispathum/inat-219716056-388930556-jaime014.jpeg,
Spathiphyllum cochlearispathum,213024453,https://www.inaturalist.org/observations/213024453,376442650,https://inaturalist-open-data.s3.amazonaws.com/photos/376442650/original.jpeg,cc-by-nc,"(c) Jaime Rivera, some rights reserved (CC BY-NC)",rivalcan,Jaime Rivera,2024-03-26,Cervantes y Lozada,needs_id,False,18.953139818,-96.9237039662,1365,2048,no,cochlearispathum/inat-213024453-376442650-rivalcan.jpeg,
Spathiphyllum cochlearispathum,213024453,https://www.inaturalist.org/observations/213024453,376442676,https://inaturalist-open-data.s3.amazonaws.com/photos/376442676/original.jpeg,cc-by-nc,"(c) Jaime Rivera, some rights reserved (CC BY-NC)",rivalcan,Jaime Rivera,2024-03-26,Cervantes y Lozada,needs_id,False,18.953139818,-96.9237039662,1365,2048,no,cochlearispathum/inat-213024453-376442676-rivalcan.jpeg,
Spathiphyllum cochlearispathum,213024453,https://www.inaturalist.org/observations/213024453,376442701,https://inaturalist-open-data.s3.amazonaws.com/photos/376442701/original.jpeg,cc-by-nc,"(c) Jaime Rivera, some rights reserved (CC BY-NC)",rivalcan,Jaime Rivera,2024-03-26,Cervantes y Lozada,needs_id,False,18.953139818,-96.9237039662,2048,1365,no,cochlearispathum/inat-213024453-376442701-rivalcan.jpeg,
Spathiphyllum cochlearispathum,207800499,https://www.inaturalist.org/observations/207800499,367601243,https://static.inaturalist.org/photos/367601243/original.jpeg,all-rights-reserved,"(c) Geobicom Ríos, all rights reserved",geobicom,Geobicom Ríos,2024-04-08,"94494 Ver., México",research,False,18.9556694816,-96.9314064458,2048,1536,no,cochlearispathum/inat-207800499-367601243-geobicom.jpeg,
Spathiphyllum cochlearispathum,205038318,https://www.inaturalist.org/observations/205038318,362488169,https://static.inaturalist.org/photos/362488169/original.jpeg,all-rights-reserved,"(c) Erick Márquez, all rights reserved",erick458,Erick Márquez,2024-03-31,"95900 Ver., México",needs_id,False,18.2051621622,-94.865029268,1536,2048,no,cochlearispathum/inat-205038318-362488169-erick458.jpeg,
Spathiphyllum cochlearispathum,197672586,https://www.inaturalist.org/observations/197672586,348216254,https://inaturalist-open-data.s3.amazonaws.com/photos/348216254/original.jpeg,cc-by-nc,"(c) lougarou, some rights reserved (CC BY-NC)",lougarou,,2007-11-05,"Siglo XXI, 29960 Palenque, Chis., Mexique",research,False,17.5022995413,-92.0055570069,850,572,no,cochlearispathum/inat-197672586-348216254-lougarou.jpeg,
Spathiphyllum cochlearispathum,197672586,https://www.inaturalist.org/observations/197672586,348216253,https://inaturalist-open-data.s3.amazonaws.com/photos/348216253/original.jpeg,cc-by-nc,"(c) lougarou, some rights reserved (CC BY-NC)",lougarou,,2007-11-05,"Siglo XXI, 29960 Palenque, Chis., Mexique",research,False,17.5022995413,-92.0055570069,850,572,no,cochlearispathum/inat-197672586-348216253-lougarou.jpeg,
Spathiphyllum cochlearispathum,182772795,https://www.inaturalist.org/observations/182772795,318742792,https://inaturalist-open-data.s3.amazonaws.com/photos/318742792/original.jpg,cc-by-nc,"(c) azlinaminuddin, some rights reserved (CC BY-NC)",azlinaminuddin,,2023-09-10,"Persiaran Timur, Putrajaya, Putrajaya, MY",needs_id,False,2.9337833333,101.7105633333,1536,2048,no,cochlearispathum/inat-182772795-318742792-azlinaminuddin.jpg,
Spathiphyllum cochlearispathum,163802528,https://www.inaturalist.org/observations/163802528,283341458,https://static.inaturalist.org/photos/283341458/original.jpeg,all-rights-reserved,"(c) Dr. Alexey Yakovlev, all rights reserved",botalex,Dr. Alexey Yakovlev,2012-07-30,"Катемако, Веракрус, Мексика",needs_id,False,18.408030929,-95.1207170068,1366,2048,no,cochlearispathum/inat-163802528-283341458-botalex.jpeg,
Spathiphyllum cochlearispathum,163802528,https://www.inaturalist.org/observations/163802528,283341445,https://static.inaturalist.org/photos/283341445/original.jpeg,all-rights-reserved,"(c) Dr. Alexey Yakovlev, all rights reserved",botalex,Dr. Alexey Yakovlev,2012-07-30,"Катемако, Веракрус, Мексика",needs_id,False,18.408030929,-95.1207170068,1365,2048,no,cochlearispathum/inat-163802528-283341445-botalex.jpeg,
Spathiphyllum cochlearispathum,163802528,https://www.inaturalist.org/observations/163802528,283341435,https://static.inaturalist.org/photos/283341435/original.jpeg,all-rights-reserved,"(c) Dr. Alexey Yakovlev, all rights reserved",botalex,Dr. Alexey Yakovlev,2012-07-30,"Катемако, Веракрус, Мексика",needs_id,False,18.408030929,-95.1207170068,1365,2048,no,cochlearispathum/inat-163802528-283341435-botalex.jpeg,
Spathiphyllum cochlearispathum,121599416,https://www.inaturalist.org/observations/121599416,205778816,https://inaturalist-open-data.s3.amazonaws.com/photos/205778816/original.jpeg,cc-by-nc,"(c) Arturo C. Mendoza, some rights reserved (CC BY-NC)",arthur_cm,Arturo C. Mendoza,2022-06-10,"Huimanguillo Municipality, Tabasco, Mexico",needs_id,False,17.3382118955,-93.6097405222,2048,1365,no,cochlearispathum/inat-121599416-205778816-arthur_cm.jpeg,
Spathiphyllum cochlearispathum,121599416,https://www.inaturalist.org/observations/121599416,205778314,https://inaturalist-open-data.s3.amazonaws.com/photos/205778314/original.jpeg,cc-by-nc,"(c) Arturo C. Mendoza, some rights reserved (CC BY-NC)",arthur_cm,Arturo C. Mendoza,2022-06-10,"Huimanguillo Municipality, Tabasco, Mexico",needs_id,False,17.3382118955,-93.6097405222,1365,2048,no,cochlearispathum/inat-121599416-205778314-arthur_cm.jpeg,
Spathiphyllum cochlearispathum,115606034,https://www.inaturalist.org/observations/115606034,195107187,https://inaturalist-open-data.s3.amazonaws.com/photos/195107187/original.jpg,cc-by,"(c) Neptalí Ramírez Marcial, some rights reserved (CC BY)",huracan,Neptalí Ramírez Marcial,2022-04-17,"Las Cañadas, 29264 San Cristóbal de las Casas, Chis., México",research,False,16.7203579354,-92.6596023188,1671,1114,no,cochlearispathum/inat-115606034-195107187-huracan.jpg,
Spathiphyllum cochlearispathum,115606034,https://www.inaturalist.org/observations/115606034,195107202,https://inaturalist-open-data.s3.amazonaws.com/photos/195107202/original.jpg,cc-by,"(c) Neptalí Ramírez Marcial, some rights reserved (CC BY)",huracan,Neptalí Ramírez Marcial,2022-04-17,"Las Cañadas, 29264 San Cristóbal de las Casas, Chis., México",research,False,16.7203579354,-92.6596023188,1671,1114,no,cochlearispathum/inat-115606034-195107202-huracan.jpg,
Spathiphyllum cochlearispathum,115606034,https://www.inaturalist.org/observations/115606034,195107217,https://inaturalist-open-data.s3.amazonaws.com/photos/195107217/original.jpg,cc-by,"(c) Neptalí Ramírez Marcial, some rights reserved (CC BY)",huracan,Neptalí Ramírez Marcial,2022-04-17,"Las Cañadas, 29264 San Cristóbal de las Casas, Chis., México",research,False,16.7203579354,-92.6596023188,1671,1114,no,cochlearispathum/inat-115606034-195107217-huracan.jpg,
Spathiphyllum cochlearispathum,115606034,https://www.inaturalist.org/observations/115606034,195107241,https://inaturalist-open-data.s3.amazonaws.com/photos/195107241/original.jpg,cc-by,"(c) Neptalí Ramírez Marcial, some rights reserved (CC BY)",huracan,Neptalí Ramírez Marcial,2022-04-17,"Las Cañadas, 29264 San Cristóbal de las Casas, Chis., México",research,False,16.7203579354,-92.6596023188,1671,1114,no,cochlearispathum/inat-115606034-195107241-huracan.jpg,
Spathiphyllum cochlearispathum,102446820,https://www.inaturalist.org/observations/102446820,171254237,https://inaturalist-open-data.s3.amazonaws.com/photos/171254237/original.jpeg,cc-by-nc,"(c) Diego Manzano Méndez, some rights reserved (CC BY-NC)",diegoman,Diego Manzano Méndez,2021-12-01,"30234 Chis., México",research,False,16.39804,-91.703687,2048,1151,no,cochlearispathum/inat-102446820-171254237-diegoman.jpeg,
Spathiphyllum cochlearispathum,102446820,https://www.inaturalist.org/observations/102446820,171254252,https://inaturalist-open-data.s3.amazonaws.com/photos/171254252/original.jpeg,cc-by-nc,"(c) Diego Manzano Méndez, some rights reserved (CC BY-NC)",diegoman,Diego Manzano Méndez,2021-12-01,"30234 Chis., México",research,False,16.39804,-91.703687,1151,2048,no,cochlearispathum/inat-102446820-171254252-diegoman.jpeg,
Spathiphyllum cochlearispathum,102446820,https://www.inaturalist.org/observations/102446820,171254273,https://inaturalist-open-data.s3.amazonaws.com/photos/171254273/original.jpeg,cc-by-nc,"(c) Diego Manzano Méndez, some rights reserved (CC BY-NC)",diegoman,Diego Manzano Méndez,2021-12-01,"30234 Chis., México",research,False,16.39804,-91.703687,1151,2048,no,cochlearispathum/inat-102446820-171254273-diegoman.jpeg,
Spathiphyllum cochlearispathum,86936853,https://www.inaturalist.org/observations/86936853,143302834,https://static.inaturalist.org/photos/143302834/original.jpg,all-rights-reserved,"(c) Paola Andrea Ubiergo Corvalan, all rights reserved",paola_andrea_ubiergo_corvalan,Paola Andrea Ubiergo Corvalan,2019-10-10,"29935 Agua Azul, Chis., México",research,False,16.7593,-90.774983,1024,2048,no,cochlearispathum/inat-86936853-143302834-paola_andrea_ubiergo_corvalan.jpg,
Spathiphyllum cochlearispathum,71578931,https://www.inaturalist.org/observations/71578931,116559617,https://inaturalist-open-data.s3.amazonaws.com/photos/116559617/original.jpg,cc-by-nc,"(c) Sunshine, some rights reserved (CC BY-NC)",sunshinesaqimax,Sunshine,2021-03-18,"Coban, Alta Verapaz, GT",needs_id,False,15.3728416667,-90.3458166667,2048,2048,no,cochlearispathum/inat-71578931-116559617-sunshinesaqimax.jpg,
Spathiphyllum cochlearispathum,71578931,https://www.inaturalist.org/observations/71578931,116559639,https://inaturalist-open-data.s3.amazonaws.com/photos/116559639/original.jpg,cc-by-nc,"(c) Sunshine, some rights reserved (CC BY-NC)",sunshinesaqimax,Sunshine,2021-03-18,"Coban, Alta Verapaz, GT",needs_id,False,15.3728416667,-90.3458166667,2048,2048,no,cochlearispathum/inat-71578931-116559639-sunshinesaqimax.jpg,
Spathiphyllum cochlearispathum,69224978,https://www.inaturalist.org/observations/69224978,112283414,https://inaturalist-open-data.s3.amazonaws.com/photos/112283414/original.png,cc-by-nc,"(c) Sunshine, some rights reserved (CC BY-NC)",sunshinesaqimax,Sunshine,2020-04-11,"Cobán, Guatemala",research,False,15.3693053504,-90.3501578,1029,1280,no,cochlearispathum/inat-69224978-112283414-sunshinesaqimax.png,
Spathiphyllum cochlearispathum,36858056,https://www.inaturalist.org/observations/36858056,58329467,https://static.inaturalist.org/photos/58329467/original.jpeg,all-rights-reserved,"(c) Alfredo Dorantes Euan, all rights reserved",adorantes,Alfredo Dorantes Euan,2016-02-28,"Pacchen, Solidaridad, Quintana Roo",research,False,20.634659437,-87.5766487476,1800,1350,no,cochlearispathum/inat-36858056-58329467-adorantes.jpeg,
Spathiphyllum cochlearispathum,36858055,https://www.inaturalist.org/observations/36858055,58329461,https://static.inaturalist.org/photos/58329461/original.jpeg,all-rights-reserved,"(c) Alfredo Dorantes Euan, all rights reserved",adorantes,Alfredo Dorantes Euan,2016-02-28,"Pacchen, Solidaridad, Quintana Roo",research,False,20.634659437,-87.5766487476,1800,1301,no,cochlearispathum/inat-36858055-58329461-adorantes.jpeg,
Spathiphyllum cochlearispathum,36858055,https://www.inaturalist.org/observations/36858055,58329474,https://static.inaturalist.org/photos/58329474/original.jpeg,all-rights-reserved,"(c) Alfredo Dorantes Euan, all rights reserved",adorantes,Alfredo Dorantes Euan,2016-02-28,"Pacchen, Solidaridad, Quintana Roo",research,False,20.634659437,-87.5766487476,1700,1275,no,cochlearispathum/inat-36858055-58329474-adorantes.jpeg,
Spathiphyllum cochlearispathum,36858055,https://www.inaturalist.org/observations/36858055,58329478,https://static.inaturalist.org/photos/58329478/original.jpeg,all-rights-reserved,"(c) Alfredo Dorantes Euan, all rights reserved",adorantes,Alfredo Dorantes Euan,2016-02-28,"Pacchen, Solidaridad, Quintana Roo",research,False,20.634659437,-87.5766487476,1700,1310,no,cochlearispathum/inat-36858055-58329478-adorantes.jpeg,
Spathiphyllum cochlearispathum,30622369,https://www.inaturalist.org/observations/30622369,47849688,https://inaturalist-open-data.s3.amazonaws.com/photos/47849688/original.jpg,cc-by,"(c) Francisco Emilio Roldán Velasco, some rights reserved (CC BY)",emiliorv,Francisco Emilio Roldán Velasco,2019-07-17,"Ocosingo, Chis., México",research,False,16.7187309722,-90.9452809722,1536,2048,no,cochlearispathum/inat-30622369-47849688-emiliorv.jpg,
Spathiphyllum cochlearispathum,30622369,https://www.inaturalist.org/observations/30622369,47849754,https://inaturalist-open-data.s3.amazonaws.com/photos/47849754/original.jpg,cc-by,"(c) Francisco Emilio Roldán Velasco, some rights reserved (CC BY)",emiliorv,Francisco Emilio Roldán Velasco,2019-07-17,"Ocosingo, Chis., México",research,False,16.7187309722,-90.9452809722,1536,2048,no,cochlearispathum/inat-30622369-47849754-emiliorv.jpg,
Spathiphyllum cochlearispathum,22486386,https://www.inaturalist.org/observations/22486386,34834225,https://static.inaturalist.org/photos/34834225/original.jpeg,all-rights-reserved,"(c) guadalupe_cornejo_tenorio, all rights reserved",guadalupe_cornejo_tenorio,,2013-04-20,"San Andrés Tuxtla, Ver., México",needs_id,False,18.582876836,-95.0749151547,2048,1536,no,cochlearispathum/inat-22486386-34834225-guadalupe_cornejo_tenorio.jpeg,
Spathiphyllum cochlearispathum,22486181,https://www.inaturalist.org/observations/22486181,34833879,https://static.inaturalist.org/photos/34833879/original.jpeg,all-rights-reserved,"(c) guadalupe_cornejo_tenorio, all rights reserved",guadalupe_cornejo_tenorio,,2017-04-09,"San Andrés Tuxtla, Ver., México",needs_id,False,18.5862123909,-95.0761918862,1361,2048,no,cochlearispathum/inat-22486181-34833879-guadalupe_cornejo_tenorio.jpeg,
Spathiphyllum cochlearispathum,21241658,https://www.inaturalist.org/observations/21241658,32839206,https://static.inaturalist.org/photos/32839206/original.jpeg,all-rights-reserved,"(c) guadalupe_cornejo_tenorio, all rights reserved",guadalupe_cornejo_tenorio,,2008-02-28,"Hueytamalco, Pue., México",needs_id,False,19.9949005109,-97.3173878444,1536,2048,no,cochlearispathum/inat-21241658-32839206-guadalupe_cornejo_tenorio.jpeg,
Spathiphyllum cochlearispathum,19522374,https://www.inaturalist.org/observations/19522374,30043147,https://inaturalist-open-data.s3.amazonaws.com/photos/30043147/original.jpeg,cc-by-sa,"(c) Oscar Marín, some rights reserved (CC BY-SA)",gesnerio,Oscar Marín,2019-01-07,"Camino a Rancho Viejo, Coatepec, Ver., México",needs_id,False,19.5097703169,-96.9444349408,2048,1536,no,cochlearispathum/inat-19522374-30043147-gesnerio.jpeg,
Spathiphyllum cochlearispathum,19522374,https://www.inaturalist.org/observations/19522374,30043153,https://inaturalist-open-data.s3.amazonaws.com/photos/30043153/original.jpeg,cc-by-sa,"(c) Oscar Marín, some rights reserved (CC BY-SA)",gesnerio,Oscar Marín,2019-01-07,"Camino a Rancho Viejo, Coatepec, Ver., México",needs_id,False,19.5097703169,-96.9444349408,1536,2048,no,cochlearispathum/inat-19522374-30043153-gesnerio.jpeg,
Spathiphyllum cochlearispathum,19522374,https://www.inaturalist.org/observations/19522374,30043158,https://inaturalist-open-data.s3.amazonaws.com/photos/30043158/original.jpeg,cc-by-sa,"(c) Oscar Marín, some rights reserved (CC BY-SA)",gesnerio,Oscar Marín,2019-01-07,"Camino a Rancho Viejo, Coatepec, Ver., México",needs_id,False,19.5097703169,-96.9444349408,1536,2048,no,cochlearispathum/inat-19522374-30043158-gesnerio.jpeg,
Spathiphyllum cochlearispathum,16088089,https://www.inaturalist.org/observations/16088089,24097258,https://inaturalist-open-data.s3.amazonaws.com/photos/24097258/original.jpeg,cc-by-nc,"(c) Aurelio Molina Hernández., some rights reserved (CC BY-NC)",aureliomolinahdz,Aurelio Molina Hernández.,2018-08-18,"Catemaco, Ver., México",research,False,18.4364724121,-94.9657247371,2048,1154,no,cochlearispathum/inat-16088089-24097258-aureliomolinahdz.jpeg,
Spathiphyllum cochlearispathum,16088089,https://www.inaturalist.org/observations/16088089,24097237,https://inaturalist-open-data.s3.amazonaws.com/photos/24097237/original.jpeg,cc-by-nc,"(c) Aurelio Molina Hernández., some rights reserved (CC BY-NC)",aureliomolinahdz,Aurelio Molina Hernández.,2018-08-18,"Catemaco, Ver., México",research,False,18.4364724121,-94.9657247371,2048,1154,no,cochlearispathum/inat-16088089-24097237-aureliomolinahdz.jpeg,
Spathiphyllum cochlearispathum,10102913,https://www.inaturalist.org/observations/10102913,13920577,https://inaturalist-open-data.s3.amazonaws.com/photos/13920577/original.jpg,cc-by,"(c) Neptalí Ramírez Marcial, some rights reserved (CC BY)",huracan,Neptalí Ramírez Marcial,2018-03-03,"Ocozocoautla de Espinosa, Chis., México",research,False,16.8795942496,-93.4576009512,683,1024,no,cochlearispathum/inat-10102913-13920577-huracan.jpg,
Spathiphyllum cochlearispathum,10102913,https://www.inaturalist.org/observations/10102913,13920578,https://inaturalist-open-data.s3.amazonaws.com/photos/13920578/original.jpg,cc-by,"(c) Neptalí Ramírez Marcial, some rights reserved (CC BY)",huracan,Neptalí Ramírez Marcial,2018-03-03,"Ocozocoautla de Espinosa, Chis., México",research,False,16.8795942496,-93.4576009512,683,1024,no,cochlearispathum/inat-10102913-13920578-huracan.jpg,
Spathiphyllum cochlearispathum,6725402,https://www.inaturalist.org/observations/6725402,8535608,https://inaturalist-open-data.s3.amazonaws.com/photos/8535608/original.jpg,cc-by,"(c) Neptalí Ramírez Marcial, some rights reserved (CC BY)",huracan,Neptalí Ramírez Marcial,2017-06-17,"Chiapa de Corzo, Chis., México",research,False,16.7579652005,-92.9693126678,980,735,no,cochlearispathum/inat-6725402-8535608-huracan.jpg,
Spathiphyllum cochlearispathum,6725402,https://www.inaturalist.org/observations/6725402,8535612,https://inaturalist-open-data.s3.amazonaws.com/photos/8535612/original.jpg,cc-by,"(c) Neptalí Ramírez Marcial, some rights reserved (CC BY)",huracan,Neptalí Ramírez Marcial,2017-06-17,"Chiapa de Corzo, Chis., México",research,False,16.7579652005,-92.9693126678,735,980,no,cochlearispathum/inat-6725402-8535612-huracan.jpg,
Spathiphyllum cochlearispathum,5233658,https://www.inaturalist.org/observations/5233658,6470264,https://inaturalist-open-data.s3.amazonaws.com/photos/6470264/original.jpg,cc-by,"(c) Neptalí Ramírez Marcial, some rights reserved (CC BY)",huracan,Neptalí Ramírez Marcial,2017-03-04,"Chiapa de Corzo, Chis., México",research,False,16.7612137288,-92.9625928411,735,980,no,cochlearispathum/inat-5233658-6470264-huracan.jpg,
Spathiphyllum cochlearispathum,5233658,https://www.inaturalist.org/observations/5233658,6470265,https://inaturalist-open-data.s3.amazonaws.com/photos/6470265/original.jpg,cc-by,"(c) Neptalí Ramírez Marcial, some rights reserved (CC BY)",huracan,Neptalí Ramírez Marcial,2017-03-04,"Chiapa de Corzo, Chis., México",research,False,16.7612137288,-92.9625928411,980,735,no,cochlearispathum/inat-5233658-6470265-huracan.jpg,
Spathiphyllum cochlearispathum,1109854,https://www.inaturalist.org/observations/1109854,1395365,https://inaturalist-open-data.s3.amazonaws.com/photos/1395365/original.JPG,cc-by-nc,"(c) cobao, some rights reserved (CC BY-NC)",cobao,,2014-09-27,"San Juan Juquila Mixes, Oaxaca, México",needs_id,False,17.287175,-95.9374472222,2048,1530,no,cochlearispathum/inat-1109854-1395365-cobao.JPG,
Spathiphyllum commutatum,376732714,https://www.inaturalist.org/observations/376732714,688841093,https://inaturalist-open-data.s3.amazonaws.com/photos/688841093/original.jpg,cc-by-nc,"(c) lecanorchis, some rights reserved (CC BY-NC)",lecanorchis,,2026-06-10,"Cansuso, Cavinti, Laguna, Philippines",needs_id,False,14.2816944444,121.6307333333,2048,1542,no,commutatum/inat-376732714-688841093-lecanorchis.jpg,
Spathiphyllum commutatum,342521936,https://www.inaturalist.org/observations/342521936,623769776,https://inaturalist-open-data.s3.amazonaws.com/photos/623769776/original.jpg,cc-by-nc,"(c) Hamela ADOMA, some rights reserved (CC BY-NC)",hamela,Hamela ADOMA,2026-03-09,"Ahmad Domocao A. Alonto Sr. Avenue, Marawi City, Lanao Del Sur, PH",needs_id,False,7.9986966667,124.265945,1536,2048,no,commutatum/inat-342521936-623769776-hamela.jpg,
Spathiphyllum commutatum,331100152,https://www.inaturalist.org/observations/331100152,600562684,https://inaturalist-open-data.s3.amazonaws.com/photos/600562684/original.jpg,cc-by-nc,"(c) Rocky Reviko, some rights reserved (CC BY-NC)",rockyreviko_,Rocky Reviko,2025-07-30,"Lindu, Sigi Regency, Central Sulawesi, Indonesia",needs_id,False,-1.3309548,120.1320454,1536,2048,no,commutatum/inat-331100152-600562684-rockyreviko_.jpg,
Spathiphyllum commutatum,331100152,https://www.inaturalist.org/observations/331100152,600562677,https://inaturalist-open-data.s3.amazonaws.com/photos/600562677/original.jpg,cc-by-nc,"(c) Rocky Reviko, some rights reserved (CC BY-NC)",rockyreviko_,Rocky Reviko,2025-07-30,"Lindu, Sigi Regency, Central Sulawesi, Indonesia",needs_id,False,-1.3309548,120.1320454,1536,2048,no,commutatum/inat-331100152-600562677-rockyreviko_.jpg,
Spathiphyllum commutatum,261980010,https://www.inaturalist.org/observations/261980010,470758592,https://inaturalist-open-data.s3.amazonaws.com/photos/470758592/original.jpeg,cc-by,"(c) Fabian Brambach, some rights reserved (CC BY)",fabisho,Fabian Brambach,2011-06-12,"Toro, Kecamatan Kulawi, Kabupaten Sigi, Sulawesi Tengah, Sulawesi, ID",needs_id,False,-1.48861,120.02234,2048,1365,no,commutatum/inat-261980010-470758592-fabisho.jpeg,
Spathiphyllum commutatum,261980010,https://www.inaturalist.org/observations/261980010,470758609,https://inaturalist-open-data.s3.amazonaws.com/photos/470758609/original.jpeg,cc-by,"(c) Fabian Brambach, some rights reserved (CC BY)",fabisho,Fabian Brambach,2011-06-12,"Toro, Kecamatan Kulawi, Kabupaten Sigi, Sulawesi Tengah, Sulawesi, ID",needs_id,False,-1.48861,120.02234,1365,2048,no,commutatum/inat-261980010-470758609-fabisho.jpeg,
Spathiphyllum commutatum,261980010,https://www.inaturalist.org/observations/261980010,470758617,https://inaturalist-open-data.s3.amazonaws.com/photos/470758617/original.jpeg,cc-by,"(c) Fabian Brambach, some rights reserved (CC BY)",fabisho,Fabian Brambach,2011-06-12,"Toro, Kecamatan Kulawi, Kabupaten Sigi, Sulawesi Tengah, Sulawesi, ID",needs_id,False,-1.48861,120.02234,1365,2048,no,commutatum/inat-261980010-470758617-fabisho.jpeg,
Spathiphyllum commutatum,261980010,https://www.inaturalist.org/observations/261980010,470758628,https://inaturalist-open-data.s3.amazonaws.com/photos/470758628/original.jpeg,cc-by,"(c) Fabian Brambach, some rights reserved (CC BY)",fabisho,Fabian Brambach,2011-06-12,"Toro, Kecamatan Kulawi, Kabupaten Sigi, Sulawesi Tengah, Sulawesi, ID",needs_id,False,-1.48861,120.02234,2048,1365,no,commutatum/inat-261980010-470758628-fabisho.jpeg,
Spathiphyllum commutatum,261980010,https://www.inaturalist.org/observations/261980010,470758638,https://inaturalist-open-data.s3.amazonaws.com/photos/470758638/original.jpeg,cc-by,"(c) Fabian Brambach, some rights reserved (CC BY)",fabisho,Fabian Brambach,2011-06-12,"Toro, Kecamatan Kulawi, Kabupaten Sigi, Sulawesi Tengah, Sulawesi, ID",needs_id,False,-1.48861,120.02234,1365,2048,no,commutatum/inat-261980010-470758638-fabisho.jpeg,
Spathiphyllum commutatum,261980010,https://www.inaturalist.org/observations/261980010,470758646,https://inaturalist-open-data.s3.amazonaws.com/photos/470758646/original.jpeg,cc-by,"(c) Fabian Brambach, some rights reserved (CC BY)",fabisho,Fabian Brambach,2011-06-12,"Toro, Kecamatan Kulawi, Kabupaten Sigi, Sulawesi Tengah, Sulawesi, ID",needs_id,False,-1.48861,120.02234,2048,1365,no,commutatum/inat-261980010-470758646-fabisho.jpeg,
Spathiphyllum commutatum,260119739,https://www.inaturalist.org/observations/260119739,467070653,https://inaturalist-open-data.s3.amazonaws.com/photos/467070653/original.jpg,cc-by-nc,"(c) fachrynurmallojr, some rights reserved (CC BY-NC)",fachrynurmallojr,,2025-01-29,"Kasintuwu, Mangkutana, East Luwu Regency, South Sulawesi, Indonesia",research,False,-2.2850918,120.7579834,1828,2048,no,commutatum/inat-260119739-467070653-fachrynurmallojr.jpg,
Spathiphyllum commutatum,258161696,https://www.inaturalist.org/observations/258161696,463141989,https://inaturalist-open-data.s3.amazonaws.com/photos/463141989/original.jpeg,cc-by-nc,"(c) Valentinus T, some rights reserved (CC BY-NC)",valentinus-tikhonov,Valentinus T,2017-03-05,"Lore Lindu National Park, ID-ST-PO, ID-ST, ID",needs_id,False,-1.7520085057,120.270720797,2048,1536,no,commutatum/inat-258161696-463141989-valentinus-tikhonov.jpeg,
Spathiphyllum commutatum,32620689,https://www.inaturalist.org/observations/32620689,51177267,https://inaturalist-open-data.s3.amazonaws.com/photos/51177267/original.jpg,cc-by-nc,"(c) Carlos G Velazco-Macias, some rights reserved (CC BY-NC)",aztekium,Carlos G Velazco-Macias,2019-08-30,"Catigan, Toril, Davao City, Davao del Sur, Philippines",needs_id,False,7.0234485759,125.375428039,2048,1536,no,commutatum/inat-32620689-51177267-aztekium.jpg,
Spathiphyllum commutatum,32620689,https://www.inaturalist.org/observations/32620689,51177278,https://inaturalist-open-data.s3.amazonaws.com/photos/51177278/original.jpg,cc-by-nc,"(c) Carlos G Velazco-Macias, some rights reserved (CC BY-NC)",aztekium,Carlos G Velazco-Macias,2019-08-30,"Catigan, Toril, Davao City, Davao del Sur, Philippines",needs_id,False,7.0234485759,125.375428039,2048,1536,no,commutatum/inat-32620689-51177278-aztekium.jpg,
Spathiphyllum dressleri,383738648,https://www.inaturalist.org/observations/383738648,702369211,https://inaturalist-open-data.s3.amazonaws.com/photos/702369211/original.jpg,cc-by-nc,"(c) ramon_d, some rights reserved (CC BY-NC)",ramon_d,,2026-07-21,,needs_id,True,9.4105743113,-79.6017892344,1536,2048,no,dressleri/inat-383738648-702369211-ramon_d.jpg,
Spathiphyllum dressleri,383738648,https://www.inaturalist.org/observations/383738648,702370197,https://inaturalist-open-data.s3.amazonaws.com/photos/702370197/original.jpg,cc-by-nc,"(c) ramon_d, some rights reserved (CC BY-NC)",ramon_d,,2026-07-21,,needs_id,True,9.4105743113,-79.6017892344,1536,2048,no,dressleri/inat-383738648-702370197-ramon_d.jpg,
Spathiphyllum dressleri,383738648,https://www.inaturalist.org/observations/383738648,702370269,https://inaturalist-open-data.s3.amazonaws.com/photos/702370269/original.jpg,cc-by-nc,"(c) ramon_d, some rights reserved (CC BY-NC)",ramon_d,,2026-07-21,,needs_id,True,9.4105743113,-79.6017892344,2048,1536,no,dressleri/inat-383738648-702370269-ramon_d.jpg,
Spathiphyllum dressleri,383738648,https://www.inaturalist.org/observations/383738648,702376135,https://inaturalist-open-data.s3.amazonaws.com/photos/702376135/original.jpg,cc-by-nc,"(c) ramon_d, some rights reserved (CC BY-NC)",ramon_d,,2026-07-21,,needs_id,True,9.4105743113,-79.6017892344,1536,2048,no,dressleri/inat-383738648-702376135-ramon_d.jpg,
Spathiphyllum dressleri,192503048,https://www.inaturalist.org/observations/192503048,337948129,https://static.inaturalist.org/photos/337948129/original.jpg,all-rights-reserved,"(c) Oliver Ingold, all rights reserved",oli_in_gold,Oliver Ingold,2023-11-28,"Soberanía National Park, Panamá, PA",needs_id,False,9.0838445,-79.66388,2048,1362,no,dressleri/inat-192503048-337948129-oli_in_gold.jpg,
Spathiphyllum dressleri,192503048,https://www.inaturalist.org/observations/192503048,337948148,https://static.inaturalist.org/photos/337948148/original.jpg,all-rights-reserved,"(c) Oliver Ingold, all rights reserved",oli_in_gold,Oliver Ingold,2023-11-28,"Soberanía National Park, Panamá, PA",needs_id,False,9.0838445,-79.66388,2048,1362,no,dressleri/inat-192503048-337948148-oli_in_gold.jpg,
Spathiphyllum dressleri,192503048,https://www.inaturalist.org/observations/192503048,337948165,https://static.inaturalist.org/photos/337948165/original.jpg,all-rights-reserved,"(c) Oliver Ingold, all rights reserved",oli_in_gold,Oliver Ingold,2023-11-28,"Soberanía National Park, Panamá, PA",needs_id,False,9.0838445,-79.66388,1536,2048,no,dressleri/inat-192503048-337948165-oli_in_gold.jpg,
Spathiphyllum dressleri,184059118,https://www.inaturalist.org/observations/184059118,321223292,https://inaturalist-open-data.s3.amazonaws.com/photos/321223292/original.jpeg,cc-by,"(c) Jo Roberts, some rights reserved (CC BY)",bacchusrock,Jo Roberts,2023-09-19,"Capira, PA-PO, PA",research,False,8.64446353,-80.07671703,1536,2048,no,dressleri/inat-184059118-321223292-bacchusrock.jpeg,
Spathiphyllum dressleri,184059118,https://www.inaturalist.org/observations/184059118,321223309,https://inaturalist-open-data.s3.amazonaws.com/photos/321223309/original.jpeg,cc-by,"(c) Jo Roberts, some rights reserved (CC BY)",bacchusrock,Jo Roberts,2023-09-19,"Capira, PA-PO, PA",research,False,8.64446353,-80.07671703,1536,2048,no,dressleri/inat-184059118-321223309-bacchusrock.jpeg,
Spathiphyllum dressleri,184059118,https://www.inaturalist.org/observations/184059118,321223333,https://inaturalist-open-data.s3.amazonaws.com/photos/321223333/original.jpeg,cc-by,"(c) Jo Roberts, some rights reserved (CC BY)",bacchusrock,Jo Roberts,2023-09-19,"Capira, PA-PO, PA",research,False,8.64446353,-80.07671703,1536,2048,no,dressleri/inat-184059118-321223333-bacchusrock.jpeg,
Spathiphyllum dressleri,115749291,https://www.inaturalist.org/observations/115749291,195353757,https://inaturalist-open-data.s3.amazonaws.com/photos/195353757/original.jpg,cc-by-nc,"(c) njweess, some rights reserved (CC BY-NC)",njweess,,2022-04-23,"Kuna Yala, PA-SB-KY, PA",needs_id,True,9.3962711577,-79.1633925337,1200,1800,no,dressleri/inat-115749291-195353757-njweess.jpg,
Spathiphyllum dressleri,58806683,https://www.inaturalist.org/observations/58806683,93911455,https://inaturalist-open-data.s3.amazonaws.com/photos/93911455/original.jpeg,cc-by-nc,"(c) ramon_d, some rights reserved (CC BY-NC)",ramon_d,,2019-09-29,"Guna Yala, Panama",research,False,9.3686028506,-78.9682078017,2048,1360,no,dressleri/inat-58806683-93911455-ramon_d.jpeg,
Spathiphyllum dressleri,58806683,https://www.inaturalist.org/observations/58806683,93911541,https://inaturalist-open-data.s3.amazonaws.com/photos/93911541/original.jpeg,cc-by-nc,"(c) ramon_d, some rights reserved (CC BY-NC)",ramon_d,,2019-09-29,"Guna Yala, Panama",research,False,9.3686028506,-78.9682078017,2048,1360,no,dressleri/inat-58806683-93911541-ramon_d.jpeg,
Spathiphyllum floribundum,366890298,https://www.inaturalist.org/observations/366890298,669962724,https://inaturalist-open-data.s3.amazonaws.com/photos/669962724/original.jpg,cc-by-nc,"(c) marta200917, some rights reserved (CC BY-NC)",marta200917,,2026-05-30,"Pocitos, San Francisco, Antioquia, CO",needs_id,False,5.874939,-74.9239685,1536,2048,no,floribundum/inat-366890298-669962724-marta200917.jpg,
Spathiphyllum floribundum,339505017,https://www.inaturalist.org/observations/339505017,617622656,https://inaturalist-open-data.s3.amazonaws.com/photos/617622656/original.jpg,cc-by-nc,"(c) Braden McDonald, some rights reserved (CC BY-NC)",braden1,Braden McDonald,2026-02-19,"San Francisco, Antioquia, CO",research,False,5.88762,-74.8628166667,1536,2048,no,floribundum/inat-339505017-617622656-braden1.jpg,
Spathiphyllum floribundum,337996663,https://www.inaturalist.org/observations/337996663,614563655,https://inaturalist-open-data.s3.amazonaws.com/photos/614563655/original.jpg,cc-by-nc,"(c) Daniel M. Diaz-Rueda, some rights reserved (CC BY-NC)",diaz-rueda,Daniel M. Diaz-Rueda,2024-05-14,"El Carmen de Chucurí, Santander, Colombia",needs_id,False,6.5769,-73.5194,1536,2048,no,floribundum/inat-337996663-614563655-diaz-rueda.jpg,
Spathiphyllum floribundum,337996663,https://www.inaturalist.org/observations/337996663,614563656,https://inaturalist-open-data.s3.amazonaws.com/photos/614563656/original.jpg,cc-by-nc,"(c) Daniel M. Diaz-Rueda, some rights reserved (CC BY-NC)",diaz-rueda,Daniel M. Diaz-Rueda,2024-05-14,"El Carmen de Chucurí, Santander, Colombia",needs_id,False,6.5769,-73.5194,2048,1536,no,floribundum/inat-337996663-614563656-diaz-rueda.jpg,
Spathiphyllum floribundum,323183031,https://www.inaturalist.org/observations/323183031,584769676,https://static.inaturalist.org/photos/584769676/original.jpg,all-rights-reserved,"(c) Felipe Mesa, all rights reserved",felipemzambrano,Felipe Mesa,2025-10-16,"La Fe, San Francisco, Antioquia, CO",needs_id,False,5.8599466667,-74.8731833333,1536,2048,no,floribundum/inat-323183031-584769676-felipemzambrano.jpg,
Spathiphyllum floribundum,323183031,https://www.inaturalist.org/observations/323183031,584769698,https://static.inaturalist.org/photos/584769698/original.jpg,all-rights-reserved,"(c) Felipe Mesa, all rights reserved",felipemzambrano,Felipe Mesa,2025-10-16,"La Fe, San Francisco, Antioquia, CO",needs_id,False,5.8599466667,-74.8731833333,1536,2048,no,floribundum/inat-323183031-584769698-felipemzambrano.jpg,
Spathiphyllum floribundum,323183031,https://www.inaturalist.org/observations/323183031,584769715,https://static.inaturalist.org/photos/584769715/original.jpg,all-rights-reserved,"(c) Felipe Mesa, all rights reserved",felipemzambrano,Felipe Mesa,2025-10-16,"La Fe, San Francisco, Antioquia, CO",needs_id,False,5.8599466667,-74.8731833333,1536,2048,no,floribundum/inat-323183031-584769715-felipemzambrano.jpg,
Spathiphyllum floribundum,323183031,https://www.inaturalist.org/observations/323183031,584769740,https://static.inaturalist.org/photos/584769740/original.jpg,all-rights-reserved,"(c) Felipe Mesa, all rights reserved",felipemzambrano,Felipe Mesa,2025-10-16,"La Fe, San Francisco, Antioquia, CO",needs_id,False,5.8599466667,-74.8731833333,1536,2048,no,floribundum/inat-323183031-584769740-felipemzambrano.jpg,
Spathiphyllum floribundum,315402409,https://www.inaturalist.org/observations/315402409,569763005,https://inaturalist-open-data.s3.amazonaws.com/photos/569763005/original.jpg,cc-by-nc,"(c) Apipa, some rights reserved (CC BY-NC)",apipa,Apipa,2025-09-19,"5.804212°N, 74.257181°W",needs_id,False,5.807153,-74.257013,2048,1365,no,floribundum/inat-315402409-569763005-apipa.jpg,
Spathiphyllum floribundum,315402409,https://www.inaturalist.org/observations/315402409,569771048,https://inaturalist-open-data.s3.amazonaws.com/photos/569771048/original.jpg,cc-by-nc,"(c) Apipa, some rights reserved (CC BY-NC)",apipa,Apipa,2025-09-19,"5.804212°N, 74.257181°W",needs_id,False,5.807153,-74.257013,2048,1365,no,floribundum/inat-315402409-569771048-apipa.jpg,
Spathiphyllum floribundum,315402409,https://www.inaturalist.org/observations/315402409,569771148,https://inaturalist-open-data.s3.amazonaws.com/photos/569771148/original.jpg,cc-by-nc,"(c) Apipa, some rights reserved (CC BY-NC)",apipa,Apipa,2025-09-19,"5.804212°N, 74.257181°W",needs_id,False,5.807153,-74.257013,2048,1365,no,floribundum/inat-315402409-569771148-apipa.jpg,
Spathiphyllum floribundum,315402409,https://www.inaturalist.org/observations/315402409,569771152,https://inaturalist-open-data.s3.amazonaws.com/photos/569771152/original.jpg,cc-by-nc,"(c) Apipa, some rights reserved (CC BY-NC)",apipa,Apipa,2025-09-19,"5.804212°N, 74.257181°W",needs_id,False,5.807153,-74.257013,2048,1365,no,floribundum/inat-315402409-569771152-apipa.jpg,
Spathiphyllum floribundum,315402409,https://www.inaturalist.org/observations/315402409,569771182,https://inaturalist-open-data.s3.amazonaws.com/photos/569771182/original.jpg,cc-by-nc,"(c) Apipa, some rights reserved (CC BY-NC)",apipa,Apipa,2025-09-19,"5.804212°N, 74.257181°W",needs_id,False,5.807153,-74.257013,2048,1365,no,floribundum/inat-315402409-569771182-apipa.jpg,
Spathiphyllum floribundum,276159257,https://www.inaturalist.org/observations/276159257,495999619,https://inaturalist-open-data.s3.amazonaws.com/photos/495999619/original.jpeg,cc-by-nc,"(c) luyandan509, some rights reserved (CC BY-NC)",luyandan509,,2025-04-28,"Durban Botanic Gardens, 9A John Zikhali Rd, Berea, Durban, 4001, South Africa",needs_id,False,-29.848252,31.008291,960,1280,no,floribundum/inat-276159257-495999619-luyandan509.jpeg,
Spathiphyllum floribundum,271820708,https://www.inaturalist.org/observations/271820708,488971793,https://inaturalist-open-data.s3.amazonaws.com/photos/488971793/original.jpg,cc-by-nc,"(c) Moses J. Michelsohn, some rights reserved (CC BY-NC)",pecosvalleydiamond,Moses J. Michelsohn,2025-01-05,"Antioquia, CO",research,True,5.8119298649,-74.9347947385,2048,1536,no,floribundum/inat-271820708-488971793-pecosvalleydiamond.jpg,
Spathiphyllum floribundum,271820692,https://www.inaturalist.org/observations/271820692,488971718,https://inaturalist-open-data.s3.amazonaws.com/photos/488971718/original.jpg,cc-by-nc,"(c) Moses J. Michelsohn, some rights reserved (CC BY-NC)",pecosvalleydiamond,Moses J. Michelsohn,2025-01-05,"Antioquia, CO",research,True,5.9457498178,-74.9194047831,2048,1536,no,floribundum/inat-271820692-488971718-pecosvalleydiamond.jpg,
Spathiphyllum floribundum,268629807,https://www.inaturalist.org/observations/268629807,482874161,https://inaturalist-open-data.s3.amazonaws.com/photos/482874161/original.jpg,cc-by,"(c) Julien Renoult, some rights reserved (CC BY)",jujurenoult,Julien Renoult,2025-02-01,"San Francisco, Antioquia, Colombia",needs_id,False,5.8958794042,-74.8620976953,1536,2048,no,floribundum/inat-268629807-482874161-jujurenoult.jpg,
Spathiphyllum floribundum,209822723,https://www.inaturalist.org/observations/209822723,371232204,https://inaturalist-open-data.s3.amazonaws.com/photos/371232204/original.jpeg,cc-by-nc-nd,"(c) David W K Foster, some rights reserved (CC BY-NC-ND)",dwkfoster,David W K Foster,2024-04-26,"Aranjuez, Medellín, Aranjuez, Medellín, Antioquia, Colombia",research,False,6.2706212035,-75.5634536244,2048,1367,no,floribundum/inat-209822723-371232204-dwkfoster.jpeg,
Spathiphyllum floribundum,199907211,https://www.inaturalist.org/observations/199907211,352604940,https://inaturalist-open-data.s3.amazonaws.com/photos/352604940/original.jpg,cc-by-nc,"(c) elaecarioca, some rights reserved (CC BY-NC)",elaecarioca,,2024-02-20,"Rio de Janeiro, BR-RJ, BR",needs_id,False,-23.0216893743,-43.5453552216,1536,2048,no,floribundum/inat-199907211-352604940-elaecarioca.jpg,
Spathiphyllum floribundum,73685972,https://www.inaturalist.org/observations/73685972,120323087,https://inaturalist-open-data.s3.amazonaws.com/photos/120323087/original.jpeg,cc-by-nc-sa,"(c) Gabriel Camilo Jaramillo Giraldo, some rights reserved (CC BY-NC-SA)",camilojotage,Gabriel Camilo Jaramillo Giraldo,2021-02-26,"Alejandría, Antioquia, Colombia",research,False,6.4103375294,-75.1364790305,2048,1431,no,floribundum/inat-73685972-120323087-camilojotage.jpeg,
Spathiphyllum floribundum,73685972,https://www.inaturalist.org/observations/73685972,120323110,https://inaturalist-open-data.s3.amazonaws.com/photos/120323110/original.jpeg,cc-by-nc-sa,"(c) Gabriel Camilo Jaramillo Giraldo, some rights reserved (CC BY-NC-SA)",camilojotage,Gabriel Camilo Jaramillo Giraldo,2021-02-26,"Alejandría, Antioquia, Colombia",research,False,6.4103375294,-75.1364790305,2048,1324,no,floribundum/inat-73685972-120323110-camilojotage.jpeg,
Spathiphyllum floribundum,73685972,https://www.inaturalist.org/observations/73685972,120323131,https://inaturalist-open-data.s3.amazonaws.com/photos/120323131/original.jpeg,cc-by-nc-sa,"(c) Gabriel Camilo Jaramillo Giraldo, some rights reserved (CC BY-NC-SA)",camilojotage,Gabriel Camilo Jaramillo Giraldo,2021-02-26,"Alejandría, Antioquia, Colombia",research,False,6.4103375294,-75.1364790305,2048,1413,no,floribundum/inat-73685972-120323131-camilojotage.jpeg,
Spathiphyllum floribundum,73685970,https://www.inaturalist.org/observations/73685970,120322954,https://inaturalist-open-data.s3.amazonaws.com/photos/120322954/original.jpeg,cc-by-nc-sa,"(c) Gabriel Camilo Jaramillo Giraldo, some rights reserved (CC BY-NC-SA)",camilojotage,Gabriel Camilo Jaramillo Giraldo,2021-02-26,"Alejandría, Antioquia, Colombia",needs_id,False,6.4103231318,-75.1364200219,1652,2048,no,floribundum/inat-73685970-120322954-camilojotage.jpeg,
Spathiphyllum floribundum,73685970,https://www.inaturalist.org/observations/73685970,120323020,https://inaturalist-open-data.s3.amazonaws.com/photos/120323020/original.jpeg,cc-by-nc-sa,"(c) Gabriel Camilo Jaramillo Giraldo, some rights reserved (CC BY-NC-SA)",camilojotage,Gabriel Camilo Jaramillo Giraldo,2021-02-26,"Alejandría, Antioquia, Colombia",needs_id,False,6.4103231318,-75.1364200219,2048,1531,no,floribundum/inat-73685970-120323020-camilojotage.jpeg,
Spathiphyllum floribundum,73587625,https://www.inaturalist.org/observations/73587625,120118780,https://inaturalist-open-data.s3.amazonaws.com/photos/120118780/original.jpeg,cc-by-nc-sa,"(c) Gabriel Camilo Jaramillo Giraldo, some rights reserved (CC BY-NC-SA)",camilojotage,Gabriel Camilo Jaramillo Giraldo,2021-02-25,"Alejandría, Antioquia, Colombia",needs_id,False,6.3994108924,-75.1443408357,2048,1453,no,floribundum/inat-73587625-120118780-camilojotage.jpeg,
Spathiphyllum floribundum,39478847,https://www.inaturalist.org/observations/39478847,62641343,https://static.inaturalist.org/photos/62641343/original.jpeg,all-rights-reserved,"(c) Eimer González perez, all rights reserved",eimernorbertogonzlezperez,Eimer González perez,2020-03-01,"Otanche, Boyacá, Colombia",needs_id,False,5.8263113111,-74.1328688711,1536,2048,no,floribundum/inat-39478847-62641343-eimernorbertogonzlezperez.jpeg,
Spathiphyllum floribundum,39478847,https://www.inaturalist.org/observations/39478847,62641406,https://static.inaturalist.org/photos/62641406/original.jpeg,all-rights-reserved,"(c) Eimer González perez, all rights reserved",eimernorbertogonzlezperez,Eimer González perez,2020-03-01,"Otanche, Boyacá, Colombia",needs_id,False,5.8263113111,-74.1328688711,1536,2048,no,floribundum/inat-39478847-62641406-eimernorbertogonzlezperez.jpeg,
Spathiphyllum floribundum,39478847,https://www.inaturalist.org/observations/39478847,62641450,https://static.inaturalist.org/photos/62641450/original.jpeg,all-rights-reserved,"(c) Eimer González perez, all rights reserved",eimernorbertogonzlezperez,Eimer González perez,2020-03-01,"Otanche, Boyacá, Colombia",needs_id,False,5.8263113111,-74.1328688711,1536,2048,no,floribundum/inat-39478847-62641450-eimernorbertogonzlezperez.jpeg,
Spathiphyllum floribundum,20072243,https://www.inaturalist.org/observations/20072243,30993759,https://static.inaturalist.org/photos/30993759/original.jpg,all-rights-reserved,"(c) sun_spider_fan, all rights reserved",sun_spider_fan,,2019-01-23,"Rio Claro Nature Reserve, Antioquia District, Colombia",needs_id,False,5.8937972222,-74.8558805556,1536,2048,no,floribundum/inat-20072243-30993759-sun_spider_fan.jpg,
Spathiphyllum floribundum,20072243,https://www.inaturalist.org/observations/20072243,30993844,https://static.inaturalist.org/photos/30993844/original.jpg,all-rights-reserved,"(c) sun_spider_fan, all rights reserved",sun_spider_fan,,2019-01-23,"Rio Claro Nature Reserve, Antioquia District, Colombia",needs_id,False,5.8937972222,-74.8558805556,1536,2048,no,floribundum/inat-20072243-30993844-sun_spider_fan.jpg,
Spathiphyllum friedrichsthalii,348170134,https://www.inaturalist.org/observations/348170134,634939837,https://inaturalist-open-data.s3.amazonaws.com/photos/634939837/original.jpg,cc-by-nc,"(c) Álvar Santiago Maltés Muñoz, some rights reserved (CC BY-NC)",santiagomaltes,Álvar Santiago Maltés Muñoz,2025-08-06,"91488 Ver., México",needs_id,False,19.5341026,-96.6944893997,1536,2048,no,friedrichsthalii/inat-348170134-634939837-santiagomaltes.jpg,
Spathiphyllum friedrichsthalii,254473323,https://www.inaturalist.org/observations/254473323,455815650,https://inaturalist-open-data.s3.amazonaws.com/photos/455815650/original.jpeg,cc-by,"(c) Alexis López Hernández, some rights reserved (CC BY)",alexiz,Alexis López Hernández,2024-12-07,"Huimanguillo, Tab., México",research,False,17.9904795357,-93.9119951289,2048,1536,no,friedrichsthalii/inat-254473323-455815650-alexiz.jpeg,
Spathiphyllum friedrichsthalii,254473323,https://www.inaturalist.org/observations/254473323,455818461,https://inaturalist-open-data.s3.amazonaws.com/photos/455818461/original.jpeg,cc-by,"(c) Alexis López Hernández, some rights reserved (CC BY)",alexiz,Alexis López Hernández,2024-12-07,"Huimanguillo, Tab., México",research,False,17.9904795357,-93.9119951289,2048,1536,no,friedrichsthalii/inat-254473323-455818461-alexiz.jpeg,
Spathiphyllum friedrichsthalii,254473323,https://www.inaturalist.org/observations/254473323,455818463,https://inaturalist-open-data.s3.amazonaws.com/photos/455818463/original.jpeg,cc-by,"(c) Alexis López Hernández, some rights reserved (CC BY)",alexiz,Alexis López Hernández,2024-12-07,"Huimanguillo, Tab., México",research,False,17.9904795357,-93.9119951289,2048,1536,no,friedrichsthalii/inat-254473323-455818463-alexiz.jpeg,
Spathiphyllum friedrichsthalii,242213050,https://www.inaturalist.org/observations/242213050,431793068,https://inaturalist-open-data.s3.amazonaws.com/photos/431793068/original.jpeg,cc-by-nc,"(c) Francisco Mendoza, some rights reserved (CC BY-NC)",cholodendron,Francisco Mendoza,2023-08-13,"27JM+X46, Provincia de Alajuela, Los Chiles, Costa Rica",needs_id,False,11.039476,-84.710781,1536,2048,no,friedrichsthalii/inat-242213050-431793068-cholodendron.jpeg,
Spathiphyllum friedrichsthalii,242213050,https://www.inaturalist.org/observations/242213050,431793135,https://inaturalist-open-data.s3.amazonaws.com/photos/431793135/original.jpeg,cc-by-nc,"(c) Francisco Mendoza, some rights reserved (CC BY-NC)",cholodendron,Francisco Mendoza,2023-08-13,"27JM+X46, Provincia de Alajuela, Los Chiles, Costa Rica",needs_id,False,11.039476,-84.710781,1536,2048,no,friedrichsthalii/inat-242213050-431793135-cholodendron.jpeg,
Spathiphyllum friedrichsthalii,242213050,https://www.inaturalist.org/observations/242213050,431793238,https://inaturalist-open-data.s3.amazonaws.com/photos/431793238/original.jpeg,cc-by-nc,"(c) Francisco Mendoza, some rights reserved (CC BY-NC)",cholodendron,Francisco Mendoza,2023-08-13,"27JM+X46, Provincia de Alajuela, Los Chiles, Costa Rica",needs_id,False,11.039476,-84.710781,1536,2048,no,friedrichsthalii/inat-242213050-431793238-cholodendron.jpeg,
Spathiphyllum friedrichsthalii,242213050,https://www.inaturalist.org/observations/242213050,431793392,https://inaturalist-open-data.s3.amazonaws.com/photos/431793392/original.jpeg,cc-by-nc,"(c) Francisco Mendoza, some rights reserved (CC BY-NC)",cholodendron,Francisco Mendoza,2023-08-13,"27JM+X46, Provincia de Alajuela, Los Chiles, Costa Rica",needs_id,False,11.039476,-84.710781,1536,2048,no,friedrichsthalii/inat-242213050-431793392-cholodendron.jpeg,
Spathiphyllum friedrichsthalii,242213050,https://www.inaturalist.org/observations/242213050,431793533,https://inaturalist-open-data.s3.amazonaws.com/photos/431793533/original.jpeg,cc-by-nc,"(c) Francisco Mendoza, some rights reserved (CC BY-NC)",cholodendron,Francisco Mendoza,2023-08-13,"27JM+X46, Provincia de Alajuela, Los Chiles, Costa Rica",needs_id,False,11.039476,-84.710781,1536,2048,no,friedrichsthalii/inat-242213050-431793533-cholodendron.jpeg,
Spathiphyllum friedrichsthalii,242213050,https://www.inaturalist.org/observations/242213050,431793653,https://inaturalist-open-data.s3.amazonaws.com/photos/431793653/original.jpeg,cc-by-nc,"(c) Francisco Mendoza, some rights reserved (CC BY-NC)",cholodendron,Francisco Mendoza,2023-08-13,"27JM+X46, Provincia de Alajuela, Los Chiles, Costa Rica",needs_id,False,11.039476,-84.710781,1536,2048,no,friedrichsthalii/inat-242213050-431793653-cholodendron.jpeg,
Spathiphyllum friedrichsthalii,242213050,https://www.inaturalist.org/observations/242213050,431793999,https://inaturalist-open-data.s3.amazonaws.com/photos/431793999/original.jpeg,cc-by-nc,"(c) Francisco Mendoza, some rights reserved (CC BY-NC)",cholodendron,Francisco Mendoza,2023-08-13,"27JM+X46, Provincia de Alajuela, Los Chiles, Costa Rica",needs_id,False,11.039476,-84.710781,1536,2048,no,friedrichsthalii/inat-242213050-431793999-cholodendron.jpeg,
Spathiphyllum friedrichsthalii,239316574,https://www.inaturalist.org/observations/239316574,426204746,https://inaturalist-open-data.s3.amazonaws.com/photos/426204746/original.jpeg,cc-by,"(c) Juan Cruzado Cortés, some rights reserved (CC BY)",juancruzado,Juan Cruzado Cortés,2024-09-01,"Huimanguillo, MX-TB, MX",research,False,18.0035316667,-93.917175,1536,2048,no,friedrichsthalii/inat-239316574-426204746-juancruzado.jpeg,
Spathiphyllum friedrichsthalii,232610317,https://www.inaturalist.org/observations/232610317,413277176,https://static.inaturalist.org/photos/413277176/original.jpeg,all-rights-reserved,"(c) Sam F, all rights reserved",c_biologist,Sam F,2024-07-19,"Caño Negro, Provincia de Alajuela, Los Chiles, Costa Rica",research,False,10.9275139805,-84.7615193948,1365,2048,no,friedrichsthalii/inat-232610317-413277176-c_biologist.jpeg,
Spathiphyllum friedrichsthalii,224338720,https://www.inaturalist.org/observations/224338720,397599857,https://inaturalist-open-data.s3.amazonaws.com/photos/397599857/original.jpeg,cc-by-nc,"(c) Eugenio Padilla, some rights reserved (CC BY-NC)",eugenio_padilla,Eugenio Padilla,2024-05-23,"Santiago Comaltepec, Oaxaca, México",research,False,17.6850795744,-96.2928161619,1224,1952,no,friedrichsthalii/inat-224338720-397599857-eugenio_padilla.jpeg,
Spathiphyllum friedrichsthalii,224338720,https://www.inaturalist.org/observations/224338720,397599876,https://inaturalist-open-data.s3.amazonaws.com/photos/397599876/original.jpeg,cc-by-nc,"(c) Eugenio Padilla, some rights reserved (CC BY-NC)",eugenio_padilla,Eugenio Padilla,2024-05-23,"Santiago Comaltepec, Oaxaca, México",research,False,17.6850795744,-96.2928161619,929,2048,no,friedrichsthalii/inat-224338720-397599876-eugenio_padilla.jpeg,
Spathiphyllum friedrichsthalii,224338720,https://www.inaturalist.org/observations/224338720,397599892,https://inaturalist-open-data.s3.amazonaws.com/photos/397599892/original.jpeg,cc-by-nc,"(c) Eugenio Padilla, some rights reserved (CC BY-NC)",eugenio_padilla,Eugenio Padilla,2024-05-23,"Santiago Comaltepec, Oaxaca, México",research,False,17.6850795744,-96.2928161619,929,2048,no,friedrichsthalii/inat-224338720-397599892-eugenio_padilla.jpeg,
Spathiphyllum friedrichsthalii,192882142,https://www.inaturalist.org/observations/192882142,338706110,https://inaturalist-open-data.s3.amazonaws.com/photos/338706110/original.jpeg,cc-by-nc,"(c) AMANDAVILACL, some rights reserved (CC BY-NC)",amandavilacl,AMANDAVILACL,2023-11-20,"94118 Ver., México",research,False,19.1803749264,-96.9615427405,1152,2048,no,friedrichsthalii/inat-192882142-338706110-amandavilacl.jpeg,
Spathiphyllum friedrichsthalii,192882142,https://www.inaturalist.org/observations/192882142,338706139,https://inaturalist-open-data.s3.amazonaws.com/photos/338706139/original.jpeg,cc-by-nc,"(c) AMANDAVILACL, some rights reserved (CC BY-NC)",amandavilacl,AMANDAVILACL,2023-11-20,"94118 Ver., México",research,False,19.1803749264,-96.9615427405,1152,2048,no,friedrichsthalii/inat-192882142-338706139-amandavilacl.jpeg,
Spathiphyllum friedrichsthalii,192882142,https://www.inaturalist.org/observations/192882142,338706151,https://inaturalist-open-data.s3.amazonaws.com/photos/338706151/original.jpeg,cc-by-nc,"(c) AMANDAVILACL, some rights reserved (CC BY-NC)",amandavilacl,AMANDAVILACL,2023-11-20,"94118 Ver., México",research,False,19.1803749264,-96.9615427405,1152,2048,no,friedrichsthalii/inat-192882142-338706151-amandavilacl.jpeg,
Spathiphyllum friedrichsthalii,192110443,https://www.inaturalist.org/observations/192110443,337175542,https://static.inaturalist.org/photos/337175542/original.jpg,all-rights-reserved,"(c) MARÍA J. GÓMEZ, all rights reserved",majogc9,MARÍA J. GÓMEZ,2023-11-24,"Cartagena Botanical Garden Guillermo Piñeres, Turbaco, Bolívar, CO",needs_id,False,10.3549616667,-75.4285883333,1152,2048,no,friedrichsthalii/inat-192110443-337175542-majogc9.jpg,
Spathiphyllum friedrichsthalii,192110443,https://www.inaturalist.org/observations/192110443,337175564,https://static.inaturalist.org/photos/337175564/original.jpg,all-rights-reserved,"(c) MARÍA J. GÓMEZ, all rights reserved",majogc9,MARÍA J. GÓMEZ,2023-11-24,"Cartagena Botanical Garden Guillermo Piñeres, Turbaco, Bolívar, CO",needs_id,False,10.3549616667,-75.4285883333,1152,2048,no,friedrichsthalii/inat-192110443-337175564-majogc9.jpg,
Spathiphyllum friedrichsthalii,192110443,https://www.inaturalist.org/observations/192110443,352480162,https://static.inaturalist.org/photos/352480162/original.jpg,all-rights-reserved,"(c) MARÍA J. GÓMEZ, all rights reserved",majogc9,MARÍA J. GÓMEZ,2023-11-24,"Cartagena Botanical Garden Guillermo Piñeres, Turbaco, Bolívar, CO",needs_id,False,10.3549616667,-75.4285883333,1152,2048,no,friedrichsthalii/inat-192110443-352480162-majogc9.jpg,
Spathiphyllum friedrichsthalii,192110443,https://www.inaturalist.org/observations/192110443,352480178,https://static.inaturalist.org/photos/352480178/original.jpg,all-rights-reserved,"(c) MARÍA J. GÓMEZ, all rights reserved",majogc9,MARÍA J. GÓMEZ,2023-11-24,"Cartagena Botanical Garden Guillermo Piñeres, Turbaco, Bolívar, CO",needs_id,False,10.3549616667,-75.4285883333,1152,2048,no,friedrichsthalii/inat-192110443-352480178-majogc9.jpg,
Spathiphyllum friedrichsthalii,190735321,https://www.inaturalist.org/observations/190735321,334433700,https://inaturalist-open-data.s3.amazonaws.com/photos/334433700/original.jpeg,cc-by-nc,"(c) Álvar Santiago Maltés Muñoz, some rights reserved (CC BY-NC)",santiagomaltes,Álvar Santiago Maltés Muñoz,2023-11-10,"Veracruz, MX",needs_id,True,18.8764136836,-96.99207013,1536,2048,no,friedrichsthalii/inat-190735321-334433700-santiagomaltes.jpeg,
Spathiphyllum friedrichsthalii,190735321,https://www.inaturalist.org/observations/190735321,334433738,https://inaturalist-open-data.s3.amazonaws.com/photos/334433738/original.jpeg,cc-by-nc,"(c) Álvar Santiago Maltés Muñoz, some rights reserved (CC BY-NC)",santiagomaltes,Álvar Santiago Maltés Muñoz,2023-11-10,"Veracruz, MX",needs_id,True,18.8764136836,-96.99207013,1536,2048,no,friedrichsthalii/inat-190735321-334433738-santiagomaltes.jpeg,
Spathiphyllum friedrichsthalii,190735321,https://www.inaturalist.org/observations/190735321,334433763,https://inaturalist-open-data.s3.amazonaws.com/photos/334433763/original.jpeg,cc-by-nc,"(c) Álvar Santiago Maltés Muñoz, some rights reserved (CC BY-NC)",santiagomaltes,Álvar Santiago Maltés Muñoz,2023-11-10,"Veracruz, MX",needs_id,True,18.8764136836,-96.99207013,1536,2048,no,friedrichsthalii/inat-190735321-334433763-santiagomaltes.jpeg,
Spathiphyllum friedrichsthalii,190735321,https://www.inaturalist.org/observations/190735321,334433791,https://inaturalist-open-data.s3.amazonaws.com/photos/334433791/original.jpeg,cc-by-nc,"(c) Álvar Santiago Maltés Muñoz, some rights reserved (CC BY-NC)",santiagomaltes,Álvar Santiago Maltés Muñoz,2023-11-10,"Veracruz, MX",needs_id,True,18.8764136836,-96.99207013,1536,2048,no,friedrichsthalii/inat-190735321-334433791-santiagomaltes.jpeg,
Spathiphyllum friedrichsthalii,185052366,https://www.inaturalist.org/observations/185052366,323118632,https://inaturalist-open-data.s3.amazonaws.com/photos/323118632/original.jpeg,cc-by-nc,"(c) Alex Espinosa, some rights reserved (CC BY-NC)",alexespinosa601,Alex Espinosa,2023-09-26,"H936+83H, Portobelo, Panamá",needs_id,False,9.5535963997,-79.6395330997,921,2048,no,friedrichsthalii/inat-185052366-323118632-alexespinosa601.jpeg,
Spathiphyllum friedrichsthalii,178285118,https://www.inaturalist.org/observations/178285118,310206666,https://inaturalist-open-data.s3.amazonaws.com/photos/310206666/original.jpg,cc-by-nc,"(c) isabellahan, some rights reserved (CC BY-NC)",isabellahan,,2023-08-13,"Cahuita National Park, Talamanca, Limon, CR",research,False,9.73768,-82.8232116667,1536,2048,no,friedrichsthalii/inat-178285118-310206666-isabellahan.jpg,
Spathiphyllum friedrichsthalii,178285118,https://www.inaturalist.org/observations/178285118,310206703,https://inaturalist-open-data.s3.amazonaws.com/photos/310206703/original.jpg,cc-by-nc,"(c) isabellahan, some rights reserved (CC BY-NC)",isabellahan,,2023-08-13,"Cahuita National Park, Talamanca, Limon, CR",research,False,9.73768,-82.8232116667,1536,2048,no,friedrichsthalii/inat-178285118-310206703-isabellahan.jpg,
Spathiphyllum friedrichsthalii,167337261,https://www.inaturalist.org/observations/167337261,289876264,https://inaturalist-open-data.s3.amazonaws.com/photos/289876264/original.jpg,cc-by-nc,"(c) violetvioletviolet, some rights reserved (CC BY-NC)",violetvioletviolet,,2023-06-14,"Luzon, Antipolo City, Rizal, PH",research,False,14.5814883333,121.1642833333,1536,2048,no,friedrichsthalii/inat-167337261-289876264-violetvioletviolet.jpg,
Spathiphyllum friedrichsthalii,167337261,https://www.inaturalist.org/observations/167337261,289876277,https://inaturalist-open-data.s3.amazonaws.com/photos/289876277/original.jpg,cc-by-nc,"(c) violetvioletviolet, some rights reserved (CC BY-NC)",violetvioletviolet,,2023-06-14,"Luzon, Antipolo City, Rizal, PH",research,False,14.5814883333,121.1642833333,1536,2048,no,friedrichsthalii/inat-167337261-289876277-violetvioletviolet.jpg,
Spathiphyllum friedrichsthalii,163938968,https://www.inaturalist.org/observations/163938968,283608996,https://static.inaturalist.org/photos/283608996/original.jpeg,all-rights-reserved,"(c) Sim Ee Chai, all rights reserved",simeechai,Sim Ee Chai,2023-05-27,"Presint 1, 62000 Putrajaya, Malaysia",needs_id,False,2.9448195,101.6954544,1536,2048,no,friedrichsthalii/inat-163938968-283608996-simeechai.jpeg,
Spathiphyllum friedrichsthalii,155788252,https://www.inaturalist.org/observations/155788252,269311472,https://inaturalist-open-data.s3.amazonaws.com/photos/269311472/original.jpeg,cc-by,"(c) Alexis López Hernández, some rights reserved (CC BY)",alexiz,Alexis López Hernández,2023-04-12,"Huixtla, Chis., México",research,False,15.1669176981,-92.4941527851,2048,1536,no,friedrichsthalii/inat-155788252-269311472-alexiz.jpeg,
Spathiphyllum friedrichsthalii,155788252,https://www.inaturalist.org/observations/155788252,269335065,https://inaturalist-open-data.s3.amazonaws.com/photos/269335065/original.jpeg,cc-by,"(c) Alexis López Hernández, some rights reserved (CC BY)",alexiz,Alexis López Hernández,2023-04-12,"Huixtla, Chis., México",research,False,15.1669176981,-92.4941527851,2048,1536,no,friedrichsthalii/inat-155788252-269335065-alexiz.jpeg,
Spathiphyllum friedrichsthalii,155788252,https://www.inaturalist.org/observations/155788252,269335086,https://inaturalist-open-data.s3.amazonaws.com/photos/269335086/original.jpeg,cc-by,"(c) Alexis López Hernández, some rights reserved (CC BY)",alexiz,Alexis López Hernández,2023-04-12,"Huixtla, Chis., México",research,False,15.1669176981,-92.4941527851,2048,1536,no,friedrichsthalii/inat-155788252-269335086-alexiz.jpeg,
Spathiphyllum friedrichsthalii,155788252,https://www.inaturalist.org/observations/155788252,269335087,https://inaturalist-open-data.s3.amazonaws.com/photos/269335087/original.jpeg,cc-by,"(c) Alexis López Hernández, some rights reserved (CC BY)",alexiz,Alexis López Hernández,2023-04-12,"Huixtla, Chis., México",research,False,15.1669176981,-92.4941527851,2048,1536,no,friedrichsthalii/inat-155788252-269335087-alexiz.jpeg,
Spathiphyllum friedrichsthalii,153252769,https://www.inaturalist.org/observations/153252769,264667103,https://static.inaturalist.org/photos/264667103/original.jpeg,all-rights-reserved,"(c) LostInCR, all rights reserved",lostincr,LostInCR,2023-03-30,"Heredia Province, Sarapiqui, Costa Rica",needs_id,False,10.4487083056,-84.0620566111,2048,1641,no,friedrichsthalii/inat-153252769-264667103-lostincr.jpeg,
Spathiphyllum friedrichsthalii,153252769,https://www.inaturalist.org/observations/153252769,264667237,https://static.inaturalist.org/photos/264667237/original.jpeg,all-rights-reserved,"(c) LostInCR, all rights reserved",lostincr,LostInCR,2023-03-30,"Heredia Province, Sarapiqui, Costa Rica",needs_id,False,10.4487083056,-84.0620566111,2048,1534,no,friedrichsthalii/inat-153252769-264667237-lostincr.jpeg,
Spathiphyllum friedrichsthalii,145585702,https://www.inaturalist.org/observations/145585702,250098048,https://static.inaturalist.org/photos/250098048/original.jpeg,all-rights-reserved,"(c) Stefan Dominik Brändel, all rights reserved",stefandominik,Stefan Dominik Brändel,2023-01-01,"Heredia Province, Sarapiqui, Costa Rica",research,False,10.3764743582,-83.9368855367,2048,1365,no,friedrichsthalii/inat-145585702-250098048-stefandominik.jpeg,
Spathiphyllum friedrichsthalii,145585702,https://www.inaturalist.org/observations/145585702,250098141,https://static.inaturalist.org/photos/250098141/original.jpeg,all-rights-reserved,"(c) Stefan Dominik Brändel, all rights reserved",stefandominik,Stefan Dominik Brändel,2023-01-01,"Heredia Province, Sarapiqui, Costa Rica",research,False,10.3764743582,-83.9368855367,2048,1365,no,friedrichsthalii/inat-145585702-250098141-stefandominik.jpeg,
Spathiphyllum friedrichsthalii,144692119,https://www.inaturalist.org/observations/144692119,248394911,https://inaturalist-open-data.s3.amazonaws.com/photos/248394911/original.jpeg,cc-by-nc,"(c) ramon_d, some rights reserved (CC BY-NC)",ramon_d,,2022-11-17,"Chiriqui Grande, Panama",needs_id,False,8.9588675185,-82.1557080285,1360,2048,no,friedrichsthalii/inat-144692119-248394911-ramon_d.jpeg,
Spathiphyllum friedrichsthalii,143248799,https://www.inaturalist.org/observations/143248799,245650406,https://inaturalist-open-data.s3.amazonaws.com/photos/245650406/original.jpg,cc-by-nc,"(c) Bart Wursten, some rights reserved (CC BY-NC)",bartwursten,Bart Wursten,2016-11-15,"Grounds Rana Roja Lodge, Tortuguero, Limón Province, Pococí, Costa Rica",research,False,10.54328,-83.51299,1800,1200,no,friedrichsthalii/inat-143248799-245650406-bartwursten.jpg,
Spathiphyllum friedrichsthalii,140137719,https://www.inaturalist.org/observations/140137719,239834507,https://inaturalist-open-data.s3.amazonaws.com/photos/239834507/original.jpeg,cc-by-nc,"(c) Carlos M Vieyra-Rojas, some rights reserved (CC BY-NC)",carlosvieyrarojas,Carlos M Vieyra-Rojas,2022-10-26,"Naranjal, Ver., México",needs_id,False,18.7930555556,-96.9402277778,1536,2048,no,friedrichsthalii/inat-140137719-239834507-carlosvieyrarojas.jpeg,
Spathiphyllum friedrichsthalii,140137719,https://www.inaturalist.org/observations/140137719,239834606,https://inaturalist-open-data.s3.amazonaws.com/photos/239834606/original.jpeg,cc-by-nc,"(c) Carlos M Vieyra-Rojas, some rights reserved (CC BY-NC)",carlosvieyrarojas,Carlos M Vieyra-Rojas,2022-10-26,"Naranjal, Ver., México",needs_id,False,18.7930555556,-96.9402277778,2048,1536,no,friedrichsthalii/inat-140137719-239834606-carlosvieyrarojas.jpeg,
Spathiphyllum friedrichsthalii,140137719,https://www.inaturalist.org/observations/140137719,239834646,https://inaturalist-open-data.s3.amazonaws.com/photos/239834646/original.jpeg,cc-by-nc,"(c) Carlos M Vieyra-Rojas, some rights reserved (CC BY-NC)",carlosvieyrarojas,Carlos M Vieyra-Rojas,2022-10-26,"Naranjal, Ver., México",needs_id,False,18.7930555556,-96.9402277778,1536,2048,no,friedrichsthalii/inat-140137719-239834646-carlosvieyrarojas.jpeg,
Spathiphyllum friedrichsthalii,139882606,https://www.inaturalist.org/observations/139882606,239325308,https://inaturalist-open-data.s3.amazonaws.com/photos/239325308/original.jpeg,cc-by-nc,"(c) Nate Hartley, some rights reserved (CC BY-NC)",etantrah,Nate Hartley,2022-10-10,"Limón Province, Costa Rica",needs_id,False,9.7206166751,-82.8198623657,1151,2048,no,friedrichsthalii/inat-139882606-239325308-etantrah.jpeg,
Spathiphyllum friedrichsthalii,139823344,https://www.inaturalist.org/observations/139823344,239176734,https://inaturalist-open-data.s3.amazonaws.com/photos/239176734/original.jpeg,cc-by-nc,"(c) Nate Hartley, some rights reserved (CC BY-NC)",etantrah,Nate Hartley,2022-10-09,"Limón Province, Pococí, Costa Rica",needs_id,False,10.5288036534,-83.5151958199,1151,2048,no,friedrichsthalii/inat-139823344-239176734-etantrah.jpeg,
Spathiphyllum friedrichsthalii,127324846,https://www.inaturalist.org/observations/127324846,216151927,https://inaturalist-open-data.s3.amazonaws.com/photos/216151927/original.jpeg,cc-by-nc,"(c) Nick Helme, some rights reserved (CC BY-NC)",botaneek,Nick Helme,2022-06-27,b1,research,False,9.9815804015,-84.0790059681,1368,2048,no,friedrichsthalii/inat-127324846-216151927-botaneek.jpeg,
Spathiphyllum friedrichsthalii,123131093,https://www.inaturalist.org/observations/123131093,208559721,https://inaturalist-open-data.s3.amazonaws.com/photos/208559721/original.jpeg,cc-by-nc,"(c) Mateo Villegas Villegas, some rights reserved (CC BY-NC)",mateovillegas,Mateo Villegas Villegas,2022-06-21,"Jardín Botánico de Cartagena ""Guillermo Piñeres""",needs_id,False,10.3528499556,-75.4286829382,1536,2048,no,friedrichsthalii/inat-123131093-208559721-mateovillegas.jpeg,
Spathiphyllum friedrichsthalii,123131093,https://www.inaturalist.org/observations/123131093,208559861,https://inaturalist-open-data.s3.amazonaws.com/photos/208559861/original.jpeg,cc-by-nc,"(c) Mateo Villegas Villegas, some rights reserved (CC BY-NC)",mateovillegas,Mateo Villegas Villegas,2022-06-21,"Jardín Botánico de Cartagena ""Guillermo Piñeres""",needs_id,False,10.3528499556,-75.4286829382,1536,2048,no,friedrichsthalii/inat-123131093-208559861-mateovillegas.jpeg,
Spathiphyllum friedrichsthalii,101243826,https://www.inaturalist.org/observations/101243826,169054687,https://inaturalist-open-data.s3.amazonaws.com/photos/169054687/original.jpg,cc-by,"(c) Jason Hernandez, some rights reserved (CC BY)",jasonhernandez74,Jason Hernandez,1996-02-08,"Heredia Province, Sarapiqui, Costa Rica",needs_id,False,10.4304858299,-84.0078078492,691,967,no,friedrichsthalii/inat-101243826-169054687-jasonhernandez74.jpg,
Spathiphyllum friedrichsthalii,89631017,https://www.inaturalist.org/observations/89631017,148036909,https://static.inaturalist.org/photos/148036909/original.jpeg,all-rights-reserved,"(c) Karina Monserrat, all rights reserved",karhynna,Karina Monserrat,2021-07-29,"Tabasco, MX",research,False,17.6825539306,-92.5701815262,2048,1365,no,friedrichsthalii/inat-89631017-148036909-karhynna.jpeg,
Spathiphyllum friedrichsthalii,89631017,https://www.inaturalist.org/observations/89631017,148036925,https://static.inaturalist.org/photos/148036925/original.jpeg,all-rights-reserved,"(c) Karina Monserrat, all rights reserved",karhynna,Karina Monserrat,2021-07-29,"Tabasco, MX",research,False,17.6825539306,-92.5701815262,2048,1365,no,friedrichsthalii/inat-89631017-148036925-karhynna.jpeg,
Spathiphyllum friedrichsthalii,89631017,https://www.inaturalist.org/observations/89631017,148036944,https://static.inaturalist.org/photos/148036944/original.jpeg,all-rights-reserved,"(c) Karina Monserrat, all rights reserved",karhynna,Karina Monserrat,2021-07-29,"Tabasco, MX",research,False,17.6825539306,-92.5701815262,2048,1365,no,friedrichsthalii/inat-89631017-148036944-karhynna.jpeg,
Spathiphyllum friedrichsthalii,89631017,https://www.inaturalist.org/observations/89631017,148036963,https://static.inaturalist.org/photos/148036963/original.jpeg,all-rights-reserved,"(c) Karina Monserrat, all rights reserved",karhynna,Karina Monserrat,2021-07-29,"Tabasco, MX",research,False,17.6825539306,-92.5701815262,2048,1365,no,friedrichsthalii/inat-89631017-148036963-karhynna.jpeg,
Spathiphyllum friedrichsthalii,89012699,https://www.inaturalist.org/observations/89012699,146871604,https://static.inaturalist.org/photos/146871604/original.jpeg,all-rights-reserved,"(c) Jeff Stauffer, all rights reserved",j-stauffer,Jeff Stauffer,2021-07-16,"Barrio Flaminia, Heredia, Sarapiquí, Costa Rica",research,False,10.4353356747,-84.0057655765,2048,1365,no,friedrichsthalii/inat-89012699-146871604-j-stauffer.jpeg,
Spathiphyllum friedrichsthalii,71100529,https://www.inaturalist.org/observations/71100529,115701675,https://inaturalist-open-data.s3.amazonaws.com/photos/115701675/original.jpg,cc0,no rights reserved,elacroix-carignan,Étienne Lacroix-Carignan,2016-12-31,"Alajuela, San Carlos, Costa Rica",needs_id,False,10.6750774423,-84.2072171659,1363,2048,no,friedrichsthalii/inat-71100529-115701675-elacroix-carignan.jpg,
Spathiphyllum friedrichsthalii,64066730,https://www.inaturalist.org/observations/64066730,102935154,https://inaturalist-open-data.s3.amazonaws.com/photos/102935154/original.jpeg,cc-by-nc,"(c) ramon_d, some rights reserved (CC BY-NC)",ramon_d,,2020-11-01,"Santa Isabel District, Panama",research,False,9.5444655724,-79.2572881297,2048,1360,no,friedrichsthalii/inat-64066730-102935154-ramon_d.jpeg,
Spathiphyllum friedrichsthalii,41855970,https://www.inaturalist.org/observations/41855970,66416229,https://static.inaturalist.org/photos/66416229/original.jpg,all-rights-reserved,"(c) Andi Alexander Lara Alcántara, all rights reserved",andialexanderlaraalcantara,Andi Alexander Lara Alcántara,2020-03-31,Pinoltepec,research,False,19.4416697546,-96.7555601522,1080,720,no,friedrichsthalii/inat-41855970-66416229-andialexanderlaraalcantara.jpg,
Spathiphyllum friedrichsthalii,41092165,https://www.inaturalist.org/observations/41092165,65157036,https://static.inaturalist.org/photos/65157036/original.jpeg,all-rights-reserved,"(c) Nicolas Morales, all rights reserved",nicolas187,Nicolas Morales,2020-02-25,"Talamanca, CR-LI, CR",research,False,9.5823152872,-82.6252361387,1280,960,no,friedrichsthalii/inat-41092165-65157036-nicolas187.jpeg,
Spathiphyllum friedrichsthalii,17425672,https://www.inaturalist.org/observations/17425672,26481152,https://inaturalist-open-data.s3.amazonaws.com/photos/26481152/original.jpeg,cc-by-nc,"(c) geomanuel, some rights reserved (CC BY-NC)",geomanuel,,2018-09-02,"Santa María Chimalapa, Oax., México",needs_id,False,17.1622773368,-94.7811658964,2048,1536,no,friedrichsthalii/inat-17425672-26481152-geomanuel.jpeg,
Spathiphyllum friedrichsthalii,17425672,https://www.inaturalist.org/observations/17425672,26483974,https://inaturalist-open-data.s3.amazonaws.com/photos/26483974/original.jpeg,cc-by-nc,"(c) geomanuel, some rights reserved (CC BY-NC)",geomanuel,,2018-09-02,"Santa María Chimalapa, Oax., México",needs_id,False,17.1622773368,-94.7811658964,1536,2048,no,friedrichsthalii/inat-17425672-26483974-geomanuel.jpeg,
Spathiphyllum friedrichsthalii,16478486,https://www.inaturalist.org/observations/16478486,24796553,https://inaturalist-open-data.s3.amazonaws.com/photos/24796553/original.jpeg,cc-by-nc,"(c) geomanuel, some rights reserved (CC BY-NC)",geomanuel,,2018-07-16,"San Juan Bautista Valle Nacional, Oax., México",research,False,17.7207566562,-96.2481204712,2048,1536,no,friedrichsthalii/inat-16478486-24796553-geomanuel.jpeg,
Spathiphyllum friedrichsthalii,6539054,https://www.inaturalist.org/observations/6539054,8286968,https://static.inaturalist.org/photos/8286968/original.jpg,all-rights-reserved,"(c) Homero Bennet, all rights reserved",homerobeunicus,Homero Bennet,2017-05-28,"Minatitlán, Ver., México",research,False,17.8768033333,-94.5426583333,2048,1357,no,friedrichsthalii/inat-6539054-8286968-homerobeunicus.jpg,
Spathiphyllum friedrichsthalii,3328237,https://www.inaturalist.org/observations/3328237,3844693,https://inaturalist-open-data.s3.amazonaws.com/photos/3844693/original.JPG,cc-by-sa,"(c) Lena Struwe, some rights reserved (CC BY-SA)",vilseskog,Lena Struwe,2016-03-15,"Greytown, Nicaragua",research,False,10.9521040138,-83.7406174151,1536,2048,no,friedrichsthalii/inat-3328237-3844693-vilseskog.JPG,
Spathiphyllum friedrichsthalii,3326730,https://www.inaturalist.org/observations/3326730,3842823,https://inaturalist-open-data.s3.amazonaws.com/photos/3842823/original.JPG,cc-by-nc,"(c) Eva Hedström, some rights reserved (CC BY-NC)",evahedstrom,Eva Hedström,2016-03-15,"San Juan del Norte, San Juan del Nte., Nicaragua",needs_id,False,10.931906,-83.72656,2048,1536,no,friedrichsthalii/inat-3326730-3842823-evahedstrom.JPG,
Spathiphyllum friedrichsthalii,486710,https://www.inaturalist.org/observations/486710,615234,https://static.inaturalist.org/photos/615234/original.jpg,all-rights-reserved,"(c) Mané Salinas Rodríguez, all rights reserved",manesalinas,Mané Salinas Rodríguez,2005-07-28,"Coatepec, Veracruz",research,False,19.472584,-96.951969,480,640,no,friedrichsthalii/inat-486710-615234-manesalinas.jpg,
Spathiphyllum friedrichsthalii,395337,https://www.inaturalist.org/observations/395337,494755,https://inaturalist-open-data.s3.amazonaws.com/photos/494755/original.JPG,cc-by,"(c) Alexis López Hernández, some rights reserved (CC BY)",alexiz,Alexis López Hernández,2012-10-01,Zoquitlán,research,False,18.338081,-97.02205,800,600,no,friedrichsthalii/inat-395337-494755-alexiz.JPG,
Spathiphyllum friedrichsthalii,395337,https://www.inaturalist.org/observations/395337,494756,https://static.inaturalist.org/photos/494756/original.JPG,cc-by,"(c) Alexis López Hernández, some rights reserved (CC BY)",alexiz,Alexis López Hernández,2012-10-01,Zoquitlán,research,False,18.338081,-97.02205,480,640,no,friedrichsthalii/inat-395337-494756-alexiz.JPG,
Spathiphyllum friedrichsthalii,395337,https://www.inaturalist.org/observations/395337,494757,https://static.inaturalist.org/photos/494757/original.JPG,cc-by,"(c) Alexis López Hernández, some rights reserved (CC BY)",alexiz,Alexis López Hernández,2012-10-01,Zoquitlán,research,False,18.338081,-97.02205,800,600,no,friedrichsthalii/inat-395337-494757-alexiz.JPG,
Spathiphyllum friedrichsthalii,395337,https://www.inaturalist.org/observations/395337,494758,https://inaturalist-open-data.s3.amazonaws.com/photos/494758/original.JPG,cc-by,"(c) Alexis López Hernández, some rights reserved (CC BY)",alexiz,Alexis López Hernández,2012-10-01,Zoquitlán,research,False,18.338081,-97.02205,800,600,no,friedrichsthalii/inat-395337-494758-alexiz.JPG,
Spathiphyllum fulvovirens,257076281,https://www.inaturalist.org/observations/257076281,461085992,https://inaturalist-open-data.s3.amazonaws.com/photos/461085992/original.jpeg,cc-by-nc,"(c) Mabelin, some rights reserved (CC BY-NC)",mabelin,Mabelin,2025-01-01,"Campana, Provincia de Panamá Oeste, Panamá",needs_id,False,8.6858234167,-79.9224014167,2048,1536,no,fulvovirens/inat-257076281-461085992-mabelin.jpeg,
Spathiphyllum fulvovirens,257076281,https://www.inaturalist.org/observations/257076281,461086018,https://inaturalist-open-data.s3.amazonaws.com/photos/461086018/original.jpeg,cc-by-nc,"(c) Mabelin, some rights reserved (CC BY-NC)",mabelin,Mabelin,2025-01-01,"Campana, Provincia de Panamá Oeste, Panamá",needs_id,False,8.6858234167,-79.9224014167,1536,2048,no,fulvovirens/inat-257076281-461086018-mabelin.jpeg,
Spathiphyllum fulvovirens,257076281,https://www.inaturalist.org/observations/257076281,461207698,https://inaturalist-open-data.s3.amazonaws.com/photos/461207698/original.jpeg,cc-by-nc,"(c) Mabelin, some rights reserved (CC BY-NC)",mabelin,Mabelin,2025-01-01,"Campana, Provincia de Panamá Oeste, Panamá",needs_id,False,8.6858234167,-79.9224014167,2048,1536,no,fulvovirens/inat-257076281-461207698-mabelin.jpeg,
Spathiphyllum fulvovirens,149851981,https://www.inaturalist.org/observations/149851981,258283867,https://inaturalist-open-data.s3.amazonaws.com/photos/258283867/original.jpg,cc-by-nc,"(c) erikmer, some rights reserved (CC BY-NC)",erikmer,,2023-01-31,"General de División Omar Torrijos Herrera, La Pintada, Coclé, Panama",research,False,8.6703694444,-80.5886472222,1536,2048,no,fulvovirens/inat-149851981-258283867-erikmer.jpg,
Spathiphyllum fulvovirens,149851981,https://www.inaturalist.org/observations/149851981,258283919,https://inaturalist-open-data.s3.amazonaws.com/photos/258283919/original.jpg,cc-by-nc,"(c) erikmer, some rights reserved (CC BY-NC)",erikmer,,2023-01-31,"General de División Omar Torrijos Herrera, La Pintada, Coclé, Panama",research,False,8.6703694444,-80.5886472222,1536,2048,no,fulvovirens/inat-149851981-258283919-erikmer.jpg,
Spathiphyllum fulvovirens,89866905,https://www.inaturalist.org/observations/89866905,148445195,https://static.inaturalist.org/photos/148445195/original.jpeg,all-rights-reserved,"(c) Jeff Stauffer, all rights reserved",j-stauffer,Jeff Stauffer,2021-07-16,"Heredia Province, Sarapiqui, Costa Rica",research,False,10.4258282073,-84.0068421701,2048,1536,no,fulvovirens/inat-89866905-148445195-j-stauffer.jpeg,
Spathiphyllum fulvovirens,89737349,https://www.inaturalist.org/observations/89737349,148221092,https://static.inaturalist.org/photos/148221092/original.jpeg,all-rights-reserved,"(c) Jeff Stauffer, all rights reserved",j-stauffer,Jeff Stauffer,2021-07-16,"Heredia Province, Sarapiqui, Costa Rica",needs_id,False,10.428427698,-84.0061809823,2048,1536,no,fulvovirens/inat-89737349-148221092-j-stauffer.jpeg,
Spathiphyllum fulvovirens,89737349,https://www.inaturalist.org/observations/89737349,148221102,https://static.inaturalist.org/photos/148221102/original.jpeg,all-rights-reserved,"(c) Jeff Stauffer, all rights reserved",j-stauffer,Jeff Stauffer,2021-07-16,"Heredia Province, Sarapiqui, Costa Rica",needs_id,False,10.428427698,-84.0061809823,2048,1536,no,fulvovirens/inat-89737349-148221102-j-stauffer.jpeg,
Spathiphyllum fulvovirens,62853839,https://www.inaturalist.org/observations/62853839,100777531,https://inaturalist-open-data.s3.amazonaws.com/photos/100777531/original.jpeg,cc-by-nc,"(c) ramon_d, some rights reserved (CC BY-NC)",ramon_d,,2020-10-17,"Coclé Province, Panama",research,False,8.6658583466,-80.5903059425,1360,2048,no,fulvovirens/inat-62853839-100777531-ramon_d.jpeg,
Spathiphyllum fulvovirens,62853839,https://www.inaturalist.org/observations/62853839,100777755,https://inaturalist-open-data.s3.amazonaws.com/photos/100777755/original.jpeg,cc-by-nc,"(c) ramon_d, some rights reserved (CC BY-NC)",ramon_d,,2020-10-17,"Coclé Province, Panama",research,False,8.6658583466,-80.5903059425,2048,1360,no,fulvovirens/inat-62853839-100777755-ramon_d.jpeg,
Spathiphyllum fulvovirens,62853839,https://www.inaturalist.org/observations/62853839,100777786,https://inaturalist-open-data.s3.amazonaws.com/photos/100777786/original.jpeg,cc-by-nc,"(c) ramon_d, some rights reserved (CC BY-NC)",ramon_d,,2020-10-17,"Coclé Province, Panama",research,False,8.6658583466,-80.5903059425,1360,2048,no,fulvovirens/inat-62853839-100777786-ramon_d.jpeg,
Spathiphyllum fulvovirens,62168502,https://www.inaturalist.org/observations/62168502,99574083,https://inaturalist-open-data.s3.amazonaws.com/photos/99574083/original.jpg,cc-by-nc,"(c) ramon_d, some rights reserved (CC BY-NC)",ramon_d,,2020-10-09,"Colón Province, Panama",research,False,9.5371536822,-79.5989570291,1536,2048,no,fulvovirens/inat-62168502-99574083-ramon_d.jpg,
Spathiphyllum fulvovirens,62168502,https://www.inaturalist.org/observations/62168502,99574148,https://inaturalist-open-data.s3.amazonaws.com/photos/99574148/original.jpg,cc-by-nc,"(c) ramon_d, some rights reserved (CC BY-NC)",ramon_d,,2020-10-09,"Colón Province, Panama",research,False,9.5371536822,-79.5989570291,1536,2048,no,fulvovirens/inat-62168502-99574148-ramon_d.jpg,
Spathiphyllum fulvovirens,62168502,https://www.inaturalist.org/observations/62168502,99574164,https://inaturalist-open-data.s3.amazonaws.com/photos/99574164/original.jpg,cc-by-nc,"(c) ramon_d, some rights reserved (CC BY-NC)",ramon_d,,2020-10-09,"Colón Province, Panama",research,False,9.5371536822,-79.5989570291,2048,1536,no,fulvovirens/inat-62168502-99574164-ramon_d.jpg,
Spathiphyllum fulvovirens,10529377,https://www.inaturalist.org/observations/10529377,14657063,https://inaturalist-open-data.s3.amazonaws.com/photos/14657063/original.jpeg,cc-by-nc,"(c) Nate Hartley, some rights reserved (CC BY-NC)",etantrah,Nate Hartley,2016-07-20,"Heredia Province, Sarapiqui, Costa Rica",research,False,10.4335762793,-84.010432139,1536,2048,no,fulvovirens/inat-10529377-14657063-etantrah.jpeg,
Spathiphyllum fulvovirens,10529377,https://www.inaturalist.org/observations/10529377,14657066,https://inaturalist-open-data.s3.amazonaws.com/photos/14657066/original.jpeg,cc-by-nc,"(c) Nate Hartley, some rights reserved (CC BY-NC)",etantrah,Nate Hartley,2016-07-20,"Heredia Province, Sarapiqui, Costa Rica",research,False,10.4335762793,-84.010432139,2048,1536,no,fulvovirens/inat-10529377-14657066-etantrah.jpeg,
Spathiphyllum gardneri,400597595,https://www.inaturalist.org/observations/400597595,735158421,https://static.inaturalist.org/photos/735158421/original.jpg,all-rights-reserved,"(c) Frederico Leonel, all rights reserved",fred-leonel,Frederico Leonel,2026-09-15,"Pau Terra, Uruaçu - GO, 76400-000, Brasil",research,False,-13.9518146389,-48.73698425,1536,2048,no,gardneri/inat-400597595-735158421-fred-leonel.jpg,
Spathiphyllum gardneri,400597595,https://www.inaturalist.org/observations/400597595,735158734,https://static.inaturalist.org/photos/735158734/original.jpg,all-rights-reserved,"(c) Frederico Leonel, all rights reserved",fred-leonel,Frederico Leonel,2026-09-15,"Pau Terra, Uruaçu - GO, 76400-000, Brasil",research,False,-13.9518146389,-48.73698425,2048,1536,no,gardneri/inat-400597595-735158734-fred-leonel.jpg,
Spathiphyllum gardneri,400597595,https://www.inaturalist.org/observations/400597595,735158785,https://static.inaturalist.org/photos/735158785/original.jpg,all-rights-reserved,"(c) Frederico Leonel, all rights reserved",fred-leonel,Frederico Leonel,2026-09-15,"Pau Terra, Uruaçu - GO, 76400-000, Brasil",research,False,-13.9518146389,-48.73698425,2048,1536,no,gardneri/inat-400597595-735158785-fred-leonel.jpg,
Spathiphyllum gardneri,400597595,https://www.inaturalist.org/observations/400597595,735158817,https://static.inaturalist.org/photos/735158817/original.jpg,all-rights-reserved,"(c) Frederico Leonel, all rights reserved",fred-leonel,Frederico Leonel,2026-09-15,"Pau Terra, Uruaçu - GO, 76400-000, Brasil",research,False,-13.9518146389,-48.73698425,1536,2048,no,gardneri/inat-400597595-735158817-fred-leonel.jpg,
Spathiphyllum gardneri,400597595,https://www.inaturalist.org/observations/400597595,735158874,https://static.inaturalist.org/photos/735158874/original.jpg,all-rights-reserved,"(c) Frederico Leonel, all rights reserved",fred-leonel,Frederico Leonel,2026-09-15,"Pau Terra, Uruaçu - GO, 76400-000, Brasil",research,False,-13.9518146389,-48.73698425,1536,2048,no,gardneri/inat-400597595-735158874-fred-leonel.jpg,
Spathiphyllum gardneri,400597595,https://www.inaturalist.org/observations/400597595,735158913,https://static.inaturalist.org/photos/735158913/original.jpg,all-rights-reserved,"(c) Frederico Leonel, all rights reserved",fred-leonel,Frederico Leonel,2026-09-15,"Pau Terra, Uruaçu - GO, 76400-000, Brasil",research,False,-13.9518146389,-48.73698425,1536,2048,no,gardneri/inat-400597595-735158913-fred-leonel.jpg,
Spathiphyllum gardneri,400597595,https://www.inaturalist.org/observations/400597595,735158953,https://static.inaturalist.org/photos/735158953/original.jpg,all-rights-reserved,"(c) Frederico Leonel, all rights reserved",fred-leonel,Frederico Leonel,2026-09-15,"Pau Terra, Uruaçu - GO, 76400-000, Brasil",research,False,-13.9518146389,-48.73698425,1536,2048,no,gardneri/inat-400597595-735158953-fred-leonel.jpg,
Spathiphyllum gardneri,400597595,https://www.inaturalist.org/observations/400597595,735158984,https://static.inaturalist.org/photos/735158984/original.jpg,all-rights-reserved,"(c) Frederico Leonel, all rights reserved",fred-leonel,Frederico Leonel,2026-09-15,"Pau Terra, Uruaçu - GO, 76400-000, Brasil",research,False,-13.9518146389,-48.73698425,1536,2048,no,gardneri/inat-400597595-735158984-fred-leonel.jpg,
Spathiphyllum gardneri,400597595,https://www.inaturalist.org/observations/400597595,735159024,https://static.inaturalist.org/photos/735159024/original.jpg,all-rights-reserved,"(c) Frederico Leonel, all rights reserved",fred-leonel,Frederico Leonel,2026-09-15,"Pau Terra, Uruaçu - GO, 76400-000, Brasil",research,False,-13.9518146389,-48.73698425,1536,2048,no,gardneri/inat-400597595-735159024-fred-leonel.jpg,
Spathiphyllum gardneri,400597595,https://www.inaturalist.org/observations/400597595,735159059,https://static.inaturalist.org/photos/735159059/original.jpg,all-rights-reserved,"(c) Frederico Leonel, all rights reserved",fred-leonel,Frederico Leonel,2026-09-15,"Pau Terra, Uruaçu - GO, 76400-000, Brasil",research,False,-13.9518146389,-48.73698425,1536,2048,no,gardneri/inat-400597595-735159059-fred-leonel.jpg,
Spathiphyllum gardneri,400597595,https://www.inaturalist.org/observations/400597595,735159084,https://static.inaturalist.org/photos/735159084/original.jpg,all-rights-reserved,"(c) Frederico Leonel, all rights reserved",fred-leonel,Frederico Leonel,2026-09-15,"Pau Terra, Uruaçu - GO, 76400-000, Brasil",research,False,-13.9518146389,-48.73698425,1536,2048,no,gardneri/inat-400597595-735159084-fred-leonel.jpg,
Spathiphyllum gardneri,381503151,https://www.inaturalist.org/observations/381503151,698066512,https://static.inaturalist.org/photos/698066512/original.jpg,all-rights-reserved,"(c) Samuel Levi, all rights reserved",samuel_levi_,Samuel Levi,2026-01-12,"5G36+G5, Caxias - MA, Brasil",needs_id,False,-4.8460907997,-43.4880897997,1536,2048,no,gardneri/inat-381503151-698066512-samuel_levi_.jpg,
Spathiphyllum gardneri,381503151,https://www.inaturalist.org/observations/381503151,698066589,https://static.inaturalist.org/photos/698066589/original.jpg,all-rights-reserved,"(c) Samuel Levi, all rights reserved",samuel_levi_,Samuel Levi,2026-01-12,"5G36+G5, Caxias - MA, Brasil",needs_id,False,-4.8460907997,-43.4880897997,1536,2048,no,gardneri/inat-381503151-698066589-samuel_levi_.jpg,
Spathiphyllum gardneri,376124303,https://www.inaturalist.org/observations/376124303,687674809,https://inaturalist-open-data.s3.amazonaws.com/photos/687674809/original.jpg,cc-by-nc,"(c) Robin Heymans, some rights reserved (CC BY-NC)",robin_heymans,Robin Heymans,2026-01-17,"Carolina - Maranhão, 65980-000, Brésil",research,False,-7.0646716667,-47.47017,1363,2048,no,gardneri/inat-376124303-687674809-robin_heymans.jpg,
Spathiphyllum gardneri,376124303,https://www.inaturalist.org/observations/376124303,687674828,https://inaturalist-open-data.s3.amazonaws.com/photos/687674828/original.jpg,cc-by-nc,"(c) Robin Heymans, some rights reserved (CC BY-NC)",robin_heymans,Robin Heymans,2026-01-17,"Carolina - Maranhão, 65980-000, Brésil",research,False,-7.0646716667,-47.47017,2048,1363,no,gardneri/inat-376124303-687674828-robin_heymans.jpg,
Spathiphyllum gardneri,376124303,https://www.inaturalist.org/observations/376124303,687674838,https://inaturalist-open-data.s3.amazonaws.com/photos/687674838/original.jpg,cc-by-nc,"(c) Robin Heymans, some rights reserved (CC BY-NC)",robin_heymans,Robin Heymans,2026-01-17,"Carolina - Maranhão, 65980-000, Brésil",research,False,-7.0646716667,-47.47017,1363,2048,no,gardneri/inat-376124303-687674838-robin_heymans.jpg,
Spathiphyllum humboldtii,397928023,https://www.inaturalist.org/observations/397928023,729902880,https://inaturalist-open-data.s3.amazonaws.com/photos/729902880/original.jpg,cc-by-nc,"(c) pelletier_vincent973, some rights reserved (CC BY-NC)",pelletier_vincent973,,2026-09-04,"Nancibo, Montsinéry-Tonnegrande 97356, Guyane française",needs_id,False,4.6739774377,-52.4745008815,1536,2048,no,humboldtii/inat-397928023-729902880-pelletier_vincent973.jpg,
Spathiphyllum humboldtii,357684400,https://www.inaturalist.org/observations/357684400,652385066,https://inaturalist-open-data.s3.amazonaws.com/photos/652385066/original.jpg,cc-by-nc,"(c) Nils Servientis - Bivouac Naturaliste, some rights reserved (CC BY-NC)",botanils,Nils Servientis - Bivouac Naturaliste,2026-04-26,"Roura, Cayenne, French Guiana",research,False,4.32833181,-52.33816214,2048,1365,no,humboldtii/inat-357684400-652385066-botanils.jpg,
Spathiphyllum humboldtii,357684400,https://www.inaturalist.org/observations/357684400,652385101,https://inaturalist-open-data.s3.amazonaws.com/photos/652385101/original.jpg,cc-by-nc,"(c) Nils Servientis - Bivouac Naturaliste, some rights reserved (CC BY-NC)",botanils,Nils Servientis - Bivouac Naturaliste,2026-04-26,"Roura, Cayenne, French Guiana",research,False,4.32833181,-52.33816214,2048,1365,no,humboldtii/inat-357684400-652385101-botanils.jpg,
Spathiphyllum humboldtii,357684400,https://www.inaturalist.org/observations/357684400,652385125,https://inaturalist-open-data.s3.amazonaws.com/photos/652385125/original.jpg,cc-by-nc,"(c) Nils Servientis - Bivouac Naturaliste, some rights reserved (CC BY-NC)",botanils,Nils Servientis - Bivouac Naturaliste,2026-04-26,"Roura, Cayenne, French Guiana",research,False,4.32833181,-52.33816214,2048,1365,no,humboldtii/inat-357684400-652385125-botanils.jpg,
Spathiphyllum humboldtii,357684400,https://www.inaturalist.org/observations/357684400,652385139,https://inaturalist-open-data.s3.amazonaws.com/photos/652385139/original.jpg,cc-by-nc,"(c) Nils Servientis - Bivouac Naturaliste, some rights reserved (CC BY-NC)",botanils,Nils Servientis - Bivouac Naturaliste,2026-04-26,"Roura, Cayenne, French Guiana",research,False,4.32833181,-52.33816214,2048,1365,no,humboldtii/inat-357684400-652385139-botanils.jpg,
Spathiphyllum humboldtii,357684400,https://www.inaturalist.org/observations/357684400,652385160,https://inaturalist-open-data.s3.amazonaws.com/photos/652385160/original.jpg,cc-by-nc,"(c) Nils Servientis - Bivouac Naturaliste, some rights reserved (CC BY-NC)",botanils,Nils Servientis - Bivouac Naturaliste,2026-04-26,"Roura, Cayenne, French Guiana",research,False,4.32833181,-52.33816214,2048,1365,no,humboldtii/inat-357684400-652385160-botanils.jpg,
Spathiphyllum humboldtii,357684400,https://www.inaturalist.org/observations/357684400,652385209,https://inaturalist-open-data.s3.amazonaws.com/photos/652385209/original.jpg,cc-by-nc,"(c) Nils Servientis - Bivouac Naturaliste, some rights reserved (CC BY-NC)",botanils,Nils Servientis - Bivouac Naturaliste,2026-04-26,"Roura, Cayenne, French Guiana",research,False,4.32833181,-52.33816214,2048,1365,no,humboldtii/inat-357684400-652385209-botanils.jpg,
Spathiphyllum humboldtii,357684394,https://www.inaturalist.org/observations/357684394,652385000,https://inaturalist-open-data.s3.amazonaws.com/photos/652385000/original.jpg,cc-by-nc,"(c) Nils Servientis - Bivouac Naturaliste, some rights reserved (CC BY-NC)",botanils,Nils Servientis - Bivouac Naturaliste,2026-04-26,"Roura, Cayenne, French Guiana",needs_id,False,4.32820608,-52.33820463,2048,1365,no,humboldtii/inat-357684394-652385000-botanils.jpg,
Spathiphyllum humboldtii,357684394,https://www.inaturalist.org/observations/357684394,652385004,https://inaturalist-open-data.s3.amazonaws.com/photos/652385004/original.jpg,cc-by-nc,"(c) Nils Servientis - Bivouac Naturaliste, some rights reserved (CC BY-NC)",botanils,Nils Servientis - Bivouac Naturaliste,2026-04-26,"Roura, Cayenne, French Guiana",needs_id,False,4.32820608,-52.33820463,2048,1365,no,humboldtii/inat-357684394-652385004-botanils.jpg,
Spathiphyllum humboldtii,357684394,https://www.inaturalist.org/observations/357684394,652385026,https://inaturalist-open-data.s3.amazonaws.com/photos/652385026/original.jpg,cc-by-nc,"(c) Nils Servientis - Bivouac Naturaliste, some rights reserved (CC BY-NC)",botanils,Nils Servientis - Bivouac Naturaliste,2026-04-26,"Roura, Cayenne, French Guiana",needs_id,False,4.32820608,-52.33820463,2048,1365,no,humboldtii/inat-357684394-652385026-botanils.jpg,
Spathiphyllum humboldtii,356618854,https://www.inaturalist.org/observations/356618854,650311633,https://inaturalist-open-data.s3.amazonaws.com/photos/650311633/original.jpg,cc-by-nc,"(c) Guillaume Léotard, some rights reserved (CC BY-NC)",guillaume_leotard,Guillaume Léotard,2026-04-24,"Saint-Georges 97313, Guyane française",research,False,3.8588527778,-51.8716361111,1542,2048,no,humboldtii/inat-356618854-650311633-guillaume_leotard.jpg,
Spathiphyllum humboldtii,356555332,https://www.inaturalist.org/observations/356555332,650212203,https://inaturalist-open-data.s3.amazonaws.com/photos/650212203/original.jpg,cc-by-nc,"(c) Robin Heymans, some rights reserved (CC BY-NC)",robin_heymans,Robin Heymans,2026-04-25,"Sinnamary 97315, Guyane française",needs_id,False,5.357521,-53.003101,1536,2048,no,humboldtii/inat-356555332-650212203-robin_heymans.jpg,
Spathiphyllum humboldtii,343665059,https://www.inaturalist.org/observations/343665059,626062351,https://inaturalist-open-data.s3.amazonaws.com/photos/626062351/original.jpg,cc-by-nc,"(c) Julien Piolain, some rights reserved (CC BY-NC)",jpiolain,Julien Piolain,2026-03-11,"Montsinéry-Tonnegrande 97356, Guyane française",research,False,4.8191033333,-52.5179566667,2048,1536,no,humboldtii/inat-343665059-626062351-jpiolain.jpg,
Spathiphyllum humboldtii,343665059,https://www.inaturalist.org/observations/343665059,626062375,https://inaturalist-open-data.s3.amazonaws.com/photos/626062375/original.jpg,cc-by-nc,"(c) Julien Piolain, some rights reserved (CC BY-NC)",jpiolain,Julien Piolain,2026-03-11,"Montsinéry-Tonnegrande 97356, Guyane française",research,False,4.8191033333,-52.5179566667,2048,1536,no,humboldtii/inat-343665059-626062375-jpiolain.jpg,
Spathiphyllum humboldtii,343665059,https://www.inaturalist.org/observations/343665059,626062378,https://inaturalist-open-data.s3.amazonaws.com/photos/626062378/original.jpg,cc-by-nc,"(c) Julien Piolain, some rights reserved (CC BY-NC)",jpiolain,Julien Piolain,2026-03-11,"Montsinéry-Tonnegrande 97356, Guyane française",research,False,4.8191033333,-52.5179566667,2048,1536,no,humboldtii/inat-343665059-626062378-jpiolain.jpg,
Spathiphyllum humboldtii,343665059,https://www.inaturalist.org/observations/343665059,626062379,https://inaturalist-open-data.s3.amazonaws.com/photos/626062379/original.jpg,cc-by-nc,"(c) Julien Piolain, some rights reserved (CC BY-NC)",jpiolain,Julien Piolain,2026-03-11,"Montsinéry-Tonnegrande 97356, Guyane française",research,False,4.8191033333,-52.5179566667,2048,1536,no,humboldtii/inat-343665059-626062379-jpiolain.jpg,
Spathiphyllum humboldtii,339246121,https://www.inaturalist.org/observations/339246121,617094669,https://static.inaturalist.org/photos/617094669/original.jpg,all-rights-reserved,"(c) Medina, all rights reserved",medina112,Medina,2026-02-14,"Parauapebas, PA, BR",needs_id,False,-6.1686466667,-50.350525,1536,2048,no,humboldtii/inat-339246121-617094669-medina112.jpg,
Spathiphyllum humboldtii,339246121,https://www.inaturalist.org/observations/339246121,617094686,https://static.inaturalist.org/photos/617094686/original.jpg,all-rights-reserved,"(c) Medina, all rights reserved",medina112,Medina,2026-02-14,"Parauapebas, PA, BR",needs_id,False,-6.1686466667,-50.350525,1536,2048,no,humboldtii/inat-339246121-617094686-medina112.jpg,
Spathiphyllum humboldtii,339246121,https://www.inaturalist.org/observations/339246121,617094736,https://static.inaturalist.org/photos/617094736/original.jpg,all-rights-reserved,"(c) Medina, all rights reserved",medina112,Medina,2026-02-14,"Parauapebas, PA, BR",needs_id,False,-6.1686466667,-50.350525,1536,2048,no,humboldtii/inat-339246121-617094736-medina112.jpg,
Spathiphyllum humboldtii,339246121,https://www.inaturalist.org/observations/339246121,617094770,https://static.inaturalist.org/photos/617094770/original.jpg,all-rights-reserved,"(c) Medina, all rights reserved",medina112,Medina,2026-02-14,"Parauapebas, PA, BR",needs_id,False,-6.1686466667,-50.350525,1536,2048,no,humboldtii/inat-339246121-617094770-medina112.jpg,
Spathiphyllum humboldtii,339246121,https://www.inaturalist.org/observations/339246121,617094811,https://static.inaturalist.org/photos/617094811/original.jpg,all-rights-reserved,"(c) Medina, all rights reserved",medina112,Medina,2026-02-14,"Parauapebas, PA, BR",needs_id,False,-6.1686466667,-50.350525,1536,2048,no,humboldtii/inat-339246121-617094811-medina112.jpg,
Spathiphyllum humboldtii,339246121,https://www.inaturalist.org/observations/339246121,617094830,https://static.inaturalist.org/photos/617094830/original.jpg,all-rights-reserved,"(c) Medina, all rights reserved",medina112,Medina,2026-02-14,"Parauapebas, PA, BR",needs_id,False,-6.1686466667,-50.350525,1536,2048,no,humboldtii/inat-339246121-617094830-medina112.jpg,
Spathiphyllum humboldtii,339246121,https://www.inaturalist.org/observations/339246121,617094857,https://static.inaturalist.org/photos/617094857/original.jpg,all-rights-reserved,"(c) Medina, all rights reserved",medina112,Medina,2026-02-14,"Parauapebas, PA, BR",needs_id,False,-6.1686466667,-50.350525,1536,2048,no,humboldtii/inat-339246121-617094857-medina112.jpg,
Spathiphyllum humboldtii,335116698,https://www.inaturalist.org/observations/335116698,608309193,https://inaturalist-open-data.s3.amazonaws.com/photos/608309193/original.jpg,cc-by-nc,"(c) Julien Piolain, some rights reserved (CC BY-NC)",jpiolain,Julien Piolain,2026-01-10,"Montsinéry-Tonnégrande, GF-CY, GF",research,False,4.8511671067,-52.4967263718,1536,2048,no,humboldtii/inat-335116698-608309193-jpiolain.jpg,
Spathiphyllum humboldtii,335116698,https://www.inaturalist.org/observations/335116698,608309205,https://inaturalist-open-data.s3.amazonaws.com/photos/608309205/original.jpg,cc-by-nc,"(c) Julien Piolain, some rights reserved (CC BY-NC)",jpiolain,Julien Piolain,2026-01-10,"Montsinéry-Tonnégrande, GF-CY, GF",research,False,4.8511671067,-52.4967263718,2048,1536,no,humboldtii/inat-335116698-608309205-jpiolain.jpg,
Spathiphyllum humboldtii,335116698,https://www.inaturalist.org/observations/335116698,608309216,https://inaturalist-open-data.s3.amazonaws.com/photos/608309216/original.jpg,cc-by-nc,"(c) Julien Piolain, some rights reserved (CC BY-NC)",jpiolain,Julien Piolain,2026-01-10,"Montsinéry-Tonnégrande, GF-CY, GF",research,False,4.8511671067,-52.4967263718,2048,1536,no,humboldtii/inat-335116698-608309216-jpiolain.jpg,
Spathiphyllum humboldtii,335116698,https://www.inaturalist.org/observations/335116698,608309214,https://inaturalist-open-data.s3.amazonaws.com/photos/608309214/original.jpg,cc-by-nc,"(c) Julien Piolain, some rights reserved (CC BY-NC)",jpiolain,Julien Piolain,2026-01-10,"Montsinéry-Tonnégrande, GF-CY, GF",research,False,4.8511671067,-52.4967263718,2048,1536,no,humboldtii/inat-335116698-608309214-jpiolain.jpg,
Spathiphyllum humboldtii,335116698,https://www.inaturalist.org/observations/335116698,608309236,https://inaturalist-open-data.s3.amazonaws.com/photos/608309236/original.jpg,cc-by-nc,"(c) Julien Piolain, some rights reserved (CC BY-NC)",jpiolain,Julien Piolain,2026-01-10,"Montsinéry-Tonnégrande, GF-CY, GF",research,False,4.8511671067,-52.4967263718,2048,1536,no,humboldtii/inat-335116698-608309236-jpiolain.jpg,
Spathiphyllum humboldtii,335116698,https://www.inaturalist.org/observations/335116698,608309241,https://inaturalist-open-data.s3.amazonaws.com/photos/608309241/original.jpg,cc-by-nc,"(c) Julien Piolain, some rights reserved (CC BY-NC)",jpiolain,Julien Piolain,2026-01-10,"Montsinéry-Tonnégrande, GF-CY, GF",research,False,4.8511671067,-52.4967263718,1536,2048,no,humboldtii/inat-335116698-608309241-jpiolain.jpg,
Spathiphyllum humboldtii,335116698,https://www.inaturalist.org/observations/335116698,608309244,https://inaturalist-open-data.s3.amazonaws.com/photos/608309244/original.jpg,cc-by-nc,"(c) Julien Piolain, some rights reserved (CC BY-NC)",jpiolain,Julien Piolain,2026-01-10,"Montsinéry-Tonnégrande, GF-CY, GF",research,False,4.8511671067,-52.4967263718,1536,2048,no,humboldtii/inat-335116698-608309244-jpiolain.jpg,
Spathiphyllum humboldtii,335116698,https://www.inaturalist.org/observations/335116698,608309252,https://inaturalist-open-data.s3.amazonaws.com/photos/608309252/original.jpg,cc-by-nc,"(c) Julien Piolain, some rights reserved (CC BY-NC)",jpiolain,Julien Piolain,2026-01-10,"Montsinéry-Tonnégrande, GF-CY, GF",research,False,4.8511671067,-52.4967263718,2048,1536,no,humboldtii/inat-335116698-608309252-jpiolain.jpg,
Spathiphyllum humboldtii,335116698,https://www.inaturalist.org/observations/335116698,608309261,https://inaturalist-open-data.s3.amazonaws.com/photos/608309261/original.jpg,cc-by-nc,"(c) Julien Piolain, some rights reserved (CC BY-NC)",jpiolain,Julien Piolain,2026-01-10,"Montsinéry-Tonnégrande, GF-CY, GF",research,False,4.8511671067,-52.4967263718,2048,1536,no,humboldtii/inat-335116698-608309261-jpiolain.jpg,
Spathiphyllum humboldtii,333629341,https://www.inaturalist.org/observations/333629341,605687692,https://inaturalist-open-data.s3.amazonaws.com/photos/605687692/original.jpg,cc-by,"(c) fmunoz, some rights reserved (CC BY)",fmunoz,,2025-12-06,"Saint-Georges (de l'Oyapock), Cayenne, French Guiana",research,False,3.858791,-51.8715529722,1365,2048,no,humboldtii/inat-333629341-605687692-fmunoz.jpg,
Spathiphyllum humboldtii,333629341,https://www.inaturalist.org/observations/333629341,605687700,https://inaturalist-open-data.s3.amazonaws.com/photos/605687700/original.jpg,cc-by,"(c) fmunoz, some rights reserved (CC BY)",fmunoz,,2025-12-06,"Saint-Georges (de l'Oyapock), Cayenne, French Guiana",research,False,3.858791,-51.8715529722,1365,2048,no,humboldtii/inat-333629341-605687700-fmunoz.jpg,
Spathiphyllum humboldtii,333629341,https://www.inaturalist.org/observations/333629341,605687701,https://inaturalist-open-data.s3.amazonaws.com/photos/605687701/original.jpg,cc-by,"(c) fmunoz, some rights reserved (CC BY)",fmunoz,,2025-12-06,"Saint-Georges (de l'Oyapock), Cayenne, French Guiana",research,False,3.858791,-51.8715529722,922,2048,no,humboldtii/inat-333629341-605687701-fmunoz.jpg,
Spathiphyllum humboldtii,277851393,https://www.inaturalist.org/observations/277851393,498903101,https://inaturalist-open-data.s3.amazonaws.com/photos/498903101/original.jpg,cc-by-nc,"(c) pelletier_vincent973, some rights reserved (CC BY-NC)",pelletier_vincent973,,2025-04-28,"Montsinéry-Tonnegrande 97356, Guyane française",needs_id,False,4.7836847129,-52.5087913144,2048,1536,no,humboldtii/inat-277851393-498903101-pelletier_vincent973.jpg,
Spathiphyllum humboldtii,277756161,https://www.inaturalist.org/observations/277756161,610145891,https://inaturalist-open-data.s3.amazonaws.com/photos/610145891/original.jpg,cc-by-nc,"(c) Nils Servientis - Bivouac Naturaliste, some rights reserved (CC BY-NC)",botanils,Nils Servientis - Bivouac Naturaliste,2025-04-25,"Roura, Cayenne, French Guiana",needs_id,False,4.55694872,-52.45168247,2048,1365,no,humboldtii/inat-277756161-610145891-botanils.jpg,
Spathiphyllum humboldtii,277189697,https://www.inaturalist.org/observations/277189697,497715175,https://inaturalist-open-data.s3.amazonaws.com/photos/497715175/original.jpg,cc-by-nc,"(c) Guillaume Léotard, some rights reserved (CC BY-NC)",guillaume_leotard,Guillaume Léotard,2025-04-26,"Roura 97352, Guyane française",research,False,4.62764,-52.306952,2048,1536,no,humboldtii/inat-277189697-497715175-guillaume_leotard.jpg,
Spathiphyllum humboldtii,277189697,https://www.inaturalist.org/observations/277189697,497715179,https://inaturalist-open-data.s3.amazonaws.com/photos/497715179/original.jpg,cc-by-nc,"(c) Guillaume Léotard, some rights reserved (CC BY-NC)",guillaume_leotard,Guillaume Léotard,2025-04-26,"Roura 97352, Guyane française",research,False,4.62764,-52.306952,2048,1536,no,humboldtii/inat-277189697-497715179-guillaume_leotard.jpg,
Spathiphyllum humboldtii,277189697,https://www.inaturalist.org/observations/277189697,497715181,https://inaturalist-open-data.s3.amazonaws.com/photos/497715181/original.jpg,cc-by-nc,"(c) Guillaume Léotard, some rights reserved (CC BY-NC)",guillaume_leotard,Guillaume Léotard,2025-04-26,"Roura 97352, Guyane française",research,False,4.62764,-52.306952,1536,2048,no,humboldtii/inat-277189697-497715181-guillaume_leotard.jpg,
Spathiphyllum humboldtii,273089663,https://www.inaturalist.org/observations/273089663,491244967,https://inaturalist-open-data.s3.amazonaws.com/photos/491244967/original.jpg,cc-by-nc,"(c) Robin Heymans, some rights reserved (CC BY-NC)",robin_heymans,Robin Heymans,2025-04-25,"Remire-Montjoly 97354, Guyane française",research,False,4.8769922222,-52.2624664167,1536,2048,no,humboldtii/inat-273089663-491244967-robin_heymans.jpg,
Spathiphyllum humboldtii,273089663,https://www.inaturalist.org/observations/273089663,491244912,https://inaturalist-open-data.s3.amazonaws.com/photos/491244912/original.jpg,cc-by-nc,"(c) Robin Heymans, some rights reserved (CC BY-NC)",robin_heymans,Robin Heymans,2025-04-25,"Remire-Montjoly 97354, Guyane française",research,False,4.8769922222,-52.2624664167,1536,2048,no,humboldtii/inat-273089663-491244912-robin_heymans.jpg,
Spathiphyllum humboldtii,273089663,https://www.inaturalist.org/observations/273089663,491244850,https://inaturalist-open-data.s3.amazonaws.com/photos/491244850/original.jpg,cc-by-nc,"(c) Robin Heymans, some rights reserved (CC BY-NC)",robin_heymans,Robin Heymans,2025-04-25,"Remire-Montjoly 97354, Guyane française",research,False,4.8769922222,-52.2624664167,1536,2048,no,humboldtii/inat-273089663-491244850-robin_heymans.jpg,
Spathiphyllum humboldtii,257399843,https://www.inaturalist.org/observations/257399843,461728538,https://inaturalist-open-data.s3.amazonaws.com/photos/461728538/original.jpg,cc-by-nc,"(c) Guillaume Léotard, some rights reserved (CC BY-NC)",guillaume_leotard,Guillaume Léotard,2024-12-28,"Saint-Georges 97313, Guyane française",research,False,3.8049657215,-51.8886428928,1536,2048,no,humboldtii/inat-257399843-461728538-guillaume_leotard.jpg,
Spathiphyllum humboldtii,257399843,https://www.inaturalist.org/observations/257399843,461729286,https://inaturalist-open-data.s3.amazonaws.com/photos/461729286/original.jpg,cc-by-nc,"(c) Guillaume Léotard, some rights reserved (CC BY-NC)",guillaume_leotard,Guillaume Léotard,2024-12-28,"Saint-Georges 97313, Guyane française",research,False,3.8049657215,-51.8886428928,1536,2048,no,humboldtii/inat-257399843-461729286-guillaume_leotard.jpg,
Spathiphyllum humboldtii,256759483,https://www.inaturalist.org/observations/256759483,460429708,https://inaturalist-open-data.s3.amazonaws.com/photos/460429708/original.jpg,cc-by-nc-sa,"(c) anonyme973, some rights reserved (CC BY-NC-SA)",anonyme973,,2024-12-29,"Saint-Georges (de l'Oyapock), Cayenne, French Guiana",research,False,3.9120637,-51.8296587,1536,2048,no,humboldtii/inat-256759483-460429708-anonyme973.jpg,
Spathiphyllum humboldtii,256759483,https://www.inaturalist.org/observations/256759483,460429710,https://inaturalist-open-data.s3.amazonaws.com/photos/460429710/original.jpg,cc-by-nc-sa,"(c) anonyme973, some rights reserved (CC BY-NC-SA)",anonyme973,,2024-12-29,"Saint-Georges (de l'Oyapock), Cayenne, French Guiana",research,False,3.9120637,-51.8296587,1536,2048,no,humboldtii/inat-256759483-460429710-anonyme973.jpg,
Spathiphyllum humboldtii,256759483,https://www.inaturalist.org/observations/256759483,460429724,https://inaturalist-open-data.s3.amazonaws.com/photos/460429724/original.jpg,cc-by-nc-sa,"(c) anonyme973, some rights reserved (CC BY-NC-SA)",anonyme973,,2024-12-29,"Saint-Georges (de l'Oyapock), Cayenne, French Guiana",research,False,3.9120637,-51.8296587,1536,2048,no,humboldtii/inat-256759483-460429724-anonyme973.jpg,
Spathiphyllum humboldtii,256759483,https://www.inaturalist.org/observations/256759483,460429727,https://inaturalist-open-data.s3.amazonaws.com/photos/460429727/original.jpg,cc-by-nc-sa,"(c) anonyme973, some rights reserved (CC BY-NC-SA)",anonyme973,,2024-12-29,"Saint-Georges (de l'Oyapock), Cayenne, French Guiana",research,False,3.9120637,-51.8296587,1536,2048,no,humboldtii/inat-256759483-460429727-anonyme973.jpg,
Spathiphyllum humboldtii,256759483,https://www.inaturalist.org/observations/256759483,460429725,https://inaturalist-open-data.s3.amazonaws.com/photos/460429725/original.jpg,cc-by-nc-sa,"(c) anonyme973, some rights reserved (CC BY-NC-SA)",anonyme973,,2024-12-29,"Saint-Georges (de l'Oyapock), Cayenne, French Guiana",research,False,3.9120637,-51.8296587,1536,2048,no,humboldtii/inat-256759483-460429725-anonyme973.jpg,
Spathiphyllum humboldtii,256759483,https://www.inaturalist.org/observations/256759483,460429737,https://inaturalist-open-data.s3.amazonaws.com/photos/460429737/original.jpg,cc-by-nc-sa,"(c) anonyme973, some rights reserved (CC BY-NC-SA)",anonyme973,,2024-12-29,"Saint-Georges (de l'Oyapock), Cayenne, French Guiana",research,False,3.9120637,-51.8296587,1536,2048,no,humboldtii/inat-256759483-460429737-anonyme973.jpg,
Spathiphyllum humboldtii,256759483,https://www.inaturalist.org/observations/256759483,460429742,https://inaturalist-open-data.s3.amazonaws.com/photos/460429742/original.jpg,cc-by-nc-sa,"(c) anonyme973, some rights reserved (CC BY-NC-SA)",anonyme973,,2024-12-29,"Saint-Georges (de l'Oyapock), Cayenne, French Guiana",research,False,3.9120637,-51.8296587,1536,2048,no,humboldtii/inat-256759483-460429742-anonyme973.jpg,
Spathiphyllum humboldtii,256758045,https://www.inaturalist.org/observations/256758045,460425209,https://inaturalist-open-data.s3.amazonaws.com/photos/460425209/original.jpg,cc-by-nc-sa,"(c) anonyme973, some rights reserved (CC BY-NC-SA)",anonyme973,,2024-12-28,"Saint-Georges (de l'Oyapock), GF-CY, GF",research,False,3.8031544962,-51.8897401017,1536,2048,no,humboldtii/inat-256758045-460425209-anonyme973.jpg,
Spathiphyllum humboldtii,256758045,https://www.inaturalist.org/observations/256758045,460425218,https://inaturalist-open-data.s3.amazonaws.com/photos/460425218/original.jpg,cc-by-nc-sa,"(c) anonyme973, some rights reserved (CC BY-NC-SA)",anonyme973,,2024-12-28,"Saint-Georges (de l'Oyapock), GF-CY, GF",research,False,3.8031544962,-51.8897401017,1536,2048,no,humboldtii/inat-256758045-460425218-anonyme973.jpg,
Spathiphyllum humboldtii,212509493,https://www.inaturalist.org/observations/212509493,375538808,https://inaturalist-open-data.s3.amazonaws.com/photos/375538808/original.jpg,cc-by-nc,"(c) Guillaume Léotard, some rights reserved (CC BY-NC)",guillaume_leotard,Guillaume Léotard,2024-04-29,"Matoury 97351, Guyane française",research,False,4.843402,-52.336897,1536,2048,no,humboldtii/inat-212509493-375538808-guillaume_leotard.jpg,
Spathiphyllum humboldtii,212509493,https://www.inaturalist.org/observations/212509493,375538830,https://inaturalist-open-data.s3.amazonaws.com/photos/375538830/original.jpg,cc-by-nc,"(c) Guillaume Léotard, some rights reserved (CC BY-NC)",guillaume_leotard,Guillaume Léotard,2024-04-29,"Matoury 97351, Guyane française",research,False,4.843402,-52.336897,1536,2048,no,humboldtii/inat-212509493-375538830-guillaume_leotard.jpg,
Spathiphyllum humboldtii,212509493,https://www.inaturalist.org/observations/212509493,375538832,https://inaturalist-open-data.s3.amazonaws.com/photos/375538832/original.jpg,cc-by-nc,"(c) Guillaume Léotard, some rights reserved (CC BY-NC)",guillaume_leotard,Guillaume Léotard,2024-04-29,"Matoury 97351, Guyane française",research,False,4.843402,-52.336897,1536,2048,no,humboldtii/inat-212509493-375538832-guillaume_leotard.jpg,
Spathiphyllum humboldtii,200186988,https://www.inaturalist.org/observations/200186988,353144365,https://inaturalist-open-data.s3.amazonaws.com/photos/353144365/original.jpeg,cc-by-nc,"(c) Sébastien SANT, some rights reserved (CC BY-NC)",sebsant,Sébastien SANT,2019-03-07,"Saül 97314, Guyane française, Roche Dachine.",research,False,3.4676189423,-53.2344894409,1365,2048,no,humboldtii/inat-200186988-353144365-sebsant.jpeg,
Spathiphyllum humboldtii,200186988,https://www.inaturalist.org/observations/200186988,353144799,https://inaturalist-open-data.s3.amazonaws.com/photos/353144799/original.jpeg,cc-by-nc,"(c) Sébastien SANT, some rights reserved (CC BY-NC)",sebsant,Sébastien SANT,2019-03-07,"Saül 97314, Guyane française, Roche Dachine.",research,False,3.4676189423,-53.2344894409,1365,2048,no,humboldtii/inat-200186988-353144799-sebsant.jpeg,
Spathiphyllum humboldtii,200186650,https://www.inaturalist.org/observations/200186650,353143814,https://inaturalist-open-data.s3.amazonaws.com/photos/353143814/original.jpeg,cc-by-nc,"(c) Sébastien SANT, some rights reserved (CC BY-NC)",sebsant,Sébastien SANT,2021-01-29,"Camopi 97330, Guyane française, Crique Mémora",research,False,3.3291931152,-52.235824585,2048,1536,no,humboldtii/inat-200186650-353143814-sebsant.jpeg,
Spathiphyllum humboldtii,200186650,https://www.inaturalist.org/observations/200186650,353144048,https://inaturalist-open-data.s3.amazonaws.com/photos/353144048/original.jpeg,cc-by-nc,"(c) Sébastien SANT, some rights reserved (CC BY-NC)",sebsant,Sébastien SANT,2021-01-29,"Camopi 97330, Guyane française, Crique Mémora",research,False,3.3291931152,-52.235824585,2048,1536,no,humboldtii/inat-200186650-353144048-sebsant.jpeg,
Spathiphyllum humboldtii,200186650,https://www.inaturalist.org/observations/200186650,353144053,https://inaturalist-open-data.s3.amazonaws.com/photos/353144053/original.jpeg,cc-by-nc,"(c) Sébastien SANT, some rights reserved (CC BY-NC)",sebsant,Sébastien SANT,2021-01-29,"Camopi 97330, Guyane française, Crique Mémora",research,False,3.3291931152,-52.235824585,1536,2048,no,humboldtii/inat-200186650-353144053-sebsant.jpeg,
Spathiphyllum humboldtii,200186650,https://www.inaturalist.org/observations/200186650,353144061,https://inaturalist-open-data.s3.amazonaws.com/photos/353144061/original.jpeg,cc-by-nc,"(c) Sébastien SANT, some rights reserved (CC BY-NC)",sebsant,Sébastien SANT,2021-01-29,"Camopi 97330, Guyane française, Crique Mémora",research,False,3.3291931152,-52.235824585,2048,1536,no,humboldtii/inat-200186650-353144061-sebsant.jpeg,
Spathiphyllum humboldtii,194847177,https://www.inaturalist.org/observations/194847177,342614232,https://inaturalist-open-data.s3.amazonaws.com/photos/342614232/original.jpeg,cc-by-nc,"(c) accidentalshrike, some rights reserved (CC BY-NC)",accidentalshrike,,2023-12-24,"Parc Naturel Régional de la Guyane, Place gaston monerville, 97311, Guyane française",research,False,4.5542583333,-52.4491916667,1507,2048,no,humboldtii/inat-194847177-342614232-accidentalshrike.jpeg,
Spathiphyllum humboldtii,194847177,https://www.inaturalist.org/observations/194847177,342614246,https://inaturalist-open-data.s3.amazonaws.com/photos/342614246/original.jpeg,cc-by-nc,"(c) accidentalshrike, some rights reserved (CC BY-NC)",accidentalshrike,,2023-12-24,"Parc Naturel Régional de la Guyane, Place gaston monerville, 97311, Guyane française",research,False,4.5542583333,-52.4491916667,1700,2048,no,humboldtii/inat-194847177-342614246-accidentalshrike.jpeg,
Spathiphyllum humboldtii,192588581,https://www.inaturalist.org/observations/192588581,338118831,https://inaturalist-open-data.s3.amazonaws.com/photos/338118831/original.jpeg,cc-by-nc,"(c) Jessica Launay, some rights reserved (CC BY-NC)",citronnelle_50,Jessica Launay,2023-11-25,"Saint-Georges (de l'Oyapock), GF-CY, GF",research,False,3.8156543834,-51.8976421282,1536,2048,no,humboldtii/inat-192588581-338118831-citronnelle_50.jpeg,
Spathiphyllum humboldtii,192588581,https://www.inaturalist.org/observations/192588581,338118860,https://inaturalist-open-data.s3.amazonaws.com/photos/338118860/original.jpeg,cc-by-nc,"(c) Jessica Launay, some rights reserved (CC BY-NC)",citronnelle_50,Jessica Launay,2023-11-25,"Saint-Georges (de l'Oyapock), GF-CY, GF",research,False,3.8156543834,-51.8976421282,1536,2048,no,humboldtii/inat-192588581-338118860-citronnelle_50.jpeg,
Spathiphyllum humboldtii,192588581,https://www.inaturalist.org/observations/192588581,338118874,https://inaturalist-open-data.s3.amazonaws.com/photos/338118874/original.jpeg,cc-by-nc,"(c) Jessica Launay, some rights reserved (CC BY-NC)",citronnelle_50,Jessica Launay,2023-11-25,"Saint-Georges (de l'Oyapock), GF-CY, GF",research,False,3.8156543834,-51.8976421282,1536,2048,no,humboldtii/inat-192588581-338118874-citronnelle_50.jpeg,
Spathiphyllum humboldtii,192550438,https://www.inaturalist.org/observations/192550438,338044715,https://inaturalist-open-data.s3.amazonaws.com/photos/338044715/original.jpg,cc-by-nc,"(c) Robin Heymans, some rights reserved (CC BY-NC)",robin_heymans,Robin Heymans,2023-09-15,"Sinnamary 97315, Guyane française",needs_id,False,5.3565921667,-52.9480590556,1536,2048,no,humboldtii/inat-192550438-338044715-robin_heymans.jpg,
Spathiphyllum humboldtii,173845567,https://www.inaturalist.org/observations/173845567,301945441,https://inaturalist-open-data.s3.amazonaws.com/photos/301945441/original.jpg,cc-by-nc,"(c) Jessica Launay, some rights reserved (CC BY-NC)",citronnelle_50,Jessica Launay,2023-07-14,"Régina 97390, Guyane française",research,False,4.2141396,-52.1883379,1153,2048,no,humboldtii/inat-173845567-301945441-citronnelle_50.jpg,
Spathiphyllum humboldtii,173845567,https://www.inaturalist.org/observations/173845567,301946974,https://inaturalist-open-data.s3.amazonaws.com/photos/301946974/original.jpg,cc-by-nc,"(c) Jessica Launay, some rights reserved (CC BY-NC)",citronnelle_50,Jessica Launay,2023-07-14,"Régina 97390, Guyane française",research,False,4.2141396,-52.1883379,2048,1153,no,humboldtii/inat-173845567-301946974-citronnelle_50.jpg,
Spathiphyllum humboldtii,160660311,https://www.inaturalist.org/observations/160660311,277638654,https://inaturalist-open-data.s3.amazonaws.com/photos/277638654/original.jpeg,cc-by-nc,"(c) Olivier Fortune - Isabelle Delafosse, some rights reserved (CC BY-NC)",olivier_fortune,Olivier Fortune - Isabelle Delafosse,2021-01-08,"Bagne des annamites, Montsinéry-Tonnegrande 97356, Guyane française",research,False,4.8326916667,-52.5124233333,2048,1536,no,humboldtii/inat-160660311-277638654-olivier_fortune.jpeg,
Spathiphyllum humboldtii,160660311,https://www.inaturalist.org/observations/160660311,277638936,https://inaturalist-open-data.s3.amazonaws.com/photos/277638936/original.jpeg,cc-by-nc,"(c) Olivier Fortune - Isabelle Delafosse, some rights reserved (CC BY-NC)",olivier_fortune,Olivier Fortune - Isabelle Delafosse,2021-01-08,"Bagne des annamites, Montsinéry-Tonnegrande 97356, Guyane française",research,False,4.8326916667,-52.5124233333,2048,1536,no,humboldtii/inat-160660311-277638936-olivier_fortune.jpeg,
Spathiphyllum humboldtii,160660311,https://www.inaturalist.org/observations/160660311,277638992,https://inaturalist-open-data.s3.amazonaws.com/photos/277638992/original.jpeg,cc-by-nc,"(c) Olivier Fortune - Isabelle Delafosse, some rights reserved (CC BY-NC)",olivier_fortune,Olivier Fortune - Isabelle Delafosse,2021-01-08,"Bagne des annamites, Montsinéry-Tonnegrande 97356, Guyane française",research,False,4.8326916667,-52.5124233333,2048,1485,no,humboldtii/inat-160660311-277638992-olivier_fortune.jpeg,
Spathiphyllum humboldtii,149345872,https://www.inaturalist.org/observations/149345872,257329663,https://inaturalist-open-data.s3.amazonaws.com/photos/257329663/original.jpeg,cc-by-nc,"(c) Robin Heymans, some rights reserved (CC BY-NC)",robin_heymans,Robin Heymans,2023-02-21,"Saint-Laurent-du-Maroni 97320, Guyane française",research,False,5.504455,-54.0197582997,1536,2048,no,humboldtii/inat-149345872-257329663-robin_heymans.jpeg,
Spathiphyllum humboldtii,149345872,https://www.inaturalist.org/observations/149345872,257329715,https://inaturalist-open-data.s3.amazonaws.com/photos/257329715/original.jpeg,cc-by-nc,"(c) Robin Heymans, some rights reserved (CC BY-NC)",robin_heymans,Robin Heymans,2023-02-21,"Saint-Laurent-du-Maroni 97320, Guyane française",research,False,5.504455,-54.0197582997,1536,2048,no,humboldtii/inat-149345872-257329715-robin_heymans.jpeg,
Spathiphyllum humboldtii,149345872,https://www.inaturalist.org/observations/149345872,257329753,https://inaturalist-open-data.s3.amazonaws.com/photos/257329753/original.jpeg,cc-by-nc,"(c) Robin Heymans, some rights reserved (CC BY-NC)",robin_heymans,Robin Heymans,2023-02-21,"Saint-Laurent-du-Maroni 97320, Guyane française",research,False,5.504455,-54.0197582997,1536,2048,no,humboldtii/inat-149345872-257329753-robin_heymans.jpeg,
Spathiphyllum humboldtii,148558559,https://www.inaturalist.org/observations/148558559,255848249,https://inaturalist-open-data.s3.amazonaws.com/photos/255848249/original.jpg,cc-by-nc,"(c) Nils Servientis - Bivouac Naturaliste, some rights reserved (CC BY-NC)",botanils,Nils Servientis - Bivouac Naturaliste,2023-01-24,"Matoury, Cayenne, French Guiana",research,False,4.8573138,-52.335849,1365,2048,no,humboldtii/inat-148558559-255848249-botanils.jpg,
Spathiphyllum humboldtii,148558559,https://www.inaturalist.org/observations/148558559,255848278,https://inaturalist-open-data.s3.amazonaws.com/photos/255848278/original.jpg,cc-by-nc,"(c) Nils Servientis - Bivouac Naturaliste, some rights reserved (CC BY-NC)",botanils,Nils Servientis - Bivouac Naturaliste,2023-01-24,"Matoury, Cayenne, French Guiana",research,False,4.8573138,-52.335849,2048,1365,no,humboldtii/inat-148558559-255848278-botanils.jpg,
Spathiphyllum humboldtii,148558559,https://www.inaturalist.org/observations/148558559,255848298,https://inaturalist-open-data.s3.amazonaws.com/photos/255848298/original.jpg,cc-by-nc,"(c) Nils Servientis - Bivouac Naturaliste, some rights reserved (CC BY-NC)",botanils,Nils Servientis - Bivouac Naturaliste,2023-01-24,"Matoury, Cayenne, French Guiana",research,False,4.8573138,-52.335849,2048,1365,no,humboldtii/inat-148558559-255848298-botanils.jpg,
Spathiphyllum humboldtii,148558559,https://www.inaturalist.org/observations/148558559,255848327,https://inaturalist-open-data.s3.amazonaws.com/photos/255848327/original.jpg,cc-by-nc,"(c) Nils Servientis - Bivouac Naturaliste, some rights reserved (CC BY-NC)",botanils,Nils Servientis - Bivouac Naturaliste,2023-01-24,"Matoury, Cayenne, French Guiana",research,False,4.8573138,-52.335849,2048,1365,no,humboldtii/inat-148558559-255848327-botanils.jpg,
Spathiphyllum humboldtii,148558559,https://www.inaturalist.org/observations/148558559,255848349,https://inaturalist-open-data.s3.amazonaws.com/photos/255848349/original.jpg,cc-by-nc,"(c) Nils Servientis - Bivouac Naturaliste, some rights reserved (CC BY-NC)",botanils,Nils Servientis - Bivouac Naturaliste,2023-01-24,"Matoury, Cayenne, French Guiana",research,False,4.8573138,-52.335849,2048,1365,no,humboldtii/inat-148558559-255848349-botanils.jpg,
Spathiphyllum humboldtii,148558559,https://www.inaturalist.org/observations/148558559,255848361,https://inaturalist-open-data.s3.amazonaws.com/photos/255848361/original.jpg,cc-by-nc,"(c) Nils Servientis - Bivouac Naturaliste, some rights reserved (CC BY-NC)",botanils,Nils Servientis - Bivouac Naturaliste,2023-01-24,"Matoury, Cayenne, French Guiana",research,False,4.8573138,-52.335849,1365,2048,no,humboldtii/inat-148558559-255848361-botanils.jpg,
Spathiphyllum humboldtii,148558559,https://www.inaturalist.org/observations/148558559,255848387,https://inaturalist-open-data.s3.amazonaws.com/photos/255848387/original.jpg,cc-by-nc,"(c) Nils Servientis - Bivouac Naturaliste, some rights reserved (CC BY-NC)",botanils,Nils Servientis - Bivouac Naturaliste,2023-01-24,"Matoury, Cayenne, French Guiana",research,False,4.8573138,-52.335849,2048,1365,no,humboldtii/inat-148558559-255848387-botanils.jpg,
Spathiphyllum humboldtii,148558559,https://www.inaturalist.org/observations/148558559,255848408,https://inaturalist-open-data.s3.amazonaws.com/photos/255848408/original.jpg,cc-by-nc,"(c) Nils Servientis - Bivouac Naturaliste, some rights reserved (CC BY-NC)",botanils,Nils Servientis - Bivouac Naturaliste,2023-01-24,"Matoury, Cayenne, French Guiana",research,False,4.8573138,-52.335849,2048,1365,no,humboldtii/inat-148558559-255848408-botanils.jpg,
Spathiphyllum humboldtii,147304903,https://www.inaturalist.org/observations/147304903,253488777,https://static.inaturalist.org/photos/253488777/original.jpg,all-rights-reserved,"(c) gabrielly_delamarche, all rights reserved",gabrielly_delamarche,,2023-01-24,"Matoury, GF",research,False,4.8572133333,-52.3358633333,1536,2048,no,humboldtii/inat-147304903-253488777-gabrielly_delamarche.jpg,
Spathiphyllum humboldtii,147304903,https://www.inaturalist.org/observations/147304903,253488783,https://static.inaturalist.org/photos/253488783/original.jpg,all-rights-reserved,"(c) gabrielly_delamarche, all rights reserved",gabrielly_delamarche,,2023-01-24,"Matoury, GF",research,False,4.8572133333,-52.3358633333,1536,2048,no,humboldtii/inat-147304903-253488783-gabrielly_delamarche.jpg,
Spathiphyllum humboldtii,147304903,https://www.inaturalist.org/observations/147304903,253488793,https://static.inaturalist.org/photos/253488793/original.jpg,all-rights-reserved,"(c) gabrielly_delamarche, all rights reserved",gabrielly_delamarche,,2023-01-24,"Matoury, GF",research,False,4.8572133333,-52.3358633333,1536,2048,no,humboldtii/inat-147304903-253488793-gabrielly_delamarche.jpg,
Spathiphyllum humboldtii,147304903,https://www.inaturalist.org/observations/147304903,253488915,https://static.inaturalist.org/photos/253488915/original.jpg,all-rights-reserved,"(c) gabrielly_delamarche, all rights reserved",gabrielly_delamarche,,2023-01-24,"Matoury, GF",research,False,4.8572133333,-52.3358633333,1536,2048,no,humboldtii/inat-147304903-253488915-gabrielly_delamarche.jpg,
Spathiphyllum humboldtii,146179410,https://www.inaturalist.org/observations/146179410,251258416,https://inaturalist-open-data.s3.amazonaws.com/photos/251258416/original.jpg,cc-by-nc,"(c) Julien Piolain, some rights reserved (CC BY-NC)",jpiolain,Julien Piolain,2023-01-07,"Sinnamary 97315, Guyane française",research,False,5.2929215425,-53.051127753,1152,2048,no,humboldtii/inat-146179410-251258416-jpiolain.jpg,
Spathiphyllum humboldtii,146179410,https://www.inaturalist.org/observations/146179410,251258434,https://inaturalist-open-data.s3.amazonaws.com/photos/251258434/original.jpg,cc-by-nc,"(c) Julien Piolain, some rights reserved (CC BY-NC)",jpiolain,Julien Piolain,2023-01-07,"Sinnamary 97315, Guyane française",research,False,5.2929215425,-53.051127753,1152,2048,no,humboldtii/inat-146179410-251258434-jpiolain.jpg,
Spathiphyllum humboldtii,146179410,https://www.inaturalist.org/observations/146179410,251258451,https://inaturalist-open-data.s3.amazonaws.com/photos/251258451/original.jpg,cc-by-nc,"(c) Julien Piolain, some rights reserved (CC BY-NC)",jpiolain,Julien Piolain,2023-01-07,"Sinnamary 97315, Guyane française",research,False,5.2929215425,-53.051127753,1152,2048,no,humboldtii/inat-146179410-251258451-jpiolain.jpg,
Spathiphyllum humboldtii,146179410,https://www.inaturalist.org/observations/146179410,251258465,https://inaturalist-open-data.s3.amazonaws.com/photos/251258465/original.jpg,cc-by-nc,"(c) Julien Piolain, some rights reserved (CC BY-NC)",jpiolain,Julien Piolain,2023-01-07,"Sinnamary 97315, Guyane française",research,False,5.2929215425,-53.051127753,1152,2048,no,humboldtii/inat-146179410-251258465-jpiolain.jpg,
Spathiphyllum humboldtii,146179410,https://www.inaturalist.org/observations/146179410,251258484,https://inaturalist-open-data.s3.amazonaws.com/photos/251258484/original.jpg,cc-by-nc,"(c) Julien Piolain, some rights reserved (CC BY-NC)",jpiolain,Julien Piolain,2023-01-07,"Sinnamary 97315, Guyane française",research,False,5.2929215425,-53.051127753,1152,2048,no,humboldtii/inat-146179410-251258484-jpiolain.jpg,
Spathiphyllum humboldtii,146179410,https://www.inaturalist.org/observations/146179410,251258504,https://inaturalist-open-data.s3.amazonaws.com/photos/251258504/original.jpg,cc-by-nc,"(c) Julien Piolain, some rights reserved (CC BY-NC)",jpiolain,Julien Piolain,2023-01-07,"Sinnamary 97315, Guyane française",research,False,5.2929215425,-53.051127753,1152,2048,no,humboldtii/inat-146179410-251258504-jpiolain.jpg,
Spathiphyllum humboldtii,144619987,https://www.inaturalist.org/observations/144619987,248251652,https://inaturalist-open-data.s3.amazonaws.com/photos/248251652/original.jpeg,cc-by,"(c) Guillaume Delaitre, some rights reserved (CC BY)",guillaume_delaitre,Guillaume Delaitre,2022-12-12,"Roura 97352, Guyane française",research,False,4.121915,-52.6177009722,1150,2048,no,humboldtii/inat-144619987-248251652-guillaume_delaitre.jpeg,
Spathiphyllum humboldtii,144619987,https://www.inaturalist.org/observations/144619987,248251663,https://inaturalist-open-data.s3.amazonaws.com/photos/248251663/original.jpeg,cc-by,"(c) Guillaume Delaitre, some rights reserved (CC BY)",guillaume_delaitre,Guillaume Delaitre,2022-12-12,"Roura 97352, Guyane française",research,False,4.121915,-52.6177009722,1150,2048,no,humboldtii/inat-144619987-248251663-guillaume_delaitre.jpeg,
Spathiphyllum humboldtii,107578719,https://www.inaturalist.org/observations/107578719,180960890,https://inaturalist-open-data.s3.amazonaws.com/photos/180960890/original.jpeg,cc-by,"(c) Guillaume Delaitre, some rights reserved (CC BY)",guillaume_delaitre,Guillaume Delaitre,2022-02-19,"Régina, Guyane française",research,False,4.079537,-52.683857,1150,2048,no,humboldtii/inat-107578719-180960890-guillaume_delaitre.jpeg,
Spathiphyllum humboldtii,107578719,https://www.inaturalist.org/observations/107578719,180963436,https://inaturalist-open-data.s3.amazonaws.com/photos/180963436/original.jpeg,cc-by,"(c) Guillaume Delaitre, some rights reserved (CC BY)",guillaume_delaitre,Guillaume Delaitre,2022-02-19,"Régina, Guyane française",research,False,4.079537,-52.683857,1150,2048,no,humboldtii/inat-107578719-180963436-guillaume_delaitre.jpeg,
Spathiphyllum humboldtii,106022667,https://www.inaturalist.org/observations/106022667,178023310,https://inaturalist-open-data.s3.amazonaws.com/photos/178023310/original.jpeg,cc-by-nc,"(c) Guilherme Cabral, some rights reserved (CC BY-NC)",guilherme_cabral,Guilherme Cabral,2021-11-19,"Itaituba - PA, Brasil",research,False,-4.6875499722,-56.4561059722,1537,2048,no,humboldtii/inat-106022667-178023310-guilherme_cabral.jpeg,
Spathiphyllum humboldtii,106022667,https://www.inaturalist.org/observations/106022667,178023319,https://inaturalist-open-data.s3.amazonaws.com/photos/178023319/original.jpeg,cc-by-nc,"(c) Guilherme Cabral, some rights reserved (CC BY-NC)",guilherme_cabral,Guilherme Cabral,2021-11-19,"Itaituba - PA, Brasil",research,False,-4.6875499722,-56.4561059722,2048,1537,no,humboldtii/inat-106022667-178023319-guilherme_cabral.jpeg,
Spathiphyllum humboldtii,94705528,https://www.inaturalist.org/observations/94705528,157135921,https://inaturalist-open-data.s3.amazonaws.com/photos/157135921/original.jpeg,cc-by-nc,"(c) Sébastien SANT, some rights reserved (CC BY-NC)",sebsant,Sébastien SANT,2016-11-19,"Saül, Guyane française, monts Galbao, Parc Amazonien de Guyane.",research,False,3.6021766667,-53.2751566667,1536,2048,no,humboldtii/inat-94705528-157135921-sebsant.jpeg,
Spathiphyllum humboldtii,94705528,https://www.inaturalist.org/observations/94705528,157136319,https://inaturalist-open-data.s3.amazonaws.com/photos/157136319/original.jpeg,cc-by-nc,"(c) Sébastien SANT, some rights reserved (CC BY-NC)",sebsant,Sébastien SANT,2016-11-19,"Saül, Guyane française, monts Galbao, Parc Amazonien de Guyane.",research,False,3.6021766667,-53.2751566667,1536,2048,no,humboldtii/inat-94705528-157136319-sebsant.jpeg,
Spathiphyllum juninense,337353564,https://www.inaturalist.org/observations/337353564,613244300,https://inaturalist-open-data.s3.amazonaws.com/photos/613244300/original.jpg,cc-by-nc,"(c) Günter Gerlach, some rights reserved (CC BY-NC)",guegerl,Günter Gerlach,2026-02-01,"Provinz Oxapampa, Peru",needs_id,False,-10.1998116667,-75.152975,1200,1798,no,juninense/inat-337353564-613244300-guegerl.jpg,
Spathiphyllum juninense,337353564,https://www.inaturalist.org/observations/337353564,613244303,https://inaturalist-open-data.s3.amazonaws.com/photos/613244303/original.jpg,cc-by-nc,"(c) Günter Gerlach, some rights reserved (CC BY-NC)",guegerl,Günter Gerlach,2026-02-01,"Provinz Oxapampa, Peru",needs_id,False,-10.1998116667,-75.152975,1798,1200,no,juninense/inat-337353564-613244303-guegerl.jpg,
Spathiphyllum juninense,337353564,https://www.inaturalist.org/observations/337353564,613244304,https://inaturalist-open-data.s3.amazonaws.com/photos/613244304/original.jpg,cc-by-nc,"(c) Günter Gerlach, some rights reserved (CC BY-NC)",guegerl,Günter Gerlach,2026-02-01,"Provinz Oxapampa, Peru",needs_id,False,-10.1998116667,-75.152975,1798,1200,no,juninense/inat-337353564-613244304-guegerl.jpg,
Spathiphyllum juninense,337353564,https://www.inaturalist.org/observations/337353564,613244316,https://inaturalist-open-data.s3.amazonaws.com/photos/613244316/original.jpg,cc-by-nc,"(c) Günter Gerlach, some rights reserved (CC BY-NC)",guegerl,Günter Gerlach,2026-02-01,"Provinz Oxapampa, Peru",needs_id,False,-10.1998116667,-75.152975,1798,1200,no,juninense/inat-337353564-613244316-guegerl.jpg,
Spathiphyllum juninense,337353564,https://www.inaturalist.org/observations/337353564,613244318,https://inaturalist-open-data.s3.amazonaws.com/photos/613244318/original.jpg,cc-by-nc,"(c) Günter Gerlach, some rights reserved (CC BY-NC)",guegerl,Günter Gerlach,2026-02-01,"Provinz Oxapampa, Peru",needs_id,False,-10.1998116667,-75.152975,1200,1798,no,juninense/inat-337353564-613244318-guegerl.jpg,
Spathiphyllum juninense,192164637,https://www.inaturalist.org/observations/192164637,337283622,https://inaturalist-open-data.s3.amazonaws.com/photos/337283622/original.jpeg,cc-by-nc,"(c) Nate Hartley, some rights reserved (CC BY-NC)",etantrah,Nate Hartley,2017-08-13,"Manú Province, Peru",needs_id,False,-12.5685425346,-70.0972652435,2048,1536,no,juninense/inat-192164637-337283622-etantrah.jpeg,
Spathiphyllum juninense,192164637,https://www.inaturalist.org/observations/192164637,337283718,https://inaturalist-open-data.s3.amazonaws.com/photos/337283718/original.jpeg,cc-by-nc,"(c) Nate Hartley, some rights reserved (CC BY-NC)",etantrah,Nate Hartley,2017-08-13,"Manú Province, Peru",needs_id,False,-12.5685425346,-70.0972652435,2048,1536,no,juninense/inat-192164637-337283718-etantrah.jpeg,
Spathiphyllum juninense,192164637,https://www.inaturalist.org/observations/192164637,337283715,https://inaturalist-open-data.s3.amazonaws.com/photos/337283715/original.jpeg,cc-by-nc,"(c) Nate Hartley, some rights reserved (CC BY-NC)",etantrah,Nate Hartley,2017-08-13,"Manú Province, Peru",needs_id,False,-12.5685425346,-70.0972652435,2048,1536,no,juninense/inat-192164637-337283715-etantrah.jpeg,
Spathiphyllum juninense,192164637,https://www.inaturalist.org/observations/192164637,337283721,https://inaturalist-open-data.s3.amazonaws.com/photos/337283721/original.jpeg,cc-by-nc,"(c) Nate Hartley, some rights reserved (CC BY-NC)",etantrah,Nate Hartley,2017-08-13,"Manú Province, Peru",needs_id,False,-12.5685425346,-70.0972652435,1536,2048,no,juninense/inat-192164637-337283721-etantrah.jpeg,
Spathiphyllum juninense,192164637,https://www.inaturalist.org/observations/192164637,337283739,https://inaturalist-open-data.s3.amazonaws.com/photos/337283739/original.jpeg,cc-by-nc,"(c) Nate Hartley, some rights reserved (CC BY-NC)",etantrah,Nate Hartley,2017-08-13,"Manú Province, Peru",needs_id,False,-12.5685425346,-70.0972652435,2048,1536,no,juninense/inat-192164637-337283739-etantrah.jpeg,
Spathiphyllum juninense,192164637,https://www.inaturalist.org/observations/192164637,337283745,https://inaturalist-open-data.s3.amazonaws.com/photos/337283745/original.jpeg,cc-by-nc,"(c) Nate Hartley, some rights reserved (CC BY-NC)",etantrah,Nate Hartley,2017-08-13,"Manú Province, Peru",needs_id,False,-12.5685425346,-70.0972652435,2048,1536,no,juninense/inat-192164637-337283745-etantrah.jpeg,
Spathiphyllum juninense,192164637,https://www.inaturalist.org/observations/192164637,337283744,https://inaturalist-open-data.s3.amazonaws.com/photos/337283744/original.jpeg,cc-by-nc,"(c) Nate Hartley, some rights reserved (CC BY-NC)",etantrah,Nate Hartley,2017-08-13,"Manú Province, Peru",needs_id,False,-12.5685425346,-70.0972652435,2048,1536,no,juninense/inat-192164637-337283744-etantrah.jpeg,
Spathiphyllum juninense,192164637,https://www.inaturalist.org/observations/192164637,337283762,https://inaturalist-open-data.s3.amazonaws.com/photos/337283762/original.jpeg,cc-by-nc,"(c) Nate Hartley, some rights reserved (CC BY-NC)",etantrah,Nate Hartley,2017-08-13,"Manú Province, Peru",needs_id,False,-12.5685425346,-70.0972652435,2048,1536,no,juninense/inat-192164637-337283762-etantrah.jpeg,
Spathiphyllum laeve,234945827,https://www.inaturalist.org/observations/234945827,417756971,https://static.inaturalist.org/photos/417756971/original.jpeg,all-rights-reserved,"(c) Marcel Esquivel, all rights reserved",marcelce,Marcel Esquivel,2024-08-10,"Vía 245, Osa, Puntarenas, CR",research,False,8.7510633333,-83.3627783333,1152,2048,no,laeve/inat-234945827-417756971-marcelce.jpeg,
Spathiphyllum laeve,234945827,https://www.inaturalist.org/observations/234945827,417761105,https://static.inaturalist.org/photos/417761105/original.jpeg,all-rights-reserved,"(c) Marcel Esquivel, all rights reserved",marcelce,Marcel Esquivel,2024-08-10,"Vía 245, Osa, Puntarenas, CR",research,False,8.7510633333,-83.3627783333,1152,2048,no,laeve/inat-234945827-417761105-marcelce.jpeg,
Spathiphyllum laeve,234945827,https://www.inaturalist.org/observations/234945827,417761212,https://static.inaturalist.org/photos/417761212/original.jpeg,all-rights-reserved,"(c) Marcel Esquivel, all rights reserved",marcelce,Marcel Esquivel,2024-08-10,"Vía 245, Osa, Puntarenas, CR",research,False,8.7510633333,-83.3627783333,1152,2048,no,laeve/inat-234945827-417761212-marcelce.jpeg,
Spathiphyllum laeve,234945827,https://www.inaturalist.org/observations/234945827,417761324,https://static.inaturalist.org/photos/417761324/original.jpeg,all-rights-reserved,"(c) Marcel Esquivel, all rights reserved",marcelce,Marcel Esquivel,2024-08-10,"Vía 245, Osa, Puntarenas, CR",research,False,8.7510633333,-83.3627783333,1152,2048,no,laeve/inat-234945827-417761324-marcelce.jpeg,
Spathiphyllum laeve,234945827,https://www.inaturalist.org/observations/234945827,417764504,https://static.inaturalist.org/photos/417764504/original.jpeg,all-rights-reserved,"(c) Marcel Esquivel, all rights reserved",marcelce,Marcel Esquivel,2024-08-10,"Vía 245, Osa, Puntarenas, CR",research,False,8.7510633333,-83.3627783333,1152,2048,no,laeve/inat-234945827-417764504-marcelce.jpeg,
Spathiphyllum laeve,234943502,https://www.inaturalist.org/observations/234943502,417751828,https://static.inaturalist.org/photos/417751828/original.jpeg,all-rights-reserved,"(c) Marcel Esquivel, all rights reserved",marcelce,Marcel Esquivel,2024-08-10,"Vía 245, Osa, Puntarenas, CR",research,False,8.751155,-83.36203,1152,2048,no,laeve/inat-234943502-417751828-marcelce.jpeg,
Spathiphyllum laeve,234943502,https://www.inaturalist.org/observations/234943502,417751875,https://static.inaturalist.org/photos/417751875/original.jpeg,all-rights-reserved,"(c) Marcel Esquivel, all rights reserved",marcelce,Marcel Esquivel,2024-08-10,"Vía 245, Osa, Puntarenas, CR",research,False,8.751155,-83.36203,1152,2048,no,laeve/inat-234943502-417751875-marcelce.jpeg,
Spathiphyllum laeve,234943502,https://www.inaturalist.org/observations/234943502,417751922,https://static.inaturalist.org/photos/417751922/original.jpeg,all-rights-reserved,"(c) Marcel Esquivel, all rights reserved",marcelce,Marcel Esquivel,2024-08-10,"Vía 245, Osa, Puntarenas, CR",research,False,8.751155,-83.36203,1152,2048,no,laeve/inat-234943502-417751922-marcelce.jpeg,
Spathiphyllum laeve,234943502,https://www.inaturalist.org/observations/234943502,417752893,https://static.inaturalist.org/photos/417752893/original.jpeg,all-rights-reserved,"(c) Marcel Esquivel, all rights reserved",marcelce,Marcel Esquivel,2024-08-10,"Vía 245, Osa, Puntarenas, CR",research,False,8.751155,-83.36203,1152,2048,no,laeve/inat-234943502-417752893-marcelce.jpeg,
Spathiphyllum laeve,234943502,https://www.inaturalist.org/observations/234943502,417752928,https://static.inaturalist.org/photos/417752928/original.jpeg,all-rights-reserved,"(c) Marcel Esquivel, all rights reserved",marcelce,Marcel Esquivel,2024-08-10,"Vía 245, Osa, Puntarenas, CR",research,False,8.751155,-83.36203,1152,2048,no,laeve/inat-234943502-417752928-marcelce.jpeg,
Spathiphyllum laeve,221187249,https://www.inaturalist.org/observations/221187249,391686820,https://static.inaturalist.org/photos/391686820/original.jpg,all-rights-reserved,"(c) LostInCR, all rights reserved",lostincr,LostInCR,2024-06-07,"Osa, Puntarenas, CR",needs_id,False,8.7492783333,-83.3619166667,1536,2048,no,laeve/inat-221187249-391686820-lostincr.jpg,
Spathiphyllum laeve,221187249,https://www.inaturalist.org/observations/221187249,391686904,https://static.inaturalist.org/photos/391686904/original.jpg,all-rights-reserved,"(c) LostInCR, all rights reserved",lostincr,LostInCR,2024-06-07,"Osa, Puntarenas, CR",needs_id,False,8.7492783333,-83.3619166667,1536,2048,no,laeve/inat-221187249-391686904-lostincr.jpg,
Spathiphyllum laeve,221187249,https://www.inaturalist.org/observations/221187249,391686987,https://static.inaturalist.org/photos/391686987/original.jpg,all-rights-reserved,"(c) LostInCR, all rights reserved",lostincr,LostInCR,2024-06-07,"Osa, Puntarenas, CR",needs_id,False,8.7492783333,-83.3619166667,1536,2048,no,laeve/inat-221187249-391686987-lostincr.jpg,
Spathiphyllum laeve,221187249,https://www.inaturalist.org/observations/221187249,391687049,https://static.inaturalist.org/photos/391687049/original.jpg,all-rights-reserved,"(c) LostInCR, all rights reserved",lostincr,LostInCR,2024-06-07,"Osa, Puntarenas, CR",needs_id,False,8.7492783333,-83.3619166667,1536,2048,no,laeve/inat-221187249-391687049-lostincr.jpg,
Spathiphyllum laeve,199381424,https://www.inaturalist.org/observations/199381424,351607947,https://inaturalist-open-data.s3.amazonaws.com/photos/351607947/original.jpeg,cc-by-nc,"(c) Dirk Mezger, some rights reserved (CC BY-NC)",dirkm,Dirk Mezger,2024-01-07,"Heredia Province, Sarapiqui, Costa Rica",needs_id,False,10.410569439,-84.1185693304,2048,1536,no,laeve/inat-199381424-351607947-dirkm.jpeg,
Spathiphyllum laeve,199381424,https://www.inaturalist.org/observations/199381424,351608388,https://inaturalist-open-data.s3.amazonaws.com/photos/351608388/original.jpeg,cc-by-nc,"(c) Dirk Mezger, some rights reserved (CC BY-NC)",dirkm,Dirk Mezger,2024-01-07,"Heredia Province, Sarapiqui, Costa Rica",needs_id,False,10.410569439,-84.1185693304,2048,1536,no,laeve/inat-199381424-351608388-dirkm.jpeg,
Spathiphyllum laeve,199381424,https://www.inaturalist.org/observations/199381424,351608389,https://inaturalist-open-data.s3.amazonaws.com/photos/351608389/original.jpeg,cc-by-nc,"(c) Dirk Mezger, some rights reserved (CC BY-NC)",dirkm,Dirk Mezger,2024-01-07,"Heredia Province, Sarapiqui, Costa Rica",needs_id,False,10.410569439,-84.1185693304,2048,1536,no,laeve/inat-199381424-351608389-dirkm.jpeg,
Spathiphyllum laeve,199381424,https://www.inaturalist.org/observations/199381424,351608394,https://inaturalist-open-data.s3.amazonaws.com/photos/351608394/original.jpeg,cc-by-nc,"(c) Dirk Mezger, some rights reserved (CC BY-NC)",dirkm,Dirk Mezger,2024-01-07,"Heredia Province, Sarapiqui, Costa Rica",needs_id,False,10.410569439,-84.1185693304,2048,1536,no,laeve/inat-199381424-351608394-dirkm.jpeg,
Spathiphyllum laeve,197017823,https://www.inaturalist.org/observations/197017823,346893330,https://inaturalist-open-data.s3.amazonaws.com/photos/346893330/original.jpeg,cc-by-nc,"(c) ramon_d, some rights reserved (CC BY-NC)",ramon_d,,2024-01-16,"Guna Yala, Guna Yala Comarca, Panama",research,False,9.3131896528,-79.2055067428,2048,1360,no,laeve/inat-197017823-346893330-ramon_d.jpeg,
Spathiphyllum laeve,197017823,https://www.inaturalist.org/observations/197017823,346893402,https://inaturalist-open-data.s3.amazonaws.com/photos/346893402/original.jpeg,cc-by-nc,"(c) ramon_d, some rights reserved (CC BY-NC)",ramon_d,,2024-01-16,"Guna Yala, Guna Yala Comarca, Panama",research,False,9.3131896528,-79.2055067428,2048,1360,no,laeve/inat-197017823-346893402-ramon_d.jpeg,
Spathiphyllum laeve,139823301,https://www.inaturalist.org/observations/139823301,239170501,https://inaturalist-open-data.s3.amazonaws.com/photos/239170501/original.jpeg,cc-by-nc,"(c) Nate Hartley, some rights reserved (CC BY-NC)",etantrah,Nate Hartley,2022-10-08,"Limón Province, Guapiles, Costa Rica",needs_id,False,10.1584866565,-83.9371659121,1151,2048,no,laeve/inat-139823301-239170501-etantrah.jpeg,
Spathiphyllum laeve,139823301,https://www.inaturalist.org/observations/139823301,239170537,https://inaturalist-open-data.s3.amazonaws.com/photos/239170537/original.jpeg,cc-by-nc,"(c) Nate Hartley, some rights reserved (CC BY-NC)",etantrah,Nate Hartley,2022-10-08,"Limón Province, Guapiles, Costa Rica",needs_id,False,10.1584866565,-83.9371659121,2048,1151,no,laeve/inat-139823301-239170537-etantrah.jpeg,
Spathiphyllum laeve,139823301,https://www.inaturalist.org/observations/139823301,239170565,https://inaturalist-open-data.s3.amazonaws.com/photos/239170565/original.jpeg,cc-by-nc,"(c) Nate Hartley, some rights reserved (CC BY-NC)",etantrah,Nate Hartley,2022-10-08,"Limón Province, Guapiles, Costa Rica",needs_id,False,10.1584866565,-83.9371659121,2048,1151,no,laeve/inat-139823301-239170565-etantrah.jpeg,
Spathiphyllum laeve,66557436,https://www.inaturalist.org/observations/66557436,107320404,https://inaturalist-open-data.s3.amazonaws.com/photos/107320404/original.jpg,cc-by-nc,"(c) ramon_d, some rights reserved (CC BY-NC)",ramon_d,,2020-12-11,"Colón Province, Panama",research,False,9.5199009167,-79.5825683265,2048,1536,no,laeve/inat-66557436-107320404-ramon_d.jpg,
Spathiphyllum laeve,66557436,https://www.inaturalist.org/observations/66557436,107320456,https://inaturalist-open-data.s3.amazonaws.com/photos/107320456/original.jpg,cc-by-nc,"(c) ramon_d, some rights reserved (CC BY-NC)",ramon_d,,2020-12-11,"Colón Province, Panama",research,False,9.5199009167,-79.5825683265,2048,1536,no,laeve/inat-66557436-107320456-ramon_d.jpg,
Spathiphyllum lanceifolium,358279547,https://www.inaturalist.org/observations/358279547,653573569,https://static.inaturalist.org/photos/653573569/original.jpg,all-rights-reserved,"(c) Felipe Mesa, all rights reserved",felipemzambrano,Felipe Mesa,2026-04-29,"Rio Claro Reserva Natural, Sonsón, Antioquia, CO",needs_id,False,5.8787116667,-74.8477033333,2048,2048,no,lanceifolium/inat-358279547-653573569-felipemzambrano.jpg,
Spathiphyllum lanceifolium,358279547,https://www.inaturalist.org/observations/358279547,653573643,https://static.inaturalist.org/photos/653573643/original.jpg,all-rights-reserved,"(c) Felipe Mesa, all rights reserved",felipemzambrano,Felipe Mesa,2026-04-29,"Rio Claro Reserva Natural, Sonsón, Antioquia, CO",needs_id,False,5.8787116667,-74.8477033333,2048,2048,no,lanceifolium/inat-358279547-653573643-felipemzambrano.jpg,
Spathiphyllum lanceifolium,358279547,https://www.inaturalist.org/observations/358279547,653573687,https://static.inaturalist.org/photos/653573687/original.jpg,all-rights-reserved,"(c) Felipe Mesa, all rights reserved",felipemzambrano,Felipe Mesa,2026-04-29,"Rio Claro Reserva Natural, Sonsón, Antioquia, CO",needs_id,False,5.8787116667,-74.8477033333,2048,2048,no,lanceifolium/inat-358279547-653573687-felipemzambrano.jpg,
Spathiphyllum lechlerianum,242985078,https://www.inaturalist.org/observations/242985078,433226625,https://inaturalist-open-data.s3.amazonaws.com/photos/433226625/original.jpeg,cc-by-nc,"(c) ocean_bird, some rights reserved (CC BY-NC)",ocean_bird,,2024-09-15,"Puente Tono, Departamento de Madre de Dios, PE",needs_id,False,-12.9064366667,-71.4046166667,1509,2048,no,lechlerianum/inat-242985078-433226625-ocean_bird.jpeg,
Spathiphyllum lechlerianum,144802771,https://www.inaturalist.org/observations/144802771,248602382,https://inaturalist-open-data.s3.amazonaws.com/photos/248602382/original.jpeg,cc-by-nc,"(c) Lucely L. Vilca Bustamante, some rights reserved (CC BY-NC)",lucel_2448,Lucely L. Vilca Bustamante,2022-12-16,"Provincia de Paucartambo, Perú",research,False,-13.0294770763,-71.3355659388,2048,1365,no,lechlerianum/inat-144802771-248602382-lucel_2448.jpeg,
Spathiphyllum lechlerianum,144802771,https://www.inaturalist.org/observations/144802771,248602400,https://inaturalist-open-data.s3.amazonaws.com/photos/248602400/original.jpeg,cc-by-nc,"(c) Lucely L. Vilca Bustamante, some rights reserved (CC BY-NC)",lucel_2448,Lucely L. Vilca Bustamante,2022-12-16,"Provincia de Paucartambo, Perú",research,False,-13.0294770763,-71.3355659388,2048,1365,no,lechlerianum/inat-144802771-248602400-lucel_2448.jpeg,
Spathiphyllum lechlerianum,144802771,https://www.inaturalist.org/observations/144802771,248602393,https://inaturalist-open-data.s3.amazonaws.com/photos/248602393/original.jpeg,cc-by-nc,"(c) Lucely L. Vilca Bustamante, some rights reserved (CC BY-NC)",lucel_2448,Lucely L. Vilca Bustamante,2022-12-16,"Provincia de Paucartambo, Perú",research,False,-13.0294770763,-71.3355659388,1365,2048,no,lechlerianum/inat-144802771-248602393-lucel_2448.jpeg,
Spathiphyllum lechlerianum,144802771,https://www.inaturalist.org/observations/144802771,248602396,https://inaturalist-open-data.s3.amazonaws.com/photos/248602396/original.jpeg,cc-by-nc,"(c) Lucely L. Vilca Bustamante, some rights reserved (CC BY-NC)",lucel_2448,Lucely L. Vilca Bustamante,2022-12-16,"Provincia de Paucartambo, Perú",research,False,-13.0294770763,-71.3355659388,2048,1365,no,lechlerianum/inat-144802771-248602396-lucel_2448.jpeg,
Spathiphyllum lechlerianum,144802771,https://www.inaturalist.org/observations/144802771,248602412,https://inaturalist-open-data.s3.amazonaws.com/photos/248602412/original.jpeg,cc-by-nc,"(c) Lucely L. Vilca Bustamante, some rights reserved (CC BY-NC)",lucel_2448,Lucely L. Vilca Bustamante,2022-12-16,"Provincia de Paucartambo, Perú",research,False,-13.0294770763,-71.3355659388,2048,1365,no,lechlerianum/inat-144802771-248602412-lucel_2448.jpeg,
Spathiphyllum lechlerianum,144802771,https://www.inaturalist.org/observations/144802771,248602415,https://inaturalist-open-data.s3.amazonaws.com/photos/248602415/original.jpeg,cc-by-nc,"(c) Lucely L. Vilca Bustamante, some rights reserved (CC BY-NC)",lucel_2448,Lucely L. Vilca Bustamante,2022-12-16,"Provincia de Paucartambo, Perú",research,False,-13.0294770763,-71.3355659388,2048,1365,no,lechlerianum/inat-144802771-248602415-lucel_2448.jpeg,
Spathiphyllum lechlerianum,89360525,https://www.inaturalist.org/observations/89360525,147556693,https://inaturalist-open-data.s3.amazonaws.com/photos/147556693/original.jpg,cc-by,"(c) Jared Shorma, some rights reserved (CC BY)",blazeclaw,Jared Shorma,2019-10-26,"Madre de Dios, PE",research,False,-12.6590368136,-71.264503198,1536,2048,no,lechlerianum/inat-89360525-147556693-blazeclaw.jpg,
Spathiphyllum lechlerianum,89360525,https://www.inaturalist.org/observations/89360525,147556738,https://inaturalist-open-data.s3.amazonaws.com/photos/147556738/original.jpg,cc-by,"(c) Jared Shorma, some rights reserved (CC BY)",blazeclaw,Jared Shorma,2019-10-26,"Madre de Dios, PE",research,False,-12.6590368136,-71.264503198,1536,2048,no,lechlerianum/inat-89360525-147556738-blazeclaw.jpg,
Spathiphyllum lechlerianum,65440916,https://www.inaturalist.org/observations/65440916,105325716,https://inaturalist-open-data.s3.amazonaws.com/photos/105325716/original.jpeg,cc-by-nc,"(c) Riley Fortier, some rights reserved (CC BY-NC)",rileyfortierii,Riley Fortier,2018-10-01,"Paucartambo Province, Peru",research,False,-13.0207936157,-71.5140159338,1536,2048,no,lechlerianum/inat-65440916-105325716-rileyfortierii.jpeg,
Spathiphyllum lechlerianum,65440916,https://www.inaturalist.org/observations/65440916,105325733,https://inaturalist-open-data.s3.amazonaws.com/photos/105325733/original.jpeg,cc-by-nc,"(c) Riley Fortier, some rights reserved (CC BY-NC)",rileyfortierii,Riley Fortier,2018-10-01,"Paucartambo Province, Peru",research,False,-13.0207936157,-71.5140159338,1536,2048,no,lechlerianum/inat-65440916-105325733-rileyfortierii.jpeg,
Spathiphyllum lechlerianum,65440916,https://www.inaturalist.org/observations/65440916,105325736,https://inaturalist-open-data.s3.amazonaws.com/photos/105325736/original.jpeg,cc-by-nc,"(c) Riley Fortier, some rights reserved (CC BY-NC)",rileyfortierii,Riley Fortier,2018-10-01,"Paucartambo Province, Peru",research,False,-13.0207936157,-71.5140159338,1536,2048,no,lechlerianum/inat-65440916-105325736-rileyfortierii.jpeg,
Spathiphyllum maldonadoanum,339985422,https://www.inaturalist.org/observations/339985422,618601503,https://inaturalist-open-data.s3.amazonaws.com/photos/618601503/original.jpg,cc-by-nc,"(c) Luis Humberto Vicente-Rivera, some rights reserved (CC BY-NC)",luishumbertonambue,Luis Humberto Vicente-Rivera,2022-03-07,"Ocozocoautla de Espinosa, Chis., México",research,False,16.9141977257,-93.5250646407,1365,2048,no,maldonadoanum/inat-339985422-618601503-luishumbertonambue.jpg,
Spathiphyllum maldonadoanum,339985422,https://www.inaturalist.org/observations/339985422,618601537,https://inaturalist-open-data.s3.amazonaws.com/photos/618601537/original.jpg,cc-by-nc,"(c) Luis Humberto Vicente-Rivera, some rights reserved (CC BY-NC)",luishumbertonambue,Luis Humberto Vicente-Rivera,2022-03-07,"Ocozocoautla de Espinosa, Chis., México",research,False,16.9141977257,-93.5250646407,2048,1365,no,maldonadoanum/inat-339985422-618601537-luishumbertonambue.jpg,
Spathiphyllum maldonadoanum,339985422,https://www.inaturalist.org/observations/339985422,618601521,https://inaturalist-open-data.s3.amazonaws.com/photos/618601521/original.jpg,cc-by-nc,"(c) Luis Humberto Vicente-Rivera, some rights reserved (CC BY-NC)",luishumbertonambue,Luis Humberto Vicente-Rivera,2022-03-07,"Ocozocoautla de Espinosa, Chis., México",research,False,16.9141977257,-93.5250646407,1365,2048,no,maldonadoanum/inat-339985422-618601521-luishumbertonambue.jpg,
Spathiphyllum maldonadoanum,339985422,https://www.inaturalist.org/observations/339985422,618601573,https://inaturalist-open-data.s3.amazonaws.com/photos/618601573/original.jpg,cc-by-nc,"(c) Luis Humberto Vicente-Rivera, some rights reserved (CC BY-NC)",luishumbertonambue,Luis Humberto Vicente-Rivera,2022-03-07,"Ocozocoautla de Espinosa, Chis., México",research,False,16.9141977257,-93.5250646407,1365,2048,no,maldonadoanum/inat-339985422-618601573-luishumbertonambue.jpg,
Spathiphyllum maldonadoanum,339683403,https://www.inaturalist.org/observations/339683403,617984172,https://inaturalist-open-data.s3.amazonaws.com/photos/617984172/original.jpg,cc-by,"(c) Juan Cruzado Cortés, some rights reserved (CC BY)",juancruzado,Juan Cruzado Cortés,2026-02-20,"Tacotalpa, MX-TB, MX",research,False,17.3711166667,-92.7315383333,1536,2048,no,maldonadoanum/inat-339683403-617984172-juancruzado.jpg,
Spathiphyllum matudae,383525288,https://www.inaturalist.org/observations/383525288,701958036,https://inaturalist-open-data.s3.amazonaws.com/photos/701958036/original.jpg,cc-by,"(c) Alexis López Hernández, some rights reserved (CC BY)",alexiz,Alexis López Hernández,2026-07-03,"Huixtla, Chis., México",research,False,15.1565902712,-92.4791857668,2048,1536,no,matudae/inat-383525288-701958036-alexiz.jpg,
Spathiphyllum matudae,383525288,https://www.inaturalist.org/observations/383525288,701976620,https://inaturalist-open-data.s3.amazonaws.com/photos/701976620/original.jpg,cc-by,"(c) Alexis López Hernández, some rights reserved (CC BY)",alexiz,Alexis López Hernández,2026-07-03,"Huixtla, Chis., México",research,False,15.1565902712,-92.4791857668,2048,1536,no,matudae/inat-383525288-701976620-alexiz.jpg,
Spathiphyllum matudae,383525288,https://www.inaturalist.org/observations/383525288,701976619,https://inaturalist-open-data.s3.amazonaws.com/photos/701976619/original.jpg,cc-by,"(c) Alexis López Hernández, some rights reserved (CC BY)",alexiz,Alexis López Hernández,2026-07-03,"Huixtla, Chis., México",research,False,15.1565902712,-92.4791857668,2048,1536,no,matudae/inat-383525288-701976619-alexiz.jpg,
Spathiphyllum matudae,381917829,https://www.inaturalist.org/observations/381917829,698871464,https://inaturalist-open-data.s3.amazonaws.com/photos/698871464/original.jpg,cc-by,"(c) Alexis López Hernández, some rights reserved (CC BY)",alexiz,Alexis López Hernández,2024-02-25,"Huixtla, Chis., México",research,False,15.1982239472,-92.476334805,2048,1536,no,matudae/inat-381917829-698871464-alexiz.jpg,
Spathiphyllum matudae,381917829,https://www.inaturalist.org/observations/381917829,698879167,https://inaturalist-open-data.s3.amazonaws.com/photos/698879167/original.jpg,cc-by,"(c) Alexis López Hernández, some rights reserved (CC BY)",alexiz,Alexis López Hernández,2024-02-25,"Huixtla, Chis., México",research,False,15.1982239472,-92.476334805,2048,1536,no,matudae/inat-381917829-698879167-alexiz.jpg,
Spathiphyllum matudae,226541023,https://www.inaturalist.org/observations/226541023,401783825,https://inaturalist-open-data.s3.amazonaws.com/photos/401783825/original.jpeg,cc-by-nc,"(c) Carlos G Velazco-Macias, some rights reserved (CC BY-NC)",aztekium,Carlos G Velazco-Macias,2024-05-15,"30498 Chis., México",research,False,16.3033195997,-93.7069884997,2048,1536,no,matudae/inat-226541023-401783825-aztekium.jpeg,
Spathiphyllum matudae,226541023,https://www.inaturalist.org/observations/226541023,401783862,https://inaturalist-open-data.s3.amazonaws.com/photos/401783862/original.jpeg,cc-by-nc,"(c) Carlos G Velazco-Macias, some rights reserved (CC BY-NC)",aztekium,Carlos G Velazco-Macias,2024-05-15,"30498 Chis., México",research,False,16.3033195997,-93.7069884997,2048,1536,no,matudae/inat-226541023-401783862-aztekium.jpeg,
Spathiphyllum matudae,226541023,https://www.inaturalist.org/observations/226541023,401783897,https://inaturalist-open-data.s3.amazonaws.com/photos/401783897/original.jpeg,cc-by-nc,"(c) Carlos G Velazco-Macias, some rights reserved (CC BY-NC)",aztekium,Carlos G Velazco-Macias,2024-05-15,"30498 Chis., México",research,False,16.3033195997,-93.7069884997,2048,1536,no,matudae/inat-226541023-401783897-aztekium.jpeg,
Spathiphyllum matudae,226541023,https://www.inaturalist.org/observations/226541023,401783935,https://inaturalist-open-data.s3.amazonaws.com/photos/401783935/original.jpeg,cc-by-nc,"(c) Carlos G Velazco-Macias, some rights reserved (CC BY-NC)",aztekium,Carlos G Velazco-Macias,2024-05-15,"30498 Chis., México",research,False,16.3033195997,-93.7069884997,2048,1536,no,matudae/inat-226541023-401783935-aztekium.jpeg,
Spathiphyllum matudae,226541023,https://www.inaturalist.org/observations/226541023,401783979,https://inaturalist-open-data.s3.amazonaws.com/photos/401783979/original.jpeg,cc-by-nc,"(c) Carlos G Velazco-Macias, some rights reserved (CC BY-NC)",aztekium,Carlos G Velazco-Macias,2024-05-15,"30498 Chis., México",research,False,16.3033195997,-93.7069884997,2048,1536,no,matudae/inat-226541023-401783979-aztekium.jpeg,
Spathiphyllum matudae,226541023,https://www.inaturalist.org/observations/226541023,401784033,https://inaturalist-open-data.s3.amazonaws.com/photos/401784033/original.jpeg,cc-by-nc,"(c) Carlos G Velazco-Macias, some rights reserved (CC BY-NC)",aztekium,Carlos G Velazco-Macias,2024-05-15,"30498 Chis., México",research,False,16.3033195997,-93.7069884997,2048,1536,no,matudae/inat-226541023-401784033-aztekium.jpeg,
Spathiphyllum matudae,42372524,https://www.inaturalist.org/observations/42372524,67264941,https://inaturalist-open-data.s3.amazonaws.com/photos/67264941/original.jpeg,cc-by,"(c) Alexis López Hernández, some rights reserved (CC BY)",alexiz,Alexis López Hernández,2017-01-04,"Huixtla, Chis., México",research,False,15.2297462179,-92.4815518016,2048,1536,no,matudae/inat-42372524-67264941-alexiz.jpeg,
Spathiphyllum matudae,42372524,https://www.inaturalist.org/observations/42372524,67355182,https://inaturalist-open-data.s3.amazonaws.com/photos/67355182/original.jpeg,cc-by,"(c) Alexis López Hernández, some rights reserved (CC BY)",alexiz,Alexis López Hernández,2017-01-04,"Huixtla, Chis., México",research,False,15.2297462179,-92.4815518016,2048,1536,no,matudae/inat-42372524-67355182-alexiz.jpeg,
Spathiphyllum matudae,42372524,https://www.inaturalist.org/observations/42372524,67355184,https://inaturalist-open-data.s3.amazonaws.com/photos/67355184/original.jpeg,cc-by,"(c) Alexis López Hernández, some rights reserved (CC BY)",alexiz,Alexis López Hernández,2017-01-04,"Huixtla, Chis., México",research,False,15.2297462179,-92.4815518016,2048,1536,no,matudae/inat-42372524-67355184-alexiz.jpeg,
Spathiphyllum mixtecorum,186914309,https://www.inaturalist.org/observations/186914309,326741415,https://inaturalist-open-data.s3.amazonaws.com/photos/326741415/original.jpeg,cc-by-nc,"(c) Ubaldo Edgar García López, some rights reserved (CC BY-NC)",ubaldoedgar,Ubaldo Edgar García López,2023-10-09,"Santa María Yucuhiti, Oax., México",research,False,17.0749001167,-97.8342126689,1365,2048,no,mixtecorum/inat-186914309-326741415-ubaldoedgar.jpeg,
Spathiphyllum montanum,294928454,https://www.inaturalist.org/observations/294928454,530897445,https://static.inaturalist.org/photos/530897445/original.jpg,all-rights-reserved,"(c) Marcel Esquivel, all rights reserved",marcelce,Marcel Esquivel,2025-07-03,"Coto Brus, Puntarenas, CR",needs_id,False,8.87002,-82.9961,1152,2048,no,montanum/inat-294928454-530897445-marcelce.jpg,
Spathiphyllum montanum,294928454,https://www.inaturalist.org/observations/294928454,530897479,https://static.inaturalist.org/photos/530897479/original.jpg,all-rights-reserved,"(c) Marcel Esquivel, all rights reserved",marcelce,Marcel Esquivel,2025-07-03,"Coto Brus, Puntarenas, CR",needs_id,False,8.87002,-82.9961,1152,2048,no,montanum/inat-294928454-530897479-marcelce.jpg,
Spathiphyllum montanum,294928454,https://www.inaturalist.org/observations/294928454,530897500,https://static.inaturalist.org/photos/530897500/original.jpg,all-rights-reserved,"(c) Marcel Esquivel, all rights reserved",marcelce,Marcel Esquivel,2025-07-03,"Coto Brus, Puntarenas, CR",needs_id,False,8.87002,-82.9961,1152,2048,no,montanum/inat-294928454-530897500-marcelce.jpg,
Spathiphyllum montanum,294928454,https://www.inaturalist.org/observations/294928454,530897534,https://static.inaturalist.org/photos/530897534/original.jpg,all-rights-reserved,"(c) Marcel Esquivel, all rights reserved",marcelce,Marcel Esquivel,2025-07-03,"Coto Brus, Puntarenas, CR",needs_id,False,8.87002,-82.9961,1152,2048,no,montanum/inat-294928454-530897534-marcelce.jpg,
Spathiphyllum montanum,238121851,https://www.inaturalist.org/observations/238121851,423884779,https://static.inaturalist.org/photos/423884779/original.jpeg,all-rights-reserved,"(c) elvis alberto muñoz vega, all rights reserved",elvis_alberto1,elvis alberto muñoz vega,2024-08-26,"Provincia de Puntarenas, Monteverde, Costa Rica",needs_id,False,10.30259728,-84.7953557,1536,2048,no,montanum/inat-238121851-423884779-elvis_alberto1.jpeg,
Spathiphyllum montanum,238121851,https://www.inaturalist.org/observations/238121851,423884853,https://static.inaturalist.org/photos/423884853/original.jpeg,all-rights-reserved,"(c) elvis alberto muñoz vega, all rights reserved",elvis_alberto1,elvis alberto muñoz vega,2024-08-26,"Provincia de Puntarenas, Monteverde, Costa Rica",needs_id,False,10.30259728,-84.7953557,1536,2048,no,montanum/inat-238121851-423884853-elvis_alberto1.jpeg,
Spathiphyllum montanum,238121851,https://www.inaturalist.org/observations/238121851,423884910,https://static.inaturalist.org/photos/423884910/original.jpeg,all-rights-reserved,"(c) elvis alberto muñoz vega, all rights reserved",elvis_alberto1,elvis alberto muñoz vega,2024-08-26,"Provincia de Puntarenas, Monteverde, Costa Rica",needs_id,False,10.30259728,-84.7953557,1536,2048,no,montanum/inat-238121851-423884910-elvis_alberto1.jpeg,
Spathiphyllum montanum,238121851,https://www.inaturalist.org/observations/238121851,423884973,https://static.inaturalist.org/photos/423884973/original.jpeg,all-rights-reserved,"(c) elvis alberto muñoz vega, all rights reserved",elvis_alberto1,elvis alberto muñoz vega,2024-08-26,"Provincia de Puntarenas, Monteverde, Costa Rica",needs_id,False,10.30259728,-84.7953557,1536,2048,no,montanum/inat-238121851-423884973-elvis_alberto1.jpeg,
Spathiphyllum montanum,199774795,https://www.inaturalist.org/observations/199774795,352357274,https://inaturalist-open-data.s3.amazonaws.com/photos/352357274/original.jpeg,cc-by-nc,"(c) Kevin Meza, some rights reserved (CC BY-NC)",ehecatlheloderm,Kevin Meza,2024-02-16,"Provincia de Puntarenas, Monteverde, Costa Rica",needs_id,False,10.3072083021,-84.8055574723,1536,2048,no,montanum/inat-199774795-352357274-ehecatlheloderm.jpeg,
Spathiphyllum montanum,199774795,https://www.inaturalist.org/observations/199774795,352357289,https://inaturalist-open-data.s3.amazonaws.com/photos/352357289/original.jpeg,cc-by-nc,"(c) Kevin Meza, some rights reserved (CC BY-NC)",ehecatlheloderm,Kevin Meza,2024-02-16,"Provincia de Puntarenas, Monteverde, Costa Rica",needs_id,False,10.3072083021,-84.8055574723,2048,1536,no,montanum/inat-199774795-352357289-ehecatlheloderm.jpeg,
Spathiphyllum montanum,192355002,https://www.inaturalist.org/observations/192355002,338846409,https://inaturalist-open-data.s3.amazonaws.com/photos/338846409/original.jpeg,cc-by,"(c) Criss Acuña, some rights reserved (CC BY)",criss_a,Criss Acuña,2023-11-27,"Abangares, CR-GU, CR",needs_id,False,10.3364200997,-84.8100294997,2048,1152,no,montanum/inat-192355002-338846409-criss_a.jpeg,
Spathiphyllum montanum,162526314,https://www.inaturalist.org/observations/162526314,281030136,https://static.inaturalist.org/photos/281030136/original.jpeg,all-rights-reserved,"(c) Marcel Esquivel, all rights reserved",marcelce,Marcel Esquivel,2023-05-18,"Puntarenas Province, Costa Rica",needs_id,False,8.9353633218,-82.752501592,1536,2048,no,montanum/inat-162526314-281030136-marcelce.jpeg,
Spathiphyllum montanum,71088975,https://www.inaturalist.org/observations/71088975,115682831,https://inaturalist-open-data.s3.amazonaws.com/photos/115682831/original.jpeg,cc-by-nc,"(c) ramon_d, some rights reserved (CC BY-NC)",ramon_d,,2021-03-07,,needs_id,True,,,2048,1360,no,montanum/inat-71088975-115682831-ramon_d.jpeg,
Spathiphyllum montanum,71088975,https://www.inaturalist.org/observations/71088975,115682931,https://inaturalist-open-data.s3.amazonaws.com/photos/115682931/original.jpeg,cc-by-nc,"(c) ramon_d, some rights reserved (CC BY-NC)",ramon_d,,2021-03-07,,needs_id,True,,,2048,1360,no,montanum/inat-71088975-115682931-ramon_d.jpeg,
Spathiphyllum montanum,71088975,https://www.inaturalist.org/observations/71088975,115682932,https://inaturalist-open-data.s3.amazonaws.com/photos/115682932/original.jpeg,cc-by-nc,"(c) ramon_d, some rights reserved (CC BY-NC)",ramon_d,,2021-03-07,,needs_id,True,,,2048,1360,no,montanum/inat-71088975-115682932-ramon_d.jpeg,
Spathiphyllum montanum,39923505,https://www.inaturalist.org/observations/39923505,63389774,https://inaturalist-open-data.s3.amazonaws.com/photos/63389774/original.jpg,cc-by-nc,"(c) Anneke Jonker, some rights reserved (CC BY-NC)",arjonker,Anneke Jonker,2016-02-18,"Sta Elena, Puntarenas Province, Monteverde, Costa Rica",needs_id,False,10.3434622179,-84.7943777592,1536,2048,no,montanum/inat-39923505-63389774-arjonker.jpg,
Spathiphyllum montanum,33999264,https://www.inaturalist.org/observations/33999264,53459709,https://inaturalist-open-data.s3.amazonaws.com/photos/53459709/original.jpeg,cc-by-nc,"(c) radinis, some rights reserved (CC BY-NC)",radinis,,2019-04-05,"Puntarenas Province, Monteverde, Costa Rica",needs_id,False,10.3437083449,-84.7960975668,2048,1365,no,montanum/inat-33999264-53459709-radinis.jpeg,
Spathiphyllum montanum,19873176,https://www.inaturalist.org/observations/19873176,30644585,https://static.inaturalist.org/photos/30644585/original.jpg,all-rights-reserved,"(c) Steven Daniel, all rights reserved",stevendaniel,Steven Daniel,2001-04-12,Monteverde Cloud Forest Reserve,needs_id,False,10.311844,-84.791313,1600,1200,no,montanum/inat-19873176-30644585-stevendaniel.jpg,
Spathiphyllum montanum,2670894,https://www.inaturalist.org/observations/2670894,3001348,https://static.inaturalist.org/photos/3001348/original.jpg,all-rights-reserved,"(c) Tigridiopalma, all rights reserved",yaoshawn,Shen-hao Yao,2016-01-07,Monterverde Cloudy Forest,research,False,10.30292,-84.79427,1536,2048,no,montanum/inat-2670894-3001348-yaoshawn.jpg,
Spathiphyllum montanum,2670894,https://www.inaturalist.org/observations/2670894,3001349,https://static.inaturalist.org/photos/3001349/original.jpg,all-rights-reserved,"(c) Tigridiopalma, all rights reserved",yaoshawn,Shen-hao Yao,2016-01-07,Monterverde Cloudy Forest,research,False,10.30292,-84.79427,1536,2048,no,montanum/inat-2670894-3001349-yaoshawn.jpg,
Spathiphyllum montanum,446694,https://www.inaturalist.org/observations/446694,562352,https://inaturalist-open-data.s3.amazonaws.com/photos/562352/original.jpg,cc-by-nc,"(c) Anita Gould, some rights reserved (CC BY-NC)",anita363,Anita,2011-02-01,"Monte Verde, Puntarenas, Costa Rica",research,False,10.303149,-84.791879,1515,2048,no,montanum/inat-446694-562352-anita363.jpg,
Spathiphyllum patinii,342434116,https://www.inaturalist.org/observations/342434116,623590306,https://inaturalist-open-data.s3.amazonaws.com/photos/623590306/original.jpg,cc-by-nc,"(c) marta200917, some rights reserved (CC BY-NC)",marta200917,,2026-03-11,"Pocitos, San Francisco, Antioquia, CO",needs_id,False,5.874939,-74.9239685,1536,2048,no,patinii/inat-342434116-623590306-marta200917.jpg,
Spathiphyllum patinii,334159832,https://www.inaturalist.org/observations/334159832,606652817,https://inaturalist-open-data.s3.amazonaws.com/photos/606652817/original.jpg,cc0,no rights reserved,lallen,,2025-10-15,"Sonsón, Antioquia, Colombia",needs_id,False,5.891,-74.855,1542,2048,no,patinii/inat-334159832-606652817-lallen.jpg,
Spathiphyllum patinii,334159832,https://www.inaturalist.org/observations/334159832,606652799,https://inaturalist-open-data.s3.amazonaws.com/photos/606652799/original.jpg,cc0,no rights reserved,lallen,,2025-10-15,"Sonsón, Antioquia, Colombia",needs_id,False,5.891,-74.855,1542,2048,no,patinii/inat-334159832-606652799-lallen.jpg,
Spathiphyllum patinii,330041738,https://www.inaturalist.org/observations/330041738,598378161,https://inaturalist-open-data.s3.amazonaws.com/photos/598378161/original.jpg,cc-by,"(c) Connor Connolly-Moyls, some rights reserved (CC BY)",connorconnollymoyls,Connor Connolly-Moyls,2025-11-09,"Antioquia, CO",research,True,5.9408414423,-74.8294054695,2048,1365,no,patinii/inat-330041738-598378161-connorconnollymoyls.jpg,
Spathiphyllum patinii,330041738,https://www.inaturalist.org/observations/330041738,598378158,https://inaturalist-open-data.s3.amazonaws.com/photos/598378158/original.jpg,cc-by,"(c) Connor Connolly-Moyls, some rights reserved (CC BY)",connorconnollymoyls,Connor Connolly-Moyls,2025-11-09,"Antioquia, CO",research,True,5.9408414423,-74.8294054695,1365,2048,no,patinii/inat-330041738-598378158-connorconnollymoyls.jpg,
Spathiphyllum patinii,330041738,https://www.inaturalist.org/observations/330041738,598378148,https://inaturalist-open-data.s3.amazonaws.com/photos/598378148/original.jpg,cc-by,"(c) Connor Connolly-Moyls, some rights reserved (CC BY)",connorconnollymoyls,Connor Connolly-Moyls,2025-11-09,"Antioquia, CO",research,True,5.9408414423,-74.8294054695,1365,2048,no,patinii/inat-330041738-598378148-connorconnollymoyls.jpg,
Spathiphyllum patinii,330041738,https://www.inaturalist.org/observations/330041738,598378185,https://inaturalist-open-data.s3.amazonaws.com/photos/598378185/original.jpg,cc-by,"(c) Connor Connolly-Moyls, some rights reserved (CC BY)",connorconnollymoyls,Connor Connolly-Moyls,2025-11-09,"Antioquia, CO",research,True,5.9408414423,-74.8294054695,1365,2048,no,patinii/inat-330041738-598378185-connorconnollymoyls.jpg,
Spathiphyllum patinii,330041738,https://www.inaturalist.org/observations/330041738,598378184,https://inaturalist-open-data.s3.amazonaws.com/photos/598378184/original.jpg,cc-by,"(c) Connor Connolly-Moyls, some rights reserved (CC BY)",connorconnollymoyls,Connor Connolly-Moyls,2025-11-09,"Antioquia, CO",research,True,5.9408414423,-74.8294054695,1365,2048,no,patinii/inat-330041738-598378184-connorconnollymoyls.jpg,
Spathiphyllum patinii,321405761,https://www.inaturalist.org/observations/321405761,581261998,https://inaturalist-open-data.s3.amazonaws.com/photos/581261998/original.jpg,cc-by-nc,"(c) Ruben Dario Palacio, some rights reserved (CC BY-NC)",rdpalacio,Ruben Dario Palacio,2025-10-15,"Sonsón, Antioquia, Colombia",needs_id,False,5.8881083333,-74.8551666667,1152,2048,no,patinii/inat-321405761-581261998-rdpalacio.jpg,
Spathiphyllum patinii,271809158,https://www.inaturalist.org/observations/271809158,488951092,https://inaturalist-open-data.s3.amazonaws.com/photos/488951092/original.jpg,cc-by-nc,"(c) Moses J. Michelsohn, some rights reserved (CC BY-NC)",pecosvalleydiamond,Moses J. Michelsohn,2025-01-04,"Antioquia, CO",research,True,5.8474756018,-74.8577214331,2048,1536,no,patinii/inat-271809158-488951092-pecosvalleydiamond.jpg,
Spathiphyllum patinii,262576411,https://www.inaturalist.org/observations/262576411,471608219,https://static.inaturalist.org/photos/471608219/original.jpg,all-rights-reserved,"(c) Aura Jurado, all rights reserved",aura_jurado,Aura Jurado,2025-02-05,"Bolívar, Santander, Colombia",needs_id,False,6.020217,-74.209167,1367,2048,no,patinii/inat-262576411-471608219-aura_jurado.jpg,
Spathiphyllum patinii,262576411,https://www.inaturalist.org/observations/262576411,471608172,https://static.inaturalist.org/photos/471608172/original.jpg,all-rights-reserved,"(c) Aura Jurado, all rights reserved",aura_jurado,Aura Jurado,2025-02-05,"Bolívar, Santander, Colombia",needs_id,False,6.020217,-74.209167,1554,2048,no,patinii/inat-262576411-471608172-aura_jurado.jpg,
Spathiphyllum patinii,262576411,https://www.inaturalist.org/observations/262576411,471608206,https://static.inaturalist.org/photos/471608206/original.jpg,all-rights-reserved,"(c) Aura Jurado, all rights reserved",aura_jurado,Aura Jurado,2025-02-05,"Bolívar, Santander, Colombia",needs_id,False,6.020217,-74.209167,1367,2048,no,patinii/inat-262576411-471608206-aura_jurado.jpg,
Spathiphyllum patinii,254122030,https://www.inaturalist.org/observations/254122030,455116620,https://inaturalist-open-data.s3.amazonaws.com/photos/455116620/original.jpeg,cc-by,"(c) Ben Costamagna, some rights reserved (CC BY)",bencostamagna,Ben Costamagna,2024-12-03,"San Francisco, Antioquia, Colombia",needs_id,False,5.9148802,-74.858206,1536,2048,no,patinii/inat-254122030-455116620-bencostamagna.jpeg,
Spathiphyllum patinii,254122030,https://www.inaturalist.org/observations/254122030,455121837,https://inaturalist-open-data.s3.amazonaws.com/photos/455121837/original.jpeg,cc-by,"(c) Ben Costamagna, some rights reserved (CC BY)",bencostamagna,Ben Costamagna,2024-12-03,"San Francisco, Antioquia, Colombia",needs_id,False,5.9148802,-74.858206,2048,1536,no,patinii/inat-254122030-455121837-bencostamagna.jpeg,
Spathiphyllum patinii,195692734,https://www.inaturalist.org/observations/195692734,344339437,https://inaturalist-open-data.s3.amazonaws.com/photos/344339437/original.jpeg,cc-by-nc,"(c) Tom Kirschey, some rights reserved (CC BY-NC)",tom-kirschey,Tom Kirschey,2024-01-03,"San Francisco, Antioquia, Kolumbien",research,False,5.9097503,-74.8578405,1536,2048,no,patinii/inat-195692734-344339437-tom-kirschey.jpeg,
Spathiphyllum phryniifolium,378202083,https://www.inaturalist.org/observations/378202083,691674321,https://static.inaturalist.org/photos/691674321/original.jpg,all-rights-reserved,"(c) Andrés Ramírez-Barrera, all rights reserved",nicolasr,Andrés Ramírez-Barrera,2026-07-01,"La Chorrera District, Panamá Oeste Province, Panama",needs_id,False,9.1554392576,-79.8410770796,2048,1365,no,phryniifolium/inat-378202083-691674321-nicolasr.jpg,
Spathiphyllum phryniifolium,378202083,https://www.inaturalist.org/observations/378202083,691674346,https://static.inaturalist.org/photos/691674346/original.jpg,all-rights-reserved,"(c) Andrés Ramírez-Barrera, all rights reserved",nicolasr,Andrés Ramírez-Barrera,2026-07-01,"La Chorrera District, Panamá Oeste Province, Panama",needs_id,False,9.1554392576,-79.8410770796,2048,1365,no,phryniifolium/inat-378202083-691674346-nicolasr.jpg,
Spathiphyllum phryniifolium,330856443,https://www.inaturalist.org/observations/330856443,600050147,https://inaturalist-open-data.s3.amazonaws.com/photos/600050147/original.jpg,cc-by-nc,"(c) marenee_alvarez, some rights reserved (CC BY-NC)",marenee_alvarez,,2025-11-01,"El Palmar, Guatemala",needs_id,False,14.7414659352,-91.6284796883,1365,2048,no,phryniifolium/inat-330856443-600050147-marenee_alvarez.jpg,
Spathiphyllum phryniifolium,303220918,https://www.inaturalist.org/observations/303220918,546538634,https://static.inaturalist.org/photos/546538634/original.jpg,all-rights-reserved,"(c) Belester Perez Ortiz, all rights reserved",belester,Belester Perez Ortiz,2025-07-28,"30378 Chis., México",research,False,15.7976425609,-92.6402515545,2048,1536,no,phryniifolium/inat-303220918-546538634-belester.jpg,
Spathiphyllum phryniifolium,303220918,https://www.inaturalist.org/observations/303220918,546538816,https://static.inaturalist.org/photos/546538816/original.jpg,all-rights-reserved,"(c) Belester Perez Ortiz, all rights reserved",belester,Belester Perez Ortiz,2025-07-28,"30378 Chis., México",research,False,15.7976425609,-92.6402515545,2048,1536,no,phryniifolium/inat-303220918-546538816-belester.jpg,
Spathiphyllum phryniifolium,269504721,https://www.inaturalist.org/observations/269504721,484571757,https://inaturalist-open-data.s3.amazonaws.com/photos/484571757/original.jpeg,cc-by-nc,"(c) Guillermo SG, some rights reserved (CC BY-NC)",guillermo_sg,Guillermo SG,2025-04-08,"Ocosingo, Chis., México",research,False,17.0613080343,-91.3696312588,1536,2048,no,phryniifolium/inat-269504721-484571757-guillermo_sg.jpeg,
Spathiphyllum phryniifolium,269504721,https://www.inaturalist.org/observations/269504721,484571868,https://inaturalist-open-data.s3.amazonaws.com/photos/484571868/original.jpeg,cc-by-nc,"(c) Guillermo SG, some rights reserved (CC BY-NC)",guillermo_sg,Guillermo SG,2025-04-08,"Ocosingo, Chis., México",research,False,17.0613080343,-91.3696312588,1536,2048,no,phryniifolium/inat-269504721-484571868-guillermo_sg.jpeg,
Spathiphyllum phryniifolium,260825612,https://www.inaturalist.org/observations/260825612,468468511,https://inaturalist-open-data.s3.amazonaws.com/photos/468468511/original.jpeg,cc-by-nc,"(c) Luis Humberto Vicente-Rivera, some rights reserved (CC BY-NC)",luishumbertonambue,Luis Humberto Vicente-Rivera,2016-06-11,"Huixtla, Chis., México",research,False,15.2452109116,-92.45803745,1024,768,no,phryniifolium/inat-260825612-468468511-luishumbertonambue.jpeg,
Spathiphyllum phryniifolium,259202513,https://www.inaturalist.org/observations/259202513,465239271,https://inaturalist-open-data.s3.amazonaws.com/photos/465239271/original.jpg,cc-by-sa,"(c) Matteo Cassella, some rights reserved (CC BY-SA)",matteocassella,Matteo Cassella,2025-01-19,"Ocozocoautla de Espinosa, Chis., México",research,False,16.8791682576,-93.4563129689,2048,1657,no,phryniifolium/inat-259202513-465239271-matteocassella.jpg,
Spathiphyllum phryniifolium,259202513,https://www.inaturalist.org/observations/259202513,465239641,https://inaturalist-open-data.s3.amazonaws.com/photos/465239641/original.jpg,cc-by-sa,"(c) Matteo Cassella, some rights reserved (CC BY-SA)",matteocassella,Matteo Cassella,2025-01-19,"Ocozocoautla de Espinosa, Chis., México",research,False,16.8791682576,-93.4563129689,2048,1400,no,phryniifolium/inat-259202513-465239641-matteocassella.jpg,
Spathiphyllum phryniifolium,257191694,https://www.inaturalist.org/observations/257191694,461316263,https://inaturalist-open-data.s3.amazonaws.com/photos/461316263/original.jpeg,cc-by-nc,"(c) Leonardo Álvarez-Alcázar, some rights reserved (CC BY-NC)",leo_alvalc,Leonardo Álvarez-Alcázar,2024-12-09,"Provincia de Puntarenas, Golfito, Costa Rica",research,False,8.672,-83.255,2048,1536,no,phryniifolium/inat-257191694-461316263-leo_alvalc.jpeg,
Spathiphyllum phryniifolium,242119968,https://www.inaturalist.org/observations/242119968,431607666,https://static.inaturalist.org/photos/431607666/original.jpeg,all-rights-reserved,"(c) Lalo B. G., all rights reserved",lalobg,Lalo B. G.,2024-09-03,"PW4P+G5 Pista de aterrizaje zona arqueológica, 29933 Bonampak, Chis., México",research,False,16.7057005508,-91.064305231,2048,1365,no,phryniifolium/inat-242119968-431607666-lalobg.jpeg,
Spathiphyllum phryniifolium,242119968,https://www.inaturalist.org/observations/242119968,431607708,https://static.inaturalist.org/photos/431607708/original.jpeg,all-rights-reserved,"(c) Lalo B. G., all rights reserved",lalobg,Lalo B. G.,2024-09-03,"PW4P+G5 Pista de aterrizaje zona arqueológica, 29933 Bonampak, Chis., México",research,False,16.7057005508,-91.064305231,2048,1365,no,phryniifolium/inat-242119968-431607708-lalobg.jpeg,
Spathiphyllum phryniifolium,232850162,https://www.inaturalist.org/observations/232850162,413737292,https://inaturalist-open-data.s3.amazonaws.com/photos/413737292/original.jpeg,cc-by-nc,"(c) Manuel Guillermo Millán Otero, some rights reserved (CC BY-NC)",guillermo_1985,Manuel Guillermo Millán Otero,2016-10-29,"Ocozocoautla de Espinosa, Chis., México",research,False,17.0251523264,-93.5191067342,1365,2048,no,phryniifolium/inat-232850162-413737292-guillermo_1985.jpeg,
Spathiphyllum phryniifolium,232850162,https://www.inaturalist.org/observations/232850162,413737295,https://inaturalist-open-data.s3.amazonaws.com/photos/413737295/original.jpeg,cc-by-nc,"(c) Manuel Guillermo Millán Otero, some rights reserved (CC BY-NC)",guillermo_1985,Manuel Guillermo Millán Otero,2016-10-29,"Ocozocoautla de Espinosa, Chis., México",research,False,17.0251523264,-93.5191067342,1365,2048,no,phryniifolium/inat-232850162-413737295-guillermo_1985.jpeg,
Spathiphyllum phryniifolium,221182627,https://www.inaturalist.org/observations/221182627,391678190,https://static.inaturalist.org/photos/391678190/original.jpg,all-rights-reserved,"(c) LostInCR, all rights reserved",lostincr,LostInCR,2024-06-07,"Osa, Puntarenas, CR",research,False,8.7490966667,-83.361825,1536,2048,no,phryniifolium/inat-221182627-391678190-lostincr.jpg,
Spathiphyllum phryniifolium,221182627,https://www.inaturalist.org/observations/221182627,391678246,https://static.inaturalist.org/photos/391678246/original.jpg,all-rights-reserved,"(c) LostInCR, all rights reserved",lostincr,LostInCR,2024-06-07,"Osa, Puntarenas, CR",research,False,8.7490966667,-83.361825,1536,2048,no,phryniifolium/inat-221182627-391678246-lostincr.jpg,
Spathiphyllum phryniifolium,221182627,https://www.inaturalist.org/observations/221182627,391678298,https://static.inaturalist.org/photos/391678298/original.jpg,all-rights-reserved,"(c) LostInCR, all rights reserved",lostincr,LostInCR,2024-06-07,"Osa, Puntarenas, CR",research,False,8.7490966667,-83.361825,1536,2048,no,phryniifolium/inat-221182627-391678298-lostincr.jpg,
Spathiphyllum phryniifolium,221182627,https://www.inaturalist.org/observations/221182627,391678392,https://static.inaturalist.org/photos/391678392/original.jpg,all-rights-reserved,"(c) LostInCR, all rights reserved",lostincr,LostInCR,2024-06-07,"Osa, Puntarenas, CR",research,False,8.7490966667,-83.361825,1536,2048,no,phryniifolium/inat-221182627-391678392-lostincr.jpg,
Spathiphyllum phryniifolium,191619047,https://www.inaturalist.org/observations/191619047,336200057,https://static.inaturalist.org/photos/336200057/original.jpg,all-rights-reserved,"(c) Oliver Ingold, all rights reserved",oli_in_gold,Oliver Ingold,2023-11-20,"Cerro Gaital, Cocle, PA",needs_id,False,8.6242833333,-80.1186221667,1365,2048,no,phryniifolium/inat-191619047-336200057-oli_in_gold.jpg,
Spathiphyllum phryniifolium,191619047,https://www.inaturalist.org/observations/191619047,336199985,https://static.inaturalist.org/photos/336199985/original.jpg,all-rights-reserved,"(c) Oliver Ingold, all rights reserved",oli_in_gold,Oliver Ingold,2023-11-20,"Cerro Gaital, Cocle, PA",needs_id,False,8.6242833333,-80.1186221667,1536,2048,no,phryniifolium/inat-191619047-336199985-oli_in_gold.jpg,
Spathiphyllum phryniifolium,191619047,https://www.inaturalist.org/observations/191619047,336200015,https://static.inaturalist.org/photos/336200015/original.jpg,all-rights-reserved,"(c) Oliver Ingold, all rights reserved",oli_in_gold,Oliver Ingold,2023-11-20,"Cerro Gaital, Cocle, PA",needs_id,False,8.6242833333,-80.1186221667,1536,2048,no,phryniifolium/inat-191619047-336200015-oli_in_gold.jpg,
Spathiphyllum phryniifolium,157336225,https://www.inaturalist.org/observations/157336225,272048424,https://static.inaturalist.org/photos/272048424/original.jpg,all-rights-reserved,"(c) LostInCR, all rights reserved",lostincr,LostInCR,2023-04-27,"Puntarenas Province, Costa Rica",research,False,8.8642589771,-83.4934365963,2048,1536,no,phryniifolium/inat-157336225-272048424-lostincr.jpg,
Spathiphyllum phryniifolium,157336225,https://www.inaturalist.org/observations/157336225,272048557,https://static.inaturalist.org/photos/272048557/original.jpg,all-rights-reserved,"(c) LostInCR, all rights reserved",lostincr,LostInCR,2023-04-27,"Puntarenas Province, Costa Rica",research,False,8.8642589771,-83.4934365963,1536,2048,no,phryniifolium/inat-157336225-272048557-lostincr.jpg,
Spathiphyllum phryniifolium,157336225,https://www.inaturalist.org/observations/157336225,272048669,https://static.inaturalist.org/photos/272048669/original.jpg,all-rights-reserved,"(c) LostInCR, all rights reserved",lostincr,LostInCR,2023-04-27,"Puntarenas Province, Costa Rica",research,False,8.8642589771,-83.4934365963,1536,2048,no,phryniifolium/inat-157336225-272048669-lostincr.jpg,
Spathiphyllum phryniifolium,157336225,https://www.inaturalist.org/observations/157336225,272048827,https://static.inaturalist.org/photos/272048827/original.jpg,all-rights-reserved,"(c) LostInCR, all rights reserved",lostincr,LostInCR,2023-04-27,"Puntarenas Province, Costa Rica",research,False,8.8642589771,-83.4934365963,2048,1536,no,phryniifolium/inat-157336225-272048827-lostincr.jpg,
Spathiphyllum phryniifolium,157336225,https://www.inaturalist.org/observations/157336225,272048136,https://static.inaturalist.org/photos/272048136/original.jpg,all-rights-reserved,"(c) LostInCR, all rights reserved",lostincr,LostInCR,2023-04-27,"Puntarenas Province, Costa Rica",research,False,8.8642589771,-83.4934365963,2048,1536,no,phryniifolium/inat-157336225-272048136-lostincr.jpg,
Spathiphyllum phryniifolium,157336225,https://www.inaturalist.org/observations/157336225,272048255,https://static.inaturalist.org/photos/272048255/original.jpg,all-rights-reserved,"(c) LostInCR, all rights reserved",lostincr,LostInCR,2023-04-27,"Puntarenas Province, Costa Rica",research,False,8.8642589771,-83.4934365963,1536,2048,no,phryniifolium/inat-157336225-272048255-lostincr.jpg,
Spathiphyllum phryniifolium,145398391,https://www.inaturalist.org/observations/145398391,249736245,https://inaturalist-open-data.s3.amazonaws.com/photos/249736245/original.jpeg,cc-by-nc,"(c) linnaeacahill, some rights reserved (CC BY-NC)",linnaeacahill,,2022-12-28,"9MC2+587, San Juan Chamelco, Guatemala",needs_id,False,15.3708469324,-90.3485138342,1536,2048,no,phryniifolium/inat-145398391-249736245-linnaeacahill.jpeg,
Spathiphyllum phryniifolium,142948269,https://www.inaturalist.org/observations/142948269,245145860,https://inaturalist-open-data.s3.amazonaws.com/photos/245145860/original.jpeg,cc-by-nc,"(c) aygleinigsmonroy11c2, some rights reserved (CC BY-NC)",aygleinigsmonroy11c2,,2022-11-26,"Cumbres del Norte, Panamá",needs_id,False,9.1146751167,-79.5246749306,1536,2048,no,phryniifolium/inat-142948269-245145860-aygleinigsmonroy11c2.jpeg,
Spathiphyllum phryniifolium,116900518,https://www.inaturalist.org/observations/116900518,197367497,https://inaturalist-open-data.s3.amazonaws.com/photos/197367497/original.jpeg,cc-by,"(c) Andres Hernandez, some rights reserved (CC BY)",andreshs,Andres Hernandez,2022-05-11,"La Chorrera, Panamá",needs_id,False,9.1551376337,-79.8490247503,1200,1600,no,phryniifolium/inat-116900518-197367497-andreshs.jpeg,
Spathiphyllum phryniifolium,105247262,https://www.inaturalist.org/observations/105247262,176547216,https://inaturalist-open-data.s3.amazonaws.com/photos/176547216/original.jpeg,cc-by-nc,"(c) ramon_d, some rights reserved (CC BY-NC)",ramon_d,,2022-01-19,"Santa Fe District, Panama",needs_id,False,8.5492235151,-81.1581462622,1536,2048,no,phryniifolium/inat-105247262-176547216-ramon_d.jpeg,
Spathiphyllum phryniifolium,68671542,https://www.inaturalist.org/observations/68671542,111257119,https://inaturalist-open-data.s3.amazonaws.com/photos/111257119/original.jpeg,cc-by-nc,"(c) ramon_d, some rights reserved (CC BY-NC)",ramon_d,,2021-01-24,"Darién Province, Panama",needs_id,False,8.7910185074,-78.4445066512,2048,1360,no,phryniifolium/inat-68671542-111257119-ramon_d.jpeg,
Spathiphyllum phryniifolium,68671542,https://www.inaturalist.org/observations/68671542,111257028,https://inaturalist-open-data.s3.amazonaws.com/photos/111257028/original.jpeg,cc-by-nc,"(c) ramon_d, some rights reserved (CC BY-NC)",ramon_d,,2021-01-24,"Darién Province, Panama",needs_id,False,8.7910185074,-78.4445066512,2048,1360,no,phryniifolium/inat-68671542-111257028-ramon_d.jpeg,
Spathiphyllum phryniifolium,68671542,https://www.inaturalist.org/observations/68671542,111257112,https://inaturalist-open-data.s3.amazonaws.com/photos/111257112/original.jpeg,cc-by-nc,"(c) ramon_d, some rights reserved (CC BY-NC)",ramon_d,,2021-01-24,"Darién Province, Panama",needs_id,False,8.7910185074,-78.4445066512,1360,2048,no,phryniifolium/inat-68671542-111257112-ramon_d.jpeg,
Spathiphyllum phryniifolium,68671542,https://www.inaturalist.org/observations/68671542,111257136,https://inaturalist-open-data.s3.amazonaws.com/photos/111257136/original.jpeg,cc-by-nc,"(c) ramon_d, some rights reserved (CC BY-NC)",ramon_d,,2021-01-24,"Darién Province, Panama",needs_id,False,8.7910185074,-78.4445066512,1360,2048,no,phryniifolium/inat-68671542-111257136-ramon_d.jpeg,
Spathiphyllum phryniifolium,68058585,https://www.inaturalist.org/observations/68058585,110105977,https://inaturalist-open-data.s3.amazonaws.com/photos/110105977/original.jpg,cc-by-nc,"(c) veroalpizar, some rights reserved (CC BY-NC)",veroalpizar,,2021-01-12,"Golfito, Puntarenas, Costa Rica",research,False,8.5271453856,-83.3019104003,1536,2048,no,phryniifolium/inat-68058585-110105977-veroalpizar.jpg,
Spathiphyllum phryniifolium,63296275,https://www.inaturalist.org/observations/63296275,101560744,https://inaturalist-open-data.s3.amazonaws.com/photos/101560744/original.jpeg,cc-by-nc,"(c) Luis Humberto Vicente-Rivera, some rights reserved (CC BY-NC)",luishumbertonambue,Luis Humberto Vicente-Rivera,2020-10-22,"Francisco I. Madero, Tuxtla Gutiérrez, Chis., México",research,False,16.7263379722,-93.09653,1536,2048,no,phryniifolium/inat-63296275-101560744-luishumbertonambue.jpeg,
Spathiphyllum phryniifolium,63296275,https://www.inaturalist.org/observations/63296275,101560772,https://inaturalist-open-data.s3.amazonaws.com/photos/101560772/original.jpeg,cc-by-nc,"(c) Luis Humberto Vicente-Rivera, some rights reserved (CC BY-NC)",luishumbertonambue,Luis Humberto Vicente-Rivera,2020-10-22,"Francisco I. Madero, Tuxtla Gutiérrez, Chis., México",research,False,16.7263379722,-93.09653,1536,2048,no,phryniifolium/inat-63296275-101560772-luishumbertonambue.jpeg,
Spathiphyllum phryniifolium,63296275,https://www.inaturalist.org/observations/63296275,101560785,https://inaturalist-open-data.s3.amazonaws.com/photos/101560785/original.jpeg,cc-by-nc,"(c) Luis Humberto Vicente-Rivera, some rights reserved (CC BY-NC)",luishumbertonambue,Luis Humberto Vicente-Rivera,2020-10-22,"Francisco I. Madero, Tuxtla Gutiérrez, Chis., México",research,False,16.7263379722,-93.09653,1536,2048,no,phryniifolium/inat-63296275-101560785-luishumbertonambue.jpeg,
Spathiphyllum phryniifolium,63296275,https://www.inaturalist.org/observations/63296275,101560798,https://inaturalist-open-data.s3.amazonaws.com/photos/101560798/original.jpeg,cc-by-nc,"(c) Luis Humberto Vicente-Rivera, some rights reserved (CC BY-NC)",luishumbertonambue,Luis Humberto Vicente-Rivera,2020-10-22,"Francisco I. Madero, Tuxtla Gutiérrez, Chis., México",research,False,16.7263379722,-93.09653,1536,2048,no,phryniifolium/inat-63296275-101560798-luishumbertonambue.jpeg,
Spathiphyllum phryniifolium,63296275,https://www.inaturalist.org/observations/63296275,101560809,https://inaturalist-open-data.s3.amazonaws.com/photos/101560809/original.jpeg,cc-by-nc,"(c) Luis Humberto Vicente-Rivera, some rights reserved (CC BY-NC)",luishumbertonambue,Luis Humberto Vicente-Rivera,2020-10-22,"Francisco I. Madero, Tuxtla Gutiérrez, Chis., México",research,False,16.7263379722,-93.09653,1536,2048,no,phryniifolium/inat-63296275-101560809-luishumbertonambue.jpeg,
Spathiphyllum quindiuense,255236618,https://www.inaturalist.org/observations/255236618,457362467,https://static.inaturalist.org/photos/457362467/original.jpg,all-rights-reserved,"(c) Giancarlo Gollotti, all rights reserved",aesculus_californica,Giancarlo Gollotti,2019-07-13,Panama,needs_id,True,8.7195921088,-80.2743067692,2048,1536,no,quindiuense/inat-255236618-457362467-aesculus_californica.jpg,
Spathiphyllum quindiuense,255236618,https://www.inaturalist.org/observations/255236618,457362481,https://static.inaturalist.org/photos/457362481/original.jpg,all-rights-reserved,"(c) Giancarlo Gollotti, all rights reserved",aesculus_californica,Giancarlo Gollotti,2019-07-13,Panama,needs_id,True,8.7195921088,-80.2743067692,1536,2048,no,quindiuense/inat-255236618-457362481-aesculus_californica.jpg,
Spathiphyllum quindiuense,193140985,https://www.inaturalist.org/observations/193140985,339233834,https://inaturalist-open-data.s3.amazonaws.com/photos/339233834/original.jpg,cc-by-nc,"(c) njweess, some rights reserved (CC BY-NC)",njweess,,2022-04-20,Panama,needs_id,True,8.8804281199,-82.2232735965,1536,2048,no,quindiuense/inat-193140985-339233834-njweess.jpg,
Spathiphyllum quindiuense,149675088,https://www.inaturalist.org/observations/149675088,257949277,https://inaturalist-open-data.s3.amazonaws.com/photos/257949277/original.jpg,cc-by-nc,"(c) erikmer, some rights reserved (CC BY-NC)",erikmer,,2023-01-24,Panama,research,False,9.2228198488,-78.5097188572,2048,1536,no,quindiuense/inat-149675088-257949277-erikmer.jpg,
Spathiphyllum quindiuense,149675088,https://www.inaturalist.org/observations/149675088,257949294,https://inaturalist-open-data.s3.amazonaws.com/photos/257949294/original.jpg,cc-by-nc,"(c) erikmer, some rights reserved (CC BY-NC)",erikmer,,2023-01-24,Panama,research,False,9.2228198488,-78.5097188572,2048,1536,no,quindiuense/inat-149675088-257949294-erikmer.jpg,
Spathiphyllum quindiuense,149675088,https://www.inaturalist.org/observations/149675088,257949314,https://inaturalist-open-data.s3.amazonaws.com/photos/257949314/original.jpg,cc-by-nc,"(c) erikmer, some rights reserved (CC BY-NC)",erikmer,,2023-01-24,Panama,research,False,9.2228198488,-78.5097188572,1536,2048,no,quindiuense/inat-149675088-257949314-erikmer.jpg,
Spathiphyllum quindiuense,115376231,https://www.inaturalist.org/observations/115376231,194737179,https://inaturalist-open-data.s3.amazonaws.com/photos/194737179/original.jpg,cc-by-nc,"(c) njweess, some rights reserved (CC BY-NC)",njweess,,2022-04-20,Panama,research,True,8.9158940028,-82.3823476556,1800,1200,no,quindiuense/inat-115376231-194737179-njweess.jpg,
Spathiphyllum quindiuense,63928875,https://www.inaturalist.org/observations/63928875,102686766,https://inaturalist-open-data.s3.amazonaws.com/photos/102686766/original.jpeg,cc-by-nc,"(c) ramon_d, some rights reserved (CC BY-NC)",ramon_d,,2020-10-31,"Guna Yala, Panama",research,False,9.2867985665,-79.0330407126,2048,1360,no,quindiuense/inat-63928875-102686766-ramon_d.jpeg,
Spathiphyllum quindiuense,63928875,https://www.inaturalist.org/observations/63928875,102686870,https://inaturalist-open-data.s3.amazonaws.com/photos/102686870/original.jpeg,cc-by-nc,"(c) ramon_d, some rights reserved (CC BY-NC)",ramon_d,,2020-10-31,"Guna Yala, Panama",research,False,9.2867985665,-79.0330407126,2048,1360,no,quindiuense/inat-63928875-102686870-ramon_d.jpeg,
Spathiphyllum quindiuense,63928875,https://www.inaturalist.org/observations/63928875,102686889,https://inaturalist-open-data.s3.amazonaws.com/photos/102686889/original.jpeg,cc-by-nc,"(c) ramon_d, some rights reserved (CC BY-NC)",ramon_d,,2020-10-31,"Guna Yala, Panama",research,False,9.2867985665,-79.0330407126,1360,2048,no,quindiuense/inat-63928875-102686889-ramon_d.jpeg,
Spathiphyllum quindiuense,63928875,https://www.inaturalist.org/observations/63928875,102686927,https://inaturalist-open-data.s3.amazonaws.com/photos/102686927/original.jpeg,cc-by-nc,"(c) ramon_d, some rights reserved (CC BY-NC)",ramon_d,,2020-10-31,"Guna Yala, Panama",research,False,9.2867985665,-79.0330407126,2048,1360,no,quindiuense/inat-63928875-102686927-ramon_d.jpeg,
Spathiphyllum quindiuense,63928875,https://www.inaturalist.org/observations/63928875,102686944,https://inaturalist-open-data.s3.amazonaws.com/photos/102686944/original.jpeg,cc-by-nc,"(c) ramon_d, some rights reserved (CC BY-NC)",ramon_d,,2020-10-31,"Guna Yala, Panama",research,False,9.2867985665,-79.0330407126,1360,2048,no,quindiuense/inat-63928875-102686944-ramon_d.jpeg,
Spathiphyllum quindiuense,58784680,https://www.inaturalist.org/observations/58784680,93873576,https://inaturalist-open-data.s3.amazonaws.com/photos/93873576/original.jpeg,cc-by-nc,"(c) ramon_d, some rights reserved (CC BY-NC)",ramon_d,,2020-02-22,Panama,research,False,9.2859342192,-79.3984642824,2048,1536,no,quindiuense/inat-58784680-93873576-ramon_d.jpeg,
Spathiphyllum quindiuense,58784680,https://www.inaturalist.org/observations/58784680,93873735,https://inaturalist-open-data.s3.amazonaws.com/photos/93873735/original.jpeg,cc-by-nc,"(c) ramon_d, some rights reserved (CC BY-NC)",ramon_d,,2020-02-22,Panama,research,False,9.2859342192,-79.3984642824,2048,1536,no,quindiuense/inat-58784680-93873735-ramon_d.jpeg,
Spathiphyllum quindiuense,58784680,https://www.inaturalist.org/observations/58784680,93873853,https://inaturalist-open-data.s3.amazonaws.com/photos/93873853/original.jpeg,cc-by-nc,"(c) ramon_d, some rights reserved (CC BY-NC)",ramon_d,,2020-02-22,Panama,research,False,9.2859342192,-79.3984642824,2048,1536,no,quindiuense/inat-58784680-93873853-ramon_d.jpeg,
Spathiphyllum silvicola,257195056,https://www.inaturalist.org/observations/257195056,461326559,https://inaturalist-open-data.s3.amazonaws.com/photos/461326559/original.jpeg,cc-by-nc,"(c) Leonardo Álvarez-Alcázar, some rights reserved (CC BY-NC)",leo_alvalc,Leonardo Álvarez-Alcázar,2024-12-12,"Provincia de Puntarenas, Golfito, Costa Rica",needs_id,False,8.6713980054,-83.2570463419,1536,2048,no,silvicola/inat-257195056-461326559-leo_alvalc.jpeg,
Spathiphyllum silvicola,175305842,https://www.inaturalist.org/observations/175305842,304648414,https://inaturalist-open-data.s3.amazonaws.com/photos/304648414/original.jpeg,cc-by-nc,"(c) Leonardo Álvarez-Alcázar, some rights reserved (CC BY-NC)",leo_alvalc,Leonardo Álvarez-Alcázar,2023-06-26,"Provincia de Puntarenas, Osa, Costa Rica",needs_id,False,8.6780027236,-83.6980819351,1536,2048,no,silvicola/inat-175305842-304648414-leo_alvalc.jpeg,
Spathiphyllum silvicola,111013492,https://www.inaturalist.org/observations/111013492,187359039,https://inaturalist-open-data.s3.amazonaws.com/photos/187359039/original.jpeg,cc-by-nc,"(c) Kim Brown, some rights reserved (CC BY-NC)",kim323,Kim Brown,2022-04-10,"Puntarenas Province, Costa Rica",research,False,8.7850444444,-82.9604916667,1536,2048,no,silvicola/inat-111013492-187359039-kim323.jpeg,
Spathiphyllum silvicola,111013492,https://www.inaturalist.org/observations/111013492,187359077,https://inaturalist-open-data.s3.amazonaws.com/photos/187359077/original.jpeg,cc-by-nc,"(c) Kim Brown, some rights reserved (CC BY-NC)",kim323,Kim Brown,2022-04-10,"Puntarenas Province, Costa Rica",research,False,8.7850444444,-82.9604916667,1536,2048,no,silvicola/inat-111013492-187359077-kim323.jpeg,
Spathiphyllum uspanapaense,395291218,https://www.inaturalist.org/observations/395291218,724724344,https://inaturalist-open-data.s3.amazonaws.com/photos/724724344/original.jpg,cc-by-nc,"(c) edgarku, some rights reserved (CC BY-NC)",edgarku,,2026-07-30,"San Andrés Tuxtla, Ver., México",needs_id,False,18.5900311014,-95.0837070772,924,1064,no,uspanapaense/inat-395291218-724724344-edgarku.jpg,
Spathiphyllum wallisii,404427084,https://www.inaturalist.org/observations/404427084,742700726,https://inaturalist-open-data.s3.amazonaws.com/photos/742700726/original.jpg,cc-by-nc,"(c) indurangiumansha, some rights reserved (CC BY-NC)",indurangiumansha,,2026-09-28,"Colombo, Sri Lanka",needs_id,False,6.8220892689,80.0420849293,1200,1600,no,wallisii/inat-404427084-742700726-indurangiumansha.jpg,
Spathiphyllum wallisii,404084748,https://www.inaturalist.org/observations/404084748,742006823,https://inaturalist-open-data.s3.amazonaws.com/photos/742006823/original.jpg,cc-by-nc,"(c) mclopezm1, some rights reserved (CC BY-NC)",mclopezm1,,2026-09-27,"El Poblado, Medellín, El Poblado, Medellín, Antioquia, Colombia",needs_id,False,6.2090645,-75.5676977,1536,2048,no,wallisii/inat-404084748-742006823-mclopezm1.jpg,
Spathiphyllum wallisii,403834852,https://www.inaturalist.org/observations/403834852,741522547,https://static.inaturalist.org/photos/741522547/original.jpg,all-rights-reserved,"(c) Peter Jones, all rights reserved",peterdjones,Peter Jones,2026-09-16,Costa Rica,needs_id,True,10.6031574125,-84.3782673973,1536,2048,no,wallisii/inat-403834852-741522547-peterdjones.jpg,
Spathiphyllum wallisii,403758250,https://www.inaturalist.org/observations/403758250,741375097,https://inaturalist-open-data.s3.amazonaws.com/photos/741375097/original.jpg,cc-by-nc,"(c) Lockesha Harry, some rights reserved (CC BY-NC)",lockesha,Lockesha Harry,2026-09-26,"Airport Road, Saint Vincent and the Grenadines, VC",needs_id,False,12.8863952171,-61.1797299276,1152,2048,no,wallisii/inat-403758250-741375097-lockesha.jpg,
Spathiphyllum wallisii,403550820,https://www.inaturalist.org/observations/403550820,740961331,https://inaturalist-open-data.s3.amazonaws.com/photos/740961331/original.jpg,cc-by-nc,"(c) Regina Affonso, some rights reserved (CC BY-NC)",regina81652,Regina Affonso,2026-09-26,"Rio de Janeiro, BR-RJ, BR",research,False,-22.9607433333,-43.1750266667,2048,2048,no,wallisii/inat-403550820-740961331-regina81652.jpg,
Spathiphyllum wallisii,403213015,https://www.inaturalist.org/observations/403213015,740296462,https://inaturalist-open-data.s3.amazonaws.com/photos/740296462/original.jpg,cc-by-nc,"(c) Blanch Velasco, some rights reserved (CC BY-NC)",arrabis_mangosteen,Blanch Velasco,2026-09-25,"Davao City, Davao, PH",needs_id,False,7.1310805,125.3827366667,2048,1536,no,wallisii/inat-403213015-740296462-arrabis_mangosteen.jpg,
Spathiphyllum wallisii,403189989,https://www.inaturalist.org/observations/403189989,740252589,https://inaturalist-open-data.s3.amazonaws.com/photos/740252589/original.jpg,cc-by-nc,"(c) calim_11mx3, some rights reserved (CC BY-NC)",calim_11mx3,,2026-09-25,"49JJ+CWF, Calinan District, Davao City, Davao del Sur, Philippines",needs_id,False,7.13066409,125.3822011797,1536,2048,no,wallisii/inat-403189989-740252589-calim_11mx3.jpg,
Spathiphyllum wallisii,403145391,https://www.inaturalist.org/observations/403145391,740161076,https://inaturalist-open-data.s3.amazonaws.com/photos/740161076/original.jpg,cc-by-nc,"(c) taetae18, some rights reserved (CC BY-NC)",taetae18,,2026-09-24,"SW Indian Key Dr, Port Saint Lucie, FL, US",needs_id,False,27.3044616667,-80.37702,1152,2048,no,wallisii/inat-403145391-740161076-taetae18.jpg,
Spathiphyllum wallisii,402961686,https://www.inaturalist.org/observations/402961686,739805132,https://inaturalist-open-data.s3.amazonaws.com/photos/739805132/original.jpg,cc-by-nc,"(c) Rathunam, some rights reserved (CC BY-NC)",rathunam,Rathunam,2026-06-12,"Q6F5+WV8, Yercaud, Tamil Nadu 636601, India",needs_id,False,11.7747918065,78.2097052038,1080,1159,no,wallisii/inat-402961686-739805132-rathunam.jpg,
Spathiphyllum wallisii,402665738,https://www.inaturalist.org/observations/402665738,739232230,https://inaturalist-open-data.s3.amazonaws.com/photos/739232230/original.jpg,cc-by-nc,"(c) Choirur Rokhis, some rights reserved (CC BY-NC)",choirurrokhis,Choirur Rokhis,2026-09-16,"289H+549 Pgsd Universitas Semarang, Wonosari, Kec. Ngaliyan, Kota Semarang, Jawa Tengah 50244, Indonesia",needs_id,False,-6.9823904157,110.3278492391,1536,2048,no,wallisii/inat-402665738-739232230-choirurrokhis.jpg,
Spathiphyllum wallisii,402051419,https://www.inaturalist.org/observations/402051419,738024130,https://inaturalist-open-data.s3.amazonaws.com/photos/738024130/original.jpg,cc-by-nc,"(c) natatatat23, some rights reserved (CC BY-NC)",natatatat23,,2026-09-20,,needs_id,True,,,1152,2048,no,wallisii/inat-402051419-738024130-natatatat23.jpg,
Spathiphyllum wallisii,401740002,https://www.inaturalist.org/observations/401740002,737399587,https://inaturalist-open-data.s3.amazonaws.com/photos/737399587/original.jpg,cc-by-nc,"(c) Rkzon Solva, some rights reserved (CC BY-NC)",richardsilva,Rkzon Solva,2026-09-19,"Rio Branco, AC, BR",needs_id,False,-10.018675,-67.534905,1536,2048,no,wallisii/inat-401740002-737399587-richardsilva.jpg,
Spathiphyllum wallisii,401517414,https://www.inaturalist.org/observations/401517414,736967031,https://inaturalist-open-data.s3.amazonaws.com/photos/736967031/original.jpg,cc-by-nc,"(c) millenepalha, some rights reserved (CC BY-NC)",millenepalha,,2026-09-19,"Aléia Cândido Baptista, Rio de Janeiro, RJ, BR",needs_id,False,-22.9676131338,-43.2209590529,1536,2048,no,wallisii/inat-401517414-736967031-millenepalha.jpg,
Spathiphyllum wallisii,401517414,https://www.inaturalist.org/observations/401517414,736967078,https://inaturalist-open-data.s3.amazonaws.com/photos/736967078/original.jpg,cc-by-nc,"(c) millenepalha, some rights reserved (CC BY-NC)",millenepalha,,2026-09-19,"Aléia Cândido Baptista, Rio de Janeiro, RJ, BR",needs_id,False,-22.9676131338,-43.2209590529,1536,2048,no,wallisii/inat-401517414-736967078-millenepalha.jpg,
Spathiphyllum wallisii,401517414,https://www.inaturalist.org/observations/401517414,736967115,https://inaturalist-open-data.s3.amazonaws.com/photos/736967115/original.jpg,cc-by-nc,"(c) millenepalha, some rights reserved (CC BY-NC)",millenepalha,,2026-09-19,"Aléia Cândido Baptista, Rio de Janeiro, RJ, BR",needs_id,False,-22.9676131338,-43.2209590529,1536,2048,no,wallisii/inat-401517414-736967115-millenepalha.jpg,
Spathiphyllum wallisii,401480460,https://www.inaturalist.org/observations/401480460,736895524,https://inaturalist-open-data.s3.amazonaws.com/photos/736895524/original.jpg,cc-by-nc,"(c) nasko7, some rights reserved (CC BY-NC)",nasko7,,2026-09-19,,needs_id,True,,,1536,2048,no,wallisii/inat-401480460-736895524-nasko7.jpg,
Spathiphyllum wallisii,401246201,https://www.inaturalist.org/observations/401246201,736435303,https://inaturalist-open-data.s3.amazonaws.com/photos/736435303/original.jpg,cc-by-nc,"(c) Carlos, some rights reserved (CC BY-NC)",los2005,Carlos,2026-09-18,Naranjo de Alajuela,needs_id,False,10.1364965439,-84.3718185425,1536,2048,no,wallisii/inat-401246201-736435303-los2005.jpg,
Spathiphyllum wallisii,401242672,https://www.inaturalist.org/observations/401242672,736428883,https://inaturalist-open-data.s3.amazonaws.com/photos/736428883/original.jpg,cc-by-nc,"(c) shemonlimboo_02, some rights reserved (CC BY-NC)",shemonlimboo_02,,2026-09-18,"Gyalshing, Sikkim, India",needs_id,False,27.2885822602,88.2217735425,1536,2048,no,wallisii/inat-401242672-736428883-shemonlimboo_02.jpg,
Spathiphyllum wallisii,401198923,https://www.inaturalist.org/observations/401198923,736347240,https://inaturalist-open-data.s3.amazonaws.com/photos/736347240/original.jpg,cc-by-nc,"(c) Thimaphon Sirilap, some rights reserved (CC BY-NC)",thimaphon,Thimaphon Sirilap,2026-09-18,13 ตำบล คลองใหญ่ อำเภอ คลองใหญ่ ตราด 23110 ประเทศไทย,needs_id,False,11.7711227853,102.8812529705,1536,2048,no,wallisii/inat-401198923-736347240-thimaphon.jpg,
Spathiphyllum wallisii,401130755,https://www.inaturalist.org/observations/401130755,736214603,https://inaturalist-open-data.s3.amazonaws.com/photos/736214603/original.jpg,cc-by-nc,"(c) ahighton, some rights reserved (CC BY-NC)",ahighton,,2026-09-17,"Talamanca, Limon, CR",needs_id,False,9.717625,-82.8211583333,1152,2048,no,wallisii/inat-401130755-736214603-ahighton.jpg,
Spathiphyllum wallisii,400706942,https://www.inaturalist.org/observations/400706942,735371833,https://inaturalist-open-data.s3.amazonaws.com/photos/735371833/original.jpg,cc-by-nc,"(c) toniasofiroxi, some rights reserved (CC BY-NC)",toniasofiroxi,,2026-09-16,"Diagonal 32, Envigado, Antioquia, CO",needs_id,False,6.1672940174,-75.5819693976,1536,2048,no,wallisii/inat-400706942-735371833-toniasofiroxi.jpg,
Spathiphyllum wallisii,400679953,https://www.inaturalist.org/observations/400679953,735318414,https://inaturalist-open-data.s3.amazonaws.com/photos/735318414/original.jpg,cc-by-nc,"(c) marsellaaledya, some rights reserved (CC BY-NC)",marsellaaledya,,2026-09-16,"288H+V4W, Wonosari, Kec. Ngaliyan, Kota Semarang, Jawa Tengah 50244, Indonesia",needs_id,False,-6.9826310997,110.3276003997,1536,2048,no,wallisii/inat-400679953-735318414-marsellaaledya.jpg,
Spathiphyllum wallisii,399832833,https://www.inaturalist.org/observations/399832833,733619988,https://inaturalist-open-data.s3.amazonaws.com/photos/733619988/original.jpg,cc-by-nc,"(c) Jeremy Booysen, some rights reserved (CC BY-NC)",jeremy_booysen,Jeremy Booysen,2026-09-12,"Goldway, Ixopo, KwaZulu-Natal, ZA",needs_id,False,-30.1625263426,30.0589215857,1152,2048,no,wallisii/inat-399832833-733619988-jeremy_booysen.jpg,
Spathiphyllum wallisii,399775538,https://www.inaturalist.org/observations/399775538,733504362,https://inaturalist-open-data.s3.amazonaws.com/photos/733504362/original.jpg,cc-by-nc,"(c) Fernando Borda, some rights reserved (CC BY-NC)",fernando35258,Fernando Borda,2026-09-12,"La Ceja, CO-AN, CO",research,False,6.050039454,-75.4197741058,1536,2048,no,wallisii/inat-399775538-733504362-fernando35258.jpg,
Spathiphyllum wallisii,399725827,https://www.inaturalist.org/observations/399725827,733402014,https://inaturalist-open-data.s3.amazonaws.com/photos/733402014/original.jpg,cc-by-nc,"(c) luke_naturalist1, some rights reserved (CC BY-NC)",luke_naturalist1,,2026-06-13,"Orchard Ln, Sugar Land, TX, US",needs_id,False,29.6235318838,-95.624811648,1536,2048,no,wallisii/inat-399725827-733402014-luke_naturalist1.jpg,
Spathiphyllum wallisii,399533033,https://www.inaturalist.org/observations/399533033,733032125,https://inaturalist-open-data.s3.amazonaws.com/photos/733032125/original.jpg,cc-by-nc,"(c) katiagoldberg, some rights reserved (CC BY-NC)",katiagoldberg,,2026-08-06,"sendero área de colibris, Antigua Guatemala, Sacatepéquez, GT",needs_id,False,14.542375,-90.7127616667,1536,2048,no,wallisii/inat-399533033-733032125-katiagoldberg.jpg,
Spathiphyllum wallisii,399421029,https://www.inaturalist.org/observations/399421029,732808072,https://inaturalist-open-data.s3.amazonaws.com/photos/732808072/original.jpg,cc-by,"(c) Luis G Restrepo, some rights reserved (CC BY)",luchogu,Luis G Restrepo,2013-11-04,"Maribel, La Estrella, Antioquia, Colombia",needs_id,False,6.157919697,-75.6341797464,1536,2048,no,wallisii/inat-399421029-732808072-luchogu.jpg,
Spathiphyllum wallisii,399377590,https://www.inaturalist.org/observations/399377590,732726894,https://inaturalist-open-data.s3.amazonaws.com/photos/732726894/original.jpg,cc-by-nc,"(c) kjez, some rights reserved (CC BY-NC)",kjez,,2026-09-11,"Poulsbo, WA 98370, USA",needs_id,False,47.73272186,-122.62230261,1536,2048,no,wallisii/inat-399377590-732726894-kjez.jpg,
Spathiphyllum wallisii,399276468,https://www.inaturalist.org/observations/399276468,732530261,https://inaturalist-open-data.s3.amazonaws.com/photos/732530261/original.jpg,cc-by-nc,"(c) Isnaeny Rahma, some rights reserved (CC BY-NC)",isnaeny,Isnaeny Rahma,2026-09-11,"Uin Sunan Kalijaga Yogyakarta, Papringan, Caturtunggal, Kec. Depok, Kabupaten Sleman, Daerah Istimewa Yogyakarta 55281, Indonesia",needs_id,False,-7.7851666667,110.3933472222,1536,2048,no,wallisii/inat-399276468-732530261-isnaeny.jpg,
Spathiphyllum wallisii,399127436,https://www.inaturalist.org/observations/399127436,732240030,https://inaturalist-open-data.s3.amazonaws.com/photos/732240030/original.jpg,cc-by-nc,"(c) majomoyanoag, some rights reserved (CC BY-NC)",majomoyanoag,,2026-09-10,"Arcabuco, Boyacá, Colombia",needs_id,False,5.7563361111,-73.4363166667,1536,2048,no,wallisii/inat-399127436-732240030-majomoyanoag.jpg,
Spathiphyllum wallisii,398638811,https://www.inaturalist.org/observations/398638811,731301511,https://static.inaturalist.org/photos/731301511/original.jpg,all-rights-reserved,"(c) Kellen Vance, all rights reserved",kelly-welly,Kellen Vance,2026-07-28,"Monteverde Cloud Forest Reserve, Puntarenas, CR",needs_id,False,10.2995966715,-84.7913883333,2048,1536,no,wallisii/inat-398638811-731301511-kelly-welly.jpg,
Spathiphyllum wallisii,398638811,https://www.inaturalist.org/observations/398638811,731301481,https://static.inaturalist.org/photos/731301481/original.jpg,all-rights-reserved,"(c) Kellen Vance, all rights reserved",kelly-welly,Kellen Vance,2026-07-28,"Monteverde Cloud Forest Reserve, Puntarenas, CR",needs_id,False,10.2995966715,-84.7913883333,2048,1536,no,wallisii/inat-398638811-731301481-kelly-welly.jpg,
Spathiphyllum wallisii,398628504,https://www.inaturalist.org/observations/398628504,731279882,https://inaturalist-open-data.s3.amazonaws.com/photos/731279882/original.jpg,cc-by-nc,"(c) Pratista Nareswari, some rights reserved (CC BY-NC)",pratista1,Pratista Nareswari,2026-09-09,"Semarang, Central Java, ID",needs_id,False,-6.9826583333,110.327605,1536,2048,no,wallisii/inat-398628504-731279882-pratista1.jpg,
Spathiphyllum wallisii,398590261,https://www.inaturalist.org/observations/398590261,731202571,https://inaturalist-open-data.s3.amazonaws.com/photos/731202571/original.jpg,cc-by-nc,"(c) najwazahira, some rights reserved (CC BY-NC)",najwazahira,,2026-09-09,"Semarang, Central Java, ID",needs_id,False,-6.9825883333,110.327605,1152,2048,no,wallisii/inat-398590261-731202571-najwazahira.jpg,
Spathiphyllum wallisii,398043580,https://www.inaturalist.org/observations/398043580,730137049,https://inaturalist-open-data.s3.amazonaws.com/photos/730137049/original.jpg,cc-by-nc,"(c) Adya Suman, some rights reserved (CC BY-NC)",adya_suman,Adya Suman,2026-09-07,"Badariya Nagar Road, Taliparamba, Kerala, IN",needs_id,False,12.0392736834,75.3789231622,1536,2048,no,wallisii/inat-398043580-730137049-adya_suman.jpg,
Spathiphyllum wallisii,397993933,https://www.inaturalist.org/observations/397993933,730039139,https://inaturalist-open-data.s3.amazonaws.com/photos/730039139/original.jpg,cc-by-nc,"(c) Ronil Tataria, some rights reserved (CC BY-NC)",ronil_tataria,Ronil Tataria,2026-09-06,"San Ramon, Alajuela, CR",needs_id,False,10.0698333333,-84.5042716667,1536,2048,no,wallisii/inat-397993933-730039139-ronil_tataria.jpg,
Spathiphyllum wallisii,397169694,https://www.inaturalist.org/observations/397169694,728418445,https://inaturalist-open-data.s3.amazonaws.com/photos/728418445/original.jpg,cc-by,"(c) Tom Field, some rights reserved (CC BY)",tomfeild,Tom Field,2022-03-29,"Puntarenas Province, Monteverde, Costa Rica",needs_id,False,10.3044109717,-84.794025,1536,2048,no,wallisii/inat-397169694-728418445-tomfeild.jpg,
Spathiphyllum wallisii,397169694,https://www.inaturalist.org/observations/397169694,728418422,https://inaturalist-open-data.s3.amazonaws.com/photos/728418422/original.jpg,cc-by,"(c) Tom Field, some rights reserved (CC BY)",tomfeild,Tom Field,2022-03-29,"Puntarenas Province, Monteverde, Costa Rica",needs_id,False,10.3044109717,-84.794025,1536,2048,no,wallisii/inat-397169694-728418422-tomfeild.jpg,
Spathiphyllum wallisii,397169694,https://www.inaturalist.org/observations/397169694,728418423,https://inaturalist-open-data.s3.amazonaws.com/photos/728418423/original.jpg,cc-by,"(c) Tom Field, some rights reserved (CC BY)",tomfeild,Tom Field,2022-03-29,"Puntarenas Province, Monteverde, Costa Rica",needs_id,False,10.3044109717,-84.794025,2048,1536,no,wallisii/inat-397169694-728418423-tomfeild.jpg,
Spathiphyllum wallisii,396593997,https://www.inaturalist.org/observations/396593997,727298396,https://inaturalist-open-data.s3.amazonaws.com/photos/727298396/original.jpg,cc-by-nc,"(c) raisha_aprillita, some rights reserved (CC BY-NC)",raisha_aprillita,,2026-09-02,"288H+V4W, Wonosari, Kec. Ngaliyan, Kota Semarang, Jawa Tengah 50244, Indonesia",needs_id,False,-6.9827666667,110.3277138889,1536,2048,no,wallisii/inat-396593997-727298396-raisha_aprillita.jpg,
Spathiphyllum wallisii,396376710,https://www.inaturalist.org/observations/396376710,726909041,https://inaturalist-open-data.s3.amazonaws.com/photos/726909041/original.jpg,cc-by-nc,"(c) Rajib Rudra Tariang, some rights reserved (CC BY-NC)",rajibrudratariang,Rajib Rudra Tariang,2026-09-01,"Lakhipathar Block, Assam, India",needs_id,False,27.349245,95.5041716667,1365,2048,no,wallisii/inat-396376710-726909041-rajibrudratariang.jpg,
Spathiphyllum wallisii,396265029,https://www.inaturalist.org/observations/396265029,726692197,https://static.inaturalist.org/photos/726692197/original.jpg,all-rights-reserved,"(c) Vincent W., all rights reserved",vinwin,Vincent W.,2026-08-23,"H9GC+FR, Las Metalias, Atlántida, Honduras",needs_id,False,15.5758259853,-87.6298756905,2048,1365,no,wallisii/inat-396265029-726692197-vinwin.jpg,
Spathiphyllum wallisii,396265029,https://www.inaturalist.org/observations/396265029,726692666,https://static.inaturalist.org/photos/726692666/original.jpg,all-rights-reserved,"(c) Vincent W., all rights reserved",vinwin,Vincent W.,2026-08-23,"H9GC+FR, Las Metalias, Atlántida, Honduras",needs_id,False,15.5758259853,-87.6298756905,2048,1365,no,wallisii/inat-396265029-726692666-vinwin.jpg,
Spathiphyllum wallisii,396265029,https://www.inaturalist.org/observations/396265029,726692660,https://static.inaturalist.org/photos/726692660/original.jpg,all-rights-reserved,"(c) Vincent W., all rights reserved",vinwin,Vincent W.,2026-08-23,"H9GC+FR, Las Metalias, Atlántida, Honduras",needs_id,False,15.5758259853,-87.6298756905,2048,1365,no,wallisii/inat-396265029-726692660-vinwin.jpg,
Spathiphyllum wallisii,395107468,https://www.inaturalist.org/observations/395107468,724428093,https://inaturalist-open-data.s3.amazonaws.com/photos/724428093/original.jpg,cc-by-nc,"(c) sainsrakyat, some rights reserved (CC BY-NC)",sainsrakyat,,2026-08-20,"Summit Road, Ayer Itam, Penang, MY",needs_id,False,5.4156666667,100.2619866667,1152,2048,no,wallisii/inat-395107468-724428093-sainsrakyat.jpg,
Spathiphyllum wallisii,395107468,https://www.inaturalist.org/observations/395107468,724428089,https://inaturalist-open-data.s3.amazonaws.com/photos/724428089/original.jpg,cc-by-nc,"(c) sainsrakyat, some rights reserved (CC BY-NC)",sainsrakyat,,2026-08-20,"Summit Road, Ayer Itam, Penang, MY",needs_id,False,5.4156666667,100.2619866667,1152,2048,no,wallisii/inat-395107468-724428089-sainsrakyat.jpg,
Spathiphyllum wallisii,394972222,https://www.inaturalist.org/observations/394972222,724161355,https://inaturalist-open-data.s3.amazonaws.com/photos/724161355/original.jpg,cc-by-nc,"(c) Aliaksandr Mialik, some rights reserved (CC BY-NC)",aliaksandarmialik,Aliaksandr Mialik,2026-08-26,"Lida, BY-HR, BY",needs_id,False,53.89044542,25.21390428,1536,2048,no,wallisii/inat-394972222-724161355-aliaksandarmialik.jpg,
Spathiphyllum wallisii,394616917,https://www.inaturalist.org/observations/394616917,723463840,https://inaturalist-open-data.s3.amazonaws.com/photos/723463840/original.jpg,cc-by-nc,"(c) dewi_jumiarni, some rights reserved (CC BY-NC)",dewi_jumiarni,,2026-08-26,"67RG+W2M, Kandang Limun, Kec. Muara Bangka Hulu, Kota Bengkulu, Bengkulu 38119, Indonesia",needs_id,False,-3.75769627,102.27515455,1536,2048,no,wallisii/inat-394616917-723463840-dewi_jumiarni.jpg,
Spathiphyllum wallisii,394427151,https://www.inaturalist.org/observations/394427151,723091826,https://inaturalist-open-data.s3.amazonaws.com/photos/723091826/original.jpg,cc-by-nc,"(c) Noam Hernández Pagany, some rights reserved (CC BY-NC)",pandecoco,Noam Hernández Pagany,2026-08-23,"Tela, Atlántida, Honduras",needs_id,False,15.5761334495,-87.6287860609,1536,2048,no,wallisii/inat-394427151-723091826-pandecoco.jpg,
Spathiphyllum wallisii,394406884,https://www.inaturalist.org/observations/394406884,723054071,https://inaturalist-open-data.s3.amazonaws.com/photos/723054071/original.jpg,cc-by-nc,"(c) jmasis, some rights reserved (CC BY-NC)",jmasis,,2026-08-25,"Calle Selvamar, Garabito, Puntarenas, CR",needs_id,False,9.7,-84.6599366667,2048,1536,no,wallisii/inat-394406884-723054071-jmasis.jpg,
Spathiphyllum wallisii,394044814,https://www.inaturalist.org/observations/394044814,722339459,https://static.inaturalist.org/photos/722339459/original.jpg,all-rights-reserved,"(c) Jeff Young, all rights reserved",jeffyoung,Jeff Young,2026-08-23,"Keanae Arboretum Walk, Haiku, HI, US",needs_id,False,20.8556716667,-156.1498111667,1536,2048,no,wallisii/inat-394044814-722339459-jeffyoung.jpg,
Spathiphyllum wallisii,393630103,https://www.inaturalist.org/observations/393630103,721518346,https://static.inaturalist.org/photos/721518346/original.jpg,all-rights-reserved,"(c) Toby Quillin, all rights reserved",toby_quillin,Toby Quillin,2026-08-18,"Paraíso, CR-CA, CR",needs_id,False,9.8279405997,-83.8364423,2048,1536,no,wallisii/inat-393630103-721518346-toby_quillin.jpg,
Spathiphyllum wallisii,392785090,https://www.inaturalist.org/observations/392785090,719867994,https://static.inaturalist.org/photos/719867994/original.jpg,all-rights-reserved,"(c) Gabriel Quezada, all rights reserved",gabriel76156,Gabriel Quezada,2026-08-19,"Girón, Santander, Colombia",needs_id,False,7.0614345,-73.1681062,1536,2048,no,wallisii/inat-392785090-719867994-gabriel76156.jpg,
Spathiphyllum wallisii,392453412,https://www.inaturalist.org/observations/392453412,719223603,https://inaturalist-open-data.s3.amazonaws.com/photos/719223603/original.jpg,cc-by-nc,"(c) Havin Yang, some rights reserved (CC BY-NC)",havin4,Havin Yang,2026-08-18,"Paraiso, Cartago, CR",needs_id,False,9.827925,-83.8365783333,1536,2048,no,wallisii/inat-392453412-719223603-havin4.jpg,
Spathiphyllum wallisii,392265141,https://www.inaturalist.org/observations/392265141,718854313,https://static.inaturalist.org/photos/718854313/original.jpg,all-rights-reserved,"(c) Frederik Leck Fischer, all rights reserved",arachon,Frederik Leck Fischer,2026-08-03,"Puntarenas, CR",needs_id,False,10.2718633333,-84.8310166667,1536,2048,no,wallisii/inat-392265141-718854313-arachon.jpg,
Spathiphyllum wallisii,392250534,https://www.inaturalist.org/observations/392250534,718823920,https://inaturalist-open-data.s3.amazonaws.com/photos/718823920/original.jpg,cc-by-nc,"(c) JamesPasihiru, some rights reserved (CC BY-NC)",jamespasihiru,JamesPasihiru,2026-08-18,"HVPX+V4J, Tandai, Solomon Islands",needs_id,False,-9.4134596363,159.8976482637,1536,2048,no,wallisii/inat-392250534-718823920-jamespasihiru.jpg,
Spathiphyllum wallisii,391993393,https://www.inaturalist.org/observations/391993393,718325320,https://inaturalist-open-data.s3.amazonaws.com/photos/718325320/original.jpg,cc-by-nc,"(c) Zia Jye Andog, some rights reserved (CC BY-NC)",zia_jye,Zia Jye Andog,2026-08-17,"3WR3+GG, Zamboanga City, Zamboanga del Sur, Philippines",needs_id,False,7.0912101,121.9043962,1542,2048,no,wallisii/inat-391993393-718325320-zia_jye.jpg,
Spathiphyllum wallisii,391150218,https://www.inaturalist.org/observations/391150218,716689698,https://inaturalist-open-data.s3.amazonaws.com/photos/716689698/original.jpg,cc-by-nc,"(c) angelineguevara, some rights reserved (CC BY-NC)",angelineguevara,,2026-08-14,Orlando,needs_id,False,28.589515686,-81.3912353516,2048,1676,no,wallisii/inat-391150218-716689698-angelineguevara.jpg,
Spathiphyllum wallisii,390660596,https://www.inaturalist.org/observations/390660596,715733959,https://inaturalist-open-data.s3.amazonaws.com/photos/715733959/original.jpg,cc-by-nc,"(c) Luis, some rights reserved (CC BY-NC)",lsalazar2310,Luis,2026-08-06,"Pococi, Limon, CR",needs_id,False,10.5500466667,-83.5077133333,1536,2048,no,wallisii/inat-390660596-715733959-lsalazar2310.jpg,
Spathiphyllum wallisii,390660596,https://www.inaturalist.org/observations/390660596,715733999,https://inaturalist-open-data.s3.amazonaws.com/photos/715733999/original.jpg,cc-by-nc,"(c) Luis, some rights reserved (CC BY-NC)",lsalazar2310,Luis,2026-08-06,"Pococi, Limon, CR",needs_id,False,10.5500466667,-83.5077133333,1536,2048,no,wallisii/inat-390660596-715733999-lsalazar2310.jpg,
Spathiphyllum wallisii,390196722,https://www.inaturalist.org/observations/390196722,714831786,https://inaturalist-open-data.s3.amazonaws.com/photos/714831786/original.jpg,cc-by-nc,"(c) kendallstephan, some rights reserved (CC BY-NC)",kendallstephan,,2026-05-15,"Cat Hai, Hai Phong, VN",needs_id,False,20.795555,106.9955883333,1536,2048,no,wallisii/inat-390196722-714831786-kendallstephan.jpg,
Spathiphyllum wallisii,389810316,https://www.inaturalist.org/observations/389810316,714067065,https://inaturalist-open-data.s3.amazonaws.com/photos/714067065/original.jpg,cc-by-nc,"(c) Willfredo Chub, some rights reserved (CC BY-NC)",willfredochub,Willfredo Chub,2026-08-09,"San Andres, Guatemala",needs_id,False,17.5730299078,-90.6773047149,2048,1152,no,wallisii/inat-389810316-714067065-willfredochub.jpg,
Spathiphyllum wallisii,389810316,https://www.inaturalist.org/observations/389810316,714067138,https://inaturalist-open-data.s3.amazonaws.com/photos/714067138/original.jpg,cc-by-nc,"(c) Willfredo Chub, some rights reserved (CC BY-NC)",willfredochub,Willfredo Chub,2026-08-09,"San Andres, Guatemala",needs_id,False,17.5730299078,-90.6773047149,2048,1152,no,wallisii/inat-389810316-714067138-willfredochub.jpg,
Spathiphyllum wallisii,388980934,https://www.inaturalist.org/observations/388980934,712483788,https://static.inaturalist.org/photos/712483788/original.jpg,all-rights-reserved,"(c) наталья копылова, all rights reserved",mint_purple_naturalist,наталья копылова,2025-11-17,"Lake Drive, Central Province, LK",needs_id,False,7.2684638947,80.5967672077,1152,2048,no,wallisii/inat-388980934-712483788-mint_purple_naturalist.jpg,
Spathiphyllum wallisii,387596415,https://www.inaturalist.org/observations/387596415,709769741,https://inaturalist-open-data.s3.amazonaws.com/photos/709769741/original.jpg,cc-by-nc,"(c) Andreas Duckwe, some rights reserved (CC BY-NC)",anduck,Andreas Duckwe,2026-01-11,"Charlotte, St. Vincent und die Grenadinen",needs_id,False,13.2075583333,-61.1877555556,1536,2048,no,wallisii/inat-387596415-709769741-anduck.jpg,
Spathiphyllum wallisii,387159156,https://www.inaturalist.org/observations/387159156,708927553,https://inaturalist-open-data.s3.amazonaws.com/photos/708927553/original.jpg,cc-by-nc,"(c) lilliap, some rights reserved (CC BY-NC)",lilliap,,2026-07-31,"Oropéndola, Liberia, Guanacaste, CR",needs_id,False,10.7527813407,-85.3793447962,1152,2048,no,wallisii/inat-387159156-708927553-lilliap.jpg,
Spathiphyllum wallisii,386849349,https://www.inaturalist.org/observations/386849349,708336399,https://inaturalist-open-data.s3.amazonaws.com/photos/708336399/original.jpg,cc-by-nc,"(c) Alexis Mancia, some rights reserved (CC BY-NC)",alexis17590,Alexis Mancia,2026-07-30,"JJ9V+H3, Cantón El Cacique, El Salvador",needs_id,False,13.6189562355,-89.3585017696,1536,2048,no,wallisii/inat-386849349-708336399-alexis17590.jpg,
Spathiphyllum wallisii,386173356,https://www.inaturalist.org/observations/386173356,707068066,https://inaturalist-open-data.s3.amazonaws.com/photos/707068066/original.jpg,cc-by-nc,"(c) guentermoeller, some rights reserved (CC BY-NC)",guentermoeller,,2026-07-29,Bandung,needs_id,False,-6.8572669029,107.6339416504,1152,2048,no,wallisii/inat-386173356-707068066-guentermoeller.jpg,
Spathiphyllum wallisii,386150168,https://www.inaturalist.org/observations/386150168,706999343,https://inaturalist-open-data.s3.amazonaws.com/photos/706999343/original.jpg,cc-by-nc,"(c) EUgalde, some rights reserved (CC BY-NC)",eugalde,EUgalde,2026-07-28,"Provincia de Alajuela, Grecia, Costa Rica",needs_id,False,10.1334228166,-84.2598503415,1639,2048,no,wallisii/inat-386150168-706999343-eugalde.jpg,
Spathiphyllum wallisii,386068269,https://www.inaturalist.org/observations/386068269,706839920,https://inaturalist-open-data.s3.amazonaws.com/photos/706839920/original.jpg,cc-by-nc-nd,"(c) Andrea Vannini - Environmental Biologist, some rights reserved (CC BY-NC-ND)",dr_andreavannini,Andrea Vannini - Environmental Biologist,2026-06-22,"Siquirres, Limón, Siquirres, Costa Rica",needs_id,False,10.0576638889,-83.5480027778,1542,2048,no,wallisii/inat-386068269-706839920-dr_andreavannini.jpg,
Spathiphyllum wallisii,386068269,https://www.inaturalist.org/observations/386068269,706840042,https://inaturalist-open-data.s3.amazonaws.com/photos/706840042/original.jpg,cc-by-nc-nd,"(c) Andrea Vannini - Environmental Biologist, some rights reserved (CC BY-NC-ND)",dr_andreavannini,Andrea Vannini - Environmental Biologist,2026-06-22,"Siquirres, Limón, Siquirres, Costa Rica",needs_id,False,10.0576638889,-83.5480027778,1542,2048,no,wallisii/inat-386068269-706840042-dr_andreavannini.jpg,
Spathiphyllum wallisii,385865686,https://www.inaturalist.org/observations/385865686,706452480,https://inaturalist-open-data.s3.amazonaws.com/photos/706452480/original.jpg,cc-by-nc,"(c) Karina V, some rights reserved (CC BY-NC)",ashlyk,Karina V,2025-04-26,"8937+RG, San José, Pérez Zeledón, Costa Rica",research,False,9.3034211,-83.6347881,1152,2048,no,wallisii/inat-385865686-706452480-ashlyk.jpg,
Spathiphyllum wallisii,385865686,https://www.inaturalist.org/observations/385865686,706452507,https://inaturalist-open-data.s3.amazonaws.com/photos/706452507/original.jpg,cc-by-nc,"(c) Karina V, some rights reserved (CC BY-NC)",ashlyk,Karina V,2025-04-26,"8937+RG, San José, Pérez Zeledón, Costa Rica",research,False,9.3034211,-83.6347881,1152,2048,no,wallisii/inat-385865686-706452507-ashlyk.jpg,
Spathiphyllum wallisii,385865686,https://www.inaturalist.org/observations/385865686,706456011,https://inaturalist-open-data.s3.amazonaws.com/photos/706456011/original.jpg,cc-by-nc,"(c) Karina V, some rights reserved (CC BY-NC)",ashlyk,Karina V,2025-04-26,"8937+RG, San José, Pérez Zeledón, Costa Rica",research,False,9.3034211,-83.6347881,1152,2048,no,wallisii/inat-385865686-706456011-ashlyk.jpg,
Spathiphyllum wallisii,385709010,https://www.inaturalist.org/observations/385709010,706144388,https://inaturalist-open-data.s3.amazonaws.com/photos/706144388/original.jpg,cc-by-nc,"(c) bobavett, some rights reserved (CC BY-NC)",bobavett,,2026-07-27,"Abangares, CR-GU, CR",needs_id,False,10.3385678375,-84.8016188832,1536,2048,no,wallisii/inat-385709010-706144388-bobavett.jpg,
Spathiphyllum wallisii,385197309,https://www.inaturalist.org/observations/385197309,705185630,https://inaturalist-open-data.s3.amazonaws.com/photos/705185630/original.jpg,cc-by-nc,"(c) Alex, some rights reserved (CC BY-NC)",alexmclachlan,Alex,2026-05-26,"Matutinao, Badian, Cebu, Philippines",needs_id,False,9.8012581,123.3740566997,1536,2048,no,wallisii/inat-385197309-705185630-alexmclachlan.jpg,
Spathiphyllum wallisii,385197309,https://www.inaturalist.org/observations/385197309,705185662,https://inaturalist-open-data.s3.amazonaws.com/photos/705185662/original.jpg,cc-by-nc,"(c) Alex, some rights reserved (CC BY-NC)",alexmclachlan,Alex,2026-05-26,"Matutinao, Badian, Cebu, Philippines",needs_id,False,9.8012581,123.3740566997,1536,2048,no,wallisii/inat-385197309-705185662-alexmclachlan.jpg,
Spathiphyllum wallisii,384999447,https://www.inaturalist.org/observations/384999447,704798731,https://inaturalist-open-data.s3.amazonaws.com/photos/704798731/original.jpg,cc-by-nc,"(c) Andrea Garcia, some rights reserved (CC BY-NC)",andrea64550,Andrea Garcia,2026-07-25,"33VW+6GW, Nueva esperanza, El Paraíso, Honduras",needs_id,False,14.09337775,-86.9029125167,1536,2048,no,wallisii/inat-384999447-704798731-andrea64550.jpg,
Spathiphyllum wallisii,384784217,https://www.inaturalist.org/observations/384784217,704392230,https://inaturalist-open-data.s3.amazonaws.com/photos/704392230/original.jpg,cc-by-nc,"(c) Reena Shakya, some rights reserved (CC BY-NC)",reena71577,Reena Shakya,2026-07-25,"842C+79R, Abhepur, Haryana 122102, India",needs_id,False,28.300145,77.11997,1542,2048,no,wallisii/inat-384784217-704392230-reena71577.jpg,
Spathiphyllum wallisii,384459773,https://www.inaturalist.org/observations/384459773,703768613,https://inaturalist-open-data.s3.amazonaws.com/photos/703768613/original.jpg,cc-by-nc,"(c) soulflower_ecological, some rights reserved (CC BY-NC)",soulflower_ecological,,2017-03-11,"Cahuita National Park, Talamanca, Limon, CR",needs_id,False,9.7171649058,-82.8211380635,1536,2048,no,wallisii/inat-384459773-703768613-soulflower_ecological.jpg,
Spathiphyllum wallisii,384459773,https://www.inaturalist.org/observations/384459773,703768604,https://inaturalist-open-data.s3.amazonaws.com/photos/703768604/original.jpg,cc-by-nc,"(c) soulflower_ecological, some rights reserved (CC BY-NC)",soulflower_ecological,,2017-03-11,"Cahuita National Park, Talamanca, Limon, CR",needs_id,False,9.7171649058,-82.8211380635,2048,1536,no,wallisii/inat-384459773-703768604-soulflower_ecological.jpg,
Spathiphyllum wallisii,384326663,https://www.inaturalist.org/observations/384326663,703504600,https://static.inaturalist.org/photos/703504600/original.jpg,all-rights-reserved,"(c) Lee Jones, all rights reserved",lee_jones1,Lee Jones,2025-09-17,"Manele Bay Rd, Lanai City, HI, US",needs_id,False,20.7416616667,-156.89763,1152,2048,no,wallisii/inat-384326663-703504600-lee_jones1.jpg,
Spathiphyllum wallisii,383834834,https://www.inaturalist.org/observations/383834834,702557795,https://inaturalist-open-data.s3.amazonaws.com/photos/702557795/original.jpg,cc-by-nc,"(c) Mavis Viritia, some rights reserved (CC BY-NC)",mavis78624,Mavis Viritia,2026-07-22,"Port Moresby National Capital District, Papua New Guinea",needs_id,False,-9.4056399186,147.165880166,1536,2048,no,wallisii/inat-383834834-702557795-mavis78624.jpg,
Spathiphyllum wallisii,383625632,https://www.inaturalist.org/observations/383625632,702157740,https://inaturalist-open-data.s3.amazonaws.com/photos/702157740/original.jpg,cc-by-nc,"(c) Amparo URIBE, some rights reserved (CC BY-NC)",amparo93053,Amparo URIBE,2026-07-21,"Calle 37 Sur # 34-12, Zona 9, Envigado, Antioquia, Colombia",needs_id,False,6.16725106,-75.58188117,1536,2048,no,wallisii/inat-383625632-702157740-amparo93053.jpg,
Spathiphyllum wallisii,383623386,https://www.inaturalist.org/observations/383623386,702155277,https://inaturalist-open-data.s3.amazonaws.com/photos/702155277/original.jpg,cc-by-nc,"(c) Emiliano Berrío Tamayo, some rights reserved (CC BY-NC)",emiliano10621,Emiliano Berrío Tamayo,2026-07-21,"Calle 37 Sur # 34-12, Zona 9, Envigado, Antioquia, Colombia",needs_id,False,6.16718432,-75.58192394,1536,2048,no,wallisii/inat-383623386-702155277-emiliano10621.jpg,
Spathiphyllum wallisii,383623386,https://www.inaturalist.org/observations/383623386,702155335,https://inaturalist-open-data.s3.amazonaws.com/photos/702155335/original.jpg,cc-by-nc,"(c) Emiliano Berrío Tamayo, some rights reserved (CC BY-NC)",emiliano10621,Emiliano Berrío Tamayo,2026-07-21,"Calle 37 Sur # 34-12, Zona 9, Envigado, Antioquia, Colombia",needs_id,False,6.16718432,-75.58192394,1536,2048,no,wallisii/inat-383623386-702155335-emiliano10621.jpg,
Spathiphyllum wallisii,382027982,https://www.inaturalist.org/observations/382027982,699084450,https://inaturalist-open-data.s3.amazonaws.com/photos/699084450/original.jpg,cc-by-nc,"(c) Sharon Donella Barba Zapata, some rights reserved (CC BY-NC)",sharon_donella,Sharon Donella Barba Zapata,2026-07-16,"Calle 37 Sur # 34-12, Zona 9, Envigado, Antioquia, Colombia",needs_id,False,6.1672735121,-75.5818423536,1153,2048,no,wallisii/inat-382027982-699084450-sharon_donella.jpg,
Spathiphyllum wallisii,382027982,https://www.inaturalist.org/observations/382027982,699084498,https://inaturalist-open-data.s3.amazonaws.com/photos/699084498/original.jpg,cc-by-nc,"(c) Sharon Donella Barba Zapata, some rights reserved (CC BY-NC)",sharon_donella,Sharon Donella Barba Zapata,2026-07-16,"Calle 37 Sur # 34-12, Zona 9, Envigado, Antioquia, Colombia",needs_id,False,6.1672735121,-75.5818423536,1153,2048,no,wallisii/inat-382027982-699084498-sharon_donella.jpg,
Spathiphyllum wallisii,381639408,https://www.inaturalist.org/observations/381639408,698335227,https://static.inaturalist.org/photos/698335227/original.jpg,all-rights-reserved,"(c) dorus de knegt, all rights reserved",dorus2,dorus de knegt,2026-07-15,"3Q66+38, Hanga-Hanga, Luwuk Selatan, Banggai Regency, Central Sulawesi 94713, Indonesië",needs_id,False,-0.9394149,122.7622104,1536,2048,no,wallisii/inat-381639408-698335227-dorus2.jpg,
Spathiphyllum wallisii,381639408,https://www.inaturalist.org/observations/381639408,698336608,https://static.inaturalist.org/photos/698336608/original.jpg,all-rights-reserved,"(c) dorus de knegt, all rights reserved",dorus2,dorus de knegt,2026-07-15,"3Q66+38, Hanga-Hanga, Luwuk Selatan, Banggai Regency, Central Sulawesi 94713, Indonesië",needs_id,False,-0.9394149,122.7622104,1536,2048,no,wallisii/inat-381639408-698336608-dorus2.jpg,
Spathiphyllum wallisii,381239635,https://www.inaturalist.org/observations/381239635,697556163,https://inaturalist-open-data.s3.amazonaws.com/photos/697556163/original.jpg,cc-by-nc,"(c) jameloca_com, some rights reserved (CC BY-NC)",jameloca_com,,2026-07-13,"Universidade Federal de Sergipe, São Cristóvão, SE, BR",needs_id,False,-10.9225783333,-37.1018638333,1536,2048,no,wallisii/inat-381239635-697556163-jameloca_com.jpg,
Spathiphyllum wallisii,381239635,https://www.inaturalist.org/observations/381239635,697556189,https://inaturalist-open-data.s3.amazonaws.com/photos/697556189/original.jpg,cc-by-nc,"(c) jameloca_com, some rights reserved (CC BY-NC)",jameloca_com,,2026-07-13,"Universidade Federal de Sergipe, São Cristóvão, SE, BR",needs_id,False,-10.9225783333,-37.1018638333,1536,2048,no,wallisii/inat-381239635-697556189-jameloca_com.jpg,
Spathiphyllum wallisii,380692210,https://www.inaturalist.org/observations/380692210,696497363,https://inaturalist-open-data.s3.amazonaws.com/photos/696497363/original.jpg,cc-by-nc,"(c) guadacata05, some rights reserved (CC BY-NC)",guadacata05,,2026-07-12,Maceo,research,False,6.5144791603,-74.7733078003,1152,2048,no,wallisii/inat-380692210-696497363-guadacata05.jpg,
Spathiphyllum wallisii,380611240,https://www.inaturalist.org/observations/380611240,696335937,https://inaturalist-open-data.s3.amazonaws.com/photos/696335937/original.jpg,cc-by,"(c) James Heal, some rights reserved (CC BY)",jameswfh,James Heal,2013-10-17,"Limón Province, Pococí, Costa Rica",research,False,10.5710153173,-83.5205379152,1365,2048,no,wallisii/inat-380611240-696335937-jameswfh.jpg,
Spathiphyllum wallisii,378032838,https://www.inaturalist.org/observations/378032838,691359059,https://inaturalist-open-data.s3.amazonaws.com/photos/691359059/original.jpg,cc-by-nc,"(c) Leire, some rights reserved (CC BY-NC)",leireperez,Leire,2026-07-04,"Tabanan, ID-BA, ID",needs_id,False,-8.376305,115.1420361667,1536,2048,no,wallisii/inat-378032838-691359059-leireperez.jpg,
Spathiphyllum wallisii,378032838,https://www.inaturalist.org/observations/378032838,691374144,https://inaturalist-open-data.s3.amazonaws.com/photos/691374144/original.jpg,cc-by-nc,"(c) Leire, some rights reserved (CC BY-NC)",leireperez,Leire,2026-07-04,"Tabanan, ID-BA, ID",needs_id,False,-8.376305,115.1420361667,1536,2048,no,wallisii/inat-378032838-691374144-leireperez.jpg,
Spathiphyllum wallisii,378032838,https://www.inaturalist.org/observations/378032838,691374179,https://inaturalist-open-data.s3.amazonaws.com/photos/691374179/original.jpg,cc-by-nc,"(c) Leire, some rights reserved (CC BY-NC)",leireperez,Leire,2026-07-04,"Tabanan, ID-BA, ID",needs_id,False,-8.376305,115.1420361667,1536,2048,no,wallisii/inat-378032838-691374179-leireperez.jpg,
Spathiphyllum wallisii,377904478,https://www.inaturalist.org/observations/377904478,691114302,https://inaturalist-open-data.s3.amazonaws.com/photos/691114302/original.jpg,cc-by-nc,"(c) Joerenz Placio, some rights reserved (CC BY-NC)",joerenz,Joerenz Placio,2026-07-04,"Tamayong, Davao City, Davao del Sur, Philippines",needs_id,False,7.1394864392,125.3848151118,1536,2048,no,wallisii/inat-377904478-691114302-joerenz.jpg,
Spathiphyllum wallisii,377386360,https://www.inaturalist.org/observations/377386360,690112279,https://static.inaturalist.org/photos/690112279/original.jpg,all-rights-reserved,"(c) Calvin Beale, all rights reserved",calvin_beale,Calvin Beale,2026-07-02,"Tenani, Paranas, Samar, Philippines",needs_id,False,11.8106408997,125.1612755997,1152,2048,no,wallisii/inat-377386360-690112279-calvin_beale.jpg,
Spathiphyllum wallisii,377386360,https://www.inaturalist.org/observations/377386360,690112439,https://static.inaturalist.org/photos/690112439/original.jpg,all-rights-reserved,"(c) Calvin Beale, all rights reserved",calvin_beale,Calvin Beale,2026-07-02,"Tenani, Paranas, Samar, Philippines",needs_id,False,11.8106408997,125.1612755997,1152,2048,no,wallisii/inat-377386360-690112439-calvin_beale.jpg,
Spathiphyllum wallisii,377386360,https://www.inaturalist.org/observations/377386360,690112471,https://static.inaturalist.org/photos/690112471/original.jpg,all-rights-reserved,"(c) Calvin Beale, all rights reserved",calvin_beale,Calvin Beale,2026-07-02,"Tenani, Paranas, Samar, Philippines",needs_id,False,11.8106408997,125.1612755997,1152,2048,no,wallisii/inat-377386360-690112471-calvin_beale.jpg,
Spathiphyllum wallisii,377267419,https://www.inaturalist.org/observations/377267419,689871910,https://inaturalist-open-data.s3.amazonaws.com/photos/689871910/original.jpg,cc-by-nc,"(c) Noam Hernández Pagany, some rights reserved (CC BY-NC)",pandecoco,Noam Hernández Pagany,2022-08-27,"Santa Cruz de Yojoa, Cortés, Honduras",needs_id,False,14.9500150087,-88.0480719353,2048,1536,no,wallisii/inat-377267419-689871910-pandecoco.jpg,
Spathiphyllum wallisii,377232381,https://www.inaturalist.org/observations/377232381,689806714,https://inaturalist-open-data.s3.amazonaws.com/photos/689806714/original.jpg,cc-by-nc,"(c) Isa Diaz, some rights reserved (CC BY-NC)",aliciadiaz1124,Isa Diaz,2026-07-01,"PQV3+3FC, Flores De Lean, Atlántida, Honduras",needs_id,False,15.7434583333,-87.2454716667,1542,2048,no,wallisii/inat-377232381-689806714-aliciadiaz1124.jpg,
Spathiphyllum wallisii,377232381,https://www.inaturalist.org/observations/377232381,689806779,https://inaturalist-open-data.s3.amazonaws.com/photos/689806779/original.jpg,cc-by-nc,"(c) Isa Diaz, some rights reserved (CC BY-NC)",aliciadiaz1124,Isa Diaz,2026-07-01,"PQV3+3FC, Flores De Lean, Atlántida, Honduras",needs_id,False,15.7434583333,-87.2454716667,1542,2048,no,wallisii/inat-377232381-689806779-aliciadiaz1124.jpg,
Spathiphyllum wallisii,377232381,https://www.inaturalist.org/observations/377232381,689806829,https://inaturalist-open-data.s3.amazonaws.com/photos/689806829/original.jpg,cc-by-nc,"(c) Isa Diaz, some rights reserved (CC BY-NC)",aliciadiaz1124,Isa Diaz,2026-07-01,"PQV3+3FC, Flores De Lean, Atlántida, Honduras",needs_id,False,15.7434583333,-87.2454716667,1542,2048,no,wallisii/inat-377232381-689806829-aliciadiaz1124.jpg,
Spathiphyllum wallisii,377147407,https://www.inaturalist.org/observations/377147407,689639443,https://inaturalist-open-data.s3.amazonaws.com/photos/689639443/original.jpg,cc-by-nc,"(c) williamdreynolds, some rights reserved (CC BY-NC)",williamdreynolds,,2026-03-17,"Constanza, Dominican Republic",needs_id,False,18.8294689822,-70.688606256,1655,1321,no,wallisii/inat-377147407-689639443-williamdreynolds.jpg,
Spathiphyllum wallisii,376973818,https://www.inaturalist.org/observations/376973818,689309087,https://inaturalist-open-data.s3.amazonaws.com/photos/689309087/original.jpg,cc-by-nc,"(c) Alex Ibarra, some rights reserved (CC BY-NC)",alex66412,Alex Ibarra,2026-06-30,"Ces, Sarapiqui, Heredia, CR",needs_id,False,10.4324383333,-84.0079027833,1536,2048,no,wallisii/inat-376973818-689309087-alex66412.jpg,
Spathiphyllum wallisii,376357703,https://www.inaturalist.org/observations/376357703,688113402,https://inaturalist-open-data.s3.amazonaws.com/photos/688113402/original.jpg,cc-by-nc,"(c) Shayla Tangen, some rights reserved (CC BY-NC)",shaytangen,Shayla Tangen,2026-06-28,"Sor, Sarapiqui, Heredia, CR",needs_id,False,10.4272283333,-84.00235,1536,2048,no,wallisii/inat-376357703-688113402-shaytangen.jpg,
Spathiphyllum wallisii,376357703,https://www.inaturalist.org/observations/376357703,688113415,https://inaturalist-open-data.s3.amazonaws.com/photos/688113415/original.jpg,cc-by-nc,"(c) Shayla Tangen, some rights reserved (CC BY-NC)",shaytangen,Shayla Tangen,2026-06-28,"Sor, Sarapiqui, Heredia, CR",needs_id,False,10.4272283333,-84.00235,1536,2048,no,wallisii/inat-376357703-688113415-shaytangen.jpg,
Spathiphyllum wallisii,376333899,https://www.inaturalist.org/observations/376333899,688069411,https://inaturalist-open-data.s3.amazonaws.com/photos/688069411/original.jpg,cc-by-nc,"(c) Leyton Reid, some rights reserved (CC BY-NC)",leytonjfreid,Leyton Reid,2026-06-28,"M63H+CRQ, Limón Province, Puerto Viejo de Talamanca, Costa Rica",needs_id,False,9.6542825556,-82.7697525,2048,1536,no,wallisii/inat-376333899-688069411-leytonjfreid.jpg,
Spathiphyllum wallisii,376333899,https://www.inaturalist.org/observations/376333899,688069462,https://inaturalist-open-data.s3.amazonaws.com/photos/688069462/original.jpg,cc-by-nc,"(c) Leyton Reid, some rights reserved (CC BY-NC)",leytonjfreid,Leyton Reid,2026-06-28,"M63H+CRQ, Limón Province, Puerto Viejo de Talamanca, Costa Rica",needs_id,False,9.6542825556,-82.7697525,2048,1536,no,wallisii/inat-376333899-688069462-leytonjfreid.jpg,
Spathiphyllum wallisii,376333899,https://www.inaturalist.org/observations/376333899,688069511,https://inaturalist-open-data.s3.amazonaws.com/photos/688069511/original.jpg,cc-by-nc,"(c) Leyton Reid, some rights reserved (CC BY-NC)",leytonjfreid,Leyton Reid,2026-06-28,"M63H+CRQ, Limón Province, Puerto Viejo de Talamanca, Costa Rica",needs_id,False,9.6542825556,-82.7697525,2048,1536,no,wallisii/inat-376333899-688069511-leytonjfreid.jpg,
Spathiphyllum wallisii,376333899,https://www.inaturalist.org/observations/376333899,688069562,https://inaturalist-open-data.s3.amazonaws.com/photos/688069562/original.jpg,cc-by-nc,"(c) Leyton Reid, some rights reserved (CC BY-NC)",leytonjfreid,Leyton Reid,2026-06-28,"M63H+CRQ, Limón Province, Puerto Viejo de Talamanca, Costa Rica",needs_id,False,9.6542825556,-82.7697525,2048,1536,no,wallisii/inat-376333899-688069562-leytonjfreid.jpg,
Spathiphyllum wallisii,376241746,https://www.inaturalist.org/observations/376241746,687896762,https://inaturalist-open-data.s3.amazonaws.com/photos/687896762/original.jpg,cc-by-nc,"(c) gunnafindbigfoot, some rights reserved (CC BY-NC)",gunnafindbigfoot,,2026-06-28,"Str, Sarapiqui, Heredia, CR",needs_id,False,10.4304898815,-84.0065241502,1152,2048,no,wallisii/inat-376241746-687896762-gunnafindbigfoot.jpg,
Spathiphyllum wallisii,375352373,https://www.inaturalist.org/observations/375352373,686174792,https://inaturalist-open-data.s3.amazonaws.com/photos/686174792/original.jpg,cc-by-nc,"(c) Zander, some rights reserved (CC BY-NC)",zanderednaz,Zander,2026-06-25,"Sor, Sarapiqui, Heredia, CR",needs_id,False,10.427095,-84.00231945,1536,2048,no,wallisii/inat-375352373-686174792-zanderednaz.jpg,
Spathiphyllum wallisii,375208464,https://www.inaturalist.org/observations/375208464,685891686,https://inaturalist-open-data.s3.amazonaws.com/photos/685891686/original.jpg,cc-by-nc,"(c) Boogie, some rights reserved (CC BY-NC)",boogiedlamini,Boogie,2026-06-25,"Phiva, 1358, South Africa",needs_id,False,-25.6503271924,31.7770649493,1536,2048,no,wallisii/inat-375208464-685891686-boogiedlamini.jpg,
Spathiphyllum wallisii,375170800,https://www.inaturalist.org/observations/375170800,685820668,https://inaturalist-open-data.s3.amazonaws.com/photos/685820668/original.jpg,cc-by-nc,"(c) Amonwan SRISUWAN, some rights reserved (CC BY-NC)",amonwan1,Amonwan SRISUWAN,2026-06-25,"Chuchat Kamphu Road, Chatuchak District, Bangkok, TH",needs_id,False,13.8479533333,100.5701616667,1536,2048,no,wallisii/inat-375170800-685820668-amonwan1.jpg,
Spathiphyllum wallisii,375164220,https://www.inaturalist.org/observations/375164220,685808025,https://inaturalist-open-data.s3.amazonaws.com/photos/685808025/original.jpg,cc-by-nc,"(c) Christoffel Ludwick, some rights reserved (CC BY-NC)",christoffel2,Christoffel Ludwick,2026-06-25,"Great Brak River, South Africa",needs_id,False,-34.05201038,22.20584889,942,2048,no,wallisii/inat-375164220-685808025-christoffel2.jpg,
Spathiphyllum wallisii,374943194,https://www.inaturalist.org/observations/374943194,685376002,https://inaturalist-open-data.s3.amazonaws.com/photos/685376002/original.jpg,cc-by-nc,"(c) Ian Goldenberg, some rights reserved (CC BY-NC)",iandavgold06,Ian Goldenberg,2026-06-23,"Toledo, BZ",needs_id,False,16.3689333333,-88.5083383333,1536,2048,no,wallisii/inat-374943194-685376002-iandavgold06.jpg,
Spathiphyllum wallisii,374738561,https://www.inaturalist.org/observations/374738561,684980040,https://inaturalist-open-data.s3.amazonaws.com/photos/684980040/original.jpg,cc-by,"(c) Zac Peterson, some rights reserved (CC BY)",zacpeterson,Zac Peterson,2024-01-22,"Bahía Solano, Choco, Colombia",needs_id,False,6.2652777778,-77.3764916667,1542,2048,no,wallisii/inat-374738561-684980040-zacpeterson.jpg,
Spathiphyllum wallisii,374639312,https://www.inaturalist.org/observations/374639312,684790222,https://inaturalist-open-data.s3.amazonaws.com/photos/684790222/original.jpg,cc-by-nc,"(c) gunnafindbigfoot, some rights reserved (CC BY-NC)",gunnafindbigfoot,,2026-06-21,"Str, Sarapiqui, Heredia, CR",research,False,10.4305684204,-84.0070023925,1152,2048,no,wallisii/inat-374639312-684790222-gunnafindbigfoot.jpg,
Spathiphyllum wallisii,374531181,https://www.inaturalist.org/observations/374531181,684587430,https://inaturalist-open-data.s3.amazonaws.com/photos/684587430/original.jpg,cc-by-nc,"(c) Mildred Honey Alviola, some rights reserved (CC BY-NC)",mildred_honey,Mildred Honey Alviola,2026-06-23,"4MH4+W55, Buhangin, Davao City, Davao del Sur, Philippines",needs_id,False,7.12982219,125.65597595,1536,2048,no,wallisii/inat-374531181-684587430-mildred_honey.jpg,
Spathiphyllum wallisii,374403421,https://www.inaturalist.org/observations/374403421,684331446,https://inaturalist-open-data.s3.amazonaws.com/photos/684331446/original.jpg,cc-by-nc,"(c) Kassadey Maley, some rights reserved (CC BY-NC)",kassadeyrmaley,Kassadey Maley,2026-06-21,"Vía 936, San Carlos, Alajuela, CR",needs_id,False,10.429019377,-84.751628876,2048,1365,no,wallisii/inat-374403421-684331446-kassadeyrmaley.jpg,
Spathiphyllum wallisii,374200728,https://www.inaturalist.org/observations/374200728,683941046,https://inaturalist-open-data.s3.amazonaws.com/photos/683941046/original.jpg,cc-by-nc,"(c) Isabella Sarnacchiaro, some rights reserved (CC BY-NC)",isabellasarna,Isabella Sarnacchiaro,2026-06-21,"Vía 142, Tilaran, Guanacaste, CR",needs_id,False,10.5589083333,-84.963745,1536,2048,no,wallisii/inat-374200728-683941046-isabellasarna.jpg,
Spathiphyllum wallisii,374163419,https://www.inaturalist.org/observations/374163419,683866940,https://inaturalist-open-data.s3.amazonaws.com/photos/683866940/original.jpg,cc-by-nc,"(c) Emily Thompson, some rights reserved (CC BY-NC)",emily62898,Emily Thompson,2026-06-10,"Calle 9 Pedro Henríquez Ureña, Heredia, Heredia, CR",needs_id,False,9.9990471677,-84.1121798405,1152,2048,no,wallisii/inat-374163419-683866940-emily62898.jpg,
Spathiphyllum wallisii,372749076,https://www.inaturalist.org/observations/372749076,681159681,https://inaturalist-open-data.s3.amazonaws.com/photos/681159681/original.jpg,cc-by-nc,"(c) emilyyy2006, some rights reserved (CC BY-NC)",emilyyy2006,,2026-06-17,"Calle Lapa, Turrubares, San Jose, CR",needs_id,False,9.7284,-84.5186533333,1536,2048,no,wallisii/inat-372749076-681159681-emilyyy2006.jpg,
Spathiphyllum wallisii,372509727,https://www.inaturalist.org/observations/372509727,680706504,https://inaturalist-open-data.s3.amazonaws.com/photos/680706504/original.jpg,cc-by-nc,"(c) juan_88, some rights reserved (CC BY-NC)",juan_88,juan_88,2026-06-16,"La Tebaida, Quindío, Colombia",needs_id,False,4.4505411784,-75.7917249575,1152,2048,no,wallisii/inat-372509727-680706504-juan_88.jpg,
Spathiphyllum wallisii,372509727,https://www.inaturalist.org/observations/372509727,680706536,https://inaturalist-open-data.s3.amazonaws.com/photos/680706536/original.jpg,cc-by-nc,"(c) juan_88, some rights reserved (CC BY-NC)",juan_88,juan_88,2026-06-16,"La Tebaida, Quindío, Colombia",needs_id,False,4.4505411784,-75.7917249575,1152,2048,no,wallisii/inat-372509727-680706536-juan_88.jpg,
Spathiphyllum wallisii,372509727,https://www.inaturalist.org/observations/372509727,680706632,https://inaturalist-open-data.s3.amazonaws.com/photos/680706632/original.jpg,cc-by-nc,"(c) juan_88, some rights reserved (CC BY-NC)",juan_88,juan_88,2026-06-16,"La Tebaida, Quindío, Colombia",needs_id,False,4.4505411784,-75.7917249575,1152,2048,no,wallisii/inat-372509727-680706632-juan_88.jpg,
Spathiphyllum wallisii,372509727,https://www.inaturalist.org/observations/372509727,680706664,https://inaturalist-open-data.s3.amazonaws.com/photos/680706664/original.jpg,cc-by-nc,"(c) juan_88, some rights reserved (CC BY-NC)",juan_88,juan_88,2026-06-16,"La Tebaida, Quindío, Colombia",needs_id,False,4.4505411784,-75.7917249575,1152,2048,no,wallisii/inat-372509727-680706664-juan_88.jpg,
Spathiphyllum wallisii,372500036,https://www.inaturalist.org/observations/372500036,680685880,https://inaturalist-open-data.s3.amazonaws.com/photos/680685880/original.jpg,cc-by-nc,"(c) juan_88, some rights reserved (CC BY-NC)",juan_88,juan_88,2026-06-16,"La Tebaida, Quindío, Colombia",needs_id,False,4.4505448553,-75.7917246222,1152,2048,no,wallisii/inat-372500036-680685880-juan_88.jpg,
Spathiphyllum wallisii,372335861,https://www.inaturalist.org/observations/372335861,680366482,https://inaturalist-open-data.s3.amazonaws.com/photos/680366482/original.jpg,cc-by-nc,"(c) Kelum Samarasena, some rights reserved (CC BY-NC)",kelumnature,Kelum Samarasena,2026-06-16,"Peradeniya, Sri Lanka",needs_id,False,7.2760648537,80.5927035166,1536,2048,no,wallisii/inat-372335861-680366482-kelumnature.jpg,
Spathiphyllum wallisii,372217612,https://www.inaturalist.org/observations/372217612,680149689,https://inaturalist-open-data.s3.amazonaws.com/photos/680149689/original.jpg,cc-by-nc,"(c) Jitendra Raj Bajracharya, some rights reserved (CC BY-NC)",jitucha,Jitendra Raj Bajracharya,2026-06-02,"Khumaltar, Lalitpur 44700, Nepal",needs_id,False,27.6464987807,85.3233838556,2000,1334,no,wallisii/inat-372217612-680149689-jitucha.jpg,
Spathiphyllum wallisii,372217609,https://www.inaturalist.org/observations/372217609,680149690,https://inaturalist-open-data.s3.amazonaws.com/photos/680149690/original.jpg,cc-by-nc,"(c) Jitendra Raj Bajracharya, some rights reserved (CC BY-NC)",jitucha,Jitendra Raj Bajracharya,2026-06-02,"Khumaltar, Lalitpur 44700, Nepal",needs_id,False,27.6464945234,85.323399949,2000,1334,no,wallisii/inat-372217609-680149690-jitucha.jpg,
Spathiphyllum wallisii,371142812,https://www.inaturalist.org/observations/371142812,678093810,https://inaturalist-open-data.s3.amazonaws.com/photos/678093810/original.jpg,cc-by,"(c) Cricket Raspet, some rights reserved (CC BY)",chilipossum,Cricket Raspet,2026-06-12,"Tiarei, Hitiaʻa O Te Ra, French Polynesia",needs_id,False,-17.5349277778,-149.4009694444,1536,2048,no,wallisii/inat-371142812-678093810-chilipossum.jpg,
Spathiphyllum wallisii,371112841,https://www.inaturalist.org/observations/371112841,678037716,https://inaturalist-open-data.s3.amazonaws.com/photos/678037716/original.jpg,cc-by-nc,"(c) Alifa, some rights reserved (CC BY-NC)",lifaurum,Alifa,2026-05-20,"Jawa Barat, ID",research,True,-6.9834045537,106.9047019818,1148,2048,no,wallisii/inat-371112841-678037716-lifaurum.jpg,
Spathiphyllum wallisii,371112841,https://www.inaturalist.org/observations/371112841,678037738,https://inaturalist-open-data.s3.amazonaws.com/photos/678037738/original.jpg,cc-by-nc,"(c) Alifa, some rights reserved (CC BY-NC)",lifaurum,Alifa,2026-05-20,"Jawa Barat, ID",research,True,-6.9834045537,106.9047019818,1148,2048,no,wallisii/inat-371112841-678037738-lifaurum.jpg,
Spathiphyllum wallisii,371112841,https://www.inaturalist.org/observations/371112841,678037757,https://inaturalist-open-data.s3.amazonaws.com/photos/678037757/original.jpg,cc-by-nc,"(c) Alifa, some rights reserved (CC BY-NC)",lifaurum,Alifa,2026-05-20,"Jawa Barat, ID",research,True,-6.9834045537,106.9047019818,1148,2048,no,wallisii/inat-371112841-678037757-lifaurum.jpg,
Spathiphyllum wallisii,370418613,https://www.inaturalist.org/observations/370418613,676680846,https://inaturalist-open-data.s3.amazonaws.com/photos/676680846/original.jpg,cc-by-nc,"(c) Austin, some rights reserved (CC BY-NC)",austiinfrankliin,Austin,2026-06-10,"Antigua Guatemala, Guatemala",research,False,14.5424396376,-90.712321037,1920,1280,no,wallisii/inat-370418613-676680846-austiinfrankliin.jpg,
Spathiphyllum wallisii,369953907,https://www.inaturalist.org/observations/369953907,675817959,https://inaturalist-open-data.s3.amazonaws.com/photos/675817959/original.jpg,cc-by-nc,"(c) Lanz Fider, some rights reserved (CC BY-NC)",lanz5,Lanz Fider,2026-06-06,"Jasmine Street, Baguio, Cordillera, PH",needs_id,False,16.4036142547,120.5741719064,1152,2048,no,wallisii/inat-369953907-675817959-lanz5.jpg,
Spathiphyllum wallisii,368250847,https://www.inaturalist.org/observations/368250847,672576346,https://static.inaturalist.org/photos/672576346/original.jpg,all-rights-reserved,"(c) Thomas.CYH, all rights reserved",tchiu,Thomas.CYH,2026-05-25,,research,True,22.4920751112,114.1329834598,2048,1365,no,wallisii/inat-368250847-672576346-tchiu.jpg,
Spathiphyllum wallisii,368250847,https://www.inaturalist.org/observations/368250847,672576353,https://static.inaturalist.org/photos/672576353/original.jpg,all-rights-reserved,"(c) Thomas.CYH, all rights reserved",tchiu,Thomas.CYH,2026-05-25,,research,True,22.4920751112,114.1329834598,2048,1365,no,wallisii/inat-368250847-672576353-tchiu.jpg,
Spathiphyllum wallisii,368250847,https://www.inaturalist.org/observations/368250847,672576347,https://static.inaturalist.org/photos/672576347/original.jpg,all-rights-reserved,"(c) Thomas.CYH, all rights reserved",tchiu,Thomas.CYH,2026-05-25,,research,True,22.4920751112,114.1329834598,1365,2048,no,wallisii/inat-368250847-672576347-tchiu.jpg,
Spathiphyllum wallisii,367480478,https://www.inaturalist.org/observations/367480478,671098401,https://inaturalist-open-data.s3.amazonaws.com/photos/671098401/original.jpg,cc-by-nc,"(c) Adelia, some rights reserved (CC BY-NC)",adelia57385,Adelia,2026-04-07,"Kubang, Kec. Talun, Kabupaten Cirebon, Jawa Barat, Indonesia",needs_id,False,-6.7853082583,108.493555896,1536,2048,no,wallisii/inat-367480478-671098401-adelia57385.jpg,
Spathiphyllum wallisii,367021541,https://www.inaturalist.org/observations/367021541,670202874,https://inaturalist-open-data.s3.amazonaws.com/photos/670202874/original.jpg,cc-by-nc,"(c) @frd.jpge, some rights reserved (CC BY-NC)",frdomingos,@frd.jpge,2026-05-29,"Parque Industrial, Vitória - ES, Brasil",research,False,-20.2580360479,-40.2604294301,2048,2048,no,wallisii/inat-367021541-670202874-frdomingos.jpg,
Spathiphyllum wallisii,366948071,https://www.inaturalist.org/observations/366948071,670086308,https://inaturalist-open-data.s3.amazonaws.com/photos/670086308/original.jpg,cc-by-nc,"(c) puminh, some rights reserved (CC BY-NC)",puminh,,2026-05-01,Hiep Thanh,needs_id,False,11.8388414383,108.4261245728,1152,2048,no,wallisii/inat-366948071-670086308-puminh.jpg,
Spathiphyllum wallisii,366856100,https://www.inaturalist.org/observations/366856100,669895891,https://inaturalist-open-data.s3.amazonaws.com/photos/669895891/original.jpg,cc-by-nc,"(c) Sophia Charlize Perez, some rights reserved (CC BY-NC)",your_little_charlie,Sophia Charlize Perez,2026-05-30,"Antipolo City, PH-RI, PH",needs_id,False,14.5947154642,121.1667428834,1152,2048,no,wallisii/inat-366856100-669895891-your_little_charlie.jpg,
Spathiphyllum wallisii,366063642,https://www.inaturalist.org/observations/366063642,668412797,https://inaturalist-open-data.s3.amazonaws.com/photos/668412797/original.jpg,cc-by-nc,"(c) lulacsn, some rights reserved (CC BY-NC)",lulacsn,,2026-05-28,"San Carlos, CR-AL, CR",needs_id,False,10.4637622833,-84.6592941284,1152,2048,no,wallisii/inat-366063642-668412797-lulacsn.jpg,
Spathiphyllum wallisii,365929624,https://www.inaturalist.org/observations/365929624,668141746,https://inaturalist-open-data.s3.amazonaws.com/photos/668141746/original.jpg,cc-by-nc,"(c) zulqarnain_zuqi, some rights reserved (CC BY-NC)",zulqarnain_zuqi,,2026-05-28,"H8G6+M6W, Motandoi, Pinolosian Timur, South Bolaang Mongondow Regency, North Sulawesi, Indonesia",needs_id,False,0.5766848997,124.3106367997,1536,2048,no,wallisii/inat-365929624-668141746-zulqarnain_zuqi.jpg,
Spathiphyllum wallisii,365872256,https://www.inaturalist.org/observations/365872256,668025621,https://inaturalist-open-data.s3.amazonaws.com/photos/668025621/original.jpg,cc-by-nc,"(c) Gta Baru, some rights reserved (CC BY-NC)",gta2,Gta Baru,2026-05-27,"Honda, Tolima, Colombia",needs_id,False,5.2074582632,-74.7406011075,720,1280,no,wallisii/inat-365872256-668025621-gta2.jpg,
Spathiphyllum wallisii,365611863,https://www.inaturalist.org/observations/365611863,667537255,https://inaturalist-open-data.s3.amazonaws.com/photos/667537255/original.jpg,cc-by-nc,"(c) danielarenee, some rights reserved (CC BY-NC)",danielarenee,,2026-05-26,"Parque Nacional El Boquerón, Santa Tecla, La Libertad, SV",needs_id,False,13.7350083333,-89.2798083333,1536,2048,no,wallisii/inat-365611863-667537255-danielarenee.jpg,
Spathiphyllum wallisii,365611863,https://www.inaturalist.org/observations/365611863,667537289,https://inaturalist-open-data.s3.amazonaws.com/photos/667537289/original.jpg,cc-by-nc,"(c) danielarenee, some rights reserved (CC BY-NC)",danielarenee,,2026-05-26,"Parque Nacional El Boquerón, Santa Tecla, La Libertad, SV",needs_id,False,13.7350083333,-89.2798083333,1536,2048,no,wallisii/inat-365611863-667537289-danielarenee.jpg,
Spathiphyllum wallisii,364934581,https://www.inaturalist.org/observations/364934581,666244111,https://inaturalist-open-data.s3.amazonaws.com/photos/666244111/original.jpg,cc-by-nc,"(c) jadenmorin7, some rights reserved (CC BY-NC)",jadenmorin7,,2026-05-24,"PR-191, Naguabo, PR, US",research,False,18.2564983337,-65.7932226323,1152,2048,no,wallisii/inat-364934581-666244111-jadenmorin7.jpg,
Spathiphyllum wallisii,364302233,https://www.inaturalist.org/observations/364302233,665046824,https://inaturalist-open-data.s3.amazonaws.com/photos/665046824/original.jpg,cc-by-nc,"(c) Sarah Valeska, some rights reserved (CC BY-NC)",sarah_valeska,Sarah Valeska,2026-05-23,"Trilha de Caminhada, Rio Branco, AC, BR",needs_id,False,-9.9457853867,-67.8275537438,1152,2048,no,wallisii/inat-364302233-665046824-sarah_valeska.jpg,
Spathiphyllum wallisii,364199441,https://www.inaturalist.org/observations/364199441,664861860,https://inaturalist-open-data.s3.amazonaws.com/photos/664861860/original.jpg,cc-by-nc,"(c) Adriane Alcid, some rights reserved (CC BY-NC)",adriane28356,Adriane Alcid,2026-05-21,"Medellín, CO-AN, CO",needs_id,False,6.2482222726,-75.6219901312,1536,2048,no,wallisii/inat-364199441-664861860-adriane28356.jpg,
Spathiphyllum wallisii,364133537,https://www.inaturalist.org/observations/364133537,664729836,https://inaturalist-open-data.s3.amazonaws.com/photos/664729836/original.jpg,cc-by-nc,"(c) fitrotul laeliyah, some rights reserved (CC BY-NC)",fitrotul1,fitrotul laeliyah,2026-05-23,"Ciburial, Kec. Cimenyan, Kabupaten Bandung, Jawa Barat, Indonesia",needs_id,False,-6.857565,107.62992,1536,2048,no,wallisii/inat-364133537-664729836-fitrotul1.jpg,
Spathiphyllum wallisii,364035448,https://www.inaturalist.org/observations/364035448,664542510,https://static.inaturalist.org/photos/664542510/original.jpg,all-rights-reserved,"(c) Julio Fontenelle, all rights reserved",julio_fontenelle,Julio Fontenelle,2026-05-22,"Horto dos Contos, Ouro Preto, MG, BR",needs_id,False,-20.3857629236,-43.506925216,1536,2048,no,wallisii/inat-364035448-664542510-julio_fontenelle.jpg,
Spathiphyllum wallisii,363983751,https://www.inaturalist.org/observations/363983751,664446922,https://inaturalist-open-data.s3.amazonaws.com/photos/664446922/original.jpg,cc-by-nc,"(c) Roberto Stiuv, some rights reserved (CC BY-NC)",rstiuv,Roberto Stiuv,2026-01-02,"Parque das Aves - Av. das Cataratas, 12450 - KM 17,1 - Parque Nacional, Foz do Iguaçu - PR, 85859-899, Brasil",needs_id,False,-25.6139228,-54.4825657,1536,2048,no,wallisii/inat-363983751-664446922-rstiuv.jpg,
Spathiphyllum wallisii,363173344,https://www.inaturalist.org/observations/363173344,662912111,https://inaturalist-open-data.s3.amazonaws.com/photos/662912111/original.jpg,cc-by-nc,"(c) Bethany Fajardo, some rights reserved (CC BY-NC)",bfhoward,Bethany Fajardo,2026-05-19,"Puntarenas, CR-PU, CR",needs_id,False,10.2987002037,-84.7898287109,1152,2048,no,wallisii/inat-363173344-662912111-bfhoward.jpg,
Spathiphyllum wallisii,363125530,https://www.inaturalist.org/observations/363125530,662821784,https://static.inaturalist.org/photos/662821784/original.jpg,all-rights-reserved,"(c) Krystal Nicole, all rights reserved",krystal5280,Krystal Nicole,2026-05-19,"San Carlos, CR-AL, CR",needs_id,False,10.4699306488,-84.6427993774,1536,2048,no,wallisii/inat-363125530-662821784-krystal5280.jpg,
Spathiphyllum wallisii,362901705,https://www.inaturalist.org/observations/362901705,662395367,https://inaturalist-open-data.s3.amazonaws.com/photos/662395367/original.jpg,cc-by-nc,"(c) mylee_sienna, some rights reserved (CC BY-NC)",mylee_sienna,,2026-05-15,"Vía 237, Coto Brus, Puntarenas, CR",needs_id,False,8.785354309,-82.9590033677,1152,2048,no,wallisii/inat-362901705-662395367-mylee_sienna.jpg,
Spathiphyllum wallisii,362659826,https://www.inaturalist.org/observations/362659826,661937354,https://inaturalist-open-data.s3.amazonaws.com/photos/661937354/original.jpg,cc-by-nc,"(c) MUTIA AIZAHRANI, some rights reserved (CC BY-NC)",mutia47712,MUTIA AIZAHRANI,2026-05-18,"Wonosari, Kec. Ngaliyan, Kota Semarang, Jawa Tengah, Indonesia",research,False,-6.9824391389,110.3275394167,1536,2048,no,wallisii/inat-362659826-661937354-mutia47712.jpg,
Spathiphyllum wallisii,362518335,https://www.inaturalist.org/observations/362518335,661659879,https://inaturalist-open-data.s3.amazonaws.com/photos/661659879/original.jpg,cc-by-nc,"(c) Lando C., some rights reserved (CC BY-NC)",carls597,Lando C.,2026-05-17,"Avenida Jadwin, Colon, PA",needs_id,False,9.1193888333,-79.6969533333,1536,2048,no,wallisii/inat-362518335-661659879-carls597.jpg,
Spathiphyllum wallisii,362488906,https://www.inaturalist.org/observations/362488906,661600848,https://static.inaturalist.org/photos/661600848/original.jpg,all-rights-reserved,"(c) Ludwig Muller, all rights reserved",ludwig_muller,Ludwig Muller,2026-03-09,"Central, Singapore",needs_id,False,1.317525,103.81625,1536,2048,no,wallisii/inat-362488906-661600848-ludwig_muller.jpg,
Spathiphyllum wallisii,362488906,https://www.inaturalist.org/observations/362488906,661600734,https://static.inaturalist.org/photos/661600734/original.jpg,all-rights-reserved,"(c) Ludwig Muller, all rights reserved",ludwig_muller,Ludwig Muller,2026-03-09,"Central, Singapore",needs_id,False,1.317525,103.81625,1536,2048,no,wallisii/inat-362488906-661600734-ludwig_muller.jpg,
Spathiphyllum wallisii,362488906,https://www.inaturalist.org/observations/362488906,661600968,https://static.inaturalist.org/photos/661600968/original.jpg,all-rights-reserved,"(c) Ludwig Muller, all rights reserved",ludwig_muller,Ludwig Muller,2026-03-09,"Central, Singapore",needs_id,False,1.317525,103.81625,1536,2048,no,wallisii/inat-362488906-661600968-ludwig_muller.jpg,
Spathiphyllum wallisii,361989231,https://www.inaturalist.org/observations/361989231,660664880,https://static.inaturalist.org/photos/660664880/original.jpg,all-rights-reserved,"(c) Graciete Marques, all rights reserved",graciete4,Graciete Marques,2026-05-16,"Comercial, Itatiaia - RJ, 27580-000, Brasil",needs_id,False,-22.4369369075,-44.5193963405,1536,2048,no,wallisii/inat-361989231-660664880-graciete4.jpg,
Spathiphyllum wallisii,361946224,https://www.inaturalist.org/observations/361946224,660588526,https://inaturalist-open-data.s3.amazonaws.com/photos/660588526/original.jpg,cc-by-nc,"(c) Rowell Velonza, some rights reserved (CC BY-NC)",rowell6,Rowell Velonza,2026-05-04,"Sariaya, Quezon, PH",needs_id,False,13.901348428,121.4898016269,1152,2048,no,wallisii/inat-361946224-660588526-rowell6.jpg,
Spathiphyllum wallisii,361744963,https://www.inaturalist.org/observations/361744963,660205529,https://inaturalist-open-data.s3.amazonaws.com/photos/660205529/original.jpg,cc-by-nc,"(c) Maria Valentina Rodriguez Forero, some rights reserved (CC BY-NC)",maria_valentina20171,Maria Valentina Rodriguez Forero,2026-05-04,"San Gil, Santander, Colombia",research,False,6.5508370518,-73.1283309683,1536,2048,no,wallisii/inat-361744963-660205529-maria_valentina20171.jpg,
Spathiphyllum wallisii,361515115,https://www.inaturalist.org/observations/361515115,659768275,https://inaturalist-open-data.s3.amazonaws.com/photos/659768275/original.jpg,cc-by-nc,"(c) meflores111, some rights reserved (CC BY-NC)",meflores111,,2026-05-12,"Colón, SV-LI, SV",needs_id,False,13.6955509015,-89.3210624905,1152,2048,no,wallisii/inat-361515115-659768275-meflores111.jpg,
Spathiphyllum wallisii,360858060,https://www.inaturalist.org/observations/360858060,658506137,https://inaturalist-open-data.s3.amazonaws.com/photos/658506137/original.jpg,cc-by-nc,"(c) Manuel Raab, some rights reserved (CC BY-NC)",mani_raab,Manuel Raab,2026-02-14,"Heredia Province, Sarapiqui, Costa Rica",needs_id,False,10.4292106819,-84.006090517,1366,2048,no,wallisii/inat-360858060-658506137-mani_raab.jpg,
Spathiphyllum wallisii,360544714,https://www.inaturalist.org/observations/360544714,657898872,https://inaturalist-open-data.s3.amazonaws.com/photos/657898872/original.jpg,cc-by-nc,"(c) nafisashinta5, some rights reserved (CC BY-NC)",nafisashinta5,,2026-05-09,"Jl. Sukoharjo, Losari, Sukoharjo, Kec. Ngaglik, Kabupaten Sleman, Daerah Istimewa Yogyakarta, Indonesia",needs_id,False,-7.6973726,110.4297325,1200,1600,no,wallisii/inat-360544714-657898872-nafisashinta5.jpg,
Spathiphyllum wallisii,359811631,https://www.inaturalist.org/observations/359811631,656519060,https://static.inaturalist.org/photos/656519060/original.jpg,all-rights-reserved,"(c) kingscote159, all rights reserved",kingscote159,,2026-05-09,"Carretera Río Indio-El Valle de Anton, Anton's Valley, Cocle, PA",needs_id,False,8.6212434528,-80.1396804502,1536,2048,no,wallisii/inat-359811631-656519060-kingscote159.jpg,
Spathiphyllum wallisii,359459949,https://www.inaturalist.org/observations/359459949,655847799,https://static.inaturalist.org/photos/655847799/original.jpg,all-rights-reserved,"(c) David Morales-Zambrano, all rights reserved",davidmor46,David Morales-Zambrano,2026-04-02,"Jimenez, Lara, VE",needs_id,False,9.7860856216,-69.5811638624,1620,1080,no,wallisii/inat-359459949-655847799-davidmor46.jpg,
Spathiphyllum wallisii,359140826,https://www.inaturalist.org/observations/359140826,655235431,https://inaturalist-open-data.s3.amazonaws.com/photos/655235431/original.jpg,cc-by-nc,"(c) Dr Babaji Ghewade, some rights reserved (CC BY-NC)",babaji_ghewade,Dr Babaji Ghewade,2026-05-07,"Monument Road, Central Province, LK",needs_id,False,7.269099222,80.5968233713,1152,2048,no,wallisii/inat-359140826-655235431-babaji_ghewade.jpg,
Spathiphyllum wallisii,357807204,https://www.inaturalist.org/observations/357807204,652629350,https://inaturalist-open-data.s3.amazonaws.com/photos/652629350/original.jpg,cc-by,"(c) Cody Hinchliff, some rights reserved (CC BY)",codiferous,Cody Hinchliff,2004-03-09,"Heredia Province, Sarapiqui, Costa Rica",needs_id,False,10.4286116667,-84.005445,2048,1365,no,wallisii/inat-357807204-652629350-codiferous.jpg,
Spathiphyllum wallisii,357552189,https://www.inaturalist.org/observations/357552189,652155735,https://inaturalist-open-data.s3.amazonaws.com/photos/652155735/original.jpg,cc-by-nc,"(c) Betsy Snow, some rights reserved (CC BY-NC)",betsysnow,Betsy Snow,2026-04-30,"Calarcá, Quindío, CO",needs_id,False,4.4917993694,-75.6861153082,1152,2048,no,wallisii/inat-357552189-652155735-betsysnow.jpg,
Spathiphyllum wallisii,357245659,https://www.inaturalist.org/observations/357245659,651555703,https://inaturalist-open-data.s3.amazonaws.com/photos/651555703/original.jpg,cc-by-nc,"(c) Ricardo Andres, some rights reserved (CC BY-NC)",ricardo_solano,Ricardo Andres,2026-01-04,"Rios y Canoas, Segunda oficina taquilla Parque el Gallineral, San Gil, Santander, Colombia",research,False,6.5507485,-73.1282601997,1536,2048,no,wallisii/inat-357245659-651555703-ricardo_solano.jpg,
Spathiphyllum wallisii,357245659,https://www.inaturalist.org/observations/357245659,651555765,https://inaturalist-open-data.s3.amazonaws.com/photos/651555765/original.jpg,cc-by-nc,"(c) Ricardo Andres, some rights reserved (CC BY-NC)",ricardo_solano,Ricardo Andres,2026-01-04,"Rios y Canoas, Segunda oficina taquilla Parque el Gallineral, San Gil, Santander, Colombia",research,False,6.5507485,-73.1282601997,1536,2048,no,wallisii/inat-357245659-651555765-ricardo_solano.jpg,
Spathiphyllum wallisii,357245659,https://www.inaturalist.org/observations/357245659,651555811,https://inaturalist-open-data.s3.amazonaws.com/photos/651555811/original.jpg,cc-by-nc,"(c) Ricardo Andres, some rights reserved (CC BY-NC)",ricardo_solano,Ricardo Andres,2026-01-04,"Rios y Canoas, Segunda oficina taquilla Parque el Gallineral, San Gil, Santander, Colombia",research,False,6.5507485,-73.1282601997,1536,2048,no,wallisii/inat-357245659-651555811-ricardo_solano.jpg,
Spathiphyllum wallisii,357081370,https://www.inaturalist.org/observations/357081370,651227328,https://inaturalist-open-data.s3.amazonaws.com/photos/651227328/original.jpg,cc-by,"(c) Cody Hinchliff, some rights reserved (CC BY)",codiferous,Cody Hinchliff,2004-02-29,"Puntarenas Province, Monteverde, Costa Rica",needs_id,False,10.3046966667,-84.8069,1365,2048,no,wallisii/inat-357081370-651227328-codiferous.jpg,
Spathiphyllum wallisii,355149547,https://www.inaturalist.org/observations/355149547,647793024,https://inaturalist-open-data.s3.amazonaws.com/photos/647793024/original.jpg,cc-by-nc,"(c) KA HIM LAM, some rights reserved (CC BY-NC)",ka_him2,KA HIM LAM,2026-04-27,"鴨涌馬路, 澳門, MO",needs_id,False,22.2123939185,113.5420617371,1536,2048,no,wallisii/inat-355149547-647793024-ka_him2.jpg,
Spathiphyllum wallisii,355149457,https://www.inaturalist.org/observations/355149457,647792880,https://inaturalist-open-data.s3.amazonaws.com/photos/647792880/original.jpg,cc-by-nc,"(c) KA HIM LAM, some rights reserved (CC BY-NC)",ka_him2,KA HIM LAM,2026-04-27,"何賢紳士大馬路, 澳門, MO",needs_id,False,22.2124068929,113.5419552884,1536,2048,no,wallisii/inat-355149457-647792880-ka_him2.jpg,
Spathiphyllum wallisii,355035634,https://www.inaturalist.org/observations/355035634,647606456,https://inaturalist-open-data.s3.amazonaws.com/photos/647606456/original.jpg,cc-by-nc,"(c) Ocean Fleskes, some rights reserved (CC BY-NC)",oceanf,Ocean Fleskes,2026-04-22,"Heredia Province, Sarapiqui, Costa Rica",needs_id,False,10.435098,-84.148842,1536,2048,no,wallisii/inat-355035634-647606456-oceanf.jpg,
Spathiphyllum wallisii,354299299,https://www.inaturalist.org/observations/354299299,646343254,https://inaturalist-open-data.s3.amazonaws.com/photos/646343254/original.jpg,cc-by,"(c) sucker69420, some rights reserved (CC BY)",sucker69420,,2026-03-10,"Ben Thanh, Ho Chi Minh, Vietnam",needs_id,False,10.7687181452,106.6917794881,2048,1365,no,wallisii/inat-354299299-646343254-sucker69420.jpg,
Spathiphyllum wallisii,353961900,https://www.inaturalist.org/observations/353961900,645764855,https://static.inaturalist.org/photos/645764855/original.jpg,all-rights-reserved,"(c) Alexander Kunde, all rights reserved",alexanderkunde,Alexander Kunde,2026-04-23,"Red Frog Beach, Bastimentos Island, Bocas del Toro Province, Panama",needs_id,False,9.337789866,-82.1788718449,1365,2048,no,wallisii/inat-353961900-645764855-alexanderkunde.jpg,
Spathiphyllum wallisii,353640632,https://www.inaturalist.org/observations/353640632,645213627,https://inaturalist-open-data.s3.amazonaws.com/photos/645213627/original.jpg,cc-by-nc,"(c) Eduardo Sales de Pieri, some rights reserved (CC BY-NC)",eduardo_sales1412,Eduardo Sales de Pieri,2026-04-25,"Av. Brg. Faria Lima, 3500 - Chácara Itaim, São Paulo - SP, 04538-081, Brasil",research,False,-23.5873395,-46.6826659,1536,2048,no,wallisii/inat-353640632-645213627-eduardo_sales1412.jpg,
Spathiphyllum wallisii,353465869,https://www.inaturalist.org/observations/353465869,644935469,https://inaturalist-open-data.s3.amazonaws.com/photos/644935469/original.jpg,cc-by-nc,"(c) Seema Suman, some rights reserved (CC BY-NC)",seema23391,Seema Suman,2026-04-25,"PV9Q+8RP, Vamanapuram, Kerala 695606, India",needs_id,False,8.7182477971,76.8884534016,1536,2048,no,wallisii/inat-353465869-644935469-seema23391.jpg,
Spathiphyllum wallisii,353319255,https://www.inaturalist.org/observations/353319255,644706421,https://inaturalist-open-data.s3.amazonaws.com/photos/644706421/original.jpg,cc-by-nc,"(c) tratra, some rights reserved (CC BY-NC)",tratra,,2026-04-25,"Viaduto de Avenida do Comendador Ho Yin, Macao, MO",needs_id,False,22.2123166667,113.5420383333,1536,2048,no,wallisii/inat-353319255-644706421-tratra.jpg,
Spathiphyllum wallisii,352951329,https://www.inaturalist.org/observations/352951329,644064283,https://static.inaturalist.org/photos/644064283/original.jpg,all-rights-reserved,"(c) Ludmila M. Souza, all rights reserved",lud_msouzaa,Ludmila M. Souza,2026-04-24,"Rua Coronel Sazedas, Ribeirão Pires, SP, BR",needs_id,False,-23.7102665375,-46.4061611828,1536,2048,no,wallisii/inat-352951329-644064283-lud_msouzaa.jpg,
Spathiphyllum wallisii,352931048,https://www.inaturalist.org/observations/352931048,644030191,https://inaturalist-open-data.s3.amazonaws.com/photos/644030191/original.jpg,cc-by-nc,"(c) spourgitaki, some rights reserved (CC BY-NC)",spourgitaki,,2026-04-17,"Isla de Bastimentos, Bocas Del Toro, PA",research,False,9.3422783333,-82.1811616667,1152,2048,no,wallisii/inat-352931048-644030191-spourgitaki.jpg,
Spathiphyllum wallisii,352931048,https://www.inaturalist.org/observations/352931048,644030257,https://inaturalist-open-data.s3.amazonaws.com/photos/644030257/original.jpg,cc-by-nc,"(c) spourgitaki, some rights reserved (CC BY-NC)",spourgitaki,,2026-04-17,"Isla de Bastimentos, Bocas Del Toro, PA",research,False,9.3422783333,-82.1811616667,1152,2048,no,wallisii/inat-352931048-644030257-spourgitaki.jpg,
Spathiphyllum wallisii,352931048,https://www.inaturalist.org/observations/352931048,644030323,https://inaturalist-open-data.s3.amazonaws.com/photos/644030323/original.jpg,cc-by-nc,"(c) spourgitaki, some rights reserved (CC BY-NC)",spourgitaki,,2026-04-17,"Isla de Bastimentos, Bocas Del Toro, PA",research,False,9.3422783333,-82.1811616667,1152,2048,no,wallisii/inat-352931048-644030323-spourgitaki.jpg,
Spathiphyllum wallisii,352402171,https://www.inaturalist.org/observations/352402171,643197321,https://inaturalist-open-data.s3.amazonaws.com/photos/643197321/original.jpg,cc-by-nc,"(c) ANDREA S IZQUIERDO-DIAZ, some rights reserved (CC BY-NC)",andrea_s5,ANDREA S IZQUIERDO-DIAZ,2026-04-23,"Calle 4, San Lorenzo, PR, US",research,False,18.1846444107,-65.9543624577,1152,2048,no,wallisii/inat-352402171-643197321-andrea_s5.jpg,
Spathiphyllum wallisii,352195016,https://www.inaturalist.org/observations/352195016,642812244,https://inaturalist-open-data.s3.amazonaws.com/photos/642812244/original.jpg,cc-by-nc,"(c) Chathushi Lakshani, some rights reserved (CC BY-NC)",chathushi,Chathushi Lakshani,2026-04-22,"Palapathwela - Galewela Road, Galewela, Central Province, LK",needs_id,False,7.7534324461,80.5690681359,1536,2048,no,wallisii/inat-352195016-642812244-chathushi.jpg,
Spathiphyllum wallisii,352028450,https://www.inaturalist.org/observations/352028450,642457945,https://static.inaturalist.org/photos/642457945/original.jpg,all-rights-reserved,"(c) Elias Tibax, all rights reserved",eliastibax,Elias Tibax,2022-07-18,"Heredia, Sarapiquí, Costa Rica",needs_id,False,10.4311472203,-84.0052872851,1152,2048,no,wallisii/inat-352028450-642457945-eliastibax.jpg,
Spathiphyllum wallisii,351927944,https://www.inaturalist.org/observations/351927944,642292228,https://inaturalist-open-data.s3.amazonaws.com/photos/642292228/original.jpg,cc-by-nc,"(c) merilinzesika, some rights reserved (CC BY-NC)",merilinzesika,,2026-04-22,"8HP, Colony, Sonkuchi, Barpeta, Ranga Pani, Assam 781314, India",needs_id,False,26.3468246189,90.9956933185,921,2048,no,wallisii/inat-351927944-642292228-merilinzesika.jpg,
Spathiphyllum wallisii,351927944,https://www.inaturalist.org/observations/351927944,642292260,https://inaturalist-open-data.s3.amazonaws.com/photos/642292260/original.jpg,cc-by-nc,"(c) merilinzesika, some rights reserved (CC BY-NC)",merilinzesika,,2026-04-22,"8HP, Colony, Sonkuchi, Barpeta, Ranga Pani, Assam 781314, India",needs_id,False,26.3468246189,90.9956933185,921,2048,no,wallisii/inat-351927944-642292260-merilinzesika.jpg,
Spathiphyllum wallisii,351836936,https://www.inaturalist.org/observations/351836936,642108742,https://static.inaturalist.org/photos/642108742/original.jpg,all-rights-reserved,"(c) vfinnerty, all rights reserved",vfinnerty,vfinnerty,2026-04-21,"San Ramon, Alajuela, CR",needs_id,False,10.3292471663,-84.7181485367,1152,2048,no,wallisii/inat-351836936-642108742-vfinnerty.jpg,
Spathiphyllum wallisii,351311318,https://www.inaturalist.org/observations/351311318,641077475,https://inaturalist-open-data.s3.amazonaws.com/photos/641077475/original.jpg,cc-by-nc,"(c) Juhannie Flores, some rights reserved (CC BY-NC)",juhannie,Juhannie Flores,2026-04-19,"Q86W+FMG, Digos, Davao del Sur, Philippines",needs_id,False,6.7613027778,125.3469111111,1536,2048,no,wallisii/inat-351311318-641077475-juhannie.jpg,
Spathiphyllum wallisii,350855063,https://www.inaturalist.org/observations/350855063,640210277,https://static.inaturalist.org/photos/640210277/original.jpg,all-rights-reserved,"(c) Aanisha Satapathy, all rights reserved",aanisha,Aanisha Satapathy,2026-04-17,"Surampeta, Seetanagaram Mdl, Peddapavani, Railway Station Area, Seethanagaram, Vizianagaram, Andhra Pradesh 535003, India",research,False,18.1066488479,83.3955504745,915,2048,no,wallisii/inat-350855063-640210277-aanisha.jpg,
Spathiphyllum wallisii,350440875,https://www.inaturalist.org/observations/350440875,639408651,https://static.inaturalist.org/photos/639408651/original.jpg,all-rights-reserved,"(c) 陳靖芹, all rights reserved",naturalist97222,陳靖芹,2026-04-17,"Jawa, 馬格朗, 中爪哇, ID",research,False,-7.6112966667,110.2172166667,2048,1536,no,wallisii/inat-350440875-639408651-naturalist97222.jpg,
Spathiphyllum wallisii,350440875,https://www.inaturalist.org/observations/350440875,639408663,https://static.inaturalist.org/photos/639408663/original.jpg,all-rights-reserved,"(c) 陳靖芹, all rights reserved",naturalist97222,陳靖芹,2026-04-17,"Jawa, 馬格朗, 中爪哇, ID",research,False,-7.6112966667,110.2172166667,2048,1536,no,wallisii/inat-350440875-639408663-naturalist97222.jpg,
Spathiphyllum wallisii,349995539,https://www.inaturalist.org/observations/349995539,638533286,https://inaturalist-open-data.s3.amazonaws.com/photos/638533286/original.jpg,cc-by-nc,"(c) Siddharth, some rights reserved (CC BY-NC)",mcnugget_97926,Siddharth,2026-04-15,"Uttarakhand, IN",needs_id,True,29.4254896481,78.960151293,1440,1920,no,wallisii/inat-349995539-638533286-mcnugget_97926.jpg,
Spathiphyllum wallisii,349884507,https://www.inaturalist.org/observations/349884507,638315400,https://inaturalist-open-data.s3.amazonaws.com/photos/638315400/original.jpg,cc-by-nc,"(c) UNIRSE Alex,Garcia, some rights reserved (CC BY-NC)",a_g_i_explora,"UNIRSE Alex,Garcia",2026-03-30,"Chocó, CO",research,False,5.6494500334,-77.4127190873,1536,2048,no,wallisii/inat-349884507-638315400-a_g_i_explora.jpg,
Spathiphyllum wallisii,349748661,https://www.inaturalist.org/observations/349748661,638054108,https://inaturalist-open-data.s3.amazonaws.com/photos/638054108/original.jpg,cc-by-nc,"(c) Manuel Raab, some rights reserved (CC BY-NC)",mani_raab,Manuel Raab,2026-03-02,Costa Rica,research,True,9.8903885496,-84.0797550245,1536,2048,no,wallisii/inat-349748661-638054108-mani_raab.jpg,
Spathiphyllum wallisii,349062641,https://www.inaturalist.org/observations/349062641,636702085,https://inaturalist-open-data.s3.amazonaws.com/photos/636702085/original.jpg,cc-by-nc,"(c) ocelot4, some rights reserved (CC BY-NC)",ocelot4,,2026-04-11,"Toledo, BZ",needs_id,False,16.36643444,-88.79288263,1536,2048,no,wallisii/inat-349062641-636702085-ocelot4.jpg,
Spathiphyllum wallisii,348937946,https://www.inaturalist.org/observations/348937946,636461428,https://inaturalist-open-data.s3.amazonaws.com/photos/636461428/original.jpg,cc-by-nc-nd,"(c) CC黎明, some rights reserved (CC BY-NC-ND)",ccliming,CC黎明,2025-02-27,中国海南省万宁市,research,False,18.7953199,110.38975,731,1024,no,wallisii/inat-348937946-636461428-ccliming.jpg,
Spathiphyllum wallisii,348760726,https://www.inaturalist.org/observations/348760726,636113531,https://inaturalist-open-data.s3.amazonaws.com/photos/636113531/original.jpg,cc-by-nc,"(c) Alexander Gonzalez, some rights reserved (CC BY-NC)",alexander_gonzalez5,Alexander Gonzalez,2026-04-10,"Trujillo Alto, PR",research,False,18.3451756521,-65.9897359079,1536,2048,no,wallisii/inat-348760726-636113531-alexander_gonzalez5.jpg,
Spathiphyllum wallisii,348623773,https://www.inaturalist.org/observations/348623773,637064379,https://inaturalist-open-data.s3.amazonaws.com/photos/637064379/original.jpg,cc-by-nc,"(c) Ethan S, some rights reserved (CC BY-NC)",ethandaman1,Ethan S,2026-04-09,Vero Beach,research,False,27.6079158783,-80.381477356,1536,2048,no,wallisii/inat-348623773-637064379-ethandaman1.jpg,
Spathiphyllum wallisii,348499715,https://www.inaturalist.org/observations/348499715,635593977,https://static.inaturalist.org/photos/635593977/original.jpg,all-rights-reserved,"(c) Fabricio Oñate, all rights reserved",fabricio19413,Fabricio Oñate,2026-04-09,"W6JQ+38V, 170794 Mindo, Ecuador",research,False,-0.06869884,-78.76149516,1536,2048,no,wallisii/inat-348499715-635593977-fabricio19413.jpg,
Spathiphyllum wallisii,348280821,https://www.inaturalist.org/observations/348280821,635163580,https://static.inaturalist.org/photos/635163580/original.jpg,all-rights-reserved,"(c) Wade Sexton, all rights reserved",wadesexton,Wade Sexton,2026-04-07,"Abangares, CR-GU, CR",needs_id,False,10.34493184,-84.7954657,1536,2048,no,wallisii/inat-348280821-635163580-wadesexton.jpg,
Spathiphyllum wallisii,347985427,https://www.inaturalist.org/observations/347985427,634578431,https://static.inaturalist.org/photos/634578431/original.jpg,all-rights-reserved,"(c) Eric Rasmussen, all rights reserved",kerrplunck,Eric Rasmussen,2026-04-06,"Calle Bosque Eterno de los Niños, San Carlos, Alajuela, CR",research,False,10.33082,-84.6048283333,1536,2048,no,wallisii/inat-347985427-634578431-kerrplunck.jpg,
Spathiphyllum wallisii,347865312,https://www.inaturalist.org/observations/347865312,634337066,https://inaturalist-open-data.s3.amazonaws.com/photos/634337066/original.jpg,cc-by-nc,"(c) Maria Cristina Morales, some rights reserved (CC BY-NC)",maria_cristina_morales_1981,Maria Cristina Morales,2026-04-06,"W3401, Corrientes, Argentina",research,False,-27.4646716667,-58.6651116667,1152,2048,no,wallisii/inat-347865312-634337066-maria_cristina_morales_1981.jpg,
Spathiphyllum wallisii,347776272,https://www.inaturalist.org/observations/347776272,634164879,https://inaturalist-open-data.s3.amazonaws.com/photos/634164879/original.jpg,cc-by-nc,"(c) Sharon O'Sullivan, some rights reserved (CC BY-NC)",sharon_o_sullivan,Sharon O'Sullivan,2025-07-10,"Alastair Mews, Beaconsfield, England, GB",research,False,51.6083151716,-0.6340054926,1152,2048,no,wallisii/inat-347776272-634164879-sharon_o_sullivan.jpg,
Spathiphyllum wallisii,347722897,https://www.inaturalist.org/observations/347722897,634056070,https://inaturalist-open-data.s3.amazonaws.com/photos/634056070/original.jpg,cc-by-nc,"(c) Alec Lindsay, some rights reserved (CC BY-NC)",adlindsay,Alec Lindsay,2026-01-05,"Sendero Tosi, Puntarenas, CR",research,False,10.3045383333,-84.7939916667,1536,2048,no,wallisii/inat-347722897-634056070-adlindsay.jpg,
Spathiphyllum wallisii,347722897,https://www.inaturalist.org/observations/347722897,634056099,https://inaturalist-open-data.s3.amazonaws.com/photos/634056099/original.jpg,cc-by-nc,"(c) Alec Lindsay, some rights reserved (CC BY-NC)",adlindsay,Alec Lindsay,2026-01-05,"Sendero Tosi, Puntarenas, CR",research,False,10.3045383333,-84.7939916667,1536,2048,no,wallisii/inat-347722897-634056099-adlindsay.jpg,
Spathiphyllum wallisii,347722897,https://www.inaturalist.org/observations/347722897,634056092,https://inaturalist-open-data.s3.amazonaws.com/photos/634056092/original.jpg,cc-by-nc,"(c) Alec Lindsay, some rights reserved (CC BY-NC)",adlindsay,Alec Lindsay,2026-01-05,"Sendero Tosi, Puntarenas, CR",research,False,10.3045383333,-84.7939916667,1536,2048,no,wallisii/inat-347722897-634056092-adlindsay.jpg,
Spathiphyllum wallisii,347722897,https://www.inaturalist.org/observations/347722897,634056074,https://inaturalist-open-data.s3.amazonaws.com/photos/634056074/original.jpg,cc-by-nc,"(c) Alec Lindsay, some rights reserved (CC BY-NC)",adlindsay,Alec Lindsay,2026-01-05,"Sendero Tosi, Puntarenas, CR",research,False,10.3045383333,-84.7939916667,1536,2048,no,wallisii/inat-347722897-634056074-adlindsay.jpg,
Spathiphyllum wallisii,347284964,https://www.inaturalist.org/observations/347284964,633185944,https://static.inaturalist.org/photos/633185944/original.jpg,all-rights-reserved,"(c) djrb, all rights reserved",djrb,,2026-03-28,"Central Province, LK",research,False,7.2692999782,80.5974044705,1152,2048,no,wallisii/inat-347284964-633185944-djrb.jpg,
Spathiphyllum wallisii,347021928,https://www.inaturalist.org/observations/347021928,632663487,https://inaturalist-open-data.s3.amazonaws.com/photos/632663487/original.jpg,cc-by-nc,"(c) tribilbo, some rights reserved (CC BY-NC)",tribilbo,,2026-04-03,"San Ramon, Alajuela, CR",needs_id,False,10.4087144055,-84.597635844,1152,2048,no,wallisii/inat-347021928-632663487-tribilbo.jpg,
Spathiphyllum wallisii,346930115,https://www.inaturalist.org/observations/346930115,632477723,https://inaturalist-open-data.s3.amazonaws.com/photos/632477723/original.jpg,cc-by-nc,"(c) Jan Aira Viado, some rights reserved (CC BY-NC)",aishiteruaii_,Jan Aira Viado,2026-03-25,"9JW6+RG9 Camp John Hay Park, Camp John Hay, Baguio, Benguet, Philippines",needs_id,False,16.3970291363,120.6113598123,2048,1536,no,wallisii/inat-346930115-632477723-aishiteruaii_.jpg,
Spathiphyllum wallisii,346930115,https://www.inaturalist.org/observations/346930115,632477751,https://inaturalist-open-data.s3.amazonaws.com/photos/632477751/original.jpg,cc-by-nc,"(c) Jan Aira Viado, some rights reserved (CC BY-NC)",aishiteruaii_,Jan Aira Viado,2026-03-25,"9JW6+RG9 Camp John Hay Park, Camp John Hay, Baguio, Benguet, Philippines",needs_id,False,16.3970291363,120.6113598123,2048,1536,no,wallisii/inat-346930115-632477751-aishiteruaii_.jpg,
Spathiphyllum wallisii,346736557,https://www.inaturalist.org/observations/346736557,632096698,https://inaturalist-open-data.s3.amazonaws.com/photos/632096698/original.jpg,cc-by-nc,"(c) Fidella Salsabila, some rights reserved (CC BY-NC)",fidellanindhita,Fidella Salsabila,2026-04-02,"Wonosari, Kec. Ngaliyan, Kota Semarang, Jawa Tengah, Indonesia",needs_id,False,-6.9796212654,110.3189010546,1536,2048,no,wallisii/inat-346736557-632096698-fidellanindhita.jpg,
Spathiphyllum wallisii,346667015,https://www.inaturalist.org/observations/346667015,631957218,https://inaturalist-open-data.s3.amazonaws.com/photos/631957218/original.jpg,cc-by-nc,"(c) Marilin Sofía Mayorga Viñas, some rights reserved (CC BY-NC)",msmayorga2,Marilin Sofía Mayorga Viñas,2026-04-01,"García Moreno, Ecuador",needs_id,False,0.241905,-78.6155242778,1536,2048,no,wallisii/inat-346667015-631957218-msmayorga2.jpg,
Spathiphyllum wallisii,346365074,https://www.inaturalist.org/observations/346365074,631362927,https://inaturalist-open-data.s3.amazonaws.com/photos/631362927/original.jpg,cc-by-nc,"(c) William Restrepo, some rights reserved (CC BY-NC)",william92947,William Restrepo,2026-03-30,El Brasil,needs_id,False,6.4094899795,-74.9433201179,2048,1536,no,wallisii/inat-346365074-631362927-william92947.jpg,
Spathiphyllum wallisii,346365074,https://www.inaturalist.org/observations/346365074,631363031,https://inaturalist-open-data.s3.amazonaws.com/photos/631363031/original.jpg,cc-by-nc,"(c) William Restrepo, some rights reserved (CC BY-NC)",william92947,William Restrepo,2026-03-30,El Brasil,needs_id,False,6.4094899795,-74.9433201179,2048,1536,no,wallisii/inat-346365074-631363031-william92947.jpg,
Spathiphyllum wallisii,346144818,https://www.inaturalist.org/observations/346144818,630924029,https://inaturalist-open-data.s3.amazonaws.com/photos/630924029/original.jpg,cc-by-nc,"(c) Sarapai Praharnkhasuk, some rights reserved (CC BY-NC)",sarapai_p,Sarapai Praharnkhasuk,2026-03-30,"Chiang Kham Mai Road, Lak Si District, Bangkok, TH",needs_id,False,13.8993168715,100.5589398782,1197,1798,no,wallisii/inat-346144818-630924029-sarapai_p.jpg,
Spathiphyllum wallisii,345404126,https://www.inaturalist.org/observations/345404126,629468075,https://static.inaturalist.org/photos/629468075/original.jpg,all-rights-reserved,"(c) Khalil Sultan, all rights reserved",khalil_sultan,Khalil Sultan,2026-03-13,"Liceo de Cagayan University, Cagayan de Oro, Misamis Oriental, PH",needs_id,False,8.4866,124.63977,1536,2048,no,wallisii/inat-345404126-629468075-khalil_sultan.jpg,
Spathiphyllum wallisii,345281593,https://www.inaturalist.org/observations/345281593,629228172,https://inaturalist-open-data.s3.amazonaws.com/photos/629228172/original.jpg,cc-by-nc,"(c) ronald berna, some rights reserved (CC BY-NC)",ronald43505,ronald berna,2026-03-26,"M9P6+CQ, Necoclí, Antioquia, Colombia",needs_id,False,8.6859446268,-76.6388138384,900,1600,no,wallisii/inat-345281593-629228172-ronald43505.jpg,
Spathiphyllum wallisii,344882536,https://www.inaturalist.org/observations/344882536,628745441,https://inaturalist-open-data.s3.amazonaws.com/photos/628745441/original.jpg,cc-by-nc,"(c) Hasina Ahmed, some rights reserved (CC BY-NC)",hasina5,Hasina Ahmed,2024-05-03,"82G2+PRV, Muslimpatty, Barpeta, Assam 781301, India",needs_id,False,26.3268724848,91.0020615533,1536,2048,no,wallisii/inat-344882536-628745441-hasina5.jpg,
Spathiphyllum wallisii,344870070,https://www.inaturalist.org/observations/344870070,628416791,https://inaturalist-open-data.s3.amazonaws.com/photos/628416791/original.jpg,cc-by-nc,"(c) Tomas Velasquez Morales, some rights reserved (CC BY-NC)",tomas58130,Tomas Velasquez Morales,2026-03-16,"Alejandría, Antioquia, Colombia",needs_id,False,6.3430271568,-75.0721663982,1536,2048,no,wallisii/inat-344870070-628416791-tomas58130.jpg,
Spathiphyllum wallisii,344866870,https://www.inaturalist.org/observations/344866870,628411216,https://inaturalist-open-data.s3.amazonaws.com/photos/628411216/original.jpg,cc-by-nc,"(c) hasnanurjihan3, some rights reserved (CC BY-NC)",hasnanurjihan3,,2026-03-12,"Jawa, Kota Cirebon, Jawa Barat, ID",needs_id,False,-6.744645,108.539895,1536,2048,no,wallisii/inat-344866870-628411216-hasnanurjihan3.jpg,
Spathiphyllum wallisii,344842601,https://www.inaturalist.org/observations/344842601,628364675,https://inaturalist-open-data.s3.amazonaws.com/photos/628364675/original.jpg,cc-by-nc,"(c) Ulfi Faizah, some rights reserved (CC BY-NC)",ulfi_faizah,Ulfi Faizah,2026-03-24,"RPG3+FPJ, Bokor, Pagedangan, Kec. Turen, Kabupaten Malang, Jawa Timur 65175, Indonesia",research,False,-8.1738174,112.7041834,2048,1536,no,wallisii/inat-344842601-628364675-ulfi_faizah.jpg,
Spathiphyllum wallisii,344842601,https://www.inaturalist.org/observations/344842601,628364720,https://inaturalist-open-data.s3.amazonaws.com/photos/628364720/original.jpg,cc-by-nc,"(c) Ulfi Faizah, some rights reserved (CC BY-NC)",ulfi_faizah,Ulfi Faizah,2026-03-24,"RPG3+FPJ, Bokor, Pagedangan, Kec. Turen, Kabupaten Malang, Jawa Timur 65175, Indonesia",research,False,-8.1738174,112.7041834,2048,1536,no,wallisii/inat-344842601-628364720-ulfi_faizah.jpg,
Spathiphyllum wallisii,344842601,https://www.inaturalist.org/observations/344842601,628364735,https://inaturalist-open-data.s3.amazonaws.com/photos/628364735/original.jpg,cc-by-nc,"(c) Ulfi Faizah, some rights reserved (CC BY-NC)",ulfi_faizah,Ulfi Faizah,2026-03-24,"RPG3+FPJ, Bokor, Pagedangan, Kec. Turen, Kabupaten Malang, Jawa Timur 65175, Indonesia",research,False,-8.1738174,112.7041834,2048,1536,no,wallisii/inat-344842601-628364735-ulfi_faizah.jpg,
Spathiphyllum wallisii,344842601,https://www.inaturalist.org/observations/344842601,628364753,https://inaturalist-open-data.s3.amazonaws.com/photos/628364753/original.jpg,cc-by-nc,"(c) Ulfi Faizah, some rights reserved (CC BY-NC)",ulfi_faizah,Ulfi Faizah,2026-03-24,"RPG3+FPJ, Bokor, Pagedangan, Kec. Turen, Kabupaten Malang, Jawa Timur 65175, Indonesia",research,False,-8.1738174,112.7041834,2048,1536,no,wallisii/inat-344842601-628364753-ulfi_faizah.jpg,
Spathiphyllum wallisii,344640417,https://www.inaturalist.org/observations/344640417,630328658,https://inaturalist-open-data.s3.amazonaws.com/photos/630328658/original.jpg,cc-by-nc,"(c) miksolo, some rights reserved (CC BY-NC)",miksolo,,2026-03-23,Baturiti,research,False,-8.2767400742,115.1659011841,1542,2048,no,wallisii/inat-344640417-630328658-miksolo.jpg,
Spathiphyllum wallisii,344584978,https://www.inaturalist.org/observations/344584978,627870296,https://inaturalist-open-data.s3.amazonaws.com/photos/627870296/original.jpg,cc-by-nc,"(c) Amanda Riyanti, some rights reserved (CC BY-NC)",amandariyanti,Amanda Riyanti,2026-03-21,"X953+WH7, Ciranjeng, Kec. Cingambul, Kabupaten Majalengka, Jawa Barat 45467, Indonesia",research,False,-7.0398555556,108.3538888889,1152,2048,no,wallisii/inat-344584978-627870296-amandariyanti.jpg,
Spathiphyllum wallisii,344559680,https://www.inaturalist.org/observations/344559680,627821423,https://inaturalist-open-data.s3.amazonaws.com/photos/627821423/original.jpg,cc-by-nc,"(c) syahru_alhajj, some rights reserved (CC BY-NC)",syahru_alhajj,,2026-02-20,"56FW+MXV, Cicenang, Kec. Cigasong, Kabupaten Majalengka, Jawa Barat, Indonesia",research,False,-6.8257476294,108.2473693416,1542,2048,no,wallisii/inat-344559680-627821423-syahru_alhajj.jpg,
Spathiphyllum wallisii,344538966,https://www.inaturalist.org/observations/344538966,627781337,https://inaturalist-open-data.s3.amazonaws.com/photos/627781337/original.jpg,cc-by-nc,"(c) Tablet Aplle, some rights reserved (CC BY-NC)",shacra,Tablet Aplle,2026-03-22,,needs_id,True,,,1152,2048,no,wallisii/inat-344538966-627781337-shacra.jpg,
Spathiphyllum wallisii,344538966,https://www.inaturalist.org/observations/344538966,627781322,https://inaturalist-open-data.s3.amazonaws.com/photos/627781322/original.jpg,cc-by-nc,"(c) Tablet Aplle, some rights reserved (CC BY-NC)",shacra,Tablet Aplle,2026-03-22,,needs_id,True,,,1536,2048,no,wallisii/inat-344538966-627781322-shacra.jpg,
Spathiphyllum wallisii,344221076,https://www.inaturalist.org/observations/344221076,627157573,https://inaturalist-open-data.s3.amazonaws.com/photos/627157573/original.jpg,cc-by-nc,"(c) May, some rights reserved (CC BY-NC)",autumnbeloved,May,2024-12-12,"Ormoc-Jaro Road, Ormoc, Leyte, PH",research,False,11.0835638333,124.721275,1536,2048,no,wallisii/inat-344221076-627157573-autumnbeloved.jpg,
Spathiphyllum wallisii,344140157,https://www.inaturalist.org/observations/344140157,627007682,https://inaturalist-open-data.s3.amazonaws.com/photos/627007682/original.jpg,cc-by-nc,"(c) Sirawit Mahitraporn, some rights reserved (CC BY-NC)",gorouu,Sirawit Mahitraporn,2026-03-21,Thailand,research,True,13.9862304741,100.5420641941,1536,2048,no,wallisii/inat-344140157-627007682-gorouu.jpg,
Spathiphyllum wallisii,344140157,https://www.inaturalist.org/observations/344140157,627007699,https://inaturalist-open-data.s3.amazonaws.com/photos/627007699/original.jpg,cc-by-nc,"(c) Sirawit Mahitraporn, some rights reserved (CC BY-NC)",gorouu,Sirawit Mahitraporn,2026-03-21,Thailand,research,True,13.9862304741,100.5420641941,1536,2048,no,wallisii/inat-344140157-627007699-gorouu.jpg,
Spathiphyllum wallisii,344140157,https://www.inaturalist.org/observations/344140157,627007717,https://inaturalist-open-data.s3.amazonaws.com/photos/627007717/original.jpg,cc-by-nc,"(c) Sirawit Mahitraporn, some rights reserved (CC BY-NC)",gorouu,Sirawit Mahitraporn,2026-03-21,Thailand,research,True,13.9862304741,100.5420641941,1536,2048,no,wallisii/inat-344140157-627007717-gorouu.jpg,
Spathiphyllum wallisii,344029798,https://www.inaturalist.org/observations/344029798,626788514,https://inaturalist-open-data.s3.amazonaws.com/photos/626788514/original.jpg,cc-by-nc,"(c) J. Wedel, some rights reserved (CC BY-NC)",aazide,J. Wedel,2026-03-20,"Bocas Del Toro, PA",needs_id,False,9.300475,-82.0962,1536,2048,no,wallisii/inat-344029798-626788514-aazide.jpg,
Spathiphyllum wallisii,344029798,https://www.inaturalist.org/observations/344029798,626788493,https://inaturalist-open-data.s3.amazonaws.com/photos/626788493/original.jpg,cc-by-nc,"(c) J. Wedel, some rights reserved (CC BY-NC)",aazide,J. Wedel,2026-03-20,"Bocas Del Toro, PA",needs_id,False,9.300475,-82.0962,1536,2048,no,wallisii/inat-344029798-626788493-aazide.jpg,
Spathiphyllum wallisii,344029798,https://www.inaturalist.org/observations/344029798,626788494,https://inaturalist-open-data.s3.amazonaws.com/photos/626788494/original.jpg,cc-by-nc,"(c) J. Wedel, some rights reserved (CC BY-NC)",aazide,J. Wedel,2026-03-20,"Bocas Del Toro, PA",needs_id,False,9.300475,-82.0962,1536,2048,no,wallisii/inat-344029798-626788494-aazide.jpg,
Spathiphyllum wallisii,343851595,https://www.inaturalist.org/observations/343851595,626437430,https://inaturalist-open-data.s3.amazonaws.com/photos/626437430/original.jpg,cc-by,"(c) Thomas Ebner, some rights reserved (CC BY)",mondseeirrsee,Thomas Ebner,2026-03-19,"Caño Negro Trail, Abangares, Guanacaste, CR",research,False,10.3467666667,-84.7903533333,1536,2048,no,wallisii/inat-343851595-626437430-mondseeirrsee.jpg,
Spathiphyllum wallisii,343851595,https://www.inaturalist.org/observations/343851595,626437445,https://inaturalist-open-data.s3.amazonaws.com/photos/626437445/original.jpg,cc-by,"(c) Thomas Ebner, some rights reserved (CC BY)",mondseeirrsee,Thomas Ebner,2026-03-19,"Caño Negro Trail, Abangares, Guanacaste, CR",research,False,10.3467666667,-84.7903533333,1536,2048,no,wallisii/inat-343851595-626437445-mondseeirrsee.jpg,
Spathiphyllum wallisii,343851595,https://www.inaturalist.org/observations/343851595,626437426,https://inaturalist-open-data.s3.amazonaws.com/photos/626437426/original.jpg,cc-by,"(c) Thomas Ebner, some rights reserved (CC BY)",mondseeirrsee,Thomas Ebner,2026-03-19,"Caño Negro Trail, Abangares, Guanacaste, CR",research,False,10.3467666667,-84.7903533333,1536,2048,no,wallisii/inat-343851595-626437426-mondseeirrsee.jpg,
Spathiphyllum wallisii,343725521,https://www.inaturalist.org/observations/343725521,626188826,https://inaturalist-open-data.s3.amazonaws.com/photos/626188826/original.jpg,cc-by-nc,"(c) eightkune, some rights reserved (CC BY-NC)",eightkune,,2026-03-17,"Triangulo, Naga City, Camarines Sur, Philippines",needs_id,False,13.6217508904,123.1928450682,1542,2047,no,wallisii/inat-343725521-626188826-eightkune.jpg,
Spathiphyllum wallisii,343725520,https://www.inaturalist.org/observations/343725520,626188825,https://inaturalist-open-data.s3.amazonaws.com/photos/626188825/original.jpg,cc-by-nc,"(c) eightkune, some rights reserved (CC BY-NC)",eightkune,,2026-03-17,"Triangulo, Naga City, Camarines Sur, Philippines",needs_id,False,13.6217539615,123.192841045,2048,1542,no,wallisii/inat-343725520-626188825-eightkune.jpg,
Spathiphyllum wallisii,343725517,https://www.inaturalist.org/observations/343725517,626188823,https://inaturalist-open-data.s3.amazonaws.com/photos/626188823/original.jpg,cc-by-nc,"(c) eightkune, some rights reserved (CC BY-NC)",eightkune,,2026-03-17,"Triangulo, Naga City, Camarines Sur, Philippines",needs_id,False,13.6217496766,123.1928437272,2048,1542,no,wallisii/inat-343725517-626188823-eightkune.jpg,
Spathiphyllum wallisii,343680440,https://www.inaturalist.org/observations/343680440,626098620,https://inaturalist-open-data.s3.amazonaws.com/photos/626098620/original.jpg,cc-by-nc,"(c) charlesavenengo, some rights reserved (CC BY-NC)",charlesavenengo,,2026-03-14,"Barbalha - Ceará, Brazil",needs_id,False,-7.3328715694,-39.4119024584,2048,1536,no,wallisii/inat-343680440-626098620-charlesavenengo.jpg,
Spathiphyllum wallisii,343668935,https://www.inaturalist.org/observations/343668935,626074941,https://inaturalist-open-data.s3.amazonaws.com/photos/626074941/original.jpg,cc0,no rights reserved,lauren_bosch,Lauren Bosch,2026-03-18,"Portobelo District, Colón Province, Panama",needs_id,False,9.586675,-79.5770722222,1542,2048,no,wallisii/inat-343668935-626074941-lauren_bosch.jpg,
Spathiphyllum wallisii,343668935,https://www.inaturalist.org/observations/343668935,626074976,https://inaturalist-open-data.s3.amazonaws.com/photos/626074976/original.jpg,cc0,no rights reserved,lauren_bosch,Lauren Bosch,2026-03-18,"Portobelo District, Colón Province, Panama",needs_id,False,9.586675,-79.5770722222,1542,2048,no,wallisii/inat-343668935-626074976-lauren_bosch.jpg,
Spathiphyllum wallisii,343668935,https://www.inaturalist.org/observations/343668935,626075007,https://inaturalist-open-data.s3.amazonaws.com/photos/626075007/original.jpg,cc0,no rights reserved,lauren_bosch,Lauren Bosch,2026-03-18,"Portobelo District, Colón Province, Panama",needs_id,False,9.586675,-79.5770722222,1542,2048,no,wallisii/inat-343668935-626075007-lauren_bosch.jpg,
Spathiphyllum wallisii,343651418,https://www.inaturalist.org/observations/343651418,626040094,https://inaturalist-open-data.s3.amazonaws.com/photos/626040094/original.jpg,cc-by-nc,"(c) Fabricio Varela, some rights reserved (CC BY-NC)",fabricio91909,Fabricio Varela,2026-03-18,"San Carlos, CR-AL, CR",research,False,10.4752104,-84.6415267,1536,2048,no,wallisii/inat-343651418-626040094-fabricio91909.jpg,
Spathiphyllum wallisii,343651418,https://www.inaturalist.org/observations/343651418,626040124,https://inaturalist-open-data.s3.amazonaws.com/photos/626040124/original.jpg,cc-by-nc,"(c) Fabricio Varela, some rights reserved (CC BY-NC)",fabricio91909,Fabricio Varela,2026-03-18,"San Carlos, CR-AL, CR",research,False,10.4752104,-84.6415267,1536,2048,no,wallisii/inat-343651418-626040124-fabricio91909.jpg,
Spathiphyllum wallisii,343651418,https://www.inaturalist.org/observations/343651418,626040149,https://inaturalist-open-data.s3.amazonaws.com/photos/626040149/original.jpg,cc-by-nc,"(c) Fabricio Varela, some rights reserved (CC BY-NC)",fabricio91909,Fabricio Varela,2026-03-18,"San Carlos, CR-AL, CR",research,False,10.4752104,-84.6415267,1536,2048,no,wallisii/inat-343651418-626040149-fabricio91909.jpg,
Spathiphyllum wallisii,343601570,https://www.inaturalist.org/observations/343601570,625941077,https://inaturalist-open-data.s3.amazonaws.com/photos/625941077/original.jpg,cc-by-nc,"(c) Ulfi Faizah, some rights reserved (CC BY-NC)",ulfi_faizah,Ulfi Faizah,2026-03-18,"Kendalsari, Ngijo, Kec. Karang Ploso, Kabupaten Malang, Jawa Timur, Indonesia",research,False,-7.9075926,112.6159454997,2048,1536,no,wallisii/inat-343601570-625941077-ulfi_faizah.jpg,
Spathiphyllum wallisii,343601570,https://www.inaturalist.org/observations/343601570,625941093,https://inaturalist-open-data.s3.amazonaws.com/photos/625941093/original.jpg,cc-by-nc,"(c) Ulfi Faizah, some rights reserved (CC BY-NC)",ulfi_faizah,Ulfi Faizah,2026-03-18,"Kendalsari, Ngijo, Kec. Karang Ploso, Kabupaten Malang, Jawa Timur, Indonesia",research,False,-7.9075926,112.6159454997,2048,1536,no,wallisii/inat-343601570-625941093-ulfi_faizah.jpg,
Spathiphyllum wallisii,343472814,https://www.inaturalist.org/observations/343472814,625676526,https://inaturalist-open-data.s3.amazonaws.com/photos/625676526/original.jpg,cc-by-nc,"(c) J. Wedel, some rights reserved (CC BY-NC)",aazide,J. Wedel,2026-03-16,"Bocas Del Toro, PA",research,False,9.2934366667,-82.0906833333,1536,2048,no,wallisii/inat-343472814-625676526-aazide.jpg,
Spathiphyllum wallisii,343472814,https://www.inaturalist.org/observations/343472814,625676530,https://inaturalist-open-data.s3.amazonaws.com/photos/625676530/original.jpg,cc-by-nc,"(c) J. Wedel, some rights reserved (CC BY-NC)",aazide,J. Wedel,2026-03-16,"Bocas Del Toro, PA",research,False,9.2934366667,-82.0906833333,1536,2048,no,wallisii/inat-343472814-625676530-aazide.jpg,
Spathiphyllum wallisii,343472814,https://www.inaturalist.org/observations/343472814,625676531,https://inaturalist-open-data.s3.amazonaws.com/photos/625676531/original.jpg,cc-by-nc,"(c) J. Wedel, some rights reserved (CC BY-NC)",aazide,J. Wedel,2026-03-16,"Bocas Del Toro, PA",research,False,9.2934366667,-82.0906833333,1536,2048,no,wallisii/inat-343472814-625676531-aazide.jpg,
Spathiphyllum wallisii,343472814,https://www.inaturalist.org/observations/343472814,625676527,https://inaturalist-open-data.s3.amazonaws.com/photos/625676527/original.jpg,cc-by-nc,"(c) J. Wedel, some rights reserved (CC BY-NC)",aazide,J. Wedel,2026-03-16,"Bocas Del Toro, PA",research,False,9.2934366667,-82.0906833333,1536,2048,no,wallisii/inat-343472814-625676527-aazide.jpg,
Spathiphyllum wallisii,343320171,https://www.inaturalist.org/observations/343320171,625365587,https://static.inaturalist.org/photos/625365587/original.jpg,all-rights-reserved,"(c) Jessica Harker, all rights reserved",jess4589,Jessica Harker,2026-03-08,"Calle Bóveda, Turrialba, Cartago, CR",needs_id,False,9.8883583333,-83.6304466667,1536,2048,no,wallisii/inat-343320171-625365587-jess4589.jpg,
Spathiphyllum wallisii,343189995,https://www.inaturalist.org/observations/343189995,625097364,https://inaturalist-open-data.s3.amazonaws.com/photos/625097364/original.jpg,cc-by-nc,"(c) Luciana Pérez, some rights reserved (CC BY-NC)",lperezwong,Luciana Pérez,2026-03-15,"Samborondón, Guayas, EC",needs_id,False,-2.0630694948,-79.8788351673,1536,2048,no,wallisii/inat-343189995-625097364-lperezwong.jpg,
Spathiphyllum wallisii,343189995,https://www.inaturalist.org/observations/343189995,625097417,https://inaturalist-open-data.s3.amazonaws.com/photos/625097417/original.jpg,cc-by-nc,"(c) Luciana Pérez, some rights reserved (CC BY-NC)",lperezwong,Luciana Pérez,2026-03-15,"Samborondón, Guayas, EC",needs_id,False,-2.0630694948,-79.8788351673,2048,1536,no,wallisii/inat-343189995-625097417-lperezwong.jpg,
Spathiphyllum wallisii,342802581,https://www.inaturalist.org/observations/342802581,624317013,https://inaturalist-open-data.s3.amazonaws.com/photos/624317013/original.jpg,cc-by-nc,"(c) Adriana Bertoldi, some rights reserved (CC BY-NC)",adrianaber,Adriana Bertoldi,2026-03-13,"Rua Philipp Bauler, 2032-2100 - Itoupavazinha, Blumenau - SC, 89066-570, Brasil",research,False,-26.855517933,-49.1327647492,1542,2048,no,wallisii/inat-342802581-624317013-adrianaber.jpg,
Spathiphyllum wallisii,342772925,https://www.inaturalist.org/observations/342772925,624257396,https://inaturalist-open-data.s3.amazonaws.com/photos/624257396/original.jpg,cc-by-nc,"(c) annalauraevitor, some rights reserved (CC BY-NC)",annalauraevitor,,2026-03-13,"Rua Wilhelm Ramthun, Pomerode, SC, BR",research,False,-26.7385833333,-49.2123333333,1536,2048,no,wallisii/inat-342772925-624257396-annalauraevitor.jpg,
Spathiphyllum wallisii,342608553,https://www.inaturalist.org/observations/342608553,623943532,https://inaturalist-open-data.s3.amazonaws.com/photos/623943532/original.jpg,cc-by-nc,"(c) ivanna01, some rights reserved (CC BY-NC)",ivanna01,,2026-03-12,"Retiro, Antioquia, CO",research,False,6.1045512477,-75.4670926778,1152,2048,no,wallisii/inat-342608553-623943532-ivanna01.jpg,
Spathiphyllum wallisii,342590308,https://www.inaturalist.org/observations/342590308,623907752,https://inaturalist-open-data.s3.amazonaws.com/photos/623907752/original.jpg,cc-by-nc,"(c) Eliceemily Ferreira, some rights reserved (CC BY-NC)",eliceemily,Eliceemily Ferreira,2026-03-12,"Rua Francisco Vahldieck, 1500 - Fortaleza, Blumenau - SC, 89056-090, Brasil",research,False,-26.872093,-49.0637223,1153,2048,no,wallisii/inat-342590308-623907752-eliceemily.jpg,
Spathiphyllum wallisii,342538140,https://www.inaturalist.org/observations/342538140,623803390,https://inaturalist-open-data.s3.amazonaws.com/photos/623803390/original.jpg,cc-by-nc,"(c) Frida De La Teja, some rights reserved (CC BY-NC)",fridadelateja,Frida De La Teja,2026-03-12,"Chùa Tam Thai, Da Nang, Thành Phố Đà Nẵng, VN",research,False,16.0038388833,108.2619633333,1152,2048,no,wallisii/inat-342538140-623803390-fridadelateja.jpg,
Spathiphyllum wallisii,342329096,https://www.inaturalist.org/observations/342329096,623373631,https://inaturalist-open-data.s3.amazonaws.com/photos/623373631/original.jpg,cc-by-nc,"(c) pao, some rights reserved (CC BY-NC)",jp-gutierrez,pao,2026-03-10,"San Carlos, Antioquia, Colombia",needs_id,False,6.1551383333,-75.0565397222,1536,2048,no,wallisii/inat-342329096-623373631-jp-gutierrez.jpg,
Spathiphyllum wallisii,342220180,https://www.inaturalist.org/observations/342220180,623156487,https://inaturalist-open-data.s3.amazonaws.com/photos/623156487/original.jpg,cc-by-nc,"(c) Thara P.T, some rights reserved (CC BY-NC)",thara7,Thara P.T,2026-03-10,"H4P2+W8W, Puthurvayal, Kerala 673577, India",research,False,11.5873235,76.100874,1536,2048,no,wallisii/inat-342220180-623156487-thara7.jpg,
Spathiphyllum wallisii,342170317,https://www.inaturalist.org/observations/342170317,623048691,https://inaturalist-open-data.s3.amazonaws.com/photos/623048691/original.jpg,cc-by-nc,"(c) Eric van den Berghe, some rights reserved (CC BY-NC)",ericvandenberghe,Eric van den Berghe,2026-03-06,"La Union, Atlántida, Honduras",research,False,15.6655580143,-87.001112115,2048,1536,no,wallisii/inat-342170317-623048691-ericvandenberghe.jpg,
Spathiphyllum wallisii,341817288,https://www.inaturalist.org/observations/341817288,622341524,https://inaturalist-open-data.s3.amazonaws.com/photos/622341524/original.jpg,cc-by-nc,"(c) Maria José Terán Chávez, some rights reserved (CC BY-NC)",yeidis1,Maria José Terán Chávez,2026-03-07,"Pavarando Grande, Mutatá, Antioquia, Colombia",research,False,7.277199,-76.561417,1110,615,no,wallisii/inat-341817288-622341524-yeidis1.jpg,
Spathiphyllum wallisii,341606889,https://www.inaturalist.org/observations/341606889,621916565,https://inaturalist-open-data.s3.amazonaws.com/photos/621916565/original.jpg,cc-by-nc,"(c) Jacqueline Weber, some rights reserved (CC BY-NC)",jacqueline_weber,Jacqueline Weber,2026-03-06,"Caño Negro Trail, Abangares, Guanacaste, CR",research,False,10.3468616667,-84.7905283333,1536,2048,no,wallisii/inat-341606889-621916565-jacqueline_weber.jpg,
Spathiphyllum wallisii,341606889,https://www.inaturalist.org/observations/341606889,621916588,https://inaturalist-open-data.s3.amazonaws.com/photos/621916588/original.jpg,cc-by-nc,"(c) Jacqueline Weber, some rights reserved (CC BY-NC)",jacqueline_weber,Jacqueline Weber,2026-03-06,"Caño Negro Trail, Abangares, Guanacaste, CR",research,False,10.3468616667,-84.7905283333,1536,2048,no,wallisii/inat-341606889-621916588-jacqueline_weber.jpg,
Spathiphyllum wallisii,341603050,https://www.inaturalist.org/observations/341603050,621907949,https://inaturalist-open-data.s3.amazonaws.com/photos/621907949/original.jpg,cc-by-nc,"(c) Yeniffer Escobar, some rights reserved (CC BY-NC)",yeniffer6,Yeniffer Escobar,2026-02-16,"Chigorodo, Chigorodó, Antioquia, Colombia",research,False,7.6645453336,-76.6774845868,1200,1600,no,wallisii/inat-341603050-621907949-yeniffer6.jpg,
Spathiphyllum wallisii,341495624,https://www.inaturalist.org/observations/341495624,621692751,https://inaturalist-open-data.s3.amazonaws.com/photos/621692751/original.jpg,cc-by-nc,"(c) Madhu, some rights reserved (CC BY-NC)",vmadhu0101,Madhu,2026-03-06,Mysuru,needs_id,False,12.3030071259,76.6639709473,1536,2048,no,wallisii/inat-341495624-621692751-vmadhu0101.jpg,
Spathiphyllum wallisii,341476916,https://www.inaturalist.org/observations/341476916,621652774,https://static.inaturalist.org/photos/621652774/original.jpg,all-rights-reserved,"(c) Madhumithraa N R, all rights reserved",madhu_mithraa,Madhumithraa N R,2026-03-04,"76, Sai Hills Colony, Kishan Bagh, Hyderabad, Telangana 500064, India",research,False,17.3563580089,78.4281640872,1536,2048,no,wallisii/inat-341476916-621652774-madhu_mithraa.jpg,
Spathiphyllum wallisii,341476916,https://www.inaturalist.org/observations/341476916,621652798,https://static.inaturalist.org/photos/621652798/original.jpg,all-rights-reserved,"(c) Madhumithraa N R, all rights reserved",madhu_mithraa,Madhumithraa N R,2026-03-04,"76, Sai Hills Colony, Kishan Bagh, Hyderabad, Telangana 500064, India",research,False,17.3563580089,78.4281640872,1536,2048,no,wallisii/inat-341476916-621652798-madhu_mithraa.jpg,
Spathiphyllum wallisii,341476916,https://www.inaturalist.org/observations/341476916,621652816,https://static.inaturalist.org/photos/621652816/original.jpg,all-rights-reserved,"(c) Madhumithraa N R, all rights reserved",madhu_mithraa,Madhumithraa N R,2026-03-04,"76, Sai Hills Colony, Kishan Bagh, Hyderabad, Telangana 500064, India",research,False,17.3563580089,78.4281640872,1536,2048,no,wallisii/inat-341476916-621652816-madhu_mithraa.jpg,
Spathiphyllum wallisii,341464072,https://www.inaturalist.org/observations/341464072,621625488,https://static.inaturalist.org/photos/621625488/original.jpg,all-rights-reserved,"(c) Daniel Gratler, all rights reserved",danielgratler,Daniel Gratler,2026-03-05,"Cahuita, Limón Province, Talamanca, Costa Rica",needs_id,False,9.723223,-82.8302335,1542,2048,no,wallisii/inat-341464072-621625488-danielgratler.jpg,
Spathiphyllum wallisii,341464072,https://www.inaturalist.org/observations/341464072,621625519,https://static.inaturalist.org/photos/621625519/original.jpg,all-rights-reserved,"(c) Daniel Gratler, all rights reserved",danielgratler,Daniel Gratler,2026-03-05,"Cahuita, Limón Province, Talamanca, Costa Rica",needs_id,False,9.723223,-82.8302335,1542,2048,no,wallisii/inat-341464072-621625519-danielgratler.jpg,
Spathiphyllum wallisii,341301707,https://www.inaturalist.org/observations/341301707,621286990,https://inaturalist-open-data.s3.amazonaws.com/photos/621286990/original.jpg,cc-by-nc,"(c) andrewss22, some rights reserved (CC BY-NC)",andrewss22,,2026-02-23,"Calle Agujitas, Osa, Puntarenas, CR",needs_id,False,8.6895633333,-83.664895,1152,2048,no,wallisii/inat-341301707-621286990-andrewss22.jpg,
Spathiphyllum wallisii,341225945,https://www.inaturalist.org/observations/341225945,621132444,https://inaturalist-open-data.s3.amazonaws.com/photos/621132444/original.jpg,cc-by-nc,"(c) Hay / Hayzel, some rights reserved (CC BY-NC)",guttedhay,Hay / Hayzel,2026-01-27,"Jawa Tengah, ID",needs_id,True,-7.1788216765,110.2567913612,1537,2048,no,wallisii/inat-341225945-621132444-guttedhay.jpg,
Spathiphyllum wallisii,341225945,https://www.inaturalist.org/observations/341225945,621132464,https://inaturalist-open-data.s3.amazonaws.com/photos/621132464/original.jpg,cc-by-nc,"(c) Hay / Hayzel, some rights reserved (CC BY-NC)",guttedhay,Hay / Hayzel,2026-01-27,"Jawa Tengah, ID",needs_id,True,-7.1788216765,110.2567913612,2048,1537,no,wallisii/inat-341225945-621132464-guttedhay.jpg,
Spathiphyllum wallisii,341225945,https://www.inaturalist.org/observations/341225945,621132485,https://inaturalist-open-data.s3.amazonaws.com/photos/621132485/original.jpg,cc-by-nc,"(c) Hay / Hayzel, some rights reserved (CC BY-NC)",guttedhay,Hay / Hayzel,2026-01-27,"Jawa Tengah, ID",needs_id,True,-7.1788216765,110.2567913612,1537,2048,no,wallisii/inat-341225945-621132485-guttedhay.jpg,
Spathiphyllum wallisii,341225945,https://www.inaturalist.org/observations/341225945,621132503,https://inaturalist-open-data.s3.amazonaws.com/photos/621132503/original.jpg,cc-by-nc,"(c) Hay / Hayzel, some rights reserved (CC BY-NC)",guttedhay,Hay / Hayzel,2026-01-27,"Jawa Tengah, ID",needs_id,True,-7.1788216765,110.2567913612,1537,2048,no,wallisii/inat-341225945-621132503-guttedhay.jpg,
Spathiphyllum wallisii,341225945,https://www.inaturalist.org/observations/341225945,621421050,https://inaturalist-open-data.s3.amazonaws.com/photos/621421050/original.jpg,cc-by-nc,"(c) Hay / Hayzel, some rights reserved (CC BY-NC)",guttedhay,Hay / Hayzel,2026-01-27,"Jawa Tengah, ID",needs_id,True,-7.1788216765,110.2567913612,1537,2048,no,wallisii/inat-341225945-621421050-guttedhay.jpg,
Spathiphyllum wallisii,341225945,https://www.inaturalist.org/observations/341225945,621421059,https://inaturalist-open-data.s3.amazonaws.com/photos/621421059/original.jpg,cc-by-nc,"(c) Hay / Hayzel, some rights reserved (CC BY-NC)",guttedhay,Hay / Hayzel,2026-01-27,"Jawa Tengah, ID",needs_id,True,-7.1788216765,110.2567913612,1537,2048,no,wallisii/inat-341225945-621421059-guttedhay.jpg,
Spathiphyllum wallisii,341225945,https://www.inaturalist.org/observations/341225945,621421273,https://inaturalist-open-data.s3.amazonaws.com/photos/621421273/original.jpg,cc-by-nc,"(c) Hay / Hayzel, some rights reserved (CC BY-NC)",guttedhay,Hay / Hayzel,2026-01-27,"Jawa Tengah, ID",needs_id,True,-7.1788216765,110.2567913612,1537,2048,no,wallisii/inat-341225945-621421273-guttedhay.jpg,
Spathiphyllum wallisii,341067188,https://www.inaturalist.org/observations/341067188,620807137,https://inaturalist-open-data.s3.amazonaws.com/photos/620807137/original.jpg,cc-by-nc,"(c) 觅虫记Liumingyu, some rights reserved (CC BY-NC)",liu-mingyu,觅虫记Liumingyu,2026-03-03,"Kunming, CN-YN, CN",needs_id,False,24.9776668549,102.7933578491,2048,1365,no,wallisii/inat-341067188-620807137-liu-mingyu.jpg,
Spathiphyllum wallisii,340953324,https://www.inaturalist.org/observations/340953324,620570879,https://static.inaturalist.org/photos/620570879/original.jpg,all-rights-reserved,"(c) Jauharin Farda, all rights reserved",jauharin,Jauharin Farda,2026-03-02,"5VWH+8MR, Ngembal Rejo, Ngembalrejo, Kec. Bae, Kabupaten Kudus, Jawa Tengah 59322, Indonesia",needs_id,False,-6.8040901,110.8790442,2048,1536,no,wallisii/inat-340953324-620570879-jauharin.jpg,
Spathiphyllum wallisii,340946106,https://www.inaturalist.org/observations/340946106,620556865,https://inaturalist-open-data.s3.amazonaws.com/photos/620556865/original.jpg,cc-by-nc,"(c) Laura Ceballos Gómez, some rights reserved (CC BY-NC)",laura65393,Laura Ceballos Gómez,2026-03-02,"Calle 32BB, Medellín, Antioquia, CO",needs_id,False,6.2357466667,-75.5996466667,1536,2048,no,wallisii/inat-340946106-620556865-laura65393.jpg,
Spathiphyllum wallisii,340848232,https://www.inaturalist.org/observations/340848232,620354025,https://inaturalist-open-data.s3.amazonaws.com/photos/620354025/original.jpg,cc-by-nc,"(c) Derly morales Torres, some rights reserved (CC BY-NC)",derly_morales,Derly morales Torres,2026-03-01,"Alejandría, Antioquia, Colombia",needs_id,False,6.3421380556,-75.088395,1536,2048,no,wallisii/inat-340848232-620354025-derly_morales.jpg,
Spathiphyllum wallisii,340848232,https://www.inaturalist.org/observations/340848232,620354082,https://inaturalist-open-data.s3.amazonaws.com/photos/620354082/original.jpg,cc-by-nc,"(c) Derly morales Torres, some rights reserved (CC BY-NC)",derly_morales,Derly morales Torres,2026-03-01,"Alejandría, Antioquia, Colombia",needs_id,False,6.3421380556,-75.088395,1536,2048,no,wallisii/inat-340848232-620354082-derly_morales.jpg,
Spathiphyllum wallisii,340848232,https://www.inaturalist.org/observations/340848232,620354127,https://inaturalist-open-data.s3.amazonaws.com/photos/620354127/original.jpg,cc-by-nc,"(c) Derly morales Torres, some rights reserved (CC BY-NC)",derly_morales,Derly morales Torres,2026-03-01,"Alejandría, Antioquia, Colombia",needs_id,False,6.3421380556,-75.088395,1536,2048,no,wallisii/inat-340848232-620354127-derly_morales.jpg,
Spathiphyllum wallisii,340848232,https://www.inaturalist.org/observations/340848232,620354220,https://inaturalist-open-data.s3.amazonaws.com/photos/620354220/original.jpg,cc-by-nc,"(c) Derly morales Torres, some rights reserved (CC BY-NC)",derly_morales,Derly morales Torres,2026-03-01,"Alejandría, Antioquia, Colombia",needs_id,False,6.3421380556,-75.088395,1536,2048,no,wallisii/inat-340848232-620354220-derly_morales.jpg,
Spathiphyllum wallisii,340848232,https://www.inaturalist.org/observations/340848232,620354248,https://inaturalist-open-data.s3.amazonaws.com/photos/620354248/original.jpg,cc-by-nc,"(c) Derly morales Torres, some rights reserved (CC BY-NC)",derly_morales,Derly morales Torres,2026-03-01,"Alejandría, Antioquia, Colombia",needs_id,False,6.3421380556,-75.088395,1536,2048,no,wallisii/inat-340848232-620354248-derly_morales.jpg,
Spathiphyllum wallisii,340835797,https://www.inaturalist.org/observations/340835797,620327063,https://inaturalist-open-data.s3.amazonaws.com/photos/620327063/original.jpg,cc-by-nc,"(c) Andy Goerdel - Texas Master Naturalist, Good Water Chapter, some rights reserved (CC BY-NC)",andygo1,"Andy Goerdel - Texas Master Naturalist, Good Water Chapter",2026-02-24,"Stann Creek, Belize",needs_id,False,16.826855,-88.3460916667,1864,1374,no,wallisii/inat-340835797-620327063-andygo1.jpg,
Spathiphyllum wallisii,340835797,https://www.inaturalist.org/observations/340835797,620327421,https://inaturalist-open-data.s3.amazonaws.com/photos/620327421/original.jpg,cc-by-nc,"(c) Andy Goerdel - Texas Master Naturalist, Good Water Chapter, some rights reserved (CC BY-NC)",andygo1,"Andy Goerdel - Texas Master Naturalist, Good Water Chapter",2026-02-24,"Stann Creek, Belize",needs_id,False,16.826855,-88.3460916667,1200,2048,no,wallisii/inat-340835797-620327421-andygo1.jpg,
Spathiphyllum wallisii,340805250,https://www.inaturalist.org/observations/340805250,620266868,https://inaturalist-open-data.s3.amazonaws.com/photos/620266868/original.jpg,cc-by-nc,"(c) Antonio Cavadia, some rights reserved (CC BY-NC)",antoniopuche,Antonio Cavadia,2026-02-28,"Mutatá, Antioquia, Colombia",needs_id,False,7.2753666667,-76.5594966667,2048,1536,no,wallisii/inat-340805250-620266868-antoniopuche.jpg,
Spathiphyllum wallisii,340805250,https://www.inaturalist.org/observations/340805250,620266911,https://inaturalist-open-data.s3.amazonaws.com/photos/620266911/original.jpg,cc-by-nc,"(c) Antonio Cavadia, some rights reserved (CC BY-NC)",antoniopuche,Antonio Cavadia,2026-02-28,"Mutatá, Antioquia, Colombia",needs_id,False,7.2753666667,-76.5594966667,2048,1536,no,wallisii/inat-340805250-620266911-antoniopuche.jpg,
Spathiphyllum wallisii,340805250,https://www.inaturalist.org/observations/340805250,620266939,https://inaturalist-open-data.s3.amazonaws.com/photos/620266939/original.jpg,cc-by-nc,"(c) Antonio Cavadia, some rights reserved (CC BY-NC)",antoniopuche,Antonio Cavadia,2026-02-28,"Mutatá, Antioquia, Colombia",needs_id,False,7.2753666667,-76.5594966667,2048,1536,no,wallisii/inat-340805250-620266939-antoniopuche.jpg,
Spathiphyllum wallisii,340669104,https://www.inaturalist.org/observations/340669104,620004104,https://inaturalist-open-data.s3.amazonaws.com/photos/620004104/original.jpg,cc-by-nc,"(c) Daiana Marcela Mongui Marin, some rights reserved (CC BY-NC)",daiana_mongui,Daiana Marcela Mongui Marin,2026-02-28,"San Luis, CO-AN, CO",needs_id,False,6.041355324,-74.9907446746,2048,2048,no,wallisii/inat-340669104-620004104-daiana_mongui.jpg,
Spathiphyllum wallisii,340419813,https://www.inaturalist.org/observations/340419813,619491120,https://inaturalist-open-data.s3.amazonaws.com/photos/619491120/original.jpg,cc-by-nc,"(c) Christopher Guna, some rights reserved (CC BY-NC)",christophermgu,Christopher Guna,2026-02-27,"J528+JX7, Thekkady, Kumily, Kerala 685509, India",needs_id,False,9.6008583625,77.1675640717,1269,2048,no,wallisii/inat-340419813-619491120-christophermgu.jpg,
Spathiphyllum wallisii,340159215,https://www.inaturalist.org/observations/340159215,618962685,https://inaturalist-open-data.s3.amazonaws.com/photos/618962685/original.jpg,cc-by-nc,"(c) yesica guzman, some rights reserved (CC BY-NC)",yesica64415,yesica guzman,2026-02-21,"G8HM+F9, Chigorodó, Antioquia, Colombia",needs_id,False,7.529035,-76.6649766667,1536,2048,no,wallisii/inat-340159215-618962685-yesica64415.jpg,
Spathiphyllum wallisii,340159215,https://www.inaturalist.org/observations/340159215,618962711,https://inaturalist-open-data.s3.amazonaws.com/photos/618962711/original.jpg,cc-by-nc,"(c) yesica guzman, some rights reserved (CC BY-NC)",yesica64415,yesica guzman,2026-02-21,"G8HM+F9, Chigorodó, Antioquia, Colombia",needs_id,False,7.529035,-76.6649766667,1536,2048,no,wallisii/inat-340159215-618962711-yesica64415.jpg,
Spathiphyllum wallisii,340087358,https://www.inaturalist.org/observations/340087358,618811406,https://inaturalist-open-data.s3.amazonaws.com/photos/618811406/original.jpg,cc-by-nc,"(c) Dina Giraldo, some rights reserved (CC BY-NC)",dina93954,Dina Giraldo,2026-02-21,"8GM7+VH Estacion Metereológica, Mutatá, Antioquia, Colombia",needs_id,False,7.3344398844,-76.4863684773,1536,2048,no,wallisii/inat-340087358-618811406-dina93954.jpg,
Spathiphyllum wallisii,340087358,https://www.inaturalist.org/observations/340087358,618811426,https://inaturalist-open-data.s3.amazonaws.com/photos/618811426/original.jpg,cc-by-nc,"(c) Dina Giraldo, some rights reserved (CC BY-NC)",dina93954,Dina Giraldo,2026-02-21,"8GM7+VH Estacion Metereológica, Mutatá, Antioquia, Colombia",needs_id,False,7.3344398844,-76.4863684773,1536,2048,no,wallisii/inat-340087358-618811426-dina93954.jpg,
Spathiphyllum wallisii,340087358,https://www.inaturalist.org/observations/340087358,618811444,https://inaturalist-open-data.s3.amazonaws.com/photos/618811444/original.jpg,cc-by-nc,"(c) Dina Giraldo, some rights reserved (CC BY-NC)",dina93954,Dina Giraldo,2026-02-21,"8GM7+VH Estacion Metereológica, Mutatá, Antioquia, Colombia",needs_id,False,7.3344398844,-76.4863684773,1536,2048,no,wallisii/inat-340087358-618811444-dina93954.jpg,
Spathiphyllum wallisii,339965637,https://www.inaturalist.org/observations/339965637,618559227,https://inaturalist-open-data.s3.amazonaws.com/photos/618559227/original.jpg,cc0,no rights reserved,carterdorscht,Carter Dorscht,2026-02-23,"F6QW+W76, Guanacaste Province, Nuevo Arenal, Costa Rica",research,False,10.4901949997,-84.7545857,1535,2048,no,wallisii/inat-339965637-618559227-carterdorscht.jpg,
Spathiphyllum wallisii,339957511,https://www.inaturalist.org/observations/339957511,618543479,https://inaturalist-open-data.s3.amazonaws.com/photos/618543479/original.jpg,cc-by-nc,"(c) Carlos Andrés Villalba ledesma, some rights reserved (CC BY-NC)",carlos_andres69781,Carlos Andrés Villalba ledesma,2026-02-23,"Tierra Santa, Chigorodó, Antioquia, Colombia",research,False,7.7120445366,-76.7851363868,1536,2048,no,wallisii/inat-339957511-618543479-carlos_andres69781.jpg,
Spathiphyllum wallisii,339783106,https://www.inaturalist.org/observations/339783106,618182466,https://inaturalist-open-data.s3.amazonaws.com/photos/618182466/original.jpg,cc-by-nc,"(c) Víctor González García, some rights reserved (CC BY-NC)",victorlena,Víctor González García,2025-11-13,"Pérez Zeledón, San José, Costa Rica",research,False,9.40294811,-83.66925228,1536,2048,no,wallisii/inat-339783106-618182466-victorlena.jpg,
Spathiphyllum wallisii,339656354,https://www.inaturalist.org/observations/339656354,617928321,https://inaturalist-open-data.s3.amazonaws.com/photos/617928321/original.jpg,cc-by-nc,"(c) Enny Susana Cardona florez, some rights reserved (CC BY-NC)",enny_susana,Enny Susana Cardona florez,2026-02-21,"M92Q+GH, Chigorodó, Antioquia, Colombia",research,False,7.6518433806,-76.6095599905,1536,2048,no,wallisii/inat-339656354-617928321-enny_susana.jpg,
Spathiphyllum wallisii,339619736,https://www.inaturalist.org/observations/339619736,617852460,https://inaturalist-open-data.s3.amazonaws.com/photos/617852460/original.jpg,cc-by-nc,"(c) Bernd, some rights reserved (CC BY-NC)",berndpanassiti,Bernd,2026-02-21,"86V2+2M5, Provincia de Guanacaste, Tilarán, Costa Rica",needs_id,False,10.3418159,-84.7982855997,1152,2048,no,wallisii/inat-339619736-617852460-berndpanassiti.jpg,
Spathiphyllum wallisii,339479649,https://www.inaturalist.org/observations/339479649,617571294,https://inaturalist-open-data.s3.amazonaws.com/photos/617571294/original.jpg,cc-by-nc,"(c) jeseli morales, some rights reserved (CC BY-NC)",jeseli2026,jeseli morales,2026-02-20,"Alejandría, Antioquia, Colombia",needs_id,False,6.3758293143,-75.1417372003,897,1600,no,wallisii/inat-339479649-617571294-jeseli2026.jpg,
Spathiphyllum wallisii,339472780,https://www.inaturalist.org/observations/339472780,617557339,https://inaturalist-open-data.s3.amazonaws.com/photos/617557339/original.jpg,cc-by-nc,"(c) Lidia, some rights reserved (CC BY-NC)",lidkaa1969,Lidia,2025-04-05,"Povoação, Azores, PT",needs_id,False,37.7685966667,-25.332945,1536,2048,no,wallisii/inat-339472780-617557339-lidkaa1969.jpg,
Spathiphyllum wallisii,339472743,https://www.inaturalist.org/observations/339472743,617557277,https://inaturalist-open-data.s3.amazonaws.com/photos/617557277/original.jpg,cc-by-nc,"(c) Lidia, some rights reserved (CC BY-NC)",lidkaa1969,Lidia,2025-04-05,"Povoação, Azores, PT",research,False,37.7688033333,-25.333525,1536,2048,no,wallisii/inat-339472743-617557277-lidkaa1969.jpg,
Spathiphyllum wallisii,339143733,https://www.inaturalist.org/observations/339143733,616886062,https://inaturalist-open-data.s3.amazonaws.com/photos/616886062/original.jpg,cc-by-nc,"(c) ratoslav, some rights reserved (CC BY-NC)",ratoslav,,2026-02-10,"Jóquei Clube - Jardim Botânico, Rio de Janeiro - RJ, 22470-051, Brazília",research,False,-22.970116,-43.2242809722,2048,1536,no,wallisii/inat-339143733-616886062-ratoslav.jpg,
Spathiphyllum wallisii,338815030,https://www.inaturalist.org/observations/338815030,616228931,https://inaturalist-open-data.s3.amazonaws.com/photos/616228931/original.jpg,cc-by-nc,"(c) ur6s77, some rights reserved (CC BY-NC)",ur6s77,,2026-02-15,"Vía Boquete, Boquete, Chiriqui, PA",needs_id,False,8.7742866667,-82.43283,1536,2048,no,wallisii/inat-338815030-616228931-ur6s77.jpg,
Spathiphyllum wallisii,338555429,https://www.inaturalist.org/observations/338555429,615719420,https://inaturalist-open-data.s3.amazonaws.com/photos/615719420/original.jpg,cc-by-nc,"(c) duber alexis pamplona, some rights reserved (CC BY-NC)",alexispamplona,duber alexis pamplona,2026-02-14,"San Rafael, Antioquia, Colombia",needs_id,False,6.2551130556,-75.0627483333,1536,2048,no,wallisii/inat-338555429-615719420-alexispamplona.jpg,
Spathiphyllum wallisii,338555429,https://www.inaturalist.org/observations/338555429,615719441,https://inaturalist-open-data.s3.amazonaws.com/photos/615719441/original.jpg,cc-by-nc,"(c) duber alexis pamplona, some rights reserved (CC BY-NC)",alexispamplona,duber alexis pamplona,2026-02-14,"San Rafael, Antioquia, Colombia",needs_id,False,6.2551130556,-75.0627483333,1536,2048,no,wallisii/inat-338555429-615719441-alexispamplona.jpg,
Spathiphyllum wallisii,338555429,https://www.inaturalist.org/observations/338555429,615719466,https://inaturalist-open-data.s3.amazonaws.com/photos/615719466/original.jpg,cc-by-nc,"(c) duber alexis pamplona, some rights reserved (CC BY-NC)",alexispamplona,duber alexis pamplona,2026-02-14,"San Rafael, Antioquia, Colombia",needs_id,False,6.2551130556,-75.0627483333,2048,1536,no,wallisii/inat-338555429-615719466-alexispamplona.jpg,
Spathiphyllum wallisii,338555429,https://www.inaturalist.org/observations/338555429,615719486,https://inaturalist-open-data.s3.amazonaws.com/photos/615719486/original.jpg,cc-by-nc,"(c) duber alexis pamplona, some rights reserved (CC BY-NC)",alexispamplona,duber alexis pamplona,2026-02-14,"San Rafael, Antioquia, Colombia",needs_id,False,6.2551130556,-75.0627483333,2048,1536,no,wallisii/inat-338555429-615719486-alexispamplona.jpg,
Spathiphyllum wallisii,338476136,https://www.inaturalist.org/observations/338476136,615553221,https://static.inaturalist.org/photos/615553221/original.jpg,all-rights-reserved,"(c) Henry Fabian, all rights reserved",hfabian,Henry Fabian,2010-01-04,"9VXJ+4V7, Heredia, Sarapiquí, Tirimbina, Costa Rica",research,False,10.3977977,-84.1178129,1371,2048,no,wallisii/inat-338476136-615553221-hfabian.jpg,
Spathiphyllum wallisii,338446221,https://www.inaturalist.org/observations/338446221,615493650,https://inaturalist-open-data.s3.amazonaws.com/photos/615493650/original.jpg,cc-by-nc,"(c) erma herawati, some rights reserved (CC BY-NC)",ermahera,erma herawati,2026-02-13,"14, Kabupaten Majalengka, West Java, ID",needs_id,False,-7.0184635861,108.3707957127,1536,2048,no,wallisii/inat-338446221-615493650-ermahera.jpg,
Spathiphyllum wallisii,338386665,https://www.inaturalist.org/observations/338386665,615367744,https://inaturalist-open-data.s3.amazonaws.com/photos/615367744/original.jpg,cc-by-nc,"(c) Andreas Götte, some rights reserved (CC BY-NC)",agomund,Andreas Götte,2026-02-12,"Cahuita, Limón Province, Talamanca, Costa Rica",research,False,9.7192959851,-82.8210799769,2047,2048,no,wallisii/inat-338386665-615367744-agomund.jpg,
Spathiphyllum wallisii,338360564,https://www.inaturalist.org/observations/338360564,615312072,https://inaturalist-open-data.s3.amazonaws.com/photos/615312072/original.jpg,cc-by-nc,"(c) Luz Reyes, some rights reserved (CC BY-NC)",luz23030,Luz Reyes,2026-02-12,"Bocas de Guapa, Chigorodó, Antioquia, CO",research,False,7.5269616667,-76.6648716667,1536,2048,no,wallisii/inat-338360564-615312072-luz23030.jpg,
Spathiphyllum wallisii,338339930,https://www.inaturalist.org/observations/338339930,615256796,https://inaturalist-open-data.s3.amazonaws.com/photos/615256796/original.jpg,cc-by-nc,"(c) luzluz, some rights reserved (CC BY-NC)",luzluz,,2026-01-25,"Parati - État de Rio de Janeiro, 23970-000, Brésil",research,False,-23.1863861111,-44.779425,1542,2048,no,wallisii/inat-338339930-615256796-luzluz.jpg,
Spathiphyllum wallisii,338339930,https://www.inaturalist.org/observations/338339930,615256797,https://inaturalist-open-data.s3.amazonaws.com/photos/615256797/original.jpg,cc-by-nc,"(c) luzluz, some rights reserved (CC BY-NC)",luzluz,,2026-01-25,"Parati - État de Rio de Janeiro, 23970-000, Brésil",research,False,-23.1863861111,-44.779425,1542,2048,no,wallisii/inat-338339930-615256797-luzluz.jpg,
Spathiphyllum wallisii,338203474,https://www.inaturalist.org/observations/338203474,614988485,https://inaturalist-open-data.s3.amazonaws.com/photos/614988485/original.jpg,cc-by-nc,"(c) Mildrey Escobar, some rights reserved (CC BY-NC)",mildreye,Mildrey Escobar,2026-02-11,"Chigorodó, Antioquia, Colombia",research,False,7.6806516667,-76.7624813889,1536,2048,no,wallisii/inat-338203474-614988485-mildreye.jpg,
Spathiphyllum wallisii,338203474,https://www.inaturalist.org/observations/338203474,614988593,https://inaturalist-open-data.s3.amazonaws.com/photos/614988593/original.jpg,cc-by-nc,"(c) Mildrey Escobar, some rights reserved (CC BY-NC)",mildreye,Mildrey Escobar,2026-02-11,"Chigorodó, Antioquia, Colombia",research,False,7.6806516667,-76.7624813889,2048,1536,no,wallisii/inat-338203474-614988593-mildreye.jpg,
Spathiphyllum wallisii,338073689,https://www.inaturalist.org/observations/338073689,614724709,https://inaturalist-open-data.s3.amazonaws.com/photos/614724709/original.jpg,cc-by-nc,"(c) Natthanicha Plodhet, some rights reserved (CC BY-NC)",natthanichap,Natthanicha Plodhet,2026-02-07,"เซ็นทรัล, เขตปทุมวัน, กรุงเทพมหานคร, TH",research,False,13.7446366667,100.5450283333,1536,2048,no,wallisii/inat-338073689-614724709-natthanichap.jpg,
Spathiphyllum wallisii,338073689,https://www.inaturalist.org/observations/338073689,614724696,https://inaturalist-open-data.s3.amazonaws.com/photos/614724696/original.jpg,cc-by-nc,"(c) Natthanicha Plodhet, some rights reserved (CC BY-NC)",natthanichap,Natthanicha Plodhet,2026-02-07,"เซ็นทรัล, เขตปทุมวัน, กรุงเทพมหานคร, TH",research,False,13.7446366667,100.5450283333,1536,2048,no,wallisii/inat-338073689-614724696-natthanichap.jpg,
Spathiphyllum wallisii,338037441,https://www.inaturalist.org/observations/338037441,614649793,https://inaturalist-open-data.s3.amazonaws.com/photos/614649793/original.jpg,cc-by-nc,"(c) Franyer Bladimir Bailarin Bailarin, some rights reserved (CC BY-NC)",franyer_bladimi,Franyer Bladimir Bailarin Bailarin,2026-02-05,"Chigorodó, Antioquia, Colombia",research,False,7.7002555556,-76.5566388889,921,2048,no,wallisii/inat-338037441-614649793-franyer_bladimi.jpg,
Spathiphyllum wallisii,337987261,https://www.inaturalist.org/observations/337987261,614545140,https://inaturalist-open-data.s3.amazonaws.com/photos/614545140/original.jpg,cc-by-nc,"(c) Elkin Sevilla, some rights reserved (CC BY-NC)",essalazar,Elkin Sevilla,2026-02-08,"7 Kms De Puerto Viejo De Sarapiqui (Chilamate, S.), Costa Rica, Sarapiqui, Costa Rica",needs_id,False,10.4512452,-84.0698849,899,2048,no,wallisii/inat-337987261-614545140-essalazar.jpg,
Spathiphyllum wallisii,337915296,https://www.inaturalist.org/observations/337915296,614398969,https://inaturalist-open-data.s3.amazonaws.com/photos/614398969/original.jpg,cc-by-nc,"(c) odlc, some rights reserved (CC BY-NC)",odlc,,2026-02-07,"Abangares, Province de Guanacaste, CR",needs_id,False,10.3158856059,-84.7950453452,2048,1365,no,wallisii/inat-337915296-614398969-odlc.jpg,
Spathiphyllum wallisii,337610348,https://www.inaturalist.org/observations/337610348,613775422,https://inaturalist-open-data.s3.amazonaws.com/photos/613775422/original.jpg,cc-by-nc,"(c) Katherin Yulieth Borja Montiel, some rights reserved (CC BY-NC)",katherin_yulieth,Katherin Yulieth Borja Montiel,2026-02-06,"urbanización Zungo Embarcadero Urbanización, Zungo Embarcadero, Carepa, Antioquia, Colombia",needs_id,False,7.8468672971,-76.7388997972,2048,1536,no,wallisii/inat-337610348-613775422-katherin_yulieth.jpg,
Spathiphyllum wallisii,337411398,https://www.inaturalist.org/observations/337411398,613367324,https://inaturalist-open-data.s3.amazonaws.com/photos/613367324/original.jpg,cc-by-nc,"(c) apriliar, some rights reserved (CC BY-NC)",apriliar,,2026-01-20,"Kabupaten Karanganyar, Jawa Tengah, Indonesia",research,False,-7.658862,111.127167,1200,1600,no,wallisii/inat-337411398-613367324-apriliar.jpg,
Spathiphyllum wallisii,337189051,https://www.inaturalist.org/observations/337189051,612909530,https://inaturalist-open-data.s3.amazonaws.com/photos/612909530/original.jpg,cc-by-nc,"(c) shofian pratama, some rights reserved (CC BY-NC)",shofian_7a_31,shofian pratama,2026-02-03,"Pasuruan 2, ID-JI, ID",needs_id,False,-7.7336162281,112.6700057834,921,2048,no,wallisii/inat-337189051-612909530-shofian_7a_31.jpg,
Spathiphyllum wallisii,337162088,https://www.inaturalist.org/observations/337162088,612852500,https://inaturalist-open-data.s3.amazonaws.com/photos/612852500/original.jpg,cc-by-nc,"(c) Martin W, some rights reserved (CC BY-NC)",martinwettges,Martin W,2026-02-02,"Calle Puerto Vargas, Talamanca, Limon, CR",needs_id,False,9.73837,-82.8223633333,1536,2048,no,wallisii/inat-337162088-612852500-martinwettges.jpg,
Spathiphyllum wallisii,337162088,https://www.inaturalist.org/observations/337162088,612852573,https://inaturalist-open-data.s3.amazonaws.com/photos/612852573/original.jpg,cc-by-nc,"(c) Martin W, some rights reserved (CC BY-NC)",martinwettges,Martin W,2026-02-02,"Calle Puerto Vargas, Talamanca, Limon, CR",needs_id,False,9.73837,-82.8223633333,2048,1536,no,wallisii/inat-337162088-612852573-martinwettges.jpg,
Spathiphyllum wallisii,337162088,https://www.inaturalist.org/observations/337162088,612852517,https://inaturalist-open-data.s3.amazonaws.com/photos/612852517/original.jpg,cc-by-nc,"(c) Martin W, some rights reserved (CC BY-NC)",martinwettges,Martin W,2026-02-02,"Calle Puerto Vargas, Talamanca, Limon, CR",needs_id,False,9.73837,-82.8223633333,1536,2048,no,wallisii/inat-337162088-612852517-martinwettges.jpg,
Spathiphyllum wallisii,337005972,https://www.inaturalist.org/observations/337005972,612532849,https://static.inaturalist.org/photos/612532849/original.jpg,all-rights-reserved,"(c) Victor Gamez, all rights reserved",victor21216,Victor Gamez,2026-02-01,"3474+4J2 Noj Kaax H'Men Elijio Panti Forest Reserve, Seven Miles El Progresso, Belize",needs_id,False,17.0467724372,-89.0599599201,1536,2048,no,wallisii/inat-337005972-612532849-victor21216.jpg,
Spathiphyllum wallisii,337005972,https://www.inaturalist.org/observations/337005972,612532873,https://static.inaturalist.org/photos/612532873/original.jpg,all-rights-reserved,"(c) Victor Gamez, all rights reserved",victor21216,Victor Gamez,2026-02-01,"3474+4J2 Noj Kaax H'Men Elijio Panti Forest Reserve, Seven Miles El Progresso, Belize",needs_id,False,17.0467724372,-89.0599599201,1536,2048,no,wallisii/inat-337005972-612532873-victor21216.jpg,
Spathiphyllum wallisii,336797086,https://www.inaturalist.org/observations/336797086,612111420,https://inaturalist-open-data.s3.amazonaws.com/photos/612111420/original.jpg,cc-by-nc,"(c) Ulfi Faizah, some rights reserved (CC BY-NC)",ulfi_faizah,Ulfi Faizah,2026-01-31,"Dusun Biting RT/RW :03/05, Seloliman, Kec. Trawas, Kabupaten Mojokerto, Jawa Timur 61385, Indonesia",needs_id,False,-7.6077947,112.5855544,2048,1536,no,wallisii/inat-336797086-612111420-ulfi_faizah.jpg,
Spathiphyllum wallisii,336797086,https://www.inaturalist.org/observations/336797086,612111431,https://inaturalist-open-data.s3.amazonaws.com/photos/612111431/original.jpg,cc-by-nc,"(c) Ulfi Faizah, some rights reserved (CC BY-NC)",ulfi_faizah,Ulfi Faizah,2026-01-31,"Dusun Biting RT/RW :03/05, Seloliman, Kec. Trawas, Kabupaten Mojokerto, Jawa Timur 61385, Indonesia",needs_id,False,-7.6077947,112.5855544,2048,1536,no,wallisii/inat-336797086-612111431-ulfi_faizah.jpg,
Spathiphyllum wallisii,336797086,https://www.inaturalist.org/observations/336797086,612111443,https://inaturalist-open-data.s3.amazonaws.com/photos/612111443/original.jpg,cc-by-nc,"(c) Ulfi Faizah, some rights reserved (CC BY-NC)",ulfi_faizah,Ulfi Faizah,2026-01-31,"Dusun Biting RT/RW :03/05, Seloliman, Kec. Trawas, Kabupaten Mojokerto, Jawa Timur 61385, Indonesia",needs_id,False,-7.6077947,112.5855544,2048,1536,no,wallisii/inat-336797086-612111443-ulfi_faizah.jpg,
Spathiphyllum wallisii,336797086,https://www.inaturalist.org/observations/336797086,612111450,https://inaturalist-open-data.s3.amazonaws.com/photos/612111450/original.jpg,cc-by-nc,"(c) Ulfi Faizah, some rights reserved (CC BY-NC)",ulfi_faizah,Ulfi Faizah,2026-01-31,"Dusun Biting RT/RW :03/05, Seloliman, Kec. Trawas, Kabupaten Mojokerto, Jawa Timur 61385, Indonesia",needs_id,False,-7.6077947,112.5855544,2048,1536,no,wallisii/inat-336797086-612111450-ulfi_faizah.jpg,
Spathiphyllum wallisii,336797086,https://www.inaturalist.org/observations/336797086,612111466,https://inaturalist-open-data.s3.amazonaws.com/photos/612111466/original.jpg,cc-by-nc,"(c) Ulfi Faizah, some rights reserved (CC BY-NC)",ulfi_faizah,Ulfi Faizah,2026-01-31,"Dusun Biting RT/RW :03/05, Seloliman, Kec. Trawas, Kabupaten Mojokerto, Jawa Timur 61385, Indonesia",needs_id,False,-7.6077947,112.5855544,2048,1536,no,wallisii/inat-336797086-612111466-ulfi_faizah.jpg,
Spathiphyllum wallisii,336797086,https://www.inaturalist.org/observations/336797086,612111473,https://inaturalist-open-data.s3.amazonaws.com/photos/612111473/original.jpg,cc-by-nc,"(c) Ulfi Faizah, some rights reserved (CC BY-NC)",ulfi_faizah,Ulfi Faizah,2026-01-31,"Dusun Biting RT/RW :03/05, Seloliman, Kec. Trawas, Kabupaten Mojokerto, Jawa Timur 61385, Indonesia",needs_id,False,-7.6077947,112.5855544,2048,1536,no,wallisii/inat-336797086-612111473-ulfi_faizah.jpg,
Spathiphyllum wallisii,336773265,https://www.inaturalist.org/observations/336773265,612062175,https://inaturalist-open-data.s3.amazonaws.com/photos/612062175/original.jpg,cc-by-nc,"(c) tarie, some rights reserved (CC BY-NC)",tarie,,2026-01-20,"C7QH+7JH Waleme Park, Halo, Ethiopia",needs_id,False,6.4374880556,38.2790183889,2048,921,no,wallisii/inat-336773265-612062175-tarie.jpg,
Spathiphyllum wallisii,336723636,https://www.inaturalist.org/observations/336723636,611961918,https://inaturalist-open-data.s3.amazonaws.com/photos/611961918/original.jpg,cc-by-nc,"(c) Robert V Taylor, some rights reserved (CC BY-NC)",vonhooeydonk,Robert V Taylor,2026-01-27,"Bahía Solano, Choco, Colombia",needs_id,False,6.1181611111,-77.425625,1537,2048,no,wallisii/inat-336723636-611961918-vonhooeydonk.jpg,
Spathiphyllum wallisii,336723636,https://www.inaturalist.org/observations/336723636,611961939,https://inaturalist-open-data.s3.amazonaws.com/photos/611961939/original.jpg,cc-by-nc,"(c) Robert V Taylor, some rights reserved (CC BY-NC)",vonhooeydonk,Robert V Taylor,2026-01-27,"Bahía Solano, Choco, Colombia",needs_id,False,6.1181611111,-77.425625,1484,1484,no,wallisii/inat-336723636-611961939-vonhooeydonk.jpg,
Spathiphyllum wallisii,336717334,https://www.inaturalist.org/observations/336717334,611950397,https://inaturalist-open-data.s3.amazonaws.com/photos/611950397/original.jpg,cc-by-nc,"(c) camiisaltos, some rights reserved (CC BY-NC)",camiisaltos,,2026-01-30,"Juan de Salinas, Ruminahui, Pichincha, EC",needs_id,False,-0.3495325015,-78.4264958042,803,1113,no,wallisii/inat-336717334-611950397-camiisaltos.jpg,
Spathiphyllum wallisii,336622314,https://www.inaturalist.org/observations/336622314,611754736,https://inaturalist-open-data.s3.amazonaws.com/photos/611754736/original.jpg,cc-by-nc,"(c) calkmann, some rights reserved (CC BY-NC)",calkmann,,2026-01-29,"São João, Taquari - RS, 95860-000, Brasil",research,False,-29.8077436,-51.8550294,1152,2048,no,wallisii/inat-336622314-611754736-calkmann.jpg,
Spathiphyllum wallisii,336215804,https://www.inaturalist.org/observations/336215804,610928932,https://static.inaturalist.org/photos/610928932/original.jpg,all-rights-reserved,"(c) Tanya Byrne, all rights reserved",tanya_byrne,Tanya Byrne,2026-01-25,"Eshowe, 3815, South Africa",needs_id,False,-28.8896273415,31.4741788432,1536,2048,no,wallisii/inat-336215804-610928932-tanya_byrne.jpg,
Spathiphyllum wallisii,336215804,https://www.inaturalist.org/observations/336215804,610928951,https://static.inaturalist.org/photos/610928951/original.jpg,all-rights-reserved,"(c) Tanya Byrne, all rights reserved",tanya_byrne,Tanya Byrne,2026-01-25,"Eshowe, 3815, South Africa",needs_id,False,-28.8896273415,31.4741788432,1536,2048,no,wallisii/inat-336215804-610928951-tanya_byrne.jpg,
Spathiphyllum wallisii,336215804,https://www.inaturalist.org/observations/336215804,610928972,https://static.inaturalist.org/photos/610928972/original.jpg,all-rights-reserved,"(c) Tanya Byrne, all rights reserved",tanya_byrne,Tanya Byrne,2026-01-25,"Eshowe, 3815, South Africa",needs_id,False,-28.8896273415,31.4741788432,2048,1536,no,wallisii/inat-336215804-610928972-tanya_byrne.jpg,
Spathiphyllum wallisii,336215804,https://www.inaturalist.org/observations/336215804,610928982,https://static.inaturalist.org/photos/610928982/original.jpg,all-rights-reserved,"(c) Tanya Byrne, all rights reserved",tanya_byrne,Tanya Byrne,2026-01-25,"Eshowe, 3815, South Africa",needs_id,False,-28.8896273415,31.4741788432,1536,2048,no,wallisii/inat-336215804-610928982-tanya_byrne.jpg,
Spathiphyllum wallisii,335861769,https://www.inaturalist.org/observations/335861769,610227885,https://inaturalist-open-data.s3.amazonaws.com/photos/610227885/original.jpg,cc-by-nc,"(c) Lizeth Lopez, some rights reserved (CC BY-NC)",lizeth69962,Lizeth Lopez,2026-01-23,"San Carlos, Antioquia, Colombia",needs_id,False,6.2248712516,-74.8212075233,1536,2048,no,wallisii/inat-335861769-610227885-lizeth69962.jpg,
Spathiphyllum wallisii,335196816,https://www.inaturalist.org/observations/335196816,608887660,https://inaturalist-open-data.s3.amazonaws.com/photos/608887660/original.jpg,cc-by-nc,"(c) Krisjean Agcolicol, some rights reserved (CC BY-NC)",krisjean,Krisjean Agcolicol,2026-01-18,"Santa Cruz, Antipolo, 1870 Rizal, Philippines",needs_id,False,14.5946380063,121.1677381396,1542,2048,no,wallisii/inat-335196816-608887660-krisjean.jpg,
Spathiphyllum wallisii,335189165,https://www.inaturalist.org/observations/335189165,608870722,https://inaturalist-open-data.s3.amazonaws.com/photos/608870722/original.jpg,cc-by-nc,"(c) uwekozina, some rights reserved (CC BY-NC)",uwekozina,uwekozina,2025-01-18,"Kuranda Queensland 4881, Australien",needs_id,False,-16.8236850417,145.6529560234,1365,2048,no,wallisii/inat-335189165-608870722-uwekozina.jpg,
Spathiphyllum wallisii,335189165,https://www.inaturalist.org/observations/335189165,608870721,https://inaturalist-open-data.s3.amazonaws.com/photos/608870721/original.jpg,cc-by-nc,"(c) uwekozina, some rights reserved (CC BY-NC)",uwekozina,uwekozina,2025-01-18,"Kuranda Queensland 4881, Australien",needs_id,False,-16.8236850417,145.6529560234,2048,1365,no,wallisii/inat-335189165-608870721-uwekozina.jpg,
Spathiphyllum wallisii,335189165,https://www.inaturalist.org/observations/335189165,608870718,https://inaturalist-open-data.s3.amazonaws.com/photos/608870718/original.jpg,cc-by-nc,"(c) uwekozina, some rights reserved (CC BY-NC)",uwekozina,uwekozina,2025-01-18,"Kuranda Queensland 4881, Australien",needs_id,False,-16.8236850417,145.6529560234,1365,2048,no,wallisii/inat-335189165-608870718-uwekozina.jpg,
Spathiphyllum wallisii,334514544,https://www.inaturalist.org/observations/334514544,607494929,https://inaturalist-open-data.s3.amazonaws.com/photos/607494929/original.jpg,cc-by-nc,"(c) Charlie Doggett, some rights reserved (CC BY-NC)",charliedoggett,Charlie Doggett,2025-12-23,"Hotel y Club Punta Leona, Playa Mantas Ingreso hacia la Recepción del Hotel y Club Punta Leona por calle adoquinada para nuestros socios y huéspedes, Puntarenas Province, Garabito, Costa Rica",needs_id,False,9.7121175,-84.6369429,1917,2048,no,wallisii/inat-334514544-607494929-charliedoggett.jpg,
Spathiphyllum wallisii,334272928,https://www.inaturalist.org/observations/334272928,607001309,https://static.inaturalist.org/photos/607001309/original.jpg,all-rights-reserved,"(c) loopdeloop, all rights reserved",loopdeloop,,2026-01-10,"Monteverde Ecological Sanctuary, Puntarenas, CR",research,False,10.3121298188,-84.8232209039,1536,2048,no,wallisii/inat-334272928-607001309-loopdeloop.jpg,
Spathiphyllum wallisii,334266301,https://www.inaturalist.org/observations/334266301,606987787,https://inaturalist-open-data.s3.amazonaws.com/photos/606987787/original.jpg,cc-by-nc,"(c) Avistamiento de aves Gigante Huila, some rights reserved (CC BY-NC)",david_achipis,Avistamiento de aves Gigante Huila,2026-01-10,"Gigante, Huila, Colombia",research,False,2.3863666667,-75.54855,1542,2048,no,wallisii/inat-334266301-606987787-david_achipis.jpg,
Spathiphyllum wallisii,334266301,https://www.inaturalist.org/observations/334266301,606987835,https://inaturalist-open-data.s3.amazonaws.com/photos/606987835/original.jpg,cc-by-nc,"(c) Avistamiento de aves Gigante Huila, some rights reserved (CC BY-NC)",david_achipis,Avistamiento de aves Gigante Huila,2026-01-10,"Gigante, Huila, Colombia",research,False,2.3863666667,-75.54855,1542,2048,no,wallisii/inat-334266301-606987835-david_achipis.jpg,
Spathiphyllum wallisii,334125541,https://www.inaturalist.org/observations/334125541,606699650,https://inaturalist-open-data.s3.amazonaws.com/photos/606699650/original.jpg,cc0,no rights reserved,kristen_276,,2026-01-07,"Puntarenas, CR",research,False,10.3069616667,-84.8059166667,1536,2048,no,wallisii/inat-334125541-606699650-kristen_276.jpg,
Spathiphyllum wallisii,334010646,https://www.inaturalist.org/observations/334010646,606467277,https://inaturalist-open-data.s3.amazonaws.com/photos/606467277/original.jpg,cc-by-nc,"(c) Cássia Lanz, some rights reserved (CC BY-NC)",cassia_lanz,Cássia Lanz,2025-09-21,"Córrego Grande, Florianópolis - SC, Brasil",research,False,-27.5998678914,-48.5147421867,1600,1200,no,wallisii/inat-334010646-606467277-cassia_lanz.jpg,
Spathiphyllum wallisii,333881739,https://www.inaturalist.org/observations/333881739,606207053,https://static.inaturalist.org/photos/606207053/original.jpg,all-rights-reserved,"(c) anand ramasamy, all rights reserved",anand14599,anand ramasamy,2025-05-19,"Nandivaram Guduvancheri, Tamil Nadu, IN",needs_id,False,12.83143,80.0500805,1536,2048,no,wallisii/inat-333881739-606207053-anand14599.jpg,
Spathiphyllum wallisii,333855390,https://www.inaturalist.org/observations/333855390,606168261,https://static.inaturalist.org/photos/606168261/original.jpg,all-rights-reserved,"(c) Kailey Carlson, all rights reserved",kailey56,Kailey Carlson,2026-01-07,La Fortuna,research,False,10.4785251617,-84.6402206421,1536,2048,no,wallisii/inat-333855390-606168261-kailey56.jpg,
Spathiphyllum wallisii,333833997,https://www.inaturalist.org/observations/333833997,606108154,https://inaturalist-open-data.s3.amazonaws.com/photos/606108154/original.jpg,cc-by-nc,"(c) Akshay kumar R, some rights reserved (CC BY-NC)",akshaykumarindia,Akshay kumar R,2026-01-05,"14/332 A, Elimbilery estate, kottappadi, Meppadi, Kottappadi part, Kerala 673577, India",needs_id,False,11.5389121209,76.1080345139,1536,2048,no,wallisii/inat-333833997-606108154-akshaykumarindia.jpg,
Spathiphyllum wallisii,333833997,https://www.inaturalist.org/observations/333833997,606108167,https://inaturalist-open-data.s3.amazonaws.com/photos/606108167/original.jpg,cc-by-nc,"(c) Akshay kumar R, some rights reserved (CC BY-NC)",akshaykumarindia,Akshay kumar R,2026-01-05,"14/332 A, Elimbilery estate, kottappadi, Meppadi, Kottappadi part, Kerala 673577, India",needs_id,False,11.5389121209,76.1080345139,2048,2048,no,wallisii/inat-333833997-606108167-akshaykumarindia.jpg,
Spathiphyllum wallisii,333833997,https://www.inaturalist.org/observations/333833997,606108180,https://inaturalist-open-data.s3.amazonaws.com/photos/606108180/original.jpg,cc-by-nc,"(c) Akshay kumar R, some rights reserved (CC BY-NC)",akshaykumarindia,Akshay kumar R,2026-01-05,"14/332 A, Elimbilery estate, kottappadi, Meppadi, Kottappadi part, Kerala 673577, India",needs_id,False,11.5389121209,76.1080345139,2048,1536,no,wallisii/inat-333833997-606108180-akshaykumarindia.jpg,
Spathiphyllum wallisii,333833997,https://www.inaturalist.org/observations/333833997,606108191,https://inaturalist-open-data.s3.amazonaws.com/photos/606108191/original.jpg,cc-by-nc,"(c) Akshay kumar R, some rights reserved (CC BY-NC)",akshaykumarindia,Akshay kumar R,2026-01-05,"14/332 A, Elimbilery estate, kottappadi, Meppadi, Kottappadi part, Kerala 673577, India",needs_id,False,11.5389121209,76.1080345139,1536,2048,no,wallisii/inat-333833997-606108191-akshaykumarindia.jpg,
Spathiphyllum wallisii,333506130,https://www.inaturalist.org/observations/333506130,605492160,https://inaturalist-open-data.s3.amazonaws.com/photos/605492160/original.jpg,cc-by-nc,"(c) mitchell3251, some rights reserved (CC BY-NC)",mitchell3251,,2026-01-04,"Upala, Alajuela, CR",needs_id,False,10.89137,-85.3246083333,1536,2048,no,wallisii/inat-333506130-605492160-mitchell3251.jpg,
Spathiphyllum wallisii,333122007,https://www.inaturalist.org/observations/333122007,604715931,https://inaturalist-open-data.s3.amazonaws.com/photos/604715931/original.jpg,cc-by-nc,"(c) Adel Liebenberg, some rights reserved (CC BY-NC)",adelliebenberg,Adel Liebenberg,2026-01-01,"Thandizwe, South Africa",needs_id,False,-26.9908218783,32.7348043397,1536,2048,no,wallisii/inat-333122007-604715931-adelliebenberg.jpg,
Spathiphyllum wallisii,333122007,https://www.inaturalist.org/observations/333122007,604717771,https://inaturalist-open-data.s3.amazonaws.com/photos/604717771/original.jpg,cc-by-nc,"(c) Adel Liebenberg, some rights reserved (CC BY-NC)",adelliebenberg,Adel Liebenberg,2026-01-01,"Thandizwe, South Africa",needs_id,False,-26.9908218783,32.7348043397,1536,2048,no,wallisii/inat-333122007-604717771-adelliebenberg.jpg,
Spathiphyllum wallisii,333122007,https://www.inaturalist.org/observations/333122007,604717796,https://inaturalist-open-data.s3.amazonaws.com/photos/604717796/original.jpg,cc-by-nc,"(c) Adel Liebenberg, some rights reserved (CC BY-NC)",adelliebenberg,Adel Liebenberg,2026-01-01,"Thandizwe, South Africa",needs_id,False,-26.9908218783,32.7348043397,1536,2048,no,wallisii/inat-333122007-604717796-adelliebenberg.jpg,
Spathiphyllum wallisii,333122007,https://www.inaturalist.org/observations/333122007,604717827,https://inaturalist-open-data.s3.amazonaws.com/photos/604717827/original.jpg,cc-by-nc,"(c) Adel Liebenberg, some rights reserved (CC BY-NC)",adelliebenberg,Adel Liebenberg,2026-01-01,"Thandizwe, South Africa",needs_id,False,-26.9908218783,32.7348043397,1536,2048,no,wallisii/inat-333122007-604717827-adelliebenberg.jpg,
Spathiphyllum wallisii,333122007,https://www.inaturalist.org/observations/333122007,604717852,https://inaturalist-open-data.s3.amazonaws.com/photos/604717852/original.jpg,cc-by-nc,"(c) Adel Liebenberg, some rights reserved (CC BY-NC)",adelliebenberg,Adel Liebenberg,2026-01-01,"Thandizwe, South Africa",needs_id,False,-26.9908218783,32.7348043397,1536,2048,no,wallisii/inat-333122007-604717852-adelliebenberg.jpg,
Spathiphyllum wallisii,333122007,https://www.inaturalist.org/observations/333122007,604717888,https://inaturalist-open-data.s3.amazonaws.com/photos/604717888/original.jpg,cc-by-nc,"(c) Adel Liebenberg, some rights reserved (CC BY-NC)",adelliebenberg,Adel Liebenberg,2026-01-01,"Thandizwe, South Africa",needs_id,False,-26.9908218783,32.7348043397,1536,2048,no,wallisii/inat-333122007-604717888-adelliebenberg.jpg,
Spathiphyllum wallisii,333122007,https://www.inaturalist.org/observations/333122007,604717944,https://inaturalist-open-data.s3.amazonaws.com/photos/604717944/original.jpg,cc-by-nc,"(c) Adel Liebenberg, some rights reserved (CC BY-NC)",adelliebenberg,Adel Liebenberg,2026-01-01,"Thandizwe, South Africa",needs_id,False,-26.9908218783,32.7348043397,1536,2048,no,wallisii/inat-333122007-604717944-adelliebenberg.jpg,
Spathiphyllum wallisii,333089991,https://www.inaturalist.org/observations/333089991,604651045,https://inaturalist-open-data.s3.amazonaws.com/photos/604651045/original.jpg,cc-by-nc,"(c) isalukis, some rights reserved (CC BY-NC)",isalukis,,2025-12-27,"XWJC+C8C, Heredia Province, Santo Domingo, Costa Rica",needs_id,False,9.9811583,-84.0794834997,2048,1536,no,wallisii/inat-333089991-604651045-isalukis.jpg,
Spathiphyllum wallisii,332998856,https://www.inaturalist.org/observations/332998856,604463509,https://inaturalist-open-data.s3.amazonaws.com/photos/604463509/original.jpg,cc-by-nc,"(c) Nereston (Nelinho) Camargo, some rights reserved (CC BY-NC)",nereston-nelinho-camargo,Nereston (Nelinho) Camargo,2026-01-01,"Rua Avedis Simonian, Guarujá, SP, BR",research,False,-24.0158298406,-46.2869878548,1152,2048,no,wallisii/inat-332998856-604463509-nereston-nelinho-camargo.jpg,
Spathiphyllum wallisii,332874103,https://www.inaturalist.org/observations/332874103,604203136,https://inaturalist-open-data.s3.amazonaws.com/photos/604203136/original.jpg,cc-by,"(c) saltyhiker, some rights reserved (CC BY)",saltyhiker,,2025-12-27,"Parque Nacional Carara, CR-PU-GA, CR-PU, CR",research,False,9.7765084393,-84.6060794232,1536,2048,no,wallisii/inat-332874103-604203136-saltyhiker.jpg,
Spathiphyllum wallisii,332874103,https://www.inaturalist.org/observations/332874103,604203141,https://inaturalist-open-data.s3.amazonaws.com/photos/604203141/original.jpg,cc-by,"(c) saltyhiker, some rights reserved (CC BY)",saltyhiker,,2025-12-27,"Parque Nacional Carara, CR-PU-GA, CR-PU, CR",research,False,9.7765084393,-84.6060794232,1536,2048,no,wallisii/inat-332874103-604203141-saltyhiker.jpg,
Spathiphyllum wallisii,332688557,https://www.inaturalist.org/observations/332688557,603827530,https://inaturalist-open-data.s3.amazonaws.com/photos/603827530/original.jpg,cc-by-nc,"(c) thirty_legs, some rights reserved (CC BY-NC)",thirty_legs,,2025-06-02,"Windsor Nature Park, Singapore, SG, SG",research,False,1.3607133333,103.8252033333,2048,1536,no,wallisii/inat-332688557-603827530-thirty_legs.jpg,
Spathiphyllum wallisii,332688557,https://www.inaturalist.org/observations/332688557,603827686,https://inaturalist-open-data.s3.amazonaws.com/photos/603827686/original.jpg,cc-by-nc,"(c) thirty_legs, some rights reserved (CC BY-NC)",thirty_legs,,2025-06-02,"Windsor Nature Park, Singapore, SG, SG",research,False,1.3607133333,103.8252033333,2048,1536,no,wallisii/inat-332688557-603827686-thirty_legs.jpg,
Spathiphyllum wallisii,332295873,https://www.inaturalist.org/observations/332295873,603018010,https://static.inaturalist.org/photos/603018010/original.jpg,all-rights-reserved,"(c) Joshua P, all rights reserved",joshua992,Joshua P,2025-12-25,"Đạ Kho, Đạ Tẻh, Lâm Đồng, Vietnam",research,False,11.4339690653,107.433127311,1365,2048,no,wallisii/inat-332295873-603018010-joshua992.jpg,
Spathiphyllum wallisii,332235072,https://www.inaturalist.org/observations/332235072,602895930,https://inaturalist-open-data.s3.amazonaws.com/photos/602895930/original.jpg,cc0,no rights reserved,squidney8,Connor Sydney (Squid),2025-12-27,"RPCQ+864 Biausevu Waterfall, Fiji",needs_id,False,-18.1814956,177.7377870997,1153,2048,no,wallisii/inat-332235072-602895930-squidney8.jpg,
Spathiphyllum wallisii,332233370,https://www.inaturalist.org/observations/332233370,602891747,https://inaturalist-open-data.s3.amazonaws.com/photos/602891747/original.jpg,cc0,no rights reserved,squidney8,Connor Sydney (Squid),2025-12-27,"RPCQ+864 Biausevu Waterfall, Fiji",needs_id,False,-18.1798506,177.7380511,1153,2048,no,wallisii/inat-332233370-602891747-squidney8.jpg,
Spathiphyllum wallisii,332233370,https://www.inaturalist.org/observations/332233370,602891787,https://inaturalist-open-data.s3.amazonaws.com/photos/602891787/original.jpg,cc0,no rights reserved,squidney8,Connor Sydney (Squid),2025-12-27,"RPCQ+864 Biausevu Waterfall, Fiji",needs_id,False,-18.1798506,177.7380511,1153,2048,no,wallisii/inat-332233370-602891787-squidney8.jpg,
Spathiphyllum wallisii,332192747,https://www.inaturalist.org/observations/332192747,602807494,https://static.inaturalist.org/photos/602807494/original.jpg,all-rights-reserved,"(c) pilgrim123, all rights reserved",pilgrim123,pilgrim123,2025-12-19,"Provincia de Puntarenas, Garabito, Costa Rica",research,False,9.776322,-84.606356,2048,1602,no,wallisii/inat-332192747-602807494-pilgrim123.jpg,
Spathiphyllum wallisii,332192747,https://www.inaturalist.org/observations/332192747,602807532,https://static.inaturalist.org/photos/602807532/original.jpg,all-rights-reserved,"(c) pilgrim123, all rights reserved",pilgrim123,pilgrim123,2025-12-19,"Provincia de Puntarenas, Garabito, Costa Rica",research,False,9.776322,-84.606356,1826,2048,no,wallisii/inat-332192747-602807532-pilgrim123.jpg,
Spathiphyllum wallisii,332132432,https://www.inaturalist.org/observations/332132432,602684777,https://inaturalist-open-data.s3.amazonaws.com/photos/602684777/original.jpg,cc-by-nc,"(c) jdvega07, some rights reserved (CC BY-NC)",jdvega07,,2025-12-23,"Mall of Qatar, Al Rayyan, Al Rayyan, QA",research,False,25.3269616667,51.3500216667,1536,2048,no,wallisii/inat-332132432-602684777-jdvega07.jpg,
Spathiphyllum wallisii,332109670,https://www.inaturalist.org/observations/332109670,602638323,https://inaturalist-open-data.s3.amazonaws.com/photos/602638323/original.jpg,cc-by-nc,"(c) Dafungfung, some rights reserved (CC BY-NC)",dafungfung,Dafungfung,2025-12-26,"Pingtung, TW-TA, TW",research,False,22.508197784,120.6573109359,1536,2048,no,wallisii/inat-332109670-602638323-dafungfung.jpg,
Spathiphyllum wallisii,332022500,https://www.inaturalist.org/observations/332022500,602457437,https://inaturalist-open-data.s3.amazonaws.com/photos/602457437/original.jpg,cc-by,"(c) Maria Janeiro, some rights reserved (CC BY)",maria1890,Maria Janeiro,2025-12-23,"El Jardín de Mamá, 07035, El Higo, Provincia de Panamá Oeste, Panamá",research,False,8.4480286,-80.0366657,1153,2048,no,wallisii/inat-332022500-602457437-maria1890.jpg,
Spathiphyllum wallisii,331637036,https://www.inaturalist.org/observations/331637036,601667073,https://static.inaturalist.org/photos/601667073/original.jpg,all-rights-reserved,"(c) Gabriel Enrique De-la-Torre, all rights reserved",gabedelatorre,Gabriel Enrique De-la-Torre,2025-12-22,"Alice Street Stop 102 at George St, Brisbane City QLD 4000, Australia",research,False,-27.4747939722,153.027972,946,2048,no,wallisii/inat-331637036-601667073-gabedelatorre.jpg,
Spathiphyllum wallisii,331473486,https://www.inaturalist.org/observations/331473486,601335690,https://static.inaturalist.org/photos/601335690/original.jpg,all-rights-reserved,"(c) Cedric, all rights reserved",ceddl,Cedric,2025-12-20,"Encantado Trail, Abangares, Guanacaste, CR",research,False,10.347545,-84.7888033333,1536,2048,no,wallisii/inat-331473486-601335690-ceddl.jpg,
Spathiphyllum wallisii,331473107,https://www.inaturalist.org/observations/331473107,601334873,https://static.inaturalist.org/photos/601334873/original.jpg,all-rights-reserved,"(c) Leon, all rights reserved",gyross1,Leon,2025-12-20,"87RX+2W7 Children's Eternal Rainforest, Provincia de Puntarenas, San Ramón, Costa Rica",research,False,10.3475527778,-84.7887611111,1152,2048,no,wallisii/inat-331473107-601334873-gyross1.jpg,
Spathiphyllum wallisii,331369771,https://www.inaturalist.org/observations/331369771,601119549,https://inaturalist-open-data.s3.amazonaws.com/photos/601119549/original.jpg,cc-by,"(c) Ong Jyh Seng, some rights reserved (CC BY)",ongzi,Ong Jyh Seng,2025-12-16,"Kasihan, Bantul Regency, Special Region of Yogyakarta, Indonesia",needs_id,False,-7.813225,110.3313583333,2048,1536,no,wallisii/inat-331369771-601119549-ongzi.jpg,
Spathiphyllum wallisii,331157482,https://www.inaturalist.org/observations/331157482,600681827,https://static.inaturalist.org/photos/600681827/original.jpg,all-rights-reserved,"(c) Jitka Štěrbová, all rights reserved",jitkasterbova,Jitka Štěrbová,2025-12-17,"4H2W+MP, Limón, Siquirres, Kostarika",research,False,10.1007697639,-83.401947543,1620,1080,no,wallisii/inat-331157482-600681827-jitkasterbova.jpg,
Spathiphyllum wallisii,331060388,https://www.inaturalist.org/observations/331060388,600481641,https://inaturalist-open-data.s3.amazonaws.com/photos/600481641/original.jpg,cc-by-nc,"(c) yttrixuwen, some rights reserved (CC BY-NC)",yttrixuwen,,2025-12-17,Kecamatan Siantar Barat,needs_id,False,2.951281786,99.048034668,1542,2048,no,wallisii/inat-331060388-600481641-yttrixuwen.jpg,
Spathiphyllum wallisii,331030937,https://www.inaturalist.org/observations/331030937,600423144,https://inaturalist-open-data.s3.amazonaws.com/photos/600423144/original.jpg,cc-by-nc,"(c) todd888, some rights reserved (CC BY-NC)",todd888,,2025-12-17,"Green School, Kabupaten Badung, Bali, ID",needs_id,False,-8.566273909,115.2141979966,1536,2048,no,wallisii/inat-331030937-600423144-todd888.jpg,
Spathiphyllum wallisii,331020693,https://www.inaturalist.org/observations/331020693,600402256,https://static.inaturalist.org/photos/600402256/original.jpg,all-rights-reserved,"(c) Leon, all rights reserved",gyross1,Leon,2025-12-16,"Naturschutzgebiet Barra del Colorado, Barra del Colorado, Refugio Nacional de Vida Silvestre Barra del Colorado, Limón, 70206, Costa Rica",needs_id,False,10.5813343856,-83.5276985541,1365,2048,no,wallisii/inat-331020693-600402256-gyross1.jpg,
Spathiphyllum wallisii,330905031,https://www.inaturalist.org/observations/330905031,600158597,https://inaturalist-open-data.s3.amazonaws.com/photos/600158597/original.jpg,cc-by-nc,"(c) Mädchen Gebhard, some rights reserved (CC BY-NC)",madchen_gebhard,Mädchen Gebhard,2025-12-13,"San Ramón, CR-AL, CR",needs_id,False,10.1367238769,-84.4755452872,1152,2048,no,wallisii/inat-330905031-600158597-madchen_gebhard.jpg,
Spathiphyllum wallisii,330659983,https://www.inaturalist.org/observations/330659983,599657075,https://inaturalist-open-data.s3.amazonaws.com/photos/599657075/original.jpg,cc-by,"(c) Pat Hall, some rights reserved (CC BY)",snifty,Pat Hall,2025-12-13,"Vía 606, Puntarenas, CR",needs_id,False,10.32635,-84.8343716667,2048,1536,no,wallisii/inat-330659983-599657075-snifty.jpg,
Spathiphyllum wallisii,330629801,https://www.inaturalist.org/observations/330629801,599592716,https://inaturalist-open-data.s3.amazonaws.com/photos/599592716/original.jpg,cc-by-nc,"(c) Stephane Razzon, some rights reserved (CC BY-NC)",stephane72393,Stephane Razzon,2025-12-13,"Parque Nacional Cahuita, CR-LI-TA, CR-LI, CR",needs_id,False,9.7384830997,-82.8222142997,1152,2048,no,wallisii/inat-330629801-599592716-stephane72393.jpg,
Spathiphyllum wallisii,330192112,https://www.inaturalist.org/observations/330192112,598697650,https://static.inaturalist.org/photos/598697650/original.jpg,all-rights-reserved,"(c) Liza, all rights reserved",liza31447,Liza,2025-12-10,"San Luis, Antipolo, 1870 Rizal, Philippines",needs_id,False,14.6033100167,121.2046244167,1536,2048,no,wallisii/inat-330192112-598697650-liza31447.jpg,
Spathiphyllum wallisii,330093704,https://www.inaturalist.org/observations/330093704,598495155,https://inaturalist-open-data.s3.amazonaws.com/photos/598495155/original.jpg,cc-by-nc,"(c) irzzaharnieza, some rights reserved (CC BY-NC)",irzzaharnieza,,2025-12-06,"Bentong, Pahang, MY",needs_id,False,3.4194366667,101.842025,1152,2048,no,wallisii/inat-330093704-598495155-irzzaharnieza.jpg,
Spathiphyllum wallisii,330062398,https://www.inaturalist.org/observations/330062398,598428300,https://static.inaturalist.org/photos/598428300/original.jpg,all-rights-reserved,"(c) Sharon Bieck, all rights reserved",sharon_bieck,Sharon Bieck,2025-12-08,"Jardín, Antioquia, Colombia",needs_id,False,5.5965392997,-75.8215009997,1153,2048,no,wallisii/inat-330062398-598428300-sharon_bieck.jpg,
Spathiphyllum wallisii,330062398,https://www.inaturalist.org/observations/330062398,598428459,https://static.inaturalist.org/photos/598428459/original.jpg,all-rights-reserved,"(c) Sharon Bieck, all rights reserved",sharon_bieck,Sharon Bieck,2025-12-08,"Jardín, Antioquia, Colombia",needs_id,False,5.5965392997,-75.8215009997,1153,2048,no,wallisii/inat-330062398-598428459-sharon_bieck.jpg,
Spathiphyllum wallisii,329837727,https://www.inaturalist.org/observations/329837727,597972323,https://inaturalist-open-data.s3.amazonaws.com/photos/597972323/original.jpg,cc-by-nc,"(c) bbtyler, some rights reserved (CC BY-NC)",bbtyler,,2025-12-06,"Cartago, Cartago, CR",needs_id,False,9.774705,-83.921325,1536,2048,no,wallisii/inat-329837727-597972323-bbtyler.jpg,
Spathiphyllum wallisii,329677457,https://www.inaturalist.org/observations/329677457,597648639,https://inaturalist-open-data.s3.amazonaws.com/photos/597648639/original.jpg,cc-by-nc,"(c) Vincent Aiden, some rights reserved (CC BY-NC)",vincent77688,Vincent Aiden,2025-12-06,"Cikole, Lembang, West Bandung Regency, West Java, Indonesia",needs_id,False,-6.7799537507,107.6349442452,921,2048,no,wallisii/inat-329677457-597648639-vincent77688.jpg,
Spathiphyllum wallisii,329115153,https://www.inaturalist.org/observations/329115153,596516692,https://inaturalist-open-data.s3.amazonaws.com/photos/596516692/original.jpg,cc-by-nc,"(c) siksqueira, some rights reserved (CC BY-NC)",siksqueira,,2025-12-01,"Vila Cidade Industrial (Vila Xavier), Araraquara - SP, 14810-240, Brasil",research,False,-21.7740516667,-48.15607,720,960,no,wallisii/inat-329115153-596516692-siksqueira.jpg,
Spathiphyllum wallisii,328895771,https://www.inaturalist.org/observations/328895771,596080312,https://static.inaturalist.org/photos/596080312/original.jpg,all-rights-reserved,"(c) Bruno Favoreto, all rights reserved",fxzero,Bruno Favoreto,2025-11-30,Santa Bárbara d'Oeste,research,False,-22.7422447205,-47.4880218506,1536,2048,no,wallisii/inat-328895771-596080312-fxzero.jpg,
Spathiphyllum wallisii,328847808,https://www.inaturalist.org/observations/328847808,595982016,https://inaturalist-open-data.s3.amazonaws.com/photos/595982016/original.jpg,cc-by-nc,"(c) Gomen See, some rights reserved (CC BY-NC)",gomenwl,Gomen See,2025-11-28,"馬德雷德迪奧斯省, PE",needs_id,False,-12.659045,-71.26455,1536,2048,no,wallisii/inat-328847808-595982016-gomenwl.jpg,
Spathiphyllum wallisii,328847740,https://www.inaturalist.org/observations/328847740,595981887,https://inaturalist-open-data.s3.amazonaws.com/photos/595981887/original.jpg,cc-by-nc,"(c) Gomen See, some rights reserved (CC BY-NC)",gomenwl,Gomen See,2025-11-28,"馬德雷德迪奧斯省, PE",research,False,-12.6182528569,-71.3547612519,1536,2048,no,wallisii/inat-328847740-595981887-gomenwl.jpg,
Spathiphyllum wallisii,328535142,https://www.inaturalist.org/observations/328535142,598085013,https://inaturalist-open-data.s3.amazonaws.com/photos/598085013/original.jpg,cc-by-nc,"(c) Daniel Torrez Lira, some rights reserved (CC BY-NC)",danielnaturalist,Daniel Torrez Lira,2025-11-27,"Km 143.5 Carretera Matagalpa El Roblar, Comunidad La Grecia, San Ramón, Nicaragua",research,False,12.9657030079,-85.829885155,2048,1536,no,wallisii/inat-328535142-598085013-danielnaturalist.jpg,
Spathiphyllum wallisii,328380168,https://www.inaturalist.org/observations/328380168,595032004,https://inaturalist-open-data.s3.amazonaws.com/photos/595032004/original.jpg,cc-by-nc,"(c) shusterjane, some rights reserved (CC BY-NC)",shusterjane,,2025-10-30,"Estación Biológica Las Cruces, 73-8257 San Vito, Puntarenas Province, San Vito, Coto Brus, 60801, Costa Rica",research,False,8.784118,-82.95988,768,1024,no,wallisii/inat-328380168-595032004-shusterjane.jpg,
Spathiphyllum wallisii,328360888,https://www.inaturalist.org/observations/328360888,594994152,https://inaturalist-open-data.s3.amazonaws.com/photos/594994152/original.jpg,cc-by-nc,"(c) Yoselin Miranda, some rights reserved (CC BY-NC)",yoselin27565,Yoselin Miranda,2025-11-23,"Santa Fe, Provincia de Veraguas, Panamá",needs_id,False,8.7920096378,-81.0231781751,2048,921,no,wallisii/inat-328360888-594994152-yoselin27565.jpg,
Spathiphyllum wallisii,327892868,https://www.inaturalist.org/observations/327892868,594087599,https://inaturalist-open-data.s3.amazonaws.com/photos/594087599/original.jpg,cc-by-nc,"(c) Royer Sabugara, some rights reserved (CC BY-NC)",royer27,Royer Sabugara,2025-11-23,"Santiago, Provincia de Veraguas, Panamá",needs_id,False,8.1001531742,-80.97924795,1536,2048,no,wallisii/inat-327892868-594087599-royer27.jpg,
Spathiphyllum wallisii,327885415,https://www.inaturalist.org/observations/327885415,594074903,https://inaturalist-open-data.s3.amazonaws.com/photos/594074903/original.jpg,cc-by-nc,"(c) ktaygarces, some rights reserved (CC BY-NC)",ktaygarces,,2025-11-23,Antón,needs_id,False,8.4366176397,-80.2950549871,960,1280,no,wallisii/inat-327885415-594074903-ktaygarces.jpg,
Spathiphyllum wallisii,327609653,https://www.inaturalist.org/observations/327609653,593549031,https://inaturalist-open-data.s3.amazonaws.com/photos/593549031/original.jpg,cc-by-nc,"(c) Layla González, some rights reserved (CC BY-NC)",laylagonzalezthv,Layla González,2025-11-21,"Veraguas, PA",needs_id,False,8.066948542,-80.9306380812,1200,1600,no,wallisii/inat-327609653-593549031-laylagonzalezthv.jpg,
Spathiphyllum wallisii,327524379,https://www.inaturalist.org/observations/327524379,593383172,https://inaturalist-open-data.s3.amazonaws.com/photos/593383172/original.jpg,cc-by-nc,"(c) Luzmery Polanco Solano, some rights reserved (CC BY-NC)",luzmerypolanco,Luzmery Polanco Solano,2025-11-21,"El Espino, Canto del Llano, Provincia de Veraguas, Panamá",needs_id,False,8.2111548343,-80.9551600367,718,1165,no,wallisii/inat-327524379-593383172-luzmerypolanco.jpg,
Spathiphyllum wallisii,327513511,https://www.inaturalist.org/observations/327513511,593362993,https://inaturalist-open-data.s3.amazonaws.com/photos/593362993/original.jpg,cc-by-nc,"(c) bellanaza, some rights reserved (CC BY-NC)",bellanaza,bellanaza,2025-11-21,"Panamá, PA",needs_id,False,8.937396217,-78.8779994816,1152,2048,no,wallisii/inat-327513511-593362993-bellanaza.jpg,
Spathiphyllum wallisii,327490907,https://www.inaturalist.org/observations/327490907,593319986,https://inaturalist-open-data.s3.amazonaws.com/photos/593319986/original.jpg,cc-by-nc,"(c) Mixtalia Palacis, some rights reserved (CC BY-NC)",m_17-enjda,Mixtalia Palacis,2025-11-21,"Santa Clara, Provincia de Chiriquí, Panamá",needs_id,False,8.8451583333,-82.7605944444,921,2048,no,wallisii/inat-327490907-593319986-m_17-enjda.jpg,
Spathiphyllum wallisii,325244290,https://www.inaturalist.org/observations/325244290,588831237,https://inaturalist-open-data.s3.amazonaws.com/photos/588831237/original.jpg,cc-by-nc,"(c) Montaño &amp;, some rights reserved (CC BY-NC)",ymontano123_,Montaño &amp;,2025-11-04,"Guapí, Cauca, Colombia",needs_id,False,2.5719298759,-77.6898796572,1200,1600,no,wallisii/inat-325244290-588831237-ymontano123_.jpg,
Spathiphyllum wallisii,325244290,https://www.inaturalist.org/observations/325244290,588834961,https://inaturalist-open-data.s3.amazonaws.com/photos/588834961/original.jpg,cc-by-nc,"(c) Montaño &amp;, some rights reserved (CC BY-NC)",ymontano123_,Montaño &amp;,2025-11-04,"Guapí, Cauca, Colombia",needs_id,False,2.5719298759,-77.6898796572,161,321,no,wallisii/inat-325244290-588834961-ymontano123_.jpg,
Spathiphyllum wallisii,325244290,https://www.inaturalist.org/observations/325244290,588835562,https://inaturalist-open-data.s3.amazonaws.com/photos/588835562/original.jpg,cc-by-nc,"(c) Montaño &amp;, some rights reserved (CC BY-NC)",ymontano123_,Montaño &amp;,2025-11-04,"Guapí, Cauca, Colombia",needs_id,False,2.5719298759,-77.6898796572,270,613,no,wallisii/inat-325244290-588835562-ymontano123_.jpg,
Spathiphyllum wallisii,324873208,https://www.inaturalist.org/observations/324873208,588103939,https://inaturalist-open-data.s3.amazonaws.com/photos/588103939/original.jpg,cc-by-nc,"(c) Sarah Gigi, some rights reserved (CC BY-NC)",sarahgigi,Sarah Gigi,2025-11-04,"Kottayam, IN-KL, IN",needs_id,False,9.7984261765,76.5561949397,1152,2048,no,wallisii/inat-324873208-588103939-sarahgigi.jpg,
Spathiphyllum wallisii,324651184,https://www.inaturalist.org/observations/324651184,587650346,https://inaturalist-open-data.s3.amazonaws.com/photos/587650346/original.jpg,cc-by-nc,"(c) Luis Caldera, some rights reserved (CC BY-NC)",luiscaldera,Luis Caldera,2025-10-16,"WWRH+32P, San José, San Francisco, Tournón, Costa Rica",needs_id,False,9.9401540756,-84.0725555419,1536,2048,no,wallisii/inat-324651184-587650346-luiscaldera.jpg,
Spathiphyllum wallisii,324651184,https://www.inaturalist.org/observations/324651184,587651145,https://inaturalist-open-data.s3.amazonaws.com/photos/587651145/original.jpg,cc-by-nc,"(c) Luis Caldera, some rights reserved (CC BY-NC)",luiscaldera,Luis Caldera,2025-10-16,"WWRH+32P, San José, San Francisco, Tournón, Costa Rica",needs_id,False,9.9401540756,-84.0725555419,1536,2048,no,wallisii/inat-324651184-587651145-luiscaldera.jpg,
Spathiphyllum wallisii,324651184,https://www.inaturalist.org/observations/324651184,587651616,https://inaturalist-open-data.s3.amazonaws.com/photos/587651616/original.jpg,cc-by-nc,"(c) Luis Caldera, some rights reserved (CC BY-NC)",luiscaldera,Luis Caldera,2025-10-16,"WWRH+32P, San José, San Francisco, Tournón, Costa Rica",needs_id,False,9.9401540756,-84.0725555419,1536,2048,no,wallisii/inat-324651184-587651616-luiscaldera.jpg,
Spathiphyllum wallisii,324651184,https://www.inaturalist.org/observations/324651184,587651986,https://inaturalist-open-data.s3.amazonaws.com/photos/587651986/original.jpg,cc-by-nc,"(c) Luis Caldera, some rights reserved (CC BY-NC)",luiscaldera,Luis Caldera,2025-10-16,"WWRH+32P, San José, San Francisco, Tournón, Costa Rica",needs_id,False,9.9401540756,-84.0725555419,1536,2048,no,wallisii/inat-324651184-587651986-luiscaldera.jpg,
Spathiphyllum wallisii,324651184,https://www.inaturalist.org/observations/324651184,587652026,https://inaturalist-open-data.s3.amazonaws.com/photos/587652026/original.jpg,cc-by-nc,"(c) Luis Caldera, some rights reserved (CC BY-NC)",luiscaldera,Luis Caldera,2025-10-16,"WWRH+32P, San José, San Francisco, Tournón, Costa Rica",needs_id,False,9.9401540756,-84.0725555419,1536,2048,no,wallisii/inat-324651184-587652026-luiscaldera.jpg,
Spathiphyllum wallisii,324646752,https://www.inaturalist.org/observations/324646752,587641297,https://inaturalist-open-data.s3.amazonaws.com/photos/587641297/original.jpg,cc-by-nc,"(c) Belva Midaya, some rights reserved (CC BY-NC)",belva4,Belva Midaya,2025-11-03,"Derwati, Derwati, Kec. Rancasari, Kota Bandung, Jawa Barat, Indonesia",needs_id,False,-6.9689783333,107.68808,1152,2048,no,wallisii/inat-324646752-587641297-belva4.jpg,
Spathiphyllum wallisii,324401440,https://www.inaturalist.org/observations/324401440,587143992,https://inaturalist-open-data.s3.amazonaws.com/photos/587143992/original.jpg,cc-by-nc,"(c) dave5hoar, some rights reserved (CC BY-NC)",dave5hoar,,2025-06-17,"P44F+68X, Bilar, Bohol, Philippines",needs_id,False,9.7056023,124.1233565,1994,2048,no,wallisii/inat-324401440-587143992-dave5hoar.jpg,
Spathiphyllum wallisii,324379979,https://www.inaturalist.org/observations/324379979,587100751,https://inaturalist-open-data.s3.amazonaws.com/photos/587100751/original.jpg,cc-by-nc,"(c) Carlos Zanini, some rights reserved (CC BY-NC)",carlos_34189,Carlos Zanini,2025-11-01,"Martins Pena - Tijuca, Rio de Janeiro - RJ, 20271-061, Brasil",needs_id,False,-22.9182189,-43.2191657,1536,2048,no,wallisii/inat-324379979-587100751-carlos_34189.jpg,
Spathiphyllum wallisii,323968549,https://www.inaturalist.org/observations/323968549,586286860,https://inaturalist-open-data.s3.amazonaws.com/photos/586286860/original.jpg,cc-by-nc,"(c) Vien Monteverde, some rights reserved (CC BY-NC)",vien5,Vien Monteverde,2025-10-30,"Ibabang Dupay, Lucena City, 4301 Quezon, Philippines",needs_id,False,13.95129504,121.6226672,1536,2048,no,wallisii/inat-323968549-586286860-vien5.jpg,
Spathiphyllum wallisii,323954315,https://www.inaturalist.org/observations/323954315,586257585,https://inaturalist-open-data.s3.amazonaws.com/photos/586257585/original.jpg,cc-by-nc,"(c) Tiffany Valerie Antonius, some rights reserved (CC BY-NC)",tiffany80864,Tiffany Valerie Antonius,2025-10-30,"Baru City, Tanjungkarang Timur, Bandar Lampung City, Lampung, Indonesia",needs_id,False,-5.41813171,105.2702846,1153,2048,no,wallisii/inat-323954315-586257585-tiffany80864.jpg,
Spathiphyllum wallisii,323864837,https://www.inaturalist.org/observations/323864837,586077245,https://static.inaturalist.org/photos/586077245/original.jpg,all-rights-reserved,"(c) Jackson W.F. Chu, all rights reserved",jackson_chu,Jackson W.F. Chu,2025-10-28,"Kwai Tsing, Hong Kong",research,False,22.37567222,114.14141441,2048,1365,no,wallisii/inat-323864837-586077245-jackson_chu.jpg,
Spathiphyllum wallisii,323793736,https://www.inaturalist.org/observations/323793736,585945368,https://static.inaturalist.org/photos/585945368/original.jpg,all-rights-reserved,"(c) Amir Ansari, all rights reserved",amiransari,Amir Ansari,2024-10-30,"Maui County, US-HI, US",research,False,20.9053002577,-156.2432424167,1536,2048,no,wallisii/inat-323793736-585945368-amiransari.jpg,
Spathiphyllum wallisii,323676118,https://www.inaturalist.org/observations/323676118,585709093,https://inaturalist-open-data.s3.amazonaws.com/photos/585709093/original.jpg,cc-by-nc,"(c) Jenaro Campos Zamora, some rights reserved (CC BY-NC)",jenaro_campos,Jenaro Campos Zamora,2025-10-27,"W2QG+87Q, Provincia de Cartago, La Unión, Urb. Villa Hermosa, Costa Rica",needs_id,False,9.9383781,-83.9744942,2048,921,no,wallisii/inat-323676118-585709093-jenaro_campos.jpg,
Spathiphyllum wallisii,323664873,https://www.inaturalist.org/observations/323664873,585688681,https://inaturalist-open-data.s3.amazonaws.com/photos/585688681/original.jpg,cc-by-nc,"(c) CORDENOS Thierry, some rights reserved (CC BY-NC)",thierrycordenos,CORDENOS Thierry,2025-10-10,"Petite-Île 97429, La Réunion",needs_id,False,-21.3586519025,55.5678601835,1335,2048,no,wallisii/inat-323664873-585688681-thierrycordenos.jpg,
Spathiphyllum wallisii,323664873,https://www.inaturalist.org/observations/323664873,585688691,https://inaturalist-open-data.s3.amazonaws.com/photos/585688691/original.jpg,cc-by-nc,"(c) CORDENOS Thierry, some rights reserved (CC BY-NC)",thierrycordenos,CORDENOS Thierry,2025-10-10,"Petite-Île 97429, La Réunion",needs_id,False,-21.3586519025,55.5678601835,1291,2048,no,wallisii/inat-323664873-585688691-thierrycordenos.jpg,
Spathiphyllum wallisii,322304438,https://www.inaturalist.org/observations/322304438,583029131,https://inaturalist-open-data.s3.amazonaws.com/photos/583029131/original.jpg,cc-by,"(c) Emma, some rights reserved (CC BY)",falcofous,Emma,2025-10-20,"Limón, CR",needs_id,True,9.7626066788,-82.8883350323,1536,2048,no,wallisii/inat-322304438-583029131-falcofous.jpg,
Spathiphyllum wallisii,322304438,https://www.inaturalist.org/observations/322304438,583029136,https://inaturalist-open-data.s3.amazonaws.com/photos/583029136/original.jpg,cc-by,"(c) Emma, some rights reserved (CC BY)",falcofous,Emma,2025-10-20,"Limón, CR",needs_id,True,9.7626066788,-82.8883350323,1536,2048,no,wallisii/inat-322304438-583029136-falcofous.jpg,
Spathiphyllum wallisii,322297806,https://www.inaturalist.org/observations/322297806,583014403,https://static.inaturalist.org/photos/583014403/original.jpg,all-rights-reserved,"(c) Aaron Balam, all rights reserved",aaronbalam_tutor,Aaron Balam,2024-07-14,Costa Rica,needs_id,True,10.3058089739,-84.7995784297,1536,2048,no,wallisii/inat-322297806-583014403-aaronbalam_tutor.jpg,
Spathiphyllum wallisii,322297806,https://www.inaturalist.org/observations/322297806,583014409,https://static.inaturalist.org/photos/583014409/original.jpg,all-rights-reserved,"(c) Aaron Balam, all rights reserved",aaronbalam_tutor,Aaron Balam,2024-07-14,Costa Rica,needs_id,True,10.3058089739,-84.7995784297,1536,2048,no,wallisii/inat-322297806-583014409-aaronbalam_tutor.jpg,
Spathiphyllum wallisii,322296166,https://www.inaturalist.org/observations/322296166,583013597,https://static.inaturalist.org/photos/583013597/original.jpg,all-rights-reserved,"(c) Sabine Weidlich, all rights reserved",sabine337,Sabine Weidlich,2025-10-20,"Autotransportes Mepe Bus Stop, Limón, Puerto Viejo de Talamanca, Costa Rica",needs_id,False,9.6565307,-82.7558738,1536,2048,no,wallisii/inat-322296166-583013597-sabine337.jpg,
Spathiphyllum wallisii,322232105,https://www.inaturalist.org/observations/322232105,582888605,https://static.inaturalist.org/photos/582888605/original.jpg,all-rights-reserved,"(c) Karina Rodriguez Saenz, all rights reserved",karinarsaenz,Karina Rodriguez Saenz,2025-10-21,"WVCX+4GJ Parque Topacio, San José Province, San José, Topacio, Costa Rica",needs_id,False,9.9206228,-84.10112443,1536,2048,no,wallisii/inat-322232105-582888605-karinarsaenz.jpg,
Spathiphyllum wallisii,322031926,https://www.inaturalist.org/observations/322031926,582490429,https://static.inaturalist.org/photos/582490429/original.jpg,all-rights-reserved,"(c) Bernard Mbwana, all rights reserved",bernardmbwana,Bernard Mbwana,2025-09-28,"Area 34, Lilongwe, Malawi",needs_id,False,-13.9599251,33.8056354,1542,2048,no,wallisii/inat-322031926-582490429-bernardmbwana.jpg,
Spathiphyllum wallisii,321939002,https://www.inaturalist.org/observations/321939002,582299100,https://inaturalist-open-data.s3.amazonaws.com/photos/582299100/original.jpg,cc-by-nc,"(c) María Alejandra Campo Gómez, some rights reserved (CC BY-NC)",alejandra_susana_luciana_celeste_603,María Alejandra Campo Gómez,2025-10-19,"Santa Margarita, Medellín, Medellin, Antioquia, Colombia",needs_id,False,6.2755679722,-75.6195289722,1536,2048,no,wallisii/inat-321939002-582299100-alejandra_susana_luciana_celeste_603.jpg,
Spathiphyllum wallisii,321939002,https://www.inaturalist.org/observations/321939002,582299146,https://inaturalist-open-data.s3.amazonaws.com/photos/582299146/original.jpg,cc-by-nc,"(c) María Alejandra Campo Gómez, some rights reserved (CC BY-NC)",alejandra_susana_luciana_celeste_603,María Alejandra Campo Gómez,2025-10-19,"Santa Margarita, Medellín, Medellin, Antioquia, Colombia",needs_id,False,6.2755679722,-75.6195289722,1536,2048,no,wallisii/inat-321939002-582299146-alejandra_susana_luciana_celeste_603.jpg,
Spathiphyllum wallisii,321939002,https://www.inaturalist.org/observations/321939002,582299172,https://inaturalist-open-data.s3.amazonaws.com/photos/582299172/original.jpg,cc-by-nc,"(c) María Alejandra Campo Gómez, some rights reserved (CC BY-NC)",alejandra_susana_luciana_celeste_603,María Alejandra Campo Gómez,2025-10-19,"Santa Margarita, Medellín, Medellin, Antioquia, Colombia",needs_id,False,6.2755679722,-75.6195289722,1536,2048,no,wallisii/inat-321939002-582299172-alejandra_susana_luciana_celeste_603.jpg,
Spathiphyllum wallisii,321680954,https://www.inaturalist.org/observations/321680954,581789820,https://inaturalist-open-data.s3.amazonaws.com/photos/581789820/original.jpg,cc-by-nc,"(c) Alex Ortiz, some rights reserved (CC BY-NC)",alexvillalupe,Alex Ortiz,2025-10-18,"Apartadó, Antioquia, Colombia",needs_id,False,7.9064925204,-76.7080584168,1533,2048,no,wallisii/inat-321680954-581789820-alexvillalupe.jpg,
Spathiphyllum wallisii,321351142,https://www.inaturalist.org/observations/321351142,581156619,https://inaturalist-open-data.s3.amazonaws.com/photos/581156619/original.jpg,cc-by-nc,"(c) Jenaro Campos Zamora, some rights reserved (CC BY-NC)",jenaro_campos,Jenaro Campos Zamora,2025-10-16,"WW98+723, San José, Cristo Rey, Costa Rica",needs_id,False,9.9183322,-84.0850595,2048,921,no,wallisii/inat-321351142-581156619-jenaro_campos.jpg,
Spathiphyllum wallisii,321351142,https://www.inaturalist.org/observations/321351142,581156657,https://inaturalist-open-data.s3.amazonaws.com/photos/581156657/original.jpg,cc-by-nc,"(c) Jenaro Campos Zamora, some rights reserved (CC BY-NC)",jenaro_campos,Jenaro Campos Zamora,2025-10-16,"WW98+723, San José, Cristo Rey, Costa Rica",needs_id,False,9.9183322,-84.0850595,2048,921,no,wallisii/inat-321351142-581156657-jenaro_campos.jpg,
Spathiphyllum wallisii,321193571,https://www.inaturalist.org/observations/321193571,580845828,https://static.inaturalist.org/photos/580845828/original.jpg,all-rights-reserved,"(c) Venky Ramaswamy, all rights reserved",naturallyvenky,Venky Ramaswamy,2019-04-21,"Kumily, Kerala, India",needs_id,False,9.6037025,77.1675208,2048,1365,no,wallisii/inat-321193571-580845828-naturallyvenky.jpg,
Spathiphyllum wallisii,320694811,https://www.inaturalist.org/observations/320694811,579868255,https://inaturalist-open-data.s3.amazonaws.com/photos/579868255/original.jpg,cc-by-nc,"(c) Tresa Moulton, some rights reserved (CC BY-NC)",tresa,Tresa Moulton,2019-12-01,"Alajuela Province, Alajuela, Costa Rica",research,False,10.058485,-84.1992466667,2048,1536,no,wallisii/inat-320694811-579868255-tresa.jpg,
Spathiphyllum wallisii,320620619,https://www.inaturalist.org/observations/320620619,579721181,https://inaturalist-open-data.s3.amazonaws.com/photos/579721181/original.jpg,cc0,no rights reserved,francisco-lcod,Francisco Lelis,2025-10-13,"Avenida Paraopeba - Brumadinho, MG, 35460-000, Brasil",research,False,-20.1103361,-44.0492902,1536,2048,no,wallisii/inat-320620619-579721181-francisco-lcod.jpg,
Spathiphyllum wallisii,320435078,https://www.inaturalist.org/observations/320435078,579356262,https://inaturalist-open-data.s3.amazonaws.com/photos/579356262/original.jpg,cc-by-nc,"(c) KATHERIN ALEXANDRA MARIN VALENCIA, some rights reserved (CC BY-NC)",katherin_alexandra,KATHERIN ALEXANDRA MARIN VALENCIA,2025-10-12,"00001, Arboledas Santa Teresita, Cali, Valle del Cauca, Colombia",research,False,3.45073578,-76.57159384,1536,2048,no,wallisii/inat-320435078-579356262-katherin_alexandra.jpg,
Spathiphyllum wallisii,319932425,https://www.inaturalist.org/observations/319932425,578384125,https://inaturalist-open-data.s3.amazonaws.com/photos/578384125/original.jpg,cc-by-nc,"(c) arditazaneta, some rights reserved (CC BY-NC)",arditazaneta,,2025-07-12,"Semarang, Central Java, ID",research,False,-6.9830811968,110.4132288543,1536,2048,no,wallisii/inat-319932425-578384125-arditazaneta.jpg,
Spathiphyllum wallisii,319377766,https://www.inaturalist.org/observations/319377766,577261659,https://static.inaturalist.org/photos/577261659/original.jpg,all-rights-reserved,"(c) Octave Fargier, all rights reserved",octavefargier,Octave Fargier,2023-06-13,"Mataiea, Teva I Uta, Polynésie française",needs_id,False,-17.7600131702,-149.389478853,2048,1367,no,wallisii/inat-319377766-577261659-octavefargier.jpg,
Spathiphyllum wallisii,319328760,https://www.inaturalist.org/observations/319328760,577223873,https://static.inaturalist.org/photos/577223873/original.jpg,all-rights-reserved,"(c) Maria Avdeeva, all rights reserved",ever_presenter,Maria Avdeeva,2025-10-07,"Gunung Leuser National Park, Kabupaten Langkat, Северная Суматра, ID",research,False,3.548595,98.1214055,1536,2048,no,wallisii/inat-319328760-577223873-ever_presenter.jpg,
Spathiphyllum wallisii,319094155,https://www.inaturalist.org/observations/319094155,576777428,https://inaturalist-open-data.s3.amazonaws.com/photos/576777428/original.jpg,cc-by-nc,"(c) shafeela, some rights reserved (CC BY-NC)",shafeela,,2025-10-06,"29QH+9HR sir syed college botanical garden, Kerala 670142, India",needs_id,False,12.0387863,75.3789412,1542,2048,no,wallisii/inat-319094155-576777428-shafeela.jpg,
Spathiphyllum wallisii,318807448,https://www.inaturalist.org/observations/318807448,576229155,https://inaturalist-open-data.s3.amazonaws.com/photos/576229155/original.jpg,cc-by-nc,"(c) Estefania Arguero, some rights reserved (CC BY-NC)",estefania95028,Estefania Arguero,2025-09-20,"Zamorano, San Antonio De Oriente, Francisco Morazán, HN",research,False,14.0099222167,-87.009675,1536,2048,no,wallisii/inat-318807448-576229155-estefania95028.jpg,
Spathiphyllum wallisii,318807448,https://www.inaturalist.org/observations/318807448,576229171,https://inaturalist-open-data.s3.amazonaws.com/photos/576229171/original.jpg,cc-by-nc,"(c) Estefania Arguero, some rights reserved (CC BY-NC)",estefania95028,Estefania Arguero,2025-09-20,"Zamorano, San Antonio De Oriente, Francisco Morazán, HN",research,False,14.0099222167,-87.009675,1536,2048,no,wallisii/inat-318807448-576229171-estefania95028.jpg,
Spathiphyllum wallisii,318807448,https://www.inaturalist.org/observations/318807448,576229182,https://inaturalist-open-data.s3.amazonaws.com/photos/576229182/original.jpg,cc-by-nc,"(c) Estefania Arguero, some rights reserved (CC BY-NC)",estefania95028,Estefania Arguero,2025-09-20,"Zamorano, San Antonio De Oriente, Francisco Morazán, HN",research,False,14.0099222167,-87.009675,1536,2048,no,wallisii/inat-318807448-576229182-estefania95028.jpg,
Spathiphyllum wallisii,318373266,https://www.inaturalist.org/observations/318373266,575397557,https://static.inaturalist.org/photos/575397557/original.jpg,all-rights-reserved,"(c) 葉麗文, all rights reserved",yyehlw5160,葉麗文,2025-10-03,"加德满都谷地, गोकर्णेश्वर नगरपालिका, 巴格馬蒂專區, NP",needs_id,False,27.7410211384,85.4631823306,1536,2048,no,wallisii/inat-318373266-575397557-yyehlw5160.jpg,
Spathiphyllum wallisii,318174794,https://www.inaturalist.org/observations/318174794,575016621,https://inaturalist-open-data.s3.amazonaws.com/photos/575016621/original.jpg,cc-by-nc,"(c) brandonbest, some rights reserved (CC BY-NC)",brandonbest,,2025-09-18,"Heredia Province, Puerto Viejo de Sarapiqui, Costa Rica",needs_id,False,10.456535,-84.0246883333,2048,1470,no,wallisii/inat-318174794-575016621-brandonbest.jpg,
Spathiphyllum wallisii,318104382,https://www.inaturalist.org/observations/318104382,574879587,https://inaturalist-open-data.s3.amazonaws.com/photos/574879587/original.jpg,cc-by-nc,"(c) Castillo Romero, some rights reserved (CC BY-NC)",castillo92905,Castillo Romero,2025-09-26,"Fusagasugá, CO-CU, CO",needs_id,False,4.2802483333,-74.383935,1533,2048,no,wallisii/inat-318104382-574879587-castillo92905.jpg,
Spathiphyllum wallisii,317985848,https://www.inaturalist.org/observations/317985848,574655883,https://inaturalist-open-data.s3.amazonaws.com/photos/574655883/original.jpg,cc-by-nc,"(c) Helene Evertsson, some rights reserved (CC BY-NC)",heleneochjimmy,Helene Evertsson,2025-09-29,"San Rafael, Antioquia, Colombia",needs_id,False,6.2951217031,-75.0278663635,1535,2048,no,wallisii/inat-317985848-574655883-heleneochjimmy.jpg,
Spathiphyllum wallisii,317783153,https://www.inaturalist.org/observations/317783153,574266199,https://inaturalist-open-data.s3.amazonaws.com/photos/574266199/original.jpg,cc-by-nc,"(c) Phiyamon Chanjam, some rights reserved (CC BY-NC)",spa12129_vwean,Phiyamon Chanjam,2025-09-30,4JCF+3FV ตำบล เกาะยาวน้อย อำเภอ เกาะยาว พังงา 82160 ประเทศไทย,research,False,8.1202467896,98.6239091679,1536,2048,no,wallisii/inat-317783153-574266199-spa12129_vwean.jpg,
Spathiphyllum wallisii,317719130,https://www.inaturalist.org/observations/317719130,574147277,https://inaturalist-open-data.s3.amazonaws.com/photos/574147277/original.jpg,cc-by-nc,"(c) spa12125nansinee, some rights reserved (CC BY-NC)",spa12125nansinee,,2025-09-30,"Ko Yao District, Phang Nga, TH",needs_id,False,8.1202028333,98.6238716667,1536,2048,no,wallisii/inat-317719130-574147277-spa12125nansinee.jpg,
Spathiphyllum wallisii,317169368,https://www.inaturalist.org/observations/317169368,573098864,https://inaturalist-open-data.s3.amazonaws.com/photos/573098864/original.jpg,cc-by-nc,"(c) ทศวรรษ เชษฐพันธ์, some rights reserved (CC BY-NC)",spa12014mrwhite,ทศวรรษ เชษฐพันธ์,2025-09-28,4JCF+4XP ตำบล เกาะยาวน้อย อำเภอ เกาะยาว พังงา 82160 ประเทศไทย,research,False,8.1202382778,98.6239166111,960,2048,no,wallisii/inat-317169368-573098864-spa12014mrwhite.jpg,
Spathiphyllum wallisii,316733328,https://www.inaturalist.org/observations/316733328,572282014,https://inaturalist-open-data.s3.amazonaws.com/photos/572282014/original.jpg,cc-by-nc,"(c) Derek Snow, some rights reserved (CC BY-NC)",str8snow,Derek Snow,2025-09-25,"Calle La Lomita, Alajuela, Alajuela, CR",research,False,10.0582471667,-84.1991283333,1152,2048,no,wallisii/inat-316733328-572282014-str8snow.jpg,
Spathiphyllum wallisii,316574076,https://www.inaturalist.org/observations/316574076,571978471,https://static.inaturalist.org/photos/571978471/original.jpg,all-rights-reserved,"(c) Victor Gonzalez Cordero, all rights reserved",victor_gonzalez2,Victor Gonzalez Cordero,2025-09-25,"XRR6+HCF Humedal de La Ribera, Heredia, Belén, Costa Rica",needs_id,False,9.9914288777,-84.1889432073,1536,2048,no,wallisii/inat-316574076-571978471-victor_gonzalez2.jpg,
Spathiphyllum wallisii,316574076,https://www.inaturalist.org/observations/316574076,571978559,https://static.inaturalist.org/photos/571978559/original.jpg,all-rights-reserved,"(c) Victor Gonzalez Cordero, all rights reserved",victor_gonzalez2,Victor Gonzalez Cordero,2025-09-25,"XRR6+HCF Humedal de La Ribera, Heredia, Belén, Costa Rica",needs_id,False,9.9914288777,-84.1889432073,1536,2048,no,wallisii/inat-316574076-571978559-victor_gonzalez2.jpg,
Spathiphyllum wallisii,316574076,https://www.inaturalist.org/observations/316574076,571978699,https://static.inaturalist.org/photos/571978699/original.jpg,all-rights-reserved,"(c) Victor Gonzalez Cordero, all rights reserved",victor_gonzalez2,Victor Gonzalez Cordero,2025-09-25,"XRR6+HCF Humedal de La Ribera, Heredia, Belén, Costa Rica",needs_id,False,9.9914288777,-84.1889432073,1536,2048,no,wallisii/inat-316574076-571978699-victor_gonzalez2.jpg,
Spathiphyllum wallisii,316230557,https://www.inaturalist.org/observations/316230557,571335960,https://inaturalist-open-data.s3.amazonaws.com/photos/571335960/original.jpg,cc-by-nc,"(c) spa12071saowanit, some rights reserved (CC BY-NC)",spa12071saowanit,,2025-09-24,"Ko Yao District, Phang Nga, TH",research,False,8.1203528333,98.6239466667,1152,2048,no,wallisii/inat-316230557-571335960-spa12071saowanit.jpg,
Spathiphyllum wallisii,316230557,https://www.inaturalist.org/observations/316230557,571335959,https://inaturalist-open-data.s3.amazonaws.com/photos/571335959/original.jpg,cc-by-nc,"(c) spa12071saowanit, some rights reserved (CC BY-NC)",spa12071saowanit,,2025-09-24,"Ko Yao District, Phang Nga, TH",research,False,8.1203528333,98.6239466667,1152,2048,no,wallisii/inat-316230557-571335959-spa12071saowanit.jpg,
Spathiphyllum wallisii,315433289,https://www.inaturalist.org/observations/315433289,569822429,https://inaturalist-open-data.s3.amazonaws.com/photos/569822429/original.jpg,cc-by-nc,"(c) Jennifer Heron, some rights reserved (CC BY-NC)",jennyheron,Jennifer Heron,2025-09-20,"Calle 11, San Jose, San Jose, CR",research,False,9.9400883333,-84.0725028333,1536,2048,no,wallisii/inat-315433289-569822429-jennyheron.jpg,
Spathiphyllum wallisii,315358633,https://www.inaturalist.org/observations/315358633,569678001,https://inaturalist-open-data.s3.amazonaws.com/photos/569678001/original.jpg,cc-by-nc,"(c) antonymarxiii, some rights reserved (CC BY-NC)",antonymarxiii,,2025-09-20,"Rua Ray Wesley Herrick, São Carlos, SP, BR",research,False,-21.9625649819,-47.9168598418,1536,2048,no,wallisii/inat-315358633-569678001-antonymarxiii.jpg,
Spathiphyllum wallisii,315290222,https://www.inaturalist.org/observations/315290222,569555518,https://inaturalist-open-data.s3.amazonaws.com/photos/569555518/original.jpg,cc-by-nc,"(c) ISHANI JAIN M D, some rights reserved (CC BY-NC)",ishani_jain_m_d,ISHANI JAIN M D,2025-08-22,"M36M+PJ3, Madakimala, Muttil North, Kerala 673122, India",research,False,11.6555693051,76.0929427296,1536,2048,no,wallisii/inat-315290222-569555518-ishani_jain_m_d.jpg,
Spathiphyllum wallisii,315166861,https://www.inaturalist.org/observations/315166861,569323356,https://inaturalist-open-data.s3.amazonaws.com/photos/569323356/original.jpg,cc-by-nc,"(c) Advaith C Alex, some rights reserved (CC BY-NC)",advaith84301,Advaith C Alex,2025-09-01,"Kerala, India",needs_id,False,10.5387042596,76.3025943496,2048,1365,no,wallisii/inat-315166861-569323356-advaith84301.jpg,
Spathiphyllum wallisii,314804242,https://www.inaturalist.org/observations/314804242,568619240,https://inaturalist-open-data.s3.amazonaws.com/photos/568619240/original.jpg,cc-by-nc,"(c) Sofi Monsalve, some rights reserved (CC BY-NC)",sofi_monsalve,Sofi Monsalve,2025-09-18,"Parque Recreativo Comfama Rionegro, Rionegro, Antioquia, CO",research,False,6.137871919,-75.3805034532,1536,2048,no,wallisii/inat-314804242-568619240-sofi_monsalve.jpg,
Spathiphyllum wallisii,314745577,https://www.inaturalist.org/observations/314745577,568508604,https://inaturalist-open-data.s3.amazonaws.com/photos/568508604/original.jpg,cc-by-nc,"(c) RESIANA PASARIBU, some rights reserved (CC BY-NC)",resiana,RESIANA PASARIBU,2025-09-18,"Kota Semarang, ID-JT, ID",needs_id,False,-6.9826754,110.3277545,1536,2048,no,wallisii/inat-314745577-568508604-resiana.jpg,
Spathiphyllum wallisii,314682208,https://www.inaturalist.org/observations/314682208,568381712,https://static.inaturalist.org/photos/568381712/original.jpg,all-rights-reserved,"(c) Gerhard Hüdepohl, all rights reserved",atacamaphoto,Gerhard Hüdepohl,2025-09-08,"Bastimentos Island, Bocas del Toro Province, Panama",research,False,9.2977611117,-82.0867777783,1125,1500,no,wallisii/inat-314682208-568381712-atacamaphoto.jpg,
Spathiphyllum wendlandii,344917249,https://www.inaturalist.org/observations/344917249,628505481,https://inaturalist-open-data.s3.amazonaws.com/photos/628505481/original.jpg,cc-by-nc,"(c) njweess, some rights reserved (CC BY-NC)",njweess,,2026-03-17,"Limón, CR",needs_id,True,10.1790305635,-83.2273112923,1536,2048,no,wendlandii/inat-344917249-628505481-njweess.jpg,
Spathiphyllum wendlandii,344915742,https://www.inaturalist.org/observations/344915742,628502497,https://inaturalist-open-data.s3.amazonaws.com/photos/628502497/original.jpg,cc-by-nc,"(c) njweess, some rights reserved (CC BY-NC)",njweess,,2026-03-17,"Limón, CR",needs_id,True,10.0516450031,-83.276963065,1536,2048,no,wendlandii/inat-344915742-628502497-njweess.jpg,
Spathiphyllum wendlandii,280768741,https://www.inaturalist.org/observations/280768741,504305370,https://static.inaturalist.org/photos/504305370/original.jpeg,all-rights-reserved,"(c) Hanneke van der Beek, all rights reserved",hannes_beek,Hanneke van der Beek,2025-05-12,"Limón, Matina, Costa Rica",research,False,10.0228528223,-83.3595657363,2048,1536,no,wendlandii/inat-280768741-504305370-hannes_beek.jpeg,
Spathiphyllum wendlandii,261574106,https://www.inaturalist.org/observations/261574106,469956016,https://static.inaturalist.org/photos/469956016/original.jpg,all-rights-reserved,"(c) LostInCR, all rights reserved",lostincr,LostInCR,2025-02-12,"Buenos Aires, Puntarenas, CR",needs_id,False,9.0112777833,-83.4803616667,1536,2048,no,wendlandii/inat-261574106-469956016-lostincr.jpg,
Spathiphyllum wendlandii,261574106,https://www.inaturalist.org/observations/261574106,469956065,https://static.inaturalist.org/photos/469956065/original.jpg,all-rights-reserved,"(c) LostInCR, all rights reserved",lostincr,LostInCR,2025-02-12,"Buenos Aires, Puntarenas, CR",needs_id,False,9.0112777833,-83.4803616667,1536,2048,no,wendlandii/inat-261574106-469956065-lostincr.jpg,
Spathiphyllum wendlandii,261504687,https://www.inaturalist.org/observations/261504687,469818005,https://static.inaturalist.org/photos/469818005/original.jpg,all-rights-reserved,"(c) LostInCR, all rights reserved",lostincr,LostInCR,2025-02-12,"Buenos Aires, Puntarenas, CR",needs_id,False,9.0112777833,-83.4803616667,1536,2048,no,wendlandii/inat-261504687-469818005-lostincr.jpg,
Spathiphyllum wendlandii,261504687,https://www.inaturalist.org/observations/261504687,469818033,https://static.inaturalist.org/photos/469818033/original.jpg,all-rights-reserved,"(c) LostInCR, all rights reserved",lostincr,LostInCR,2025-02-12,"Buenos Aires, Puntarenas, CR",needs_id,False,9.0112777833,-83.4803616667,1536,2048,no,wendlandii/inat-261504687-469818033-lostincr.jpg,
Spathiphyllum wendlandii,254536534,https://www.inaturalist.org/observations/254536534,455924801,https://inaturalist-open-data.s3.amazonaws.com/photos/455924801/original.jpeg,cc-by-nc,"(c) odenwaelder, some rights reserved (CC BY-NC)",odenwaelder,odenwaelder,2004-10-19,"Provincia de Guanacaste, Tilarán, Costa Rica",needs_id,False,10.3428688528,-84.7904634475,1500,2000,no,wendlandii/inat-254536534-455924801-odenwaelder.jpeg,
Spathiphyllum wendlandii,227146444,https://www.inaturalist.org/observations/227146444,402925109,https://inaturalist-open-data.s3.amazonaws.com/photos/402925109/original.jpeg,cc-by-nc,"(c) Leonardo Álvarez-Alcázar, some rights reserved (CC BY-NC)",leo_alvalc,Leonardo Álvarez-Alcázar,2024-07-02,"Provincia de Puntarenas, Puerto Jiménez, Costa Rica",needs_id,False,8.413613,-83.322466,1532,2048,no,wendlandii/inat-227146444-402925109-leo_alvalc.jpeg,
Spathiphyllum wendlandii,225131882,https://www.inaturalist.org/observations/225131882,399111952,https://inaturalist-open-data.s3.amazonaws.com/photos/399111952/original.jpg,cc-by-nc,"(c) Audrey Hawkins, some rights reserved (CC BY-NC)",audreyhawk,Audrey Hawkins,2024-06-19,"Str, Sarapiqui, Heredia, CR",needs_id,False,10.4364166667,-84.009475,1536,2048,no,wendlandii/inat-225131882-399111952-audreyhawk.jpg,
Spathiphyllum wendlandii,225131882,https://www.inaturalist.org/observations/225131882,399111986,https://inaturalist-open-data.s3.amazonaws.com/photos/399111986/original.jpg,cc-by-nc,"(c) Audrey Hawkins, some rights reserved (CC BY-NC)",audreyhawk,Audrey Hawkins,2024-06-19,"Str, Sarapiqui, Heredia, CR",needs_id,False,10.4364166667,-84.009475,1536,2048,no,wendlandii/inat-225131882-399111986-audreyhawk.jpg,
Spathiphyllum wendlandii,225131882,https://www.inaturalist.org/observations/225131882,399112021,https://inaturalist-open-data.s3.amazonaws.com/photos/399112021/original.jpg,cc-by-nc,"(c) Audrey Hawkins, some rights reserved (CC BY-NC)",audreyhawk,Audrey Hawkins,2024-06-19,"Str, Sarapiqui, Heredia, CR",needs_id,False,10.4364166667,-84.009475,1536,2048,no,wendlandii/inat-225131882-399112021-audreyhawk.jpg,
Spathiphyllum wendlandii,224011182,https://www.inaturalist.org/observations/224011182,396972818,https://static.inaturalist.org/photos/396972818/original.jpg,all-rights-reserved,"(c) Haden Miller, all rights reserved",haden_miller1,Haden Miller,2024-06-20,"Sarapiqui, Heredia, CR",needs_id,False,10.4252166667,-84.00169445,1536,2048,no,wendlandii/inat-224011182-396972818-haden_miller1.jpg,
Spathiphyllum wendlandii,223989107,https://www.inaturalist.org/observations/223989107,396933052,https://inaturalist-open-data.s3.amazonaws.com/photos/396933052/original.jpg,cc-by-nc,"(c) Ben, some rights reserved (CC BY-NC)",benp82,Ben,2024-06-19,"Str, Sarapiqui, Heredia, CR",needs_id,False,10.436495,-84.00960555,1536,2048,no,wendlandii/inat-223989107-396933052-benp82.jpg,
Spathiphyllum wendlandii,223989107,https://www.inaturalist.org/observations/223989107,396933080,https://inaturalist-open-data.s3.amazonaws.com/photos/396933080/original.jpg,cc-by-nc,"(c) Ben, some rights reserved (CC BY-NC)",benp82,Ben,2024-06-19,"Str, Sarapiqui, Heredia, CR",needs_id,False,10.436495,-84.00960555,1536,2048,no,wendlandii/inat-223989107-396933080-benp82.jpg,
Spathiphyllum wendlandii,223989107,https://www.inaturalist.org/observations/223989107,396933113,https://inaturalist-open-data.s3.amazonaws.com/photos/396933113/original.jpg,cc-by-nc,"(c) Ben, some rights reserved (CC BY-NC)",benp82,Ben,2024-06-19,"Str, Sarapiqui, Heredia, CR",needs_id,False,10.436495,-84.00960555,1536,2048,no,wendlandii/inat-223989107-396933113-benp82.jpg,
Spathiphyllum wendlandii,223989107,https://www.inaturalist.org/observations/223989107,396933142,https://inaturalist-open-data.s3.amazonaws.com/photos/396933142/original.jpg,cc-by-nc,"(c) Ben, some rights reserved (CC BY-NC)",benp82,Ben,2024-06-19,"Str, Sarapiqui, Heredia, CR",needs_id,False,10.436495,-84.00960555,1536,2048,no,wendlandii/inat-223989107-396933142-benp82.jpg,
Spathiphyllum wendlandii,223920246,https://www.inaturalist.org/observations/223920246,396807043,https://inaturalist-open-data.s3.amazonaws.com/photos/396807043/original.jpg,cc-by-nc,"(c) Rogelio Hernandez, some rights reserved (CC BY-NC)",rmhernandez,Rogelio Hernandez,2024-06-19,"Str, Sarapiqui, Heredia, CR",needs_id,False,10.4364916667,-84.00961945,1536,2048,no,wendlandii/inat-223920246-396807043-rmhernandez.jpg,
Spathiphyllum wendlandii,223920246,https://www.inaturalist.org/observations/223920246,396807057,https://inaturalist-open-data.s3.amazonaws.com/photos/396807057/original.jpg,cc-by-nc,"(c) Rogelio Hernandez, some rights reserved (CC BY-NC)",rmhernandez,Rogelio Hernandez,2024-06-19,"Str, Sarapiqui, Heredia, CR",needs_id,False,10.4364916667,-84.00961945,1536,2048,no,wendlandii/inat-223920246-396807057-rmhernandez.jpg,
Spathiphyllum wendlandii,223920246,https://www.inaturalist.org/observations/223920246,396807076,https://inaturalist-open-data.s3.amazonaws.com/photos/396807076/original.jpg,cc-by-nc,"(c) Rogelio Hernandez, some rights reserved (CC BY-NC)",rmhernandez,Rogelio Hernandez,2024-06-19,"Str, Sarapiqui, Heredia, CR",needs_id,False,10.4364916667,-84.00961945,1536,2048,no,wendlandii/inat-223920246-396807076-rmhernandez.jpg,
Spathiphyllum wendlandii,223442430,https://www.inaturalist.org/observations/223442430,395913573,https://static.inaturalist.org/photos/395913573/original.jpeg,all-rights-reserved,"(c) Hanneke van der Beek, all rights reserved",hannes_beek,Hanneke van der Beek,2024-06-14,"Matina, Limón, Matina, Costa Rica",research,False,10.0130078094,-83.3592538163,1536,2048,no,wendlandii/inat-223442430-395913573-hannes_beek.jpeg,
Spathiphyllum wendlandii,223442430,https://www.inaturalist.org/observations/223442430,395913634,https://static.inaturalist.org/photos/395913634/original.jpeg,all-rights-reserved,"(c) Hanneke van der Beek, all rights reserved",hannes_beek,Hanneke van der Beek,2024-06-14,"Matina, Limón, Matina, Costa Rica",research,False,10.0130078094,-83.3592538163,1536,2048,no,wendlandii/inat-223442430-395913634-hannes_beek.jpeg,
Spathiphyllum wendlandii,221185967,https://www.inaturalist.org/observations/221185967,391684156,https://static.inaturalist.org/photos/391684156/original.jpg,all-rights-reserved,"(c) LostInCR, all rights reserved",lostincr,LostInCR,2024-06-07,"Osa, Puntarenas, CR",research,False,8.74913,-83.3617033333,1536,2048,no,wendlandii/inat-221185967-391684156-lostincr.jpg,
Spathiphyllum wendlandii,221185967,https://www.inaturalist.org/observations/221185967,391684246,https://static.inaturalist.org/photos/391684246/original.jpg,all-rights-reserved,"(c) LostInCR, all rights reserved",lostincr,LostInCR,2024-06-07,"Osa, Puntarenas, CR",research,False,8.74913,-83.3617033333,1536,2048,no,wendlandii/inat-221185967-391684246-lostincr.jpg,
Spathiphyllum wendlandii,221185967,https://www.inaturalist.org/observations/221185967,391684779,https://static.inaturalist.org/photos/391684779/original.jpg,all-rights-reserved,"(c) LostInCR, all rights reserved",lostincr,LostInCR,2024-06-07,"Osa, Puntarenas, CR",research,False,8.74913,-83.3617033333,1536,2048,no,wendlandii/inat-221185967-391684779-lostincr.jpg,
Spathiphyllum wendlandii,221185967,https://www.inaturalist.org/observations/221185967,391684832,https://static.inaturalist.org/photos/391684832/original.jpg,all-rights-reserved,"(c) LostInCR, all rights reserved",lostincr,LostInCR,2024-06-07,"Osa, Puntarenas, CR",research,False,8.74913,-83.3617033333,1536,2048,no,wendlandii/inat-221185967-391684832-lostincr.jpg,
Spathiphyllum wendlandii,172366971,https://www.inaturalist.org/observations/172366971,299218197,https://static.inaturalist.org/photos/299218197/original.jpeg,all-rights-reserved,"(c) RP R5, all rights reserved",rp_r5,RP R5,2023-07-11,"Osa, CR-PU, CR",needs_id,False,8.6858643997,-83.5684674,921,2048,no,wendlandii/inat-172366971-299218197-rp_r5.jpeg,
Spathiphyllum wendlandii,147297299,https://www.inaturalist.org/observations/147297299,253435188,https://static.inaturalist.org/photos/253435188/original.jpg,all-rights-reserved,"(c) LostInCR, all rights reserved",lostincr,LostInCR,2023-01-24,"Buenos Aires, Puntarenas, CR",needs_id,False,9.0231305,-83.4806966667,1536,2048,no,wendlandii/inat-147297299-253435188-lostincr.jpg,
Spathiphyllum wendlandii,147297299,https://www.inaturalist.org/observations/147297299,253435226,https://static.inaturalist.org/photos/253435226/original.jpg,all-rights-reserved,"(c) LostInCR, all rights reserved",lostincr,LostInCR,2023-01-24,"Buenos Aires, Puntarenas, CR",needs_id,False,9.0231305,-83.4806966667,1536,2048,no,wendlandii/inat-147297299-253435226-lostincr.jpg,
Spathiphyllum wendlandii,147297299,https://www.inaturalist.org/observations/147297299,253435273,https://static.inaturalist.org/photos/253435273/original.jpg,all-rights-reserved,"(c) LostInCR, all rights reserved",lostincr,LostInCR,2023-01-24,"Buenos Aires, Puntarenas, CR",needs_id,False,9.0231305,-83.4806966667,1536,2048,no,wendlandii/inat-147297299-253435273-lostincr.jpg,
Spathiphyllum wendlandii,96329111,https://www.inaturalist.org/observations/96329111,160018983,https://static.inaturalist.org/photos/160018983/original.jpg,all-rights-reserved,"(c) Gared Rodríguez, all rights reserved",gared,Gared Rodríguez,2021-05-06,"Vásquez de Coronado, San José, CR",research,False,10.1848556659,-83.9455280047,1536,2048,no,wendlandii/inat-96329111-160018983-gared.jpg,
Spathiphyllum wendlandii,96329111,https://www.inaturalist.org/observations/96329111,160019044,https://static.inaturalist.org/photos/160019044/original.jpg,all-rights-reserved,"(c) Gared Rodríguez, all rights reserved",gared,Gared Rodríguez,2021-05-06,"Vásquez de Coronado, San José, CR",research,False,10.1848556659,-83.9455280047,2048,1536,no,wendlandii/inat-96329111-160019044-gared.jpg,
Spathiphyllum wendlandii,96329111,https://www.inaturalist.org/observations/96329111,160019087,https://static.inaturalist.org/photos/160019087/original.jpg,all-rights-reserved,"(c) Gared Rodríguez, all rights reserved",gared,Gared Rodríguez,2021-05-06,"Vásquez de Coronado, San José, CR",research,False,10.1848556659,-83.9455280047,1536,2048,no,wendlandii/inat-96329111-160019087-gared.jpg,
Spathiphyllum wendlandii,75441199,https://www.inaturalist.org/observations/75441199,123419888,https://inaturalist-open-data.s3.amazonaws.com/photos/123419888/original.jpeg,cc-by-nc,"(c) Gerrit Öhm, some rights reserved (CC BY-NC)",gerrit_oehm,Gerrit Öhm,2019-03-24,"Provinz Puntarenas, Costa Rica",needs_id,False,8.7028601718,-83.2079443305,2048,1367,no,wendlandii/inat-75441199-123419888-gerrit_oehm.jpeg,
Spathiphyllum wendlandii,66806996,https://www.inaturalist.org/observations/66806996,107782003,https://static.inaturalist.org/photos/107782003/original.jpeg,all-rights-reserved,"(c) Nuria Ureña, all rights reserved",arleth_rodriguez,Nuria Ureña,2020-12-19,"Provincia de Puntarenas, Rancho Quemado, Costa Rica",needs_id,False,8.6845599063,-83.5658831522,774,1032,no,wendlandii/inat-66806996-107782003-arleth_rodriguez.jpeg,
Spathiphyllum wendlandii,54689734,https://www.inaturalist.org/observations/54689734,87035580,https://static.inaturalist.org/photos/87035580/original.jpeg,all-rights-reserved,"(c) Carolina Coronado, all rights reserved",carolina355,Carolina Coronado,2007-01-07,"Región Autónoma de la Costa Caribe Sur, Nicaragua",needs_id,False,12.2216585527,-83.7463368568,2048,1536,no,wendlandii/inat-54689734-87035580-carolina355.jpeg,
Spathiphyllum wendlandii,41303486,https://www.inaturalist.org/observations/41303486,65511374,https://static.inaturalist.org/photos/65511374/original.jpg,all-rights-reserved,"(c) Steven Daniel, all rights reserved",stevendaniel,Steven Daniel,2020-02-27,"Piedras Blancas, Golfito, Puntarenas, Costa Rica",research,False,8.6990361111,-83.3286055556,2048,1536,no,wendlandii/inat-41303486-65511374-stevendaniel.jpg,
Spathiphyllum wendlandii,29723508,https://www.inaturalist.org/observations/29723508,46402533,https://inaturalist-open-data.s3.amazonaws.com/photos/46402533/original.jpg,cc-by-nc,"(c) Dave Skinner, some rights reserved (CC BY-NC)",selvadero2,Dave Skinner,2019-07-19,"Santa Fe District, Panama",research,False,8.5777027778,-81.0391361111,1200,1600,no,wendlandii/inat-29723508-46402533-selvadero2.jpg,
Spathiphyllum wendlandii,29723508,https://www.inaturalist.org/observations/29723508,46402971,https://inaturalist-open-data.s3.amazonaws.com/photos/46402971/original.jpg,cc-by-nc,"(c) Dave Skinner, some rights reserved (CC BY-NC)",selvadero2,Dave Skinner,2019-07-19,"Santa Fe District, Panama",research,False,8.5777027778,-81.0391361111,1200,1600,no,wendlandii/inat-29723508-46402971-selvadero2.jpg,
Spathiphyllum wendlandii,20021264,https://www.inaturalist.org/observations/20021264,30904030,https://inaturalist-open-data.s3.amazonaws.com/photos/30904030/original.jpg,cc-by-nc,"(c) Nate Hartley, some rights reserved (CC BY-NC)",etantrah,Nate Hartley,2016-06-03,"Provincia de Puntarenas, Monteverde, Costa Rica",needs_id,False,10.3423816508,-84.7970162698,1536,2048,no,wendlandii/inat-20021264-30904030-etantrah.jpg,
Spathiphyllum wendlandii,20021264,https://www.inaturalist.org/observations/20021264,30904032,https://inaturalist-open-data.s3.amazonaws.com/photos/30904032/original.jpg,cc-by-nc,"(c) Nate Hartley, some rights reserved (CC BY-NC)",etantrah,Nate Hartley,2016-06-03,"Provincia de Puntarenas, Monteverde, Costa Rica",needs_id,False,10.3423816508,-84.7970162698,1536,2048,no,wendlandii/inat-20021264-30904032-etantrah.jpg,
Spathiphyllum wendlandii,20021264,https://www.inaturalist.org/observations/20021264,30904037,https://inaturalist-open-data.s3.amazonaws.com/photos/30904037/original.jpg,cc-by-nc,"(c) Nate Hartley, some rights reserved (CC BY-NC)",etantrah,Nate Hartley,2016-06-03,"Provincia de Puntarenas, Monteverde, Costa Rica",needs_id,False,10.3423816508,-84.7970162698,2048,1536,no,wendlandii/inat-20021264-30904037-etantrah.jpg,
Spathiphyllum wendlandii,20021255,https://www.inaturalist.org/observations/20021255,30903978,https://inaturalist-open-data.s3.amazonaws.com/photos/30903978/original.jpg,cc-by-nc,"(c) Nate Hartley, some rights reserved (CC BY-NC)",etantrah,Nate Hartley,2016-06-03,"Provincia de Puntarenas, Monteverde, Costa Rica",needs_id,False,10.3423816508,-84.7970162698,1536,2048,no,wendlandii/inat-20021255-30903978-etantrah.jpg,
Spathiphyllum wendlandii,20021255,https://www.inaturalist.org/observations/20021255,30903979,https://inaturalist-open-data.s3.amazonaws.com/photos/30903979/original.jpg,cc-by-nc,"(c) Nate Hartley, some rights reserved (CC BY-NC)",etantrah,Nate Hartley,2016-06-03,"Provincia de Puntarenas, Monteverde, Costa Rica",needs_id,False,10.3423816508,-84.7970162698,1536,2048,no,wendlandii/inat-20021255-30903979-etantrah.jpg,
Spathiphyllum wendlandii,20021255,https://www.inaturalist.org/observations/20021255,30903982,https://inaturalist-open-data.s3.amazonaws.com/photos/30903982/original.jpg,cc-by-nc,"(c) Nate Hartley, some rights reserved (CC BY-NC)",etantrah,Nate Hartley,2016-06-03,"Provincia de Puntarenas, Monteverde, Costa Rica",needs_id,False,10.3423816508,-84.7970162698,1536,2048,no,wendlandii/inat-20021255-30903982-etantrah.jpg,
Spathiphyllum wendlandii,20021255,https://www.inaturalist.org/observations/20021255,30903984,https://inaturalist-open-data.s3.amazonaws.com/photos/30903984/original.jpg,cc-by-nc,"(c) Nate Hartley, some rights reserved (CC BY-NC)",etantrah,Nate Hartley,2016-06-03,"Provincia de Puntarenas, Monteverde, Costa Rica",needs_id,False,10.3423816508,-84.7970162698,2048,1536,no,wendlandii/inat-20021255-30903984-etantrah.jpg,
Spathiphyllum wendlandii,10529378,https://www.inaturalist.org/observations/10529378,14657069,https://inaturalist-open-data.s3.amazonaws.com/photos/14657069/original.jpeg,cc-by-nc,"(c) Nate Hartley, some rights reserved (CC BY-NC)",etantrah,Nate Hartley,2016-07-18,"Heredia Province, Sarapiqui, Costa Rica",needs_id,False,10.4335762793,-84.010432139,1536,2048,no,wendlandii/inat-10529378-14657069-etantrah.jpeg,
Spathiphyllum wendlandii,10529378,https://www.inaturalist.org/observations/10529378,14657087,https://inaturalist-open-data.s3.amazonaws.com/photos/14657087/original.jpeg,cc-by-nc,"(c) Nate Hartley, some rights reserved (CC BY-NC)",etantrah,Nate Hartley,2016-07-18,"Heredia Province, Sarapiqui, Costa Rica",needs_id,False,10.4335762793,-84.010432139,1536,2048,no,wendlandii/inat-10529378-14657087-etantrah.jpeg,
Spathiphyllum wendlandii,10529378,https://www.inaturalist.org/observations/10529378,14657094,https://inaturalist-open-data.s3.amazonaws.com/photos/14657094/original.jpg,cc-by-nc,"(c) Nate Hartley, some rights reserved (CC BY-NC)",etantrah,Nate Hartley,2016-07-18,"Heredia Province, Sarapiqui, Costa Rica",needs_id,False,10.4335762793,-84.010432139,2048,1536,no,wendlandii/inat-10529378-14657094-etantrah.jpg,
Spathiphyllum wendlandii,10529378,https://www.inaturalist.org/observations/10529378,14657101,https://inaturalist-open-data.s3.amazonaws.com/photos/14657101/original.jpg,cc-by-nc,"(c) Nate Hartley, some rights reserved (CC BY-NC)",etantrah,Nate Hartley,2016-07-18,"Heredia Province, Sarapiqui, Costa Rica",needs_id,False,10.4335762793,-84.010432139,2048,1536,no,wendlandii/inat-10529378-14657101-etantrah.jpg,
Spathiphyllum wendlandii,10529378,https://www.inaturalist.org/observations/10529378,14657133,https://inaturalist-open-data.s3.amazonaws.com/photos/14657133/original.jpg,cc-by-nc,"(c) Nate Hartley, some rights reserved (CC BY-NC)",etantrah,Nate Hartley,2016-07-18,"Heredia Province, Sarapiqui, Costa Rica",needs_id,False,10.4335762793,-84.010432139,2048,1536,no,wendlandii/inat-10529378-14657133-etantrah.jpg,
Spathiphyllum wendlandii,10529378,https://www.inaturalist.org/observations/10529378,14657128,https://inaturalist-open-data.s3.amazonaws.com/photos/14657128/original.jpg,cc-by-nc,"(c) Nate Hartley, some rights reserved (CC BY-NC)",etantrah,Nate Hartley,2016-07-18,"Heredia Province, Sarapiqui, Costa Rica",needs_id,False,10.4335762793,-84.010432139,1536,2048,no,wendlandii/inat-10529378-14657128-etantrah.jpg,
Spathiphyllum wendlandii,7468146,https://www.inaturalist.org/observations/7468146,9719111,https://inaturalist-open-data.s3.amazonaws.com/photos/9719111/original.jpeg,cc-by-nc,"(c) Jason J. Dombroskie, some rights reserved (CC BY-NC)",jasondombroskie,Jason J. Dombroskie,2015-01-15,"Heredia Province, Sarapiqui, Costa Rica",research,False,10.423,-84.002,2048,1536,no,wendlandii/inat-7468146-9719111-jasondombroskie.jpeg,
Spathiphyllum wendlandii,7468146,https://www.inaturalist.org/observations/7468146,9719107,https://inaturalist-open-data.s3.amazonaws.com/photos/9719107/original.jpeg,cc-by-nc,"(c) Jason J. Dombroskie, some rights reserved (CC BY-NC)",jasondombroskie,Jason J. Dombroskie,2015-01-15,"Heredia Province, Sarapiqui, Costa Rica",research,False,10.423,-84.002,2048,1536,no,wendlandii/inat-7468146-9719107-jasondombroskie.jpeg,
Spathiphyllum wendlandii,5546159,https://www.inaturalist.org/observations/5546159,10725061,https://inaturalist-open-data.s3.amazonaws.com/photos/10725061/original.jpeg,cc-by-nc,"(c) soulflower_ecological, some rights reserved (CC BY-NC)",soulflower_ecological,,2017-03-14,"Abangares, CR-GU, CR",research,False,10.3437251179,-84.7955400311,1536,2048,no,wendlandii/inat-5546159-10725061-soulflower_ecological.jpeg,
Spathiphyllum wendlandii,5546159,https://www.inaturalist.org/observations/5546159,10725069,https://inaturalist-open-data.s3.amazonaws.com/photos/10725069/original.jpeg,cc-by-nc,"(c) soulflower_ecological, some rights reserved (CC BY-NC)",soulflower_ecological,,2017-03-14,"Abangares, CR-GU, CR",research,False,10.3437251179,-84.7955400311,1536,2048,no,wendlandii/inat-5546159-10725069-soulflower_ecological.jpeg,
Spathiphyllum wendlandii,5546159,https://www.inaturalist.org/observations/5546159,10725077,https://inaturalist-open-data.s3.amazonaws.com/photos/10725077/original.jpeg,cc-by-nc,"(c) soulflower_ecological, some rights reserved (CC BY-NC)",soulflower_ecological,,2017-03-14,"Abangares, CR-GU, CR",research,False,10.3437251179,-84.7955400311,1536,2048,no,wendlandii/inat-5546159-10725077-soulflower_ecological.jpeg,
Spathiphyllum wendlandii,5546159,https://www.inaturalist.org/observations/5546159,10725079,https://inaturalist-open-data.s3.amazonaws.com/photos/10725079/original.jpeg,cc-by-nc,"(c) soulflower_ecological, some rights reserved (CC BY-NC)",soulflower_ecological,,2017-03-14,"Abangares, CR-GU, CR",research,False,10.3437251179,-84.7955400311,1536,2048,no,wendlandii/inat-5546159-10725079-soulflower_ecological.jpeg,
