species,taxon_id,observation_id,observation_url,quality_grade,observed_on,place_guess,obscured,latitude,longitude,observer_login,observer_name,licence,photos
Spathiphyllum abelianum,1516906,271938938,https://www.inaturalist.org/observations/271938938,needs_id,2025-04-20,"Cocos Island, CR",False,5.5411716667,-87.0564583333,lostincr,LostInCR,,4
Spathiphyllum abelianum,1516906,265665817,https://www.inaturalist.org/observations/265665817,needs_id,2015-04-08,"Isla del Coco, Provincia de Puntarenas, Puntarenas, Costa Rica",False,5.5282283,-87.0574302,luis6940,Luis Morales,cc-by-nc,2
Spathiphyllum abelianum,1516906,265629463,https://www.inaturalist.org/observations/265629463,needs_id,2015-04-08,"Isla del Coco, Provincia de Puntarenas, Puntarenas, Costa Rica",False,5.5282283,-87.0574302,luis6940,Luis Morales,cc-by-nc,1
Spathiphyllum abelianum,1516906,265629445,https://www.inaturalist.org/observations/265629445,needs_id,2015-04-08,"Isla del Coco, Provincia de Puntarenas, Puntarenas, Costa Rica",False,5.5282283,-87.0574302,luis6940,Luis Morales,cc-by-nc,1
Spathiphyllum abelianum,1516906,265624055,https://www.inaturalist.org/observations/265624055,needs_id,2015-04-08,"Isla del Coco, Provincia de Puntarenas, Puntarenas, Costa Rica",False,5.5282283,-87.0574302,luis6940,Luis Morales,cc-by-nc,2
Spathiphyllum abelianum,1516906,265624052,https://www.inaturalist.org/observations/265624052,needs_id,2015-04-08,"Isla del Coco, Provincia de Puntarenas, Puntarenas, Costa Rica",False,5.5282283,-87.0574302,luis6940,Luis Morales,cc-by-nc,1
Spathiphyllum atrovirens,1458824,302760717,https://www.inaturalist.org/observations/302760717,research,2025-02-27,"Limón, Talamanca, Costa Rica",False,9.6126173622,-82.7044035707,fincadinamica,Finca Dinámica,cc-by-nc-nd,2
Spathiphyllum atrovirens,1458824,151672126,https://www.inaturalist.org/observations/151672126,needs_id,2023-03-19,"Puntarenas Province, Costa Rica",False,8.9165616667,-83.1685566667,lostincr,LostInCR,,11
Spathiphyllum blandum,284036,391618781,https://www.inaturalist.org/observations/391618781,needs_id,2026-08-15,"Santa Bárbara, GT-SU, GT",False,14.54905102,-91.19341439,mago2804,,cc-by-nc,4
Spathiphyllum blandum,284036,147353929,https://www.inaturalist.org/observations/147353929,needs_id,2023-01-24,"Tela, Honduras",False,15.9139715818,-87.6160743339,jcrb28-96,,cc-by-nc,4
Spathiphyllum cannifolium,344985,404151651,https://www.inaturalist.org/observations/404151651,needs_id,2026-09-28,"7Q7H+WJ9, Kozhikode, Keralam 673011, India",False,11.26451855,75.77914619,bijeesh,,cc-by-nc,1
Spathiphyllum cannifolium,344985,403764176,https://www.inaturalist.org/observations/403764176,needs_id,2026-09-27,"Island Club Rd, Singapore, SG, SG",False,1.360755,103.822595,mercury9nine,,cc-by-nc,1
Spathiphyllum cannifolium,344985,402114034,https://www.inaturalist.org/observations/402114034,needs_id,2026-09-21,"Banga, Western Visayas, PH",False,11.6311833333,122.3318716667,stelly_anavi,Elle Ratay,cc-by-nc,1
Spathiphyllum cannifolium,344985,402082268,https://www.inaturalist.org/observations/402082268,needs_id,2026-09-21,"Island Club Rd, Singapore, SG, SG",False,1.36073,103.8225333333,susanna_lim,,cc-by-nc,2
Spathiphyllum cannifolium,344985,400950812,https://www.inaturalist.org/observations/400950812,research,2026-08-23,"Aléia Pedro Gordilho, Rio de Janeiro, RJ, BR",False,-22.96817,-43.2258,malidaaurel,Malida Aurel,cc-by-nc,1
Spathiphyllum cannifolium,344985,399081658,https://www.inaturalist.org/observations/399081658,needs_id,2026-09-09,"ESC-0060 Av. Benito Juárez SUR - NTE, Sin Nombre de Col 12, 66050 Cdad. Gral. Escobedo, N.L., México",False,25.8002114505,-100.312208198,devanynavarro,,cc-by-nc,1
Spathiphyllum cannifolium,344985,396902703,https://www.inaturalist.org/observations/396902703,needs_id,2026-09-03,"Plaza 1 Sentral, Kuala Lumpur Sentral, 50470 Kuala Lumpur, Federal Territory of Kuala Lumpur, Malezya",False,3.1319154257,101.6840588674,sabi,saba,cc-by-nc-sa,2
Spathiphyllum cannifolium,344985,396375518,https://www.inaturalist.org/observations/396375518,needs_id,2026-08-30,"Piedade do Paraopeba, Brumadinho - MG, 35460-000, Brasil",False,-20.1979371997,-43.9906849997,pedrocavalcante,Pedro Cavalcante,cc-by-nc,1
Spathiphyllum cannifolium,344985,395541486,https://www.inaturalist.org/observations/395541486,needs_id,2026-08-29,"Gávea, Rio de Janeiro - État de Rio de Janeiro, Brésil",False,-22.9776888889,-43.2452277778,fmunoz,,cc-by,3
Spathiphyllum cannifolium,344985,394246867,https://www.inaturalist.org/observations/394246867,needs_id,2026-08-20,"Papeari, Teva I Uta, Polynésie française",False,-17.7576503618,-149.3673807638,jfeig,,cc-by-nc,5
Spathiphyllum cannifolium,344985,392951303,https://www.inaturalist.org/observations/392951303,needs_id,2026-07-29,"Vargem Pequena, Rio de Janeiro - RJ, Brasil",False,-22.9811033333,-43.4447655556,gustavomarques91,Gustavo Marques,cc-by-nc,1
Spathiphyllum cannifolium,344985,392505828,https://www.inaturalist.org/observations/392505828,needs_id,2012-09-08,"Tanglin, Сингапур",False,1.31286,103.8135530556,greenai,Николай Кондаков,cc-by-nc,4
Spathiphyllum cannifolium,344985,391707125,https://www.inaturalist.org/observations/391707125,needs_id,2026-08-08,2 ตำบล บ้านเกาะ อำเภอ พรหมคีรี นครศรีธรรมราช 80320 ประเทศไทย,False,8.5356939,99.8416167,atcharee,Atcharee Sangrawee,,1
Spathiphyllum cannifolium,344985,389559237,https://www.inaturalist.org/observations/389559237,needs_id,2026-08-08,"Gata, San Agustin, Surigao del Sur, Philippines",False,8.7238708016,126.1856036274,arginyl16,Gen Ricalde,cc-by-nc,1
Spathiphyllum cannifolium,344985,389552788,https://www.inaturalist.org/observations/389552788,needs_id,2026-08-08,"Gata, San Agustin, Surigao del Sur, Philippines",False,8.7236640836,126.1850877373,arginyl16,Gen Ricalde,cc-by-nc,1
Spathiphyllum cannifolium,344985,387775492,https://www.inaturalist.org/observations/387775492,needs_id,2026-08-02,"San Carlos, Antioquia, Colombia",False,6.1937923575,-75.0046493207,nataga,NataGa,cc-by-nc,1
Spathiphyllum cannifolium,344985,387379625,https://www.inaturalist.org/observations/387379625,needs_id,2026-08-02,"Kulai, Johore, MY",False,1.6180643415,103.6166023606,cheowkn_,Cheow Kn,cc-by-nc,1
Spathiphyllum cannifolium,344985,386865231,https://www.inaturalist.org/observations/386865231,research,2026-02-14,"Cumaral, Meta, Colombia",False,4.2468172591,-73.4708470847,pkondrashov,,cc-by-nc,1
Spathiphyllum cannifolium,344985,386462832,https://www.inaturalist.org/observations/386462832,needs_id,2026-07-29,"Trinidad and Tobago, TT",False,10.7876133333,-61.2971783333,naturend,Nari,cc-by-nc,2
Spathiphyllum cannifolium,344985,385544521,https://www.inaturalist.org/observations/385544521,needs_id,2026-07-27,"Bangli, Bali, ID",False,-8.440425,115.3734883333,md-jeremy,Jeremy Schreifels,,2
Spathiphyllum cannifolium,344985,384140747,https://www.inaturalist.org/observations/384140747,needs_id,2026-07-23,"Lanchang, Pahang, MY",False,3.3353332144,101.8595363432,husnaarosley,NURUL HUSNA ROSLEY,cc-by-nc,1
Spathiphyllum cannifolium,344985,381635091,https://www.inaturalist.org/observations/381635091,research,2025-04-15,"Duque de Caxias, RJ, BR",False,-22.5563866667,-43.3091,henrique_borgatto_de_almeida_dias,Henrique Borgatto de Almeida Dias,cc-by-nc,2
Spathiphyllum cannifolium,344985,381508878,https://www.inaturalist.org/observations/381508878,needs_id,2026-07-14,"Capira District, Panamá Oeste Province, Panama",False,8.7346105,-79.9679696,ecofreakesti,Steven (Esteban) Mendez,cc-by-nc,4
Spathiphyllum cannifolium,344985,379886294,https://www.inaturalist.org/observations/379886294,needs_id,2026-07-03,"Tefé - State of Amazonas, 69470-000, Brazil",False,-3.4542000596,-64.672972399,diego_mendes,Diego Matheus de Mello Mendes,,2
Spathiphyllum cannifolium,344985,379842511,https://www.inaturalist.org/observations/379842511,needs_id,2026-06-26,"Orito, Putumayo, Colombia",False,0.6685985,-76.8877972997,lorena40275,lorena sierra cordoba,cc-by-nc,2
Spathiphyllum cannifolium,344985,378618185,https://www.inaturalist.org/observations/378618185,needs_id,2026-07-05,"Tefé - State of Amazonas, 69470-000, Brazil",False,-3.4583486511,-64.6714401912,diego_mendes,Diego Matheus de Mello Mendes,,2
Spathiphyllum cannifolium,344985,375650155,https://www.inaturalist.org/observations/375650155,needs_id,2026-06-20,"Tunapuna/Piarco Regional Corporation, Trinidad and Tobago",False,10.694793,-61.2236132997,lkc57,,cc-by-nc,2
Spathiphyllum cannifolium,344985,373838809,https://www.inaturalist.org/observations/373838809,needs_id,2026-06-04,"RT.04/RW.02, Paledang, Kecamatan Bogor Tengah, Kota Bogor, Jawa Barat, Indonesia",False,-6.5986930411,106.7987753078,aay2,Aay Hariyani,cc-by-nc,1
Spathiphyllum cannifolium,344985,373636005,https://www.inaturalist.org/observations/373636005,research,2026-06-19,Avocat Waterfall,False,10.7776496284,-61.3007108867,amy_vp,Amy,cc-by-nc,1
Spathiphyllum cannifolium,344985,372444640,https://www.inaturalist.org/observations/372444640,needs_id,2026-06-16,"R7W8+V9, Carepa, Antioquia, Colombia",False,7.860072513,-76.7078753561,alex_antojo,Alex Penata,cc-by-nc,1
Spathiphyllum cannifolium,344985,368574454,https://www.inaturalist.org/observations/368574454,research,2024-02-13,"Villanueva, Casanare, CO",False,4.6120866667,-72.9186033333,hoppockets,Alec Hopping,cc-by-nc,2
Spathiphyllum cannifolium,344985,368262173,https://www.inaturalist.org/observations/368262173,needs_id,2026-06-04,"9QXX+67Q, RT.04/RW.02, Paledang, Kecamatan Bogor Tengah, Kota Bogor, Jawa Barat 16122, Indonesia",False,-6.6017551208,106.7983448133,muhammadizkamafaza,Muhammad Izka mafaza,cc-by-nc,3
Spathiphyllum cannifolium,344985,368247495,https://www.inaturalist.org/observations/368247495,needs_id,2026-06-04,"Kota Bogor, ID-JR, ID",False,-6.5981444444,106.8021694444,diniqurotaayuni,Dini Qurota Ayuni,cc-by-nc,3
Spathiphyllum cannifolium,344985,368219371,https://www.inaturalist.org/observations/368219371,needs_id,2026-06-04,"Kota Bogor, ID-JR, ID",False,-6.5983138889,106.8023666667,fijri_ayu,Fijri Ayu Lestari,cc-by-nc,4
Spathiphyllum cannifolium,344985,365079958,https://www.inaturalist.org/observations/365079958,needs_id,2026-04-09,,False,4.09731,-73.66981,vlesmes,Valentina Lesmes Restrepo,cc-by-nc,1
Spathiphyllum cannifolium,344985,360927904,https://www.inaturalist.org/observations/360927904,research,2026-05-12,"Carepa, CO-AN, CO",False,7.7674833748,-76.7479867861,sofia_finca_guaimaral,Sofia Roqueme,cc-by-nc,1
Spathiphyllum cannifolium,344985,359620215,https://www.inaturalist.org/observations/359620215,needs_id,2026-04-30,"Loreto, EC-OR, EC",False,-0.549289887,-77.4318270385,luisandi,Luis Andi,,3
Spathiphyllum cannifolium,344985,358839412,https://www.inaturalist.org/observations/358839412,needs_id,2026-05-06,4JCF+3FV เกาะยาวน้อย อำเภอ เกาะยาว พังงา 82160 ประเทศไทย,False,8.120302,98.623948,spa12160araya,อาระยา สาระภี,cc-by-nc,2
Spathiphyllum cannifolium,344985,354804315,https://www.inaturalist.org/observations/354804315,needs_id,2026-04-26,"Nedbank Path, Berea, KwaZulu-Natal, ZA",False,-29.8469783333,31.0054333333,sisabonga,,cc-by-nc,1
Spathiphyllum cannifolium,344985,354015794,https://www.inaturalist.org/observations/354015794,needs_id,2026-04-26,GX26+94R ตำบล ลิปะน้อย อำเภอเกาะสมุย สุราษฎร์ธานี 84140 ประเทศไทย,False,9.5012116667,99.9599233333,plaparichat,Pla,cc-by-nc,1
Spathiphyllum cannifolium,344985,352756746,https://www.inaturalist.org/observations/352756746,needs_id,2026-01-18,"Sitio Patung Brgy Mapawa, Maragusan (San Mariano), 8808 Davao de Oro, Philippines",False,7.26454,126.144845,rovelyn_constantino_dorsu,Rovelyn,cc-by-nc,2
Spathiphyllum cannifolium,344985,352115571,https://www.inaturalist.org/observations/352115571,needs_id,2026-04-14,"Rio de Janeiro, RJ, BR",False,-22.9668758108,-43.2851007396,sorenkm,SorenKM,cc-by-nc,1
Spathiphyllum cannifolium,344985,352082111,https://www.inaturalist.org/observations/352082111,needs_id,2026-04-22,"Tunapuna/Piarco Regional Corporation, Trinidad and Tobago",False,10.7140141997,-61.3981542,naturaleya,Aleya,,2
Spathiphyllum cannifolium,344985,351339422,https://www.inaturalist.org/observations/351339422,needs_id,2026-04-19,"Matura, Trinidad and Tobago",False,10.6732149,-61.0631475,ocean_in,Ivan Hinkson,,1
Spathiphyllum cannifolium,344985,350598862,https://www.inaturalist.org/observations/350598862,needs_id,2026-04-05,"Imbariê, Duque de Caxias - RJ, Brasil",False,-22.5959931488,-43.2376049459,jotta_p,João Pedro Lopes Mendes,cc-by,2
Spathiphyllum cannifolium,344985,349573335,https://www.inaturalist.org/observations/349573335,needs_id,2026-04-14,"FF88+42M, Simpang Tiga, Bukit Raya, Pekanbaru City, Riau 28289, Indonesia",False,0.4639577453,101.4651953056,adiitrafael,,cc-by-nc,1
Spathiphyllum cannifolium,344985,349361060,https://www.inaturalist.org/observations/349361060,needs_id,2026-04-12,"Mitú, Vaupés, CO",False,1.2156466667,-70.2304833333,braden1,Braden McDonald,cc-by-nc,1
Spathiphyllum cannifolium,344985,346639921,https://www.inaturalist.org/observations/346639921,needs_id,2026-03-30,"Coto Brus, Puntarenas, CR",False,8.7858866928,-82.9596968926,quinnheffe,,cc-by-nc,1
Spathiphyllum cannifolium,344985,345695188,https://www.inaturalist.org/observations/345695188,needs_id,2026-03-17,"Rama 4 Road, Bang Rak District, Bangkok, TH",False,13.72852,100.5377116667,kamonp,กมลชนก ปานะสุโต,cc-by-nc,1
Spathiphyllum cannifolium,344985,344974374,https://www.inaturalist.org/observations/344974374,needs_id,2024-06-01,"Tanglin, Singapour",False,1.3188709722,103.8153489722,idris48887,Idris Bensari,cc-by-nc,1
Spathiphyllum cannifolium,344985,344791929,https://www.inaturalist.org/observations/344791929,needs_id,2026-03-02,"Tena, Ecuador",False,-0.7207925268,-77.127968199,ted_goshulak,Ted Goshulak,cc-by-nc,1
Spathiphyllum cannifolium,344985,344655501,https://www.inaturalist.org/observations/344655501,needs_id,2026-03-23,"3MV6+GP, Kampung Pantai Dalam, 59200 Kuala Lumpur, Federal Territory of Kuala Lumpur, Malaysia",False,3.0937694444,101.6618777778,keruing,Tan Yan Hong,cc-by-nc,2
Spathiphyllum cannifolium,344985,344540035,https://www.inaturalist.org/observations/344540035,needs_id,2026-03-22,,True,,,shacra,Tablet Aplle,cc-by-nc,3
Spathiphyllum cannifolium,344985,343863329,https://www.inaturalist.org/observations/343863329,needs_id,2026-03-19,"Tunapuna-Piarco, Trinidad y Tobago",False,10.7177692,-61.2982501,porlanaturaleza,Porlanaturaleza,cc-by-nc-sa,1
Spathiphyllum cannifolium,344985,343413964,https://www.inaturalist.org/observations/343413964,needs_id,2026-03-16,"Costa Rica, Florencia, Caquetá, CO",False,1.5568666667,-75.712495,fungaubs,,,1
Spathiphyllum cannifolium,344985,342961769,https://www.inaturalist.org/observations/342961769,needs_id,2026-03-14,"Mitu, Mitú, Vaupés, CO",False,1.215605,-70.2305133333,michaelretter,Michael Retter,,3
Spathiphyllum cannifolium,344985,342796743,https://www.inaturalist.org/observations/342796743,needs_id,2026-03-13,"8XCC+VM, San Rafael, Antioquia, Colombia",False,6.3214706997,-75.0308935997,edwin_alberto2,Edwin Alberto Torres Jimenez,cc-by-nc,2
Spathiphyllum cannifolium,344985,342436736,https://www.inaturalist.org/observations/342436736,research,2026-01-06,"Tijuca-Nationalpark, Rio de Janeiro, RJ, BR",False,-22.9479476563,-43.2817076218,stefan180,Stefan Klein,,1
Spathiphyllum cannifolium,344985,341892340,https://www.inaturalist.org/observations/341892340,needs_id,2026-03-08,"Lorong Pegawai, Gelugor, Penang, MY",False,5.3608133333,100.3056716667,jeremyquah,Jeremy Chaixian,,2
Spathiphyllum cannifolium,344985,341830746,https://www.inaturalist.org/observations/341830746,research,2026-02-28,"Sunyaragi, Kec. Kesambi, Kota Cirebon, Jawa Barat 45132, Indonesia",False,-6.7327643987,108.5327181593,sriiwulandarii,Sri Wulan,cc-by-nc,2
Spathiphyllum cannifolium,344985,341596691,https://www.inaturalist.org/observations/341596691,research,2026-01-31,"Yopal, Casanare, Colombia",False,5.324748,-72.440364,czktex,John Maresh,cc-by-nc,2
Spathiphyllum cannifolium,344985,341250618,https://www.inaturalist.org/observations/341250618,needs_id,2026-02-20,"San Carlos, Antioquia, Colombia",False,6.2781130556,-74.9173847222,felipe2009,Felipe Loaiza,cc-by-nc,1
Spathiphyllum cannifolium,344985,340526342,https://www.inaturalist.org/observations/340526342,needs_id,2026-02-27,"Turbo, Antioquia, Colombia",False,8.1278283333,-76.6813213889,diego200803,,cc-by-nc,2
Spathiphyllum cannifolium,344985,339482214,https://www.inaturalist.org/observations/339482214,needs_id,2026-02-19,"Trinidad, Trinidad and Tobago, TT",False,10.6805333333,-61.1687783333,brystrange,Bryan Ramdeen,cc-by-nc,2
Spathiphyllum cannifolium,344985,339237955,https://www.inaturalist.org/observations/339237955,needs_id,2026-01-25,"Tambopata, PE-MD, PE",True,-12.0426732507,-69.4134403815,cadecampbell,Cade,,1
Spathiphyllum cannifolium,344985,338807481,https://www.inaturalist.org/observations/338807481,needs_id,2026-02-15,"Pavarando Grande, Mutatá, Antioquia, Colombia",False,7.2774115112,-76.5624929219,starly16,,cc-by-nc,1
Spathiphyllum cannifolium,344985,338801670,https://www.inaturalist.org/observations/338801670,needs_id,2026-02-15,"Sunyaragi, Kec. Kesambi, Kota Cirebon, Jawa Barat 45132, Indonesia",False,-6.733995698,108.5329659283,ayukhoeruln03,ai khona,cc-by-nc,1
Spathiphyllum cannifolium,344985,338639883,https://www.inaturalist.org/observations/338639883,research,2026-02-14,"Cumaral, Meta, CO",False,4.2467029827,-73.4724060623,pkondrashov,,cc-by-nc,1
Spathiphyllum cannifolium,344985,338617912,https://www.inaturalist.org/observations/338617912,needs_id,2026-02-14,"San Carlos, Antioquia, Colombia",False,6.2538152778,-74.8895055556,darwin34925,Darwin Monsalve,cc-by-nc,1
Spathiphyllum cannifolium,344985,338504648,https://www.inaturalist.org/observations/338504648,needs_id,2026-02-13,"Mitú, Vaupés, CO",False,1.1981466667,-70.1617138333,jhskevington,Jeffrey H. Skevington,cc-by-nc,1
Spathiphyllum cannifolium,344985,338469744,https://www.inaturalist.org/observations/338469744,needs_id,2026-02-07,"Vistahermosa, Meta, Colombia",False,3.0620582997,-73.8791018,russhedley,Russ Hedley,cc-by-nc,1
Spathiphyllum cannifolium,344985,338282643,https://www.inaturalist.org/observations/338282643,needs_id,2025-07-29,"Pagar Alam, Kota Pagar Alam, Sumatera Selatan, Indonesia",False,-4.06829037,103.1919544424,wawaaahrs,,cc-by-nc,1
Spathiphyllum cannifolium,344985,338256388,https://www.inaturalist.org/observations/338256388,needs_id,2026-02-11,"San Rafael, CO-AN, CO",False,6.3295700771,-75.0639916956,eliana12856,Eliana Guarin,cc-by-nc,2
Spathiphyllum cannifolium,344985,337482037,https://www.inaturalist.org/observations/337482037,needs_id,2026-01-28,"Bukit Batok, Singapore",False,1.3493314721,103.7642020919,dybalki,,cc-by-nc,1
Spathiphyllum cannifolium,344985,337402217,https://www.inaturalist.org/observations/337402217,needs_id,2026-01-27,"Limón, CR",True,10.0199050844,-83.499319752,marcoacuna,Marco Acuña,cc-by-nc,1
Spathiphyllum cannifolium,344985,337248692,https://www.inaturalist.org/observations/337248692,needs_id,2024-09-19,"CEA (Centro Experimental Amazonico), Villagarzon-Mocoa, Mocoa, Putumayo, Colombia",False,1.0842287,-76.6275489,susanblayney,Susan Blayney,cc-by-nc,1
Spathiphyllum cannifolium,344985,336132797,https://www.inaturalist.org/observations/336132797,research,2026-01-25,"Jardim Botânico, Rio de Janeiro - RJ, Brasil",False,-22.9674930226,-43.2257571019,claudia_mermelstein,,cc-by-nc,1
Spathiphyllum cannifolium,344985,331997847,https://www.inaturalist.org/observations/331997847,needs_id,2025-12-24,"San Vicente del Caguán, Caquetá, CO",False,2.3898366667,-74.71643,joseluisosorios,,cc-by-nc,1
Spathiphyllum cannifolium,344985,331708121,https://www.inaturalist.org/observations/331708121,needs_id,2025-12-22,"San Vicente del Caguán, Caquetá, CO",False,2.377025,-74.7157616667,joseluisosorios,,cc-by-nc,2
Spathiphyllum cannifolium,344985,331457295,https://www.inaturalist.org/observations/331457295,research,2025-09-08,"Jardim Botânico, Rio de Janeiro - RJ, Brasil",False,-22.9707660556,-43.2235908333,diogoluiz,Diogo Luiz,cc-by,1
Spathiphyllum cannifolium,344985,331001691,https://www.inaturalist.org/observations/331001691,needs_id,2025-12-16,"Tefé - AM, 69470-000, Brasil",False,-3.459558231,-64.6706822142,wellington45,Wellington da Silva de Lima,,4
Spathiphyllum cannifolium,344985,329257312,https://www.inaturalist.org/observations/329257312,research,2025-11-03,"Queramiki, Mitú, Vaupés, Colombia",False,1.2229733333,-70.1616666667,lostincr,LostInCR,,1
Spathiphyllum cannifolium,344985,329135252,https://www.inaturalist.org/observations/329135252,needs_id,2025-11-01,"Queramiki, Mitú, Vaupés, Colombia",False,1.21287,-70.182885,lostincr,LostInCR,,2
Spathiphyllum cannifolium,344985,328370450,https://www.inaturalist.org/observations/328370450,needs_id,2025-11-23,"Santa Fe, Provincia de Veraguas, Panamá",False,8.8055600601,-81.0273785144,yoselin27565,Yoselin Miranda,cc-by-nc,1
Spathiphyllum cannifolium,344985,327825067,https://www.inaturalist.org/observations/327825067,research,2025-11-22,"Villagarzón, Putumayo, CO",False,0.7966215373,-76.5878689303,scaup,,cc0,1
Spathiphyllum cannifolium,344985,325137633,https://www.inaturalist.org/observations/325137633,needs_id,2025-11-05,"Yopal, Casanare, Colombia",False,5.3551161908,-72.3066188521,julian_lemus,,cc-by-nc,3
Spathiphyllum cannifolium,344985,324736759,https://www.inaturalist.org/observations/324736759,needs_id,2025-11-03,"Barranca de Upía, Meta, Colombia",False,4.669497219,-73.0545011535,el_mora,Miguel Vargas,cc-by-nc,1
Spathiphyllum cannifolium,344985,324306828,https://www.inaturalist.org/observations/324306828,needs_id,2025-11-01,"Tena, EC-NA, EC",False,-1.1049113081,-77.5926050181,judysue3,,cc-by-nc,1
Spathiphyllum cannifolium,344985,320653222,https://www.inaturalist.org/observations/320653222,needs_id,2025-04-30,"Mitú, Vaupes, Colombia",False,1.2204724014,-70.1546178081,jacksonfrost,Jackson Frost,cc-by-nc,1
Spathiphyllum cannifolium,344985,320169822,https://www.inaturalist.org/observations/320169822,needs_id,2025-10-04,"Bishan, Singapore",False,1.3608808703,103.8225861266,gavin_n,Gavin,cc0,3
Spathiphyllum cannifolium,344985,319682310,https://www.inaturalist.org/observations/319682310,research,2025-10-03,"San José del Guaviare, San José Guaviare, Guaviare, CO",False,2.513495,-72.70513,nbareschu,Nicolás Baresch Uribe,cc-by,2
Spathiphyllum cannifolium,344985,319677880,https://www.inaturalist.org/observations/319677880,needs_id,2025-10-03,"San José del Guaviare, San José Guaviare, Guaviare, CO",False,2.51182,-72.7070466667,nbareschu,Nicolás Baresch Uribe,cc-by,3
Spathiphyllum cannifolium,344985,319211008,https://www.inaturalist.org/observations/319211008,needs_id,2025-08-27,"Nunchía, Casanare, Colombia",False,5.60013,-72.27076,didelphis_pernigra,Didelphis pernigra,,3
Spathiphyllum cannifolium,344985,317672462,https://www.inaturalist.org/observations/317672462,needs_id,2025-09-09,"La Trinidad, Castilla La Nueva, Meta, Colombia",False,3.76445,-73.3761527778,xxvictorxx,Victor Manuel Vargas Sanchez,cc-by-nc,2
Spathiphyllum cannifolium,344985,317448199,https://www.inaturalist.org/observations/317448199,research,2025-09-29,4J9F+GXX ตำบล เกาะยาวน้อย อำเภอ เกาะยาว พังงา 82160 ประเทศไทย,False,8.1184594256,98.6245666444,aioon_ry,Ratchada Yuenyongkeereemat,cc-by-nc,2
Spathiphyllum cannifolium,344985,317206191,https://www.inaturalist.org/observations/317206191,needs_id,2025-09-28,4JCG+G8R ตำบล เกาะยาวน้อย อำเภอ เกาะยาว พังงา 82160 ประเทศไทย,False,8.1210364136,98.625090681,spa12021panita,Panita K,cc-by-nc,1
Spathiphyllum cannifolium,344985,317187012,https://www.inaturalist.org/observations/317187012,needs_id,2025-09-28,4JCF+3FV ตำบล เกาะยาวน้อย อำเภอ เกาะยาว พังงา 82160 ประเทศไทย,False,8.1201791,98.6240009,spa12138jutamas,จุฑามาส เพชรสุพัทธ,cc-by-nc,1
Spathiphyllum cannifolium,344985,316147312,https://www.inaturalist.org/observations/316147312,research,2025-09-23,"Jardim Botânico, Rio de Janeiro - RJ, Brasil",False,-22.9683898089,-43.2283108954,filipeprates,,cc-by,2
Spathiphyllum cannifolium,344985,316147288,https://www.inaturalist.org/observations/316147288,research,2025-09-23,"Jardim Botânico, Rio de Janeiro - RJ, Brasil",False,-22.9682712697,-43.228316144,filipeprates,,cc-by,1
Spathiphyllum cannifolium,344985,315479615,https://www.inaturalist.org/observations/315479615,research,2025-09-21,"Grand Fond Road, Trinidad and Tobago, TT",False,10.7523040474,-61.4348158893,arcenvironmental,ARC Environmental,cc-by-nc,1
Spathiphyllum cannifolium,344985,313378039,https://www.inaturalist.org/observations/313378039,needs_id,2025-08-24,"4H77+WCW Loma Altos de Pedregal, Panamá, Provincia de Panamá, Panamá",False,9.1135957261,-79.4348128885,martarivas21,Marta Rivas21,,1
Spathiphyllum cannifolium,344985,311206847,https://www.inaturalist.org/observations/311206847,needs_id,2025-09-03,"Island Club Rd, Singapore, SG, SG",False,1.3609216667,103.8223416667,ruddy2410,ruddy2410,cc-by-nc,1
Spathiphyllum cannifolium,344985,309138155,https://www.inaturalist.org/observations/309138155,research,2025-08-26,"Singapore, SG, SG",False,1.3480633333,103.7635883333,jimmy513,Jimmy Tan,,1
Spathiphyllum cannifolium,344985,307728932,https://www.inaturalist.org/observations/307728932,needs_id,2025-08-19,"naranjitos, Yopal, Casanare, Colombia",False,5.487299,-72.3561027,be_ramir,,cc-by-nc,1
Spathiphyllum cannifolium,344985,302742859,https://www.inaturalist.org/observations/302742859,needs_id,2025-05-23,"Aguazul, Casanare, Colombia",False,5.2426168861,-72.5230755786,nicolasr,Andrés Ramírez-Barrera,,2
Spathiphyllum cannifolium,344985,301786829,https://www.inaturalist.org/observations/301786829,needs_id,2025-07-28,"Baa, MV",False,4.532555,73.3724583333,ahr63,,cc-by-nc,1
Spathiphyllum cannifolium,344985,297783175,https://www.inaturalist.org/observations/297783175,needs_id,2025-07-11,"Orellana, Orellana, EC",False,-0.67393,-76.3975383333,nicolewonderlin,Nicole Wonderlin,cc-by-nc,1
Spathiphyllum cannifolium,344985,297195947,https://www.inaturalist.org/observations/297195947,needs_id,2025-04-29,"Queramiki, Mitú, Vaupés, Colombia",False,1.2160266198,-70.2345800582,crx2aj3,Jeremy Collison,cc-by-nc,3
Spathiphyllum cannifolium,344985,294325552,https://www.inaturalist.org/observations/294325552,needs_id,2025-06-30,"Morona, Morona-Santiago, EC",False,-2.8757883333,-77.71678,charlotteduhamel,,cc-by-nc,3
Spathiphyllum cannifolium,344985,293567997,https://www.inaturalist.org/observations/293567997,needs_id,2025-06-29,"Aft Yishun Ave 1, Singapore",False,1.40650337,103.82847651,wei_chin,Wei Chin Tan,cc-by-nc,2
Spathiphyllum cannifolium,344985,292053741,https://www.inaturalist.org/observations/292053741,needs_id,2025-06-19,"Istana Bogor, Paledang, Kecamatan Bogor Tengah, Kota Bogor, Jawa Barat, Indonesia",False,-6.597628929,106.799569577,cindysalsabil_,Cindy Aulia Salsabila,cc-by-nc,1
Spathiphyllum cannifolium,344985,289863230,https://www.inaturalist.org/observations/289863230,needs_id,2025-06-14,"Tunapuna/Piarco Regional Corporation, Trinidad and Tobago",False,10.684850627,-61.2916276488,stephtran,Stephanie Tran,cc-by,1
Spathiphyllum cannifolium,344985,289478417,https://www.inaturalist.org/observations/289478417,needs_id,2025-04-15,"Sandakan, Sabah, Malaysia",False,5.8558862,118.0721949,monica2333,高晓梦,,1
Spathiphyllum cannifolium,344985,288064536,https://www.inaturalist.org/observations/288064536,needs_id,2025-05-16,"Vía Laguna Negra, San José Guaviare, Guaviare, CO",False,2.55172,-72.710245,joselunasolarte,,cc-by-nc,1
Spathiphyllum cannifolium,344985,287270222,https://www.inaturalist.org/observations/287270222,needs_id,2025-04-30,"Mitú, Vaupes, Colombia",False,1.2249406991,-70.1518204064,crx2aj3,Jeremy Collison,cc-by-nc,1
Spathiphyllum cannifolium,344985,283373996,https://www.inaturalist.org/observations/283373996,research,2025-05-23,Rio de Janeiro,False,-22.9593086243,-43.2110519409,elissa324,,cc-by-nc,1
Spathiphyllum cannifolium,344985,282767975,https://www.inaturalist.org/observations/282767975,needs_id,2025-05-20,"Loreto, EC-OR, EC",False,-0.7657033333,-77.3990666667,pablo78383,Pablo Grefa,cc-by-nc,1
Spathiphyllum cannifolium,344985,278604296,https://www.inaturalist.org/observations/278604296,needs_id,2025-05-01,"Villavicencio, Meta, CO",False,4.1890116667,-73.6298216667,jflechas13,Jefferson Flechas,cc-by-nc,1
Spathiphyllum cannifolium,344985,278356250,https://www.inaturalist.org/observations/278356250,needs_id,2025-05-04,"Ko Yao Noi, Ko Yao, Phang Nga, TH",False,8.1181195,98.6247466667,spa12071saowanit,,cc-by-nc,1
Spathiphyllum cannifolium,344985,278332535,https://www.inaturalist.org/observations/278332535,needs_id,2025-05-04,"เกาะยาวน้อย, อ.เกาะยาว, จ.พังงา, TH",False,8.1182028333,98.624755,spa12022paranee,paranee thongkaew,cc-by-nc,1
Spathiphyllum cannifolium,344985,277216866,https://www.inaturalist.org/observations/277216866,research,2025-04-29,"Barranca de Upía, Meta, Colombia",False,4.6651895066,-73.0440358445,el_mora,Miguel Vargas,cc-by-nc,1
Spathiphyllum cannifolium,344985,276828096,https://www.inaturalist.org/observations/276828096,needs_id,2025-04-29,"Queramiki, Mitú, Vaupés, Colombia",False,1.215225,-70.2349333333,cassiia,,cc-by-nc,1
Spathiphyllum cannifolium,344985,276231076,https://www.inaturalist.org/observations/276231076,needs_id,2025-04-28,"9R65+WM4, Tagum, Davao del Norte, Philippines",False,7.3650454877,125.8071604371,lgucagro_senangote,Ronie Senangote,,1
Spathiphyllum cannifolium,344985,275455852,https://www.inaturalist.org/observations/275455852,needs_id,2025-04-26,"Taman Kulai, 81000 Kulai, Johor Darul Ta'zim, 马来西亚",False,1.6555384482,103.5975246504,katty_soo,Katty Soo,,1
Spathiphyllum cannifolium,344985,274999783,https://www.inaturalist.org/observations/274999783,needs_id,2025-04-27,"Andrés Ibáñez, BO-SC, BO",False,-17.844653587,-63.165942505,jadecampero,,cc-by-nc,1
Spathiphyllum cannifolium,344985,274926522,https://www.inaturalist.org/observations/274926522,needs_id,2025-04-27,"535G+HH8, Trinidad, Bolivia",False,-14.8404773603,-64.9241898581,agr_3_estebanmoy,Esteban Moy Ruiz,cc-by-nc,1
Spathiphyllum cannifolium,344985,273683079,https://www.inaturalist.org/observations/273683079,needs_id,2025-04-25,"9RGQ+JVC, Tagum, Davao de Oro, Philippines",False,7.376671213,125.839827396,lguchrmo_rustomamante,lguchrmo_rustomamante,cc-by-nc,1
Spathiphyllum cannifolium,344985,272673810,https://www.inaturalist.org/observations/272673810,research,2025-04-24,"Alto da Boa Vista, Rio de Janeiro - RJ, 20531, Brasil",False,-22.9572837798,-43.2811579853,maluregufe,Maria Lúcia,cc-by-nc,1
Spathiphyllum cannifolium,344985,271241515,https://www.inaturalist.org/observations/271241515,needs_id,2025-04-17,"7V9Q+9VJ, Ecuador",False,-1.7316933076,-77.1107099578,cristian12334,CRISTIAN SANTI,cc-by-nc,1
Spathiphyllum cannifolium,344985,269627498,https://www.inaturalist.org/observations/269627498,needs_id,2025-04-10,"6QX4+VWC, Iquitos 16002, Perú",False,-3.750345,-73.2427933333,tracy_milagros,Tracy milagros Pina pinchi,cc-by-nc,1
Spathiphyllum cannifolium,344985,269445700,https://www.inaturalist.org/observations/269445700,needs_id,2025-04-06,新加坡紅山,False,1.2712458869,103.8005286984,vivi1874,,cc-by-nc,1
Spathiphyllum cannifolium,344985,268681813,https://www.inaturalist.org/observations/268681813,needs_id,2021-06-19,"Southern Islands, Singapore",False,1.2578978767,103.8122028233,yuan1,Yuan Zhuang,cc-by-sa,1
Spathiphyllum cannifolium,344985,268398632,https://www.inaturalist.org/observations/268398632,needs_id,2024-07-27,"Bukit Batok, Singapore",False,1.3487361111,103.7622305556,a1virginia,Virginia,,1
Spathiphyllum cannifolium,344985,267368217,https://www.inaturalist.org/observations/267368217,research,2025-03-28,"Sri Palabaddala, Sri Lanka",False,6.785417269,80.4481910317,nuwan,Nuwan Chathuranga,,2
Spathiphyllum cannifolium,344985,266640918,https://www.inaturalist.org/observations/266640918,needs_id,2025-03-23,"San Martín, Meta, Colombia",False,3.6907474961,-73.7034209752,miguel_olivares,Miguel Olivares,cc-by-nc,1
Spathiphyllum cannifolium,344985,266031077,https://www.inaturalist.org/observations/266031077,needs_id,2025-03-09,"Cumaral, Meta, Colombia",False,4.24723,-73.471432,davidemartin,David Martin,cc-by-nc,1
Spathiphyllum cannifolium,344985,265966805,https://www.inaturalist.org/observations/265966805,needs_id,2024-01-14,"Garcia Moreno, Ecuador",False,-0.5323479444,-77.0030212222,jeancarlos40254,Jeancarlos Vicente,cc-by-nc,1
Spathiphyllum cannifolium,344985,264922540,https://www.inaturalist.org/observations/264922540,needs_id,2024-12-08,"Wa Wi, Mae Suai District, Chiang Rai 57180, Таиланд",False,19.8138867193,99.5696786816,tatiana_chimera,Татьяна Химера,cc-by-nc,1
Spathiphyllum cannifolium,344985,263591849,https://www.inaturalist.org/observations/263591849,needs_id,2025-03-01,"ทอนหงส์, อ.พรหมคีรี, จ.นครศรีธรรมราช, TH",False,8.5584633333,99.778375,nattaya_rakhangthong,Nattaya Rakhangthong,cc-by-nc,1
Spathiphyllum cannifolium,344985,262756647,https://www.inaturalist.org/observations/262756647,needs_id,2025-02-21,"Villagarzón, Putumayo, Colombie",False,0.7922444444,-76.5823638889,benoit_segerer,Benoît Segerer,cc-by-nc,2
Spathiphyllum cannifolium,344985,262308700,https://www.inaturalist.org/observations/262308700,research,2025-02-18,"Natural National Park Sierra de la Macarena, La Macarena, Meta, CO",False,2.3089583333,-73.90348,mlanas,M Lanas,,4
Spathiphyllum cannifolium,344985,259243053,https://www.inaturalist.org/observations/259243053,needs_id,2025-01-20,"CCJ8+J27, Weddagala, Sri Lanka",False,6.4315330553,80.4150402546,emskakoon,emskakoon,cc-by-nc,1
Spathiphyllum cannifolium,344985,257400306,https://www.inaturalist.org/observations/257400306,research,2025-01-04,"Ilha de Santo Amaro, Guarujá, SP, BR",False,-24.01599445,-46.2870333333,nereston-nelinho-camargo,Nereston (Nelinho) Camargo,cc-by-nc,1
Spathiphyllum cannifolium,344985,255240892,https://www.inaturalist.org/observations/255240892,needs_id,2024-07-14,"Boston, Davao Oriental, Philippines",False,7.873546,126.3414949,littleforesterxanver,I am Forester,cc-by-nc,5
Spathiphyllum cannifolium,344985,255144855,https://www.inaturalist.org/observations/255144855,needs_id,2024-12-15,"Pjs 9, 46000 Petaling Jaya, Selangor, Malaysia",False,3.0992783,101.6483121,adelinehii,Adeline Hii,cc-by-nc,3
Spathiphyllum cannifolium,344985,254635164,https://www.inaturalist.org/observations/254635164,needs_id,2020-01-27,"Puyo, Ecuador",False,-1.475,-77.995,uncletom2,Exner Tamás,cc-by-nc,1
Spathiphyllum cannifolium,344985,254165380,https://www.inaturalist.org/observations/254165380,needs_id,2024-12-04,"32X8+7R4, Santiago, Provincia de Veraguas, Panamá",False,8.0979168997,-80.9832325997,carlosespinosa1306,Carlos Espinosa,,1
Spathiphyllum cannifolium,344985,252956142,https://www.inaturalist.org/observations/252956142,needs_id,2024-11-24,"Vía Soná - Tolé, Veraguas, PA",False,8.002394408,-81.518551147,angel48139,Ángel Sanjur,,1
Spathiphyllum cannifolium,344985,252711311,https://www.inaturalist.org/observations/252711311,research,2024-11-23,"Bishan, Singapore",False,1.3608027778,103.822275,wildgifts,Peri Lee Pipkin,cc-by-nc,4
Spathiphyllum cannifolium,344985,252447576,https://www.inaturalist.org/observations/252447576,research,2024-11-19,"Tijuca National Park, Rio de Janeiro, RJ, BR",False,-22.954345,-43.28922,eamonccorbett,Eamon Corbett,cc-by-nc,1
Spathiphyllum cannifolium,344985,249957015,https://www.inaturalist.org/observations/249957015,needs_id,2024-10-28,"Santa Rita, CO-VD, CO",False,4.7876383333,-67.855645,nbareschu,Nicolás Baresch Uribe,cc-by,2
Spathiphyllum cannifolium,344985,248202756,https://www.inaturalist.org/observations/248202756,needs_id,2024-10-19,"4JWQ+647, Taman Hutan Raya Juanda, Ciburial, Kec. Cimenyan, Kabupaten Bandung, Jawa Barat 40198, Indonesia",False,-6.8544594,107.6377907,bayanizzani,Bayan Izzani,cc-by-nc,1
Spathiphyllum cannifolium,344985,247509541,https://www.inaturalist.org/observations/247509541,needs_id,2024-10-12,"Trinidad, Trinidad and Tobago, TT",False,10.6815,-61.1703116667,flowerbeast,,,1
Spathiphyllum cannifolium,344985,247280898,https://www.inaturalist.org/observations/247280898,needs_id,2024-10-14,"Perdana Botanical Gardens, Kuala Lumpur, Federal Territory of Kuala Lumpur, Malaysia",False,3.1436780264,101.6860728711,rose_atiqah,Rose Atiqah,,4
Spathiphyllum cannifolium,344985,246738913,https://www.inaturalist.org/observations/246738913,needs_id,2024-10-06,"Negros, Valencia, Negros Oriental, PH",False,9.2673616667,123.2196716667,javelosa_theknees,,cc-by-nc,1
Spathiphyllum cannifolium,344985,246692747,https://www.inaturalist.org/observations/246692747,needs_id,2024-10-02,"Paya, Boyacá, Colombia",False,5.5695018428,-72.3106434569,nssflck,nssflck,,2
Spathiphyllum cannifolium,344985,245571691,https://www.inaturalist.org/observations/245571691,needs_id,2024-09-30,"7XPH+9F8, Borda, Madgaon, Goa 403601, India",False,15.2859231524,73.9786914736,nasreen65024,Nasreen Khan,,1
Spathiphyllum cannifolium,344985,243656694,https://www.inaturalist.org/observations/243656694,needs_id,2024-09-22,Sítio do Pavão,False,-3.5183553874,-64.635424912,rickelmy_holanda,Rickelmy Holanda,,2
Spathiphyllum cannifolium,344985,240426890,https://www.inaturalist.org/observations/240426890,needs_id,2024-09-06,"Hatun Sumaku, Ecuador",False,-0.7753111111,-77.5406111111,leodavid,LeoDavid,,2
Spathiphyllum cannifolium,344985,240083024,https://www.inaturalist.org/observations/240083024,needs_id,2024-09-05,"Tropenstation La Gamba, C. La Gamba, Provincia de Puntarenas, Golfito, 60703, Costa Rica",False,8.7010372,-83.2015724,bachmannflo,Florian Bachmann,cc-by-nc,2
Spathiphyllum cannifolium,344985,235654893,https://www.inaturalist.org/observations/235654893,research,2024-08-13,"Granada, Meta, Colombia",False,3.6002087463,-73.7100209668,juanc_munoz,Juan Camilo Muñoz,cc-by-nc,4
Spathiphyllum cannifolium,344985,231852214,https://www.inaturalist.org/observations/231852214,needs_id,2024-07-19,"Puerto Misahualli, Ecuador",False,-1.0438147536,-77.6657072827,sacha-yachachiuk,Abigail Jarrett,,3
Spathiphyllum cannifolium,344985,228483129,https://www.inaturalist.org/observations/228483129,research,2024-07-10,"Lot. Henrique de Sa, João Pessoa - PB, 58020-325, Brasil",False,-7.1138054997,-34.8745344,reisab,André Reis,cc0,3
Spathiphyllum cannifolium,344985,221252321,https://www.inaturalist.org/observations/221252321,research,2024-05-28,"Kampung Sertik, Karak, Pahang, Malaysia",False,3.4951944444,102.0330944444,nieda,Anida Aripin,,1
Spathiphyllum cannifolium,344985,218934380,https://www.inaturalist.org/observations/218934380,needs_id,2024-05-28,"Felda Bukit Kepayang, 28300 Triang, Pahang, Malaysia",False,3.3313027778,102.6063722222,dinatural82,Ahmad Tajuddin Jakalpeli,,2
Spathiphyllum cannifolium,344985,218619079,https://www.inaturalist.org/observations/218619079,needs_id,2018-08-25,Trinidad and Tobago,True,10.7180440941,-61.3926877203,splnddfairywren,Fen Levy-O'Malley,cc-by-nc,1
Spathiphyllum cannifolium,344985,216268040,https://www.inaturalist.org/observations/216268040,needs_id,2024-05-17,"Kampung Teluk Merbau, Kuala Terengganu, Terengganu, MY",False,5.3657852214,103.044826495,dinaa_stemza,Dinaa Issourah,,1
Spathiphyllum cannifolium,344985,215389780,https://www.inaturalist.org/observations/215389780,needs_id,2024-05-11,"Quito, Ecuador",False,-0.124214311,-78.3205168289,davidbonifaz,David Bonifaz,,1
Spathiphyllum cannifolium,344985,215252588,https://www.inaturalist.org/observations/215252588,needs_id,2024-05-06,"San José Del Fragüa, Caquetá, Colombia",False,1.3042082794,-75.9821524927,mateohernandezschmidt,Mateo Hernandez Schmidt,cc-by-nc-sa,3
Spathiphyllum cannifolium,344985,213591404,https://www.inaturalist.org/observations/213591404,research,2024-05-04,"San José del Guaviare, Guaviare, Colombia",False,2.4899111111,-72.6535722222,sruffner,Sandra Ruffner,cc-by-nc,2
Spathiphyllum cannifolium,344985,212707258,https://www.inaturalist.org/observations/212707258,needs_id,2024-05-01,"Paraíso, Provincia de Chiriquí, Panamá",False,8.6642787177,-82.5895791929,katiuska19,,cc-by-nc,1
Spathiphyllum cannifolium,344985,212385727,https://www.inaturalist.org/observations/212385727,needs_id,2023-05-04,"M8H7+2P2, Arajuno, Ecuador",False,-1.3224934,-77.6857428,kennirubi99,,cc-by-nc,1
Spathiphyllum cannifolium,344985,211477042,https://www.inaturalist.org/observations/211477042,needs_id,2024-04-29,"1/01/2023, Pulikurumba, New Naduvil, Kerala 670582, India",False,12.127825,75.5165444444,muttathilgeorge,George Muttathil,cc-by-nc,1
Spathiphyllum cannifolium,344985,208873334,https://www.inaturalist.org/observations/208873334,research,2024-04-22,"2C36+P7C, Toril, Davao City, Davao del Sur, Philippines",False,7.0043140784,125.4106447846,karenclaire,Karen Barazona,,1
Spathiphyllum cannifolium,344985,208030266,https://www.inaturalist.org/observations/208030266,needs_id,2024-04-15,"Villagarzon, Villagarzón, Putumayo, CO",False,0.8892216667,-76.7570716667,kjscolo,karamjeet khalsa,cc-by-nc,1
Spathiphyllum cannifolium,344985,199524538,https://www.inaturalist.org/observations/199524538,research,2024-02-16,"VCR7+QG ECORESERVA ASA LA GUARUPAYA, Acacías, Meta, Colombia",False,3.8923369722,-73.58583,biomartita,Martha Lucia Ortiz-Moreno,cc-by,2
Spathiphyllum cannifolium,344985,198265641,https://www.inaturalist.org/observations/198265641,research,2024-01-30,"Uribe, Meta, Colombia",False,3.2453658,-74.3600742997,fcuadros,,cc-by-nc,6
Spathiphyllum cannifolium,344985,197037984,https://www.inaturalist.org/observations/197037984,needs_id,2024-01-12,"Paya, Boyacá, Colombia",False,5.5932215484,-72.3813203647,didelphis_pernigra,Didelphis pernigra,,4
Spathiphyllum cannifolium,344985,194596929,https://www.inaturalist.org/observations/194596929,research,2016-04-04,"Alto da Boa Vista, Rio de Janeiro - État de Rio de Janeiro, Brésil",False,-22.9556172452,-43.2841869582,jeanjacquesgodon,Jean Jacques Godon,cc-by,1
Spathiphyllum cannifolium,344985,193458430,https://www.inaturalist.org/observations/193458430,research,2023-12-09,"Athikkalam, Kumarakom, KL, IN",False,9.5942731714,76.4253199753,meghna73862,Meghna Kanthan,,1
Spathiphyllum cannifolium,344985,192673711,https://www.inaturalist.org/observations/192673711,needs_id,2023-11-29,"Heredia Province, Sarapiqui, Costa Rica",False,10.360775,-84.1048972222,pffoster,Paul Foster,cc-by-nc,1
Spathiphyllum cannifolium,344985,192652945,https://www.inaturalist.org/observations/192652945,research,2023-11-04,"Barranco Minas, Guainía, Colombia",False,2.8180539722,-70.4379162056,gabo_utria,,cc-by-nc,1
Spathiphyllum cannifolium,344985,191221620,https://www.inaturalist.org/observations/191221620,needs_id,2023-11-16,"Cerro Gaital, Cocle, PA",False,8.6294666667,-80.1161333333,oli_in_gold,Oliver Ingold,,3
Spathiphyllum cannifolium,344985,190415496,https://www.inaturalist.org/observations/190415496,research,2023-11-08,"Rio de Janeiro - RJ, 22290, Brasil",False,-22.9496124657,-43.1776505336,ftsautter,Frank Thomas Sautter,cc0,1
Spathiphyllum cannifolium,344985,189916841,https://www.inaturalist.org/observations/189916841,needs_id,2023-11-04,"Presint 1, 62000 Putrajaya, Malaysia",False,2.949142037,101.6962585598,mahathir_kusoiry,dir MK,,1
Spathiphyllum cannifolium,344985,189344967,https://www.inaturalist.org/observations/189344967,needs_id,2022-11-05,"Queramiki, Mitú, Vaupés, Colombia",False,1.2651742479,-70.2414710087,peterhoell,Peter Hoell,,1
Spathiphyllum cannifolium,344985,188508319,https://www.inaturalist.org/observations/188508319,needs_id,2016-08-10,"Пуйо, Эквадор",False,-1.4736678795,-77.996554406,botalex,Dr. Alexey Yakovlev,cc-by,1
Spathiphyllum cannifolium,344985,188375866,https://www.inaturalist.org/observations/188375866,needs_id,2023-10-17,"São Sebastião, São Paulo, Brazil",False,-23.8262653333,-45.4232063056,rafaelmrosa,Rafael Rosa,cc-by-sa,1
Spathiphyllum cannifolium,344985,186792568,https://www.inaturalist.org/observations/186792568,research,2022-04-15,"Monterrey, Casanare, Colombia",False,4.8507003486,-72.8915032713,nicolasr,Andrés Ramírez-Barrera,cc-by,1
Spathiphyllum cannifolium,344985,184204045,https://www.inaturalist.org/observations/184204045,research,2023-09-20,Tame,False,6.4964243127,-71.7616988719,kellybohorquez87,,cc-by-nc,4
Spathiphyllum cannifolium,344985,183562515,https://www.inaturalist.org/observations/183562515,needs_id,2016-08-03,"Тена, Эквадор",False,-1.0852944602,-77.6196059032,botalex,Dr. Alexey Yakovlev,cc-by-nc,2
Spathiphyllum cannifolium,344985,180689909,https://www.inaturalist.org/observations/180689909,research,2023-08-28,"Villavicencio, Meta, Colombia",False,4.185105,-73.6097916667,cryptum,Cryptum,,1
Spathiphyllum cannifolium,344985,176679368,https://www.inaturalist.org/observations/176679368,research,2023-08-04,"Rio de Janeiro - State of Rio de Janeiro, 22451, Brazil",False,-22.9765638889,-43.2451666667,xiebob,Christie Robertson,cc-by-nc,3
Spathiphyllum cannifolium,344985,175765366,https://www.inaturalist.org/observations/175765366,needs_id,2023-07-30,"Jardim Botânico, Rio de Janeiro - State of Rio de Janeiro, Brazil",False,-22.96810661,-43.22860184,axelrotten,,cc-by-nc,1
Spathiphyllum cannifolium,344985,164688492,https://www.inaturalist.org/observations/164688492,research,2023-05-28,"Alto da Boa Vista, Rio de Janeiro - RJ, Brasil",False,-22.9635284212,-43.2820687514,vitorabdala,Vitor Abdala,cc-by-nc,4
Spathiphyllum cannifolium,344985,163081534,https://www.inaturalist.org/observations/163081534,needs_id,2023-05-22,"Presint 1, 62000 Putrajaya, Malaysia",False,2.9490155958,101.6963086728,ngieng,,cc-by-nc,1
Spathiphyllum cannifolium,344985,159067155,https://www.inaturalist.org/observations/159067155,research,2023-05-01,"Tefé - AM, 69470-000, Brasil",False,-3.5241498354,-64.6316451145,rickelmy_holanda,Rickelmy Holanda,,2
Spathiphyllum cannifolium,344985,155899758,https://www.inaturalist.org/observations/155899758,needs_id,2023-04-20,"Erin, Palo Seco, Trinidad and Tobago",False,10.0884663,-61.6596494,tarranmaharaj,,cc-by-nc,1
Spathiphyllum cannifolium,344985,155331847,https://www.inaturalist.org/observations/155331847,research,2023-04-16,"Lot. Henrique de Sa, João Pessoa - PB, 58020-325, Brasil",False,-7.1126722222,-34.8735944444,the_old_xipo,Lucas,,2
Spathiphyllum cannifolium,344985,152401036,https://www.inaturalist.org/observations/152401036,research,2023-03-24,"Villavicencio, Meta, Colombia",False,4.0656671389,-73.59420775,biomartita,Martha Lucia Ortiz-Moreno,cc-by,2
Spathiphyllum cannifolium,344985,151345123,https://www.inaturalist.org/observations/151345123,needs_id,2023-03-15,"Tijuca, Rio de Janeiro, BR-RJ, BR",False,-22.954319,-43.2891189722,angelosnk,Ângelo Corrêa,,2
Spathiphyllum cannifolium,344985,150125770,https://www.inaturalist.org/observations/150125770,research,2023-03-03,Grande,False,10.5852939,-61.1315813,kamal50,Kamal Mahabir,cc-by-nc,2
Spathiphyllum cannifolium,344985,149920480,https://www.inaturalist.org/observations/149920480,needs_id,2023-02-28,"Mesetas, CO-ME, CO",False,3.35486,-74.197225,ricardo1139,Ricardo Guaduas,,1
Spathiphyllum cannifolium,344985,147150126,https://www.inaturalist.org/observations/147150126,needs_id,2022-12-10,"San Martín, CO-ME, CO",True,3.5386155751,-73.5703135235,pecosvalleydiamond,Moses J. Michelsohn,cc-by-nc,1
Spathiphyllum cannifolium,344985,145498881,https://www.inaturalist.org/observations/145498881,research,2022-12-29,"Lejanías, CO-ME, CO",False,3.3824879999,-74.0406497591,nbareschu,Nicolás Baresch Uribe,cc-by,2
Spathiphyllum cannifolium,344985,144928951,https://www.inaturalist.org/observations/144928951,research,2022-12-20,"Acacías, CO-ME, CO",False,4.01969734,-73.79129892,jtotero,Joel Tupac Otero Ospina,cc-by-nc-nd,1
Spathiphyllum cannifolium,344985,141826864,https://www.inaturalist.org/observations/141826864,needs_id,2022-10-21,"Villavicencio, Meta, Colombia",False,4.065458834,-73.5941676423,eimy_velasquez,EIMY DANIELA VELASQUEZ ROJAS,,1
Spathiphyllum cannifolium,344985,140371141,https://www.inaturalist.org/observations/140371141,needs_id,2022-10-26,"Caño Indio, La Macarena, Meta, CO",False,2.3432533333,-73.7729416667,nbareschu,Nicolás Baresch Uribe,cc-by,2
Spathiphyllum cannifolium,344985,138863001,https://www.inaturalist.org/observations/138863001,needs_id,2022-10-15,,True,,,juanempalador,Juan Parra,cc-by-nc,4
Spathiphyllum cannifolium,344985,138841233,https://www.inaturalist.org/observations/138841233,research,2022-10-15,"Villavicencio, Meta, Colombia",False,4.1205366667,-73.62069,breidy_leandro,BREIDY LEANDRO RODRIGUEZ UMANA,cc-by-nc,2
Spathiphyllum cannifolium,344985,138735970,https://www.inaturalist.org/observations/138735970,research,2022-10-14,"Villavicencio, Meta, CO",False,4.1226107095,-73.607624052,angiemurillo,,cc-by-nc,1
Spathiphyllum cannifolium,344985,138727288,https://www.inaturalist.org/observations/138727288,research,2022-10-14,"Villavicencio, Meta, Colombia",False,4.14473103,-73.60143188,jhoimarubio,Jhoimar Ubaque,cc-by-nc,4
Spathiphyllum cannifolium,344985,132908801,https://www.inaturalist.org/observations/132908801,research,2022-08-25,"Praça Afonso Viseu, Rio de Janeiro, RJ, BR",False,-22.9609966667,-43.2732116667,monsores_diego,Diego Monsores,cc-by-nc,3
Spathiphyllum cannifolium,344985,125943509,https://www.inaturalist.org/observations/125943509,research,2022-07-12,"Cachoeiras de Macacu, BR-RJ, BR",False,-22.4215796264,-42.7389575635,tomewert,,cc-by-nc,2
Spathiphyllum cannifolium,344985,122449313,https://www.inaturalist.org/observations/122449313,needs_id,2022-06-19,"Hillview Park, SG",False,1.3644762143,103.7657380173,joshuaph,,cc-by-nc,1
Spathiphyllum cannifolium,344985,119154388,https://www.inaturalist.org/observations/119154388,needs_id,2022-05-28,"Andrés Bello, 5216, Barinas, Venezuela",False,8.38386725,-70.7708816389,laurarome,,cc-by-nc,3
Spathiphyllum cannifolium,344985,117285502,https://www.inaturalist.org/observations/117285502,research,2022-05-16,"Universiti Teknologi Malaysia, Johor, MY",False,1.5595416667,103.6352833333,dnia,,cc-by-nc,3
Spathiphyllum cannifolium,344985,116882760,https://www.inaturalist.org/observations/116882760,research,2022-05-13,"Guarujá - SP, Brasil",False,-23.9002532533,-46.1544641752,lucs23,,cc-by-nc,3
Spathiphyllum cannifolium,344985,116540699,https://www.inaturalist.org/observations/116540699,needs_id,2022-05-07,"Pastaza, EC-PA, EC",False,-1.1079037944,-76.7303389365,efrainfreire,Efrain Freire,cc-by-nc,8
Spathiphyllum cannifolium,344985,115476991,https://www.inaturalist.org/observations/115476991,research,2022-05-01,Potrerillos Arriba,False,8.7069186401,-82.4861052632,hakeen,Hakeen Madrid,,1
Spathiphyllum cannifolium,344985,108304560,https://www.inaturalist.org/observations/108304560,research,2022-03-02,"Queramiki, Mitú, Vaupés, Colombia",False,1.2155527778,-70.2302083333,josh_vandermeulen,Josh van der Meulen,cc-by-nc-nd,2
Spathiphyllum cannifolium,344985,107616110,https://www.inaturalist.org/observations/107616110,needs_id,2022-01-18,"Yopal, Casanare, Colombia",False,5.3471438934,-72.4025802543,lesoarpo,,cc-by-nc,1
Spathiphyllum cannifolium,344985,106395231,https://www.inaturalist.org/observations/106395231,research,2022-02-05,"Tunapuna/Piarco Regional Corporation, Trinidad and Tobago",False,10.7764695223,-61.3041467965,ladaanakanhai,La Daana Kanhai,,1
Spathiphyllum cannifolium,344985,105739160,https://www.inaturalist.org/observations/105739160,needs_id,2022-01-28,"Praia de Juqueí, São Sebastião - SP, 11600-000, Brasil",False,-23.7657683462,-45.7371317223,marcosmortara,Marcos Mortara,cc-by-nc,3
Spathiphyllum cannifolium,344985,101719704,https://www.inaturalist.org/observations/101719704,needs_id,2021-11-21,"Tunapuna/Piarco Regional Corporation, Trinidad and Tobago",False,10.6922740337,-61.4068321176,lintonarneaud,Linton_Arneaud,cc-by-nd,1
Spathiphyllum cannifolium,344985,101577557,https://www.inaturalist.org/observations/101577557,needs_id,2021-11-20,"Trinidad, Trinidad and Tobago, TT",False,10.7147083333,-61.3524083333,vx-jameer,Vaughn Jameer,cc-by-nc,1
Spathiphyllum cannifolium,344985,99418921,https://www.inaturalist.org/observations/99418921,research,2021-10-24,"Gonzalo Pizarro, Ecuador",False,0.0000026822,-77.3997122794,jennifer_alvarez,Valeria Alvarez,,2
Spathiphyllum cannifolium,344985,98969747,https://www.inaturalist.org/observations/98969747,needs_id,2021-10-08,Avocat Waterfall,False,10.7764734746,-61.3041467965,hameeda,,cc-by-nc,1
Spathiphyllum cannifolium,344985,96650955,https://www.inaturalist.org/observations/96650955,needs_id,2021-09-25,"Puerto Gaitán, Meta, Colombia",False,4.174621,-72.04081,anamaria6129,Ana Maria Muñoz Sanchez,cc-by-nc,1
Spathiphyllum cannifolium,344985,92466855,https://www.inaturalist.org/observations/92466855,needs_id,2021-07-03,"Tijuca National Park, Rio de Janeiro, RJ, BR",False,-22.9387085093,-43.286226935,ssmeds,ssmeds,cc-by-nc,2
Spathiphyllum cannifolium,344985,91787518,https://www.inaturalist.org/observations/91787518,research,2021-08-17,"San Juan de Arama, Meta, Colombia",False,3.2676662407,-73.9085878755,apipa,Apipa,cc-by-nc,9
Spathiphyllum cannifolium,344985,87815667,https://www.inaturalist.org/observations/87815667,research,2021-07-04,"Tefé - AM, 69470-000, Brasil",False,-3.4300916667,-64.7372194444,rickelmy_holanda,Rickelmy Holanda,,1
Spathiphyllum cannifolium,344985,74414524,https://www.inaturalist.org/observations/74414524,needs_id,2021-04-18,"Huaura, Perú",False,-10.9222507475,-77.6559371947,jsergio,,cc-by-nc,1
Spathiphyllum cannifolium,344985,72203431,https://www.inaturalist.org/observations/72203431,needs_id,2021-03-27,"Tunapuna/Piarco Regional Corporation, Trinidad and Tobago",False,10.7469081915,-61.2133021689,markhulme,Mark Hulme,cc-by-nc,1
Spathiphyllum cannifolium,344985,71240593,https://www.inaturalist.org/observations/71240593,needs_id,2021-03-14,"Florencia, Caquetá, Colombia",False,1.6608031809,-75.5993307949,sagu_05,S.Gualy,cc-by-nc,1
Spathiphyllum cannifolium,344985,68059311,https://www.inaturalist.org/observations/68059311,needs_id,2021-01-14,"Panama, Province de Panama, PA",False,9.0492888333,-79.50138,luiscarlosrodrguezmndez,Luis Carlos Rodríguez Méndez,cc-by-nc,1
Spathiphyllum cannifolium,344985,61152999,https://www.inaturalist.org/observations/61152999,research,2016-02-26,"Tunapuna/Piarco Regional Corporation, Trinidad and Tobago",False,10.7200889714,-61.2955600442,tgosliner,Terry Gosliner,cc-by-nc-sa,1
Spathiphyllum cannifolium,344985,61133035,https://www.inaturalist.org/observations/61133035,research,2016-02-25,"Tunapuna/Piarco Regional Corporation, Trinidad and Tobago",False,10.717392,-61.298221,tgosliner,Terry Gosliner,cc-by-nc-sa,1
Spathiphyllum cannifolium,344985,60928183,https://www.inaturalist.org/observations/60928183,research,2016-02-22,"Spring Hill Estate, PO Box 4710, Arima, Trinidad and Tobago",False,10.7178171,-61.2982719,tgosliner,Terry Gosliner,cc-by-nc-sa,1
Spathiphyllum cannifolium,344985,58211547,https://www.inaturalist.org/observations/58211547,needs_id,2020-08-27,"San Martín, CO-ME, CO",False,3.5316921935,-73.4215223558,dmcruz42,,cc-by-nc,2
Spathiphyllum cannifolium,344985,40341535,https://www.inaturalist.org/observations/40341535,needs_id,2019-10-12,"amaZOOnico Apartado 202, Tena, 厄瓜多",False,-1.0630233,-77.5263284,ray76,Ray Wang,,1
Spathiphyllum cannifolium,344985,38767362,https://www.inaturalist.org/observations/38767362,needs_id,2020-02-17,"Squirrel Trail, Singapore, Singapore, SG",False,1.360545,103.8231966667,usebcm,,,1
Spathiphyllum cannifolium,344985,38096865,https://www.inaturalist.org/observations/38096865,needs_id,2019-12-08,"Sangre Grande Regional Corporation, Trinidad and Tobago",False,10.6947363352,-61.1725332772,shanemanchouck,Shane Manchouck,,1
Spathiphyllum cannifolium,344985,36513137,https://www.inaturalist.org/observations/36513137,research,2019-01-31,"Mitú, Vaupés, Colombia",False,1.2529321586,-70.2521401271,samdubbz,Sam Wilson,cc-by-nc,3
Spathiphyllum cannifolium,344985,35491294,https://www.inaturalist.org/observations/35491294,needs_id,2019-11-09,"Jardim Botânico, Rio de Janeiro - RJ, Brasil",False,-22.9669647217,-43.2219619751,julias2,Julia Sá,,1
Spathiphyllum cannifolium,344985,31218052,https://www.inaturalist.org/observations/31218052,needs_id,2019-08-21,"Kedewatan, Ubud, Gianyar, Bali, Indonesia",False,-8.492364584,115.2542698073,cuucs_dewa_duwija,Dewa Duwija,,1
Spathiphyllum cannifolium,344985,31109153,https://www.inaturalist.org/observations/31109153,needs_id,2019-08-19,"Kedewatan, Kecamatan Ubud, Kabupaten Gianyar, Bali, Indonesia",False,-8.4920666667,115.254455,cuufbp_dewa_artana,Dewa Artana,,1
Spathiphyllum cannifolium,344985,26414149,https://www.inaturalist.org/observations/26414149,needs_id,2009-11-01,"Puerto Misahuallí, Ecuador",False,-1.0330287,-77.6693608,holgerbeck,Holger Beck,cc-by-nc,1
Spathiphyllum cannifolium,344985,25718503,https://www.inaturalist.org/observations/25718503,research,2019-05-21,"Puyo, Ecuador",False,-1.4731799959,-77.9969580403,evelinzzitatite,Evelinzzita Tite,,2
Spathiphyllum cannifolium,344985,19542287,https://www.inaturalist.org/observations/19542287,needs_id,2018-11-09,"Provincia de Napo, Ecuador",False,-1.0403138889,-77.8875111111,jacobmartinosp,Jacob Martin,cc-by-nc,2
Spathiphyllum cannifolium,344985,19100711,https://www.inaturalist.org/observations/19100711,research,2018-10-25,"El Doncello, Caquetá, Colombia",False,1.680042,-75.2833349,bioexplora,,cc-by-nc,1
Spathiphyllum cannifolium,344985,18026657,https://www.inaturalist.org/observations/18026657,needs_id,2010-12-23,"Bandar Puteri, 41200 Port Klang, Selangor, Malaysia",False,2.9853476573,101.4646970154,ongzi,Ong Jyh Seng,cc-by-sa,1
Spathiphyllum cannifolium,344985,13762143,https://www.inaturalist.org/observations/13762143,research,2018-06-24,"Tijuca, Rio de Janeiro, BR-RJ, BR",False,-22.9482378763,-43.2774370696,rileypollom,Riley Pollom,cc-by,1
Spathiphyllum cannifolium,344985,11905714,https://www.inaturalist.org/observations/11905714,research,2009-01-18,"Alto da Boa Vista, Rio de Janeiro - RJ, Brasil",False,-22.9564122235,-43.2805525146,diogoloretto,Diogo Loretto,cc-by-nc,1
Spathiphyllum cannifolium,344985,11897648,https://www.inaturalist.org/observations/11897648,needs_id,2012-10-07,"Patamares, Salvador - BA, Brasil",False,-12.950453,-38.400936,thiago_mahlmann,Thiago Mahlmann,cc-by-nc,1
Spathiphyllum cannifolium,344985,11214933,https://www.inaturalist.org/observations/11214933,research,2018-04-13,"Barragem do Ipitanga, Salvador, BA, BR",False,-12.86273,-38.3969,brunocardoso,Bruno Cardoso,cc-by-nc,1
Spathiphyllum cannifolium,344985,9686417,https://www.inaturalist.org/observations/9686417,needs_id,2018-01-31,"Castilla La Nueva, Meta, Colombia",False,3.7551362514,-73.394744873,juancarlosrojasmurillo,JUAN CARLOS ROJAS MURILLO,,3
Spathiphyllum cannifolium,344985,6966140,https://www.inaturalist.org/observations/6966140,research,2017-06-23,"Orellana, Parque Nacional Yasuní, EC-OR, EC",False,-0.6744158,-76.39778111,sapper11,Jeremiah Leach,cc-by-nc,2
Spathiphyllum cochlearispathum,277175,365742731,https://www.inaturalist.org/observations/365742731,needs_id,2026-05-20,"95807 Lázaro Cárdenas, Ver., México",False,18.5738647,-95.0953851,abichuela061,Abigail Hernández Hernández,cc-by-nc,5
Spathiphyllum cochlearispathum,277175,365734682,https://www.inaturalist.org/observations/365734682,needs_id,2026-05-18,"95807 Ver., México",False,18.5825833196,-95.0802979991,abichuela061,Abigail Hernández Hernández,cc-by-nc,5
Spathiphyllum cochlearispathum,277175,365628909,https://www.inaturalist.org/observations/365628909,research,2026-05-21,"Coapilla, Chis., México",False,17.169178,-93.1691665556,diegoman,Diego Manzano Méndez,cc-by-nc,3
Spathiphyllum cochlearispathum,277175,343888648,https://www.inaturalist.org/observations/343888648,research,2026-03-19,"P3VV+6G, 95016 Tlacuilola, Ver., México",False,18.7422906501,-96.9041803479,amaurydiaz,AMAURI DIAZ SOLIS,cc-by-nc,1
Spathiphyllum cochlearispathum,277175,325848524,https://www.inaturalist.org/observations/325848524,needs_id,2025-11-10,"4GC8+CJ, New Naduvil, Kerala 670582, India",False,12.1215416667,75.5172972222,muttathilgeorge,George Muttathil,cc-by-nc,1
Spathiphyllum cochlearispathum,277175,322065512,https://www.inaturalist.org/observations/322065512,research,2025-10-14,"Coatzacoalcos, Ver., México",False,18.1214663889,-94.3717897222,aaronjpc,Aarón Pérez,cc-by-nc,4
Spathiphyllum cochlearispathum,277175,321685736,https://www.inaturalist.org/observations/321685736,research,2025-10-18,Ixhuatlán del Sureste,False,18.0288162231,-94.4089584351,israelrodriguez,Oscar Israel Rodríguez Ortiz,,1
Spathiphyllum cochlearispathum,277175,222385281,https://www.inaturalist.org/observations/222385281,research,2024-05-30,"El Alamo, 94180 Ixhuatlán del Café, Ver., México",False,19.0608576021,-96.9780175388,aris_27,Ariana Martínez,,2
Spathiphyllum cochlearispathum,277175,220924449,https://www.inaturalist.org/observations/220924449,needs_id,2024-05-22,"Santiago Comaltepec, Oaxaca, México",False,17.5800094603,-96.4860687256,eugenio_padilla,Eugenio Padilla,cc-by-nc,5
Spathiphyllum cochlearispathum,277175,219716056,https://www.inaturalist.org/observations/219716056,research,2018-02-23,"Las Margaritas, Chis., México",False,16.4026889288,-91.708070473,jaime014,Jaime Jiménez Fernández,cc-by-nc,2
Spathiphyllum cochlearispathum,277175,213024453,https://www.inaturalist.org/observations/213024453,needs_id,2024-03-26,Cervantes y Lozada,False,18.953139818,-96.9237039662,rivalcan,Jaime Rivera,cc-by-nc,3
Spathiphyllum cochlearispathum,277175,207800499,https://www.inaturalist.org/observations/207800499,research,2024-04-08,"94494 Ver., México",False,18.9556694816,-96.9314064458,geobicom,Geobicom Ríos,,1
Spathiphyllum cochlearispathum,277175,205038318,https://www.inaturalist.org/observations/205038318,needs_id,2024-03-31,"95900 Ver., México",False,18.2051621622,-94.865029268,erick458,Erick Márquez,,1
Spathiphyllum cochlearispathum,277175,197672586,https://www.inaturalist.org/observations/197672586,research,2007-11-05,"Siglo XXI, 29960 Palenque, Chis., Mexique",False,17.5022995413,-92.0055570069,lougarou,,cc-by-nc,2
Spathiphyllum cochlearispathum,277175,182772795,https://www.inaturalist.org/observations/182772795,needs_id,2023-09-10,"Persiaran Timur, Putrajaya, Putrajaya, MY",False,2.9337833333,101.7105633333,azlinaminuddin,,cc-by-nc,1
Spathiphyllum cochlearispathum,277175,163802528,https://www.inaturalist.org/observations/163802528,needs_id,2012-07-30,"Катемако, Веракрус, Мексика",False,18.408030929,-95.1207170068,botalex,Dr. Alexey Yakovlev,cc-by-nc,3
Spathiphyllum cochlearispathum,277175,121599416,https://www.inaturalist.org/observations/121599416,needs_id,2022-06-10,"Huimanguillo Municipality, Tabasco, Mexico",False,17.3382118955,-93.6097405222,arthur_cm,Arturo C. Mendoza,cc-by-nc,2
Spathiphyllum cochlearispathum,277175,115606034,https://www.inaturalist.org/observations/115606034,research,2022-04-17,"Las Cañadas, 29264 San Cristóbal de las Casas, Chis., México",False,16.7203579354,-92.6596023188,huracan,Neptalí Ramírez Marcial,cc-by-nc,4
Spathiphyllum cochlearispathum,277175,102446820,https://www.inaturalist.org/observations/102446820,research,2021-12-01,"30234 Chis., México",False,16.39804,-91.703687,diegoman,Diego Manzano Méndez,cc-by-nc,3
Spathiphyllum cochlearispathum,277175,86936853,https://www.inaturalist.org/observations/86936853,research,2019-10-10,"29935 Agua Azul, Chis., México",False,16.7593,-90.774983,paola_andrea_ubiergo_corvalan,Paola Andrea Ubiergo Corvalan,,1
Spathiphyllum cochlearispathum,277175,71578931,https://www.inaturalist.org/observations/71578931,needs_id,2021-03-18,"Coban, Alta Verapaz, GT",False,15.3728416667,-90.3458166667,sunshinesaqimax,Sunshine,cc-by-nc,2
Spathiphyllum cochlearispathum,277175,69224978,https://www.inaturalist.org/observations/69224978,research,2020-04-11,"Cobán, Guatemala",False,15.3693053504,-90.3501578,sunshinesaqimax,Sunshine,cc-by-nc,1
Spathiphyllum cochlearispathum,277175,36858056,https://www.inaturalist.org/observations/36858056,research,2016-02-28,"Pacchen, Solidaridad, Quintana Roo",False,20.634659437,-87.5766487476,adorantes,Alfredo Dorantes Euan,,1
Spathiphyllum cochlearispathum,277175,36858055,https://www.inaturalist.org/observations/36858055,research,2016-02-28,"Pacchen, Solidaridad, Quintana Roo",False,20.634659437,-87.5766487476,adorantes,Alfredo Dorantes Euan,,3
Spathiphyllum cochlearispathum,277175,30622369,https://www.inaturalist.org/observations/30622369,research,2019-07-17,"Ocosingo, Chis., México",False,16.7187309722,-90.9452809722,emiliorv,Francisco Emilio Roldán Velasco,cc-by,2
Spathiphyllum cochlearispathum,277175,22486386,https://www.inaturalist.org/observations/22486386,needs_id,2013-04-20,"San Andrés Tuxtla, Ver., México",False,18.582876836,-95.0749151547,guadalupe_cornejo_tenorio,,cc-by-nc,1
Spathiphyllum cochlearispathum,277175,22486181,https://www.inaturalist.org/observations/22486181,needs_id,2017-04-09,"San Andrés Tuxtla, Ver., México",False,18.5862123909,-95.0761918862,guadalupe_cornejo_tenorio,,cc-by-nc,1
Spathiphyllum cochlearispathum,277175,21241658,https://www.inaturalist.org/observations/21241658,needs_id,2008-02-28,"Hueytamalco, Pue., México",False,19.9949005109,-97.3173878444,guadalupe_cornejo_tenorio,,cc-by-nc,1
Spathiphyllum cochlearispathum,277175,19522374,https://www.inaturalist.org/observations/19522374,needs_id,2019-01-07,"Camino a Rancho Viejo, Coatepec, Ver., México",False,19.5097703169,-96.9444349408,gesnerio,Oscar Marín,cc-by-sa,3
Spathiphyllum cochlearispathum,277175,16088089,https://www.inaturalist.org/observations/16088089,research,2018-08-18,"Catemaco, Ver., México",False,18.4364724121,-94.9657247371,aureliomolinahdz,Aurelio Molina Hernández.,cc-by-nc,2
Spathiphyllum cochlearispathum,277175,10102913,https://www.inaturalist.org/observations/10102913,research,2018-03-03,"Ocozocoautla de Espinosa, Chis., México",False,16.8795942496,-93.4576009512,huracan,Neptalí Ramírez Marcial,cc-by-nc,2
Spathiphyllum cochlearispathum,277175,6725402,https://www.inaturalist.org/observations/6725402,research,2017-06-17,"Chiapa de Corzo, Chis., México",False,16.7579652005,-92.9693126678,huracan,Neptalí Ramírez Marcial,cc-by-nc,2
Spathiphyllum cochlearispathum,277175,5233658,https://www.inaturalist.org/observations/5233658,research,2017-03-04,"Chiapa de Corzo, Chis., México",False,16.7612137288,-92.9625928411,huracan,Neptalí Ramírez Marcial,cc-by-nc,2
Spathiphyllum cochlearispathum,277175,1109854,https://www.inaturalist.org/observations/1109854,needs_id,2014-09-27,"San Juan Juquila Mixes, Oaxaca, México",False,17.287175,-95.9374472222,cobao,,cc-by-nc,1
Spathiphyllum commutatum,1144563,376732714,https://www.inaturalist.org/observations/376732714,needs_id,2026-06-10,"Cansuso, Cavinti, Laguna, Philippines",False,14.2816944444,121.6307333333,lecanorchis,,cc-by-nc-nd,1
Spathiphyllum commutatum,1144563,342521936,https://www.inaturalist.org/observations/342521936,needs_id,2026-03-09,"Ahmad Domocao A. Alonto Sr. Avenue, Marawi City, Lanao Del Sur, PH",False,7.9986966667,124.265945,hamela,Hamela ADOMA,cc-by-nc,1
Spathiphyllum commutatum,1144563,331100152,https://www.inaturalist.org/observations/331100152,needs_id,2025-07-30,"Lindu, Sigi Regency, Central Sulawesi, Indonesia",False,-1.3309548,120.1320454,rockyreviko_,Rocky Reviko,cc-by-nc,2
Spathiphyllum commutatum,1144563,261980010,https://www.inaturalist.org/observations/261980010,needs_id,2011-06-12,"Toro, Kecamatan Kulawi, Kabupaten Sigi, Sulawesi Tengah, Sulawesi, ID",False,-1.48861,120.02234,fabisho,Fabian Brambach,cc-by,6
Spathiphyllum commutatum,1144563,260119739,https://www.inaturalist.org/observations/260119739,research,2025-01-29,"Kasintuwu, Mangkutana, East Luwu Regency, South Sulawesi, Indonesia",False,-2.2850918,120.7579834,fachrynurmallojr,,cc-by-nc,1
Spathiphyllum commutatum,1144563,258161696,https://www.inaturalist.org/observations/258161696,needs_id,2017-03-05,"Lore Lindu National Park, ID-ST-PO, ID-ST, ID",False,-1.7520085057,120.270720797,valentinus-tikhonov,Valentinus T,cc-by-nc,1
Spathiphyllum commutatum,1144563,32620689,https://www.inaturalist.org/observations/32620689,needs_id,2019-08-30,"Catigan, Toril, Davao City, Davao del Sur, Philippines",False,7.0234485759,125.375428039,aztekium,Carlos G Velazco-Macias,cc-by-nc,2
Spathiphyllum dressleri,1187036,383738648,https://www.inaturalist.org/observations/383738648,needs_id,2026-07-21,,True,9.4105743113,-79.6017892344,ramon_d,,cc-by-nc,4
Spathiphyllum dressleri,1187036,192503048,https://www.inaturalist.org/observations/192503048,needs_id,2023-11-28,"Soberanía National Park, Panamá, PA",False,9.0838445,-79.66388,oli_in_gold,Oliver Ingold,,3
Spathiphyllum dressleri,1187036,184059118,https://www.inaturalist.org/observations/184059118,research,2023-09-19,"Capira, PA-PO, PA",False,8.64446353,-80.07671703,bacchusrock,Jo Roberts,cc0,3
Spathiphyllum dressleri,1187036,115749291,https://www.inaturalist.org/observations/115749291,needs_id,2022-04-23,"Kuna Yala, PA-SB-KY, PA",True,9.3962711577,-79.1633925337,njweess,,cc-by-nc,1
Spathiphyllum dressleri,1187036,58806683,https://www.inaturalist.org/observations/58806683,research,2019-09-29,"Guna Yala, Panama",False,9.3686028506,-78.9682078017,ramon_d,,cc-by-nc,2
Spathiphyllum floribundum,469889,366890298,https://www.inaturalist.org/observations/366890298,needs_id,2026-05-30,"Pocitos, San Francisco, Antioquia, CO",False,5.874939,-74.9239685,marta200917,,cc-by-nc,1
Spathiphyllum floribundum,469889,339505017,https://www.inaturalist.org/observations/339505017,research,2026-02-19,"San Francisco, Antioquia, CO",False,5.88762,-74.8628166667,braden1,Braden McDonald,cc-by-nc,1
Spathiphyllum floribundum,469889,337996663,https://www.inaturalist.org/observations/337996663,needs_id,2024-05-14,"El Carmen de Chucurí, Santander, Colombia",False,6.5769,-73.5194,diaz-rueda,Daniel M. Diaz-Rueda,cc-by-nc,2
Spathiphyllum floribundum,469889,323183031,https://www.inaturalist.org/observations/323183031,needs_id,2025-10-16,"La Fe, San Francisco, Antioquia, CO",False,5.8599466667,-74.8731833333,felipemzambrano,Felipe Mesa,,4
Spathiphyllum floribundum,469889,315402409,https://www.inaturalist.org/observations/315402409,needs_id,2025-09-19,"5.804212°N, 74.257181°W",False,5.807153,-74.257013,apipa,Apipa,cc-by-nc,5
Spathiphyllum floribundum,469889,276159257,https://www.inaturalist.org/observations/276159257,needs_id,2025-04-28,"Durban Botanic Gardens, 9A John Zikhali Rd, Berea, Durban, 4001, South Africa",False,-29.848252,31.008291,luyandan509,,cc-by-nc,1
Spathiphyllum floribundum,469889,271820708,https://www.inaturalist.org/observations/271820708,research,2025-01-05,"Antioquia, CO",True,5.8119298649,-74.9347947385,pecosvalleydiamond,Moses J. Michelsohn,cc-by-nc,1
Spathiphyllum floribundum,469889,271820692,https://www.inaturalist.org/observations/271820692,research,2025-01-05,"Antioquia, CO",True,5.9457498178,-74.9194047831,pecosvalleydiamond,Moses J. Michelsohn,cc-by-nc,1
Spathiphyllum floribundum,469889,268629807,https://www.inaturalist.org/observations/268629807,needs_id,2025-02-01,"San Francisco, Antioquia, Colombia",False,5.8958794042,-74.8620976953,jujurenoult,Julien Renoult,cc0,1
Spathiphyllum floribundum,469889,209822723,https://www.inaturalist.org/observations/209822723,research,2024-04-26,"Aranjuez, Medellín, Aranjuez, Medellín, Antioquia, Colombia",False,6.2706212035,-75.5634536244,dwkfoster,David W K Foster,cc-by-nc-nd,1
Spathiphyllum floribundum,469889,199907211,https://www.inaturalist.org/observations/199907211,needs_id,2024-02-20,"Rio de Janeiro, BR-RJ, BR",False,-23.0216893743,-43.5453552216,elaecarioca,,cc-by-nc,1
Spathiphyllum floribundum,469889,73685972,https://www.inaturalist.org/observations/73685972,research,2021-02-26,"Alejandría, Antioquia, Colombia",False,6.4103375294,-75.1364790305,camilojotage,Gabriel Camilo Jaramillo Giraldo,cc-by-nc-sa,3
Spathiphyllum floribundum,469889,73685970,https://www.inaturalist.org/observations/73685970,needs_id,2021-02-26,"Alejandría, Antioquia, Colombia",False,6.4103231318,-75.1364200219,camilojotage,Gabriel Camilo Jaramillo Giraldo,cc-by-nc-sa,2
Spathiphyllum floribundum,469889,73587625,https://www.inaturalist.org/observations/73587625,needs_id,2021-02-25,"Alejandría, Antioquia, Colombia",False,6.3994108924,-75.1443408357,camilojotage,Gabriel Camilo Jaramillo Giraldo,cc-by-nc-sa,1
Spathiphyllum floribundum,469889,39478847,https://www.inaturalist.org/observations/39478847,needs_id,2020-03-01,"Otanche, Boyacá, Colombia",False,5.8263113111,-74.1328688711,eimernorbertogonzlezperez,Eimer González perez,,3
Spathiphyllum floribundum,469889,20072243,https://www.inaturalist.org/observations/20072243,needs_id,2019-01-23,"Rio Claro Nature Reserve, Antioquia District, Colombia",False,5.8937972222,-74.8558805556,sun_spider_fan,,,2
Spathiphyllum friedrichsthalii,206270,348170134,https://www.inaturalist.org/observations/348170134,needs_id,2025-08-06,"91488 Ver., México",False,19.5341026,-96.6944893997,santiagomaltes,Álvar Santiago Maltés Muñoz,cc-by-nc,1
Spathiphyllum friedrichsthalii,206270,254473323,https://www.inaturalist.org/observations/254473323,research,2024-12-07,"Huimanguillo, Tab., México",False,17.9904795357,-93.9119951289,alexiz,Alexis López Hernández,cc-by,3
Spathiphyllum friedrichsthalii,206270,242213050,https://www.inaturalist.org/observations/242213050,needs_id,2023-08-13,"27JM+X46, Provincia de Alajuela, Los Chiles, Costa Rica",False,11.039476,-84.710781,cholodendron,Francisco Mendoza,cc-by-nc,7
Spathiphyllum friedrichsthalii,206270,239316574,https://www.inaturalist.org/observations/239316574,research,2024-09-01,"Huimanguillo, MX-TB, MX",False,18.0035316667,-93.917175,juancruzado,Juan Cruzado Cortés,cc-by,1
Spathiphyllum friedrichsthalii,206270,232610317,https://www.inaturalist.org/observations/232610317,research,2024-07-19,"Caño Negro, Provincia de Alajuela, Los Chiles, Costa Rica",False,10.9275139805,-84.7615193948,c_biologist,Sam F,,1
Spathiphyllum friedrichsthalii,206270,224338720,https://www.inaturalist.org/observations/224338720,research,2024-05-23,"Santiago Comaltepec, Oaxaca, México",False,17.6850795744,-96.2928161619,eugenio_padilla,Eugenio Padilla,cc-by-nc,3
Spathiphyllum friedrichsthalii,206270,192882142,https://www.inaturalist.org/observations/192882142,research,2023-11-20,"94118 Ver., México",False,19.1803749264,-96.9615427405,amandavilacl,AMANDAVILACL,cc-by-nc,3
Spathiphyllum friedrichsthalii,206270,192110443,https://www.inaturalist.org/observations/192110443,needs_id,2023-11-24,"Cartagena Botanical Garden Guillermo Piñeres, Turbaco, Bolívar, CO",False,10.3549616667,-75.4285883333,majogc9,MARÍA J. GÓMEZ,,4
Spathiphyllum friedrichsthalii,206270,190735321,https://www.inaturalist.org/observations/190735321,needs_id,2023-11-10,"Veracruz, MX",True,18.8764136836,-96.99207013,santiagomaltes,Álvar Santiago Maltés Muñoz,cc-by-nc,4
Spathiphyllum friedrichsthalii,206270,185052366,https://www.inaturalist.org/observations/185052366,needs_id,2023-09-26,"H936+83H, Portobelo, Panamá",False,9.5535963997,-79.6395330997,alexespinosa601,Alex Espinosa,cc-by-nc,1
Spathiphyllum friedrichsthalii,206270,178285118,https://www.inaturalist.org/observations/178285118,research,2023-08-13,"Cahuita National Park, Talamanca, Limon, CR",False,9.73768,-82.8232116667,isabellahan,,cc-by-nc,2
Spathiphyllum friedrichsthalii,206270,167337261,https://www.inaturalist.org/observations/167337261,research,2023-06-14,"Luzon, Antipolo City, Rizal, PH",False,14.5814883333,121.1642833333,violetvioletviolet,,cc-by-nc,2
Spathiphyllum friedrichsthalii,206270,163938968,https://www.inaturalist.org/observations/163938968,needs_id,2023-05-27,"Presint 1, 62000 Putrajaya, Malaysia",False,2.9448195,101.6954544,simeechai,Sim Ee Chai,,1
Spathiphyllum friedrichsthalii,206270,155788252,https://www.inaturalist.org/observations/155788252,research,2023-04-12,"Huixtla, Chis., México",False,15.1669176981,-92.4941527851,alexiz,Alexis López Hernández,cc-by,4
Spathiphyllum friedrichsthalii,206270,153252769,https://www.inaturalist.org/observations/153252769,needs_id,2023-03-30,"Heredia Province, Sarapiqui, Costa Rica",False,10.4487083056,-84.0620566111,lostincr,LostInCR,,2
Spathiphyllum friedrichsthalii,206270,145585702,https://www.inaturalist.org/observations/145585702,research,2023-01-01,"Heredia Province, Sarapiqui, Costa Rica",False,10.3764743582,-83.9368855367,stefandominik,Stefan Dominik Brändel,,2
Spathiphyllum friedrichsthalii,206270,144692119,https://www.inaturalist.org/observations/144692119,needs_id,2022-11-17,"Chiriqui Grande, Panama",False,8.9588675185,-82.1557080285,ramon_d,,cc-by-nc,1
Spathiphyllum friedrichsthalii,206270,143248799,https://www.inaturalist.org/observations/143248799,research,2016-11-15,"Grounds Rana Roja Lodge, Tortuguero, Limón Province, Pococí, Costa Rica",False,10.54328,-83.51299,bartwursten,Bart Wursten,cc-by-nc,1
Spathiphyllum friedrichsthalii,206270,140137719,https://www.inaturalist.org/observations/140137719,needs_id,2022-10-26,"Naranjal, Ver., México",False,18.7930555556,-96.9402277778,carlosvieyrarojas,Carlos M Vieyra-Rojas,cc-by-nc,3
Spathiphyllum friedrichsthalii,206270,139882606,https://www.inaturalist.org/observations/139882606,needs_id,2022-10-10,"Limón Province, Costa Rica",False,9.7206166751,-82.8198623657,etantrah,Nate Hartley,cc-by-nc,1
Spathiphyllum friedrichsthalii,206270,139823344,https://www.inaturalist.org/observations/139823344,needs_id,2022-10-09,"Limón Province, Pococí, Costa Rica",False,10.5288036534,-83.5151958199,etantrah,Nate Hartley,cc-by-nc,1
Spathiphyllum friedrichsthalii,206270,127324846,https://www.inaturalist.org/observations/127324846,research,2022-06-27,b1,False,9.9815804015,-84.0790059681,botaneek,Nick Helme,cc-by-nc,1
Spathiphyllum friedrichsthalii,206270,123131093,https://www.inaturalist.org/observations/123131093,needs_id,2022-06-21,"Jardín Botánico de Cartagena ""Guillermo Piñeres""",False,10.3528499556,-75.4286829382,mateovillegas,Mateo Villegas Villegas,cc-by-nc,2
Spathiphyllum friedrichsthalii,206270,101243826,https://www.inaturalist.org/observations/101243826,needs_id,1996-02-08,"Heredia Province, Sarapiqui, Costa Rica",False,10.4304858299,-84.0078078492,jasonhernandez74,Jason Hernandez,cc0,1
Spathiphyllum friedrichsthalii,206270,89631017,https://www.inaturalist.org/observations/89631017,research,2021-07-29,"Tabasco, MX",False,17.6825539306,-92.5701815262,karhynna,Karina Monserrat,,4
Spathiphyllum friedrichsthalii,206270,89012699,https://www.inaturalist.org/observations/89012699,research,2021-07-16,"Barrio Flaminia, Heredia, Sarapiquí, Costa Rica",False,10.4353356747,-84.0057655765,j-stauffer,Jeff Stauffer,,1
Spathiphyllum friedrichsthalii,206270,71100529,https://www.inaturalist.org/observations/71100529,needs_id,2016-12-31,"Alajuela, San Carlos, Costa Rica",False,10.6750774423,-84.2072171659,elacroix-carignan,Étienne Lacroix-Carignan,cc0,1
Spathiphyllum friedrichsthalii,206270,64066730,https://www.inaturalist.org/observations/64066730,research,2020-11-01,"Santa Isabel District, Panama",False,9.5444655724,-79.2572881297,ramon_d,,cc-by-nc,1
Spathiphyllum friedrichsthalii,206270,41855970,https://www.inaturalist.org/observations/41855970,research,2020-03-31,Pinoltepec,False,19.4416697546,-96.7555601522,andialexanderlaraalcantara,Andi Alexander Lara Alcántara,,1
Spathiphyllum friedrichsthalii,206270,41092165,https://www.inaturalist.org/observations/41092165,research,2020-02-25,"Talamanca, CR-LI, CR",False,9.5823152872,-82.6252361387,nicolas187,Nicolas Morales,,1
Spathiphyllum friedrichsthalii,206270,17425672,https://www.inaturalist.org/observations/17425672,needs_id,2018-09-02,"Santa María Chimalapa, Oax., México",False,17.1622773368,-94.7811658964,geomanuel,,cc-by-nc,2
Spathiphyllum friedrichsthalii,206270,16478486,https://www.inaturalist.org/observations/16478486,research,2018-07-16,"San Juan Bautista Valle Nacional, Oax., México",False,17.7207566562,-96.2481204712,geomanuel,,cc-by-nc,1
Spathiphyllum friedrichsthalii,206270,6539054,https://www.inaturalist.org/observations/6539054,research,2017-05-28,"Minatitlán, Ver., México",False,17.8768033333,-94.5426583333,homerobeunicus,Homero Bennet,,1
Spathiphyllum friedrichsthalii,206270,3328237,https://www.inaturalist.org/observations/3328237,research,2016-03-15,"Greytown, Nicaragua",False,10.9521040138,-83.7406174151,vilseskog,Lena Struwe,cc-by-nc,1
Spathiphyllum friedrichsthalii,206270,3326730,https://www.inaturalist.org/observations/3326730,needs_id,2016-03-15,"San Juan del Norte, San Juan del Nte., Nicaragua",False,10.931906,-83.72656,evahedstrom,Eva Hedström,cc-by-nc,1
Spathiphyllum friedrichsthalii,206270,486710,https://www.inaturalist.org/observations/486710,research,2005-07-28,"Coatepec, Veracruz",False,19.472584,-96.951969,manesalinas,Mané Salinas Rodríguez,,1
Spathiphyllum friedrichsthalii,206270,395337,https://www.inaturalist.org/observations/395337,research,2012-10-01,Zoquitlán,False,18.338081,-97.02205,alexiz,Alexis López Hernández,cc-by,4
Spathiphyllum fulvovirens,702093,257076281,https://www.inaturalist.org/observations/257076281,needs_id,2025-01-01,"Campana, Provincia de Panamá Oeste, Panamá",False,8.6858234167,-79.9224014167,mabelin,Mabelin,cc-by-nc,3
Spathiphyllum fulvovirens,702093,149851981,https://www.inaturalist.org/observations/149851981,research,2023-01-31,"General de División Omar Torrijos Herrera, La Pintada, Coclé, Panama",False,8.6703694444,-80.5886472222,erikmer,,cc-by-nc,2
Spathiphyllum fulvovirens,702093,89866905,https://www.inaturalist.org/observations/89866905,research,2021-07-16,"Heredia Province, Sarapiqui, Costa Rica",False,10.4258282073,-84.0068421701,j-stauffer,Jeff Stauffer,,1
Spathiphyllum fulvovirens,702093,89737349,https://www.inaturalist.org/observations/89737349,needs_id,2021-07-16,"Heredia Province, Sarapiqui, Costa Rica",False,10.428427698,-84.0061809823,j-stauffer,Jeff Stauffer,,2
Spathiphyllum fulvovirens,702093,62853839,https://www.inaturalist.org/observations/62853839,research,2020-10-17,"Coclé Province, Panama",False,8.6658583466,-80.5903059425,ramon_d,,cc-by-nc,3
Spathiphyllum fulvovirens,702093,62168502,https://www.inaturalist.org/observations/62168502,research,2020-10-09,"Colón Province, Panama",False,9.5371536822,-79.5989570291,ramon_d,,cc-by-nc,3
Spathiphyllum fulvovirens,702093,10529377,https://www.inaturalist.org/observations/10529377,research,2016-07-20,"Heredia Province, Sarapiqui, Costa Rica",False,10.4335762793,-84.010432139,etantrah,Nate Hartley,cc-by-nc,2
Spathiphyllum gardneri,1516914,400597595,https://www.inaturalist.org/observations/400597595,research,2026-09-15,"Pau Terra, Uruaçu - GO, 76400-000, Brasil",False,-13.9518146389,-48.73698425,fred-leonel,Frederico Leonel,,11
Spathiphyllum gardneri,1516914,381503151,https://www.inaturalist.org/observations/381503151,needs_id,2026-01-12,"5G36+G5, Caxias - MA, Brasil",False,-4.8460907997,-43.4880897997,samuel_levi_,Samuel Levi,,2
Spathiphyllum gardneri,1516914,376124303,https://www.inaturalist.org/observations/376124303,research,2026-01-17,"Carolina - Maranhão, 65980-000, Brésil",False,-7.0646716667,-47.47017,robin_heymans,Robin Heymans,cc-by-nc,3
Spathiphyllum humboldtii,1280380,397928023,https://www.inaturalist.org/observations/397928023,needs_id,2026-09-04,"Nancibo, Montsinéry-Tonnegrande 97356, Guyane française",False,4.6739774377,-52.4745008815,pelletier_vincent973,,cc-by-nc,1
Spathiphyllum humboldtii,1280380,357684400,https://www.inaturalist.org/observations/357684400,research,2026-04-26,"Roura, Cayenne, French Guiana",False,4.32833181,-52.33816214,botanils,Nils Servientis - Bivouac Naturaliste,cc-by-nc,6
Spathiphyllum humboldtii,1280380,357684394,https://www.inaturalist.org/observations/357684394,needs_id,2026-04-26,"Roura, Cayenne, French Guiana",False,4.32820608,-52.33820463,botanils,Nils Servientis - Bivouac Naturaliste,cc-by-nc,3
Spathiphyllum humboldtii,1280380,356618854,https://www.inaturalist.org/observations/356618854,research,2026-04-24,"Saint-Georges 97313, Guyane française",False,3.8588527778,-51.8716361111,guillaume_leotard,Guillaume Léotard,cc-by-nc,1
Spathiphyllum humboldtii,1280380,356555332,https://www.inaturalist.org/observations/356555332,needs_id,2026-04-25,"Sinnamary 97315, Guyane française",False,5.357521,-53.003101,robin_heymans,Robin Heymans,cc-by-nc,1
Spathiphyllum humboldtii,1280380,343665059,https://www.inaturalist.org/observations/343665059,research,2026-03-11,"Montsinéry-Tonnegrande 97356, Guyane française",False,4.8191033333,-52.5179566667,jpiolain,Julien Piolain,cc-by-nc,4
Spathiphyllum humboldtii,1280380,339246121,https://www.inaturalist.org/observations/339246121,needs_id,2026-02-14,"Parauapebas, PA, BR",False,-6.1686466667,-50.350525,medina112,Medina,,7
Spathiphyllum humboldtii,1280380,335116698,https://www.inaturalist.org/observations/335116698,research,2026-01-10,"Montsinéry-Tonnégrande, GF-CY, GF",False,4.8511671067,-52.4967263718,jpiolain,Julien Piolain,cc-by-nc,9
Spathiphyllum humboldtii,1280380,333629341,https://www.inaturalist.org/observations/333629341,research,2025-12-06,"Saint-Georges (de l'Oyapock), Cayenne, French Guiana",False,3.858791,-51.8715529722,fmunoz,,cc-by-nc,3
Spathiphyllum humboldtii,1280380,277851393,https://www.inaturalist.org/observations/277851393,needs_id,2025-04-28,"Montsinéry-Tonnegrande 97356, Guyane française",False,4.7836847129,-52.5087913144,pelletier_vincent973,,cc-by-nc,1
Spathiphyllum humboldtii,1280380,277756161,https://www.inaturalist.org/observations/277756161,needs_id,2025-04-25,"Roura, Cayenne, French Guiana",False,4.55694872,-52.45168247,botanils,Nils Servientis - Bivouac Naturaliste,cc-by-nc,1
Spathiphyllum humboldtii,1280380,277189697,https://www.inaturalist.org/observations/277189697,research,2025-04-26,"Roura 97352, Guyane française",False,4.62764,-52.306952,guillaume_leotard,Guillaume Léotard,cc-by-nc,3
Spathiphyllum humboldtii,1280380,273089663,https://www.inaturalist.org/observations/273089663,research,2025-04-25,"Remire-Montjoly 97354, Guyane française",False,4.8769922222,-52.2624664167,robin_heymans,Robin Heymans,cc-by-nc,3
Spathiphyllum humboldtii,1280380,257399843,https://www.inaturalist.org/observations/257399843,research,2024-12-28,"Saint-Georges 97313, Guyane française",False,3.8049657215,-51.8886428928,guillaume_leotard,Guillaume Léotard,cc-by-nc,2
Spathiphyllum humboldtii,1280380,256759483,https://www.inaturalist.org/observations/256759483,research,2024-12-29,"Saint-Georges (de l'Oyapock), Cayenne, French Guiana",False,3.9120637,-51.8296587,anonyme973,,cc-by-nc-sa,7
Spathiphyllum humboldtii,1280380,256758045,https://www.inaturalist.org/observations/256758045,research,2024-12-28,"Saint-Georges (de l'Oyapock), GF-CY, GF",False,3.8031544962,-51.8897401017,anonyme973,,cc-by-nc-sa,2
Spathiphyllum humboldtii,1280380,212509493,https://www.inaturalist.org/observations/212509493,research,2024-04-29,"Matoury 97351, Guyane française",False,4.843402,-52.336897,guillaume_leotard,Guillaume Léotard,cc-by-nc,3
Spathiphyllum humboldtii,1280380,200186988,https://www.inaturalist.org/observations/200186988,research,2019-03-07,"Saül 97314, Guyane française, Roche Dachine.",False,3.4676189423,-53.2344894409,sebsant,Sébastien SANT,cc0,2
Spathiphyllum humboldtii,1280380,200186650,https://www.inaturalist.org/observations/200186650,research,2021-01-29,"Camopi 97330, Guyane française, Crique Mémora",False,3.3291931152,-52.235824585,sebsant,Sébastien SANT,cc0,4
Spathiphyllum humboldtii,1280380,194847177,https://www.inaturalist.org/observations/194847177,research,2023-12-24,"Parc Naturel Régional de la Guyane, Place gaston monerville, 97311, Guyane française",False,4.5542583333,-52.4491916667,accidentalshrike,,cc-by-nc,2
Spathiphyllum humboldtii,1280380,192588581,https://www.inaturalist.org/observations/192588581,research,2023-11-25,"Saint-Georges (de l'Oyapock), GF-CY, GF",False,3.8156543834,-51.8976421282,citronnelle_50,Jessica Launay,cc-by-nc,3
Spathiphyllum humboldtii,1280380,192550438,https://www.inaturalist.org/observations/192550438,needs_id,2023-09-15,"Sinnamary 97315, Guyane française",False,5.3565921667,-52.9480590556,robin_heymans,Robin Heymans,cc-by-nc,1
Spathiphyllum humboldtii,1280380,173845567,https://www.inaturalist.org/observations/173845567,research,2023-07-14,"Régina 97390, Guyane française",False,4.2141396,-52.1883379,citronnelle_50,Jessica Launay,cc-by-nc,2
Spathiphyllum humboldtii,1280380,160660311,https://www.inaturalist.org/observations/160660311,research,2021-01-08,"Bagne des annamites, Montsinéry-Tonnegrande 97356, Guyane française",False,4.8326916667,-52.5124233333,olivier_fortune,Olivier Fortune - Isabelle Delafosse,cc-by-nc,3
Spathiphyllum humboldtii,1280380,149345872,https://www.inaturalist.org/observations/149345872,research,2023-02-21,"Saint-Laurent-du-Maroni 97320, Guyane française",False,5.504455,-54.0197582997,robin_heymans,Robin Heymans,cc-by-nc,3
Spathiphyllum humboldtii,1280380,148558559,https://www.inaturalist.org/observations/148558559,research,2023-01-24,"Matoury, Cayenne, French Guiana",False,4.8573138,-52.335849,botanils,Nils Servientis - Bivouac Naturaliste,cc-by-nc,8
Spathiphyllum humboldtii,1280380,147304903,https://www.inaturalist.org/observations/147304903,research,2023-01-24,"Matoury, GF",False,4.8572133333,-52.3358633333,gabrielly_delamarche,,,4
Spathiphyllum humboldtii,1280380,146179410,https://www.inaturalist.org/observations/146179410,research,2023-01-07,"Sinnamary 97315, Guyane française",False,5.2929215425,-53.051127753,jpiolain,Julien Piolain,cc-by-nc,6
Spathiphyllum humboldtii,1280380,144619987,https://www.inaturalist.org/observations/144619987,research,2022-12-12,"Roura 97352, Guyane française",False,4.121915,-52.6177009722,guillaume_delaitre,Guillaume Delaitre,cc-by,2
Spathiphyllum humboldtii,1280380,107578719,https://www.inaturalist.org/observations/107578719,research,2022-02-19,"Régina, Guyane française",False,4.079537,-52.683857,guillaume_delaitre,Guillaume Delaitre,cc-by,2
Spathiphyllum humboldtii,1280380,106022667,https://www.inaturalist.org/observations/106022667,research,2021-11-19,"Itaituba - PA, Brasil",False,-4.6875499722,-56.4561059722,guilherme_cabral,Guilherme Cabral,cc-by-nc,2
Spathiphyllum humboldtii,1280380,94705528,https://www.inaturalist.org/observations/94705528,research,2016-11-19,"Saül, Guyane française, monts Galbao, Parc Amazonien de Guyane.",False,3.6021766667,-53.2751566667,sebsant,Sébastien SANT,cc0,2
Spathiphyllum juninense,1512610,337353564,https://www.inaturalist.org/observations/337353564,needs_id,2026-02-01,"Provinz Oxapampa, Peru",False,-10.1998116667,-75.152975,guegerl,Günter Gerlach,cc-by-nc,5
Spathiphyllum juninense,1512610,192164637,https://www.inaturalist.org/observations/192164637,needs_id,2017-08-13,"Manú Province, Peru",False,-12.5685425346,-70.0972652435,etantrah,Nate Hartley,cc-by-nc,8
Spathiphyllum laeve,937752,234945827,https://www.inaturalist.org/observations/234945827,research,2024-08-10,"Vía 245, Osa, Puntarenas, CR",False,8.7510633333,-83.3627783333,marcelce,Marcel Esquivel,,5
Spathiphyllum laeve,937752,234943502,https://www.inaturalist.org/observations/234943502,research,2024-08-10,"Vía 245, Osa, Puntarenas, CR",False,8.751155,-83.36203,marcelce,Marcel Esquivel,,5
Spathiphyllum laeve,937752,221187249,https://www.inaturalist.org/observations/221187249,needs_id,2024-06-07,"Osa, Puntarenas, CR",False,8.7492783333,-83.3619166667,lostincr,LostInCR,,4
Spathiphyllum laeve,937752,199381424,https://www.inaturalist.org/observations/199381424,needs_id,2024-01-07,"Heredia Province, Sarapiqui, Costa Rica",False,10.410569439,-84.1185693304,dirkm,Dirk Mezger,cc-by-nc,4
Spathiphyllum laeve,937752,197017823,https://www.inaturalist.org/observations/197017823,research,2024-01-16,"Guna Yala, Guna Yala Comarca, Panama",False,9.3131896528,-79.2055067428,ramon_d,,cc-by-nc,2
Spathiphyllum laeve,937752,139823301,https://www.inaturalist.org/observations/139823301,needs_id,2022-10-08,"Limón Province, Guapiles, Costa Rica",False,10.1584866565,-83.9371659121,etantrah,Nate Hartley,cc-by-nc,3
Spathiphyllum laeve,937752,66557436,https://www.inaturalist.org/observations/66557436,research,2020-12-11,"Colón Province, Panama",False,9.5199009167,-79.5825683265,ramon_d,,cc-by-nc,2
Spathiphyllum lanceifolium,1516922,358279547,https://www.inaturalist.org/observations/358279547,needs_id,2026-04-29,"Rio Claro Reserva Natural, Sonsón, Antioquia, CO",False,5.8787116667,-74.8477033333,felipemzambrano,Felipe Mesa,,3
Spathiphyllum lechlerianum,1152889,242985078,https://www.inaturalist.org/observations/242985078,needs_id,2024-09-15,"Puente Tono, Departamento de Madre de Dios, PE",False,-12.9064366667,-71.4046166667,ocean_bird,,cc-by-nc,1
Spathiphyllum lechlerianum,1152889,144802771,https://www.inaturalist.org/observations/144802771,research,2022-12-16,"Provincia de Paucartambo, Perú",False,-13.0294770763,-71.3355659388,lucel_2448,Lucely L. Vilca Bustamante,cc-by-nc,6
Spathiphyllum lechlerianum,1152889,89360525,https://www.inaturalist.org/observations/89360525,research,2019-10-26,"Madre de Dios, PE",False,-12.6590368136,-71.264503198,blazeclaw,Jared Shorma,cc-by,2
Spathiphyllum lechlerianum,1152889,65440916,https://www.inaturalist.org/observations/65440916,research,2018-10-01,"Paucartambo Province, Peru",False,-13.0207936157,-71.5140159338,rileyfortierii,Riley Fortier,cc-by-nc,3
Spathiphyllum maldonadoanum,1452656,339985422,https://www.inaturalist.org/observations/339985422,research,2022-03-07,"Ocozocoautla de Espinosa, Chis., México",False,16.9141977257,-93.5250646407,luishumbertonambue,Luis Humberto Vicente-Rivera,cc-by,4
Spathiphyllum maldonadoanum,1452656,339683403,https://www.inaturalist.org/observations/339683403,research,2026-02-20,"Tacotalpa, MX-TB, MX",False,17.3711166667,-92.7315383333,juancruzado,Juan Cruzado Cortés,cc-by,1
Spathiphyllum matudae,284038,383525288,https://www.inaturalist.org/observations/383525288,research,2026-07-03,"Huixtla, Chis., México",False,15.1565902712,-92.4791857668,alexiz,Alexis López Hernández,cc-by,3
Spathiphyllum matudae,284038,381917829,https://www.inaturalist.org/observations/381917829,research,2024-02-25,"Huixtla, Chis., México",False,15.1982239472,-92.476334805,alexiz,Alexis López Hernández,cc-by,2
Spathiphyllum matudae,284038,226541023,https://www.inaturalist.org/observations/226541023,research,2024-05-15,"30498 Chis., México",False,16.3033195997,-93.7069884997,aztekium,Carlos G Velazco-Macias,cc-by-nc,6
Spathiphyllum matudae,284038,42372524,https://www.inaturalist.org/observations/42372524,research,2017-01-04,"Huixtla, Chis., México",False,15.2297462179,-92.4815518016,alexiz,Alexis López Hernández,cc-by,3
Spathiphyllum mixtecorum,1551239,186914309,https://www.inaturalist.org/observations/186914309,research,2023-10-09,"Santa María Yucuhiti, Oax., México",False,17.0749001167,-97.8342126689,ubaldoedgar,Ubaldo Edgar García López,cc-by-nc,1
Spathiphyllum montanum,335598,294928454,https://www.inaturalist.org/observations/294928454,needs_id,2025-07-03,"Coto Brus, Puntarenas, CR",False,8.87002,-82.9961,marcelce,Marcel Esquivel,,4
Spathiphyllum montanum,335598,238121851,https://www.inaturalist.org/observations/238121851,needs_id,2024-08-26,"Provincia de Puntarenas, Monteverde, Costa Rica",False,10.30259728,-84.7953557,elvis_alberto1,elvis alberto muñoz vega,,4
Spathiphyllum montanum,335598,199774795,https://www.inaturalist.org/observations/199774795,needs_id,2024-02-16,"Provincia de Puntarenas, Monteverde, Costa Rica",False,10.3072083021,-84.8055574723,ehecatlheloderm,Kevin Meza,cc-by-nc,2
Spathiphyllum montanum,335598,192355002,https://www.inaturalist.org/observations/192355002,needs_id,2023-11-27,"Abangares, CR-GU, CR",False,10.3364200997,-84.8100294997,criss_a,Criss Acuña,cc-by,1
Spathiphyllum montanum,335598,162526314,https://www.inaturalist.org/observations/162526314,needs_id,2023-05-18,"Puntarenas Province, Costa Rica",False,8.9353633218,-82.752501592,marcelce,Marcel Esquivel,,1
Spathiphyllum montanum,335598,71088975,https://www.inaturalist.org/observations/71088975,needs_id,2021-03-07,,True,,,ramon_d,,cc-by-nc,3
Spathiphyllum montanum,335598,39923505,https://www.inaturalist.org/observations/39923505,needs_id,2016-02-18,"Sta Elena, Puntarenas Province, Monteverde, Costa Rica",False,10.3434622179,-84.7943777592,arjonker,Anneke Jonker,cc-by-nc,1
Spathiphyllum montanum,335598,33999264,https://www.inaturalist.org/observations/33999264,needs_id,2019-04-05,"Puntarenas Province, Monteverde, Costa Rica",False,10.3437083449,-84.7960975668,radinis,,cc-by-nc,1
Spathiphyllum montanum,335598,19873176,https://www.inaturalist.org/observations/19873176,needs_id,2001-04-12,Monteverde Cloud Forest Reserve,False,10.311844,-84.791313,stevendaniel,Steven Daniel,cc-by-nc,1
Spathiphyllum montanum,335598,2670894,https://www.inaturalist.org/observations/2670894,research,2016-01-07,Monterverde Cloudy Forest,False,10.30292,-84.79427,yaoshawn,Shen-hao Yao,cc-by-nc,2
Spathiphyllum montanum,335598,446694,https://www.inaturalist.org/observations/446694,research,2011-02-01,"Monte Verde, Puntarenas, Costa Rica",False,10.303149,-84.791879,anita363,Anita,cc-by-nc-sa,1
Spathiphyllum patinii,926683,342434116,https://www.inaturalist.org/observations/342434116,needs_id,2026-03-11,"Pocitos, San Francisco, Antioquia, CO",False,5.874939,-74.9239685,marta200917,,cc-by-nc,1
Spathiphyllum patinii,926683,334159832,https://www.inaturalist.org/observations/334159832,needs_id,2025-10-15,"Sonsón, Antioquia, Colombia",False,5.891,-74.855,lallen,,cc0,2
Spathiphyllum patinii,926683,330041738,https://www.inaturalist.org/observations/330041738,research,2025-11-09,"Antioquia, CO",True,5.9408414423,-74.8294054695,connorconnollymoyls,Connor Connolly-Moyls,cc-by,5
Spathiphyllum patinii,926683,321405761,https://www.inaturalist.org/observations/321405761,needs_id,2025-10-15,"Sonsón, Antioquia, Colombia",False,5.8881083333,-74.8551666667,rdpalacio,Ruben Dario Palacio,cc-by-nc,1
Spathiphyllum patinii,926683,271809158,https://www.inaturalist.org/observations/271809158,research,2025-01-04,"Antioquia, CO",True,5.8474756018,-74.8577214331,pecosvalleydiamond,Moses J. Michelsohn,cc-by-nc,1
Spathiphyllum patinii,926683,262576411,https://www.inaturalist.org/observations/262576411,needs_id,2025-02-05,"Bolívar, Santander, Colombia",False,6.020217,-74.209167,aura_jurado,Aura Jurado,,3
Spathiphyllum patinii,926683,254122030,https://www.inaturalist.org/observations/254122030,needs_id,2024-12-03,"San Francisco, Antioquia, Colombia",False,5.9148802,-74.858206,bencostamagna,Ben Costamagna,cc-by,2
Spathiphyllum patinii,926683,195692734,https://www.inaturalist.org/observations/195692734,research,2024-01-03,"San Francisco, Antioquia, Kolumbien",False,5.9097503,-74.8578405,tom-kirschey,Tom Kirschey,cc-by-nc,1
Spathiphyllum phryniifolium,281183,378202083,https://www.inaturalist.org/observations/378202083,needs_id,2026-07-01,"La Chorrera District, Panamá Oeste Province, Panama",False,9.1554392576,-79.8410770796,nicolasr,Andrés Ramírez-Barrera,,2
Spathiphyllum phryniifolium,281183,330856443,https://www.inaturalist.org/observations/330856443,needs_id,2025-11-01,"El Palmar, Guatemala",False,14.7414659352,-91.6284796883,marenee_alvarez,,cc-by-nc,1
Spathiphyllum phryniifolium,281183,303220918,https://www.inaturalist.org/observations/303220918,research,2025-07-28,"30378 Chis., México",False,15.7976425609,-92.6402515545,belester,Belester Perez Ortiz,,2
Spathiphyllum phryniifolium,281183,269504721,https://www.inaturalist.org/observations/269504721,research,2025-04-08,"Ocosingo, Chis., México",False,17.0613080343,-91.3696312588,guillermo_sg,Guillermo SG,cc-by-nc,2
Spathiphyllum phryniifolium,281183,260825612,https://www.inaturalist.org/observations/260825612,research,2016-06-11,"Huixtla, Chis., México",False,15.2452109116,-92.45803745,luishumbertonambue,Luis Humberto Vicente-Rivera,cc-by,1
Spathiphyllum phryniifolium,281183,259202513,https://www.inaturalist.org/observations/259202513,research,2025-01-19,"Ocozocoautla de Espinosa, Chis., México",False,16.8791682576,-93.4563129689,matteocassella,Matteo Cassella,cc-by-sa,2
Spathiphyllum phryniifolium,281183,257191694,https://www.inaturalist.org/observations/257191694,research,2024-12-09,"Provincia de Puntarenas, Golfito, Costa Rica",False,8.672,-83.255,leo_alvalc,Leonardo Álvarez-Alcázar,cc-by-nc,1
Spathiphyllum phryniifolium,281183,242119968,https://www.inaturalist.org/observations/242119968,research,2024-09-03,"PW4P+G5 Pista de aterrizaje zona arqueológica, 29933 Bonampak, Chis., México",False,16.7057005508,-91.064305231,lalobg,Lalo B. G.,,2
Spathiphyllum phryniifolium,281183,232850162,https://www.inaturalist.org/observations/232850162,research,2016-10-29,"Ocozocoautla de Espinosa, Chis., México",False,17.0251523264,-93.5191067342,guillermo_1985,Manuel Guillermo Millán Otero,cc-by-nc,2
Spathiphyllum phryniifolium,281183,221182627,https://www.inaturalist.org/observations/221182627,research,2024-06-07,"Osa, Puntarenas, CR",False,8.7490966667,-83.361825,lostincr,LostInCR,,4
Spathiphyllum phryniifolium,281183,191619047,https://www.inaturalist.org/observations/191619047,needs_id,2023-11-20,"Cerro Gaital, Cocle, PA",False,8.6242833333,-80.1186221667,oli_in_gold,Oliver Ingold,,3
Spathiphyllum phryniifolium,281183,157336225,https://www.inaturalist.org/observations/157336225,research,2023-04-27,"Puntarenas Province, Costa Rica",False,8.8642589771,-83.4934365963,lostincr,LostInCR,,6
Spathiphyllum phryniifolium,281183,145398391,https://www.inaturalist.org/observations/145398391,needs_id,2022-12-28,"9MC2+587, San Juan Chamelco, Guatemala",False,15.3708469324,-90.3485138342,linnaeacahill,,cc-by-nc,1
Spathiphyllum phryniifolium,281183,142948269,https://www.inaturalist.org/observations/142948269,needs_id,2022-11-26,"Cumbres del Norte, Panamá",False,9.1146751167,-79.5246749306,aygleinigsmonroy11c2,,cc-by-nc,1
Spathiphyllum phryniifolium,281183,116900518,https://www.inaturalist.org/observations/116900518,needs_id,2022-05-11,"La Chorrera, Panamá",False,9.1551376337,-79.8490247503,andreshs,Andres Hernandez,cc-by,1
Spathiphyllum phryniifolium,281183,105247262,https://www.inaturalist.org/observations/105247262,needs_id,2022-01-19,"Santa Fe District, Panama",False,8.5492235151,-81.1581462622,ramon_d,,cc-by-nc,1
Spathiphyllum phryniifolium,281183,68671542,https://www.inaturalist.org/observations/68671542,needs_id,2021-01-24,"Darién Province, Panama",False,8.7910185074,-78.4445066512,ramon_d,,cc-by-nc,4
Spathiphyllum phryniifolium,281183,68058585,https://www.inaturalist.org/observations/68058585,research,2021-01-12,"Golfito, Puntarenas, Costa Rica",False,8.5271453856,-83.3019104003,veroalpizar,,cc-by-nc,1
Spathiphyllum phryniifolium,281183,63296275,https://www.inaturalist.org/observations/63296275,research,2020-10-22,"Francisco I. Madero, Tuxtla Gutiérrez, Chis., México",False,16.7263379722,-93.09653,luishumbertonambue,Luis Humberto Vicente-Rivera,cc-by,5
Spathiphyllum quindiuense,1148407,255236618,https://www.inaturalist.org/observations/255236618,needs_id,2019-07-13,Panama,True,8.7195921088,-80.2743067692,aesculus_californica,Giancarlo Gollotti,,2
Spathiphyllum quindiuense,1148407,193140985,https://www.inaturalist.org/observations/193140985,needs_id,2022-04-20,Panama,True,8.8804281199,-82.2232735965,njweess,,cc-by-nc,1
Spathiphyllum quindiuense,1148407,149675088,https://www.inaturalist.org/observations/149675088,research,2023-01-24,Panama,False,9.2228198488,-78.5097188572,erikmer,,cc-by-nc,3
Spathiphyllum quindiuense,1148407,115376231,https://www.inaturalist.org/observations/115376231,research,2022-04-20,Panama,True,8.9158940028,-82.3823476556,njweess,,cc-by-nc,1
Spathiphyllum quindiuense,1148407,63928875,https://www.inaturalist.org/observations/63928875,research,2020-10-31,"Guna Yala, Panama",False,9.2867985665,-79.0330407126,ramon_d,,cc-by-nc,5
Spathiphyllum quindiuense,1148407,58784680,https://www.inaturalist.org/observations/58784680,research,2020-02-22,Panama,False,9.2859342192,-79.3984642824,ramon_d,,cc-by-nc,3
Spathiphyllum silvicola,1404464,257195056,https://www.inaturalist.org/observations/257195056,needs_id,2024-12-12,"Provincia de Puntarenas, Golfito, Costa Rica",False,8.6713980054,-83.2570463419,leo_alvalc,Leonardo Álvarez-Alcázar,cc-by-nc,1
Spathiphyllum silvicola,1404464,175305842,https://www.inaturalist.org/observations/175305842,needs_id,2023-06-26,"Provincia de Puntarenas, Osa, Costa Rica",False,8.6780027236,-83.6980819351,leo_alvalc,Leonardo Álvarez-Alcázar,cc-by-nc,1
Spathiphyllum silvicola,1404464,111013492,https://www.inaturalist.org/observations/111013492,research,2022-04-10,"Puntarenas Province, Costa Rica",False,8.7850444444,-82.9604916667,kim323,Kim Brown,cc-by-nc,2
Spathiphyllum uspanapaense,1477374,395291218,https://www.inaturalist.org/observations/395291218,needs_id,2026-07-30,"San Andrés Tuxtla, Ver., México",False,18.5900311014,-95.0837070772,edgarku,,cc-by-nc-sa,1
Spathiphyllum wallisii,284040,404427084,https://www.inaturalist.org/observations/404427084,needs_id,2026-09-28,"Colombo, Sri Lanka",False,6.8220892689,80.0420849293,indurangiumansha,,cc-by-nc,1
Spathiphyllum wallisii,284040,404084748,https://www.inaturalist.org/observations/404084748,needs_id,2026-09-27,"El Poblado, Medellín, El Poblado, Medellín, Antioquia, Colombia",False,6.2090645,-75.5676977,mclopezm1,,cc-by-nc,1
Spathiphyllum wallisii,284040,403834852,https://www.inaturalist.org/observations/403834852,needs_id,2026-09-16,Costa Rica,True,10.6031574125,-84.3782673973,peterdjones,Peter Jones,,1
Spathiphyllum wallisii,284040,403758250,https://www.inaturalist.org/observations/403758250,needs_id,2026-09-26,"Airport Road, Saint Vincent and the Grenadines, VC",False,12.8863952171,-61.1797299276,lockesha,Lockesha Harry,cc-by-nc,1
Spathiphyllum wallisii,284040,403550820,https://www.inaturalist.org/observations/403550820,research,2026-09-26,"Rio de Janeiro, BR-RJ, BR",False,-22.9607433333,-43.1750266667,regina81652,Regina Affonso,cc-by-nc,1
Spathiphyllum wallisii,284040,403213015,https://www.inaturalist.org/observations/403213015,needs_id,2026-09-25,"Davao City, Davao, PH",False,7.1310805,125.3827366667,arrabis_mangosteen,Blanch Velasco,cc-by-nc,1
Spathiphyllum wallisii,284040,403189989,https://www.inaturalist.org/observations/403189989,needs_id,2026-09-25,"49JJ+CWF, Calinan District, Davao City, Davao del Sur, Philippines",False,7.13066409,125.3822011797,calim_11mx3,,cc-by-nc,1
Spathiphyllum wallisii,284040,403145391,https://www.inaturalist.org/observations/403145391,needs_id,2026-09-24,"SW Indian Key Dr, Port Saint Lucie, FL, US",False,27.3044616667,-80.37702,taetae18,,cc-by-nc,1
Spathiphyllum wallisii,284040,402961686,https://www.inaturalist.org/observations/402961686,needs_id,2026-06-12,"Q6F5+WV8, Yercaud, Tamil Nadu 636601, India",False,11.7747918065,78.2097052038,rathunam,Rathunam,cc-by-nc,1
Spathiphyllum wallisii,284040,402665738,https://www.inaturalist.org/observations/402665738,needs_id,2026-09-16,"289H+549 Pgsd Universitas Semarang, Wonosari, Kec. Ngaliyan, Kota Semarang, Jawa Tengah 50244, Indonesia",False,-6.9823904157,110.3278492391,choirurrokhis,Choirur Rokhis,cc-by-nc,1
Spathiphyllum wallisii,284040,402051419,https://www.inaturalist.org/observations/402051419,needs_id,2026-09-20,,True,,,natatatat23,,cc-by-nc,1
Spathiphyllum wallisii,284040,401740002,https://www.inaturalist.org/observations/401740002,needs_id,2026-09-19,"Rio Branco, AC, BR",False,-10.018675,-67.534905,richardsilva,Rkzon Solva,cc-by-nc,1
Spathiphyllum wallisii,284040,401517414,https://www.inaturalist.org/observations/401517414,needs_id,2026-09-19,"Aléia Cândido Baptista, Rio de Janeiro, RJ, BR",False,-22.9676131338,-43.2209590529,millenepalha,,cc-by-nc,3
Spathiphyllum wallisii,284040,401480460,https://www.inaturalist.org/observations/401480460,needs_id,2026-09-19,,True,,,nasko7,,cc-by-nc,1
Spathiphyllum wallisii,284040,401246201,https://www.inaturalist.org/observations/401246201,needs_id,2026-09-18,Naranjo de Alajuela,False,10.1364965439,-84.3718185425,los2005,Carlos,cc-by-nc,1
Spathiphyllum wallisii,284040,401242672,https://www.inaturalist.org/observations/401242672,needs_id,2026-09-18,"Gyalshing, Sikkim, India",False,27.2885822602,88.2217735425,shemonlimboo_02,,cc-by-nc,1
Spathiphyllum wallisii,284040,401198923,https://www.inaturalist.org/observations/401198923,needs_id,2026-09-18,13 ตำบล คลองใหญ่ อำเภอ คลองใหญ่ ตราด 23110 ประเทศไทย,False,11.7711227853,102.8812529705,thimaphon,Thimaphon Sirilap,cc-by-nc,1
Spathiphyllum wallisii,284040,401130755,https://www.inaturalist.org/observations/401130755,needs_id,2026-09-17,"Talamanca, Limon, CR",False,9.717625,-82.8211583333,ahighton,,cc-by-nc,1
Spathiphyllum wallisii,284040,400706942,https://www.inaturalist.org/observations/400706942,needs_id,2026-09-16,"Diagonal 32, Envigado, Antioquia, CO",False,6.1672940174,-75.5819693976,toniasofiroxi,,cc-by-nc,1
Spathiphyllum wallisii,284040,400679953,https://www.inaturalist.org/observations/400679953,needs_id,2026-09-16,"288H+V4W, Wonosari, Kec. Ngaliyan, Kota Semarang, Jawa Tengah 50244, Indonesia",False,-6.9826310997,110.3276003997,marsellaaledya,,cc-by-nc,1
Spathiphyllum wallisii,284040,399832833,https://www.inaturalist.org/observations/399832833,needs_id,2026-09-12,"Goldway, Ixopo, KwaZulu-Natal, ZA",False,-30.1625263426,30.0589215857,jeremy_booysen,Jeremy Booysen,cc-by-nc,1
Spathiphyllum wallisii,284040,399775538,https://www.inaturalist.org/observations/399775538,research,2026-09-12,"La Ceja, CO-AN, CO",False,6.050039454,-75.4197741058,fernando35258,Fernando Borda,cc-by-nc,1
Spathiphyllum wallisii,284040,399725827,https://www.inaturalist.org/observations/399725827,needs_id,2026-06-13,"Orchard Ln, Sugar Land, TX, US",False,29.6235318838,-95.624811648,luke_naturalist1,,cc-by-nc,1
Spathiphyllum wallisii,284040,399533033,https://www.inaturalist.org/observations/399533033,needs_id,2026-08-06,"sendero área de colibris, Antigua Guatemala, Sacatepéquez, GT",False,14.542375,-90.7127616667,katiagoldberg,,cc-by-nc,1
Spathiphyllum wallisii,284040,399421029,https://www.inaturalist.org/observations/399421029,needs_id,2013-11-04,"Maribel, La Estrella, Antioquia, Colombia",False,6.157919697,-75.6341797464,luchogu,Luis G Restrepo,cc-by,1
Spathiphyllum wallisii,284040,399377590,https://www.inaturalist.org/observations/399377590,needs_id,2026-09-11,"Poulsbo, WA 98370, USA",False,47.73272186,-122.62230261,kjez,,cc-by-nc,1
Spathiphyllum wallisii,284040,399276468,https://www.inaturalist.org/observations/399276468,needs_id,2026-09-11,"Uin Sunan Kalijaga Yogyakarta, Papringan, Caturtunggal, Kec. Depok, Kabupaten Sleman, Daerah Istimewa Yogyakarta 55281, Indonesia",False,-7.7851666667,110.3933472222,isnaeny,Isnaeny Rahma,cc-by-nc,1
Spathiphyllum wallisii,284040,399127436,https://www.inaturalist.org/observations/399127436,needs_id,2026-09-10,"Arcabuco, Boyacá, Colombia",False,5.7563361111,-73.4363166667,majomoyanoag,,cc-by-nc,1
Spathiphyllum wallisii,284040,398638811,https://www.inaturalist.org/observations/398638811,needs_id,2026-07-28,"Monteverde Cloud Forest Reserve, Puntarenas, CR",False,10.2995966715,-84.7913883333,kelly-welly,Kellen Vance,,2
Spathiphyllum wallisii,284040,398628504,https://www.inaturalist.org/observations/398628504,needs_id,2026-09-09,"Semarang, Central Java, ID",False,-6.9826583333,110.327605,pratista1,Pratista Nareswari,cc-by-nc,1
Spathiphyllum wallisii,284040,398590261,https://www.inaturalist.org/observations/398590261,needs_id,2026-09-09,"Semarang, Central Java, ID",False,-6.9825883333,110.327605,najwazahira,,cc-by-nc,1
Spathiphyllum wallisii,284040,398043580,https://www.inaturalist.org/observations/398043580,needs_id,2026-09-07,"Badariya Nagar Road, Taliparamba, Kerala, IN",False,12.0392736834,75.3789231622,adya_suman,Adya Suman,cc-by-nc,1
Spathiphyllum wallisii,284040,397993933,https://www.inaturalist.org/observations/397993933,needs_id,2026-09-06,"San Ramon, Alajuela, CR",False,10.0698333333,-84.5042716667,ronil_tataria,Ronil Tataria,cc-by-nc,1
Spathiphyllum wallisii,284040,397169694,https://www.inaturalist.org/observations/397169694,needs_id,2022-03-29,"Puntarenas Province, Monteverde, Costa Rica",False,10.3044109717,-84.794025,tomfeild,Tom Field,cc-by,3
Spathiphyllum wallisii,284040,396593997,https://www.inaturalist.org/observations/396593997,needs_id,2026-09-02,"288H+V4W, Wonosari, Kec. Ngaliyan, Kota Semarang, Jawa Tengah 50244, Indonesia",False,-6.9827666667,110.3277138889,raisha_aprillita,,cc-by-nc,1
Spathiphyllum wallisii,284040,396376710,https://www.inaturalist.org/observations/396376710,needs_id,2026-09-01,"Lakhipathar Block, Assam, India",False,27.349245,95.5041716667,rajibrudratariang,Rajib Rudra Tariang,cc-by-nc,1
Spathiphyllum wallisii,284040,396265029,https://www.inaturalist.org/observations/396265029,needs_id,2026-08-23,"H9GC+FR, Las Metalias, Atlántida, Honduras",False,15.5758259853,-87.6298756905,vinwin,Vincent W.,cc-by,3
Spathiphyllum wallisii,284040,395107468,https://www.inaturalist.org/observations/395107468,needs_id,2026-08-20,"Summit Road, Ayer Itam, Penang, MY",False,5.4156666667,100.2619866667,sainsrakyat,,cc-by-nc,2
Spathiphyllum wallisii,284040,394972222,https://www.inaturalist.org/observations/394972222,needs_id,2026-08-26,"Lida, BY-HR, BY",False,53.89044542,25.21390428,aliaksandarmialik,Aliaksandr Mialik,cc-by-nc,1
Spathiphyllum wallisii,284040,394616917,https://www.inaturalist.org/observations/394616917,needs_id,2026-08-26,"67RG+W2M, Kandang Limun, Kec. Muara Bangka Hulu, Kota Bengkulu, Bengkulu 38119, Indonesia",False,-3.75769627,102.27515455,dewi_jumiarni,,cc-by-nc,1
Spathiphyllum wallisii,284040,394427151,https://www.inaturalist.org/observations/394427151,needs_id,2026-08-23,"Tela, Atlántida, Honduras",False,15.5761334495,-87.6287860609,pandecoco,Noam Hernández Pagany,cc-by-nc,1
Spathiphyllum wallisii,284040,394406884,https://www.inaturalist.org/observations/394406884,needs_id,2026-08-25,"Calle Selvamar, Garabito, Puntarenas, CR",False,9.7,-84.6599366667,jmasis,,cc-by-nc,1
Spathiphyllum wallisii,284040,394044814,https://www.inaturalist.org/observations/394044814,needs_id,2026-08-23,"Keanae Arboretum Walk, Haiku, HI, US",False,20.8556716667,-156.1498111667,jeffyoung,Jeff Young,,1
Spathiphyllum wallisii,284040,393630103,https://www.inaturalist.org/observations/393630103,needs_id,2026-08-18,"Paraíso, CR-CA, CR",False,9.8279405997,-83.8364423,toby_quillin,Toby Quillin,,1
Spathiphyllum wallisii,284040,392785090,https://www.inaturalist.org/observations/392785090,needs_id,2026-08-19,"Girón, Santander, Colombia",False,7.0614345,-73.1681062,gabriel76156,Gabriel Quezada,cc-by-nc,1
Spathiphyllum wallisii,284040,392453412,https://www.inaturalist.org/observations/392453412,needs_id,2026-08-18,"Paraiso, Cartago, CR",False,9.827925,-83.8365783333,havin4,Havin Yang,cc-by-nc,1
Spathiphyllum wallisii,284040,392265141,https://www.inaturalist.org/observations/392265141,needs_id,2026-08-03,"Puntarenas, CR",False,10.2718633333,-84.8310166667,arachon,Frederik Leck Fischer,cc-by-nc,1
Spathiphyllum wallisii,284040,392250534,https://www.inaturalist.org/observations/392250534,needs_id,2026-08-18,"HVPX+V4J, Tandai, Solomon Islands",False,-9.4134596363,159.8976482637,jamespasihiru,JamesPasihiru,cc-by-nc,1
Spathiphyllum wallisii,284040,391993393,https://www.inaturalist.org/observations/391993393,needs_id,2026-08-17,"3WR3+GG, Zamboanga City, Zamboanga del Sur, Philippines",False,7.0912101,121.9043962,zia_jye,Zia Jye Andog,cc-by-nc,1
Spathiphyllum wallisii,284040,391150218,https://www.inaturalist.org/observations/391150218,needs_id,2026-08-14,Orlando,False,28.589515686,-81.3912353516,angelineguevara,,cc-by-nc,1
Spathiphyllum wallisii,284040,390660596,https://www.inaturalist.org/observations/390660596,needs_id,2026-08-06,"Pococi, Limon, CR",False,10.5500466667,-83.5077133333,lsalazar2310,Luis,cc-by-nc,2
Spathiphyllum wallisii,284040,390196722,https://www.inaturalist.org/observations/390196722,needs_id,2026-05-15,"Cat Hai, Hai Phong, VN",False,20.795555,106.9955883333,kendallstephan,,cc-by-nc,1
Spathiphyllum wallisii,284040,389810316,https://www.inaturalist.org/observations/389810316,needs_id,2026-08-09,"San Andres, Guatemala",False,17.5730299078,-90.6773047149,willfredochub,Willfredo Chub,cc-by-nc,2
Spathiphyllum wallisii,284040,388980934,https://www.inaturalist.org/observations/388980934,needs_id,2025-11-17,"Lake Drive, Central Province, LK",False,7.2684638947,80.5967672077,mint_purple_naturalist,наталья копылова,,1
Spathiphyllum wallisii,284040,387596415,https://www.inaturalist.org/observations/387596415,needs_id,2026-01-11,"Charlotte, St. Vincent und die Grenadinen",False,13.2075583333,-61.1877555556,anduck,Andreas Duckwe,cc-by-nc,1
Spathiphyllum wallisii,284040,387159156,https://www.inaturalist.org/observations/387159156,needs_id,2026-07-31,"Oropéndola, Liberia, Guanacaste, CR",False,10.7527813407,-85.3793447962,lilliap,,cc-by-nc,1
Spathiphyllum wallisii,284040,386849349,https://www.inaturalist.org/observations/386849349,needs_id,2026-07-30,"JJ9V+H3, Cantón El Cacique, El Salvador",False,13.6189562355,-89.3585017696,alexis17590,Alexis Mancia,cc-by-nc,1
Spathiphyllum wallisii,284040,386173356,https://www.inaturalist.org/observations/386173356,needs_id,2026-07-29,Bandung,False,-6.8572669029,107.6339416504,guentermoeller,,cc-by-nc,1
Spathiphyllum wallisii,284040,386150168,https://www.inaturalist.org/observations/386150168,needs_id,2026-07-28,"Provincia de Alajuela, Grecia, Costa Rica",False,10.1334228166,-84.2598503415,eugalde,EUgalde,cc-by-nc,1
Spathiphyllum wallisii,284040,386068269,https://www.inaturalist.org/observations/386068269,needs_id,2026-06-22,"Siquirres, Limón, Siquirres, Costa Rica",False,10.0576638889,-83.5480027778,dr_andreavannini,Andrea Vannini - Environmental Biologist,cc-by-nc-nd,2
Spathiphyllum wallisii,284040,385865686,https://www.inaturalist.org/observations/385865686,research,2025-04-26,"8937+RG, San José, Pérez Zeledón, Costa Rica",False,9.3034211,-83.6347881,ashlyk,Karina V,cc-by-nc,3
Spathiphyllum wallisii,284040,385709010,https://www.inaturalist.org/observations/385709010,needs_id,2026-07-27,"Abangares, CR-GU, CR",False,10.3385678375,-84.8016188832,bobavett,,cc-by-nc,1
Spathiphyllum wallisii,284040,385197309,https://www.inaturalist.org/observations/385197309,needs_id,2026-05-26,"Matutinao, Badian, Cebu, Philippines",False,9.8012581,123.3740566997,alexmclachlan,Alex,cc-by-nc,2
Spathiphyllum wallisii,284040,384999447,https://www.inaturalist.org/observations/384999447,needs_id,2026-07-25,"33VW+6GW, Nueva esperanza, El Paraíso, Honduras",False,14.09337775,-86.9029125167,andrea64550,Andrea Garcia,cc-by-nc,1
Spathiphyllum wallisii,284040,384784217,https://www.inaturalist.org/observations/384784217,needs_id,2026-07-25,"842C+79R, Abhepur, Haryana 122102, India",False,28.300145,77.11997,reena71577,Reena Shakya,cc-by-nc,1
Spathiphyllum wallisii,284040,384459773,https://www.inaturalist.org/observations/384459773,needs_id,2017-03-11,"Cahuita National Park, Talamanca, Limon, CR",False,9.7171649058,-82.8211380635,soulflower_ecological,,cc-by-nc,2
Spathiphyllum wallisii,284040,384326663,https://www.inaturalist.org/observations/384326663,needs_id,2025-09-17,"Manele Bay Rd, Lanai City, HI, US",False,20.7416616667,-156.89763,lee_jones1,Lee Jones,,1
Spathiphyllum wallisii,284040,383834834,https://www.inaturalist.org/observations/383834834,needs_id,2026-07-22,"Port Moresby National Capital District, Papua New Guinea",False,-9.4056399186,147.165880166,mavis78624,Mavis Viritia,cc-by-nc,1
Spathiphyllum wallisii,284040,383625632,https://www.inaturalist.org/observations/383625632,needs_id,2026-07-21,"Calle 37 Sur # 34-12, Zona 9, Envigado, Antioquia, Colombia",False,6.16725106,-75.58188117,amparo93053,Amparo URIBE,cc-by-nc,1
Spathiphyllum wallisii,284040,383623386,https://www.inaturalist.org/observations/383623386,needs_id,2026-07-21,"Calle 37 Sur # 34-12, Zona 9, Envigado, Antioquia, Colombia",False,6.16718432,-75.58192394,emiliano10621,Emiliano Berrío Tamayo,cc-by-nc,2
Spathiphyllum wallisii,284040,382027982,https://www.inaturalist.org/observations/382027982,needs_id,2026-07-16,"Calle 37 Sur # 34-12, Zona 9, Envigado, Antioquia, Colombia",False,6.1672735121,-75.5818423536,sharon_donella,Sharon Donella Barba Zapata,cc-by-nc,2
Spathiphyllum wallisii,284040,381639408,https://www.inaturalist.org/observations/381639408,needs_id,2026-07-15,"3Q66+38, Hanga-Hanga, Luwuk Selatan, Banggai Regency, Central Sulawesi 94713, Indonesië",False,-0.9394149,122.7622104,dorus2,dorus de knegt,,2
Spathiphyllum wallisii,284040,381239635,https://www.inaturalist.org/observations/381239635,needs_id,2026-07-13,"Universidade Federal de Sergipe, São Cristóvão, SE, BR",False,-10.9225783333,-37.1018638333,jameloca_com,,cc-by-nc,2
Spathiphyllum wallisii,284040,380692210,https://www.inaturalist.org/observations/380692210,research,2026-07-12,Maceo,False,6.5144791603,-74.7733078003,guadacata05,,cc-by-nc,1
Spathiphyllum wallisii,284040,380611240,https://www.inaturalist.org/observations/380611240,research,2013-10-17,"Limón Province, Pococí, Costa Rica",False,10.5710153173,-83.5205379152,jameswfh,James Heal,cc-by,1
Spathiphyllum wallisii,284040,378032838,https://www.inaturalist.org/observations/378032838,needs_id,2026-07-04,"Tabanan, ID-BA, ID",False,-8.376305,115.1420361667,leireperez,Leire,cc-by-nc,3
Spathiphyllum wallisii,284040,377904478,https://www.inaturalist.org/observations/377904478,needs_id,2026-07-04,"Tamayong, Davao City, Davao del Sur, Philippines",False,7.1394864392,125.3848151118,joerenz,Joerenz Placio,cc-by-nc,1
Spathiphyllum wallisii,284040,377386360,https://www.inaturalist.org/observations/377386360,needs_id,2026-07-02,"Tenani, Paranas, Samar, Philippines",False,11.8106408997,125.1612755997,calvin_beale,Calvin Beale,,3
Spathiphyllum wallisii,284040,377267419,https://www.inaturalist.org/observations/377267419,needs_id,2022-08-27,"Santa Cruz de Yojoa, Cortés, Honduras",False,14.9500150087,-88.0480719353,pandecoco,Noam Hernández Pagany,cc-by-nc,1
Spathiphyllum wallisii,284040,377232381,https://www.inaturalist.org/observations/377232381,needs_id,2026-07-01,"PQV3+3FC, Flores De Lean, Atlántida, Honduras",False,15.7434583333,-87.2454716667,aliciadiaz1124,Isa Diaz,cc-by-nc,3
Spathiphyllum wallisii,284040,377147407,https://www.inaturalist.org/observations/377147407,needs_id,2026-03-17,"Constanza, Dominican Republic",False,18.8294689822,-70.688606256,williamdreynolds,,cc-by-nc,1
Spathiphyllum wallisii,284040,376973818,https://www.inaturalist.org/observations/376973818,needs_id,2026-06-30,"Ces, Sarapiqui, Heredia, CR",False,10.4324383333,-84.0079027833,alex66412,Alex Ibarra,cc-by-nc,1
Spathiphyllum wallisii,284040,376357703,https://www.inaturalist.org/observations/376357703,needs_id,2026-06-28,"Sor, Sarapiqui, Heredia, CR",False,10.4272283333,-84.00235,shaytangen,Shayla Tangen,cc-by-nc,2
Spathiphyllum wallisii,284040,376333899,https://www.inaturalist.org/observations/376333899,needs_id,2026-06-28,"M63H+CRQ, Limón Province, Puerto Viejo de Talamanca, Costa Rica",False,9.6542825556,-82.7697525,leytonjfreid,Leyton Reid,cc-by-nc,4
Spathiphyllum wallisii,284040,376241746,https://www.inaturalist.org/observations/376241746,needs_id,2026-06-28,"Str, Sarapiqui, Heredia, CR",False,10.4304898815,-84.0065241502,gunnafindbigfoot,,cc-by-nc,1
Spathiphyllum wallisii,284040,375352373,https://www.inaturalist.org/observations/375352373,needs_id,2026-06-25,"Sor, Sarapiqui, Heredia, CR",False,10.427095,-84.00231945,zanderednaz,Zander,cc-by-nc,1
Spathiphyllum wallisii,284040,375208464,https://www.inaturalist.org/observations/375208464,needs_id,2026-06-25,"Phiva, 1358, South Africa",False,-25.6503271924,31.7770649493,boogiedlamini,Boogie,cc-by-nc,1
Spathiphyllum wallisii,284040,375170800,https://www.inaturalist.org/observations/375170800,needs_id,2026-06-25,"Chuchat Kamphu Road, Chatuchak District, Bangkok, TH",False,13.8479533333,100.5701616667,amonwan1,Amonwan SRISUWAN,cc-by-nc,1
Spathiphyllum wallisii,284040,375164220,https://www.inaturalist.org/observations/375164220,needs_id,2026-06-25,"Great Brak River, South Africa",False,-34.05201038,22.20584889,christoffel2,Christoffel Ludwick,cc-by-nc,1
Spathiphyllum wallisii,284040,374943194,https://www.inaturalist.org/observations/374943194,needs_id,2026-06-23,"Toledo, BZ",False,16.3689333333,-88.5083383333,iandavgold06,Ian Goldenberg,cc-by-nc,1
Spathiphyllum wallisii,284040,374738561,https://www.inaturalist.org/observations/374738561,needs_id,2024-01-22,"Bahía Solano, Choco, Colombia",False,6.2652777778,-77.3764916667,zacpeterson,Zac Peterson,cc-by,1
Spathiphyllum wallisii,284040,374639312,https://www.inaturalist.org/observations/374639312,research,2026-06-21,"Str, Sarapiqui, Heredia, CR",False,10.4305684204,-84.0070023925,gunnafindbigfoot,,cc-by-nc,1
Spathiphyllum wallisii,284040,374531181,https://www.inaturalist.org/observations/374531181,needs_id,2026-06-23,"4MH4+W55, Buhangin, Davao City, Davao del Sur, Philippines",False,7.12982219,125.65597595,mildred_honey,Mildred Honey Alviola,cc-by-nc,1
Spathiphyllum wallisii,284040,374403421,https://www.inaturalist.org/observations/374403421,needs_id,2026-06-21,"Vía 936, San Carlos, Alajuela, CR",False,10.429019377,-84.751628876,kassadeyrmaley,Kassadey Maley,cc-by-nc,1
Spathiphyllum wallisii,284040,374200728,https://www.inaturalist.org/observations/374200728,needs_id,2026-06-21,"Vía 142, Tilaran, Guanacaste, CR",False,10.5589083333,-84.963745,isabellasarna,Isabella Sarnacchiaro,cc-by-nc,1
Spathiphyllum wallisii,284040,374163419,https://www.inaturalist.org/observations/374163419,needs_id,2026-06-10,"Calle 9 Pedro Henríquez Ureña, Heredia, Heredia, CR",False,9.9990471677,-84.1121798405,emily62898,Emily Thompson,cc-by-nc,1
Spathiphyllum wallisii,284040,372749076,https://www.inaturalist.org/observations/372749076,needs_id,2026-06-17,"Calle Lapa, Turrubares, San Jose, CR",False,9.7284,-84.5186533333,emilyyy2006,,cc-by-nc,1
Spathiphyllum wallisii,284040,372509727,https://www.inaturalist.org/observations/372509727,needs_id,2026-06-16,"La Tebaida, Quindío, Colombia",False,4.4505411784,-75.7917249575,juan_88,juan_88,cc-by-nc,4
Spathiphyllum wallisii,284040,372500036,https://www.inaturalist.org/observations/372500036,needs_id,2026-06-16,"La Tebaida, Quindío, Colombia",False,4.4505448553,-75.7917246222,juan_88,juan_88,cc-by-nc,1
Spathiphyllum wallisii,284040,372335861,https://www.inaturalist.org/observations/372335861,needs_id,2026-06-16,"Peradeniya, Sri Lanka",False,7.2760648537,80.5927035166,kelumnature,Kelum Samarasena,cc-by-nc,1
Spathiphyllum wallisii,284040,372217612,https://www.inaturalist.org/observations/372217612,needs_id,2026-06-02,"Khumaltar, Lalitpur 44700, Nepal",False,27.6464987807,85.3233838556,jitucha,Jitendra Raj Bajracharya,cc-by-nc,1
Spathiphyllum wallisii,284040,372217609,https://www.inaturalist.org/observations/372217609,needs_id,2026-06-02,"Khumaltar, Lalitpur 44700, Nepal",False,27.6464945234,85.323399949,jitucha,Jitendra Raj Bajracharya,cc-by-nc,1
Spathiphyllum wallisii,284040,371142812,https://www.inaturalist.org/observations/371142812,needs_id,2026-06-12,"Tiarei, Hitiaʻa O Te Ra, French Polynesia",False,-17.5349277778,-149.4009694444,chilipossum,Cricket Raspet,cc-by,1
Spathiphyllum wallisii,284040,371112841,https://www.inaturalist.org/observations/371112841,research,2026-05-20,"Jawa Barat, ID",True,-6.9834045537,106.9047019818,lifaurum,Alifa,cc-by-nc,3
Spathiphyllum wallisii,284040,370418613,https://www.inaturalist.org/observations/370418613,research,2026-06-10,"Antigua Guatemala, Guatemala",False,14.5424396376,-90.712321037,austiinfrankliin,Austin,cc-by-nc,1
Spathiphyllum wallisii,284040,369953907,https://www.inaturalist.org/observations/369953907,needs_id,2026-06-06,"Jasmine Street, Baguio, Cordillera, PH",False,16.4036142547,120.5741719064,lanz5,Lanz Fider,cc-by-nc,1
Spathiphyllum wallisii,284040,368250847,https://www.inaturalist.org/observations/368250847,research,2026-05-25,,True,22.4920751112,114.1329834598,tchiu,Thomas.CYH,,3
Spathiphyllum wallisii,284040,367480478,https://www.inaturalist.org/observations/367480478,needs_id,2026-04-07,"Kubang, Kec. Talun, Kabupaten Cirebon, Jawa Barat, Indonesia",False,-6.7853082583,108.493555896,adelia57385,Adelia,cc-by-nc,1
Spathiphyllum wallisii,284040,367021541,https://www.inaturalist.org/observations/367021541,research,2026-05-29,"Parque Industrial, Vitória - ES, Brasil",False,-20.2580360479,-40.2604294301,frdomingos,@frd.jpge,cc-by-nc,1
Spathiphyllum wallisii,284040,366948071,https://www.inaturalist.org/observations/366948071,needs_id,2026-05-01,Hiep Thanh,False,11.8388414383,108.4261245728,puminh,,cc-by-nc,1
Spathiphyllum wallisii,284040,366856100,https://www.inaturalist.org/observations/366856100,needs_id,2026-05-30,"Antipolo City, PH-RI, PH",False,14.5947154642,121.1667428834,your_little_charlie,Sophia Charlize Perez,cc-by-nc,1
Spathiphyllum wallisii,284040,366063642,https://www.inaturalist.org/observations/366063642,needs_id,2026-05-28,"San Carlos, CR-AL, CR",False,10.4637622833,-84.6592941284,lulacsn,,cc-by-nc,1
Spathiphyllum wallisii,284040,365929624,https://www.inaturalist.org/observations/365929624,needs_id,2026-05-28,"H8G6+M6W, Motandoi, Pinolosian Timur, South Bolaang Mongondow Regency, North Sulawesi, Indonesia",False,0.5766848997,124.3106367997,zulqarnain_zuqi,,cc-by-nc,1
Spathiphyllum wallisii,284040,365872256,https://www.inaturalist.org/observations/365872256,needs_id,2026-05-27,"Honda, Tolima, Colombia",False,5.2074582632,-74.7406011075,gta2,Gta Baru,cc-by-nc,1
Spathiphyllum wallisii,284040,365611863,https://www.inaturalist.org/observations/365611863,needs_id,2026-05-26,"Parque Nacional El Boquerón, Santa Tecla, La Libertad, SV",False,13.7350083333,-89.2798083333,danielarenee,,cc-by-nc,2
Spathiphyllum wallisii,284040,364934581,https://www.inaturalist.org/observations/364934581,research,2026-05-24,"PR-191, Naguabo, PR, US",False,18.2564983337,-65.7932226323,jadenmorin7,,cc-by-nc,1
Spathiphyllum wallisii,284040,364302233,https://www.inaturalist.org/observations/364302233,needs_id,2026-05-23,"Trilha de Caminhada, Rio Branco, AC, BR",False,-9.9457853867,-67.8275537438,sarah_valeska,Sarah Valeska,cc-by-nc,1
Spathiphyllum wallisii,284040,364199441,https://www.inaturalist.org/observations/364199441,needs_id,2026-05-21,"Medellín, CO-AN, CO",False,6.2482222726,-75.6219901312,adriane28356,Adriane Alcid,cc-by-nc,1
Spathiphyllum wallisii,284040,364133537,https://www.inaturalist.org/observations/364133537,needs_id,2026-05-23,"Ciburial, Kec. Cimenyan, Kabupaten Bandung, Jawa Barat, Indonesia",False,-6.857565,107.62992,fitrotul1,fitrotul laeliyah,cc-by-nc,1
Spathiphyllum wallisii,284040,364035448,https://www.inaturalist.org/observations/364035448,needs_id,2026-05-22,"Horto dos Contos, Ouro Preto, MG, BR",False,-20.3857629236,-43.506925216,julio_fontenelle,Julio Fontenelle,,1
Spathiphyllum wallisii,284040,363983751,https://www.inaturalist.org/observations/363983751,needs_id,2026-01-02,"Parque das Aves - Av. das Cataratas, 12450 - KM 17,1 - Parque Nacional, Foz do Iguaçu - PR, 85859-899, Brasil",False,-25.6139228,-54.4825657,rstiuv,Roberto Stiuv,cc-by-nc,1
Spathiphyllum wallisii,284040,363173344,https://www.inaturalist.org/observations/363173344,needs_id,2026-05-19,"Puntarenas, CR-PU, CR",False,10.2987002037,-84.7898287109,bfhoward,Bethany Fajardo,cc-by-nc,1
Spathiphyllum wallisii,284040,363125530,https://www.inaturalist.org/observations/363125530,needs_id,2026-05-19,"San Carlos, CR-AL, CR",False,10.4699306488,-84.6427993774,krystal5280,Krystal Nicole,,1
Spathiphyllum wallisii,284040,362901705,https://www.inaturalist.org/observations/362901705,needs_id,2026-05-15,"Vía 237, Coto Brus, Puntarenas, CR",False,8.785354309,-82.9590033677,mylee_sienna,,cc-by-nc,1
Spathiphyllum wallisii,284040,362659826,https://www.inaturalist.org/observations/362659826,research,2026-05-18,"Wonosari, Kec. Ngaliyan, Kota Semarang, Jawa Tengah, Indonesia",False,-6.9824391389,110.3275394167,mutia47712,MUTIA AIZAHRANI,cc-by-nc,1
Spathiphyllum wallisii,284040,362518335,https://www.inaturalist.org/observations/362518335,needs_id,2026-05-17,"Avenida Jadwin, Colon, PA",False,9.1193888333,-79.6969533333,carls597,Lando C.,cc-by-nc,1
Spathiphyllum wallisii,284040,362488906,https://www.inaturalist.org/observations/362488906,needs_id,2026-03-09,"Central, Singapore",False,1.317525,103.81625,ludwig_muller,Ludwig Muller,,3
Spathiphyllum wallisii,284040,361989231,https://www.inaturalist.org/observations/361989231,needs_id,2026-05-16,"Comercial, Itatiaia - RJ, 27580-000, Brasil",False,-22.4369369075,-44.5193963405,graciete4,Graciete Marques,,1
Spathiphyllum wallisii,284040,361946224,https://www.inaturalist.org/observations/361946224,needs_id,2026-05-04,"Sariaya, Quezon, PH",False,13.901348428,121.4898016269,rowell6,Rowell Velonza,cc-by-nc,1
Spathiphyllum wallisii,284040,361744963,https://www.inaturalist.org/observations/361744963,research,2026-05-04,"San Gil, Santander, Colombia",False,6.5508370518,-73.1283309683,maria_valentina20171,Maria Valentina Rodriguez Forero,cc-by-nc,1
Spathiphyllum wallisii,284040,361515115,https://www.inaturalist.org/observations/361515115,needs_id,2026-05-12,"Colón, SV-LI, SV",False,13.6955509015,-89.3210624905,meflores111,,cc-by-nc,1
Spathiphyllum wallisii,284040,360858060,https://www.inaturalist.org/observations/360858060,needs_id,2026-02-14,"Heredia Province, Sarapiqui, Costa Rica",False,10.4292106819,-84.006090517,mani_raab,Manuel Raab,cc-by-nc,1
Spathiphyllum wallisii,284040,360544714,https://www.inaturalist.org/observations/360544714,needs_id,2026-05-09,"Jl. Sukoharjo, Losari, Sukoharjo, Kec. Ngaglik, Kabupaten Sleman, Daerah Istimewa Yogyakarta, Indonesia",False,-7.6973726,110.4297325,nafisashinta5,,cc-by-nc,1
Spathiphyllum wallisii,284040,359811631,https://www.inaturalist.org/observations/359811631,needs_id,2026-05-09,"Carretera Río Indio-El Valle de Anton, Anton's Valley, Cocle, PA",False,8.6212434528,-80.1396804502,kingscote159,,cc-by-nc,1
Spathiphyllum wallisii,284040,359459949,https://www.inaturalist.org/observations/359459949,needs_id,2026-04-02,"Jimenez, Lara, VE",False,9.7860856216,-69.5811638624,davidmor46,David Morales-Zambrano,,1
Spathiphyllum wallisii,284040,359140826,https://www.inaturalist.org/observations/359140826,needs_id,2026-05-07,"Monument Road, Central Province, LK",False,7.269099222,80.5968233713,babaji_ghewade,Dr Babaji Ghewade,cc-by-nc,1
Spathiphyllum wallisii,284040,357807204,https://www.inaturalist.org/observations/357807204,needs_id,2004-03-09,"Heredia Province, Sarapiqui, Costa Rica",False,10.4286116667,-84.005445,codiferous,Cody Hinchliff,cc-by,1
Spathiphyllum wallisii,284040,357552189,https://www.inaturalist.org/observations/357552189,needs_id,2026-04-30,"Calarcá, Quindío, CO",False,4.4917993694,-75.6861153082,betsysnow,Betsy Snow,cc-by-nc,1
Spathiphyllum wallisii,284040,357245659,https://www.inaturalist.org/observations/357245659,research,2026-01-04,"Rios y Canoas, Segunda oficina taquilla Parque el Gallineral, San Gil, Santander, Colombia",False,6.5507485,-73.1282601997,ricardo_solano,Ricardo Andres,cc-by-nc,3
Spathiphyllum wallisii,284040,357081370,https://www.inaturalist.org/observations/357081370,needs_id,2004-02-29,"Puntarenas Province, Monteverde, Costa Rica",False,10.3046966667,-84.8069,codiferous,Cody Hinchliff,cc-by,1
Spathiphyllum wallisii,284040,355149547,https://www.inaturalist.org/observations/355149547,needs_id,2026-04-27,"鴨涌馬路, 澳門, MO",False,22.2123939185,113.5420617371,ka_him2,KA HIM LAM,cc-by-nc,1
Spathiphyllum wallisii,284040,355149457,https://www.inaturalist.org/observations/355149457,needs_id,2026-04-27,"何賢紳士大馬路, 澳門, MO",False,22.2124068929,113.5419552884,ka_him2,KA HIM LAM,cc-by-nc,1
Spathiphyllum wallisii,284040,355035634,https://www.inaturalist.org/observations/355035634,needs_id,2026-04-22,"Heredia Province, Sarapiqui, Costa Rica",False,10.435098,-84.148842,oceanf,Ocean Fleskes,cc-by-nc,1
Spathiphyllum wallisii,284040,354299299,https://www.inaturalist.org/observations/354299299,needs_id,2026-03-10,"Ben Thanh, Ho Chi Minh, Vietnam",False,10.7687181452,106.6917794881,sucker69420,,cc-by,1
Spathiphyllum wallisii,284040,353961900,https://www.inaturalist.org/observations/353961900,needs_id,2026-04-23,"Red Frog Beach, Bastimentos Island, Bocas del Toro Province, Panama",False,9.337789866,-82.1788718449,alexanderkunde,Alexander Kunde,,1
Spathiphyllum wallisii,284040,353640632,https://www.inaturalist.org/observations/353640632,research,2026-04-25,"Av. Brg. Faria Lima, 3500 - Chácara Itaim, São Paulo - SP, 04538-081, Brasil",False,-23.5873395,-46.6826659,eduardo_sales1412,Eduardo Sales de Pieri,cc-by-nc,1
Spathiphyllum wallisii,284040,353465869,https://www.inaturalist.org/observations/353465869,needs_id,2026-04-25,"PV9Q+8RP, Vamanapuram, Kerala 695606, India",False,8.7182477971,76.8884534016,seema23391,Seema Suman,cc-by-nc,1
Spathiphyllum wallisii,284040,353319255,https://www.inaturalist.org/observations/353319255,needs_id,2026-04-25,"Viaduto de Avenida do Comendador Ho Yin, Macao, MO",False,22.2123166667,113.5420383333,tratra,,cc-by-nc,1
Spathiphyllum wallisii,284040,352951329,https://www.inaturalist.org/observations/352951329,needs_id,2026-04-24,"Rua Coronel Sazedas, Ribeirão Pires, SP, BR",False,-23.7102665375,-46.4061611828,lud_msouzaa,Ludmila M. Souza,,1
Spathiphyllum wallisii,284040,352931048,https://www.inaturalist.org/observations/352931048,research,2026-04-17,"Isla de Bastimentos, Bocas Del Toro, PA",False,9.3422783333,-82.1811616667,spourgitaki,,cc-by-nc,3
Spathiphyllum wallisii,284040,352402171,https://www.inaturalist.org/observations/352402171,research,2026-04-23,"Calle 4, San Lorenzo, PR, US",False,18.1846444107,-65.9543624577,andrea_s5,ANDREA S IZQUIERDO-DIAZ,cc-by-nc,1
Spathiphyllum wallisii,284040,352195016,https://www.inaturalist.org/observations/352195016,needs_id,2026-04-22,"Palapathwela - Galewela Road, Galewela, Central Province, LK",False,7.7534324461,80.5690681359,chathushi,Chathushi Lakshani,cc-by-nc,1
Spathiphyllum wallisii,284040,352028450,https://www.inaturalist.org/observations/352028450,needs_id,2022-07-18,"Heredia, Sarapiquí, Costa Rica",False,10.4311472203,-84.0052872851,eliastibax,Elias Tibax,,1
Spathiphyllum wallisii,284040,351927944,https://www.inaturalist.org/observations/351927944,needs_id,2026-04-22,"8HP, Colony, Sonkuchi, Barpeta, Ranga Pani, Assam 781314, India",False,26.3468246189,90.9956933185,merilinzesika,,cc-by-nc,2
Spathiphyllum wallisii,284040,351836936,https://www.inaturalist.org/observations/351836936,needs_id,2026-04-21,"San Ramon, Alajuela, CR",False,10.3292471663,-84.7181485367,vfinnerty,vfinnerty,,1
Spathiphyllum wallisii,284040,351311318,https://www.inaturalist.org/observations/351311318,needs_id,2026-04-19,"Q86W+FMG, Digos, Davao del Sur, Philippines",False,6.7613027778,125.3469111111,juhannie,Juhannie Flores,cc-by-nc,1
Spathiphyllum wallisii,284040,350855063,https://www.inaturalist.org/observations/350855063,research,2026-04-17,"Surampeta, Seetanagaram Mdl, Peddapavani, Railway Station Area, Seethanagaram, Vizianagaram, Andhra Pradesh 535003, India",False,18.1066488479,83.3955504745,aanisha,Aanisha Satapathy,,1
Spathiphyllum wallisii,284040,350440875,https://www.inaturalist.org/observations/350440875,research,2026-04-17,"Jawa, 馬格朗, 中爪哇, ID",False,-7.6112966667,110.2172166667,naturalist97222,陳靖芹,,2
Spathiphyllum wallisii,284040,349995539,https://www.inaturalist.org/observations/349995539,needs_id,2026-04-15,"Uttarakhand, IN",True,29.4254896481,78.960151293,mcnugget_97926,Siddharth,cc-by-nc,1
Spathiphyllum wallisii,284040,349884507,https://www.inaturalist.org/observations/349884507,research,2026-03-30,"Chocó, CO",False,5.6494500334,-77.4127190873,a_g_i_explora,"UNIRSE Alex,Garcia",cc-by-nc,1
Spathiphyllum wallisii,284040,349748661,https://www.inaturalist.org/observations/349748661,research,2026-03-02,Costa Rica,True,9.8903885496,-84.0797550245,mani_raab,Manuel Raab,cc-by-nc,1
Spathiphyllum wallisii,284040,349062641,https://www.inaturalist.org/observations/349062641,needs_id,2026-04-11,"Toledo, BZ",False,16.36643444,-88.79288263,ocelot4,,cc-by-nc,1
Spathiphyllum wallisii,284040,348937946,https://www.inaturalist.org/observations/348937946,research,2025-02-27,中国海南省万宁市,False,18.7953199,110.38975,ccliming,CC黎明,cc-by-nc,1
Spathiphyllum wallisii,284040,348760726,https://www.inaturalist.org/observations/348760726,research,2026-04-10,"Trujillo Alto, PR",False,18.3451756521,-65.9897359079,alexander_gonzalez5,Alexander Gonzalez,cc-by-nc,1
Spathiphyllum wallisii,284040,348623773,https://www.inaturalist.org/observations/348623773,research,2026-04-09,Vero Beach,False,27.6079158783,-80.381477356,ethandaman1,Ethan S,cc-by-nc,1
Spathiphyllum wallisii,284040,348499715,https://www.inaturalist.org/observations/348499715,research,2026-04-09,"W6JQ+38V, 170794 Mindo, Ecuador",False,-0.06869884,-78.76149516,fabricio19413,Fabricio Oñate,,1
Spathiphyllum wallisii,284040,348280821,https://www.inaturalist.org/observations/348280821,needs_id,2026-04-07,"Abangares, CR-GU, CR",False,10.34493184,-84.7954657,wadesexton,Wade Sexton,,1
Spathiphyllum wallisii,284040,347985427,https://www.inaturalist.org/observations/347985427,research,2026-04-06,"Calle Bosque Eterno de los Niños, San Carlos, Alajuela, CR",False,10.33082,-84.6048283333,kerrplunck,Eric Rasmussen,,1
Spathiphyllum wallisii,284040,347865312,https://www.inaturalist.org/observations/347865312,research,2026-04-06,"W3401, Corrientes, Argentina",False,-27.4646716667,-58.6651116667,maria_cristina_morales_1981,Maria Cristina Morales,cc-by-nc,1
Spathiphyllum wallisii,284040,347776272,https://www.inaturalist.org/observations/347776272,research,2025-07-10,"Alastair Mews, Beaconsfield, England, GB",False,51.6083151716,-0.6340054926,sharon_o_sullivan,Sharon O'Sullivan,cc-by-nc,1
Spathiphyllum wallisii,284040,347722897,https://www.inaturalist.org/observations/347722897,research,2026-01-05,"Sendero Tosi, Puntarenas, CR",False,10.3045383333,-84.7939916667,adlindsay,Alec Lindsay,cc-by-nc,4
Spathiphyllum wallisii,284040,347284964,https://www.inaturalist.org/observations/347284964,research,2026-03-28,"Central Province, LK",False,7.2692999782,80.5974044705,djrb,,,1
Spathiphyllum wallisii,284040,347021928,https://www.inaturalist.org/observations/347021928,needs_id,2026-04-03,"San Ramon, Alajuela, CR",False,10.4087144055,-84.597635844,tribilbo,,cc-by-nc,1
Spathiphyllum wallisii,284040,346930115,https://www.inaturalist.org/observations/346930115,needs_id,2026-03-25,"9JW6+RG9 Camp John Hay Park, Camp John Hay, Baguio, Benguet, Philippines",False,16.3970291363,120.6113598123,aishiteruaii_,Jan Aira Viado,cc-by-nc,2
Spathiphyllum wallisii,284040,346736557,https://www.inaturalist.org/observations/346736557,needs_id,2026-04-02,"Wonosari, Kec. Ngaliyan, Kota Semarang, Jawa Tengah, Indonesia",False,-6.9796212654,110.3189010546,fidellanindhita,Fidella Salsabila,cc-by-nc,1
Spathiphyllum wallisii,284040,346667015,https://www.inaturalist.org/observations/346667015,needs_id,2026-04-01,"García Moreno, Ecuador",False,0.241905,-78.6155242778,msmayorga2,Marilin Sofía Mayorga Viñas,cc-by-nc,1
Spathiphyllum wallisii,284040,346365074,https://www.inaturalist.org/observations/346365074,needs_id,2026-03-30,El Brasil,False,6.4094899795,-74.9433201179,william92947,William Restrepo,cc-by-nc,2
Spathiphyllum wallisii,284040,346144818,https://www.inaturalist.org/observations/346144818,needs_id,2026-03-30,"Chiang Kham Mai Road, Lak Si District, Bangkok, TH",False,13.8993168715,100.5589398782,sarapai_p,Sarapai Praharnkhasuk,cc-by-nc,1
Spathiphyllum wallisii,284040,345404126,https://www.inaturalist.org/observations/345404126,needs_id,2026-03-13,"Liceo de Cagayan University, Cagayan de Oro, Misamis Oriental, PH",False,8.4866,124.63977,khalil_sultan,Khalil Sultan,,1
Spathiphyllum wallisii,284040,345281593,https://www.inaturalist.org/observations/345281593,needs_id,2026-03-26,"M9P6+CQ, Necoclí, Antioquia, Colombia",False,8.6859446268,-76.6388138384,ronald43505,ronald berna,cc-by-nc,1
Spathiphyllum wallisii,284040,344882536,https://www.inaturalist.org/observations/344882536,needs_id,2024-05-03,"82G2+PRV, Muslimpatty, Barpeta, Assam 781301, India",False,26.3268724848,91.0020615533,hasina5,Hasina Ahmed,cc-by-nc,1
Spathiphyllum wallisii,284040,344870070,https://www.inaturalist.org/observations/344870070,needs_id,2026-03-16,"Alejandría, Antioquia, Colombia",False,6.3430271568,-75.0721663982,tomas58130,Tomas Velasquez Morales,cc-by-nc,1
Spathiphyllum wallisii,284040,344866870,https://www.inaturalist.org/observations/344866870,needs_id,2026-03-12,"Jawa, Kota Cirebon, Jawa Barat, ID",False,-6.744645,108.539895,hasnanurjihan3,,cc-by-nc,1
Spathiphyllum wallisii,284040,344842601,https://www.inaturalist.org/observations/344842601,research,2026-03-24,"RPG3+FPJ, Bokor, Pagedangan, Kec. Turen, Kabupaten Malang, Jawa Timur 65175, Indonesia",False,-8.1738174,112.7041834,ulfi_faizah,Ulfi Faizah,cc-by-nc,4
Spathiphyllum wallisii,284040,344640417,https://www.inaturalist.org/observations/344640417,research,2026-03-23,Baturiti,False,-8.2767400742,115.1659011841,miksolo,,cc-by-nc,1
Spathiphyllum wallisii,284040,344584978,https://www.inaturalist.org/observations/344584978,research,2026-03-21,"X953+WH7, Ciranjeng, Kec. Cingambul, Kabupaten Majalengka, Jawa Barat 45467, Indonesia",False,-7.0398555556,108.3538888889,amandariyanti,Amanda Riyanti,cc-by-nc,1
Spathiphyllum wallisii,284040,344559680,https://www.inaturalist.org/observations/344559680,research,2026-02-20,"56FW+MXV, Cicenang, Kec. Cigasong, Kabupaten Majalengka, Jawa Barat, Indonesia",False,-6.8257476294,108.2473693416,syahru_alhajj,,cc-by-nc,1
Spathiphyllum wallisii,284040,344538966,https://www.inaturalist.org/observations/344538966,needs_id,2026-03-22,,True,,,shacra,Tablet Aplle,cc-by-nc,2
Spathiphyllum wallisii,284040,344221076,https://www.inaturalist.org/observations/344221076,research,2024-12-12,"Ormoc-Jaro Road, Ormoc, Leyte, PH",False,11.0835638333,124.721275,autumnbeloved,May,cc-by-nc,1
Spathiphyllum wallisii,284040,344140157,https://www.inaturalist.org/observations/344140157,research,2026-03-21,Thailand,True,13.9862304741,100.5420641941,gorouu,Sirawit Mahitraporn,cc-by-nc,3
Spathiphyllum wallisii,284040,344029798,https://www.inaturalist.org/observations/344029798,needs_id,2026-03-20,"Bocas Del Toro, PA",False,9.300475,-82.0962,aazide,J. Wedel,cc-by-nc,3
Spathiphyllum wallisii,284040,343851595,https://www.inaturalist.org/observations/343851595,research,2026-03-19,"Caño Negro Trail, Abangares, Guanacaste, CR",False,10.3467666667,-84.7903533333,mondseeirrsee,Thomas Ebner,cc-by,3
Spathiphyllum wallisii,284040,343725521,https://www.inaturalist.org/observations/343725521,needs_id,2026-03-17,"Triangulo, Naga City, Camarines Sur, Philippines",False,13.6217508904,123.1928450682,eightkune,,cc-by-nc,1
Spathiphyllum wallisii,284040,343725520,https://www.inaturalist.org/observations/343725520,needs_id,2026-03-17,"Triangulo, Naga City, Camarines Sur, Philippines",False,13.6217539615,123.192841045,eightkune,,cc-by-nc,1
Spathiphyllum wallisii,284040,343725517,https://www.inaturalist.org/observations/343725517,needs_id,2026-03-17,"Triangulo, Naga City, Camarines Sur, Philippines",False,13.6217496766,123.1928437272,eightkune,,cc-by-nc,1
Spathiphyllum wallisii,284040,343680440,https://www.inaturalist.org/observations/343680440,needs_id,2026-03-14,"Barbalha - Ceará, Brazil",False,-7.3328715694,-39.4119024584,charlesavenengo,,cc-by-nc,1
Spathiphyllum wallisii,284040,343668935,https://www.inaturalist.org/observations/343668935,needs_id,2026-03-18,"Portobelo District, Colón Province, Panama",False,9.586675,-79.5770722222,lauren_bosch,Lauren Bosch,cc0,3
Spathiphyllum wallisii,284040,343651418,https://www.inaturalist.org/observations/343651418,research,2026-03-18,"San Carlos, CR-AL, CR",False,10.4752104,-84.6415267,fabricio91909,Fabricio Varela,cc-by-nc,3
Spathiphyllum wallisii,284040,343601570,https://www.inaturalist.org/observations/343601570,research,2026-03-18,"Kendalsari, Ngijo, Kec. Karang Ploso, Kabupaten Malang, Jawa Timur, Indonesia",False,-7.9075926,112.6159454997,ulfi_faizah,Ulfi Faizah,cc-by-nc,2
Spathiphyllum wallisii,284040,343472814,https://www.inaturalist.org/observations/343472814,research,2026-03-16,"Bocas Del Toro, PA",False,9.2934366667,-82.0906833333,aazide,J. Wedel,cc-by-nc,4
Spathiphyllum wallisii,284040,343320171,https://www.inaturalist.org/observations/343320171,needs_id,2026-03-08,"Calle Bóveda, Turrialba, Cartago, CR",False,9.8883583333,-83.6304466667,jess4589,Jessica Harker,,1
Spathiphyllum wallisii,284040,343189995,https://www.inaturalist.org/observations/343189995,needs_id,2026-03-15,"Samborondón, Guayas, EC",False,-2.0630694948,-79.8788351673,lperezwong,Luciana Pérez,cc-by-nc,2
Spathiphyllum wallisii,284040,342802581,https://www.inaturalist.org/observations/342802581,research,2026-03-13,"Rua Philipp Bauler, 2032-2100 - Itoupavazinha, Blumenau - SC, 89066-570, Brasil",False,-26.855517933,-49.1327647492,adrianaber,Adriana Bertoldi,cc-by-nc,1
Spathiphyllum wallisii,284040,342772925,https://www.inaturalist.org/observations/342772925,research,2026-03-13,"Rua Wilhelm Ramthun, Pomerode, SC, BR",False,-26.7385833333,-49.2123333333,annalauraevitor,,cc-by-nc,1
Spathiphyllum wallisii,284040,342608553,https://www.inaturalist.org/observations/342608553,research,2026-03-12,"Retiro, Antioquia, CO",False,6.1045512477,-75.4670926778,ivanna01,,cc-by-nc,1
Spathiphyllum wallisii,284040,342590308,https://www.inaturalist.org/observations/342590308,research,2026-03-12,"Rua Francisco Vahldieck, 1500 - Fortaleza, Blumenau - SC, 89056-090, Brasil",False,-26.872093,-49.0637223,eliceemily,Eliceemily Ferreira,cc-by-nc,1
Spathiphyllum wallisii,284040,342538140,https://www.inaturalist.org/observations/342538140,research,2026-03-12,"Chùa Tam Thai, Da Nang, Thành Phố Đà Nẵng, VN",False,16.0038388833,108.2619633333,fridadelateja,Frida De La Teja,cc-by-nc,1
Spathiphyllum wallisii,284040,342329096,https://www.inaturalist.org/observations/342329096,needs_id,2026-03-10,"San Carlos, Antioquia, Colombia",False,6.1551383333,-75.0565397222,jp-gutierrez,pao,cc-by-nc,1
Spathiphyllum wallisii,284040,342220180,https://www.inaturalist.org/observations/342220180,research,2026-03-10,"H4P2+W8W, Puthurvayal, Kerala 673577, India",False,11.5873235,76.100874,thara7,Thara P.T,cc-by-nc,1
Spathiphyllum wallisii,284040,342170317,https://www.inaturalist.org/observations/342170317,research,2026-03-06,"La Union, Atlántida, Honduras",False,15.6655580143,-87.001112115,ericvandenberghe,Eric van den Berghe,cc-by-nc,1
Spathiphyllum wallisii,284040,341817288,https://www.inaturalist.org/observations/341817288,research,2026-03-07,"Pavarando Grande, Mutatá, Antioquia, Colombia",False,7.277199,-76.561417,yeidis1,Maria José Terán Chávez,cc-by-nc,1
Spathiphyllum wallisii,284040,341606889,https://www.inaturalist.org/observations/341606889,research,2026-03-06,"Caño Negro Trail, Abangares, Guanacaste, CR",False,10.3468616667,-84.7905283333,jacqueline_weber,Jacqueline Weber,cc-by-nc,2
Spathiphyllum wallisii,284040,341603050,https://www.inaturalist.org/observations/341603050,research,2026-02-16,"Chigorodo, Chigorodó, Antioquia, Colombia",False,7.6645453336,-76.6774845868,yeniffer6,Yeniffer Escobar,cc-by-nc,1
Spathiphyllum wallisii,284040,341495624,https://www.inaturalist.org/observations/341495624,needs_id,2026-03-06,Mysuru,False,12.3030071259,76.6639709473,vmadhu0101,Madhu,cc-by-nc,1
Spathiphyllum wallisii,284040,341476916,https://www.inaturalist.org/observations/341476916,research,2026-03-04,"76, Sai Hills Colony, Kishan Bagh, Hyderabad, Telangana 500064, India",False,17.3563580089,78.4281640872,madhu_mithraa,Madhumithraa N R,,3
Spathiphyllum wallisii,284040,341464072,https://www.inaturalist.org/observations/341464072,needs_id,2026-03-05,"Cahuita, Limón Province, Talamanca, Costa Rica",False,9.723223,-82.8302335,danielgratler,Daniel Gratler,,2
Spathiphyllum wallisii,284040,341301707,https://www.inaturalist.org/observations/341301707,needs_id,2026-02-23,"Calle Agujitas, Osa, Puntarenas, CR",False,8.6895633333,-83.664895,andrewss22,,cc-by-nc,1
Spathiphyllum wallisii,284040,341225945,https://www.inaturalist.org/observations/341225945,needs_id,2026-01-27,"Jawa Tengah, ID",True,-7.1788216765,110.2567913612,guttedhay,Hay / Hayzel,cc-by-nc,7
Spathiphyllum wallisii,284040,341067188,https://www.inaturalist.org/observations/341067188,needs_id,2026-03-03,"Kunming, CN-YN, CN",False,24.9776668549,102.7933578491,liu-mingyu,觅虫记Liumingyu,cc-by-nc,1
Spathiphyllum wallisii,284040,340953324,https://www.inaturalist.org/observations/340953324,needs_id,2026-03-02,"5VWH+8MR, Ngembal Rejo, Ngembalrejo, Kec. Bae, Kabupaten Kudus, Jawa Tengah 59322, Indonesia",False,-6.8040901,110.8790442,jauharin,Jauharin Farda,,1
Spathiphyllum wallisii,284040,340946106,https://www.inaturalist.org/observations/340946106,needs_id,2026-03-02,"Calle 32BB, Medellín, Antioquia, CO",False,6.2357466667,-75.5996466667,laura65393,Laura Ceballos Gómez,cc-by-nc,1
Spathiphyllum wallisii,284040,340848232,https://www.inaturalist.org/observations/340848232,needs_id,2026-03-01,"Alejandría, Antioquia, Colombia",False,6.3421380556,-75.088395,derly_morales,Derly morales Torres,cc-by-nc,5
Spathiphyllum wallisii,284040,340835797,https://www.inaturalist.org/observations/340835797,needs_id,2026-02-24,"Stann Creek, Belize",False,16.826855,-88.3460916667,andygo1,"Andy Goerdel - Texas Master Naturalist, Good Water Chapter",cc-by-nc,2
Spathiphyllum wallisii,284040,340805250,https://www.inaturalist.org/observations/340805250,needs_id,2026-02-28,"Mutatá, Antioquia, Colombia",False,7.2753666667,-76.5594966667,antoniopuche,Antonio Cavadia,cc-by-nc,3
Spathiphyllum wallisii,284040,340669104,https://www.inaturalist.org/observations/340669104,needs_id,2026-02-28,"San Luis, CO-AN, CO",False,6.041355324,-74.9907446746,daiana_mongui,Daiana Marcela Mongui Marin,cc-by-nc,1
Spathiphyllum wallisii,284040,340419813,https://www.inaturalist.org/observations/340419813,needs_id,2026-02-27,"J528+JX7, Thekkady, Kumily, Kerala 685509, India",False,9.6008583625,77.1675640717,christophermgu,Christopher Guna,cc-by-nc,1
Spathiphyllum wallisii,284040,340159215,https://www.inaturalist.org/observations/340159215,needs_id,2026-02-21,"G8HM+F9, Chigorodó, Antioquia, Colombia",False,7.529035,-76.6649766667,yesica64415,yesica guzman,cc-by-nc,2
Spathiphyllum wallisii,284040,340087358,https://www.inaturalist.org/observations/340087358,needs_id,2026-02-21,"8GM7+VH Estacion Metereológica, Mutatá, Antioquia, Colombia",False,7.3344398844,-76.4863684773,dina93954,Dina Giraldo,cc-by-nc,3
Spathiphyllum wallisii,284040,339965637,https://www.inaturalist.org/observations/339965637,research,2026-02-23,"F6QW+W76, Guanacaste Province, Nuevo Arenal, Costa Rica",False,10.4901949997,-84.7545857,carterdorscht,Carter Dorscht,cc0,1
Spathiphyllum wallisii,284040,339957511,https://www.inaturalist.org/observations/339957511,research,2026-02-23,"Tierra Santa, Chigorodó, Antioquia, Colombia",False,7.7120445366,-76.7851363868,carlos_andres69781,Carlos Andrés Villalba ledesma,cc-by-nc,1
Spathiphyllum wallisii,284040,339783106,https://www.inaturalist.org/observations/339783106,research,2025-11-13,"Pérez Zeledón, San José, Costa Rica",False,9.40294811,-83.66925228,victorlena,Víctor González García,cc-by-nc,1
Spathiphyllum wallisii,284040,339656354,https://www.inaturalist.org/observations/339656354,research,2026-02-21,"M92Q+GH, Chigorodó, Antioquia, Colombia",False,7.6518433806,-76.6095599905,enny_susana,Enny Susana Cardona florez,cc-by-nc,1
Spathiphyllum wallisii,284040,339619736,https://www.inaturalist.org/observations/339619736,needs_id,2026-02-21,"86V2+2M5, Provincia de Guanacaste, Tilarán, Costa Rica",False,10.3418159,-84.7982855997,berndpanassiti,Bernd,cc-by-nc,1
Spathiphyllum wallisii,284040,339479649,https://www.inaturalist.org/observations/339479649,needs_id,2026-02-20,"Alejandría, Antioquia, Colombia",False,6.3758293143,-75.1417372003,jeseli2026,jeseli morales,cc-by-nc,1
Spathiphyllum wallisii,284040,339472780,https://www.inaturalist.org/observations/339472780,needs_id,2025-04-05,"Povoação, Azores, PT",False,37.7685966667,-25.332945,lidkaa1969,Lidia,cc-by-nc,1
Spathiphyllum wallisii,284040,339472743,https://www.inaturalist.org/observations/339472743,research,2025-04-05,"Povoação, Azores, PT",False,37.7688033333,-25.333525,lidkaa1969,Lidia,cc-by-nc,1
Spathiphyllum wallisii,284040,339143733,https://www.inaturalist.org/observations/339143733,research,2026-02-10,"Jóquei Clube - Jardim Botânico, Rio de Janeiro - RJ, 22470-051, Brazília",False,-22.970116,-43.2242809722,ratoslav,,cc-by-nc,1
Spathiphyllum wallisii,284040,338815030,https://www.inaturalist.org/observations/338815030,needs_id,2026-02-15,"Vía Boquete, Boquete, Chiriqui, PA",False,8.7742866667,-82.43283,ur6s77,,cc-by-nc,1
Spathiphyllum wallisii,284040,338555429,https://www.inaturalist.org/observations/338555429,needs_id,2026-02-14,"San Rafael, Antioquia, Colombia",False,6.2551130556,-75.0627483333,alexispamplona,duber alexis pamplona,cc-by-nc,4
Spathiphyllum wallisii,284040,338476136,https://www.inaturalist.org/observations/338476136,research,2010-01-04,"9VXJ+4V7, Heredia, Sarapiquí, Tirimbina, Costa Rica",False,10.3977977,-84.1178129,hfabian,Henry Fabian,cc0,1
Spathiphyllum wallisii,284040,338446221,https://www.inaturalist.org/observations/338446221,needs_id,2026-02-13,"14, Kabupaten Majalengka, West Java, ID",False,-7.0184635861,108.3707957127,ermahera,erma herawati,cc-by-nc,1
Spathiphyllum wallisii,284040,338386665,https://www.inaturalist.org/observations/338386665,research,2026-02-12,"Cahuita, Limón Province, Talamanca, Costa Rica",False,9.7192959851,-82.8210799769,agomund,Andreas Götte,cc-by-nc,1
Spathiphyllum wallisii,284040,338360564,https://www.inaturalist.org/observations/338360564,research,2026-02-12,"Bocas de Guapa, Chigorodó, Antioquia, CO",False,7.5269616667,-76.6648716667,luz23030,Luz Reyes,cc-by-nc,1
Spathiphyllum wallisii,284040,338339930,https://www.inaturalist.org/observations/338339930,research,2026-01-25,"Parati - État de Rio de Janeiro, 23970-000, Brésil",False,-23.1863861111,-44.779425,luzluz,,cc-by-nc,2
Spathiphyllum wallisii,284040,338203474,https://www.inaturalist.org/observations/338203474,research,2026-02-11,"Chigorodó, Antioquia, Colombia",False,7.6806516667,-76.7624813889,mildreye,Mildrey Escobar,cc-by-nc,2
Spathiphyllum wallisii,284040,338073689,https://www.inaturalist.org/observations/338073689,research,2026-02-07,"เซ็นทรัล, เขตปทุมวัน, กรุงเทพมหานคร, TH",False,13.7446366667,100.5450283333,natthanichap,Natthanicha Plodhet,cc-by-nc,2
Spathiphyllum wallisii,284040,338037441,https://www.inaturalist.org/observations/338037441,research,2026-02-05,"Chigorodó, Antioquia, Colombia",False,7.7002555556,-76.5566388889,franyer_bladimi,Franyer Bladimir Bailarin Bailarin,cc-by-nc,1
Spathiphyllum wallisii,284040,337987261,https://www.inaturalist.org/observations/337987261,needs_id,2026-02-08,"7 Kms De Puerto Viejo De Sarapiqui (Chilamate, S.), Costa Rica, Sarapiqui, Costa Rica",False,10.4512452,-84.0698849,essalazar,Elkin Sevilla,cc-by-nc,1
Spathiphyllum wallisii,284040,337915296,https://www.inaturalist.org/observations/337915296,needs_id,2026-02-07,"Abangares, Province de Guanacaste, CR",False,10.3158856059,-84.7950453452,odlc,,,1
Spathiphyllum wallisii,284040,337610348,https://www.inaturalist.org/observations/337610348,needs_id,2026-02-06,"urbanización Zungo Embarcadero Urbanización, Zungo Embarcadero, Carepa, Antioquia, Colombia",False,7.8468672971,-76.7388997972,katherin_yulieth,Katherin Yulieth Borja Montiel,cc-by-nc,1
Spathiphyllum wallisii,284040,337411398,https://www.inaturalist.org/observations/337411398,research,2026-01-20,"Kabupaten Karanganyar, Jawa Tengah, Indonesia",False,-7.658862,111.127167,apriliar,,cc-by-nc,1
Spathiphyllum wallisii,284040,337189051,https://www.inaturalist.org/observations/337189051,needs_id,2026-02-03,"Pasuruan 2, ID-JI, ID",False,-7.7336162281,112.6700057834,shofian_7a_31,shofian pratama,cc-by-nc,1
Spathiphyllum wallisii,284040,337162088,https://www.inaturalist.org/observations/337162088,needs_id,2026-02-02,"Calle Puerto Vargas, Talamanca, Limon, CR",False,9.73837,-82.8223633333,martinwettges,Martin W,cc-by-nc,3
Spathiphyllum wallisii,284040,337005972,https://www.inaturalist.org/observations/337005972,needs_id,2026-02-01,"3474+4J2 Noj Kaax H'Men Elijio Panti Forest Reserve, Seven Miles El Progresso, Belize",False,17.0467724372,-89.0599599201,victor21216,Victor Gamez,,2
Spathiphyllum wallisii,284040,336797086,https://www.inaturalist.org/observations/336797086,needs_id,2026-01-31,"Dusun Biting RT/RW :03/05, Seloliman, Kec. Trawas, Kabupaten Mojokerto, Jawa Timur 61385, Indonesia",False,-7.6077947,112.5855544,ulfi_faizah,Ulfi Faizah,cc-by-nc,6
Spathiphyllum wallisii,284040,336773265,https://www.inaturalist.org/observations/336773265,needs_id,2026-01-20,"C7QH+7JH Waleme Park, Halo, Ethiopia",False,6.4374880556,38.2790183889,tarie,,cc-by-nc,1
Spathiphyllum wallisii,284040,336723636,https://www.inaturalist.org/observations/336723636,needs_id,2026-01-27,"Bahía Solano, Choco, Colombia",False,6.1181611111,-77.425625,vonhooeydonk,Robert V Taylor,cc-by-nc,2
Spathiphyllum wallisii,284040,336717334,https://www.inaturalist.org/observations/336717334,needs_id,2026-01-30,"Juan de Salinas, Ruminahui, Pichincha, EC",False,-0.3495325015,-78.4264958042,camiisaltos,,cc-by-nc,1
Spathiphyllum wallisii,284040,336622314,https://www.inaturalist.org/observations/336622314,research,2026-01-29,"São João, Taquari - RS, 95860-000, Brasil",False,-29.8077436,-51.8550294,calkmann,,cc-by-nc,1
Spathiphyllum wallisii,284040,336215804,https://www.inaturalist.org/observations/336215804,needs_id,2026-01-25,"Eshowe, 3815, South Africa",False,-28.8896273415,31.4741788432,tanya_byrne,Tanya Byrne,,4
Spathiphyllum wallisii,284040,335861769,https://www.inaturalist.org/observations/335861769,needs_id,2026-01-23,"San Carlos, Antioquia, Colombia",False,6.2248712516,-74.8212075233,lizeth69962,Lizeth Lopez,cc-by-nc,1
Spathiphyllum wallisii,284040,335196816,https://www.inaturalist.org/observations/335196816,needs_id,2026-01-18,"Santa Cruz, Antipolo, 1870 Rizal, Philippines",False,14.5946380063,121.1677381396,krisjean,Krisjean Agcolicol,cc-by-nc,1
Spathiphyllum wallisii,284040,335189165,https://www.inaturalist.org/observations/335189165,needs_id,2025-01-18,"Kuranda Queensland 4881, Australien",False,-16.8236850417,145.6529560234,uwekozina,uwekozina,cc-by-nc,3
Spathiphyllum wallisii,284040,334514544,https://www.inaturalist.org/observations/334514544,needs_id,2025-12-23,"Hotel y Club Punta Leona, Playa Mantas Ingreso hacia la Recepción del Hotel y Club Punta Leona por calle adoquinada para nuestros socios y huéspedes, Puntarenas Province, Garabito, Costa Rica",False,9.7121175,-84.6369429,charliedoggett,Charlie Doggett,cc-by-nc,1
Spathiphyllum wallisii,284040,334272928,https://www.inaturalist.org/observations/334272928,research,2026-01-10,"Monteverde Ecological Sanctuary, Puntarenas, CR",False,10.3121298188,-84.8232209039,loopdeloop,,,1
Spathiphyllum wallisii,284040,334266301,https://www.inaturalist.org/observations/334266301,research,2026-01-10,"Gigante, Huila, Colombia",False,2.3863666667,-75.54855,david_achipis,Avistamiento de aves Gigante Huila,cc-by-nc,2
Spathiphyllum wallisii,284040,334125541,https://www.inaturalist.org/observations/334125541,research,2026-01-07,"Puntarenas, CR",False,10.3069616667,-84.8059166667,kristen_276,,cc0,1
Spathiphyllum wallisii,284040,334010646,https://www.inaturalist.org/observations/334010646,research,2025-09-21,"Córrego Grande, Florianópolis - SC, Brasil",False,-27.5998678914,-48.5147421867,cassia_lanz,Cássia Lanz,cc-by-nc,1
Spathiphyllum wallisii,284040,333881739,https://www.inaturalist.org/observations/333881739,needs_id,2025-05-19,"Nandivaram Guduvancheri, Tamil Nadu, IN",False,12.83143,80.0500805,anand14599,anand ramasamy,,1
Spathiphyllum wallisii,284040,333855390,https://www.inaturalist.org/observations/333855390,research,2026-01-07,La Fortuna,False,10.4785251617,-84.6402206421,kailey56,Kailey Carlson,,1
Spathiphyllum wallisii,284040,333833997,https://www.inaturalist.org/observations/333833997,needs_id,2026-01-05,"14/332 A, Elimbilery estate, kottappadi, Meppadi, Kottappadi part, Kerala 673577, India",False,11.5389121209,76.1080345139,akshaykumarindia,Akshay kumar R,cc-by-nc,4
Spathiphyllum wallisii,284040,333506130,https://www.inaturalist.org/observations/333506130,needs_id,2026-01-04,"Upala, Alajuela, CR",False,10.89137,-85.3246083333,mitchell3251,,cc-by-nc,1
Spathiphyllum wallisii,284040,333122007,https://www.inaturalist.org/observations/333122007,needs_id,2026-01-01,"Thandizwe, South Africa",False,-26.9908218783,32.7348043397,adelliebenberg,Adel Liebenberg,cc-by-nc,7
Spathiphyllum wallisii,284040,333089991,https://www.inaturalist.org/observations/333089991,needs_id,2025-12-27,"XWJC+C8C, Heredia Province, Santo Domingo, Costa Rica",False,9.9811583,-84.0794834997,isalukis,,cc-by-nc,1
Spathiphyllum wallisii,284040,332998856,https://www.inaturalist.org/observations/332998856,research,2026-01-01,"Rua Avedis Simonian, Guarujá, SP, BR",False,-24.0158298406,-46.2869878548,nereston-nelinho-camargo,Nereston (Nelinho) Camargo,cc-by-nc-sa,1
Spathiphyllum wallisii,284040,332874103,https://www.inaturalist.org/observations/332874103,research,2025-12-27,"Parque Nacional Carara, CR-PU-GA, CR-PU, CR",False,9.7765084393,-84.6060794232,saltyhiker,,cc-by,2
Spathiphyllum wallisii,284040,332688557,https://www.inaturalist.org/observations/332688557,research,2025-06-02,"Windsor Nature Park, Singapore, SG, SG",False,1.3607133333,103.8252033333,thirty_legs,,cc-by-nc,2
Spathiphyllum wallisii,284040,332295873,https://www.inaturalist.org/observations/332295873,research,2025-12-25,"Đạ Kho, Đạ Tẻh, Lâm Đồng, Vietnam",False,11.4339690653,107.433127311,joshua992,Joshua P,,1
Spathiphyllum wallisii,284040,332235072,https://www.inaturalist.org/observations/332235072,needs_id,2025-12-27,"RPCQ+864 Biausevu Waterfall, Fiji",False,-18.1814956,177.7377870997,squidney8,Connor Sydney (Squid),cc0,1
Spathiphyllum wallisii,284040,332233370,https://www.inaturalist.org/observations/332233370,needs_id,2025-12-27,"RPCQ+864 Biausevu Waterfall, Fiji",False,-18.1798506,177.7380511,squidney8,Connor Sydney (Squid),cc0,2
Spathiphyllum wallisii,284040,332192747,https://www.inaturalist.org/observations/332192747,research,2025-12-19,"Provincia de Puntarenas, Garabito, Costa Rica",False,9.776322,-84.606356,pilgrim123,pilgrim123,,2
Spathiphyllum wallisii,284040,332132432,https://www.inaturalist.org/observations/332132432,research,2025-12-23,"Mall of Qatar, Al Rayyan, Al Rayyan, QA",False,25.3269616667,51.3500216667,jdvega07,,cc-by-nc,1
Spathiphyllum wallisii,284040,332109670,https://www.inaturalist.org/observations/332109670,research,2025-12-26,"Pingtung, TW-TA, TW",False,22.508197784,120.6573109359,dafungfung,Dafungfung,cc-by-nc,1
Spathiphyllum wallisii,284040,332022500,https://www.inaturalist.org/observations/332022500,research,2025-12-23,"El Jardín de Mamá, 07035, El Higo, Provincia de Panamá Oeste, Panamá",False,8.4480286,-80.0366657,maria1890,Maria Janeiro,cc-by,1
Spathiphyllum wallisii,284040,331637036,https://www.inaturalist.org/observations/331637036,research,2025-12-22,"Alice Street Stop 102 at George St, Brisbane City QLD 4000, Australia",False,-27.4747939722,153.027972,gabedelatorre,Gabriel Enrique De-la-Torre,,1
Spathiphyllum wallisii,284040,331473486,https://www.inaturalist.org/observations/331473486,research,2025-12-20,"Encantado Trail, Abangares, Guanacaste, CR",False,10.347545,-84.7888033333,ceddl,Cedric,,1
Spathiphyllum wallisii,284040,331473107,https://www.inaturalist.org/observations/331473107,research,2025-12-20,"87RX+2W7 Children's Eternal Rainforest, Provincia de Puntarenas, San Ramón, Costa Rica",False,10.3475527778,-84.7887611111,gyross1,Leon,,1
Spathiphyllum wallisii,284040,331369771,https://www.inaturalist.org/observations/331369771,needs_id,2025-12-16,"Kasihan, Bantul Regency, Special Region of Yogyakarta, Indonesia",False,-7.813225,110.3313583333,ongzi,Ong Jyh Seng,cc-by,1
Spathiphyllum wallisii,284040,331157482,https://www.inaturalist.org/observations/331157482,research,2025-12-17,"4H2W+MP, Limón, Siquirres, Kostarika",False,10.1007697639,-83.401947543,jitkasterbova,Jitka Štěrbová,,1
Spathiphyllum wallisii,284040,331060388,https://www.inaturalist.org/observations/331060388,needs_id,2025-12-17,Kecamatan Siantar Barat,False,2.951281786,99.048034668,yttrixuwen,,cc-by-nc,1
Spathiphyllum wallisii,284040,331030937,https://www.inaturalist.org/observations/331030937,needs_id,2025-12-17,"Green School, Kabupaten Badung, Bali, ID",False,-8.566273909,115.2141979966,todd888,,cc-by-nc,1
Spathiphyllum wallisii,284040,331020693,https://www.inaturalist.org/observations/331020693,needs_id,2025-12-16,"Naturschutzgebiet Barra del Colorado, Barra del Colorado, Refugio Nacional de Vida Silvestre Barra del Colorado, Limón, 70206, Costa Rica",False,10.5813343856,-83.5276985541,gyross1,Leon,,1
Spathiphyllum wallisii,284040,330905031,https://www.inaturalist.org/observations/330905031,needs_id,2025-12-13,"San Ramón, CR-AL, CR",False,10.1367238769,-84.4755452872,madchen_gebhard,Mädchen Gebhard,cc-by-nc,1
Spathiphyllum wallisii,284040,330659983,https://www.inaturalist.org/observations/330659983,needs_id,2025-12-13,"Vía 606, Puntarenas, CR",False,10.32635,-84.8343716667,snifty,Pat Hall,cc-by,1
Spathiphyllum wallisii,284040,330629801,https://www.inaturalist.org/observations/330629801,needs_id,2025-12-13,"Parque Nacional Cahuita, CR-LI-TA, CR-LI, CR",False,9.7384830997,-82.8222142997,stephane72393,Stephane Razzon,cc-by-nc,1
Spathiphyllum wallisii,284040,330192112,https://www.inaturalist.org/observations/330192112,needs_id,2025-12-10,"San Luis, Antipolo, 1870 Rizal, Philippines",False,14.6033100167,121.2046244167,liza31447,Liza,,1
Spathiphyllum wallisii,284040,330093704,https://www.inaturalist.org/observations/330093704,needs_id,2025-12-06,"Bentong, Pahang, MY",False,3.4194366667,101.842025,irzzaharnieza,,cc-by-nc,1
Spathiphyllum wallisii,284040,330062398,https://www.inaturalist.org/observations/330062398,needs_id,2025-12-08,"Jardín, Antioquia, Colombia",False,5.5965392997,-75.8215009997,sharon_bieck,Sharon Bieck,,2
Spathiphyllum wallisii,284040,329837727,https://www.inaturalist.org/observations/329837727,needs_id,2025-12-06,"Cartago, Cartago, CR",False,9.774705,-83.921325,bbtyler,,cc-by-nc,1
Spathiphyllum wallisii,284040,329677457,https://www.inaturalist.org/observations/329677457,needs_id,2025-12-06,"Cikole, Lembang, West Bandung Regency, West Java, Indonesia",False,-6.7799537507,107.6349442452,vincent77688,Vincent Aiden,cc-by-nc,1
Spathiphyllum wallisii,284040,329115153,https://www.inaturalist.org/observations/329115153,research,2025-12-01,"Vila Cidade Industrial (Vila Xavier), Araraquara - SP, 14810-240, Brasil",False,-21.7740516667,-48.15607,siksqueira,,cc-by-nc,1
Spathiphyllum wallisii,284040,328895771,https://www.inaturalist.org/observations/328895771,research,2025-11-30,Santa Bárbara d'Oeste,False,-22.7422447205,-47.4880218506,fxzero,Bruno Favoreto,,1
Spathiphyllum wallisii,284040,328847808,https://www.inaturalist.org/observations/328847808,needs_id,2025-11-28,"馬德雷德迪奧斯省, PE",False,-12.659045,-71.26455,gomenwl,Gomen See,cc-by-nc,1
Spathiphyllum wallisii,284040,328847740,https://www.inaturalist.org/observations/328847740,research,2025-11-28,"馬德雷德迪奧斯省, PE",False,-12.6182528569,-71.3547612519,gomenwl,Gomen See,cc-by-nc,1
Spathiphyllum wallisii,284040,328535142,https://www.inaturalist.org/observations/328535142,research,2025-11-27,"Km 143.5 Carretera Matagalpa El Roblar, Comunidad La Grecia, San Ramón, Nicaragua",False,12.9657030079,-85.829885155,danielnaturalist,Daniel Torrez Lira,cc-by-nc,1
Spathiphyllum wallisii,284040,328380168,https://www.inaturalist.org/observations/328380168,research,2025-10-30,"Estación Biológica Las Cruces, 73-8257 San Vito, Puntarenas Province, San Vito, Coto Brus, 60801, Costa Rica",False,8.784118,-82.95988,shusterjane,,cc-by-nc,1
Spathiphyllum wallisii,284040,328360888,https://www.inaturalist.org/observations/328360888,needs_id,2025-11-23,"Santa Fe, Provincia de Veraguas, Panamá",False,8.7920096378,-81.0231781751,yoselin27565,Yoselin Miranda,cc-by-nc,1
Spathiphyllum wallisii,284040,327892868,https://www.inaturalist.org/observations/327892868,needs_id,2025-11-23,"Santiago, Provincia de Veraguas, Panamá",False,8.1001531742,-80.97924795,royer27,Royer Sabugara,cc-by-nc,1
Spathiphyllum wallisii,284040,327885415,https://www.inaturalist.org/observations/327885415,needs_id,2025-11-23,Antón,False,8.4366176397,-80.2950549871,ktaygarces,,cc-by-nc,1
Spathiphyllum wallisii,284040,327609653,https://www.inaturalist.org/observations/327609653,needs_id,2025-11-21,"Veraguas, PA",False,8.066948542,-80.9306380812,laylagonzalezthv,Layla González,cc-by-nc,1
Spathiphyllum wallisii,284040,327524379,https://www.inaturalist.org/observations/327524379,needs_id,2025-11-21,"El Espino, Canto del Llano, Provincia de Veraguas, Panamá",False,8.2111548343,-80.9551600367,luzmerypolanco,Luzmery Polanco Solano,cc-by-nc,1
Spathiphyllum wallisii,284040,327513511,https://www.inaturalist.org/observations/327513511,needs_id,2025-11-21,"Panamá, PA",False,8.937396217,-78.8779994816,bellanaza,bellanaza,cc-by-nc,1
Spathiphyllum wallisii,284040,327490907,https://www.inaturalist.org/observations/327490907,needs_id,2025-11-21,"Santa Clara, Provincia de Chiriquí, Panamá",False,8.8451583333,-82.7605944444,m_17-enjda,Mixtalia Palacis,cc-by-nc,1
Spathiphyllum wallisii,284040,325244290,https://www.inaturalist.org/observations/325244290,needs_id,2025-11-04,"Guapí, Cauca, Colombia",False,2.5719298759,-77.6898796572,ymontano123_,Montaño &amp;,cc-by-nc,3
Spathiphyllum wallisii,284040,324873208,https://www.inaturalist.org/observations/324873208,needs_id,2025-11-04,"Kottayam, IN-KL, IN",False,9.7984261765,76.5561949397,sarahgigi,Sarah Gigi,cc-by-nc,1
Spathiphyllum wallisii,284040,324651184,https://www.inaturalist.org/observations/324651184,needs_id,2025-10-16,"WWRH+32P, San José, San Francisco, Tournón, Costa Rica",False,9.9401540756,-84.0725555419,luiscaldera,Luis Caldera,cc-by-nc,5
Spathiphyllum wallisii,284040,324646752,https://www.inaturalist.org/observations/324646752,needs_id,2025-11-03,"Derwati, Derwati, Kec. Rancasari, Kota Bandung, Jawa Barat, Indonesia",False,-6.9689783333,107.68808,belva4,Belva Midaya,cc-by-nc,1
Spathiphyllum wallisii,284040,324401440,https://www.inaturalist.org/observations/324401440,needs_id,2025-06-17,"P44F+68X, Bilar, Bohol, Philippines",False,9.7056023,124.1233565,dave5hoar,,cc-by-nc,1
Spathiphyllum wallisii,284040,324379979,https://www.inaturalist.org/observations/324379979,needs_id,2025-11-01,"Martins Pena - Tijuca, Rio de Janeiro - RJ, 20271-061, Brasil",False,-22.9182189,-43.2191657,carlos_34189,Carlos Zanini,cc-by-nc,1
Spathiphyllum wallisii,284040,323968549,https://www.inaturalist.org/observations/323968549,needs_id,2025-10-30,"Ibabang Dupay, Lucena City, 4301 Quezon, Philippines",False,13.95129504,121.6226672,vien5,Vien Monteverde,cc-by-nc,1
Spathiphyllum wallisii,284040,323954315,https://www.inaturalist.org/observations/323954315,needs_id,2025-10-30,"Baru City, Tanjungkarang Timur, Bandar Lampung City, Lampung, Indonesia",False,-5.41813171,105.2702846,tiffany80864,Tiffany Valerie Antonius,cc-by-nc,1
Spathiphyllum wallisii,284040,323864837,https://www.inaturalist.org/observations/323864837,research,2025-10-28,"Kwai Tsing, Hong Kong",False,22.37567222,114.14141441,jackson_chu,Jackson W.F. Chu,cc-by-nc,1
Spathiphyllum wallisii,284040,323793736,https://www.inaturalist.org/observations/323793736,research,2024-10-30,"Maui County, US-HI, US",False,20.9053002577,-156.2432424167,amiransari,Amir Ansari,,1
Spathiphyllum wallisii,284040,323676118,https://www.inaturalist.org/observations/323676118,needs_id,2025-10-27,"W2QG+87Q, Provincia de Cartago, La Unión, Urb. Villa Hermosa, Costa Rica",False,9.9383781,-83.9744942,jenaro_campos,Jenaro Campos Zamora,cc-by-nc,1
Spathiphyllum wallisii,284040,323664873,https://www.inaturalist.org/observations/323664873,needs_id,2025-10-10,"Petite-Île 97429, La Réunion",False,-21.3586519025,55.5678601835,thierrycordenos,CORDENOS Thierry,cc-by-nc,2
Spathiphyllum wallisii,284040,322304438,https://www.inaturalist.org/observations/322304438,needs_id,2025-10-20,"Limón, CR",True,9.7626066788,-82.8883350323,falcofous,Emma,cc-by,2
Spathiphyllum wallisii,284040,322297806,https://www.inaturalist.org/observations/322297806,needs_id,2024-07-14,Costa Rica,True,10.3058089739,-84.7995784297,aaronbalam_tutor,Aaron Balam,,2
Spathiphyllum wallisii,284040,322296166,https://www.inaturalist.org/observations/322296166,needs_id,2025-10-20,"Autotransportes Mepe Bus Stop, Limón, Puerto Viejo de Talamanca, Costa Rica",False,9.6565307,-82.7558738,sabine337,Sabine Weidlich,,1
Spathiphyllum wallisii,284040,322232105,https://www.inaturalist.org/observations/322232105,needs_id,2025-10-21,"WVCX+4GJ Parque Topacio, San José Province, San José, Topacio, Costa Rica",False,9.9206228,-84.10112443,karinarsaenz,Karina Rodriguez Saenz,,1
Spathiphyllum wallisii,284040,322031926,https://www.inaturalist.org/observations/322031926,needs_id,2025-09-28,"Area 34, Lilongwe, Malawi",False,-13.9599251,33.8056354,bernardmbwana,Bernard Mbwana,,1
Spathiphyllum wallisii,284040,321939002,https://www.inaturalist.org/observations/321939002,needs_id,2025-10-19,"Santa Margarita, Medellín, Medellin, Antioquia, Colombia",False,6.2755679722,-75.6195289722,alejandra_susana_luciana_celeste_603,María Alejandra Campo Gómez,cc-by-nc,3
Spathiphyllum wallisii,284040,321680954,https://www.inaturalist.org/observations/321680954,needs_id,2025-10-18,"Apartadó, Antioquia, Colombia",False,7.9064925204,-76.7080584168,alexvillalupe,Alex Ortiz,cc-by-nc,1
Spathiphyllum wallisii,284040,321351142,https://www.inaturalist.org/observations/321351142,needs_id,2025-10-16,"WW98+723, San José, Cristo Rey, Costa Rica",False,9.9183322,-84.0850595,jenaro_campos,Jenaro Campos Zamora,cc-by-nc,2
Spathiphyllum wallisii,284040,321193571,https://www.inaturalist.org/observations/321193571,needs_id,2019-04-21,"Kumily, Kerala, India",False,9.6037025,77.1675208,naturallyvenky,Venky Ramaswamy,,1
Spathiphyllum wallisii,284040,320694811,https://www.inaturalist.org/observations/320694811,research,2019-12-01,"Alajuela Province, Alajuela, Costa Rica",False,10.058485,-84.1992466667,tresa,Tresa Moulton,cc-by-nc,1
Spathiphyllum wallisii,284040,320620619,https://www.inaturalist.org/observations/320620619,research,2025-10-13,"Avenida Paraopeba - Brumadinho, MG, 35460-000, Brasil",False,-20.1103361,-44.0492902,francisco-lcod,Francisco Lelis,cc0,1
Spathiphyllum wallisii,284040,320435078,https://www.inaturalist.org/observations/320435078,research,2025-10-12,"00001, Arboledas Santa Teresita, Cali, Valle del Cauca, Colombia",False,3.45073578,-76.57159384,katherin_alexandra,KATHERIN ALEXANDRA MARIN VALENCIA,cc-by-nc,1
Spathiphyllum wallisii,284040,319932425,https://www.inaturalist.org/observations/319932425,research,2025-07-12,"Semarang, Central Java, ID",False,-6.9830811968,110.4132288543,arditazaneta,,cc-by-nc,1
Spathiphyllum wallisii,284040,319377766,https://www.inaturalist.org/observations/319377766,needs_id,2023-06-13,"Mataiea, Teva I Uta, Polynésie française",False,-17.7600131702,-149.389478853,octavefargier,Octave Fargier,,1
Spathiphyllum wallisii,284040,319328760,https://www.inaturalist.org/observations/319328760,research,2025-10-07,"Gunung Leuser National Park, Kabupaten Langkat, Северная Суматра, ID",False,3.548595,98.1214055,ever_presenter,Maria Avdeeva,,1
Spathiphyllum wallisii,284040,319094155,https://www.inaturalist.org/observations/319094155,needs_id,2025-10-06,"29QH+9HR sir syed college botanical garden, Kerala 670142, India",False,12.0387863,75.3789412,shafeela,,cc-by-nc,1
Spathiphyllum wallisii,284040,318807448,https://www.inaturalist.org/observations/318807448,research,2025-09-20,"Zamorano, San Antonio De Oriente, Francisco Morazán, HN",False,14.0099222167,-87.009675,estefania95028,Estefania Arguero,cc-by-nc,3
Spathiphyllum wallisii,284040,318373266,https://www.inaturalist.org/observations/318373266,needs_id,2025-10-03,"加德满都谷地, गोकर्णेश्वर नगरपालिका, 巴格馬蒂專區, NP",False,27.7410211384,85.4631823306,yyehlw5160,葉麗文,,1
Spathiphyllum wallisii,284040,318174794,https://www.inaturalist.org/observations/318174794,needs_id,2025-09-18,"Heredia Province, Puerto Viejo de Sarapiqui, Costa Rica",False,10.456535,-84.0246883333,brandonbest,,cc-by-nc,1
Spathiphyllum wallisii,284040,318104382,https://www.inaturalist.org/observations/318104382,needs_id,2025-09-26,"Fusagasugá, CO-CU, CO",False,4.2802483333,-74.383935,castillo92905,Castillo Romero,cc-by-nc,1
Spathiphyllum wallisii,284040,317985848,https://www.inaturalist.org/observations/317985848,needs_id,2025-09-29,"San Rafael, Antioquia, Colombia",False,6.2951217031,-75.0278663635,heleneochjimmy,Helene Evertsson,cc-by-nc,1
Spathiphyllum wallisii,284040,317783153,https://www.inaturalist.org/observations/317783153,research,2025-09-30,4JCF+3FV ตำบล เกาะยาวน้อย อำเภอ เกาะยาว พังงา 82160 ประเทศไทย,False,8.1202467896,98.6239091679,spa12129_vwean,Phiyamon Chanjam,cc-by-nc,1
Spathiphyllum wallisii,284040,317719130,https://www.inaturalist.org/observations/317719130,needs_id,2025-09-30,"Ko Yao District, Phang Nga, TH",False,8.1202028333,98.6238716667,spa12125nansinee,,cc-by-nc,1
Spathiphyllum wallisii,284040,317169368,https://www.inaturalist.org/observations/317169368,research,2025-09-28,4JCF+4XP ตำบล เกาะยาวน้อย อำเภอ เกาะยาว พังงา 82160 ประเทศไทย,False,8.1202382778,98.6239166111,spa12014mrwhite,ทศวรรษ เชษฐพันธ์,cc-by-nc,1
Spathiphyllum wallisii,284040,316733328,https://www.inaturalist.org/observations/316733328,research,2025-09-25,"Calle La Lomita, Alajuela, Alajuela, CR",False,10.0582471667,-84.1991283333,str8snow,Derek Snow,cc-by-nc,1
Spathiphyllum wallisii,284040,316574076,https://www.inaturalist.org/observations/316574076,needs_id,2025-09-25,"XRR6+HCF Humedal de La Ribera, Heredia, Belén, Costa Rica",False,9.9914288777,-84.1889432073,victor_gonzalez2,Victor Gonzalez Cordero,,3
Spathiphyllum wallisii,284040,316230557,https://www.inaturalist.org/observations/316230557,research,2025-09-24,"Ko Yao District, Phang Nga, TH",False,8.1203528333,98.6239466667,spa12071saowanit,,cc-by-nc,2
Spathiphyllum wallisii,284040,315433289,https://www.inaturalist.org/observations/315433289,research,2025-09-20,"Calle 11, San Jose, San Jose, CR",False,9.9400883333,-84.0725028333,jennyheron,Jennifer Heron,cc-by,1
Spathiphyllum wallisii,284040,315358633,https://www.inaturalist.org/observations/315358633,research,2025-09-20,"Rua Ray Wesley Herrick, São Carlos, SP, BR",False,-21.9625649819,-47.9168598418,antonymarxiii,,cc-by-nc,1
Spathiphyllum wallisii,284040,315290222,https://www.inaturalist.org/observations/315290222,research,2025-08-22,"M36M+PJ3, Madakimala, Muttil North, Kerala 673122, India",False,11.6555693051,76.0929427296,ishani_jain_m_d,ISHANI JAIN M D,cc-by-nc,1
Spathiphyllum wallisii,284040,315166861,https://www.inaturalist.org/observations/315166861,needs_id,2025-09-01,"Kerala, India",False,10.5387042596,76.3025943496,advaith84301,Advaith C Alex,cc-by-nc,1
Spathiphyllum wallisii,284040,314804242,https://www.inaturalist.org/observations/314804242,research,2025-09-18,"Parque Recreativo Comfama Rionegro, Rionegro, Antioquia, CO",False,6.137871919,-75.3805034532,sofi_monsalve,Sofi Monsalve,cc-by-nc,1
Spathiphyllum wallisii,284040,314745577,https://www.inaturalist.org/observations/314745577,needs_id,2025-09-18,"Kota Semarang, ID-JT, ID",False,-6.9826754,110.3277545,resiana,RESIANA PASARIBU,cc-by-nc,1
Spathiphyllum wallisii,284040,314682208,https://www.inaturalist.org/observations/314682208,research,2025-09-08,"Bastimentos Island, Bocas del Toro Province, Panama",False,9.2977611117,-82.0867777783,atacamaphoto,Gerhard Hüdepohl,cc-by-nc,1
Spathiphyllum wallisii,284040,313948140,https://www.inaturalist.org/observations/313948140,research,2025-09-14,"Félix Bogado, Itapúa, PY",False,-27.0780055,-55.6463666667,edudose,,cc-by-nc,1
Spathiphyllum wallisii,284040,312779115,https://www.inaturalist.org/observations/312779115,research,2025-09-08,"Kabupaten Kolaka Utara, Southeast Sulawesi, ID",False,-3.6493,121.1170111667,carlosbocos,Carlos N. G. Bocos,,1
Spathiphyllum wallisii,284040,312366269,https://www.inaturalist.org/observations/312366269,research,2024-12-17,Costa Rica,True,10.3116121593,-84.7155675176,marcoacuna,Marco Acuña,cc-by-nc,2
Spathiphyllum wallisii,284040,311263460,https://www.inaturalist.org/observations/311263460,research,2025-09-03,"Eden, ZA-WC, ZA",False,-34.19978645,22.05318481,johangdanabaai,Johan Loots,cc-by-nc,1
Spathiphyllum wallisii,284040,310289935,https://www.inaturalist.org/observations/310289935,needs_id,2025-08-17,"Finca El Zapote, El Zapote, Escuintla, Guatemala",False,14.3904389027,-90.8768227085,cammie,Cameron Hartley,cc-by-nc,1
Spathiphyllum wallisii,284040,309989392,https://www.inaturalist.org/observations/309989392,research,2017-10-29,"WHQM+3C4, Prakkulam, Kerala 691602, India",False,8.9376295,76.5835705,kiranrajms,Kiranraj M S,cc-by-nc,1
Spathiphyllum wallisii,284040,309155695,https://www.inaturalist.org/observations/309155695,needs_id,2025-02-21,"Guatuso, Alajuela, CR",False,10.7002333333,-84.84542,bethbonemiller,bethbbonemiller,cc-by-nc,1
Spathiphyllum wallisii,284040,308623176,https://www.inaturalist.org/observations/308623176,research,2021-04-09,"Haiku, HI, US",False,20.90518,-156.243255,katiegj123,Katie Gjesdal,cc-by-nc,1
Spathiphyllum wallisii,284040,308543688,https://www.inaturalist.org/observations/308543688,needs_id,2019-03-21,"Calle Rancho Chico, Sarapiqui, Heredia, CR",False,10.4788133333,-84.0879888333,taylorevielou,Taylor Borden,cc-by-nc,1
Spathiphyllum wallisii,284040,308526902,https://www.inaturalist.org/observations/308526902,needs_id,2025-08-14,"Calle Puerto Vargas, Talamanca, Limon, CR",False,9.73778,-82.8230366667,nightfall101,Daniel Legend,cc-by-nc,1
Spathiphyllum wallisii,284040,308211797,https://www.inaturalist.org/observations/308211797,needs_id,2025-08-22,"Paraíso, CR-CA, CR",False,9.7973689749,-83.855401949,belen10015,Belén Godinez,cc-by-nc,1
Spathiphyllum wallisii,284040,307459290,https://www.inaturalist.org/observations/307459290,research,2025-03-12,India,True,19.1260876103,72.9906774328,anthophile,,cc-by-nc,1
Spathiphyllum wallisii,284040,307158672,https://www.inaturalist.org/observations/307158672,needs_id,2025-08-14,"Parque Nacional Cahuita, CR-LI-TA, CR-LI, CR",False,9.7377916667,-82.8230583333,clarissa85,Clarissa Tching,,1
Spathiphyllum wallisii,284040,306466492,https://www.inaturalist.org/observations/306466492,needs_id,2025-08-14,"Calle Puerto Vargas, Talamanca, Limon, CR",False,9.7378333333,-82.8230883333,zoei1,Zoei Toh,,1
Spathiphyllum wallisii,284040,306463212,https://www.inaturalist.org/observations/306463212,research,2025-08-14,"Cahuita National Park, Talamanca, Limon, CR",False,9.738355,-82.82235,ellie_k,,cc-by-nc,1
Spathiphyllum wallisii,284040,306403637,https://www.inaturalist.org/observations/306403637,research,2025-08-14,"Cahuita National Park, Talamanca, Limon, CR",False,9.7378533333,-82.8229533333,elizabethbaldwin,Elizabeth Baldwin,,2
Spathiphyllum wallisii,284040,306395074,https://www.inaturalist.org/observations/306395074,research,2025-08-14,"Limón, Talamanca, Costa Rica",False,9.7378972222,-82.8228833333,kayalexrho,,cc-by-nc,1
Spathiphyllum wallisii,284040,306391569,https://www.inaturalist.org/observations/306391569,research,2025-08-14,"Cahuita National Park, Talamanca, Limon, CR",False,9.737775,-82.8230583333,ellieemde,,cc-by-nc,1
Spathiphyllum wallisii,284040,306382398,https://www.inaturalist.org/observations/306382398,needs_id,2025-08-14,"Cahuita National Park, Talamanca, Limon, CR",False,9.73778,-82.8231416667,aet022,Abby Tching,,2
Spathiphyllum wallisii,284040,306317571,https://www.inaturalist.org/observations/306317571,needs_id,2025-08-08,"Monteverde Cloud Forest Reserve, Puntarenas, CR",False,10.3057833333,-84.7938216667,mattstanton,,cc-by-nc,1
Spathiphyllum wallisii,284040,306102416,https://www.inaturalist.org/observations/306102416,needs_id,2025-08-13,"Parque Nacional Cahuita, CR-LI-TA, CR-LI, CR",False,9.724411335,-82.8189449407,jeffoglesby,Jeff Oglesby,,1
Spathiphyllum wallisii,284040,305948685,https://www.inaturalist.org/observations/305948685,needs_id,2025-08-12,"Pococí, CR-LI, CR",False,10.5922116667,-83.5262966667,mashields,,cc-by-nc,1
Spathiphyllum wallisii,284040,305943128,https://www.inaturalist.org/observations/305943128,needs_id,2025-08-13,"Truong Sa, Da Nang, Da Nang, VN",False,16.0095057945,108.264499298,mbbryant,,cc-by-nc,1
Spathiphyllum wallisii,284040,305694489,https://www.inaturalist.org/observations/305694489,needs_id,2025-08-11,"Pococi, Limon, CR",False,10.5374116667,-83.50335,dcallender,,cc-by-nc,1
Spathiphyllum wallisii,284040,305376850,https://www.inaturalist.org/observations/305376850,needs_id,2025-08-10,Costa Rica,False,9.748917,-83.753428,amdestiche,,cc-by-nc,1
Spathiphyllum wallisii,284040,305245436,https://www.inaturalist.org/observations/305245436,needs_id,2025-08-05,"Calle Gandoca, Talamanca, Limon, CR",False,9.5873033333,-82.6084533333,wendy_from_zoom,,,1
Spathiphyllum wallisii,284040,304960467,https://www.inaturalist.org/observations/304960467,needs_id,2025-08-08,"Mistico Park, San Carlos, Alajuela, CR",False,10.4900833333,-84.754355,ellie_k,,cc-by-nc,1
Spathiphyllum wallisii,284040,304885872,https://www.inaturalist.org/observations/304885872,needs_id,2025-08-08,"Mistico Park, San Carlos, Alajuela, CR",False,10.4900916667,-84.7543866667,anderson_luellen,Anderson Luellen,cc-by-nc,1
Spathiphyllum wallisii,284040,304884464,https://www.inaturalist.org/observations/304884464,needs_id,2025-07-16,广西壮族自治区南宁市青秀区万寿观音禅寺,False,22.7896741707,108.3893825859,tkail,,cc-by-nc,2
Spathiphyllum wallisii,284040,304874514,https://www.inaturalist.org/observations/304874514,needs_id,2025-08-08,"Mistico Park, San Carlos, Alajuela, CR",False,10.4900533333,-84.7547383333,clarissa85,Clarissa Tching,,3
Spathiphyllum wallisii,284040,304840968,https://www.inaturalist.org/observations/304840968,needs_id,2025-08-08,"Calle Sangregado, San Carlos, Alajuela, CR",False,10.490075,-84.7543716667,dcallender,,cc-by-nc,1
Spathiphyllum wallisii,284040,304840638,https://www.inaturalist.org/observations/304840638,research,2025-08-08,"Calle Sangregado, San Carlos, Alajuela, CR",False,10.49007,-84.7543716667,kayalexrho,,cc-by-nc,1
Spathiphyllum wallisii,284040,304840007,https://www.inaturalist.org/observations/304840007,research,2025-08-08,"Calle Sangregado, San Carlos, Alajuela, CR",False,10.4900116667,-84.7542583333,mashields,,cc-by-nc,1
Spathiphyllum wallisii,284040,304837261,https://www.inaturalist.org/observations/304837261,research,2025-08-08,"Calle Sangregado, San Carlos, Alajuela, CR",False,10.4900833333,-84.754355,abigail_nitae,,cc-by-nc,1
Spathiphyllum wallisii,284040,304808572,https://www.inaturalist.org/observations/304808572,needs_id,2025-08-08,"San Carlos, CR-AL, CR",False,10.49005,-84.754425,luke_singletary,,cc-by-nc,2
Spathiphyllum wallisii,284040,303963237,https://www.inaturalist.org/observations/303963237,research,2025-07-31,"Quebrada Cuecha, Puntarenas, CR",False,10.3055666667,-84.794,nightfall101,Daniel Legend,cc-by-nc,2
Spathiphyllum wallisii,284040,303666020,https://www.inaturalist.org/observations/303666020,research,2025-08-03,"San Isidro, Alajuela Province, Alajuela, Costa Rica",False,10.0956972222,-84.1912972222,tjlyons,Tanner Lyons,cc-by-nc,1
Spathiphyllum wallisii,284040,303566309,https://www.inaturalist.org/observations/303566309,research,2025-08-02,"Lolá, Provincia de Veraguas, Panamá",False,8.0914568155,-81.4756101742,raquelcerrud_,Raquel Cerrud,cc-by-nc,3
Spathiphyllum wallisii,284040,302776641,https://www.inaturalist.org/observations/302776641,research,2025-07-31,"San Ramon, Alajuela, CR",False,10.2772807001,-84.6574483272,dinosaurman97,,cc-by-nc,1
Spathiphyllum wallisii,284040,302721742,https://www.inaturalist.org/observations/302721742,needs_id,2025-07-31,"Monteverde Cloud Forest Reserve, Puntarenas, CR",False,10.299105,-84.7903216667,aet022,Abby Tching,,2
Spathiphyllum wallisii,284040,302716782,https://www.inaturalist.org/observations/302716782,research,2025-07-31,"Quebrada Cuecha, Puntarenas, CR",False,10.30548,-84.794105,dcallender,,cc-by-nc,1
Spathiphyllum wendlandii,564707,344917249,https://www.inaturalist.org/observations/344917249,needs_id,2026-03-17,"Limón, CR",True,10.1790305635,-83.2273112923,njweess,,cc-by-nc,1
Spathiphyllum wendlandii,564707,344915742,https://www.inaturalist.org/observations/344915742,needs_id,2026-03-17,"Limón, CR",True,10.0516450031,-83.276963065,njweess,,cc-by-nc,1
Spathiphyllum wendlandii,564707,280768741,https://www.inaturalist.org/observations/280768741,research,2025-05-12,"Limón, Matina, Costa Rica",False,10.0228528223,-83.3595657363,hannes_beek,Hanneke van der Beek,,1
Spathiphyllum wendlandii,564707,261574106,https://www.inaturalist.org/observations/261574106,needs_id,2025-02-12,"Buenos Aires, Puntarenas, CR",False,9.0112777833,-83.4803616667,lostincr,LostInCR,,2
Spathiphyllum wendlandii,564707,261504687,https://www.inaturalist.org/observations/261504687,needs_id,2025-02-12,"Buenos Aires, Puntarenas, CR",False,9.0112777833,-83.4803616667,lostincr,LostInCR,,2
Spathiphyllum wendlandii,564707,254536534,https://www.inaturalist.org/observations/254536534,needs_id,2004-10-19,"Provincia de Guanacaste, Tilarán, Costa Rica",False,10.3428688528,-84.7904634475,odenwaelder,odenwaelder,cc-by-nc,1
Spathiphyllum wendlandii,564707,227146444,https://www.inaturalist.org/observations/227146444,needs_id,2024-07-02,"Provincia de Puntarenas, Puerto Jiménez, Costa Rica",False,8.413613,-83.322466,leo_alvalc,Leonardo Álvarez-Alcázar,cc-by-nc,1
Spathiphyllum wendlandii,564707,225131882,https://www.inaturalist.org/observations/225131882,needs_id,2024-06-19,"Str, Sarapiqui, Heredia, CR",False,10.4364166667,-84.009475,audreyhawk,Audrey Hawkins,cc-by-nc,3
Spathiphyllum wendlandii,564707,224011182,https://www.inaturalist.org/observations/224011182,needs_id,2024-06-20,"Sarapiqui, Heredia, CR",False,10.4252166667,-84.00169445,haden_miller1,Haden Miller,,1
Spathiphyllum wendlandii,564707,223989107,https://www.inaturalist.org/observations/223989107,needs_id,2024-06-19,"Str, Sarapiqui, Heredia, CR",False,10.436495,-84.00960555,benp82,Ben,cc-by-nc,4
Spathiphyllum wendlandii,564707,223920246,https://www.inaturalist.org/observations/223920246,needs_id,2024-06-19,"Str, Sarapiqui, Heredia, CR",False,10.4364916667,-84.00961945,rmhernandez,Rogelio Hernandez,cc-by-nc,3
Spathiphyllum wendlandii,564707,223442430,https://www.inaturalist.org/observations/223442430,research,2024-06-14,"Matina, Limón, Matina, Costa Rica",False,10.0130078094,-83.3592538163,hannes_beek,Hanneke van der Beek,,2
Spathiphyllum wendlandii,564707,221185967,https://www.inaturalist.org/observations/221185967,research,2024-06-07,"Osa, Puntarenas, CR",False,8.74913,-83.3617033333,lostincr,LostInCR,,4
Spathiphyllum wendlandii,564707,172366971,https://www.inaturalist.org/observations/172366971,needs_id,2023-07-11,"Osa, CR-PU, CR",False,8.6858643997,-83.5684674,rp_r5,RP R5,,1
Spathiphyllum wendlandii,564707,147297299,https://www.inaturalist.org/observations/147297299,needs_id,2023-01-24,"Buenos Aires, Puntarenas, CR",False,9.0231305,-83.4806966667,lostincr,LostInCR,,3
Spathiphyllum wendlandii,564707,96329111,https://www.inaturalist.org/observations/96329111,research,2021-05-06,"Vásquez de Coronado, San José, CR",False,10.1848556659,-83.9455280047,gared,Gared Rodríguez,,3
Spathiphyllum wendlandii,564707,75441199,https://www.inaturalist.org/observations/75441199,needs_id,2019-03-24,"Provinz Puntarenas, Costa Rica",False,8.7028601718,-83.2079443305,gerrit_oehm,Gerrit Öhm,cc-by-nc,1
Spathiphyllum wendlandii,564707,66806996,https://www.inaturalist.org/observations/66806996,needs_id,2020-12-19,"Provincia de Puntarenas, Rancho Quemado, Costa Rica",False,8.6845599063,-83.5658831522,arleth_rodriguez,Nuria Ureña,,1
Spathiphyllum wendlandii,564707,54689734,https://www.inaturalist.org/observations/54689734,needs_id,2007-01-07,"Región Autónoma de la Costa Caribe Sur, Nicaragua",False,12.2216585527,-83.7463368568,carolina355,Carolina Coronado,,1
Spathiphyllum wendlandii,564707,41303486,https://www.inaturalist.org/observations/41303486,research,2020-02-27,"Piedras Blancas, Golfito, Puntarenas, Costa Rica",False,8.6990361111,-83.3286055556,stevendaniel,Steven Daniel,cc-by-nc,1
Spathiphyllum wendlandii,564707,29723508,https://www.inaturalist.org/observations/29723508,research,2019-07-19,"Santa Fe District, Panama",False,8.5777027778,-81.0391361111,selvadero2,Dave Skinner,cc-by-nc,2
Spathiphyllum wendlandii,564707,20021264,https://www.inaturalist.org/observations/20021264,needs_id,2016-06-03,"Provincia de Puntarenas, Monteverde, Costa Rica",False,10.3423816508,-84.7970162698,etantrah,Nate Hartley,cc-by-nc,3
Spathiphyllum wendlandii,564707,20021255,https://www.inaturalist.org/observations/20021255,needs_id,2016-06-03,"Provincia de Puntarenas, Monteverde, Costa Rica",False,10.3423816508,-84.7970162698,etantrah,Nate Hartley,cc-by-nc,4
Spathiphyllum wendlandii,564707,10529378,https://www.inaturalist.org/observations/10529378,needs_id,2016-07-18,"Heredia Province, Sarapiqui, Costa Rica",False,10.4335762793,-84.010432139,etantrah,Nate Hartley,cc-by-nc,6
Spathiphyllum wendlandii,564707,7468146,https://www.inaturalist.org/observations/7468146,research,2015-01-15,"Heredia Province, Sarapiqui, Costa Rica",False,10.423,-84.002,jasondombroskie,Jason J. Dombroskie,cc-by-nc,2
Spathiphyllum wendlandii,564707,5546159,https://www.inaturalist.org/observations/5546159,research,2017-03-14,"Abangares, CR-GU, CR",False,10.3437251179,-84.7955400311,soulflower_ecological,,cc-by-nc,4
